study_key,dicom_path,label,label_group,predicted_status,ground_truth_status,match_type,is_true_positive,is_false_positive,is_false_negative,is_true_negative
patient00003/study1,patient00003/study1/view1_frontal.dcm,Atelectasis,disease,absent,absent,exact,0,0,0,1
patient00003/study1,patient00003/study1/view1_frontal.dcm,Cardiomegaly,disease,absent,absent,exact,0,0,0,1
patient00003/study1,patient00003/study1/view1_frontal.dcm,Consolidation,disease,absent,absent,exact,0,0,0,1
patient00003/study1,patient00003/study1/view1_frontal.dcm,Edema,disease,absent,present,mismatch,0,0,1,0
patient00003/study1,patient00003/study1/view1_frontal.dcm,Pleural Effusion,disease,absent,absent,exact,0,0,0,1
patient00003/study1,patient00003/study1/view1_frontal.dcm,Pneumonia,disease,absent,absent,exact,0,0,0,1
patient00003/study1,patient00003/study1/view1_frontal.dcm,Pneumothorax,disease,absent,absent,exact,0,0,0,1
patient00003/study1,patient00003/study1/view1_frontal.dcm,Fracture,disease,absent,absent,exact,0,0,0,1
patient00003/study1,patient00003/study1/view1_frontal.dcm,Lung Lesion,disease,absent,absent,exact,0,0,0,1
patient00003/study1,patient00003/study1/view1_frontal.dcm,Lung Opacity,disease,uncertain,absent,partial,0,0,0,1
patient00003/study1,patient00003/study1/view1_frontal.dcm,Enlarged Cardiomediastinum,disease,absent,absent,exact,0,0,0,1
patient00003/study1,patient00003/study1/view1_frontal.dcm,Pleural Other,disease,absent,absent,exact,0,0,0,1
patient00003/study1,patient00003/study1/view1_frontal.dcm,Support Devices,non_disease,uncertain,present,partial,0,0,1,0
patient00003/study1,patient00003/study1/view1_frontal.dcm,No Finding,non_disease,absent,absent,exact,0,0,0,1
patient00009/study1,patient00009/study1/view1_frontal.dcm,Atelectasis,disease,present,uncertain,partial,0,1,0,0
patient00009/study1,patient00009/study1/view1_frontal.dcm,Cardiomegaly,disease,present,absent,mismatch,0,1,0,0
patient00009/study1,patient00009/study1/view1_frontal.dcm,Consolidation,disease,present,absent,mismatch,0,1,0,0
patient00009/study1,patient00009/study1/view1_frontal.dcm,Edema,disease,present,absent,mismatch,0,1,0,0
patient00009/study1,patient00009/study1/view1_frontal.dcm,Pleural Effusion,disease,present,absent,mismatch,0,1,0,0
patient00009/study1,patient00009/study1/view1_frontal.dcm,Pneumonia,disease,uncertain,absent,partial,0,0,0,1
patient00009/study1,patient00009/study1/view1_frontal.dcm,Pneumothorax,disease,absent,absent,exact,0,0,0,1
patient00009/study1,patient00009/study1/view1_frontal.dcm,Fracture,disease,uncertain,absent,partial,0,0,0,1
patient00009/study1,patient00009/study1/view1_frontal.dcm,Lung Lesion,disease,absent,absent,exact,0,0,0,1
patient00009/study1,patient00009/study1/view1_frontal.dcm,Lung Opacity,disease,present,absent,mismatch,0,1,0,0
patient00009/study1,patient00009/study1/view1_frontal.dcm,Enlarged Cardiomediastinum,disease,present,absent,mismatch,0,1,0,0
patient00009/study1,patient00009/study1/view1_frontal.dcm,Pleural Other,disease,uncertain,absent,partial,0,0,0,1
patient00009/study1,patient00009/study1/view1_frontal.dcm,Support Devices,non_disease,uncertain,present,partial,0,0,1,0
patient00009/study1,patient00009/study1/view1_frontal.dcm,No Finding,non_disease,absent,absent,exact,0,0,0,1
patient00009/study1,patient00009/study1/view2_lateral.dcm,Atelectasis,disease,present,uncertain,partial,0,1,0,0
patient00009/study1,patient00009/study1/view2_lateral.dcm,Cardiomegaly,disease,uncertain,absent,partial,0,0,0,1
patient00009/study1,patient00009/study1/view2_lateral.dcm,Consolidation,disease,uncertain,absent,partial,0,0,0,1
patient00009/study1,patient00009/study1/view2_lateral.dcm,Edema,disease,present,absent,mismatch,0,1,0,0
patient00009/study1,patient00009/study1/view2_lateral.dcm,Pleural Effusion,disease,present,absent,mismatch,0,1,0,0
patient00009/study1,patient00009/study1/view2_lateral.dcm,Pneumonia,disease,present,absent,mismatch,0,1,0,0
patient00009/study1,patient00009/study1/view2_lateral.dcm,Pneumothorax,disease,uncertain,absent,partial,0,0,0,1
patient00009/study1,patient00009/study1/view2_lateral.dcm,Fracture,disease,uncertain,absent,partial,0,0,0,1
patient00009/study1,patient00009/study1/view2_lateral.dcm,Lung Lesion,disease,uncertain,absent,partial,0,0,0,1
patient00009/study1,patient00009/study1/view2_lateral.dcm,Lung Opacity,disease,present,absent,mismatch,0,1,0,0
patient00009/study1,patient00009/study1/view2_lateral.dcm,Enlarged Cardiomediastinum,disease,present,absent,mismatch,0,1,0,0
patient00009/study1,patient00009/study1/view2_lateral.dcm,Pleural Other,disease,absent,absent,exact,0,0,0,1
patient00009/study1,patient00009/study1/view2_lateral.dcm,Support Devices,non_disease,uncertain,present,partial,0,0,1,0
patient00009/study1,patient00009/study1/view2_lateral.dcm,No Finding,non_disease,absent,absent,exact,0,0,0,1
patient00016/study1,patient00016/study1/view1_frontal.dcm,Atelectasis,disease,present,absent,mismatch,0,1,0,0
patient00016/study1,patient00016/study1/view1_frontal.dcm,Cardiomegaly,disease,uncertain,absent,partial,0,0,0,1
patient00016/study1,patient00016/study1/view1_frontal.dcm,Consolidation,disease,uncertain,present,partial,0,0,1,0
patient00016/study1,patient00016/study1/view1_frontal.dcm,Edema,disease,absent,absent,exact,0,0,0,1
patient00016/study1,patient00016/study1/view1_frontal.dcm,Pleural Effusion,disease,absent,absent,exact,0,0,0,1
patient00016/study1,patient00016/study1/view1_frontal.dcm,Pneumonia,disease,absent,absent,exact,0,0,0,1
patient00016/study1,patient00016/study1/view1_frontal.dcm,Pneumothorax,disease,absent,present,mismatch,0,0,1,0
patient00016/study1,patient00016/study1/view1_frontal.dcm,Fracture,disease,uncertain,present,partial,0,0,1,0
patient00016/study1,patient00016/study1/view1_frontal.dcm,Lung Lesion,disease,absent,absent,exact,0,0,0,1
patient00016/study1,patient00016/study1/view1_frontal.dcm,Lung Opacity,disease,uncertain,present,partial,0,0,1,0
patient00016/study1,patient00016/study1/view1_frontal.dcm,Enlarged Cardiomediastinum,disease,absent,absent,exact,0,0,0,1
patient00016/study1,patient00016/study1/view1_frontal.dcm,Pleural Other,disease,absent,present,mismatch,0,0,1,0
patient00016/study1,patient00016/study1/view1_frontal.dcm,Support Devices,non_disease,uncertain,absent,partial,0,0,0,1
patient00016/study1,patient00016/study1/view1_frontal.dcm,No Finding,non_disease,absent,absent,exact,0,0,0,1
patient00016/study1,patient00016/study1/view2_lateral.dcm,Atelectasis,disease,present,absent,mismatch,0,1,0,0
patient00016/study1,patient00016/study1/view2_lateral.dcm,Cardiomegaly,disease,uncertain,absent,partial,0,0,0,1
patient00016/study1,patient00016/study1/view2_lateral.dcm,Consolidation,disease,present,present,exact,1,0,0,0
patient00016/study1,patient00016/study1/view2_lateral.dcm,Edema,disease,uncertain,absent,partial,0,0,0,1
patient00016/study1,patient00016/study1/view2_lateral.dcm,Pleural Effusion,disease,present,absent,mismatch,0,1,0,0
patient00016/study1,patient00016/study1/view2_lateral.dcm,Pneumonia,disease,present,absent,mismatch,0,1,0,0
patient00016/study1,patient00016/study1/view2_lateral.dcm,Pneumothorax,disease,absent,present,mismatch,0,0,1,0
patient00016/study1,patient00016/study1/view2_lateral.dcm,Fracture,disease,absent,present,mismatch,0,0,1,0
patient00016/study1,patient00016/study1/view2_lateral.dcm,Lung Lesion,disease,absent,absent,exact,0,0,0,1
patient00016/study1,patient00016/study1/view2_lateral.dcm,Lung Opacity,disease,present,present,exact,1,0,0,0
patient00016/study1,patient00016/study1/view2_lateral.dcm,Enlarged Cardiomediastinum,disease,uncertain,absent,partial,0,0,0,1
patient00016/study1,patient00016/study1/view2_lateral.dcm,Pleural Other,disease,absent,present,mismatch,0,0,1,0
patient00016/study1,patient00016/study1/view2_lateral.dcm,Support Devices,non_disease,uncertain,absent,partial,0,0,0,1
patient00016/study1,patient00016/study1/view2_lateral.dcm,No Finding,non_disease,absent,absent,exact,0,0,0,1
patient00026/study1,patient00026/study1/view1_frontal.dcm,Atelectasis,disease,present,present,exact,1,0,0,0
patient00026/study1,patient00026/study1/view1_frontal.dcm,Cardiomegaly,disease,uncertain,absent,partial,0,0,0,1
patient00026/study1,patient00026/study1/view1_frontal.dcm,Consolidation,disease,present,present,exact,1,0,0,0
patient00026/study1,patient00026/study1/view1_frontal.dcm,Edema,disease,absent,absent,exact,0,0,0,1
patient00026/study1,patient00026/study1/view1_frontal.dcm,Pleural Effusion,disease,present,absent,mismatch,0,1,0,0
patient00026/study1,patient00026/study1/view1_frontal.dcm,Pneumonia,disease,absent,absent,exact,0,0,0,1
patient00026/study1,patient00026/study1/view1_frontal.dcm,Pneumothorax,disease,absent,absent,exact,0,0,0,1
patient00026/study1,patient00026/study1/view1_frontal.dcm,Fracture,disease,uncertain,absent,partial,0,0,0,1
patient00026/study1,patient00026/study1/view1_frontal.dcm,Lung Lesion,disease,absent,absent,exact,0,0,0,1
patient00026/study1,patient00026/study1/view1_frontal.dcm,Lung Opacity,disease,present,present,exact,1,0,0,0
patient00026/study1,patient00026/study1/view1_frontal.dcm,Enlarged Cardiomediastinum,disease,absent,absent,exact,0,0,0,1
patient00026/study1,patient00026/study1/view1_frontal.dcm,Pleural Other,disease,uncertain,absent,partial,0,0,0,1
patient00026/study1,patient00026/study1/view1_frontal.dcm,Support Devices,non_disease,uncertain,absent,partial,0,0,0,1
patient00026/study1,patient00026/study1/view1_frontal.dcm,No Finding,non_disease,absent,absent,exact,0,0,0,1
patient00026/study1,patient00026/study1/view2_lateral.dcm,Atelectasis,disease,present,present,exact,1,0,0,0
patient00026/study1,patient00026/study1/view2_lateral.dcm,Cardiomegaly,disease,present,absent,mismatch,0,1,0,0
patient00026/study1,patient00026/study1/view2_lateral.dcm,Consolidation,disease,present,present,exact,1,0,0,0
patient00026/study1,patient00026/study1/view2_lateral.dcm,Edema,disease,uncertain,absent,partial,0,0,0,1
patient00026/study1,patient00026/study1/view2_lateral.dcm,Pleural Effusion,disease,present,absent,mismatch,0,1,0,0
patient00026/study1,patient00026/study1/view2_lateral.dcm,Pneumonia,disease,present,absent,mismatch,0,1,0,0
patient00026/study1,patient00026/study1/view2_lateral.dcm,Pneumothorax,disease,uncertain,absent,partial,0,0,0,1
patient00026/study1,patient00026/study1/view2_lateral.dcm,Fracture,disease,uncertain,absent,partial,0,0,0,1
patient00026/study1,patient00026/study1/view2_lateral.dcm,Lung Lesion,disease,uncertain,absent,partial,0,0,0,1
patient00026/study1,patient00026/study1/view2_lateral.dcm,Lung Opacity,disease,present,present,exact,1,0,0,0
patient00026/study1,patient00026/study1/view2_lateral.dcm,Enlarged Cardiomediastinum,disease,uncertain,absent,partial,0,0,0,1
patient00026/study1,patient00026/study1/view2_lateral.dcm,Pleural Other,disease,absent,absent,exact,0,0,0,1
patient00026/study1,patient00026/study1/view2_lateral.dcm,Support Devices,non_disease,uncertain,absent,partial,0,0,0,1
patient00026/study1,patient00026/study1/view2_lateral.dcm,No Finding,non_disease,absent,absent,exact,0,0,0,1
patient00027/study1,patient00027/study1/view1_frontal.dcm,Atelectasis,disease,present,uncertain,partial,0,1,0,0
patient00027/study1,patient00027/study1/view1_frontal.dcm,Cardiomegaly,disease,uncertain,absent,partial,0,0,0,1
patient00027/study1,patient00027/study1/view1_frontal.dcm,Consolidation,disease,present,present,exact,1,0,0,0
patient00027/study1,patient00027/study1/view1_frontal.dcm,Edema,disease,present,absent,mismatch,0,1,0,0
patient00027/study1,patient00027/study1/view1_frontal.dcm,Pleural Effusion,disease,present,present,exact,1,0,0,0
patient00027/study1,patient00027/study1/view1_frontal.dcm,Pneumonia,disease,uncertain,absent,partial,0,0,0,1
patient00027/study1,patient00027/study1/view1_frontal.dcm,Pneumothorax,disease,present,present,exact,1,0,0,0
patient00027/study1,patient00027/study1/view1_frontal.dcm,Fracture,disease,present,absent,mismatch,0,1,0,0
patient00027/study1,patient00027/study1/view1_frontal.dcm,Lung Lesion,disease,uncertain,absent,partial,0,0,0,1
patient00027/study1,patient00027/study1/view1_frontal.dcm,Lung Opacity,disease,present,absent,mismatch,0,1,0,0
patient00027/study1,patient00027/study1/view1_frontal.dcm,Enlarged Cardiomediastinum,disease,uncertain,absent,partial,0,0,0,1
patient00027/study1,patient00027/study1/view1_frontal.dcm,Pleural Other,disease,uncertain,absent,partial,0,0,0,1
patient00027/study1,patient00027/study1/view1_frontal.dcm,Support Devices,non_disease,uncertain,absent,partial,0,0,0,1
patient00027/study1,patient00027/study1/view1_frontal.dcm,No Finding,non_disease,absent,absent,exact,0,0,0,1
patient00027/study1,patient00027/study1/view2_lateral.dcm,Atelectasis,disease,present,uncertain,partial,0,1,0,0
patient00027/study1,patient00027/study1/view2_lateral.dcm,Cardiomegaly,disease,uncertain,absent,partial,0,0,0,1
patient00027/study1,patient00027/study1/view2_lateral.dcm,Consolidation,disease,present,present,exact,1,0,0,0
patient00027/study1,patient00027/study1/view2_lateral.dcm,Edema,disease,uncertain,absent,partial,0,0,0,1
patient00027/study1,patient00027/study1/view2_lateral.dcm,Pleural Effusion,disease,present,present,exact,1,0,0,0
patient00027/study1,patient00027/study1/view2_lateral.dcm,Pneumonia,disease,present,absent,mismatch,0,1,0,0
patient00027/study1,patient00027/study1/view2_lateral.dcm,Pneumothorax,disease,uncertain,present,partial,0,0,1,0
patient00027/study1,patient00027/study1/view2_lateral.dcm,Fracture,disease,absent,absent,exact,0,0,0,1
patient00027/study1,patient00027/study1/view2_lateral.dcm,Lung Lesion,disease,absent,absent,exact,0,0,0,1
patient00027/study1,patient00027/study1/view2_lateral.dcm,Lung Opacity,disease,present,absent,mismatch,0,1,0,0
patient00027/study1,patient00027/study1/view2_lateral.dcm,Enlarged Cardiomediastinum,disease,uncertain,absent,partial,0,0,0,1
patient00027/study1,patient00027/study1/view2_lateral.dcm,Pleural Other,disease,absent,absent,exact,0,0,0,1
patient00027/study1,patient00027/study1/view2_lateral.dcm,Support Devices,non_disease,uncertain,absent,partial,0,0,0,1
patient00027/study1,patient00027/study1/view2_lateral.dcm,No Finding,non_disease,absent,absent,exact,0,0,0,1
patient00031/study1,patient00031/study1/view1_frontal.dcm,Atelectasis,disease,present,uncertain,partial,0,1,0,0
patient00031/study1,patient00031/study1/view1_frontal.dcm,Cardiomegaly,disease,uncertain,absent,partial,0,0,0,1
patient00031/study1,patient00031/study1/view1_frontal.dcm,Consolidation,disease,present,absent,mismatch,0,1,0,0
patient00031/study1,patient00031/study1/view1_frontal.dcm,Edema,disease,present,present,exact,1,0,0,0
patient00031/study1,patient00031/study1/view1_frontal.dcm,Pleural Effusion,disease,uncertain,absent,partial,0,0,0,1
patient00031/study1,patient00031/study1/view1_frontal.dcm,Pneumonia,disease,uncertain,absent,partial,0,0,0,1
patient00031/study1,patient00031/study1/view1_frontal.dcm,Pneumothorax,disease,uncertain,absent,partial,0,0,0,1
patient00031/study1,patient00031/study1/view1_frontal.dcm,Fracture,disease,uncertain,absent,partial,0,0,0,1
patient00031/study1,patient00031/study1/view1_frontal.dcm,Lung Lesion,disease,uncertain,absent,partial,0,0,0,1
patient00031/study1,patient00031/study1/view1_frontal.dcm,Lung Opacity,disease,present,uncertain,partial,0,1,0,0
patient00031/study1,patient00031/study1/view1_frontal.dcm,Enlarged Cardiomediastinum,disease,present,absent,mismatch,0,1,0,0
patient00031/study1,patient00031/study1/view1_frontal.dcm,Pleural Other,disease,uncertain,absent,partial,0,0,0,1
patient00031/study1,patient00031/study1/view1_frontal.dcm,Support Devices,non_disease,uncertain,present,partial,0,0,1,0
patient00031/study1,patient00031/study1/view1_frontal.dcm,No Finding,non_disease,absent,absent,exact,0,0,0,1
patient00031/study3,patient00031/study3/view1_frontal.dcm,Atelectasis,disease,present,absent,mismatch,0,1,0,0
patient00031/study3,patient00031/study3/view1_frontal.dcm,Cardiomegaly,disease,present,absent,mismatch,0,1,0,0
patient00031/study3,patient00031/study3/view1_frontal.dcm,Consolidation,disease,present,absent,mismatch,0,1,0,0
patient00031/study3,patient00031/study3/view1_frontal.dcm,Edema,disease,uncertain,absent,partial,0,0,0,1
patient00031/study3,patient00031/study3/view1_frontal.dcm,Pleural Effusion,disease,present,present,exact,1,0,0,0
patient00031/study3,patient00031/study3/view1_frontal.dcm,Pneumonia,disease,uncertain,absent,partial,0,0,0,1
patient00031/study3,patient00031/study3/view1_frontal.dcm,Pneumothorax,disease,present,present,exact,1,0,0,0
patient00031/study3,patient00031/study3/view1_frontal.dcm,Fracture,disease,uncertain,absent,partial,0,0,0,1
patient00031/study3,patient00031/study3/view1_frontal.dcm,Lung Lesion,disease,uncertain,absent,partial,0,0,0,1
patient00031/study3,patient00031/study3/view1_frontal.dcm,Lung Opacity,disease,present,present,exact,1,0,0,0
patient00031/study3,patient00031/study3/view1_frontal.dcm,Enlarged Cardiomediastinum,disease,uncertain,absent,partial,0,0,0,1
patient00031/study3,patient00031/study3/view1_frontal.dcm,Pleural Other,disease,uncertain,absent,partial,0,0,0,1
patient00031/study3,patient00031/study3/view1_frontal.dcm,Support Devices,non_disease,uncertain,absent,partial,0,0,0,1
patient00031/study3,patient00031/study3/view1_frontal.dcm,No Finding,non_disease,absent,absent,exact,0,0,0,1
patient00031/study2,patient00031/study2/view1_frontal.dcm,Atelectasis,disease,present,uncertain,partial,0,1,0,0
patient00031/study2,patient00031/study2/view1_frontal.dcm,Cardiomegaly,disease,absent,absent,exact,0,0,0,1
patient00031/study2,patient00031/study2/view1_frontal.dcm,Consolidation,disease,present,absent,mismatch,0,1,0,0
patient00031/study2,patient00031/study2/view1_frontal.dcm,Edema,disease,uncertain,present,partial,0,0,1,0
patient00031/study2,patient00031/study2/view1_frontal.dcm,Pleural Effusion,disease,present,absent,mismatch,0,1,0,0
patient00031/study2,patient00031/study2/view1_frontal.dcm,Pneumonia,disease,absent,absent,exact,0,0,0,1
patient00031/study2,patient00031/study2/view1_frontal.dcm,Pneumothorax,disease,uncertain,present,partial,0,0,1,0
patient00031/study2,patient00031/study2/view1_frontal.dcm,Fracture,disease,uncertain,absent,partial,0,0,0,1
patient00031/study2,patient00031/study2/view1_frontal.dcm,Lung Lesion,disease,absent,absent,exact,0,0,0,1
patient00031/study2,patient00031/study2/view1_frontal.dcm,Lung Opacity,disease,present,present,exact,1,0,0,0
patient00031/study2,patient00031/study2/view1_frontal.dcm,Enlarged Cardiomediastinum,disease,uncertain,absent,partial,0,0,0,1
patient00031/study2,patient00031/study2/view1_frontal.dcm,Pleural Other,disease,uncertain,absent,partial,0,0,0,1
patient00031/study2,patient00031/study2/view1_frontal.dcm,Support Devices,non_disease,uncertain,present,partial,0,0,1,0
patient00031/study2,patient00031/study2/view1_frontal.dcm,No Finding,non_disease,absent,absent,exact,0,0,0,1
patient00034/study1,patient00034/study1/view1_frontal.dcm,Atelectasis,disease,present,absent,mismatch,0,1,0,0
patient00034/study1,patient00034/study1/view1_frontal.dcm,Cardiomegaly,disease,uncertain,absent,partial,0,0,0,1
patient00034/study1,patient00034/study1/view1_frontal.dcm,Consolidation,disease,uncertain,absent,partial,0,0,0,1
patient00034/study1,patient00034/study1/view1_frontal.dcm,Edema,disease,uncertain,present,partial,0,0,1,0
patient00034/study1,patient00034/study1/view1_frontal.dcm,Pleural Effusion,disease,absent,absent,exact,0,0,0,1
patient00034/study1,patient00034/study1/view1_frontal.dcm,Pneumonia,disease,absent,absent,exact,0,0,0,1
patient00034/study1,patient00034/study1/view1_frontal.dcm,Pneumothorax,disease,absent,present,mismatch,0,0,1,0
patient00034/study1,patient00034/study1/view1_frontal.dcm,Fracture,disease,uncertain,absent,partial,0,0,0,1
patient00034/study1,patient00034/study1/view1_frontal.dcm,Lung Lesion,disease,absent,absent,exact,0,0,0,1
patient00034/study1,patient00034/study1/view1_frontal.dcm,Lung Opacity,disease,present,absent,mismatch,0,1,0,0
patient00034/study1,patient00034/study1/view1_frontal.dcm,Enlarged Cardiomediastinum,disease,uncertain,absent,partial,0,0,0,1
patient00034/study1,patient00034/study1/view1_frontal.dcm,Pleural Other,disease,uncertain,absent,partial,0,0,0,1
patient00034/study1,patient00034/study1/view1_frontal.dcm,Support Devices,non_disease,uncertain,absent,partial,0,0,0,1
patient00034/study1,patient00034/study1/view1_frontal.dcm,No Finding,non_disease,absent,absent,exact,0,0,0,1
patient00038/study1,patient00038/study1/view1_frontal.dcm,Atelectasis,disease,present,present,exact,1,0,0,0
patient00038/study1,patient00038/study1/view1_frontal.dcm,Cardiomegaly,disease,uncertain,absent,partial,0,0,0,1
patient00038/study1,patient00038/study1/view1_frontal.dcm,Consolidation,disease,present,absent,mismatch,0,1,0,0
patient00038/study1,patient00038/study1/view1_frontal.dcm,Edema,disease,uncertain,absent,partial,0,0,0,1
patient00038/study1,patient00038/study1/view1_frontal.dcm,Pleural Effusion,disease,present,uncertain,partial,0,1,0,0
patient00038/study1,patient00038/study1/view1_frontal.dcm,Pneumonia,disease,absent,absent,exact,0,0,0,1
patient00038/study1,patient00038/study1/view1_frontal.dcm,Pneumothorax,disease,uncertain,present,partial,0,0,1,0
patient00038/study1,patient00038/study1/view1_frontal.dcm,Fracture,disease,present,absent,mismatch,0,1,0,0
patient00038/study1,patient00038/study1/view1_frontal.dcm,Lung Lesion,disease,absent,absent,exact,0,0,0,1
patient00038/study1,patient00038/study1/view1_frontal.dcm,Lung Opacity,disease,present,present,exact,1,0,0,0
patient00038/study1,patient00038/study1/view1_frontal.dcm,Enlarged Cardiomediastinum,disease,uncertain,absent,partial,0,0,0,1
patient00038/study1,patient00038/study1/view1_frontal.dcm,Pleural Other,disease,uncertain,absent,partial,0,0,0,1
patient00038/study1,patient00038/study1/view1_frontal.dcm,Support Devices,non_disease,uncertain,present,partial,0,0,1,0
patient00038/study1,patient00038/study1/view1_frontal.dcm,No Finding,non_disease,absent,absent,exact,0,0,0,1
patient00038/study3,patient00038/study3/view1_frontal.dcm,Atelectasis,disease,present,absent,mismatch,0,1,0,0
patient00038/study3,patient00038/study3/view1_frontal.dcm,Cardiomegaly,disease,uncertain,absent,partial,0,0,0,1
patient00038/study3,patient00038/study3/view1_frontal.dcm,Consolidation,disease,present,absent,mismatch,0,1,0,0
patient00038/study3,patient00038/study3/view1_frontal.dcm,Edema,disease,present,absent,mismatch,0,1,0,0
patient00038/study3,patient00038/study3/view1_frontal.dcm,Pleural Effusion,disease,present,present,exact,1,0,0,0
patient00038/study3,patient00038/study3/view1_frontal.dcm,Pneumonia,disease,uncertain,absent,partial,0,0,0,1
patient00038/study3,patient00038/study3/view1_frontal.dcm,Pneumothorax,disease,uncertain,absent,partial,0,0,0,1
patient00038/study3,patient00038/study3/view1_frontal.dcm,Fracture,disease,uncertain,absent,partial,0,0,0,1
patient00038/study3,patient00038/study3/view1_frontal.dcm,Lung Lesion,disease,uncertain,absent,partial,0,0,0,1
patient00038/study3,patient00038/study3/view1_frontal.dcm,Lung Opacity,disease,present,absent,mismatch,0,1,0,0
patient00038/study3,patient00038/study3/view1_frontal.dcm,Enlarged Cardiomediastinum,disease,uncertain,absent,partial,0,0,0,1
patient00038/study3,patient00038/study3/view1_frontal.dcm,Pleural Other,disease,uncertain,absent,partial,0,0,0,1
patient00038/study3,patient00038/study3/view1_frontal.dcm,Support Devices,non_disease,uncertain,present,partial,0,0,1,0
patient00038/study3,patient00038/study3/view1_frontal.dcm,No Finding,non_disease,absent,absent,exact,0,0,0,1
patient00044/study7,patient00044/study7/view1_frontal.dcm,Atelectasis,disease,present,uncertain,partial,0,1,0,0
patient00044/study7,patient00044/study7/view1_frontal.dcm,Cardiomegaly,disease,present,present,exact,1,0,0,0
patient00044/study7,patient00044/study7/view1_frontal.dcm,Consolidation,disease,present,absent,mismatch,0,1,0,0
patient00044/study7,patient00044/study7/view1_frontal.dcm,Edema,disease,present,present,exact,1,0,0,0
patient00044/study7,patient00044/study7/view1_frontal.dcm,Pleural Effusion,disease,present,present,exact,1,0,0,0
patient00044/study7,patient00044/study7/view1_frontal.dcm,Pneumonia,disease,uncertain,absent,partial,0,0,0,1
patient00044/study7,patient00044/study7/view1_frontal.dcm,Pneumothorax,disease,uncertain,absent,partial,0,0,0,1
patient00044/study7,patient00044/study7/view1_frontal.dcm,Fracture,disease,uncertain,absent,partial,0,0,0,1
patient00044/study7,patient00044/study7/view1_frontal.dcm,Lung Lesion,disease,absent,absent,exact,0,0,0,1
patient00044/study7,patient00044/study7/view1_frontal.dcm,Lung Opacity,disease,present,absent,mismatch,0,1,0,0
patient00044/study7,patient00044/study7/view1_frontal.dcm,Enlarged Cardiomediastinum,disease,uncertain,absent,partial,0,0,0,1
patient00044/study7,patient00044/study7/view1_frontal.dcm,Pleural Other,disease,uncertain,absent,partial,0,0,0,1
patient00044/study7,patient00044/study7/view1_frontal.dcm,Support Devices,non_disease,uncertain,present,partial,0,0,1,0
patient00044/study7,patient00044/study7/view1_frontal.dcm,No Finding,non_disease,absent,absent,exact,0,0,0,1
patient00044/study7,patient00044/study7/view2_lateral.dcm,Atelectasis,disease,present,uncertain,partial,0,1,0,0
patient00044/study7,patient00044/study7/view2_lateral.dcm,Cardiomegaly,disease,present,present,exact,1,0,0,0
patient00044/study7,patient00044/study7/view2_lateral.dcm,Consolidation,disease,present,absent,mismatch,0,1,0,0
patient00044/study7,patient00044/study7/view2_lateral.dcm,Edema,disease,present,present,exact,1,0,0,0
patient00044/study7,patient00044/study7/view2_lateral.dcm,Pleural Effusion,disease,present,present,exact,1,0,0,0
patient00044/study7,patient00044/study7/view2_lateral.dcm,Pneumonia,disease,present,absent,mismatch,0,1,0,0
patient00044/study7,patient00044/study7/view2_lateral.dcm,Pneumothorax,disease,uncertain,absent,partial,0,0,0,1
patient00044/study7,patient00044/study7/view2_lateral.dcm,Fracture,disease,uncertain,absent,partial,0,0,0,1
patient00044/study7,patient00044/study7/view2_lateral.dcm,Lung Lesion,disease,uncertain,absent,partial,0,0,0,1
patient00044/study7,patient00044/study7/view2_lateral.dcm,Lung Opacity,disease,present,absent,mismatch,0,1,0,0
patient00044/study7,patient00044/study7/view2_lateral.dcm,Enlarged Cardiomediastinum,disease,uncertain,absent,partial,0,0,0,1
patient00044/study7,patient00044/study7/view2_lateral.dcm,Pleural Other,disease,uncertain,absent,partial,0,0,0,1
patient00044/study7,patient00044/study7/view2_lateral.dcm,Support Devices,non_disease,uncertain,present,partial,0,0,1,0
patient00044/study7,patient00044/study7/view2_lateral.dcm,No Finding,non_disease,absent,absent,exact,0,0,0,1
patient00044/study1,patient00044/study1/view1_frontal.dcm,Atelectasis,disease,present,present,exact,1,0,0,0
patient00044/study1,patient00044/study1/view1_frontal.dcm,Cardiomegaly,disease,present,present,exact,1,0,0,0
patient00044/study1,patient00044/study1/view1_frontal.dcm,Consolidation,disease,present,absent,mismatch,0,1,0,0
patient00044/study1,patient00044/study1/view1_frontal.dcm,Edema,disease,present,present,exact,1,0,0,0
patient00044/study1,patient00044/study1/view1_frontal.dcm,Pleural Effusion,disease,present,absent,mismatch,0,1,0,0
patient00044/study1,patient00044/study1/view1_frontal.dcm,Pneumonia,disease,uncertain,absent,partial,0,0,0,1
patient00044/study1,patient00044/study1/view1_frontal.dcm,Pneumothorax,disease,uncertain,absent,partial,0,0,0,1
patient00044/study1,patient00044/study1/view1_frontal.dcm,Fracture,disease,uncertain,absent,partial,0,0,0,1
patient00044/study1,patient00044/study1/view1_frontal.dcm,Lung Lesion,disease,absent,absent,exact,0,0,0,1
patient00044/study1,patient00044/study1/view1_frontal.dcm,Lung Opacity,disease,present,absent,mismatch,0,1,0,0
patient00044/study1,patient00044/study1/view1_frontal.dcm,Enlarged Cardiomediastinum,disease,present,absent,mismatch,0,1,0,0
patient00044/study1,patient00044/study1/view1_frontal.dcm,Pleural Other,disease,uncertain,absent,partial,0,0,0,1
patient00044/study1,patient00044/study1/view1_frontal.dcm,Support Devices,non_disease,uncertain,present,partial,0,0,1,0
patient00044/study1,patient00044/study1/view1_frontal.dcm,No Finding,non_disease,absent,absent,exact,0,0,0,1
patient00044/study3,patient00044/study3/view1_frontal.dcm,Atelectasis,disease,present,absent,mismatch,0,1,0,0
patient00044/study3,patient00044/study3/view1_frontal.dcm,Cardiomegaly,disease,present,absent,mismatch,0,1,0,0
patient00044/study3,patient00044/study3/view1_frontal.dcm,Consolidation,disease,present,absent,mismatch,0,1,0,0
patient00044/study3,patient00044/study3/view1_frontal.dcm,Edema,disease,present,absent,mismatch,0,1,0,0
patient00044/study3,patient00044/study3/view1_frontal.dcm,Pleural Effusion,disease,present,present,exact,1,0,0,0
patient00044/study3,patient00044/study3/view1_frontal.dcm,Pneumonia,disease,uncertain,absent,partial,0,0,0,1
patient00044/study3,patient00044/study3/view1_frontal.dcm,Pneumothorax,disease,uncertain,absent,partial,0,0,0,1
patient00044/study3,patient00044/study3/view1_frontal.dcm,Fracture,disease,uncertain,absent,partial,0,0,0,1
patient00044/study3,patient00044/study3/view1_frontal.dcm,Lung Lesion,disease,absent,absent,exact,0,0,0,1
patient00044/study3,patient00044/study3/view1_frontal.dcm,Lung Opacity,disease,present,absent,mismatch,0,1,0,0
patient00044/study3,patient00044/study3/view1_frontal.dcm,Enlarged Cardiomediastinum,disease,uncertain,absent,partial,0,0,0,1
patient00044/study3,patient00044/study3/view1_frontal.dcm,Pleural Other,disease,uncertain,absent,partial,0,0,0,1
patient00044/study3,patient00044/study3/view1_frontal.dcm,Support Devices,non_disease,uncertain,present,partial,0,0,1,0
patient00044/study3,patient00044/study3/view1_frontal.dcm,No Finding,non_disease,absent,absent,exact,0,0,0,1
patient00044/study4,patient00044/study4/view1_frontal.dcm,Atelectasis,disease,present,absent,mismatch,0,1,0,0
patient00044/study4,patient00044/study4/view1_frontal.dcm,Cardiomegaly,disease,uncertain,present,partial,0,0,1,0
patient00044/study4,patient00044/study4/view1_frontal.dcm,Consolidation,disease,present,absent,mismatch,0,1,0,0
patient00044/study4,patient00044/study4/view1_frontal.dcm,Edema,disease,present,absent,mismatch,0,1,0,0
patient00044/study4,patient00044/study4/view1_frontal.dcm,Pleural Effusion,disease,present,present,exact,1,0,0,0
patient00044/study4,patient00044/study4/view1_frontal.dcm,Pneumonia,disease,uncertain,absent,partial,0,0,0,1
patient00044/study4,patient00044/study4/view1_frontal.dcm,Pneumothorax,disease,uncertain,absent,partial,0,0,0,1
patient00044/study4,patient00044/study4/view1_frontal.dcm,Fracture,disease,uncertain,absent,partial,0,0,0,1
patient00044/study4,patient00044/study4/view1_frontal.dcm,Lung Lesion,disease,uncertain,absent,partial,0,0,0,1
patient00044/study4,patient00044/study4/view1_frontal.dcm,Lung Opacity,disease,present,absent,mismatch,0,1,0,0
patient00044/study4,patient00044/study4/view1_frontal.dcm,Enlarged Cardiomediastinum,disease,uncertain,absent,partial,0,0,0,1
patient00044/study4,patient00044/study4/view1_frontal.dcm,Pleural Other,disease,uncertain,absent,partial,0,0,0,1
patient00044/study4,patient00044/study4/view1_frontal.dcm,Support Devices,non_disease,uncertain,present,partial,0,0,1,0
patient00044/study4,patient00044/study4/view1_frontal.dcm,No Finding,non_disease,absent,absent,exact,0,0,0,1
patient00044/study2,patient00044/study2/view1_frontal.dcm,Atelectasis,disease,present,present,exact,1,0,0,0
patient00044/study2,patient00044/study2/view1_frontal.dcm,Cardiomegaly,disease,present,absent,mismatch,0,1,0,0
patient00044/study2,patient00044/study2/view1_frontal.dcm,Consolidation,disease,present,absent,mismatch,0,1,0,0
patient00044/study2,patient00044/study2/view1_frontal.dcm,Edema,disease,present,present,exact,1,0,0,0
patient00044/study2,patient00044/study2/view1_frontal.dcm,Pleural Effusion,disease,present,present,exact,1,0,0,0
patient00044/study2,patient00044/study2/view1_frontal.dcm,Pneumonia,disease,present,absent,mismatch,0,1,0,0
patient00044/study2,patient00044/study2/view1_frontal.dcm,Pneumothorax,disease,uncertain,absent,partial,0,0,0,1
patient00044/study2,patient00044/study2/view1_frontal.dcm,Fracture,disease,uncertain,absent,partial,0,0,0,1
patient00044/study2,patient00044/study2/view1_frontal.dcm,Lung Lesion,disease,uncertain,absent,partial,0,0,0,1
patient00044/study2,patient00044/study2/view1_frontal.dcm,Lung Opacity,disease,present,absent,mismatch,0,1,0,0
patient00044/study2,patient00044/study2/view1_frontal.dcm,Enlarged Cardiomediastinum,disease,present,absent,mismatch,0,1,0,0
patient00044/study2,patient00044/study2/view1_frontal.dcm,Pleural Other,disease,uncertain,absent,partial,0,0,0,1
patient00044/study2,patient00044/study2/view1_frontal.dcm,Support Devices,non_disease,uncertain,present,partial,0,0,1,0
patient00044/study2,patient00044/study2/view1_frontal.dcm,No Finding,non_disease,absent,absent,exact,0,0,0,1
patient00044/study5,patient00044/study5/view1_frontal.dcm,Atelectasis,disease,present,present,exact,1,0,0,0
patient00044/study5,patient00044/study5/view1_frontal.dcm,Cardiomegaly,disease,present,present,exact,1,0,0,0
patient00044/study5,patient00044/study5/view1_frontal.dcm,Consolidation,disease,present,present,exact,1,0,0,0
patient00044/study5,patient00044/study5/view1_frontal.dcm,Edema,disease,present,present,exact,1,0,0,0
patient00044/study5,patient00044/study5/view1_frontal.dcm,Pleural Effusion,disease,present,absent,mismatch,0,1,0,0
patient00044/study5,patient00044/study5/view1_frontal.dcm,Pneumonia,disease,uncertain,absent,partial,0,0,0,1
patient00044/study5,patient00044/study5/view1_frontal.dcm,Pneumothorax,disease,uncertain,absent,partial,0,0,0,1
patient00044/study5,patient00044/study5/view1_frontal.dcm,Fracture,disease,uncertain,absent,partial,0,0,0,1
patient00044/study5,patient00044/study5/view1_frontal.dcm,Lung Lesion,disease,uncertain,absent,partial,0,0,0,1
patient00044/study5,patient00044/study5/view1_frontal.dcm,Lung Opacity,disease,present,absent,mismatch,0,1,0,0
patient00044/study5,patient00044/study5/view1_frontal.dcm,Enlarged Cardiomediastinum,disease,present,absent,mismatch,0,1,0,0
patient00044/study5,patient00044/study5/view1_frontal.dcm,Pleural Other,disease,uncertain,absent,partial,0,0,0,1
patient00044/study5,patient00044/study5/view1_frontal.dcm,Support Devices,non_disease,uncertain,present,partial,0,0,1,0
patient00044/study5,patient00044/study5/view1_frontal.dcm,No Finding,non_disease,absent,absent,exact,0,0,0,1
patient00045/study1,patient00045/study1/view1_frontal.dcm,Atelectasis,disease,uncertain,present,partial,0,0,1,0
patient00045/study1,patient00045/study1/view1_frontal.dcm,Cardiomegaly,disease,present,absent,mismatch,0,1,0,0
patient00045/study1,patient00045/study1/view1_frontal.dcm,Consolidation,disease,absent,absent,exact,0,0,0,1
patient00045/study1,patient00045/study1/view1_frontal.dcm,Edema,disease,absent,present,mismatch,0,0,1,0
patient00045/study1,patient00045/study1/view1_frontal.dcm,Pleural Effusion,disease,absent,present,mismatch,0,0,1,0
patient00045/study1,patient00045/study1/view1_frontal.dcm,Pneumonia,disease,absent,present,mismatch,0,0,1,0
patient00045/study1,patient00045/study1/view1_frontal.dcm,Pneumothorax,disease,absent,absent,exact,0,0,0,1
patient00045/study1,patient00045/study1/view1_frontal.dcm,Fracture,disease,absent,absent,exact,0,0,0,1
patient00045/study1,patient00045/study1/view1_frontal.dcm,Lung Lesion,disease,absent,absent,exact,0,0,0,1
patient00045/study1,patient00045/study1/view1_frontal.dcm,Lung Opacity,disease,absent,absent,exact,0,0,0,1
patient00045/study1,patient00045/study1/view1_frontal.dcm,Enlarged Cardiomediastinum,disease,uncertain,absent,partial,0,0,0,1
patient00045/study1,patient00045/study1/view1_frontal.dcm,Pleural Other,disease,absent,absent,exact,0,0,0,1
patient00045/study1,patient00045/study1/view1_frontal.dcm,Support Devices,non_disease,uncertain,present,partial,0,0,1,0
patient00045/study1,patient00045/study1/view1_frontal.dcm,No Finding,non_disease,absent,absent,exact,0,0,0,1
patient00045/study1,patient00045/study1/view2_lateral.dcm,Atelectasis,disease,present,present,exact,1,0,0,0
patient00045/study1,patient00045/study1/view2_lateral.dcm,Cardiomegaly,disease,present,absent,mismatch,0,1,0,0
patient00045/study1,patient00045/study1/view2_lateral.dcm,Consolidation,disease,present,absent,mismatch,0,1,0,0
patient00045/study1,patient00045/study1/view2_lateral.dcm,Edema,disease,present,present,exact,1,0,0,0
patient00045/study1,patient00045/study1/view2_lateral.dcm,Pleural Effusion,disease,present,present,exact,1,0,0,0
patient00045/study1,patient00045/study1/view2_lateral.dcm,Pneumonia,disease,present,present,exact,1,0,0,0
patient00045/study1,patient00045/study1/view2_lateral.dcm,Pneumothorax,disease,uncertain,absent,partial,0,0,0,1
patient00045/study1,patient00045/study1/view2_lateral.dcm,Fracture,disease,uncertain,absent,partial,0,0,0,1
patient00045/study1,patient00045/study1/view2_lateral.dcm,Lung Lesion,disease,present,absent,mismatch,0,1,0,0
patient00045/study1,patient00045/study1/view2_lateral.dcm,Lung Opacity,disease,present,absent,mismatch,0,1,0,0
patient00045/study1,patient00045/study1/view2_lateral.dcm,Enlarged Cardiomediastinum,disease,uncertain,absent,partial,0,0,0,1
patient00045/study1,patient00045/study1/view2_lateral.dcm,Pleural Other,disease,uncertain,absent,partial,0,0,0,1
patient00045/study1,patient00045/study1/view2_lateral.dcm,Support Devices,non_disease,uncertain,present,partial,0,0,1,0
patient00045/study1,patient00045/study1/view2_lateral.dcm,No Finding,non_disease,absent,absent,exact,0,0,0,1
patient00048/study1,patient00048/study1/view1_frontal.dcm,Atelectasis,disease,uncertain,absent,partial,0,0,0,1
patient00048/study1,patient00048/study1/view1_frontal.dcm,Cardiomegaly,disease,uncertain,absent,partial,0,0,0,1
patient00048/study1,patient00048/study1/view1_frontal.dcm,Consolidation,disease,uncertain,absent,partial,0,0,0,1
patient00048/study1,patient00048/study1/view1_frontal.dcm,Edema,disease,present,absent,mismatch,0,1,0,0
patient00048/study1,patient00048/study1/view1_frontal.dcm,Pleural Effusion,disease,uncertain,absent,partial,0,0,0,1
patient00048/study1,patient00048/study1/view1_frontal.dcm,Pneumonia,disease,absent,absent,exact,0,0,0,1
patient00048/study1,patient00048/study1/view1_frontal.dcm,Pneumothorax,disease,present,present,exact,1,0,0,0
patient00048/study1,patient00048/study1/view1_frontal.dcm,Fracture,disease,uncertain,absent,partial,0,0,0,1
patient00048/study1,patient00048/study1/view1_frontal.dcm,Lung Lesion,disease,absent,absent,exact,0,0,0,1
patient00048/study1,patient00048/study1/view1_frontal.dcm,Lung Opacity,disease,present,absent,mismatch,0,1,0,0
patient00048/study1,patient00048/study1/view1_frontal.dcm,Enlarged Cardiomediastinum,disease,uncertain,absent,partial,0,0,0,1
patient00048/study1,patient00048/study1/view1_frontal.dcm,Pleural Other,disease,uncertain,absent,partial,0,0,0,1
patient00048/study1,patient00048/study1/view1_frontal.dcm,Support Devices,non_disease,uncertain,present,partial,0,0,1,0
patient00048/study1,patient00048/study1/view1_frontal.dcm,No Finding,non_disease,absent,absent,exact,0,0,0,1
patient00049/study2,patient00049/study2/view1_frontal.dcm,Atelectasis,disease,present,absent,mismatch,0,1,0,0
patient00049/study2,patient00049/study2/view1_frontal.dcm,Cardiomegaly,disease,uncertain,absent,partial,0,0,0,1
patient00049/study2,patient00049/study2/view1_frontal.dcm,Consolidation,disease,uncertain,absent,partial,0,0,0,1
patient00049/study2,patient00049/study2/view1_frontal.dcm,Edema,disease,present,present,exact,1,0,0,0
patient00049/study2,patient00049/study2/view1_frontal.dcm,Pleural Effusion,disease,uncertain,absent,partial,0,0,0,1
patient00049/study2,patient00049/study2/view1_frontal.dcm,Pneumonia,disease,uncertain,absent,partial,0,0,0,1
patient00049/study2,patient00049/study2/view1_frontal.dcm,Pneumothorax,disease,uncertain,present,partial,0,0,1,0
patient00049/study2,patient00049/study2/view1_frontal.dcm,Fracture,disease,uncertain,absent,partial,0,0,0,1
patient00049/study2,patient00049/study2/view1_frontal.dcm,Lung Lesion,disease,absent,absent,exact,0,0,0,1
patient00049/study2,patient00049/study2/view1_frontal.dcm,Lung Opacity,disease,present,present,exact,1,0,0,0
patient00049/study2,patient00049/study2/view1_frontal.dcm,Enlarged Cardiomediastinum,disease,uncertain,absent,partial,0,0,0,1
patient00049/study2,patient00049/study2/view1_frontal.dcm,Pleural Other,disease,uncertain,absent,partial,0,0,0,1
patient00049/study2,patient00049/study2/view1_frontal.dcm,Support Devices,non_disease,uncertain,present,partial,0,0,1,0
patient00049/study2,patient00049/study2/view1_frontal.dcm,No Finding,non_disease,absent,absent,exact,0,0,0,1
patient00049/study1,patient00049/study1/view1_frontal.dcm,Atelectasis,disease,uncertain,absent,partial,0,0,0,1
patient00049/study1,patient00049/study1/view1_frontal.dcm,Cardiomegaly,disease,absent,absent,exact,0,0,0,1
patient00049/study1,patient00049/study1/view1_frontal.dcm,Consolidation,disease,absent,absent,exact,0,0,0,1
patient00049/study1,patient00049/study1/view1_frontal.dcm,Edema,disease,absent,present,mismatch,0,0,1,0
patient00049/study1,patient00049/study1/view1_frontal.dcm,Pleural Effusion,disease,absent,present,mismatch,0,0,1,0
patient00049/study1,patient00049/study1/view1_frontal.dcm,Pneumonia,disease,absent,absent,exact,0,0,0,1
patient00049/study1,patient00049/study1/view1_frontal.dcm,Pneumothorax,disease,absent,absent,exact,0,0,0,1
patient00049/study1,patient00049/study1/view1_frontal.dcm,Fracture,disease,uncertain,absent,partial,0,0,0,1
patient00049/study1,patient00049/study1/view1_frontal.dcm,Lung Lesion,disease,absent,absent,exact,0,0,0,1
patient00049/study1,patient00049/study1/view1_frontal.dcm,Lung Opacity,disease,uncertain,absent,partial,0,0,0,1
patient00049/study1,patient00049/study1/view1_frontal.dcm,Enlarged Cardiomediastinum,disease,absent,absent,exact,0,0,0,1
patient00049/study1,patient00049/study1/view1_frontal.dcm,Pleural Other,disease,absent,absent,exact,0,0,0,1
patient00049/study1,patient00049/study1/view1_frontal.dcm,Support Devices,non_disease,unavailable,present,not_evaluable,0,0,1,0
patient00049/study1,patient00049/study1/view1_frontal.dcm,No Finding,non_disease,absent,absent,exact,0,0,0,1
patient00055/study2,patient00055/study2/view1_frontal.dcm,Atelectasis,disease,uncertain,absent,partial,0,0,0,1
patient00055/study2,patient00055/study2/view1_frontal.dcm,Cardiomegaly,disease,uncertain,absent,partial,0,0,0,1
patient00055/study2,patient00055/study2/view1_frontal.dcm,Consolidation,disease,present,absent,mismatch,0,1,0,0
patient00055/study2,patient00055/study2/view1_frontal.dcm,Edema,disease,absent,absent,exact,0,0,0,1
patient00055/study2,patient00055/study2/view1_frontal.dcm,Pleural Effusion,disease,uncertain,absent,partial,0,0,0,1
patient00055/study2,patient00055/study2/view1_frontal.dcm,Pneumonia,disease,absent,absent,exact,0,0,0,1
patient00055/study2,patient00055/study2/view1_frontal.dcm,Pneumothorax,disease,absent,present,mismatch,0,0,1,0
patient00055/study2,patient00055/study2/view1_frontal.dcm,Fracture,disease,absent,absent,exact,0,0,0,1
patient00055/study2,patient00055/study2/view1_frontal.dcm,Lung Lesion,disease,absent,absent,exact,0,0,0,1
patient00055/study2,patient00055/study2/view1_frontal.dcm,Lung Opacity,disease,uncertain,absent,partial,0,0,0,1
patient00055/study2,patient00055/study2/view1_frontal.dcm,Enlarged Cardiomediastinum,disease,uncertain,absent,partial,0,0,0,1
patient00055/study2,patient00055/study2/view1_frontal.dcm,Pleural Other,disease,absent,absent,exact,0,0,0,1
patient00055/study2,patient00055/study2/view1_frontal.dcm,Support Devices,non_disease,uncertain,absent,partial,0,0,0,1
patient00055/study2,patient00055/study2/view1_frontal.dcm,No Finding,non_disease,absent,absent,exact,0,0,0,1
patient00055/study2,patient00055/study2/view2_lateral.dcm,Atelectasis,disease,present,absent,mismatch,0,1,0,0
patient00055/study2,patient00055/study2/view2_lateral.dcm,Cardiomegaly,disease,uncertain,absent,partial,0,0,0,1
patient00055/study2,patient00055/study2/view2_lateral.dcm,Consolidation,disease,present,absent,mismatch,0,1,0,0
patient00055/study2,patient00055/study2/view2_lateral.dcm,Edema,disease,uncertain,absent,partial,0,0,0,1
patient00055/study2,patient00055/study2/view2_lateral.dcm,Pleural Effusion,disease,present,absent,mismatch,0,1,0,0
patient00055/study2,patient00055/study2/view2_lateral.dcm,Pneumonia,disease,present,absent,mismatch,0,1,0,0
patient00055/study2,patient00055/study2/view2_lateral.dcm,Pneumothorax,disease,present,present,exact,1,0,0,0
patient00055/study2,patient00055/study2/view2_lateral.dcm,Fracture,disease,absent,absent,exact,0,0,0,1
patient00055/study2,patient00055/study2/view2_lateral.dcm,Lung Lesion,disease,uncertain,absent,partial,0,0,0,1
patient00055/study2,patient00055/study2/view2_lateral.dcm,Lung Opacity,disease,present,absent,mismatch,0,1,0,0
patient00055/study2,patient00055/study2/view2_lateral.dcm,Enlarged Cardiomediastinum,disease,present,absent,mismatch,0,1,0,0
patient00055/study2,patient00055/study2/view2_lateral.dcm,Pleural Other,disease,absent,absent,exact,0,0,0,1
patient00055/study2,patient00055/study2/view2_lateral.dcm,Support Devices,non_disease,uncertain,absent,partial,0,0,0,1
patient00055/study2,patient00055/study2/view2_lateral.dcm,No Finding,non_disease,absent,absent,exact,0,0,0,1
patient00055/study3,patient00055/study3/view1_frontal.dcm,Atelectasis,disease,present,uncertain,partial,0,1,0,0
patient00055/study3,patient00055/study3/view1_frontal.dcm,Cardiomegaly,disease,uncertain,absent,partial,0,0,0,1
patient00055/study3,patient00055/study3/view1_frontal.dcm,Consolidation,disease,present,absent,mismatch,0,1,0,0
patient00055/study3,patient00055/study3/view1_frontal.dcm,Edema,disease,absent,absent,exact,0,0,0,1
patient00055/study3,patient00055/study3/view1_frontal.dcm,Pleural Effusion,disease,present,absent,mismatch,0,1,0,0
patient00055/study3,patient00055/study3/view1_frontal.dcm,Pneumonia,disease,absent,absent,exact,0,0,0,1
patient00055/study3,patient00055/study3/view1_frontal.dcm,Pneumothorax,disease,present,present,exact,1,0,0,0
patient00055/study3,patient00055/study3/view1_frontal.dcm,Fracture,disease,uncertain,absent,partial,0,0,0,1
patient00055/study3,patient00055/study3/view1_frontal.dcm,Lung Lesion,disease,absent,absent,exact,0,0,0,1
patient00055/study3,patient00055/study3/view1_frontal.dcm,Lung Opacity,disease,present,absent,mismatch,0,1,0,0
patient00055/study3,patient00055/study3/view1_frontal.dcm,Enlarged Cardiomediastinum,disease,uncertain,absent,partial,0,0,0,1
patient00055/study3,patient00055/study3/view1_frontal.dcm,Pleural Other,disease,uncertain,absent,partial,0,0,0,1
patient00055/study3,patient00055/study3/view1_frontal.dcm,Support Devices,non_disease,uncertain,present,partial,0,0,1,0
patient00055/study3,patient00055/study3/view1_frontal.dcm,No Finding,non_disease,absent,absent,exact,0,0,0,1
patient00055/study1,patient00055/study1/view1_frontal.dcm,Atelectasis,disease,uncertain,absent,partial,0,0,0,1
patient00055/study1,patient00055/study1/view1_frontal.dcm,Cardiomegaly,disease,uncertain,absent,partial,0,0,0,1
patient00055/study1,patient00055/study1/view1_frontal.dcm,Consolidation,disease,uncertain,absent,partial,0,0,0,1
patient00055/study1,patient00055/study1/view1_frontal.dcm,Edema,disease,absent,absent,exact,0,0,0,1
patient00055/study1,patient00055/study1/view1_frontal.dcm,Pleural Effusion,disease,absent,absent,exact,0,0,0,1
patient00055/study1,patient00055/study1/view1_frontal.dcm,Pneumonia,disease,absent,absent,exact,0,0,0,1
patient00055/study1,patient00055/study1/view1_frontal.dcm,Pneumothorax,disease,absent,absent,exact,0,0,0,1
patient00055/study1,patient00055/study1/view1_frontal.dcm,Fracture,disease,absent,absent,exact,0,0,0,1
patient00055/study1,patient00055/study1/view1_frontal.dcm,Lung Lesion,disease,absent,absent,exact,0,0,0,1
patient00055/study1,patient00055/study1/view1_frontal.dcm,Lung Opacity,disease,uncertain,absent,partial,0,0,0,1
patient00055/study1,patient00055/study1/view1_frontal.dcm,Enlarged Cardiomediastinum,disease,absent,absent,exact,0,0,0,1
patient00055/study1,patient00055/study1/view1_frontal.dcm,Pleural Other,disease,absent,absent,exact,0,0,0,1
patient00055/study1,patient00055/study1/view1_frontal.dcm,Support Devices,non_disease,uncertain,present,partial,0,0,1,0
patient00055/study1,patient00055/study1/view1_frontal.dcm,No Finding,non_disease,absent,absent,exact,0,0,0,1
patient00058/study1,patient00058/study1/view1_frontal.dcm,Atelectasis,disease,uncertain,absent,partial,0,0,0,1
patient00058/study1,patient00058/study1/view1_frontal.dcm,Cardiomegaly,disease,absent,absent,exact,0,0,0,1
patient00058/study1,patient00058/study1/view1_frontal.dcm,Consolidation,disease,uncertain,absent,partial,0,0,0,1
patient00058/study1,patient00058/study1/view1_frontal.dcm,Edema,disease,absent,absent,exact,0,0,0,1
patient00058/study1,patient00058/study1/view1_frontal.dcm,Pleural Effusion,disease,absent,absent,exact,0,0,0,1
patient00058/study1,patient00058/study1/view1_frontal.dcm,Pneumonia,disease,absent,absent,exact,0,0,0,1
patient00058/study1,patient00058/study1/view1_frontal.dcm,Pneumothorax,disease,absent,absent,exact,0,0,0,1
patient00058/study1,patient00058/study1/view1_frontal.dcm,Fracture,disease,uncertain,present,partial,0,0,1,0
patient00058/study1,patient00058/study1/view1_frontal.dcm,Lung Lesion,disease,absent,uncertain,partial,0,0,0,1
patient00058/study1,patient00058/study1/view1_frontal.dcm,Lung Opacity,disease,uncertain,absent,partial,0,0,0,1
patient00058/study1,patient00058/study1/view1_frontal.dcm,Enlarged Cardiomediastinum,disease,absent,absent,exact,0,0,0,1
patient00058/study1,patient00058/study1/view1_frontal.dcm,Pleural Other,disease,uncertain,absent,partial,0,0,0,1
patient00058/study1,patient00058/study1/view1_frontal.dcm,Support Devices,non_disease,unavailable,absent,not_evaluable,0,0,0,1
patient00058/study1,patient00058/study1/view1_frontal.dcm,No Finding,non_disease,absent,absent,exact,0,0,0,1
patient00058/study1,patient00058/study1/view2_lateral.dcm,Atelectasis,disease,uncertain,absent,partial,0,0,0,1
patient00058/study1,patient00058/study1/view2_lateral.dcm,Cardiomegaly,disease,absent,absent,exact,0,0,0,1
patient00058/study1,patient00058/study1/view2_lateral.dcm,Consolidation,disease,present,absent,mismatch,0,1,0,0
patient00058/study1,patient00058/study1/view2_lateral.dcm,Edema,disease,uncertain,absent,partial,0,0,0,1
patient00058/study1,patient00058/study1/view2_lateral.dcm,Pleural Effusion,disease,absent,absent,exact,0,0,0,1
patient00058/study1,patient00058/study1/view2_lateral.dcm,Pneumonia,disease,present,absent,mismatch,0,1,0,0
patient00058/study1,patient00058/study1/view2_lateral.dcm,Pneumothorax,disease,absent,absent,exact,0,0,0,1
patient00058/study1,patient00058/study1/view2_lateral.dcm,Fracture,disease,absent,present,mismatch,0,0,1,0
patient00058/study1,patient00058/study1/view2_lateral.dcm,Lung Lesion,disease,absent,uncertain,partial,0,0,0,1
patient00058/study1,patient00058/study1/view2_lateral.dcm,Lung Opacity,disease,present,absent,mismatch,0,1,0,0
patient00058/study1,patient00058/study1/view2_lateral.dcm,Enlarged Cardiomediastinum,disease,uncertain,absent,partial,0,0,0,1
patient00058/study1,patient00058/study1/view2_lateral.dcm,Pleural Other,disease,absent,absent,exact,0,0,0,1
patient00058/study1,patient00058/study1/view2_lateral.dcm,Support Devices,non_disease,unavailable,absent,not_evaluable,0,0,0,1
patient00058/study1,patient00058/study1/view2_lateral.dcm,No Finding,non_disease,absent,absent,exact,0,0,0,1
patient00064/study1,patient00064/study1/view1_frontal.dcm,Atelectasis,disease,uncertain,absent,partial,0,0,0,1
patient00064/study1,patient00064/study1/view1_frontal.dcm,Cardiomegaly,disease,absent,absent,exact,0,0,0,1
patient00064/study1,patient00064/study1/view1_frontal.dcm,Consolidation,disease,present,absent,mismatch,0,1,0,0
patient00064/study1,patient00064/study1/view1_frontal.dcm,Edema,disease,absent,present,mismatch,0,0,1,0
patient00064/study1,patient00064/study1/view1_frontal.dcm,Pleural Effusion,disease,absent,absent,exact,0,0,0,1
patient00064/study1,patient00064/study1/view1_frontal.dcm,Pneumonia,disease,absent,absent,exact,0,0,0,1
patient00064/study1,patient00064/study1/view1_frontal.dcm,Pneumothorax,disease,uncertain,absent,partial,0,0,0,1
patient00064/study1,patient00064/study1/view1_frontal.dcm,Fracture,disease,present,absent,mismatch,0,1,0,0
patient00064/study1,patient00064/study1/view1_frontal.dcm,Lung Lesion,disease,uncertain,absent,partial,0,0,0,1
patient00064/study1,patient00064/study1/view1_frontal.dcm,Lung Opacity,disease,present,present,exact,1,0,0,0
patient00064/study1,patient00064/study1/view1_frontal.dcm,Enlarged Cardiomediastinum,disease,uncertain,absent,partial,0,0,0,1
patient00064/study1,patient00064/study1/view1_frontal.dcm,Pleural Other,disease,uncertain,absent,partial,0,0,0,1
patient00064/study1,patient00064/study1/view1_frontal.dcm,Support Devices,non_disease,uncertain,present,partial,0,0,1,0
patient00064/study1,patient00064/study1/view1_frontal.dcm,No Finding,non_disease,absent,absent,exact,0,0,0,1
patient00067/study4,patient00067/study4/view1_frontal.dcm,Atelectasis,disease,present,absent,mismatch,0,1,0,0
patient00067/study4,patient00067/study4/view1_frontal.dcm,Cardiomegaly,disease,absent,absent,exact,0,0,0,1
patient00067/study4,patient00067/study4/view1_frontal.dcm,Consolidation,disease,present,absent,mismatch,0,1,0,0
patient00067/study4,patient00067/study4/view1_frontal.dcm,Edema,disease,absent,absent,exact,0,0,0,1
patient00067/study4,patient00067/study4/view1_frontal.dcm,Pleural Effusion,disease,present,present,exact,1,0,0,0
patient00067/study4,patient00067/study4/view1_frontal.dcm,Pneumonia,disease,absent,absent,exact,0,0,0,1
patient00067/study4,patient00067/study4/view1_frontal.dcm,Pneumothorax,disease,uncertain,absent,partial,0,0,0,1
patient00067/study4,patient00067/study4/view1_frontal.dcm,Fracture,disease,uncertain,absent,partial,0,0,0,1
patient00067/study4,patient00067/study4/view1_frontal.dcm,Lung Lesion,disease,absent,absent,exact,0,0,0,1
patient00067/study4,patient00067/study4/view1_frontal.dcm,Lung Opacity,disease,present,absent,mismatch,0,1,0,0
patient00067/study4,patient00067/study4/view1_frontal.dcm,Enlarged Cardiomediastinum,disease,uncertain,absent,partial,0,0,0,1
patient00067/study4,patient00067/study4/view1_frontal.dcm,Pleural Other,disease,uncertain,absent,partial,0,0,0,1
patient00067/study4,patient00067/study4/view1_frontal.dcm,Support Devices,non_disease,uncertain,present,partial,0,0,1,0
patient00067/study4,patient00067/study4/view1_frontal.dcm,No Finding,non_disease,absent,absent,exact,0,0,0,1
patient00067/study3,patient00067/study3/view1_frontal.dcm,Atelectasis,disease,present,absent,mismatch,0,1,0,0
patient00067/study3,patient00067/study3/view1_frontal.dcm,Cardiomegaly,disease,absent,absent,exact,0,0,0,1
patient00067/study3,patient00067/study3/view1_frontal.dcm,Consolidation,disease,present,present,exact,1,0,0,0
patient00067/study3,patient00067/study3/view1_frontal.dcm,Edema,disease,absent,absent,exact,0,0,0,1
patient00067/study3,patient00067/study3/view1_frontal.dcm,Pleural Effusion,disease,uncertain,absent,partial,0,0,0,1
patient00067/study3,patient00067/study3/view1_frontal.dcm,Pneumonia,disease,absent,absent,exact,0,0,0,1
patient00067/study3,patient00067/study3/view1_frontal.dcm,Pneumothorax,disease,present,present,exact,1,0,0,0
patient00067/study3,patient00067/study3/view1_frontal.dcm,Fracture,disease,uncertain,absent,partial,0,0,0,1
patient00067/study3,patient00067/study3/view1_frontal.dcm,Lung Lesion,disease,uncertain,absent,partial,0,0,0,1
patient00067/study3,patient00067/study3/view1_frontal.dcm,Lung Opacity,disease,uncertain,absent,partial,0,0,0,1
patient00067/study3,patient00067/study3/view1_frontal.dcm,Enlarged Cardiomediastinum,disease,uncertain,absent,partial,0,0,0,1
patient00067/study3,patient00067/study3/view1_frontal.dcm,Pleural Other,disease,uncertain,absent,partial,0,0,0,1
patient00067/study3,patient00067/study3/view1_frontal.dcm,Support Devices,non_disease,uncertain,present,partial,0,0,1,0
patient00067/study3,patient00067/study3/view1_frontal.dcm,No Finding,non_disease,absent,absent,exact,0,0,0,1
patient00067/study1,patient00067/study1/view1_frontal.dcm,Atelectasis,disease,uncertain,absent,partial,0,0,0,1
patient00067/study1,patient00067/study1/view1_frontal.dcm,Cardiomegaly,disease,absent,absent,exact,0,0,0,1
patient00067/study1,patient00067/study1/view1_frontal.dcm,Consolidation,disease,uncertain,absent,partial,0,0,0,1
patient00067/study1,patient00067/study1/view1_frontal.dcm,Edema,disease,absent,absent,exact,0,0,0,1
patient00067/study1,patient00067/study1/view1_frontal.dcm,Pleural Effusion,disease,present,present,exact,1,0,0,0
patient00067/study1,patient00067/study1/view1_frontal.dcm,Pneumonia,disease,uncertain,absent,partial,0,0,0,1
patient00067/study1,patient00067/study1/view1_frontal.dcm,Pneumothorax,disease,uncertain,absent,partial,0,0,0,1
patient00067/study1,patient00067/study1/view1_frontal.dcm,Fracture,disease,uncertain,absent,partial,0,0,0,1
patient00067/study1,patient00067/study1/view1_frontal.dcm,Lung Lesion,disease,absent,absent,exact,0,0,0,1
patient00067/study1,patient00067/study1/view1_frontal.dcm,Lung Opacity,disease,present,absent,mismatch,0,1,0,0
patient00067/study1,patient00067/study1/view1_frontal.dcm,Enlarged Cardiomediastinum,disease,uncertain,absent,partial,0,0,0,1
patient00067/study1,patient00067/study1/view1_frontal.dcm,Pleural Other,disease,uncertain,absent,partial,0,0,0,1
patient00067/study1,patient00067/study1/view1_frontal.dcm,Support Devices,non_disease,uncertain,present,partial,0,0,1,0
patient00067/study1,patient00067/study1/view1_frontal.dcm,No Finding,non_disease,absent,absent,exact,0,0,0,1
patient00067/study2,patient00067/study2/view1_frontal.dcm,Atelectasis,disease,present,absent,mismatch,0,1,0,0
patient00067/study2,patient00067/study2/view1_frontal.dcm,Cardiomegaly,disease,uncertain,absent,partial,0,0,0,1
patient00067/study2,patient00067/study2/view1_frontal.dcm,Consolidation,disease,present,absent,mismatch,0,1,0,0
patient00067/study2,patient00067/study2/view1_frontal.dcm,Edema,disease,uncertain,absent,partial,0,0,0,1
patient00067/study2,patient00067/study2/view1_frontal.dcm,Pleural Effusion,disease,present,present,exact,1,0,0,0
patient00067/study2,patient00067/study2/view1_frontal.dcm,Pneumonia,disease,uncertain,absent,partial,0,0,0,1
patient00067/study2,patient00067/study2/view1_frontal.dcm,Pneumothorax,disease,uncertain,absent,partial,0,0,0,1
patient00067/study2,patient00067/study2/view1_frontal.dcm,Fracture,disease,uncertain,absent,partial,0,0,0,1
patient00067/study2,patient00067/study2/view1_frontal.dcm,Lung Lesion,disease,absent,absent,exact,0,0,0,1
patient00067/study2,patient00067/study2/view1_frontal.dcm,Lung Opacity,disease,present,absent,mismatch,0,1,0,0
patient00067/study2,patient00067/study2/view1_frontal.dcm,Enlarged Cardiomediastinum,disease,uncertain,absent,partial,0,0,0,1
patient00067/study2,patient00067/study2/view1_frontal.dcm,Pleural Other,disease,uncertain,absent,partial,0,0,0,1
patient00067/study2,patient00067/study2/view1_frontal.dcm,Support Devices,non_disease,uncertain,absent,partial,0,0,0,1
patient00067/study2,patient00067/study2/view1_frontal.dcm,No Finding,non_disease,absent,absent,exact,0,0,0,1
patient00068/study1,patient00068/study1/view1_frontal.dcm,Atelectasis,disease,present,absent,mismatch,0,1,0,0
patient00068/study1,patient00068/study1/view1_frontal.dcm,Cardiomegaly,disease,present,absent,mismatch,0,1,0,0
patient00068/study1,patient00068/study1/view1_frontal.dcm,Consolidation,disease,uncertain,absent,partial,0,0,0,1
patient00068/study1,patient00068/study1/view1_frontal.dcm,Edema,disease,uncertain,present,partial,0,0,1,0
patient00068/study1,patient00068/study1/view1_frontal.dcm,Pleural Effusion,disease,uncertain,absent,partial,0,0,0,1
patient00068/study1,patient00068/study1/view1_frontal.dcm,Pneumonia,disease,absent,absent,exact,0,0,0,1
patient00068/study1,patient00068/study1/view1_frontal.dcm,Pneumothorax,disease,uncertain,absent,partial,0,0,0,1
patient00068/study1,patient00068/study1/view1_frontal.dcm,Fracture,disease,uncertain,absent,partial,0,0,0,1
patient00068/study1,patient00068/study1/view1_frontal.dcm,Lung Lesion,disease,absent,absent,exact,0,0,0,1
patient00068/study1,patient00068/study1/view1_frontal.dcm,Lung Opacity,disease,present,absent,mismatch,0,1,0,0
patient00068/study1,patient00068/study1/view1_frontal.dcm,Enlarged Cardiomediastinum,disease,uncertain,absent,partial,0,0,0,1
patient00068/study1,patient00068/study1/view1_frontal.dcm,Pleural Other,disease,uncertain,absent,partial,0,0,0,1
patient00068/study1,patient00068/study1/view1_frontal.dcm,Support Devices,non_disease,uncertain,absent,partial,0,0,0,1
patient00068/study1,patient00068/study1/view1_frontal.dcm,No Finding,non_disease,absent,absent,exact,0,0,0,1
patient00070/study1,patient00070/study1/view1_frontal.dcm,Atelectasis,disease,absent,absent,exact,0,0,0,1
patient00070/study1,patient00070/study1/view1_frontal.dcm,Cardiomegaly,disease,absent,absent,exact,0,0,0,1
patient00070/study1,patient00070/study1/view1_frontal.dcm,Consolidation,disease,absent,present,mismatch,0,0,1,0
patient00070/study1,patient00070/study1/view1_frontal.dcm,Edema,disease,absent,absent,exact,0,0,0,1
patient00070/study1,patient00070/study1/view1_frontal.dcm,Pleural Effusion,disease,absent,present,mismatch,0,0,1,0
patient00070/study1,patient00070/study1/view1_frontal.dcm,Pneumonia,disease,absent,absent,exact,0,0,0,1
patient00070/study1,patient00070/study1/view1_frontal.dcm,Pneumothorax,disease,absent,present,mismatch,0,0,1,0
patient00070/study1,patient00070/study1/view1_frontal.dcm,Fracture,disease,absent,absent,exact,0,0,0,1
patient00070/study1,patient00070/study1/view1_frontal.dcm,Lung Lesion,disease,absent,absent,exact,0,0,0,1
patient00070/study1,patient00070/study1/view1_frontal.dcm,Lung Opacity,disease,absent,absent,exact,0,0,0,1
patient00070/study1,patient00070/study1/view1_frontal.dcm,Enlarged Cardiomediastinum,disease,absent,absent,exact,0,0,0,1
patient00070/study1,patient00070/study1/view1_frontal.dcm,Pleural Other,disease,absent,absent,exact,0,0,0,1
patient00070/study1,patient00070/study1/view1_frontal.dcm,Support Devices,non_disease,unavailable,absent,not_evaluable,0,0,0,1
patient00070/study1,patient00070/study1/view1_frontal.dcm,No Finding,non_disease,absent,absent,exact,0,0,0,1
patient00076/study1,patient00076/study1/view1_frontal.dcm,Atelectasis,disease,uncertain,absent,partial,0,0,0,1
patient00076/study1,patient00076/study1/view1_frontal.dcm,Cardiomegaly,disease,uncertain,absent,partial,0,0,0,1
patient00076/study1,patient00076/study1/view1_frontal.dcm,Consolidation,disease,present,absent,mismatch,0,1,0,0
patient00076/study1,patient00076/study1/view1_frontal.dcm,Edema,disease,present,absent,mismatch,0,1,0,0
patient00076/study1,patient00076/study1/view1_frontal.dcm,Pleural Effusion,disease,present,present,exact,1,0,0,0
patient00076/study1,patient00076/study1/view1_frontal.dcm,Pneumonia,disease,absent,absent,exact,0,0,0,1
patient00076/study1,patient00076/study1/view1_frontal.dcm,Pneumothorax,disease,uncertain,absent,partial,0,0,0,1
patient00076/study1,patient00076/study1/view1_frontal.dcm,Fracture,disease,uncertain,absent,partial,0,0,0,1
patient00076/study1,patient00076/study1/view1_frontal.dcm,Lung Lesion,disease,absent,absent,exact,0,0,0,1
patient00076/study1,patient00076/study1/view1_frontal.dcm,Lung Opacity,disease,present,present,exact,1,0,0,0
patient00076/study1,patient00076/study1/view1_frontal.dcm,Enlarged Cardiomediastinum,disease,uncertain,absent,partial,0,0,0,1
patient00076/study1,patient00076/study1/view1_frontal.dcm,Pleural Other,disease,absent,absent,exact,0,0,0,1
patient00076/study1,patient00076/study1/view1_frontal.dcm,Support Devices,non_disease,uncertain,present,partial,0,0,1,0
patient00076/study1,patient00076/study1/view1_frontal.dcm,No Finding,non_disease,absent,absent,exact,0,0,0,1
patient00078/study6,patient00078/study6/view1_frontal.dcm,Atelectasis,disease,uncertain,absent,partial,0,0,0,1
patient00078/study6,patient00078/study6/view1_frontal.dcm,Cardiomegaly,disease,absent,absent,exact,0,0,0,1
patient00078/study6,patient00078/study6/view1_frontal.dcm,Consolidation,disease,present,absent,mismatch,0,1,0,0
patient00078/study6,patient00078/study6/view1_frontal.dcm,Edema,disease,absent,absent,exact,0,0,0,1
patient00078/study6,patient00078/study6/view1_frontal.dcm,Pleural Effusion,disease,absent,absent,exact,0,0,0,1
patient00078/study6,patient00078/study6/view1_frontal.dcm,Pneumonia,disease,absent,absent,exact,0,0,0,1
patient00078/study6,patient00078/study6/view1_frontal.dcm,Pneumothorax,disease,present,present,exact,1,0,0,0
patient00078/study6,patient00078/study6/view1_frontal.dcm,Fracture,disease,present,absent,mismatch,0,1,0,0
patient00078/study6,patient00078/study6/view1_frontal.dcm,Lung Lesion,disease,absent,absent,exact,0,0,0,1
patient00078/study6,patient00078/study6/view1_frontal.dcm,Lung Opacity,disease,uncertain,absent,partial,0,0,0,1
patient00078/study6,patient00078/study6/view1_frontal.dcm,Enlarged Cardiomediastinum,disease,absent,absent,exact,0,0,0,1
patient00078/study6,patient00078/study6/view1_frontal.dcm,Pleural Other,disease,uncertain,absent,partial,0,0,0,1
patient00078/study6,patient00078/study6/view1_frontal.dcm,Support Devices,non_disease,uncertain,absent,partial,0,0,0,1
patient00078/study6,patient00078/study6/view1_frontal.dcm,No Finding,non_disease,absent,absent,exact,0,0,0,1
patient00078/study7,patient00078/study7/view1_frontal.dcm,Atelectasis,disease,uncertain,absent,partial,0,0,0,1
patient00078/study7,patient00078/study7/view1_frontal.dcm,Cardiomegaly,disease,absent,absent,exact,0,0,0,1
patient00078/study7,patient00078/study7/view1_frontal.dcm,Consolidation,disease,present,absent,mismatch,0,1,0,0
patient00078/study7,patient00078/study7/view1_frontal.dcm,Edema,disease,absent,absent,exact,0,0,0,1
patient00078/study7,patient00078/study7/view1_frontal.dcm,Pleural Effusion,disease,uncertain,absent,partial,0,0,0,1
patient00078/study7,patient00078/study7/view1_frontal.dcm,Pneumonia,disease,absent,absent,exact,0,0,0,1
patient00078/study7,patient00078/study7/view1_frontal.dcm,Pneumothorax,disease,present,present,exact,1,0,0,0
patient00078/study7,patient00078/study7/view1_frontal.dcm,Fracture,disease,uncertain,absent,partial,0,0,0,1
patient00078/study7,patient00078/study7/view1_frontal.dcm,Lung Lesion,disease,absent,absent,exact,0,0,0,1
patient00078/study7,patient00078/study7/view1_frontal.dcm,Lung Opacity,disease,uncertain,absent,partial,0,0,0,1
patient00078/study7,patient00078/study7/view1_frontal.dcm,Enlarged Cardiomediastinum,disease,absent,absent,exact,0,0,0,1
patient00078/study7,patient00078/study7/view1_frontal.dcm,Pleural Other,disease,uncertain,absent,partial,0,0,0,1
patient00078/study7,patient00078/study7/view1_frontal.dcm,Support Devices,non_disease,uncertain,present,partial,0,0,1,0
patient00078/study7,patient00078/study7/view1_frontal.dcm,No Finding,non_disease,absent,absent,exact,0,0,0,1
patient00078/study9,patient00078/study9/view1_frontal.dcm,Atelectasis,disease,absent,absent,exact,0,0,0,1
patient00078/study9,patient00078/study9/view1_frontal.dcm,Cardiomegaly,disease,absent,absent,exact,0,0,0,1
patient00078/study9,patient00078/study9/view1_frontal.dcm,Consolidation,disease,uncertain,absent,partial,0,0,0,1
patient00078/study9,patient00078/study9/view1_frontal.dcm,Edema,disease,absent,absent,exact,0,0,0,1
patient00078/study9,patient00078/study9/view1_frontal.dcm,Pleural Effusion,disease,absent,absent,exact,0,0,0,1
patient00078/study9,patient00078/study9/view1_frontal.dcm,Pneumonia,disease,absent,absent,exact,0,0,0,1
patient00078/study9,patient00078/study9/view1_frontal.dcm,Pneumothorax,disease,uncertain,present,partial,0,0,1,0
patient00078/study9,patient00078/study9/view1_frontal.dcm,Fracture,disease,uncertain,absent,partial,0,0,0,1
patient00078/study9,patient00078/study9/view1_frontal.dcm,Lung Lesion,disease,absent,absent,exact,0,0,0,1
patient00078/study9,patient00078/study9/view1_frontal.dcm,Lung Opacity,disease,absent,absent,exact,0,0,0,1
patient00078/study9,patient00078/study9/view1_frontal.dcm,Enlarged Cardiomediastinum,disease,absent,absent,exact,0,0,0,1
patient00078/study9,patient00078/study9/view1_frontal.dcm,Pleural Other,disease,absent,absent,exact,0,0,0,1
patient00078/study9,patient00078/study9/view1_frontal.dcm,Support Devices,non_disease,uncertain,present,partial,0,0,1,0
patient00078/study9,patient00078/study9/view1_frontal.dcm,No Finding,non_disease,absent,absent,exact,0,0,0,1
patient00078/study5,patient00078/study5/view1_frontal.dcm,Atelectasis,disease,present,absent,mismatch,0,1,0,0
patient00078/study5,patient00078/study5/view1_frontal.dcm,Cardiomegaly,disease,absent,absent,exact,0,0,0,1
patient00078/study5,patient00078/study5/view1_frontal.dcm,Consolidation,disease,absent,absent,exact,0,0,0,1
patient00078/study5,patient00078/study5/view1_frontal.dcm,Edema,disease,absent,absent,exact,0,0,0,1
patient00078/study5,patient00078/study5/view1_frontal.dcm,Pleural Effusion,disease,absent,absent,exact,0,0,0,1
patient00078/study5,patient00078/study5/view1_frontal.dcm,Pneumonia,disease,absent,absent,exact,0,0,0,1
patient00078/study5,patient00078/study5/view1_frontal.dcm,Pneumothorax,disease,uncertain,present,partial,0,0,1,0
patient00078/study5,patient00078/study5/view1_frontal.dcm,Fracture,disease,uncertain,absent,partial,0,0,0,1
patient00078/study5,patient00078/study5/view1_frontal.dcm,Lung Lesion,disease,absent,absent,exact,0,0,0,1
patient00078/study5,patient00078/study5/view1_frontal.dcm,Lung Opacity,disease,uncertain,absent,partial,0,0,0,1
patient00078/study5,patient00078/study5/view1_frontal.dcm,Enlarged Cardiomediastinum,disease,absent,absent,exact,0,0,0,1
patient00078/study5,patient00078/study5/view1_frontal.dcm,Pleural Other,disease,absent,absent,exact,0,0,0,1
patient00078/study5,patient00078/study5/view1_frontal.dcm,Support Devices,non_disease,uncertain,absent,partial,0,0,0,1
patient00078/study5,patient00078/study5/view1_frontal.dcm,No Finding,non_disease,absent,absent,exact,0,0,0,1
patient00078/study4,patient00078/study4/view1_frontal.dcm,Atelectasis,disease,absent,absent,exact,0,0,0,1
patient00078/study4,patient00078/study4/view1_frontal.dcm,Cardiomegaly,disease,absent,absent,exact,0,0,0,1
patient00078/study4,patient00078/study4/view1_frontal.dcm,Consolidation,disease,absent,absent,exact,0,0,0,1
patient00078/study4,patient00078/study4/view1_frontal.dcm,Edema,disease,absent,absent,exact,0,0,0,1
patient00078/study4,patient00078/study4/view1_frontal.dcm,Pleural Effusion,disease,absent,absent,exact,0,0,0,1
patient00078/study4,patient00078/study4/view1_frontal.dcm,Pneumonia,disease,absent,absent,exact,0,0,0,1
patient00078/study4,patient00078/study4/view1_frontal.dcm,Pneumothorax,disease,present,present,exact,1,0,0,0
patient00078/study4,patient00078/study4/view1_frontal.dcm,Fracture,disease,present,absent,mismatch,0,1,0,0
patient00078/study4,patient00078/study4/view1_frontal.dcm,Lung Lesion,disease,absent,absent,exact,0,0,0,1
patient00078/study4,patient00078/study4/view1_frontal.dcm,Lung Opacity,disease,uncertain,absent,partial,0,0,0,1
patient00078/study4,patient00078/study4/view1_frontal.dcm,Enlarged Cardiomediastinum,disease,absent,absent,exact,0,0,0,1
patient00078/study4,patient00078/study4/view1_frontal.dcm,Pleural Other,disease,absent,absent,exact,0,0,0,1
patient00078/study4,patient00078/study4/view1_frontal.dcm,Support Devices,non_disease,uncertain,absent,partial,0,0,0,1
patient00078/study4,patient00078/study4/view1_frontal.dcm,No Finding,non_disease,absent,absent,exact,0,0,0,1
patient00078/study1,patient00078/study1/view1_frontal.dcm,Atelectasis,disease,absent,absent,exact,0,0,0,1
patient00078/study1,patient00078/study1/view1_frontal.dcm,Cardiomegaly,disease,absent,absent,exact,0,0,0,1
patient00078/study1,patient00078/study1/view1_frontal.dcm,Consolidation,disease,absent,absent,exact,0,0,0,1
patient00078/study1,patient00078/study1/view1_frontal.dcm,Edema,disease,absent,absent,exact,0,0,0,1
patient00078/study1,patient00078/study1/view1_frontal.dcm,Pleural Effusion,disease,absent,absent,exact,0,0,0,1
patient00078/study1,patient00078/study1/view1_frontal.dcm,Pneumonia,disease,absent,absent,exact,0,0,0,1
patient00078/study1,patient00078/study1/view1_frontal.dcm,Pneumothorax,disease,present,present,exact,1,0,0,0
patient00078/study1,patient00078/study1/view1_frontal.dcm,Fracture,disease,uncertain,absent,partial,0,0,0,1
patient00078/study1,patient00078/study1/view1_frontal.dcm,Lung Lesion,disease,absent,absent,exact,0,0,0,1
patient00078/study1,patient00078/study1/view1_frontal.dcm,Lung Opacity,disease,absent,absent,exact,0,0,0,1
patient00078/study1,patient00078/study1/view1_frontal.dcm,Enlarged Cardiomediastinum,disease,absent,absent,exact,0,0,0,1
patient00078/study1,patient00078/study1/view1_frontal.dcm,Pleural Other,disease,uncertain,absent,partial,0,0,0,1
patient00078/study1,patient00078/study1/view1_frontal.dcm,Support Devices,non_disease,uncertain,present,partial,0,0,1,0
patient00078/study1,patient00078/study1/view1_frontal.dcm,No Finding,non_disease,absent,absent,exact,0,0,0,1
patient00078/study8,patient00078/study8/view1_frontal.dcm,Atelectasis,disease,absent,absent,exact,0,0,0,1
patient00078/study8,patient00078/study8/view1_frontal.dcm,Cardiomegaly,disease,absent,absent,exact,0,0,0,1
patient00078/study8,patient00078/study8/view1_frontal.dcm,Consolidation,disease,absent,absent,exact,0,0,0,1
patient00078/study8,patient00078/study8/view1_frontal.dcm,Edema,disease,absent,absent,exact,0,0,0,1
patient00078/study8,patient00078/study8/view1_frontal.dcm,Pleural Effusion,disease,absent,absent,exact,0,0,0,1
patient00078/study8,patient00078/study8/view1_frontal.dcm,Pneumonia,disease,absent,absent,exact,0,0,0,1
patient00078/study8,patient00078/study8/view1_frontal.dcm,Pneumothorax,disease,uncertain,present,partial,0,0,1,0
patient00078/study8,patient00078/study8/view1_frontal.dcm,Fracture,disease,uncertain,absent,partial,0,0,0,1
patient00078/study8,patient00078/study8/view1_frontal.dcm,Lung Lesion,disease,absent,absent,exact,0,0,0,1
patient00078/study8,patient00078/study8/view1_frontal.dcm,Lung Opacity,disease,absent,absent,exact,0,0,0,1
patient00078/study8,patient00078/study8/view1_frontal.dcm,Enlarged Cardiomediastinum,disease,absent,absent,exact,0,0,0,1
patient00078/study8,patient00078/study8/view1_frontal.dcm,Pleural Other,disease,absent,absent,exact,0,0,0,1
patient00078/study8,patient00078/study8/view1_frontal.dcm,Support Devices,non_disease,uncertain,present,partial,0,0,1,0
patient00078/study8,patient00078/study8/view1_frontal.dcm,No Finding,non_disease,absent,absent,exact,0,0,0,1
patient00078/study3,patient00078/study3/view1_frontal.dcm,Atelectasis,disease,present,absent,mismatch,0,1,0,0
patient00078/study3,patient00078/study3/view1_frontal.dcm,Cardiomegaly,disease,absent,absent,exact,0,0,0,1
patient00078/study3,patient00078/study3/view1_frontal.dcm,Consolidation,disease,present,absent,mismatch,0,1,0,0
patient00078/study3,patient00078/study3/view1_frontal.dcm,Edema,disease,uncertain,absent,partial,0,0,0,1
patient00078/study3,patient00078/study3/view1_frontal.dcm,Pleural Effusion,disease,present,absent,mismatch,0,1,0,0
patient00078/study3,patient00078/study3/view1_frontal.dcm,Pneumonia,disease,absent,absent,exact,0,0,0,1
patient00078/study3,patient00078/study3/view1_frontal.dcm,Pneumothorax,disease,present,present,exact,1,0,0,0
patient00078/study3,patient00078/study3/view1_frontal.dcm,Fracture,disease,uncertain,absent,partial,0,0,0,1
patient00078/study3,patient00078/study3/view1_frontal.dcm,Lung Lesion,disease,absent,absent,exact,0,0,0,1
patient00078/study3,patient00078/study3/view1_frontal.dcm,Lung Opacity,disease,present,absent,mismatch,0,1,0,0
patient00078/study3,patient00078/study3/view1_frontal.dcm,Enlarged Cardiomediastinum,disease,uncertain,absent,partial,0,0,0,1
patient00078/study3,patient00078/study3/view1_frontal.dcm,Pleural Other,disease,uncertain,absent,partial,0,0,0,1
patient00078/study3,patient00078/study3/view1_frontal.dcm,Support Devices,non_disease,uncertain,absent,partial,0,0,0,1
patient00078/study3,patient00078/study3/view1_frontal.dcm,No Finding,non_disease,absent,absent,exact,0,0,0,1
patient00078/study2,patient00078/study2/view1_frontal.dcm,Atelectasis,disease,present,absent,mismatch,0,1,0,0
patient00078/study2,patient00078/study2/view1_frontal.dcm,Cardiomegaly,disease,absent,absent,exact,0,0,0,1
patient00078/study2,patient00078/study2/view1_frontal.dcm,Consolidation,disease,present,absent,mismatch,0,1,0,0
patient00078/study2,patient00078/study2/view1_frontal.dcm,Edema,disease,absent,absent,exact,0,0,0,1
patient00078/study2,patient00078/study2/view1_frontal.dcm,Pleural Effusion,disease,uncertain,absent,partial,0,0,0,1
patient00078/study2,patient00078/study2/view1_frontal.dcm,Pneumonia,disease,absent,absent,exact,0,0,0,1
patient00078/study2,patient00078/study2/view1_frontal.dcm,Pneumothorax,disease,present,present,exact,1,0,0,0
patient00078/study2,patient00078/study2/view1_frontal.dcm,Fracture,disease,present,absent,mismatch,0,1,0,0
patient00078/study2,patient00078/study2/view1_frontal.dcm,Lung Lesion,disease,absent,absent,exact,0,0,0,1
patient00078/study2,patient00078/study2/view1_frontal.dcm,Lung Opacity,disease,uncertain,absent,partial,0,0,0,1
patient00078/study2,patient00078/study2/view1_frontal.dcm,Enlarged Cardiomediastinum,disease,uncertain,absent,partial,0,0,0,1
patient00078/study2,patient00078/study2/view1_frontal.dcm,Pleural Other,disease,uncertain,absent,partial,0,0,0,1
patient00078/study2,patient00078/study2/view1_frontal.dcm,Support Devices,non_disease,uncertain,present,partial,0,0,1,0
patient00078/study2,patient00078/study2/view1_frontal.dcm,No Finding,non_disease,absent,absent,exact,0,0,0,1
patient00087/study3,patient00087/study3/view1_frontal.dcm,Atelectasis,disease,uncertain,absent,partial,0,0,0,1
patient00087/study3,patient00087/study3/view1_frontal.dcm,Cardiomegaly,disease,present,absent,mismatch,0,1,0,0
patient00087/study3,patient00087/study3/view1_frontal.dcm,Consolidation,disease,uncertain,absent,partial,0,0,0,1
patient00087/study3,patient00087/study3/view1_frontal.dcm,Edema,disease,absent,absent,exact,0,0,0,1
patient00087/study3,patient00087/study3/view1_frontal.dcm,Pleural Effusion,disease,present,uncertain,partial,0,1,0,0
patient00087/study3,patient00087/study3/view1_frontal.dcm,Pneumonia,disease,uncertain,absent,partial,0,0,0,1
patient00087/study3,patient00087/study3/view1_frontal.dcm,Pneumothorax,disease,present,absent,mismatch,0,1,0,0
patient00087/study3,patient00087/study3/view1_frontal.dcm,Fracture,disease,uncertain,absent,partial,0,0,0,1
patient00087/study3,patient00087/study3/view1_frontal.dcm,Lung Lesion,disease,uncertain,absent,partial,0,0,0,1
patient00087/study3,patient00087/study3/view1_frontal.dcm,Lung Opacity,disease,uncertain,absent,partial,0,0,0,1
patient00087/study3,patient00087/study3/view1_frontal.dcm,Enlarged Cardiomediastinum,disease,uncertain,absent,partial,0,0,0,1
patient00087/study3,patient00087/study3/view1_frontal.dcm,Pleural Other,disease,uncertain,absent,partial,0,0,0,1
patient00087/study3,patient00087/study3/view1_frontal.dcm,Support Devices,non_disease,unavailable,absent,not_evaluable,0,0,0,1
patient00087/study3,patient00087/study3/view1_frontal.dcm,No Finding,non_disease,absent,absent,exact,0,0,0,1
patient00087/study3,patient00087/study3/view2_frontal.dcm,Atelectasis,disease,uncertain,absent,partial,0,0,0,1
patient00087/study3,patient00087/study3/view2_frontal.dcm,Cardiomegaly,disease,uncertain,absent,partial,0,0,0,1
patient00087/study3,patient00087/study3/view2_frontal.dcm,Consolidation,disease,present,absent,mismatch,0,1,0,0
patient00087/study3,patient00087/study3/view2_frontal.dcm,Edema,disease,absent,absent,exact,0,0,0,1
patient00087/study3,patient00087/study3/view2_frontal.dcm,Pleural Effusion,disease,uncertain,uncertain,exact,0,0,0,1
patient00087/study3,patient00087/study3/view2_frontal.dcm,Pneumonia,disease,absent,absent,exact,0,0,0,1
patient00087/study3,patient00087/study3/view2_frontal.dcm,Pneumothorax,disease,uncertain,absent,partial,0,0,0,1
patient00087/study3,patient00087/study3/view2_frontal.dcm,Fracture,disease,uncertain,absent,partial,0,0,0,1
patient00087/study3,patient00087/study3/view2_frontal.dcm,Lung Lesion,disease,absent,absent,exact,0,0,0,1
patient00087/study3,patient00087/study3/view2_frontal.dcm,Lung Opacity,disease,uncertain,absent,partial,0,0,0,1
patient00087/study3,patient00087/study3/view2_frontal.dcm,Enlarged Cardiomediastinum,disease,absent,absent,exact,0,0,0,1
patient00087/study3,patient00087/study3/view2_frontal.dcm,Pleural Other,disease,uncertain,absent,partial,0,0,0,1
patient00087/study3,patient00087/study3/view2_frontal.dcm,Support Devices,non_disease,unavailable,absent,not_evaluable,0,0,0,1
patient00087/study3,patient00087/study3/view2_frontal.dcm,No Finding,non_disease,absent,absent,exact,0,0,0,1
patient00087/study3,patient00087/study3/view3_lateral.dcm,Atelectasis,disease,present,absent,mismatch,0,1,0,0
patient00087/study3,patient00087/study3/view3_lateral.dcm,Cardiomegaly,disease,absent,absent,exact,0,0,0,1
patient00087/study3,patient00087/study3/view3_lateral.dcm,Consolidation,disease,present,absent,mismatch,0,1,0,0
patient00087/study3,patient00087/study3/view3_lateral.dcm,Edema,disease,absent,absent,exact,0,0,0,1
patient00087/study3,patient00087/study3/view3_lateral.dcm,Pleural Effusion,disease,uncertain,uncertain,exact,0,0,0,1
patient00087/study3,patient00087/study3/view3_lateral.dcm,Pneumonia,disease,uncertain,absent,partial,0,0,0,1
patient00087/study3,patient00087/study3/view3_lateral.dcm,Pneumothorax,disease,present,absent,mismatch,0,1,0,0
patient00087/study3,patient00087/study3/view3_lateral.dcm,Fracture,disease,present,absent,mismatch,0,1,0,0
patient00087/study3,patient00087/study3/view3_lateral.dcm,Lung Lesion,disease,absent,absent,exact,0,0,0,1
patient00087/study3,patient00087/study3/view3_lateral.dcm,Lung Opacity,disease,present,absent,mismatch,0,1,0,0
patient00087/study3,patient00087/study3/view3_lateral.dcm,Enlarged Cardiomediastinum,disease,uncertain,absent,partial,0,0,0,1
patient00087/study3,patient00087/study3/view3_lateral.dcm,Pleural Other,disease,uncertain,absent,partial,0,0,0,1
patient00087/study3,patient00087/study3/view3_lateral.dcm,Support Devices,non_disease,uncertain,absent,partial,0,0,0,1
patient00087/study3,patient00087/study3/view3_lateral.dcm,No Finding,non_disease,absent,absent,exact,0,0,0,1
patient00087/study1,patient00087/study1/view1_frontal.dcm,Atelectasis,disease,present,absent,mismatch,0,1,0,0
patient00087/study1,patient00087/study1/view1_frontal.dcm,Cardiomegaly,disease,uncertain,absent,partial,0,0,0,1
patient00087/study1,patient00087/study1/view1_frontal.dcm,Consolidation,disease,present,absent,mismatch,0,1,0,0
patient00087/study1,patient00087/study1/view1_frontal.dcm,Edema,disease,present,absent,mismatch,0,1,0,0
patient00087/study1,patient00087/study1/view1_frontal.dcm,Pleural Effusion,disease,uncertain,present,partial,0,0,1,0
patient00087/study1,patient00087/study1/view1_frontal.dcm,Pneumonia,disease,absent,absent,exact,0,0,0,1
patient00087/study1,patient00087/study1/view1_frontal.dcm,Pneumothorax,disease,uncertain,absent,partial,0,0,0,1
patient00087/study1,patient00087/study1/view1_frontal.dcm,Fracture,disease,uncertain,absent,partial,0,0,0,1
patient00087/study1,patient00087/study1/view1_frontal.dcm,Lung Lesion,disease,absent,absent,exact,0,0,0,1
patient00087/study1,patient00087/study1/view1_frontal.dcm,Lung Opacity,disease,present,present,exact,1,0,0,0
patient00087/study1,patient00087/study1/view1_frontal.dcm,Enlarged Cardiomediastinum,disease,uncertain,absent,partial,0,0,0,1
patient00087/study1,patient00087/study1/view1_frontal.dcm,Pleural Other,disease,uncertain,absent,partial,0,0,0,1
patient00087/study1,patient00087/study1/view1_frontal.dcm,Support Devices,non_disease,uncertain,present,partial,0,0,1,0
patient00087/study1,patient00087/study1/view1_frontal.dcm,No Finding,non_disease,absent,absent,exact,0,0,0,1
patient00087/study2,patient00087/study2/view1_frontal.dcm,Atelectasis,disease,present,absent,mismatch,0,1,0,0
patient00087/study2,patient00087/study2/view1_frontal.dcm,Cardiomegaly,disease,uncertain,present,partial,0,0,1,0
patient00087/study2,patient00087/study2/view1_frontal.dcm,Consolidation,disease,uncertain,absent,partial,0,0,0,1
patient00087/study2,patient00087/study2/view1_frontal.dcm,Edema,disease,uncertain,absent,partial,0,0,0,1
patient00087/study2,patient00087/study2/view1_frontal.dcm,Pleural Effusion,disease,present,present,exact,1,0,0,0
patient00087/study2,patient00087/study2/view1_frontal.dcm,Pneumonia,disease,uncertain,absent,partial,0,0,0,1
patient00087/study2,patient00087/study2/view1_frontal.dcm,Pneumothorax,disease,uncertain,present,partial,0,0,1,0
patient00087/study2,patient00087/study2/view1_frontal.dcm,Fracture,disease,uncertain,absent,partial,0,0,0,1
patient00087/study2,patient00087/study2/view1_frontal.dcm,Lung Lesion,disease,absent,absent,exact,0,0,0,1
patient00087/study2,patient00087/study2/view1_frontal.dcm,Lung Opacity,disease,present,present,exact,1,0,0,0
patient00087/study2,patient00087/study2/view1_frontal.dcm,Enlarged Cardiomediastinum,disease,uncertain,absent,partial,0,0,0,1
patient00087/study2,patient00087/study2/view1_frontal.dcm,Pleural Other,disease,uncertain,absent,partial,0,0,0,1
patient00087/study2,patient00087/study2/view1_frontal.dcm,Support Devices,non_disease,uncertain,absent,partial,0,0,0,1
patient00087/study2,patient00087/study2/view1_frontal.dcm,No Finding,non_disease,absent,absent,exact,0,0,0,1
patient00095/study1,patient00095/study1/view1_frontal.dcm,Atelectasis,disease,present,present,exact,1,0,0,0
patient00095/study1,patient00095/study1/view1_frontal.dcm,Cardiomegaly,disease,present,absent,mismatch,0,1,0,0
patient00095/study1,patient00095/study1/view1_frontal.dcm,Consolidation,disease,present,present,exact,1,0,0,0
patient00095/study1,patient00095/study1/view1_frontal.dcm,Edema,disease,absent,absent,exact,0,0,0,1
patient00095/study1,patient00095/study1/view1_frontal.dcm,Pleural Effusion,disease,uncertain,absent,partial,0,0,0,1
patient00095/study1,patient00095/study1/view1_frontal.dcm,Pneumonia,disease,absent,absent,exact,0,0,0,1
patient00095/study1,patient00095/study1/view1_frontal.dcm,Pneumothorax,disease,absent,absent,exact,0,0,0,1
patient00095/study1,patient00095/study1/view1_frontal.dcm,Fracture,disease,uncertain,absent,partial,0,0,0,1
patient00095/study1,patient00095/study1/view1_frontal.dcm,Lung Lesion,disease,absent,absent,exact,0,0,0,1
patient00095/study1,patient00095/study1/view1_frontal.dcm,Lung Opacity,disease,present,present,exact,1,0,0,0
patient00095/study1,patient00095/study1/view1_frontal.dcm,Enlarged Cardiomediastinum,disease,uncertain,absent,partial,0,0,0,1
patient00095/study1,patient00095/study1/view1_frontal.dcm,Pleural Other,disease,absent,absent,exact,0,0,0,1
patient00095/study1,patient00095/study1/view1_frontal.dcm,Support Devices,non_disease,uncertain,present,partial,0,0,1,0
patient00095/study1,patient00095/study1/view1_frontal.dcm,No Finding,non_disease,absent,absent,exact,0,0,0,1
patient00096/study1,patient00096/study1/view1_frontal.dcm,Atelectasis,disease,present,absent,mismatch,0,1,0,0
patient00096/study1,patient00096/study1/view1_frontal.dcm,Cardiomegaly,disease,absent,absent,exact,0,0,0,1
patient00096/study1,patient00096/study1/view1_frontal.dcm,Consolidation,disease,present,absent,mismatch,0,1,0,0
patient00096/study1,patient00096/study1/view1_frontal.dcm,Edema,disease,absent,absent,exact,0,0,0,1
patient00096/study1,patient00096/study1/view1_frontal.dcm,Pleural Effusion,disease,present,absent,mismatch,0,1,0,0
patient00096/study1,patient00096/study1/view1_frontal.dcm,Pneumonia,disease,uncertain,absent,partial,0,0,0,1
patient00096/study1,patient00096/study1/view1_frontal.dcm,Pneumothorax,disease,uncertain,absent,partial,0,0,0,1
patient00096/study1,patient00096/study1/view1_frontal.dcm,Fracture,disease,absent,absent,exact,0,0,0,1
patient00096/study1,patient00096/study1/view1_frontal.dcm,Lung Lesion,disease,absent,absent,exact,0,0,0,1
patient00096/study1,patient00096/study1/view1_frontal.dcm,Lung Opacity,disease,present,absent,mismatch,0,1,0,0
patient00096/study1,patient00096/study1/view1_frontal.dcm,Enlarged Cardiomediastinum,disease,uncertain,absent,partial,0,0,0,1
patient00096/study1,patient00096/study1/view1_frontal.dcm,Pleural Other,disease,uncertain,absent,partial,0,0,0,1
patient00096/study1,patient00096/study1/view1_frontal.dcm,Support Devices,non_disease,uncertain,present,partial,0,0,1,0
patient00096/study1,patient00096/study1/view1_frontal.dcm,No Finding,non_disease,absent,absent,exact,0,0,0,1
patient00096/study1,patient00096/study1/view2_lateral.dcm,Atelectasis,disease,present,absent,mismatch,0,1,0,0
patient00096/study1,patient00096/study1/view2_lateral.dcm,Cardiomegaly,disease,uncertain,absent,partial,0,0,0,1
patient00096/study1,patient00096/study1/view2_lateral.dcm,Consolidation,disease,present,absent,mismatch,0,1,0,0
patient00096/study1,patient00096/study1/view2_lateral.dcm,Edema,disease,uncertain,absent,partial,0,0,0,1
patient00096/study1,patient00096/study1/view2_lateral.dcm,Pleural Effusion,disease,present,absent,mismatch,0,1,0,0
patient00096/study1,patient00096/study1/view2_lateral.dcm,Pneumonia,disease,uncertain,absent,partial,0,0,0,1
patient00096/study1,patient00096/study1/view2_lateral.dcm,Pneumothorax,disease,uncertain,absent,partial,0,0,0,1
patient00096/study1,patient00096/study1/view2_lateral.dcm,Fracture,disease,uncertain,absent,partial,0,0,0,1
patient00096/study1,patient00096/study1/view2_lateral.dcm,Lung Lesion,disease,absent,absent,exact,0,0,0,1
patient00096/study1,patient00096/study1/view2_lateral.dcm,Lung Opacity,disease,present,absent,mismatch,0,1,0,0
patient00096/study1,patient00096/study1/view2_lateral.dcm,Enlarged Cardiomediastinum,disease,uncertain,absent,partial,0,0,0,1
patient00096/study1,patient00096/study1/view2_lateral.dcm,Pleural Other,disease,uncertain,absent,partial,0,0,0,1
patient00096/study1,patient00096/study1/view2_lateral.dcm,Support Devices,non_disease,uncertain,present,partial,0,0,1,0
patient00096/study1,patient00096/study1/view2_lateral.dcm,No Finding,non_disease,absent,absent,exact,0,0,0,1
patient00096/study2,patient00096/study2/view1_frontal.dcm,Atelectasis,disease,uncertain,absent,partial,0,0,0,1
patient00096/study2,patient00096/study2/view1_frontal.dcm,Cardiomegaly,disease,uncertain,absent,partial,0,0,0,1
patient00096/study2,patient00096/study2/view1_frontal.dcm,Consolidation,disease,present,absent,mismatch,0,1,0,0
patient00096/study2,patient00096/study2/view1_frontal.dcm,Edema,disease,absent,present,mismatch,0,0,1,0
patient00096/study2,patient00096/study2/view1_frontal.dcm,Pleural Effusion,disease,uncertain,absent,partial,0,0,0,1
patient00096/study2,patient00096/study2/view1_frontal.dcm,Pneumonia,disease,absent,absent,exact,0,0,0,1
patient00096/study2,patient00096/study2/view1_frontal.dcm,Pneumothorax,disease,absent,absent,exact,0,0,0,1
patient00096/study2,patient00096/study2/view1_frontal.dcm,Fracture,disease,absent,absent,exact,0,0,0,1
patient00096/study2,patient00096/study2/view1_frontal.dcm,Lung Lesion,disease,absent,absent,exact,0,0,0,1
patient00096/study2,patient00096/study2/view1_frontal.dcm,Lung Opacity,disease,present,absent,mismatch,0,1,0,0
patient00096/study2,patient00096/study2/view1_frontal.dcm,Enlarged Cardiomediastinum,disease,uncertain,absent,partial,0,0,0,1
patient00096/study2,patient00096/study2/view1_frontal.dcm,Pleural Other,disease,uncertain,absent,partial,0,0,0,1
patient00096/study2,patient00096/study2/view1_frontal.dcm,Support Devices,non_disease,uncertain,present,partial,0,0,1,0
patient00096/study2,patient00096/study2/view1_frontal.dcm,No Finding,non_disease,absent,absent,exact,0,0,0,1
patient00102/study1,patient00102/study1/view1_frontal.dcm,Atelectasis,disease,uncertain,absent,partial,0,0,0,1
patient00102/study1,patient00102/study1/view1_frontal.dcm,Cardiomegaly,disease,uncertain,absent,partial,0,0,0,1
patient00102/study1,patient00102/study1/view1_frontal.dcm,Consolidation,disease,uncertain,absent,partial,0,0,0,1
patient00102/study1,patient00102/study1/view1_frontal.dcm,Edema,disease,absent,absent,exact,0,0,0,1
patient00102/study1,patient00102/study1/view1_frontal.dcm,Pleural Effusion,disease,absent,absent,exact,0,0,0,1
patient00102/study1,patient00102/study1/view1_frontal.dcm,Pneumonia,disease,absent,absent,exact,0,0,0,1
patient00102/study1,patient00102/study1/view1_frontal.dcm,Pneumothorax,disease,absent,absent,exact,0,0,0,1
patient00102/study1,patient00102/study1/view1_frontal.dcm,Fracture,disease,absent,absent,exact,0,0,0,1
patient00102/study1,patient00102/study1/view1_frontal.dcm,Lung Lesion,disease,absent,absent,exact,0,0,0,1
patient00102/study1,patient00102/study1/view1_frontal.dcm,Lung Opacity,disease,uncertain,present,partial,0,0,1,0
patient00102/study1,patient00102/study1/view1_frontal.dcm,Enlarged Cardiomediastinum,disease,uncertain,absent,partial,0,0,0,1
patient00102/study1,patient00102/study1/view1_frontal.dcm,Pleural Other,disease,absent,absent,exact,0,0,0,1
patient00102/study1,patient00102/study1/view1_frontal.dcm,Support Devices,non_disease,uncertain,present,partial,0,0,1,0
patient00102/study1,patient00102/study1/view1_frontal.dcm,No Finding,non_disease,absent,absent,exact,0,0,0,1
patient00102/study3,patient00102/study3/view1_frontal.dcm,Atelectasis,disease,uncertain,absent,partial,0,0,0,1
patient00102/study3,patient00102/study3/view1_frontal.dcm,Cardiomegaly,disease,uncertain,absent,partial,0,0,0,1
patient00102/study3,patient00102/study3/view1_frontal.dcm,Consolidation,disease,uncertain,absent,partial,0,0,0,1
patient00102/study3,patient00102/study3/view1_frontal.dcm,Edema,disease,uncertain,absent,partial,0,0,0,1
patient00102/study3,patient00102/study3/view1_frontal.dcm,Pleural Effusion,disease,uncertain,present,partial,0,0,1,0
patient00102/study3,patient00102/study3/view1_frontal.dcm,Pneumonia,disease,absent,absent,exact,0,0,0,1
patient00102/study3,patient00102/study3/view1_frontal.dcm,Pneumothorax,disease,absent,absent,exact,0,0,0,1
patient00102/study3,patient00102/study3/view1_frontal.dcm,Fracture,disease,uncertain,absent,partial,0,0,0,1
patient00102/study3,patient00102/study3/view1_frontal.dcm,Lung Lesion,disease,absent,absent,exact,0,0,0,1
patient00102/study3,patient00102/study3/view1_frontal.dcm,Lung Opacity,disease,present,absent,mismatch,0,1,0,0
patient00102/study3,patient00102/study3/view1_frontal.dcm,Enlarged Cardiomediastinum,disease,uncertain,absent,partial,0,0,0,1
patient00102/study3,patient00102/study3/view1_frontal.dcm,Pleural Other,disease,uncertain,absent,partial,0,0,0,1
patient00102/study3,patient00102/study3/view1_frontal.dcm,Support Devices,non_disease,uncertain,present,partial,0,0,1,0
patient00102/study3,patient00102/study3/view1_frontal.dcm,No Finding,non_disease,absent,absent,exact,0,0,0,1
patient00102/study2,patient00102/study2/view1_frontal.dcm,Atelectasis,disease,present,absent,mismatch,0,1,0,0
patient00102/study2,patient00102/study2/view1_frontal.dcm,Cardiomegaly,disease,present,absent,mismatch,0,1,0,0
patient00102/study2,patient00102/study2/view1_frontal.dcm,Consolidation,disease,uncertain,absent,partial,0,0,0,1
patient00102/study2,patient00102/study2/view1_frontal.dcm,Edema,disease,present,absent,mismatch,0,1,0,0
patient00102/study2,patient00102/study2/view1_frontal.dcm,Pleural Effusion,disease,uncertain,absent,partial,0,0,0,1
patient00102/study2,patient00102/study2/view1_frontal.dcm,Pneumonia,disease,uncertain,absent,partial,0,0,0,1
patient00102/study2,patient00102/study2/view1_frontal.dcm,Pneumothorax,disease,uncertain,absent,partial,0,0,0,1
patient00102/study2,patient00102/study2/view1_frontal.dcm,Fracture,disease,uncertain,absent,partial,0,0,0,1
patient00102/study2,patient00102/study2/view1_frontal.dcm,Lung Lesion,disease,absent,absent,exact,0,0,0,1
patient00102/study2,patient00102/study2/view1_frontal.dcm,Lung Opacity,disease,present,present,exact,1,0,0,0
patient00102/study2,patient00102/study2/view1_frontal.dcm,Enlarged Cardiomediastinum,disease,uncertain,absent,partial,0,0,0,1
patient00102/study2,patient00102/study2/view1_frontal.dcm,Pleural Other,disease,uncertain,absent,partial,0,0,0,1
patient00102/study2,patient00102/study2/view1_frontal.dcm,Support Devices,non_disease,uncertain,present,partial,0,0,1,0
patient00102/study2,patient00102/study2/view1_frontal.dcm,No Finding,non_disease,absent,absent,exact,0,0,0,1
patient00107/study1,patient00107/study1/view1_frontal.dcm,Atelectasis,disease,absent,absent,exact,0,0,0,1
patient00107/study1,patient00107/study1/view1_frontal.dcm,Cardiomegaly,disease,absent,absent,exact,0,0,0,1
patient00107/study1,patient00107/study1/view1_frontal.dcm,Consolidation,disease,uncertain,absent,partial,0,0,0,1
patient00107/study1,patient00107/study1/view1_frontal.dcm,Edema,disease,absent,absent,exact,0,0,0,1
patient00107/study1,patient00107/study1/view1_frontal.dcm,Pleural Effusion,disease,absent,present,mismatch,0,0,1,0
patient00107/study1,patient00107/study1/view1_frontal.dcm,Pneumonia,disease,uncertain,absent,partial,0,0,0,1
patient00107/study1,patient00107/study1/view1_frontal.dcm,Pneumothorax,disease,present,absent,mismatch,0,1,0,0
patient00107/study1,patient00107/study1/view1_frontal.dcm,Fracture,disease,absent,absent,exact,0,0,0,1
patient00107/study1,patient00107/study1/view1_frontal.dcm,Lung Lesion,disease,absent,absent,exact,0,0,0,1
patient00107/study1,patient00107/study1/view1_frontal.dcm,Lung Opacity,disease,absent,present,mismatch,0,0,1,0
patient00107/study1,patient00107/study1/view1_frontal.dcm,Enlarged Cardiomediastinum,disease,absent,absent,exact,0,0,0,1
patient00107/study1,patient00107/study1/view1_frontal.dcm,Pleural Other,disease,uncertain,absent,partial,0,0,0,1
patient00107/study1,patient00107/study1/view1_frontal.dcm,Support Devices,non_disease,unavailable,absent,not_evaluable,0,0,0,1
patient00107/study1,patient00107/study1/view1_frontal.dcm,No Finding,non_disease,absent,absent,exact,0,0,0,1
patient00113/study1,patient00113/study1/view1_frontal.dcm,Atelectasis,disease,present,absent,mismatch,0,1,0,0
patient00113/study1,patient00113/study1/view1_frontal.dcm,Cardiomegaly,disease,uncertain,absent,partial,0,0,0,1
patient00113/study1,patient00113/study1/view1_frontal.dcm,Consolidation,disease,present,absent,mismatch,0,1,0,0
patient00113/study1,patient00113/study1/view1_frontal.dcm,Edema,disease,present,absent,mismatch,0,1,0,0
patient00113/study1,patient00113/study1/view1_frontal.dcm,Pleural Effusion,disease,present,absent,mismatch,0,1,0,0
patient00113/study1,patient00113/study1/view1_frontal.dcm,Pneumonia,disease,absent,uncertain,partial,0,0,0,1
patient00113/study1,patient00113/study1/view1_frontal.dcm,Pneumothorax,disease,uncertain,absent,partial,0,0,0,1
patient00113/study1,patient00113/study1/view1_frontal.dcm,Fracture,disease,uncertain,absent,partial,0,0,0,1
patient00113/study1,patient00113/study1/view1_frontal.dcm,Lung Lesion,disease,absent,absent,exact,0,0,0,1
patient00113/study1,patient00113/study1/view1_frontal.dcm,Lung Opacity,disease,present,present,exact,1,0,0,0
patient00113/study1,patient00113/study1/view1_frontal.dcm,Enlarged Cardiomediastinum,disease,uncertain,absent,partial,0,0,0,1
patient00113/study1,patient00113/study1/view1_frontal.dcm,Pleural Other,disease,uncertain,absent,partial,0,0,0,1
patient00113/study1,patient00113/study1/view1_frontal.dcm,Support Devices,non_disease,uncertain,present,partial,0,0,1,0
patient00113/study1,patient00113/study1/view1_frontal.dcm,No Finding,non_disease,absent,absent,exact,0,0,0,1
patient00113/study2,patient00113/study2/view1_frontal.dcm,Atelectasis,disease,present,absent,mismatch,0,1,0,0
patient00113/study2,patient00113/study2/view1_frontal.dcm,Cardiomegaly,disease,present,absent,mismatch,0,1,0,0
patient00113/study2,patient00113/study2/view1_frontal.dcm,Consolidation,disease,present,absent,mismatch,0,1,0,0
patient00113/study2,patient00113/study2/view1_frontal.dcm,Edema,disease,present,absent,mismatch,0,1,0,0
patient00113/study2,patient00113/study2/view1_frontal.dcm,Pleural Effusion,disease,present,present,exact,1,0,0,0
patient00113/study2,patient00113/study2/view1_frontal.dcm,Pneumonia,disease,uncertain,absent,partial,0,0,0,1
patient00113/study2,patient00113/study2/view1_frontal.dcm,Pneumothorax,disease,present,absent,mismatch,0,1,0,0
patient00113/study2,patient00113/study2/view1_frontal.dcm,Fracture,disease,uncertain,absent,partial,0,0,0,1
patient00113/study2,patient00113/study2/view1_frontal.dcm,Lung Lesion,disease,uncertain,absent,partial,0,0,0,1
patient00113/study2,patient00113/study2/view1_frontal.dcm,Lung Opacity,disease,present,absent,mismatch,0,1,0,0
patient00113/study2,patient00113/study2/view1_frontal.dcm,Enlarged Cardiomediastinum,disease,uncertain,absent,partial,0,0,0,1
patient00113/study2,patient00113/study2/view1_frontal.dcm,Pleural Other,disease,uncertain,absent,partial,0,0,0,1
patient00113/study2,patient00113/study2/view1_frontal.dcm,Support Devices,non_disease,uncertain,present,partial,0,0,1,0
patient00113/study2,patient00113/study2/view1_frontal.dcm,No Finding,non_disease,absent,absent,exact,0,0,0,1
patient00114/study5,patient00114/study5/view1_frontal.dcm,Atelectasis,disease,present,present,exact,1,0,0,0
patient00114/study5,patient00114/study5/view1_frontal.dcm,Cardiomegaly,disease,uncertain,absent,partial,0,0,0,1
patient00114/study5,patient00114/study5/view1_frontal.dcm,Consolidation,disease,present,present,exact,1,0,0,0
patient00114/study5,patient00114/study5/view1_frontal.dcm,Edema,disease,uncertain,absent,partial,0,0,0,1
patient00114/study5,patient00114/study5/view1_frontal.dcm,Pleural Effusion,disease,present,absent,mismatch,0,1,0,0
patient00114/study5,patient00114/study5/view1_frontal.dcm,Pneumonia,disease,absent,absent,exact,0,0,0,1
patient00114/study5,patient00114/study5/view1_frontal.dcm,Pneumothorax,disease,present,absent,mismatch,0,1,0,0
patient00114/study5,patient00114/study5/view1_frontal.dcm,Fracture,disease,present,absent,mismatch,0,1,0,0
patient00114/study5,patient00114/study5/view1_frontal.dcm,Lung Lesion,disease,absent,absent,exact,0,0,0,1
patient00114/study5,patient00114/study5/view1_frontal.dcm,Lung Opacity,disease,present,present,exact,1,0,0,0
patient00114/study5,patient00114/study5/view1_frontal.dcm,Enlarged Cardiomediastinum,disease,uncertain,absent,partial,0,0,0,1
patient00114/study5,patient00114/study5/view1_frontal.dcm,Pleural Other,disease,uncertain,absent,partial,0,0,0,1
patient00114/study5,patient00114/study5/view1_frontal.dcm,Support Devices,non_disease,uncertain,present,partial,0,0,1,0
patient00114/study5,patient00114/study5/view1_frontal.dcm,No Finding,non_disease,absent,absent,exact,0,0,0,1
patient00114/study10,patient00114/study10/view1_frontal.dcm,Atelectasis,disease,present,absent,mismatch,0,1,0,0
patient00114/study10,patient00114/study10/view1_frontal.dcm,Cardiomegaly,disease,uncertain,absent,partial,0,0,0,1
patient00114/study10,patient00114/study10/view1_frontal.dcm,Consolidation,disease,present,present,exact,1,0,0,0
patient00114/study10,patient00114/study10/view1_frontal.dcm,Edema,disease,present,present,exact,1,0,0,0
patient00114/study10,patient00114/study10/view1_frontal.dcm,Pleural Effusion,disease,present,present,exact,1,0,0,0
patient00114/study10,patient00114/study10/view1_frontal.dcm,Pneumonia,disease,uncertain,absent,partial,0,0,0,1
patient00114/study10,patient00114/study10/view1_frontal.dcm,Pneumothorax,disease,present,absent,mismatch,0,1,0,0
patient00114/study10,patient00114/study10/view1_frontal.dcm,Fracture,disease,uncertain,absent,partial,0,0,0,1
patient00114/study10,patient00114/study10/view1_frontal.dcm,Lung Lesion,disease,absent,absent,exact,0,0,0,1
patient00114/study10,patient00114/study10/view1_frontal.dcm,Lung Opacity,disease,present,absent,mismatch,0,1,0,0
patient00114/study10,patient00114/study10/view1_frontal.dcm,Enlarged Cardiomediastinum,disease,uncertain,absent,partial,0,0,0,1
patient00114/study10,patient00114/study10/view1_frontal.dcm,Pleural Other,disease,uncertain,absent,partial,0,0,0,1
patient00114/study10,patient00114/study10/view1_frontal.dcm,Support Devices,non_disease,uncertain,present,partial,0,0,1,0
patient00114/study10,patient00114/study10/view1_frontal.dcm,No Finding,non_disease,absent,absent,exact,0,0,0,1
patient00114/study15,patient00114/study15/view1_frontal.dcm,Atelectasis,disease,present,absent,mismatch,0,1,0,0
patient00114/study15,patient00114/study15/view1_frontal.dcm,Cardiomegaly,disease,uncertain,absent,partial,0,0,0,1
patient00114/study15,patient00114/study15/view1_frontal.dcm,Consolidation,disease,present,present,exact,1,0,0,0
patient00114/study15,patient00114/study15/view1_frontal.dcm,Edema,disease,uncertain,absent,partial,0,0,0,1
patient00114/study15,patient00114/study15/view1_frontal.dcm,Pleural Effusion,disease,present,absent,mismatch,0,1,0,0
patient00114/study15,patient00114/study15/view1_frontal.dcm,Pneumonia,disease,uncertain,absent,partial,0,0,0,1
patient00114/study15,patient00114/study15/view1_frontal.dcm,Pneumothorax,disease,present,absent,mismatch,0,1,0,0
patient00114/study15,patient00114/study15/view1_frontal.dcm,Fracture,disease,present,absent,mismatch,0,1,0,0
patient00114/study15,patient00114/study15/view1_frontal.dcm,Lung Lesion,disease,absent,absent,exact,0,0,0,1
patient00114/study15,patient00114/study15/view1_frontal.dcm,Lung Opacity,disease,present,absent,mismatch,0,1,0,0
patient00114/study15,patient00114/study15/view1_frontal.dcm,Enlarged Cardiomediastinum,disease,uncertain,absent,partial,0,0,0,1
patient00114/study15,patient00114/study15/view1_frontal.dcm,Pleural Other,disease,uncertain,absent,partial,0,0,0,1
patient00114/study15,patient00114/study15/view1_frontal.dcm,Support Devices,non_disease,uncertain,present,partial,0,0,1,0
patient00114/study15,patient00114/study15/view1_frontal.dcm,No Finding,non_disease,absent,absent,exact,0,0,0,1
patient00114/study16,patient00114/study16/view1_frontal.dcm,Atelectasis,disease,present,absent,mismatch,0,1,0,0
patient00114/study16,patient00114/study16/view1_frontal.dcm,Cardiomegaly,disease,present,absent,mismatch,0,1,0,0
patient00114/study16,patient00114/study16/view1_frontal.dcm,Consolidation,disease,present,absent,mismatch,0,1,0,0
patient00114/study16,patient00114/study16/view1_frontal.dcm,Edema,disease,present,absent,mismatch,0,1,0,0
patient00114/study16,patient00114/study16/view1_frontal.dcm,Pleural Effusion,disease,present,present,exact,1,0,0,0
patient00114/study16,patient00114/study16/view1_frontal.dcm,Pneumonia,disease,absent,absent,exact,0,0,0,1
patient00114/study16,patient00114/study16/view1_frontal.dcm,Pneumothorax,disease,present,absent,mismatch,0,1,0,0
patient00114/study16,patient00114/study16/view1_frontal.dcm,Fracture,disease,uncertain,absent,partial,0,0,0,1
patient00114/study16,patient00114/study16/view1_frontal.dcm,Lung Lesion,disease,uncertain,absent,partial,0,0,0,1
patient00114/study16,patient00114/study16/view1_frontal.dcm,Lung Opacity,disease,present,present,exact,1,0,0,0
patient00114/study16,patient00114/study16/view1_frontal.dcm,Enlarged Cardiomediastinum,disease,uncertain,absent,partial,0,0,0,1
patient00114/study16,patient00114/study16/view1_frontal.dcm,Pleural Other,disease,uncertain,absent,partial,0,0,0,1
patient00114/study16,patient00114/study16/view1_frontal.dcm,Support Devices,non_disease,uncertain,absent,partial,0,0,0,1
patient00114/study16,patient00114/study16/view1_frontal.dcm,No Finding,non_disease,absent,absent,exact,0,0,0,1
patient00114/study20,patient00114/study20/view1_frontal.dcm,Atelectasis,disease,present,present,exact,1,0,0,0
patient00114/study20,patient00114/study20/view1_frontal.dcm,Cardiomegaly,disease,uncertain,absent,partial,0,0,0,1
patient00114/study20,patient00114/study20/view1_frontal.dcm,Consolidation,disease,present,absent,mismatch,0,1,0,0
patient00114/study20,patient00114/study20/view1_frontal.dcm,Edema,disease,uncertain,absent,partial,0,0,0,1
patient00114/study20,patient00114/study20/view1_frontal.dcm,Pleural Effusion,disease,present,present,exact,1,0,0,0
patient00114/study20,patient00114/study20/view1_frontal.dcm,Pneumonia,disease,absent,absent,exact,0,0,0,1
patient00114/study20,patient00114/study20/view1_frontal.dcm,Pneumothorax,disease,uncertain,absent,partial,0,0,0,1
patient00114/study20,patient00114/study20/view1_frontal.dcm,Fracture,disease,present,absent,mismatch,0,1,0,0
patient00114/study20,patient00114/study20/view1_frontal.dcm,Lung Lesion,disease,uncertain,absent,partial,0,0,0,1
patient00114/study20,patient00114/study20/view1_frontal.dcm,Lung Opacity,disease,present,present,exact,1,0,0,0
patient00114/study20,patient00114/study20/view1_frontal.dcm,Enlarged Cardiomediastinum,disease,uncertain,absent,partial,0,0,0,1
patient00114/study20,patient00114/study20/view1_frontal.dcm,Pleural Other,disease,uncertain,absent,partial,0,0,0,1
patient00114/study20,patient00114/study20/view1_frontal.dcm,Support Devices,non_disease,uncertain,present,partial,0,0,1,0
patient00114/study20,patient00114/study20/view1_frontal.dcm,No Finding,non_disease,absent,absent,exact,0,0,0,1
patient00114/study3,patient00114/study3/view1_frontal.dcm,Atelectasis,disease,present,absent,mismatch,0,1,0,0
patient00114/study3,patient00114/study3/view1_frontal.dcm,Cardiomegaly,disease,uncertain,absent,partial,0,0,0,1
patient00114/study3,patient00114/study3/view1_frontal.dcm,Consolidation,disease,present,present,exact,1,0,0,0
patient00114/study3,patient00114/study3/view1_frontal.dcm,Edema,disease,present,absent,mismatch,0,1,0,0
patient00114/study3,patient00114/study3/view1_frontal.dcm,Pleural Effusion,disease,present,absent,mismatch,0,1,0,0
patient00114/study3,patient00114/study3/view1_frontal.dcm,Pneumonia,disease,present,absent,mismatch,0,1,0,0
patient00114/study3,patient00114/study3/view1_frontal.dcm,Pneumothorax,disease,uncertain,absent,partial,0,0,0,1
patient00114/study3,patient00114/study3/view1_frontal.dcm,Fracture,disease,present,absent,mismatch,0,1,0,0
patient00114/study3,patient00114/study3/view1_frontal.dcm,Lung Lesion,disease,absent,absent,exact,0,0,0,1
patient00114/study3,patient00114/study3/view1_frontal.dcm,Lung Opacity,disease,present,present,exact,1,0,0,0
patient00114/study3,patient00114/study3/view1_frontal.dcm,Enlarged Cardiomediastinum,disease,uncertain,absent,partial,0,0,0,1
patient00114/study3,patient00114/study3/view1_frontal.dcm,Pleural Other,disease,uncertain,absent,partial,0,0,0,1
patient00114/study3,patient00114/study3/view1_frontal.dcm,Support Devices,non_disease,uncertain,present,partial,0,0,1,0
patient00114/study3,patient00114/study3/view1_frontal.dcm,No Finding,non_disease,absent,absent,exact,0,0,0,1
patient00114/study17,patient00114/study17/view1_frontal.dcm,Atelectasis,disease,present,present,exact,1,0,0,0
patient00114/study17,patient00114/study17/view1_frontal.dcm,Cardiomegaly,disease,present,absent,mismatch,0,1,0,0
patient00114/study17,patient00114/study17/view1_frontal.dcm,Consolidation,disease,present,present,exact,1,0,0,0
patient00114/study17,patient00114/study17/view1_frontal.dcm,Edema,disease,present,absent,mismatch,0,1,0,0
patient00114/study17,patient00114/study17/view1_frontal.dcm,Pleural Effusion,disease,present,absent,mismatch,0,1,0,0
patient00114/study17,patient00114/study17/view1_frontal.dcm,Pneumonia,disease,uncertain,present,partial,0,0,1,0
patient00114/study17,patient00114/study17/view1_frontal.dcm,Pneumothorax,disease,uncertain,absent,partial,0,0,0,1
patient00114/study17,patient00114/study17/view1_frontal.dcm,Fracture,disease,present,absent,mismatch,0,1,0,0
patient00114/study17,patient00114/study17/view1_frontal.dcm,Lung Lesion,disease,uncertain,absent,partial,0,0,0,1
patient00114/study17,patient00114/study17/view1_frontal.dcm,Lung Opacity,disease,present,absent,mismatch,0,1,0,0
patient00114/study17,patient00114/study17/view1_frontal.dcm,Enlarged Cardiomediastinum,disease,uncertain,absent,partial,0,0,0,1
patient00114/study17,patient00114/study17/view1_frontal.dcm,Pleural Other,disease,uncertain,absent,partial,0,0,0,1
patient00114/study17,patient00114/study17/view1_frontal.dcm,Support Devices,non_disease,uncertain,present,partial,0,0,1,0
patient00114/study17,patient00114/study17/view1_frontal.dcm,No Finding,non_disease,absent,absent,exact,0,0,0,1
patient00114/study13,patient00114/study13/view1_frontal.dcm,Atelectasis,disease,present,absent,mismatch,0,1,0,0
patient00114/study13,patient00114/study13/view1_frontal.dcm,Cardiomegaly,disease,present,absent,mismatch,0,1,0,0
patient00114/study13,patient00114/study13/view1_frontal.dcm,Consolidation,disease,present,absent,mismatch,0,1,0,0
patient00114/study13,patient00114/study13/view1_frontal.dcm,Edema,disease,present,present,exact,1,0,0,0
patient00114/study13,patient00114/study13/view1_frontal.dcm,Pleural Effusion,disease,present,absent,mismatch,0,1,0,0
patient00114/study13,patient00114/study13/view1_frontal.dcm,Pneumonia,disease,uncertain,absent,partial,0,0,0,1
patient00114/study13,patient00114/study13/view1_frontal.dcm,Pneumothorax,disease,present,absent,mismatch,0,1,0,0
patient00114/study13,patient00114/study13/view1_frontal.dcm,Fracture,disease,uncertain,absent,partial,0,0,0,1
patient00114/study13,patient00114/study13/view1_frontal.dcm,Lung Lesion,disease,uncertain,absent,partial,0,0,0,1
patient00114/study13,patient00114/study13/view1_frontal.dcm,Lung Opacity,disease,present,present,exact,1,0,0,0
patient00114/study13,patient00114/study13/view1_frontal.dcm,Enlarged Cardiomediastinum,disease,present,absent,mismatch,0,1,0,0
patient00114/study13,patient00114/study13/view1_frontal.dcm,Pleural Other,disease,uncertain,absent,partial,0,0,0,1
patient00114/study13,patient00114/study13/view1_frontal.dcm,Support Devices,non_disease,uncertain,absent,partial,0,0,0,1
patient00114/study13,patient00114/study13/view1_frontal.dcm,No Finding,non_disease,absent,absent,exact,0,0,0,1
patient00114/study19,patient00114/study19/view1_frontal.dcm,Atelectasis,disease,present,absent,mismatch,0,1,0,0
patient00114/study19,patient00114/study19/view1_frontal.dcm,Cardiomegaly,disease,uncertain,absent,partial,0,0,0,1
patient00114/study19,patient00114/study19/view1_frontal.dcm,Consolidation,disease,present,absent,mismatch,0,1,0,0
patient00114/study19,patient00114/study19/view1_frontal.dcm,Edema,disease,present,present,exact,1,0,0,0
patient00114/study19,patient00114/study19/view1_frontal.dcm,Pleural Effusion,disease,present,absent,mismatch,0,1,0,0
patient00114/study19,patient00114/study19/view1_frontal.dcm,Pneumonia,disease,absent,absent,exact,0,0,0,1
patient00114/study19,patient00114/study19/view1_frontal.dcm,Pneumothorax,disease,uncertain,absent,partial,0,0,0,1
patient00114/study19,patient00114/study19/view1_frontal.dcm,Fracture,disease,uncertain,absent,partial,0,0,0,1
patient00114/study19,patient00114/study19/view1_frontal.dcm,Lung Lesion,disease,uncertain,absent,partial,0,0,0,1
patient00114/study19,patient00114/study19/view1_frontal.dcm,Lung Opacity,disease,present,absent,mismatch,0,1,0,0
patient00114/study19,patient00114/study19/view1_frontal.dcm,Enlarged Cardiomediastinum,disease,uncertain,absent,partial,0,0,0,1
patient00114/study19,patient00114/study19/view1_frontal.dcm,Pleural Other,disease,uncertain,absent,partial,0,0,0,1
patient00114/study19,patient00114/study19/view1_frontal.dcm,Support Devices,non_disease,uncertain,present,partial,0,0,1,0
patient00114/study19,patient00114/study19/view1_frontal.dcm,No Finding,non_disease,absent,absent,exact,0,0,0,1
patient00114/study7,patient00114/study7/view1_frontal.dcm,Atelectasis,disease,present,absent,mismatch,0,1,0,0
patient00114/study7,patient00114/study7/view1_frontal.dcm,Cardiomegaly,disease,uncertain,absent,partial,0,0,0,1
patient00114/study7,patient00114/study7/view1_frontal.dcm,Consolidation,disease,present,present,exact,1,0,0,0
patient00114/study7,patient00114/study7/view1_frontal.dcm,Edema,disease,present,present,exact,1,0,0,0
patient00114/study7,patient00114/study7/view1_frontal.dcm,Pleural Effusion,disease,present,present,exact,1,0,0,0
patient00114/study7,patient00114/study7/view1_frontal.dcm,Pneumonia,disease,uncertain,absent,partial,0,0,0,1
patient00114/study7,patient00114/study7/view1_frontal.dcm,Pneumothorax,disease,uncertain,absent,partial,0,0,0,1
patient00114/study7,patient00114/study7/view1_frontal.dcm,Fracture,disease,present,absent,mismatch,0,1,0,0
patient00114/study7,patient00114/study7/view1_frontal.dcm,Lung Lesion,disease,uncertain,absent,partial,0,0,0,1
patient00114/study7,patient00114/study7/view1_frontal.dcm,Lung Opacity,disease,present,absent,mismatch,0,1,0,0
patient00114/study7,patient00114/study7/view1_frontal.dcm,Enlarged Cardiomediastinum,disease,uncertain,absent,partial,0,0,0,1
patient00114/study7,patient00114/study7/view1_frontal.dcm,Pleural Other,disease,uncertain,absent,partial,0,0,0,1
patient00114/study7,patient00114/study7/view1_frontal.dcm,Support Devices,non_disease,uncertain,present,partial,0,0,1,0
patient00114/study7,patient00114/study7/view1_frontal.dcm,No Finding,non_disease,absent,absent,exact,0,0,0,1
patient00114/study2,patient00114/study2/view1_frontal.dcm,Atelectasis,disease,present,absent,mismatch,0,1,0,0
patient00114/study2,patient00114/study2/view1_frontal.dcm,Cardiomegaly,disease,present,absent,mismatch,0,1,0,0
patient00114/study2,patient00114/study2/view1_frontal.dcm,Consolidation,disease,present,absent,mismatch,0,1,0,0
patient00114/study2,patient00114/study2/view1_frontal.dcm,Edema,disease,present,present,exact,1,0,0,0
patient00114/study2,patient00114/study2/view1_frontal.dcm,Pleural Effusion,disease,present,absent,mismatch,0,1,0,0
patient00114/study2,patient00114/study2/view1_frontal.dcm,Pneumonia,disease,present,absent,mismatch,0,1,0,0
patient00114/study2,patient00114/study2/view1_frontal.dcm,Pneumothorax,disease,present,absent,mismatch,0,1,0,0
patient00114/study2,patient00114/study2/view1_frontal.dcm,Fracture,disease,uncertain,absent,partial,0,0,0,1
patient00114/study2,patient00114/study2/view1_frontal.dcm,Lung Lesion,disease,uncertain,absent,partial,0,0,0,1
patient00114/study2,patient00114/study2/view1_frontal.dcm,Lung Opacity,disease,present,present,exact,1,0,0,0
patient00114/study2,patient00114/study2/view1_frontal.dcm,Enlarged Cardiomediastinum,disease,present,absent,mismatch,0,1,0,0
patient00114/study2,patient00114/study2/view1_frontal.dcm,Pleural Other,disease,uncertain,absent,partial,0,0,0,1
patient00114/study2,patient00114/study2/view1_frontal.dcm,Support Devices,non_disease,uncertain,present,partial,0,0,1,0
patient00114/study2,patient00114/study2/view1_frontal.dcm,No Finding,non_disease,absent,absent,exact,0,0,0,1
patient00114/study12,patient00114/study12/view1_frontal.dcm,Atelectasis,disease,uncertain,absent,partial,0,0,0,1
patient00114/study12,patient00114/study12/view1_frontal.dcm,Cardiomegaly,disease,uncertain,absent,partial,0,0,0,1
patient00114/study12,patient00114/study12/view1_frontal.dcm,Consolidation,disease,present,absent,mismatch,0,1,0,0
patient00114/study12,patient00114/study12/view1_frontal.dcm,Edema,disease,uncertain,uncertain,exact,0,0,0,1
patient00114/study12,patient00114/study12/view1_frontal.dcm,Pleural Effusion,disease,present,absent,mismatch,0,1,0,0
patient00114/study12,patient00114/study12/view1_frontal.dcm,Pneumonia,disease,present,absent,mismatch,0,1,0,0
patient00114/study12,patient00114/study12/view1_frontal.dcm,Pneumothorax,disease,uncertain,absent,partial,0,0,0,1
patient00114/study12,patient00114/study12/view1_frontal.dcm,Fracture,disease,uncertain,absent,partial,0,0,0,1
patient00114/study12,patient00114/study12/view1_frontal.dcm,Lung Lesion,disease,absent,absent,exact,0,0,0,1
patient00114/study12,patient00114/study12/view1_frontal.dcm,Lung Opacity,disease,present,absent,mismatch,0,1,0,0
patient00114/study12,patient00114/study12/view1_frontal.dcm,Enlarged Cardiomediastinum,disease,uncertain,absent,partial,0,0,0,1
patient00114/study12,patient00114/study12/view1_frontal.dcm,Pleural Other,disease,uncertain,absent,partial,0,0,0,1
patient00114/study12,patient00114/study12/view1_frontal.dcm,Support Devices,non_disease,uncertain,present,partial,0,0,1,0
patient00114/study12,patient00114/study12/view1_frontal.dcm,No Finding,non_disease,absent,absent,exact,0,0,0,1
patient00114/study9,patient00114/study9/view1_frontal.dcm,Atelectasis,disease,present,absent,mismatch,0,1,0,0
patient00114/study9,patient00114/study9/view1_frontal.dcm,Cardiomegaly,disease,uncertain,absent,partial,0,0,0,1
patient00114/study9,patient00114/study9/view1_frontal.dcm,Consolidation,disease,present,present,exact,1,0,0,0
patient00114/study9,patient00114/study9/view1_frontal.dcm,Edema,disease,uncertain,absent,partial,0,0,0,1
patient00114/study9,patient00114/study9/view1_frontal.dcm,Pleural Effusion,disease,present,present,exact,1,0,0,0
patient00114/study9,patient00114/study9/view1_frontal.dcm,Pneumonia,disease,uncertain,absent,partial,0,0,0,1
patient00114/study9,patient00114/study9/view1_frontal.dcm,Pneumothorax,disease,present,absent,mismatch,0,1,0,0
patient00114/study9,patient00114/study9/view1_frontal.dcm,Fracture,disease,uncertain,absent,partial,0,0,0,1
patient00114/study9,patient00114/study9/view1_frontal.dcm,Lung Lesion,disease,uncertain,absent,partial,0,0,0,1
patient00114/study9,patient00114/study9/view1_frontal.dcm,Lung Opacity,disease,present,absent,mismatch,0,1,0,0
patient00114/study9,patient00114/study9/view1_frontal.dcm,Enlarged Cardiomediastinum,disease,uncertain,absent,partial,0,0,0,1
patient00114/study9,patient00114/study9/view1_frontal.dcm,Pleural Other,disease,uncertain,absent,partial,0,0,0,1
patient00114/study9,patient00114/study9/view1_frontal.dcm,Support Devices,non_disease,uncertain,absent,partial,0,0,0,1
patient00114/study9,patient00114/study9/view1_frontal.dcm,No Finding,non_disease,absent,absent,exact,0,0,0,1
patient00114/study1,patient00114/study1/view1_frontal.dcm,Atelectasis,disease,present,present,exact,1,0,0,0
patient00114/study1,patient00114/study1/view1_frontal.dcm,Cardiomegaly,disease,uncertain,absent,partial,0,0,0,1
patient00114/study1,patient00114/study1/view1_frontal.dcm,Consolidation,disease,present,present,exact,1,0,0,0
patient00114/study1,patient00114/study1/view1_frontal.dcm,Edema,disease,uncertain,present,partial,0,0,1,0
patient00114/study1,patient00114/study1/view1_frontal.dcm,Pleural Effusion,disease,present,absent,mismatch,0,1,0,0
patient00114/study1,patient00114/study1/view1_frontal.dcm,Pneumonia,disease,uncertain,absent,partial,0,0,0,1
patient00114/study1,patient00114/study1/view1_frontal.dcm,Pneumothorax,disease,uncertain,absent,partial,0,0,0,1
patient00114/study1,patient00114/study1/view1_frontal.dcm,Fracture,disease,present,absent,mismatch,0,1,0,0
patient00114/study1,patient00114/study1/view1_frontal.dcm,Lung Lesion,disease,uncertain,absent,partial,0,0,0,1
patient00114/study1,patient00114/study1/view1_frontal.dcm,Lung Opacity,disease,present,present,exact,1,0,0,0
patient00114/study1,patient00114/study1/view1_frontal.dcm,Enlarged Cardiomediastinum,disease,uncertain,absent,partial,0,0,0,1
patient00114/study1,patient00114/study1/view1_frontal.dcm,Pleural Other,disease,uncertain,absent,partial,0,0,0,1
patient00114/study1,patient00114/study1/view1_frontal.dcm,Support Devices,non_disease,uncertain,present,partial,0,0,1,0
patient00114/study1,patient00114/study1/view1_frontal.dcm,No Finding,non_disease,absent,absent,exact,0,0,0,1
patient00114/study6,patient00114/study6/view1_frontal.dcm,Atelectasis,disease,present,absent,mismatch,0,1,0,0
patient00114/study6,patient00114/study6/view1_frontal.dcm,Cardiomegaly,disease,uncertain,absent,partial,0,0,0,1
patient00114/study6,patient00114/study6/view1_frontal.dcm,Consolidation,disease,present,absent,mismatch,0,1,0,0
patient00114/study6,patient00114/study6/view1_frontal.dcm,Edema,disease,present,present,exact,1,0,0,0
patient00114/study6,patient00114/study6/view1_frontal.dcm,Pleural Effusion,disease,present,present,exact,1,0,0,0
patient00114/study6,patient00114/study6/view1_frontal.dcm,Pneumonia,disease,uncertain,absent,partial,0,0,0,1
patient00114/study6,patient00114/study6/view1_frontal.dcm,Pneumothorax,disease,uncertain,absent,partial,0,0,0,1
patient00114/study6,patient00114/study6/view1_frontal.dcm,Fracture,disease,uncertain,absent,partial,0,0,0,1
patient00114/study6,patient00114/study6/view1_frontal.dcm,Lung Lesion,disease,absent,absent,exact,0,0,0,1
patient00114/study6,patient00114/study6/view1_frontal.dcm,Lung Opacity,disease,present,absent,mismatch,0,1,0,0
patient00114/study6,patient00114/study6/view1_frontal.dcm,Enlarged Cardiomediastinum,disease,present,absent,mismatch,0,1,0,0
patient00114/study6,patient00114/study6/view1_frontal.dcm,Pleural Other,disease,uncertain,absent,partial,0,0,0,1
patient00114/study6,patient00114/study6/view1_frontal.dcm,Support Devices,non_disease,uncertain,absent,partial,0,0,0,1
patient00114/study6,patient00114/study6/view1_frontal.dcm,No Finding,non_disease,absent,absent,exact,0,0,0,1
patient00114/study18,patient00114/study18/view1_frontal.dcm,Atelectasis,disease,present,absent,mismatch,0,1,0,0
patient00114/study18,patient00114/study18/view1_frontal.dcm,Cardiomegaly,disease,present,absent,mismatch,0,1,0,0
patient00114/study18,patient00114/study18/view1_frontal.dcm,Consolidation,disease,present,absent,mismatch,0,1,0,0
patient00114/study18,patient00114/study18/view1_frontal.dcm,Edema,disease,present,present,exact,1,0,0,0
patient00114/study18,patient00114/study18/view1_frontal.dcm,Pleural Effusion,disease,present,absent,mismatch,0,1,0,0
patient00114/study18,patient00114/study18/view1_frontal.dcm,Pneumonia,disease,uncertain,absent,partial,0,0,0,1
patient00114/study18,patient00114/study18/view1_frontal.dcm,Pneumothorax,disease,uncertain,absent,partial,0,0,0,1
patient00114/study18,patient00114/study18/view1_frontal.dcm,Fracture,disease,present,absent,mismatch,0,1,0,0
patient00114/study18,patient00114/study18/view1_frontal.dcm,Lung Lesion,disease,uncertain,absent,partial,0,0,0,1
patient00114/study18,patient00114/study18/view1_frontal.dcm,Lung Opacity,disease,present,absent,mismatch,0,1,0,0
patient00114/study18,patient00114/study18/view1_frontal.dcm,Enlarged Cardiomediastinum,disease,uncertain,absent,partial,0,0,0,1
patient00114/study18,patient00114/study18/view1_frontal.dcm,Pleural Other,disease,uncertain,absent,partial,0,0,0,1
patient00114/study18,patient00114/study18/view1_frontal.dcm,Support Devices,non_disease,uncertain,present,partial,0,0,1,0
patient00114/study18,patient00114/study18/view1_frontal.dcm,No Finding,non_disease,absent,absent,exact,0,0,0,1
patient00114/study4,patient00114/study4/view1_frontal.dcm,Atelectasis,disease,present,absent,mismatch,0,1,0,0
patient00114/study4,patient00114/study4/view1_frontal.dcm,Cardiomegaly,disease,present,absent,mismatch,0,1,0,0
patient00114/study4,patient00114/study4/view1_frontal.dcm,Consolidation,disease,present,absent,mismatch,0,1,0,0
patient00114/study4,patient00114/study4/view1_frontal.dcm,Edema,disease,present,present,exact,1,0,0,0
patient00114/study4,patient00114/study4/view1_frontal.dcm,Pleural Effusion,disease,present,absent,mismatch,0,1,0,0
patient00114/study4,patient00114/study4/view1_frontal.dcm,Pneumonia,disease,present,absent,mismatch,0,1,0,0
patient00114/study4,patient00114/study4/view1_frontal.dcm,Pneumothorax,disease,uncertain,absent,partial,0,0,0,1
patient00114/study4,patient00114/study4/view1_frontal.dcm,Fracture,disease,uncertain,absent,partial,0,0,0,1
patient00114/study4,patient00114/study4/view1_frontal.dcm,Lung Lesion,disease,absent,present,mismatch,0,0,1,0
patient00114/study4,patient00114/study4/view1_frontal.dcm,Lung Opacity,disease,present,absent,mismatch,0,1,0,0
patient00114/study4,patient00114/study4/view1_frontal.dcm,Enlarged Cardiomediastinum,disease,present,absent,mismatch,0,1,0,0
patient00114/study4,patient00114/study4/view1_frontal.dcm,Pleural Other,disease,uncertain,absent,partial,0,0,0,1
patient00114/study4,patient00114/study4/view1_frontal.dcm,Support Devices,non_disease,uncertain,present,partial,0,0,1,0
patient00114/study4,patient00114/study4/view1_frontal.dcm,No Finding,non_disease,absent,absent,exact,0,0,0,1
patient00114/study8,patient00114/study8/view1_frontal.dcm,Atelectasis,disease,present,absent,mismatch,0,1,0,0
patient00114/study8,patient00114/study8/view1_frontal.dcm,Cardiomegaly,disease,present,absent,mismatch,0,1,0,0
patient00114/study8,patient00114/study8/view1_frontal.dcm,Consolidation,disease,present,present,exact,1,0,0,0
patient00114/study8,patient00114/study8/view1_frontal.dcm,Edema,disease,present,absent,mismatch,0,1,0,0
patient00114/study8,patient00114/study8/view1_frontal.dcm,Pleural Effusion,disease,present,present,exact,1,0,0,0
patient00114/study8,patient00114/study8/view1_frontal.dcm,Pneumonia,disease,uncertain,absent,partial,0,0,0,1
patient00114/study8,patient00114/study8/view1_frontal.dcm,Pneumothorax,disease,uncertain,absent,partial,0,0,0,1
patient00114/study8,patient00114/study8/view1_frontal.dcm,Fracture,disease,present,absent,mismatch,0,1,0,0
patient00114/study8,patient00114/study8/view1_frontal.dcm,Lung Lesion,disease,uncertain,absent,partial,0,0,0,1
patient00114/study8,patient00114/study8/view1_frontal.dcm,Lung Opacity,disease,present,absent,mismatch,0,1,0,0
patient00114/study8,patient00114/study8/view1_frontal.dcm,Enlarged Cardiomediastinum,disease,present,absent,mismatch,0,1,0,0
patient00114/study8,patient00114/study8/view1_frontal.dcm,Pleural Other,disease,uncertain,absent,partial,0,0,0,1
patient00114/study8,patient00114/study8/view1_frontal.dcm,Support Devices,non_disease,uncertain,present,partial,0,0,1,0
patient00114/study8,patient00114/study8/view1_frontal.dcm,No Finding,non_disease,absent,absent,exact,0,0,0,1
patient00114/study14,patient00114/study14/view1_frontal.dcm,Atelectasis,disease,present,absent,mismatch,0,1,0,0
patient00114/study14,patient00114/study14/view1_frontal.dcm,Cardiomegaly,disease,uncertain,absent,partial,0,0,0,1
patient00114/study14,patient00114/study14/view1_frontal.dcm,Consolidation,disease,present,absent,mismatch,0,1,0,0
patient00114/study14,patient00114/study14/view1_frontal.dcm,Edema,disease,present,present,exact,1,0,0,0
patient00114/study14,patient00114/study14/view1_frontal.dcm,Pleural Effusion,disease,present,absent,mismatch,0,1,0,0
patient00114/study14,patient00114/study14/view1_frontal.dcm,Pneumonia,disease,uncertain,absent,partial,0,0,0,1
patient00114/study14,patient00114/study14/view1_frontal.dcm,Pneumothorax,disease,uncertain,absent,partial,0,0,0,1
patient00114/study14,patient00114/study14/view1_frontal.dcm,Fracture,disease,uncertain,absent,partial,0,0,0,1
patient00114/study14,patient00114/study14/view1_frontal.dcm,Lung Lesion,disease,absent,absent,exact,0,0,0,1
patient00114/study14,patient00114/study14/view1_frontal.dcm,Lung Opacity,disease,present,present,exact,1,0,0,0
patient00114/study14,patient00114/study14/view1_frontal.dcm,Enlarged Cardiomediastinum,disease,uncertain,absent,partial,0,0,0,1
patient00114/study14,patient00114/study14/view1_frontal.dcm,Pleural Other,disease,uncertain,absent,partial,0,0,0,1
patient00114/study14,patient00114/study14/view1_frontal.dcm,Support Devices,non_disease,uncertain,present,partial,0,0,1,0
patient00114/study14,patient00114/study14/view1_frontal.dcm,No Finding,non_disease,absent,absent,exact,0,0,0,1
patient00114/study11,patient00114/study11/view1_frontal.dcm,Atelectasis,disease,present,absent,mismatch,0,1,0,0
patient00114/study11,patient00114/study11/view1_frontal.dcm,Cardiomegaly,disease,uncertain,absent,partial,0,0,0,1
patient00114/study11,patient00114/study11/view1_frontal.dcm,Consolidation,disease,present,absent,mismatch,0,1,0,0
patient00114/study11,patient00114/study11/view1_frontal.dcm,Edema,disease,present,present,exact,1,0,0,0
patient00114/study11,patient00114/study11/view1_frontal.dcm,Pleural Effusion,disease,present,present,exact,1,0,0,0
patient00114/study11,patient00114/study11/view1_frontal.dcm,Pneumonia,disease,uncertain,absent,partial,0,0,0,1
patient00114/study11,patient00114/study11/view1_frontal.dcm,Pneumothorax,disease,uncertain,absent,partial,0,0,0,1
patient00114/study11,patient00114/study11/view1_frontal.dcm,Fracture,disease,uncertain,absent,partial,0,0,0,1
patient00114/study11,patient00114/study11/view1_frontal.dcm,Lung Lesion,disease,uncertain,absent,partial,0,0,0,1
patient00114/study11,patient00114/study11/view1_frontal.dcm,Lung Opacity,disease,present,present,exact,1,0,0,0
patient00114/study11,patient00114/study11/view1_frontal.dcm,Enlarged Cardiomediastinum,disease,present,present,exact,1,0,0,0
patient00114/study11,patient00114/study11/view1_frontal.dcm,Pleural Other,disease,uncertain,absent,partial,0,0,0,1
patient00114/study11,patient00114/study11/view1_frontal.dcm,Support Devices,non_disease,uncertain,absent,partial,0,0,0,1
patient00114/study11,patient00114/study11/view1_frontal.dcm,No Finding,non_disease,absent,absent,exact,0,0,0,1
patient00115/study2,patient00115/study2/view1_frontal.dcm,Atelectasis,disease,absent,uncertain,partial,0,0,0,1
patient00115/study2,patient00115/study2/view1_frontal.dcm,Cardiomegaly,disease,absent,absent,exact,0,0,0,1
patient00115/study2,patient00115/study2/view1_frontal.dcm,Consolidation,disease,absent,present,mismatch,0,0,1,0
patient00115/study2,patient00115/study2/view1_frontal.dcm,Edema,disease,absent,absent,exact,0,0,0,1
patient00115/study2,patient00115/study2/view1_frontal.dcm,Pleural Effusion,disease,absent,absent,exact,0,0,0,1
patient00115/study2,patient00115/study2/view1_frontal.dcm,Pneumonia,disease,absent,absent,exact,0,0,0,1
patient00115/study2,patient00115/study2/view1_frontal.dcm,Pneumothorax,disease,absent,absent,exact,0,0,0,1
patient00115/study2,patient00115/study2/view1_frontal.dcm,Fracture,disease,absent,absent,exact,0,0,0,1
patient00115/study2,patient00115/study2/view1_frontal.dcm,Lung Lesion,disease,absent,absent,exact,0,0,0,1
patient00115/study2,patient00115/study2/view1_frontal.dcm,Lung Opacity,disease,absent,absent,exact,0,0,0,1
patient00115/study2,patient00115/study2/view1_frontal.dcm,Enlarged Cardiomediastinum,disease,absent,absent,exact,0,0,0,1
patient00115/study2,patient00115/study2/view1_frontal.dcm,Pleural Other,disease,absent,absent,exact,0,0,0,1
patient00115/study2,patient00115/study2/view1_frontal.dcm,Support Devices,non_disease,uncertain,absent,partial,0,0,0,1
patient00115/study2,patient00115/study2/view1_frontal.dcm,No Finding,non_disease,absent,absent,exact,0,0,0,1
patient00120/study1,patient00120/study1/view1_frontal.dcm,Atelectasis,disease,uncertain,absent,partial,0,0,0,1
patient00120/study1,patient00120/study1/view1_frontal.dcm,Cardiomegaly,disease,absent,absent,exact,0,0,0,1
patient00120/study1,patient00120/study1/view1_frontal.dcm,Consolidation,disease,uncertain,absent,partial,0,0,0,1
patient00120/study1,patient00120/study1/view1_frontal.dcm,Edema,disease,absent,absent,exact,0,0,0,1
patient00120/study1,patient00120/study1/view1_frontal.dcm,Pleural Effusion,disease,absent,absent,exact,0,0,0,1
patient00120/study1,patient00120/study1/view1_frontal.dcm,Pneumonia,disease,absent,absent,exact,0,0,0,1
patient00120/study1,patient00120/study1/view1_frontal.dcm,Pneumothorax,disease,absent,present,mismatch,0,0,1,0
patient00120/study1,patient00120/study1/view1_frontal.dcm,Fracture,disease,uncertain,absent,partial,0,0,0,1
patient00120/study1,patient00120/study1/view1_frontal.dcm,Lung Lesion,disease,absent,absent,exact,0,0,0,1
patient00120/study1,patient00120/study1/view1_frontal.dcm,Lung Opacity,disease,uncertain,absent,partial,0,0,0,1
patient00120/study1,patient00120/study1/view1_frontal.dcm,Enlarged Cardiomediastinum,disease,absent,absent,exact,0,0,0,1
patient00120/study1,patient00120/study1/view1_frontal.dcm,Pleural Other,disease,absent,absent,exact,0,0,0,1
patient00120/study1,patient00120/study1/view1_frontal.dcm,Support Devices,non_disease,unavailable,present,not_evaluable,0,0,1,0
patient00120/study1,patient00120/study1/view1_frontal.dcm,No Finding,non_disease,absent,absent,exact,0,0,0,1
patient00121/study1,patient00121/study1/view1_frontal.dcm,Atelectasis,disease,uncertain,absent,partial,0,0,0,1
patient00121/study1,patient00121/study1/view1_frontal.dcm,Cardiomegaly,disease,absent,absent,exact,0,0,0,1
patient00121/study1,patient00121/study1/view1_frontal.dcm,Consolidation,disease,uncertain,absent,partial,0,0,0,1
patient00121/study1,patient00121/study1/view1_frontal.dcm,Edema,disease,absent,absent,exact,0,0,0,1
patient00121/study1,patient00121/study1/view1_frontal.dcm,Pleural Effusion,disease,absent,absent,exact,0,0,0,1
patient00121/study1,patient00121/study1/view1_frontal.dcm,Pneumonia,disease,absent,absent,exact,0,0,0,1
patient00121/study1,patient00121/study1/view1_frontal.dcm,Pneumothorax,disease,absent,present,mismatch,0,0,1,0
patient00121/study1,patient00121/study1/view1_frontal.dcm,Fracture,disease,uncertain,absent,partial,0,0,0,1
patient00121/study1,patient00121/study1/view1_frontal.dcm,Lung Lesion,disease,absent,absent,exact,0,0,0,1
patient00121/study1,patient00121/study1/view1_frontal.dcm,Lung Opacity,disease,uncertain,absent,partial,0,0,0,1
patient00121/study1,patient00121/study1/view1_frontal.dcm,Enlarged Cardiomediastinum,disease,uncertain,absent,partial,0,0,0,1
patient00121/study1,patient00121/study1/view1_frontal.dcm,Pleural Other,disease,absent,absent,exact,0,0,0,1
patient00121/study1,patient00121/study1/view1_frontal.dcm,Support Devices,non_disease,uncertain,absent,partial,0,0,0,1
patient00121/study1,patient00121/study1/view1_frontal.dcm,No Finding,non_disease,absent,absent,exact,0,0,0,1
patient00122/study3,patient00122/study3/view1_frontal.dcm,Atelectasis,disease,present,present,exact,1,0,0,0
patient00122/study3,patient00122/study3/view1_frontal.dcm,Cardiomegaly,disease,uncertain,absent,partial,0,0,0,1
patient00122/study3,patient00122/study3/view1_frontal.dcm,Consolidation,disease,present,absent,mismatch,0,1,0,0
patient00122/study3,patient00122/study3/view1_frontal.dcm,Edema,disease,absent,absent,exact,0,0,0,1
patient00122/study3,patient00122/study3/view1_frontal.dcm,Pleural Effusion,disease,present,present,exact,1,0,0,0
patient00122/study3,patient00122/study3/view1_frontal.dcm,Pneumonia,disease,absent,absent,exact,0,0,0,1
patient00122/study3,patient00122/study3/view1_frontal.dcm,Pneumothorax,disease,absent,absent,exact,0,0,0,1
patient00122/study3,patient00122/study3/view1_frontal.dcm,Fracture,disease,uncertain,absent,partial,0,0,0,1
patient00122/study3,patient00122/study3/view1_frontal.dcm,Lung Lesion,disease,absent,absent,exact,0,0,0,1
patient00122/study3,patient00122/study3/view1_frontal.dcm,Lung Opacity,disease,uncertain,absent,partial,0,0,0,1
patient00122/study3,patient00122/study3/view1_frontal.dcm,Enlarged Cardiomediastinum,disease,uncertain,absent,partial,0,0,0,1
patient00122/study3,patient00122/study3/view1_frontal.dcm,Pleural Other,disease,uncertain,present,partial,0,0,1,0
patient00122/study3,patient00122/study3/view1_frontal.dcm,Support Devices,non_disease,uncertain,present,partial,0,0,1,0
patient00122/study3,patient00122/study3/view1_frontal.dcm,No Finding,non_disease,absent,absent,exact,0,0,0,1
patient00122/study3,patient00122/study3/view2_lateral.dcm,Atelectasis,disease,present,present,exact,1,0,0,0
patient00122/study3,patient00122/study3/view2_lateral.dcm,Cardiomegaly,disease,uncertain,absent,partial,0,0,0,1
patient00122/study3,patient00122/study3/view2_lateral.dcm,Consolidation,disease,present,absent,mismatch,0,1,0,0
patient00122/study3,patient00122/study3/view2_lateral.dcm,Edema,disease,present,absent,mismatch,0,1,0,0
patient00122/study3,patient00122/study3/view2_lateral.dcm,Pleural Effusion,disease,present,present,exact,1,0,0,0
patient00122/study3,patient00122/study3/view2_lateral.dcm,Pneumonia,disease,present,absent,mismatch,0,1,0,0
patient00122/study3,patient00122/study3/view2_lateral.dcm,Pneumothorax,disease,uncertain,absent,partial,0,0,0,1
patient00122/study3,patient00122/study3/view2_lateral.dcm,Fracture,disease,uncertain,absent,partial,0,0,0,1
patient00122/study3,patient00122/study3/view2_lateral.dcm,Lung Lesion,disease,uncertain,absent,partial,0,0,0,1
patient00122/study3,patient00122/study3/view2_lateral.dcm,Lung Opacity,disease,present,absent,mismatch,0,1,0,0
patient00122/study3,patient00122/study3/view2_lateral.dcm,Enlarged Cardiomediastinum,disease,uncertain,absent,partial,0,0,0,1
patient00122/study3,patient00122/study3/view2_lateral.dcm,Pleural Other,disease,absent,present,mismatch,0,0,1,0
patient00122/study3,patient00122/study3/view2_lateral.dcm,Support Devices,non_disease,uncertain,present,partial,0,0,1,0
patient00122/study3,patient00122/study3/view2_lateral.dcm,No Finding,non_disease,absent,absent,exact,0,0,0,1
patient00122/study5,patient00122/study5/view1_frontal.dcm,Atelectasis,disease,present,absent,mismatch,0,1,0,0
patient00122/study5,patient00122/study5/view1_frontal.dcm,Cardiomegaly,disease,uncertain,absent,partial,0,0,0,1
patient00122/study5,patient00122/study5/view1_frontal.dcm,Consolidation,disease,present,absent,mismatch,0,1,0,0
patient00122/study5,patient00122/study5/view1_frontal.dcm,Edema,disease,present,uncertain,partial,0,1,0,0
patient00122/study5,patient00122/study5/view1_frontal.dcm,Pleural Effusion,disease,present,absent,mismatch,0,1,0,0
patient00122/study5,patient00122/study5/view1_frontal.dcm,Pneumonia,disease,present,absent,mismatch,0,1,0,0
patient00122/study5,patient00122/study5/view1_frontal.dcm,Pneumothorax,disease,uncertain,absent,partial,0,0,0,1
patient00122/study5,patient00122/study5/view1_frontal.dcm,Fracture,disease,uncertain,absent,partial,0,0,0,1
patient00122/study5,patient00122/study5/view1_frontal.dcm,Lung Lesion,disease,absent,absent,exact,0,0,0,1
patient00122/study5,patient00122/study5/view1_frontal.dcm,Lung Opacity,disease,present,present,exact,1,0,0,0
patient00122/study5,patient00122/study5/view1_frontal.dcm,Enlarged Cardiomediastinum,disease,uncertain,absent,partial,0,0,0,1
patient00122/study5,patient00122/study5/view1_frontal.dcm,Pleural Other,disease,uncertain,absent,partial,0,0,0,1
patient00122/study5,patient00122/study5/view1_frontal.dcm,Support Devices,non_disease,uncertain,present,partial,0,0,1,0
patient00122/study5,patient00122/study5/view1_frontal.dcm,No Finding,non_disease,absent,absent,exact,0,0,0,1
patient00122/study1,patient00122/study1/view1_frontal.dcm,Atelectasis,disease,present,absent,mismatch,0,1,0,0
patient00122/study1,patient00122/study1/view1_frontal.dcm,Cardiomegaly,disease,uncertain,absent,partial,0,0,0,1
patient00122/study1,patient00122/study1/view1_frontal.dcm,Consolidation,disease,present,absent,mismatch,0,1,0,0
patient00122/study1,patient00122/study1/view1_frontal.dcm,Edema,disease,absent,absent,exact,0,0,0,1
patient00122/study1,patient00122/study1/view1_frontal.dcm,Pleural Effusion,disease,present,present,exact,1,0,0,0
patient00122/study1,patient00122/study1/view1_frontal.dcm,Pneumonia,disease,uncertain,absent,partial,0,0,0,1
patient00122/study1,patient00122/study1/view1_frontal.dcm,Pneumothorax,disease,absent,absent,exact,0,0,0,1
patient00122/study1,patient00122/study1/view1_frontal.dcm,Fracture,disease,uncertain,absent,partial,0,0,0,1
patient00122/study1,patient00122/study1/view1_frontal.dcm,Lung Lesion,disease,absent,absent,exact,0,0,0,1
patient00122/study1,patient00122/study1/view1_frontal.dcm,Lung Opacity,disease,uncertain,absent,partial,0,0,0,1
patient00122/study1,patient00122/study1/view1_frontal.dcm,Enlarged Cardiomediastinum,disease,uncertain,absent,partial,0,0,0,1
patient00122/study1,patient00122/study1/view1_frontal.dcm,Pleural Other,disease,uncertain,absent,partial,0,0,0,1
patient00122/study1,patient00122/study1/view1_frontal.dcm,Support Devices,non_disease,uncertain,absent,partial,0,0,0,1
patient00122/study1,patient00122/study1/view1_frontal.dcm,No Finding,non_disease,absent,absent,exact,0,0,0,1
patient00122/study4,patient00122/study4/view1_frontal.dcm,Atelectasis,disease,present,present,exact,1,0,0,0
patient00122/study4,patient00122/study4/view1_frontal.dcm,Cardiomegaly,disease,uncertain,absent,partial,0,0,0,1
patient00122/study4,patient00122/study4/view1_frontal.dcm,Consolidation,disease,present,uncertain,partial,0,1,0,0
patient00122/study4,patient00122/study4/view1_frontal.dcm,Edema,disease,present,absent,mismatch,0,1,0,0
patient00122/study4,patient00122/study4/view1_frontal.dcm,Pleural Effusion,disease,present,present,exact,1,0,0,0
patient00122/study4,patient00122/study4/view1_frontal.dcm,Pneumonia,disease,uncertain,absent,partial,0,0,0,1
patient00122/study4,patient00122/study4/view1_frontal.dcm,Pneumothorax,disease,uncertain,absent,partial,0,0,0,1
patient00122/study4,patient00122/study4/view1_frontal.dcm,Fracture,disease,present,absent,mismatch,0,1,0,0
patient00122/study4,patient00122/study4/view1_frontal.dcm,Lung Lesion,disease,uncertain,absent,partial,0,0,0,1
patient00122/study4,patient00122/study4/view1_frontal.dcm,Lung Opacity,disease,present,present,exact,1,0,0,0
patient00122/study4,patient00122/study4/view1_frontal.dcm,Enlarged Cardiomediastinum,disease,present,absent,mismatch,0,1,0,0
patient00122/study4,patient00122/study4/view1_frontal.dcm,Pleural Other,disease,present,absent,mismatch,0,1,0,0
patient00122/study4,patient00122/study4/view1_frontal.dcm,Support Devices,non_disease,uncertain,absent,partial,0,0,0,1
patient00122/study4,patient00122/study4/view1_frontal.dcm,No Finding,non_disease,absent,absent,exact,0,0,0,1
patient00122/study8,patient00122/study8/view1_frontal.dcm,Atelectasis,disease,present,absent,mismatch,0,1,0,0
patient00122/study8,patient00122/study8/view1_frontal.dcm,Cardiomegaly,disease,uncertain,absent,partial,0,0,0,1
patient00122/study8,patient00122/study8/view1_frontal.dcm,Consolidation,disease,present,present,exact,1,0,0,0
patient00122/study8,patient00122/study8/view1_frontal.dcm,Edema,disease,present,absent,mismatch,0,1,0,0
patient00122/study8,patient00122/study8/view1_frontal.dcm,Pleural Effusion,disease,present,present,exact,1,0,0,0
patient00122/study8,patient00122/study8/view1_frontal.dcm,Pneumonia,disease,absent,absent,exact,0,0,0,1
patient00122/study8,patient00122/study8/view1_frontal.dcm,Pneumothorax,disease,uncertain,absent,partial,0,0,0,1
patient00122/study8,patient00122/study8/view1_frontal.dcm,Fracture,disease,uncertain,absent,partial,0,0,0,1
patient00122/study8,patient00122/study8/view1_frontal.dcm,Lung Lesion,disease,uncertain,absent,partial,0,0,0,1
patient00122/study8,patient00122/study8/view1_frontal.dcm,Lung Opacity,disease,present,absent,mismatch,0,1,0,0
patient00122/study8,patient00122/study8/view1_frontal.dcm,Enlarged Cardiomediastinum,disease,uncertain,absent,partial,0,0,0,1
patient00122/study8,patient00122/study8/view1_frontal.dcm,Pleural Other,disease,uncertain,absent,partial,0,0,0,1
patient00122/study8,patient00122/study8/view1_frontal.dcm,Support Devices,non_disease,uncertain,present,partial,0,0,1,0
patient00122/study8,patient00122/study8/view1_frontal.dcm,No Finding,non_disease,absent,absent,exact,0,0,0,1
patient00122/study7,patient00122/study7/view1_frontal.dcm,Atelectasis,disease,present,absent,mismatch,0,1,0,0
patient00122/study7,patient00122/study7/view1_frontal.dcm,Cardiomegaly,disease,uncertain,absent,partial,0,0,0,1
patient00122/study7,patient00122/study7/view1_frontal.dcm,Consolidation,disease,present,absent,mismatch,0,1,0,0
patient00122/study7,patient00122/study7/view1_frontal.dcm,Edema,disease,present,present,exact,1,0,0,0
patient00122/study7,patient00122/study7/view1_frontal.dcm,Pleural Effusion,disease,present,present,exact,1,0,0,0
patient00122/study7,patient00122/study7/view1_frontal.dcm,Pneumonia,disease,absent,absent,exact,0,0,0,1
patient00122/study7,patient00122/study7/view1_frontal.dcm,Pneumothorax,disease,present,absent,mismatch,0,1,0,0
patient00122/study7,patient00122/study7/view1_frontal.dcm,Fracture,disease,uncertain,absent,partial,0,0,0,1
patient00122/study7,patient00122/study7/view1_frontal.dcm,Lung Lesion,disease,absent,absent,exact,0,0,0,1
patient00122/study7,patient00122/study7/view1_frontal.dcm,Lung Opacity,disease,present,absent,mismatch,0,1,0,0
patient00122/study7,patient00122/study7/view1_frontal.dcm,Enlarged Cardiomediastinum,disease,uncertain,absent,partial,0,0,0,1
patient00122/study7,patient00122/study7/view1_frontal.dcm,Pleural Other,disease,uncertain,absent,partial,0,0,0,1
patient00122/study7,patient00122/study7/view1_frontal.dcm,Support Devices,non_disease,uncertain,absent,partial,0,0,0,1
patient00122/study7,patient00122/study7/view1_frontal.dcm,No Finding,non_disease,absent,absent,exact,0,0,0,1
patient00122/study6,patient00122/study6/view1_frontal.dcm,Atelectasis,disease,present,absent,mismatch,0,1,0,0
patient00122/study6,patient00122/study6/view1_frontal.dcm,Cardiomegaly,disease,uncertain,absent,partial,0,0,0,1
patient00122/study6,patient00122/study6/view1_frontal.dcm,Consolidation,disease,present,absent,mismatch,0,1,0,0
patient00122/study6,patient00122/study6/view1_frontal.dcm,Edema,disease,present,absent,mismatch,0,1,0,0
patient00122/study6,patient00122/study6/view1_frontal.dcm,Pleural Effusion,disease,present,present,exact,1,0,0,0
patient00122/study6,patient00122/study6/view1_frontal.dcm,Pneumonia,disease,absent,absent,exact,0,0,0,1
patient00122/study6,patient00122/study6/view1_frontal.dcm,Pneumothorax,disease,uncertain,absent,partial,0,0,0,1
patient00122/study6,patient00122/study6/view1_frontal.dcm,Fracture,disease,uncertain,absent,partial,0,0,0,1
patient00122/study6,patient00122/study6/view1_frontal.dcm,Lung Lesion,disease,uncertain,absent,partial,0,0,0,1
patient00122/study6,patient00122/study6/view1_frontal.dcm,Lung Opacity,disease,present,absent,mismatch,0,1,0,0
patient00122/study6,patient00122/study6/view1_frontal.dcm,Enlarged Cardiomediastinum,disease,present,absent,mismatch,0,1,0,0
patient00122/study6,patient00122/study6/view1_frontal.dcm,Pleural Other,disease,uncertain,absent,partial,0,0,0,1
patient00122/study6,patient00122/study6/view1_frontal.dcm,Support Devices,non_disease,uncertain,present,partial,0,0,1,0
patient00122/study6,patient00122/study6/view1_frontal.dcm,No Finding,non_disease,absent,absent,exact,0,0,0,1
patient00124/study6,patient00124/study6/view1_frontal.dcm,Atelectasis,disease,present,absent,mismatch,0,1,0,0
patient00124/study6,patient00124/study6/view1_frontal.dcm,Cardiomegaly,disease,uncertain,absent,partial,0,0,0,1
patient00124/study6,patient00124/study6/view1_frontal.dcm,Consolidation,disease,present,absent,mismatch,0,1,0,0
patient00124/study6,patient00124/study6/view1_frontal.dcm,Edema,disease,absent,absent,exact,0,0,0,1
patient00124/study6,patient00124/study6/view1_frontal.dcm,Pleural Effusion,disease,uncertain,absent,partial,0,0,0,1
patient00124/study6,patient00124/study6/view1_frontal.dcm,Pneumonia,disease,absent,absent,exact,0,0,0,1
patient00124/study6,patient00124/study6/view1_frontal.dcm,Pneumothorax,disease,present,absent,mismatch,0,1,0,0
patient00124/study6,patient00124/study6/view1_frontal.dcm,Fracture,disease,present,absent,mismatch,0,1,0,0
patient00124/study6,patient00124/study6/view1_frontal.dcm,Lung Lesion,disease,absent,absent,exact,0,0,0,1
patient00124/study6,patient00124/study6/view1_frontal.dcm,Lung Opacity,disease,uncertain,absent,partial,0,0,0,1
patient00124/study6,patient00124/study6/view1_frontal.dcm,Enlarged Cardiomediastinum,disease,uncertain,absent,partial,0,0,0,1
patient00124/study6,patient00124/study6/view1_frontal.dcm,Pleural Other,disease,uncertain,absent,partial,0,0,0,1
patient00124/study6,patient00124/study6/view1_frontal.dcm,Support Devices,non_disease,uncertain,absent,partial,0,0,0,1
patient00124/study6,patient00124/study6/view1_frontal.dcm,No Finding,non_disease,absent,present,mismatch,0,0,1,0
patient00124/study4,patient00124/study4/view1_frontal.dcm,Atelectasis,disease,present,present,exact,1,0,0,0
patient00124/study4,patient00124/study4/view1_frontal.dcm,Cardiomegaly,disease,present,absent,mismatch,0,1,0,0
patient00124/study4,patient00124/study4/view1_frontal.dcm,Consolidation,disease,present,absent,mismatch,0,1,0,0
patient00124/study4,patient00124/study4/view1_frontal.dcm,Edema,disease,present,present,exact,1,0,0,0
patient00124/study4,patient00124/study4/view1_frontal.dcm,Pleural Effusion,disease,present,present,exact,1,0,0,0
patient00124/study4,patient00124/study4/view1_frontal.dcm,Pneumonia,disease,uncertain,absent,partial,0,0,0,1
patient00124/study4,patient00124/study4/view1_frontal.dcm,Pneumothorax,disease,uncertain,absent,partial,0,0,0,1
patient00124/study4,patient00124/study4/view1_frontal.dcm,Fracture,disease,uncertain,absent,partial,0,0,0,1
patient00124/study4,patient00124/study4/view1_frontal.dcm,Lung Lesion,disease,uncertain,absent,partial,0,0,0,1
patient00124/study4,patient00124/study4/view1_frontal.dcm,Lung Opacity,disease,present,absent,mismatch,0,1,0,0
patient00124/study4,patient00124/study4/view1_frontal.dcm,Enlarged Cardiomediastinum,disease,uncertain,absent,partial,0,0,0,1
patient00124/study4,patient00124/study4/view1_frontal.dcm,Pleural Other,disease,uncertain,absent,partial,0,0,0,1
patient00124/study4,patient00124/study4/view1_frontal.dcm,Support Devices,non_disease,uncertain,present,partial,0,0,1,0
patient00124/study4,patient00124/study4/view1_frontal.dcm,No Finding,non_disease,absent,absent,exact,0,0,0,1
patient00124/study2,patient00124/study2/view1_frontal.dcm,Atelectasis,disease,present,present,exact,1,0,0,0
patient00124/study2,patient00124/study2/view1_frontal.dcm,Cardiomegaly,disease,present,present,exact,1,0,0,0
patient00124/study2,patient00124/study2/view1_frontal.dcm,Consolidation,disease,present,present,exact,1,0,0,0
patient00124/study2,patient00124/study2/view1_frontal.dcm,Edema,disease,present,present,exact,1,0,0,0
patient00124/study2,patient00124/study2/view1_frontal.dcm,Pleural Effusion,disease,present,present,exact,1,0,0,0
patient00124/study2,patient00124/study2/view1_frontal.dcm,Pneumonia,disease,uncertain,absent,partial,0,0,0,1
patient00124/study2,patient00124/study2/view1_frontal.dcm,Pneumothorax,disease,present,absent,mismatch,0,1,0,0
patient00124/study2,patient00124/study2/view1_frontal.dcm,Fracture,disease,uncertain,absent,partial,0,0,0,1
patient00124/study2,patient00124/study2/view1_frontal.dcm,Lung Lesion,disease,uncertain,absent,partial,0,0,0,1
patient00124/study2,patient00124/study2/view1_frontal.dcm,Lung Opacity,disease,present,absent,mismatch,0,1,0,0
patient00124/study2,patient00124/study2/view1_frontal.dcm,Enlarged Cardiomediastinum,disease,uncertain,absent,partial,0,0,0,1
patient00124/study2,patient00124/study2/view1_frontal.dcm,Pleural Other,disease,uncertain,absent,partial,0,0,0,1
patient00124/study2,patient00124/study2/view1_frontal.dcm,Support Devices,non_disease,uncertain,present,partial,0,0,1,0
patient00124/study2,patient00124/study2/view1_frontal.dcm,No Finding,non_disease,absent,absent,exact,0,0,0,1
patient00124/study3,patient00124/study3/view1_frontal.dcm,Atelectasis,disease,present,present,exact,1,0,0,0
patient00124/study3,patient00124/study3/view1_frontal.dcm,Cardiomegaly,disease,present,present,exact,1,0,0,0
patient00124/study3,patient00124/study3/view1_frontal.dcm,Consolidation,disease,present,absent,mismatch,0,1,0,0
patient00124/study3,patient00124/study3/view1_frontal.dcm,Edema,disease,present,present,exact,1,0,0,0
patient00124/study3,patient00124/study3/view1_frontal.dcm,Pleural Effusion,disease,present,present,exact,1,0,0,0
patient00124/study3,patient00124/study3/view1_frontal.dcm,Pneumonia,disease,uncertain,absent,partial,0,0,0,1
patient00124/study3,patient00124/study3/view1_frontal.dcm,Pneumothorax,disease,uncertain,absent,partial,0,0,0,1
patient00124/study3,patient00124/study3/view1_frontal.dcm,Fracture,disease,uncertain,absent,partial,0,0,0,1
patient00124/study3,patient00124/study3/view1_frontal.dcm,Lung Lesion,disease,absent,absent,exact,0,0,0,1
patient00124/study3,patient00124/study3/view1_frontal.dcm,Lung Opacity,disease,present,absent,mismatch,0,1,0,0
patient00124/study3,patient00124/study3/view1_frontal.dcm,Enlarged Cardiomediastinum,disease,uncertain,absent,partial,0,0,0,1
patient00124/study3,patient00124/study3/view1_frontal.dcm,Pleural Other,disease,uncertain,absent,partial,0,0,0,1
patient00124/study3,patient00124/study3/view1_frontal.dcm,Support Devices,non_disease,uncertain,present,partial,0,0,1,0
patient00124/study3,patient00124/study3/view1_frontal.dcm,No Finding,non_disease,absent,absent,exact,0,0,0,1
