study_key,label,gt_status,vision_status,fusion_status,vision_prob,vision_threshold,gray_zone,change_type,retrieved_pos_mentions,retrieved_neg_mentions,retrieved_top_k
patient00877/study1,Atelectasis,uncertain,present,uncertain,0.66259765625,0.56,True,demotion,0,0,0
patient00877/study1,Consolidation,unmentioned,absent,uncertain,0.399169921875,0.45,True,other,0,0,0
patient00877/study1,Pleural Effusion,present,present,uncertain,0.68896484375,0.6,True,demotion,0,0,0
patient00877/study1,Lung Opacity,present,present,uncertain,0.67724609375,0.62,True,demotion,0,0,0
patient00877/study13,Pneumonia,unmentioned,present,uncertain,0.3681640625,0.28,True,demotion,0,0,0
patient00877/study13,Lung Lesion,unmentioned,present,uncertain,0.4404296875,0.39,True,demotion,0,0,0
patient00877/study13,Pleural Other,unmentioned,absent,uncertain,0.433837890625,0.45,True,other,0,0,0
patient00877/study7,Atelectasis,present,absent,uncertain,0.499267578125,0.56,True,other,0,0,0
patient00877/study7,Consolidation,unmentioned,present,uncertain,0.51953125,0.45,True,demotion,0,0,0
patient00877/study9,Pneumonia,unmentioned,absent,uncertain,0.201171875,0.28,True,other,0,0,0
patient00877/study9,Pneumothorax,unmentioned,absent,uncertain,0.188232421875,0.33,True,other,0,0,0
patient00877/study9,Fracture,unmentioned,absent,uncertain,0.273681640625,0.42,True,other,0,0,0
patient00877/study9,Lung Lesion,unmentioned,absent,uncertain,0.269287109375,0.39,True,other,0,0,0
patient00980/study7,Atelectasis,unmentioned,present,uncertain,0.62109375,0.56,True,demotion,0,0,0
patient00980/study7,Cardiomegaly,unmentioned,present,uncertain,0.623046875,0.5,True,demotion,0,0,0
patient00980/study7,Consolidation,present,absent,uncertain,0.416015625,0.45,True,other,0,0,0
patient00980/study7,Pneumonia,unmentioned,absent,uncertain,0.1966552734375,0.28,True,other,0,0,0
patient00980/study7,Pneumothorax,absent,absent,uncertain,0.199462890625,0.33,True,other,0,0,0
patient00980/study7,Fracture,unmentioned,absent,uncertain,0.407958984375,0.42,True,other,0,0,0
patient01239/study10,Pneumothorax,present,absent,uncertain,0.24365234375,0.33,True,other,0,0,0
patient01239/study7,Pneumothorax,present,absent,uncertain,0.20166015625,0.33,True,other,0,0,0
patient01384/study1,Atelectasis,unmentioned,absent,uncertain,0.54296875,0.56,True,other,0,0,0
patient01384/study1,Edema,unmentioned,present,uncertain,0.58203125,0.453857,True,demotion,0,0,0
patient01384/study1,Lung Lesion,unmentioned,present,uncertain,0.442138671875,0.39,True,demotion,0,0,0
patient01384/study1,Enlarged Cardiomediastinum,unmentioned,present,uncertain,0.380615234375,0.35,True,demotion,0,0,0
patient01384/study1,Pleural Other,unmentioned,present,uncertain,0.5205078125,0.45,True,demotion,0,0,0
patient01658/study1,Enlarged Cardiomediastinum,present,absent,uncertain,0.276123046875,0.35,True,other,0,0,0
patient01658/study2,Atelectasis,unmentioned,present,uncertain,0.68212890625,0.56,True,demotion,0,0,0
patient01658/study2,Cardiomegaly,uncertain,absent,uncertain,0.353271484375,0.5,True,other,0,0,0
patient01658/study2,Consolidation,present,present,uncertain,0.55224609375,0.45,True,demotion,0,0,0
patient01658/study2,Pneumothorax,absent,present,uncertain,0.357421875,0.33,True,demotion,0,0,0
patient01658/study2,Enlarged Cardiomediastinum,uncertain,absent,uncertain,0.306640625,0.35,True,other,0,0,0
patient02001/study22,Lung Lesion,unmentioned,present,uncertain,0.4365234375,0.39,True,demotion,0,0,0
patient02001/study3,Pneumonia,unmentioned,present,uncertain,0.31640625,0.28,True,demotion,0,0,0
patient02001/study4,Atelectasis,unmentioned,present,uncertain,0.630859375,0.56,True,demotion,0,0,0
patient02001/study6,Cardiomegaly,present,present,uncertain,0.5087890625,0.5,True,demotion,0,0,0
patient02001/study6,Edema,present,absent,uncertain,0.317626953125,0.453857,True,other,0,0,0
patient02001/study6,Pleural Effusion,present,absent,uncertain,0.46484375,0.6,True,other,0,0,0
patient02001/study6,Lung Opacity,present,absent,uncertain,0.5546875,0.62,True,other,0,0,0
patient02261/study2,Consolidation,unmentioned,absent,uncertain,0.351318359375,0.45,True,other,0,0,0
patient02298/study2,Cardiomegaly,present,absent,uncertain,0.385498046875,0.5,True,other,0,0,0
patient02298/study2,Edema,present,absent,uncertain,0.309326171875,0.453857,True,other,0,0,0
patient02298/study2,Pneumothorax,absent,present,uncertain,0.4794921875,0.33,True,demotion,0,0,0
patient02298/study2,Lung Opacity,present,absent,uncertain,0.58935546875,0.62,True,other,0,0,0
patient02298/study2,Pleural Other,unmentioned,absent,uncertain,0.3984375,0.45,True,other,0,0,0
patient02298/study3,Consolidation,present,present,uncertain,0.456298828125,0.45,True,demotion,0,0,0
patient02298/study3,Pleural Effusion,unmentioned,present,uncertain,0.63818359375,0.6,True,demotion,0,0,0
patient02298/study3,Fracture,unmentioned,present,uncertain,0.42529296875,0.42,True,demotion,0,0,0
patient02298/study3,Lung Lesion,unmentioned,present,uncertain,0.39404296875,0.39,True,demotion,0,0,0
patient02298/study3,Lung Opacity,unmentioned,present,uncertain,0.6884765625,0.62,True,demotion,0,0,0
patient02298/study3,Enlarged Cardiomediastinum,absent,absent,uncertain,0.2252197265625,0.35,True,other,0,0,0
patient02298/study4,Cardiomegaly,absent,present,uncertain,0.58642578125,0.5,True,demotion,0,0,0
patient02298/study4,Consolidation,present,present,uncertain,0.591796875,0.45,True,demotion,0,0,0
patient02298/study4,Edema,unmentioned,absent,uncertain,0.32080078125,0.453857,True,other,0,0,0
patient02298/study4,Pneumonia,uncertain,present,uncertain,0.392822265625,0.28,True,demotion,0,0,0
patient02298/study4,Pneumothorax,unmentioned,present,uncertain,0.432373046875,0.33,True,demotion,0,0,0
patient02298/study4,Enlarged Cardiomediastinum,absent,present,uncertain,0.384033203125,0.35,True,demotion,0,0,0
patient02303/study1,Pleural Other,present,absent,uncertain,0.335693359375,0.45,True,other,0,0,0
patient02314/study7,Atelectasis,unmentioned,present,uncertain,0.6123046875,0.56,True,demotion,0,0,0
patient02314/study7,Cardiomegaly,absent,absent,uncertain,0.381591796875,0.5,True,other,0,0,0
patient02314/study7,Pleural Effusion,unmentioned,present,uncertain,0.6845703125,0.6,True,demotion,0,0,0
patient02314/study7,Lung Lesion,unmentioned,absent,uncertain,0.312744140625,0.39,True,other,0,0,0
patient02314/study7,Enlarged Cardiomediastinum,absent,absent,uncertain,0.3154296875,0.35,True,other,0,0,0
patient02314/study7,Pleural Other,present,present,uncertain,0.48046875,0.45,True,demotion,0,0,0
patient02378/study1,Atelectasis,unmentioned,present,uncertain,0.638671875,0.56,True,demotion,0,0,0
patient02378/study1,Edema,unmentioned,absent,uncertain,0.314697265625,0.453857,True,other,0,0,0
patient02378/study10,Pneumonia,unmentioned,present,uncertain,0.2841796875,0.28,True,demotion,0,0,0
patient02378/study10,Lung Opacity,unmentioned,absent,uncertain,0.48193359375,0.62,True,other,0,0,0
patient02512/study1,Pleural Effusion,present,absent,uncertain,0.56787109375,0.6,True,other,0,0,0
patient02512/study1,Pneumonia,present,absent,uncertain,0.2113037109375,0.28,True,other,0,0,0
patient02512/study1,Pleural Other,unmentioned,absent,uncertain,0.392578125,0.45,True,other,0,0,0
patient02590/study3,Atelectasis,unmentioned,absent,uncertain,0.5478515625,0.56,True,other,0,0,0
patient02590/study3,Cardiomegaly,present,present,uncertain,0.50634765625,0.5,True,demotion,0,0,0
patient02590/study3,Consolidation,present,present,uncertain,0.5888671875,0.45,True,demotion,0,0,0
patient02590/study3,Edema,unmentioned,absent,uncertain,0.333740234375,0.453857,True,other,0,0,0
patient02590/study3,Pneumothorax,absent,absent,uncertain,0.199951171875,0.33,True,other,0,0,0
patient02590/study3,Fracture,absent,absent,uncertain,0.390625,0.42,True,other,0,0,0
patient02894/study1,Atelectasis,unmentioned,absent,uncertain,0.48486328125,0.56,True,other,0,0,0
patient02894/study1,Pleural Effusion,present,present,uncertain,0.6201171875,0.6,True,demotion,0,0,0
patient02894/study1,Pneumothorax,absent,absent,uncertain,0.28369140625,0.33,True,other,0,0,0
patient02894/study1,Fracture,absent,present,uncertain,0.455322265625,0.42,True,demotion,0,0,0
patient02894/study1,Enlarged Cardiomediastinum,unmentioned,absent,uncertain,0.232666015625,0.35,True,other,0,0,0
patient02999/study10,Cardiomegaly,unmentioned,absent,uncertain,0.435302734375,0.5,True,other,0,0,0
patient02999/study10,Edema,unmentioned,absent,uncertain,0.307861328125,0.453857,True,other,0,0,0
patient02999/study10,Pneumonia,unmentioned,absent,uncertain,0.1304931640625,0.28,True,other,0,0,0
patient02999/study10,Enlarged Cardiomediastinum,unmentioned,absent,uncertain,0.2259521484375,0.35,True,other,0,0,0
patient02999/study11,Cardiomegaly,unmentioned,absent,uncertain,0.37060546875,0.5,True,other,0,0,0
patient02999/study2,Cardiomegaly,unmentioned,absent,uncertain,0.47509765625,0.5,True,other,0,0,0
patient02999/study2,Pleural Effusion,unmentioned,present,uncertain,0.62646484375,0.6,True,demotion,0,0,0
patient02999/study2,Pneumothorax,unmentioned,absent,uncertain,0.1966552734375,0.33,True,other,0,0,0
patient02999/study2,Fracture,unmentioned,present,uncertain,0.54345703125,0.42,True,demotion,0,0,0
patient02999/study2,Enlarged Cardiomediastinum,unmentioned,absent,uncertain,0.287841796875,0.35,True,other,0,0,0
patient02999/study2,Pleural Other,unmentioned,present,uncertain,0.49267578125,0.45,True,demotion,0,0,0
patient03138/study11,Atelectasis,unmentioned,absent,uncertain,0.5263671875,0.56,True,other,0,0,0
patient03138/study11,Consolidation,present,absent,uncertain,0.34716796875,0.45,True,other,0,0,0
patient03138/study11,Pneumonia,unmentioned,present,uncertain,0.33544921875,0.28,True,demotion,0,0,0
patient03138/study11,Fracture,unmentioned,present,uncertain,0.53759765625,0.42,True,demotion,0,0,0
patient03387/study10,Atelectasis,unmentioned,present,uncertain,0.64599609375,0.56,True,demotion,0,0,0
patient03387/study10,Lung Lesion,unmentioned,present,uncertain,0.47705078125,0.39,True,demotion,0,0,0
patient03387/study10,Pleural Other,unmentioned,absent,uncertain,0.356201171875,0.45,True,other,0,0,0
patient03387/study11,Edema,unmentioned,absent,uncertain,0.33740234375,0.453857,True,other,0,0,0
patient03387/study2,Consolidation,unmentioned,present,uncertain,0.51904296875,0.45,True,demotion,0,0,0
patient03387/study2,Lung Lesion,unmentioned,absent,uncertain,0.310791015625,0.39,True,other,0,0,0
patient03387/study2,Enlarged Cardiomediastinum,unmentioned,absent,uncertain,0.26220703125,0.35,True,other,0,0,0
patient03387/study2,Pleural Other,unmentioned,absent,uncertain,0.3984375,0.45,True,other,0,0,0
patient03443/study11,Cardiomegaly,unmentioned,absent,uncertain,0.453369140625,0.5,True,other,0,0,0
patient03443/study11,Consolidation,unmentioned,present,uncertain,0.46044921875,0.45,True,demotion,0,0,0
patient03443/study11,Edema,unmentioned,absent,uncertain,0.36181640625,0.453857,True,other,0,0,0
patient03443/study11,Pneumonia,unmentioned,absent,uncertain,0.2301025390625,0.28,True,other,0,0,0
patient03443/study11,Lung Opacity,unmentioned,present,uncertain,0.6845703125,0.62,True,demotion,0,0,0
patient03443/study2,Edema,unmentioned,present,uncertain,0.54052734375,0.453857,True,demotion,0,0,0
patient03443/study2,Lung Opacity,unmentioned,present,uncertain,0.623046875,0.62,True,demotion,0,0,0
patient03478/study1,Pneumonia,unmentioned,absent,uncertain,0.212890625,0.28,True,other,0,0,0
patient03478/study11,Edema,unmentioned,absent,uncertain,0.34619140625,0.453857,True,other,0,0,0
patient03478/study11,Lung Lesion,unmentioned,present,uncertain,0.49072265625,0.39,True,demotion,0,0,0
patient03478/study11,Lung Opacity,unmentioned,present,uncertain,0.7646484375,0.62,True,demotion,0,0,0
patient03478/study11,Pleural Other,unmentioned,absent,uncertain,0.31494140625,0.45,True,other,0,0,0
patient03478/study12,Atelectasis,unmentioned,absent,uncertain,0.4404296875,0.56,True,other,0,0,0
patient03478/study12,Cardiomegaly,unmentioned,present,uncertain,0.61376953125,0.5,True,demotion,0,0,0
patient03478/study12,Consolidation,unmentioned,present,uncertain,0.548828125,0.45,True,demotion,0,0,0
patient03478/study12,Edema,unmentioned,present,uncertain,0.53955078125,0.453857,True,demotion,0,0,0
patient03478/study12,Pleural Effusion,unmentioned,present,uncertain,0.71923828125,0.6,True,demotion,0,0,0
patient03478/study12,Pneumonia,unmentioned,absent,uncertain,0.1739501953125,0.28,True,other,0,0,0
patient03478/study12,Fracture,unmentioned,absent,uncertain,0.3359375,0.42,True,other,0,0,0
patient03478/study12,Lung Opacity,unmentioned,present,uncertain,0.62255859375,0.62,True,demotion,0,0,0
patient03478/study12,Enlarged Cardiomediastinum,unmentioned,absent,uncertain,0.2900390625,0.35,True,other,0,0,0
patient03532/study12,Lung Opacity,present,absent,uncertain,0.4775390625,0.62,True,other,0,0,0
patient03532/study12,Enlarged Cardiomediastinum,present,absent,uncertain,0.296630859375,0.35,True,other,0,0,0
patient03532/study18,Cardiomegaly,present,present,uncertain,0.53369140625,0.5,True,demotion,0,0,0
patient03532/study18,Pneumothorax,unmentioned,present,uncertain,0.361572265625,0.33,True,demotion,0,0,0
patient03532/study18,Fracture,unmentioned,present,uncertain,0.54150390625,0.42,True,demotion,0,0,0
patient03532/study18,Enlarged Cardiomediastinum,present,present,uncertain,0.41015625,0.35,True,demotion,0,0,0
patient03532/study18,Pleural Other,unmentioned,present,uncertain,0.580078125,0.45,True,demotion,0,0,0
patient03655/study1,Atelectasis,unmentioned,present,uncertain,0.56640625,0.56,True,demotion,0,0,0
patient03655/study1,Cardiomegaly,unmentioned,present,uncertain,0.62841796875,0.5,True,demotion,0,0,0
patient03655/study1,Consolidation,unmentioned,present,uncertain,0.54345703125,0.45,True,demotion,0,0,0
patient03655/study1,Lung Opacity,unmentioned,present,uncertain,0.69189453125,0.62,True,demotion,0,0,0
patient03655/study1,Enlarged Cardiomediastinum,unmentioned,absent,uncertain,0.2490234375,0.35,True,other,0,0,0
patient03655/study10,Pneumonia,unmentioned,absent,uncertain,0.1978759765625,0.28,True,other,0,0,0
patient04335/study1,Consolidation,unmentioned,absent,uncertain,0.328857421875,0.45,True,other,0,0,0
patient04335/study1,Pneumothorax,unmentioned,absent,uncertain,0.30322265625,0.33,True,other,0,0,0
patient04335/study10,Consolidation,unmentioned,absent,uncertain,0.39453125,0.45,True,other,0,0,0
patient04335/study10,Edema,unmentioned,absent,uncertain,0.359375,0.453857,True,other,0,0,0
patient04335/study10,Pneumonia,unmentioned,absent,uncertain,0.235595703125,0.28,True,other,0,0,0
patient04335/study10,Lung Opacity,unmentioned,absent,uncertain,0.5849609375,0.62,True,other,0,0,0
patient04335/study11,Consolidation,unmentioned,present,uncertain,0.546875,0.45,True,demotion,0,0,0
patient04335/study11,Pneumonia,unmentioned,absent,uncertain,0.1744384765625,0.28,True,other,0,0,0
patient04335/study11,Lung Opacity,unmentioned,absent,uncertain,0.58203125,0.62,True,other,0,0,0
patient04335/study12,Pneumonia,unmentioned,present,uncertain,0.4052734375,0.28,True,demotion,0,0,0
patient04335/study12,Pneumothorax,unmentioned,present,uncertain,0.43115234375,0.33,True,demotion,0,0,0
patient04335/study12,Pleural Other,unmentioned,absent,uncertain,0.368896484375,0.45,True,other,0,0,0
patient04462/study36,Pneumonia,unmentioned,absent,uncertain,0.16162109375,0.28,True,other,0,0,0
patient04462/study36,Pneumothorax,present,present,uncertain,0.339111328125,0.33,True,demotion,0,0,0
patient04462/study39,Pneumothorax,present,present,uncertain,0.3828125,0.33,True,demotion,0,0,0
patient05047/study1,Pleural Effusion,unmentioned,absent,uncertain,0.5546875,0.6,True,other,0,0,0
patient05047/study1,Pneumonia,unmentioned,present,uncertain,0.290283203125,0.28,True,demotion,0,0,0
patient05047/study1,Lung Opacity,unmentioned,absent,uncertain,0.50244140625,0.62,True,other,0,0,0
patient05047/study1,Pleural Other,unmentioned,absent,uncertain,0.361328125,0.45,True,other,0,0,0
patient05047/study10,Pneumonia,unmentioned,present,uncertain,0.29248046875,0.28,True,demotion,0,0,0
patient05047/study2,Atelectasis,unmentioned,absent,uncertain,0.439697265625,0.56,True,other,0,0,0
patient05047/study2,Fracture,unmentioned,absent,uncertain,0.4169921875,0.42,True,other,0,0,0
patient05047/study3,Consolidation,unmentioned,present,uncertain,0.494140625,0.45,True,demotion,0,0,0
patient05047/study3,Pleural Effusion,unmentioned,absent,uncertain,0.52490234375,0.6,True,other,0,0,0
patient05047/study3,Pneumonia,unmentioned,present,uncertain,0.36328125,0.28,True,demotion,0,0,0
patient05047/study3,Fracture,unmentioned,absent,uncertain,0.275146484375,0.42,True,other,0,0,0
patient05047/study3,Lung Lesion,unmentioned,present,uncertain,0.45263671875,0.39,True,demotion,0,0,0
patient05047/study3,Lung Opacity,unmentioned,present,uncertain,0.73388671875,0.62,True,demotion,0,0,0
patient05047/study3,Pleural Other,unmentioned,absent,uncertain,0.3125,0.45,True,other,0,0,0
patient05066/study10,Atelectasis,unmentioned,absent,uncertain,0.4970703125,0.56,True,other,0,0,0
patient05066/study10,Cardiomegaly,unmentioned,absent,uncertain,0.4423828125,0.5,True,other,0,0,0
patient05066/study10,Consolidation,unmentioned,absent,uncertain,0.4150390625,0.45,True,other,0,0,0
patient05066/study10,Pneumonia,unmentioned,present,uncertain,0.328125,0.28,True,demotion,0,0,0
patient05066/study10,Fracture,unmentioned,absent,uncertain,0.314697265625,0.42,True,other,0,0,0
patient05066/study10,Enlarged Cardiomediastinum,unmentioned,present,uncertain,0.37109375,0.35,True,demotion,0,0,0
patient05066/study10,Pleural Other,unmentioned,absent,uncertain,0.41015625,0.45,True,other,0,0,0
patient05066/study3,Atelectasis,unmentioned,present,uncertain,0.64697265625,0.56,True,demotion,0,0,0
patient05066/study3,Consolidation,unmentioned,absent,uncertain,0.340087890625,0.45,True,other,0,0,0
patient05066/study3,Fracture,unmentioned,absent,uncertain,0.365234375,0.42,True,other,0,0,0
patient05066/study3,Enlarged Cardiomediastinum,unmentioned,absent,uncertain,0.3427734375,0.35,True,other,0,0,0
patient05078/study1,Atelectasis,unmentioned,absent,uncertain,0.47119140625,0.56,True,other,0,0,0
patient05078/study1,Consolidation,unmentioned,present,uncertain,0.54541015625,0.45,True,demotion,0,0,0
patient05078/study1,Lung Lesion,unmentioned,absent,uncertain,0.278076171875,0.39,True,other,0,0,0
patient05115/study1,Atelectasis,unmentioned,absent,uncertain,0.482666015625,0.56,True,other,0,0,0
patient05115/study1,Pleural Effusion,unmentioned,present,uncertain,0.66845703125,0.6,True,demotion,0,0,0
patient05115/study1,Pneumonia,unmentioned,present,uncertain,0.418701171875,0.28,True,demotion,0,0,0
patient05115/study1,Pneumothorax,unmentioned,absent,uncertain,0.295654296875,0.33,True,other,0,0,0
patient05115/study1,Fracture,unmentioned,absent,uncertain,0.370849609375,0.42,True,other,0,0,0
patient05115/study1,Lung Lesion,unmentioned,absent,uncertain,0.2476806640625,0.39,True,other,0,0,0
patient05115/study1,Lung Opacity,unmentioned,present,uncertain,0.646484375,0.62,True,demotion,0,0,0
patient05115/study1,Enlarged Cardiomediastinum,unmentioned,absent,uncertain,0.20947265625,0.35,True,other,0,0,0
patient05115/study1,Pleural Other,unmentioned,absent,uncertain,0.40478515625,0.45,True,other,0,0,0
patient05115/study10,Cardiomegaly,unmentioned,absent,uncertain,0.46337890625,0.5,True,other,0,0,0
patient05115/study2,Pleural Effusion,unmentioned,present,uncertain,0.69384765625,0.6,True,demotion,0,0,0
patient05115/study2,Pneumonia,unmentioned,absent,uncertain,0.267578125,0.28,True,other,0,0,0
patient05115/study2,Fracture,unmentioned,absent,uncertain,0.278076171875,0.42,True,other,0,0,0
patient05115/study2,Lung Lesion,unmentioned,absent,uncertain,0.259521484375,0.39,True,other,0,0,0
patient05115/study2,Lung Opacity,unmentioned,absent,uncertain,0.52587890625,0.62,True,other,0,0,0
patient05115/study2,Pleural Other,unmentioned,absent,uncertain,0.41064453125,0.45,True,other,0,0,0
patient05324/study1,Atelectasis,present,present,uncertain,0.66357421875,0.56,True,demotion,0,0,0
patient05324/study1,Pneumonia,unmentioned,absent,uncertain,0.2298583984375,0.28,True,other,0,0,0
patient05324/study1,Pneumothorax,unmentioned,absent,uncertain,0.28076171875,0.33,True,other,0,0,0
patient05392/study1,Fracture,unmentioned,absent,uncertain,0.328857421875,0.42,True,other,0,0,0
patient05392/study1,Pleural Other,unmentioned,absent,uncertain,0.3935546875,0.45,True,other,0,0,0
patient05433/study1,Atelectasis,unmentioned,absent,uncertain,0.489013671875,0.56,True,other,0,0,0
patient05433/study1,Consolidation,unmentioned,present,uncertain,0.5908203125,0.45,True,demotion,0,0,0
patient05433/study1,Pneumonia,unmentioned,present,uncertain,0.421875,0.28,True,demotion,0,0,0
patient05433/study1,Fracture,unmentioned,absent,uncertain,0.299072265625,0.42,True,other,0,0,0
patient05433/study1,Lung Lesion,unmentioned,absent,uncertain,0.3125,0.39,True,other,0,0,0
patient05433/study1,Lung Opacity,unmentioned,absent,uncertain,0.60546875,0.62,True,other,0,0,0
patient05433/study10,Consolidation,unmentioned,absent,uncertain,0.339599609375,0.45,True,other,0,0,0
patient05433/study10,Pneumonia,unmentioned,absent,uncertain,0.2115478515625,0.28,True,other,0,0,0
patient05433/study10,Lung Opacity,unmentioned,absent,uncertain,0.51220703125,0.62,True,other,0,0,0
patient05433/study11,Edema,unmentioned,absent,uncertain,0.349365234375,0.453857,True,other,0,0,0
patient05433/study11,Pneumothorax,unmentioned,absent,uncertain,0.246337890625,0.33,True,other,0,0,0
patient05433/study11,Fracture,unmentioned,present,uncertain,0.420166015625,0.42,True,demotion,0,0,0
patient05551/study1,Edema,unmentioned,absent,uncertain,0.337646484375,0.453857,True,other,0,0,0
patient05551/study2,Cardiomegaly,unmentioned,absent,uncertain,0.4912109375,0.5,True,other,0,0,0
patient05551/study2,Pleural Effusion,present,present,uncertain,0.7314453125,0.6,True,demotion,0,0,0
patient05551/study2,Pleural Other,unmentioned,present,uncertain,0.51416015625,0.45,True,demotion,0,0,0
patient05551/study3,Edema,unmentioned,present,uncertain,0.56201171875,0.453857,True,demotion,0,0,0
patient05551/study3,Pneumothorax,unmentioned,absent,uncertain,0.251708984375,0.33,True,other,0,0,0
patient05551/study4,Pneumothorax,absent,absent,uncertain,0.285888671875,0.33,True,other,0,0,0
patient05759/study2,Atelectasis,unmentioned,absent,uncertain,0.54833984375,0.56,True,other,0,0,0
patient05759/study2,Cardiomegaly,unmentioned,absent,uncertain,0.364501953125,0.5,True,other,0,0,0
patient05759/study2,Consolidation,unmentioned,absent,uncertain,0.442138671875,0.45,True,other,0,0,0
patient05759/study2,Edema,unmentioned,present,uncertain,0.6025390625,0.453857,True,demotion,0,0,0
patient05759/study2,Pleural Effusion,present,present,uncertain,0.7236328125,0.6,True,demotion,0,0,0
patient05759/study2,Pneumonia,unmentioned,present,uncertain,0.344482421875,0.28,True,demotion,0,0,0
patient05759/study2,Pneumothorax,unmentioned,absent,uncertain,0.199951171875,0.33,True,other,0,0,0
patient05759/study2,Fracture,unmentioned,absent,uncertain,0.332275390625,0.42,True,other,0,0,0
patient05759/study2,Lung Lesion,unmentioned,present,uncertain,0.44580078125,0.39,True,demotion,0,0,0
patient05759/study2,Pleural Other,unmentioned,absent,uncertain,0.3388671875,0.45,True,other,0,0,0
patient05759/study4,Atelectasis,unmentioned,absent,uncertain,0.5439453125,0.56,True,other,0,0,0
patient05759/study4,Cardiomegaly,unmentioned,absent,uncertain,0.361572265625,0.5,True,other,0,0,0
patient05759/study4,Enlarged Cardiomediastinum,uncertain,present,uncertain,0.361572265625,0.35,True,demotion,0,0,0
patient05804/study11,Edema,present,absent,uncertain,0.3271484375,0.453857,True,other,0,0,0
patient05804/study17,Pleural Effusion,present,absent,uncertain,0.52294921875,0.6,True,other,0,0,0
patient05804/study17,Enlarged Cardiomediastinum,unmentioned,absent,uncertain,0.2218017578125,0.35,True,other,0,0,0
patient05804/study19,Edema,present,absent,uncertain,0.386474609375,0.453857,True,other,0,0,0
patient05804/study19,Pleural Effusion,present,absent,uncertain,0.59228515625,0.6,True,other,0,0,0
patient05804/study19,Lung Opacity,unmentioned,absent,uncertain,0.6083984375,0.62,True,other,0,0,0
patient06014/study1,Pneumonia,unmentioned,absent,uncertain,0.23779296875,0.28,True,other,0,0,0
patient06014/study1,Lung Lesion,unmentioned,absent,uncertain,0.33349609375,0.39,True,other,0,0,0
patient06014/study1,Lung Opacity,unmentioned,absent,uncertain,0.5263671875,0.62,True,other,0,0,0
patient06014/study1,Enlarged Cardiomediastinum,unmentioned,absent,uncertain,0.287353515625,0.35,True,other,0,0,0
patient06014/study10,Pleural Other,unmentioned,absent,uncertain,0.399169921875,0.45,True,other,0,0,0
patient06014/study11,Atelectasis,unmentioned,absent,uncertain,0.5478515625,0.56,True,other,0,0,0
patient06014/study11,Consolidation,unmentioned,present,uncertain,0.499267578125,0.45,True,demotion,0,0,0
patient06014/study11,Fracture,unmentioned,present,uncertain,0.52197265625,0.42,True,demotion,0,0,0
patient06014/study11,Lung Lesion,unmentioned,absent,uncertain,0.261962890625,0.39,True,other,0,0,0
patient06014/study11,Pleural Other,unmentioned,absent,uncertain,0.415283203125,0.45,True,other,0,0,0
patient06014/study2,Pneumonia,unmentioned,absent,uncertain,0.2012939453125,0.28,True,other,0,0,0
patient06014/study2,Lung Opacity,unmentioned,absent,uncertain,0.51318359375,0.62,True,other,0,0,0
patient06014/study2,Pleural Other,unmentioned,absent,uncertain,0.307861328125,0.45,True,other,0,0,0
patient07366/study4,Cardiomegaly,present,present,uncertain,0.501953125,0.5,True,demotion,0,0,0
patient07366/study4,Pneumonia,unmentioned,absent,uncertain,0.148681640625,0.28,True,other,0,0,0
patient07366/study6,Pleural Effusion,unmentioned,present,uncertain,0.71533203125,0.6,True,demotion,0,0,0
patient07366/study6,Pneumonia,unmentioned,present,uncertain,0.390625,0.28,True,demotion,0,0,0
patient07366/study6,Fracture,unmentioned,present,uncertain,0.55859375,0.42,True,demotion,0,0,0
patient07366/study7,Atelectasis,unmentioned,present,uncertain,0.63330078125,0.56,True,demotion,0,0,0
patient07366/study7,Cardiomegaly,unmentioned,present,uncertain,0.58984375,0.5,True,demotion,0,0,0
patient07366/study7,Pleural Effusion,present,present,uncertain,0.6865234375,0.6,True,demotion,0,0,0
patient07366/study7,Pneumothorax,present,absent,uncertain,0.2108154296875,0.33,True,other,0,0,0
patient07366/study7,Enlarged Cardiomediastinum,unmentioned,absent,uncertain,0.252685546875,0.35,True,other,0,0,0
patient07564/study2,Pneumonia,unmentioned,absent,uncertain,0.1937255859375,0.28,True,other,0,0,0
patient07564/study3,Pneumothorax,unmentioned,present,uncertain,0.402099609375,0.33,True,demotion,0,0,0
patient07815/study1,Cardiomegaly,unmentioned,present,uncertain,0.64990234375,0.5,True,demotion,0,0,0
patient07815/study1,Pneumothorax,absent,present,uncertain,0.412353515625,0.33,True,demotion,0,0,0
patient07815/study1,Enlarged Cardiomediastinum,absent,absent,uncertain,0.2330322265625,0.35,True,other,0,0,0
patient07815/study1,Pleural Other,uncertain,present,uncertain,0.548828125,0.45,True,demotion,0,0,0
patient07815/study9,Atelectasis,unmentioned,absent,uncertain,0.42431640625,0.56,True,other,0,0,0
patient07815/study9,Consolidation,unmentioned,absent,uncertain,0.379638671875,0.45,True,other,0,0,0
patient07815/study9,Pneumonia,unmentioned,absent,uncertain,0.1802978515625,0.28,True,other,0,0,0
patient07815/study9,Pneumothorax,unmentioned,absent,uncertain,0.2125244140625,0.33,True,other,0,0,0
patient07815/study9,Fracture,unmentioned,present,uncertain,0.56201171875,0.42,True,demotion,0,0,0
patient07815/study9,Lung Lesion,present,present,uncertain,0.411376953125,0.39,True,demotion,0,0,0
patient08463/study4,Cardiomegaly,present,absent,uncertain,0.431640625,0.5,True,other,0,0,0
patient08463/study4,Consolidation,unmentioned,present,uncertain,0.494384765625,0.45,True,demotion,0,0,0
patient08463/study4,Edema,unmentioned,present,uncertain,0.48583984375,0.453857,True,demotion,0,0,0
patient08463/study4,Pleural Effusion,unmentioned,present,uncertain,0.6650390625,0.6,True,demotion,0,0,0
patient08463/study4,Fracture,unmentioned,present,uncertain,0.490234375,0.42,True,demotion,0,0,0
patient08463/study4,Enlarged Cardiomediastinum,unmentioned,present,uncertain,0.490234375,0.35,True,demotion,0,0,0
patient08464/study1,Pneumothorax,unmentioned,absent,uncertain,0.216552734375,0.33,True,other,0,0,0
patient08464/study1,Lung Lesion,unmentioned,absent,uncertain,0.250732421875,0.39,True,other,0,0,0
patient08464/study10,Pneumonia,unmentioned,absent,uncertain,0.1539306640625,0.28,True,other,0,0,0
patient08464/study10,Lung Opacity,unmentioned,present,uncertain,0.662109375,0.62,True,demotion,0,0,0
patient08464/study3,Pneumonia,unmentioned,absent,uncertain,0.22509765625,0.28,True,other,0,0,0
patient08464/study3,Pneumothorax,unmentioned,absent,uncertain,0.282958984375,0.33,True,other,0,0,0
patient08668/study1,Cardiomegaly,unmentioned,absent,uncertain,0.352294921875,0.5,True,other,0,0,0
patient08668/study1,Edema,unmentioned,absent,uncertain,0.3544921875,0.453857,True,other,0,0,0
patient08668/study1,Pleural Effusion,unmentioned,absent,uncertain,0.49169921875,0.6,True,other,0,0,0
patient08668/study1,Fracture,unmentioned,absent,uncertain,0.354248046875,0.42,True,other,0,0,0
patient08668/study1,Lung Lesion,unmentioned,absent,uncertain,0.36328125,0.39,True,other,0,0,0
patient08668/study1,Lung Opacity,unmentioned,present,uncertain,0.6357421875,0.62,True,demotion,0,0,0
patient08668/study1,Pleural Other,unmentioned,absent,uncertain,0.403564453125,0.45,True,other,0,0,0
patient08668/study2,Pneumonia,unmentioned,absent,uncertain,0.22900390625,0.28,True,other,0,0,0
patient08710/study1,Pneumonia,present,absent,uncertain,0.20556640625,0.28,True,other,0,0,0
patient08710/study1,Fracture,unmentioned,absent,uncertain,0.35009765625,0.42,True,other,0,0,0
patient08762/study1,Cardiomegaly,present,present,uncertain,0.6162109375,0.5,True,demotion,0,0,0
patient08762/study1,Edema,unmentioned,absent,uncertain,0.449951171875,0.453857,True,other,0,0,0
patient08762/study1,Enlarged Cardiomediastinum,unmentioned,present,uncertain,0.439208984375,0.35,True,demotion,0,0,0
patient08959/study2,Pneumonia,present,present,uncertain,0.32177734375,0.28,True,demotion,0,0,0
patient08959/study2,Lung Opacity,unmentioned,absent,uncertain,0.6044921875,0.62,True,other,0,0,0
patient08959/study2,Enlarged Cardiomediastinum,unmentioned,absent,uncertain,0.2264404296875,0.35,True,other,0,0,0
patient09010/study10,Fracture,present,present,uncertain,0.474365234375,0.42,True,demotion,0,0,0
patient09010/study11,Enlarged Cardiomediastinum,unmentioned,absent,uncertain,0.271240234375,0.35,True,other,0,0,0
patient09010/study11,Pleural Other,unmentioned,present,uncertain,0.5107421875,0.45,True,demotion,0,0,0
patient09010/study5,Atelectasis,present,present,uncertain,0.6181640625,0.56,True,demotion,0,0,0
patient09010/study5,Edema,present,present,uncertain,0.46142578125,0.453857,True,demotion,0,0,0
patient09010/study5,Pneumonia,unmentioned,absent,uncertain,0.256103515625,0.28,True,other,0,0,0
patient09010/study5,Fracture,present,absent,uncertain,0.337158203125,0.42,True,other,0,0,0
patient09010/study5,Lung Lesion,unmentioned,absent,uncertain,0.35693359375,0.39,True,other,0,0,0
patient09010/study5,Lung Opacity,present,present,uncertain,0.67919921875,0.62,True,demotion,0,0,0
patient09010/study5,Enlarged Cardiomediastinum,unmentioned,absent,uncertain,0.2490234375,0.35,True,other,0,0,0
patient09010/study6,Atelectasis,present,present,uncertain,0.57373046875,0.56,True,demotion,0,0,0
patient09010/study6,Consolidation,unmentioned,present,uncertain,0.55029296875,0.45,True,demotion,0,0,0
patient09010/study6,Edema,present,present,uncertain,0.5576171875,0.453857,True,demotion,0,0,0
patient09010/study6,Pneumonia,unmentioned,present,uncertain,0.344482421875,0.28,True,demotion,0,0,0
patient09010/study6,Fracture,present,absent,uncertain,0.390380859375,0.42,True,other,0,0,0
patient09160/study1,Cardiomegaly,unmentioned,present,uncertain,0.59375,0.5,True,demotion,0,0,0
patient09160/study1,Consolidation,unmentioned,present,uncertain,0.560546875,0.45,True,demotion,0,0,0
patient09160/study1,Pneumonia,unmentioned,absent,uncertain,0.1544189453125,0.28,True,other,0,0,0
patient09160/study1,Fracture,unmentioned,absent,uncertain,0.384765625,0.42,True,other,0,0,0
patient09160/study1,Lung Lesion,unmentioned,present,uncertain,0.443603515625,0.39,True,demotion,0,0,0
patient09160/study1,Pleural Other,unmentioned,absent,uncertain,0.31396484375,0.45,True,other,0,0,0
patient09160/study2,Pneumonia,unmentioned,present,uncertain,0.317626953125,0.28,True,demotion,0,0,0
patient09160/study2,Pneumothorax,unmentioned,absent,uncertain,0.183349609375,0.33,True,other,0,0,0
patient09160/study2,Fracture,unmentioned,present,uncertain,0.56591796875,0.42,True,demotion,0,0,0
patient09647/study6,Atelectasis,unmentioned,present,uncertain,0.60205078125,0.56,True,demotion,0,0,0
patient09647/study6,Cardiomegaly,uncertain,absent,uncertain,0.373046875,0.5,True,other,0,0,0
patient09647/study6,Edema,unmentioned,absent,uncertain,0.3701171875,0.453857,True,other,0,0,0
patient09647/study6,Fracture,unmentioned,absent,uncertain,0.361083984375,0.42,True,other,0,0,0
patient09647/study6,Enlarged Cardiomediastinum,unmentioned,present,uncertain,0.350830078125,0.35,True,demotion,0,0,0
patient09647/study6,Pleural Other,unmentioned,present,uncertain,0.484375,0.45,True,demotion,0,0,0
patient09760/study4,Atelectasis,unmentioned,absent,uncertain,0.443603515625,0.56,True,other,0,0,0
patient09760/study4,Consolidation,unmentioned,absent,uncertain,0.4228515625,0.45,True,other,0,0,0
patient09760/study4,Fracture,unmentioned,present,uncertain,0.46630859375,0.42,True,demotion,0,0,0
patient10245/study1,Consolidation,present,present,uncertain,0.451416015625,0.45,True,demotion,0,0,0
patient10245/study1,Pneumonia,present,absent,uncertain,0.259033203125,0.28,True,other,0,0,0
patient10245/study1,Lung Lesion,uncertain,absent,uncertain,0.3076171875,0.39,True,other,0,0,0
patient10684/study1,Cardiomegaly,unmentioned,present,uncertain,0.60546875,0.5,True,demotion,0,0,0
patient10684/study1,Pleural Effusion,unmentioned,present,uncertain,0.72705078125,0.6,True,demotion,0,0,0
patient10684/study1,Lung Opacity,unmentioned,present,uncertain,0.68505859375,0.62,True,demotion,0,0,0
patient10684/study1,Pleural Other,present,present,uncertain,0.51904296875,0.45,True,demotion,0,0,0
patient10684/study3,Cardiomegaly,unmentioned,present,uncertain,0.52294921875,0.5,True,demotion,0,0,0
patient10684/study3,Fracture,unmentioned,present,uncertain,0.52685546875,0.42,True,demotion,0,0,0
patient10684/study3,Enlarged Cardiomediastinum,uncertain,present,uncertain,0.466552734375,0.35,True,demotion,0,0,0
patient10684/study3,Pleural Other,present,absent,uncertain,0.33349609375,0.45,True,other,0,0,0
patient10780/study10,Cardiomegaly,unmentioned,absent,uncertain,0.375244140625,0.5,True,other,0,0,0
patient10780/study10,Edema,unmentioned,absent,uncertain,0.31884765625,0.453857,True,other,0,0,0
patient10780/study10,Enlarged Cardiomediastinum,unmentioned,absent,uncertain,0.273193359375,0.35,True,other,0,0,0
patient10780/study11,Atelectasis,unmentioned,absent,uncertain,0.417724609375,0.56,True,other,0,0,0
patient10780/study11,Edema,unmentioned,present,uncertain,0.5400390625,0.453857,True,demotion,0,0,0
patient10780/study11,Pleural Effusion,unmentioned,absent,uncertain,0.451904296875,0.6,True,other,0,0,0
patient10780/study11,Pneumonia,unmentioned,present,uncertain,0.389892578125,0.28,True,demotion,0,0,0
patient10780/study11,Lung Opacity,unmentioned,absent,uncertain,0.53173828125,0.62,True,other,0,0,0
patient10780/study12,Cardiomegaly,unmentioned,present,uncertain,0.5595703125,0.5,True,demotion,0,0,0
patient10900/study26,Edema,unmentioned,absent,uncertain,0.374755859375,0.453857,True,other,0,0,0
patient10900/study26,Pleural Effusion,present,absent,uncertain,0.52392578125,0.6,True,other,0,0,0
patient10900/study26,Pneumonia,unmentioned,absent,uncertain,0.15087890625,0.28,True,other,0,0,0
patient10900/study26,Lung Lesion,unmentioned,absent,uncertain,0.244873046875,0.39,True,other,0,0,0
patient10900/study26,Enlarged Cardiomediastinum,uncertain,absent,uncertain,0.2010498046875,0.35,True,other,0,0,0
patient10900/study26,Pleural Other,present,absent,uncertain,0.43017578125,0.45,True,other,0,0,0
patient10900/study30,Pleural Other,unmentioned,present,uncertain,0.49462890625,0.45,True,demotion,0,0,0
patient10900/study31,Lung Lesion,unmentioned,present,uncertain,0.5302734375,0.39,True,demotion,0,0,0
patient11332/study7,Atelectasis,unmentioned,absent,uncertain,0.5146484375,0.56,True,other,0,0,0
patient11332/study7,Consolidation,absent,present,uncertain,0.45263671875,0.45,True,demotion,0,0,0
patient11332/study7,Edema,unmentioned,absent,uncertain,0.442626953125,0.453857,True,other,0,0,0
patient11332/study7,Pleural Effusion,present,absent,uncertain,0.48486328125,0.6,True,other,0,0,0
patient11332/study7,Pneumonia,unmentioned,present,uncertain,0.318359375,0.28,True,demotion,0,0,0
patient11332/study7,Fracture,unmentioned,absent,uncertain,0.323974609375,0.42,True,other,0,0,0
patient11332/study7,Lung Opacity,present,present,uncertain,0.7587890625,0.62,True,demotion,0,0,0
patient11332/study7,Pleural Other,unmentioned,absent,uncertain,0.378173828125,0.45,True,other,0,0,0
patient11747/study1,Cardiomegaly,unmentioned,present,uncertain,0.5595703125,0.5,True,demotion,0,0,0
patient11747/study1,Edema,unmentioned,present,uncertain,0.53857421875,0.453857,True,demotion,0,0,0
patient11747/study1,Enlarged Cardiomediastinum,unmentioned,present,uncertain,0.353759765625,0.35,True,demotion,0,0,0
patient11747/study2,Atelectasis,unmentioned,present,uncertain,0.564453125,0.56,True,demotion,0,0,0
patient11747/study2,Cardiomegaly,present,present,uncertain,0.58740234375,0.5,True,demotion,0,0,0
patient11747/study2,Pneumothorax,unmentioned,absent,uncertain,0.257080078125,0.33,True,other,0,0,0
patient11747/study2,Fracture,unmentioned,absent,uncertain,0.419921875,0.42,True,other,0,0,0
patient12131/study2,Edema,unmentioned,absent,uncertain,0.430419921875,0.453857,True,other,0,0,0
patient12131/study2,Pleural Effusion,present,present,uncertain,0.72802734375,0.6,True,demotion,0,0,0
patient12131/study2,Pneumothorax,unmentioned,absent,uncertain,0.307373046875,0.33,True,other,0,0,0
patient12131/study2,Fracture,unmentioned,absent,uncertain,0.4169921875,0.42,True,other,0,0,0
patient12131/study2,Lung Opacity,present,present,uncertain,0.76318359375,0.62,True,demotion,0,0,0
patient12131/study3,Cardiomegaly,present,absent,uncertain,0.491455078125,0.5,True,other,0,0,0
patient12175/study1,Pneumonia,unmentioned,absent,uncertain,0.1495361328125,0.28,True,other,0,0,0
patient12175/study2,Pneumonia,unmentioned,absent,uncertain,0.1658935546875,0.28,True,other,0,0,0
patient12175/study3,Atelectasis,unmentioned,absent,uncertain,0.443115234375,0.56,True,other,0,0,0
patient12175/study3,Pneumonia,unmentioned,present,uncertain,0.32421875,0.28,True,demotion,0,0,0
patient12175/study3,Enlarged Cardiomediastinum,unmentioned,present,uncertain,0.40185546875,0.35,True,demotion,0,0,0
patient12237/study2,Atelectasis,unmentioned,absent,uncertain,0.45703125,0.56,True,other,0,0,0
patient12237/study2,Cardiomegaly,present,absent,uncertain,0.386962890625,0.5,True,other,0,0,0
patient12237/study2,Fracture,unmentioned,absent,uncertain,0.3837890625,0.42,True,other,0,0,0
patient12237/study2,Lung Lesion,present,present,uncertain,0.478759765625,0.39,True,demotion,0,0,0
patient12237/study2,Enlarged Cardiomediastinum,unmentioned,absent,uncertain,0.220703125,0.35,True,other,0,0,0
patient12349/study11,Cardiomegaly,unmentioned,absent,uncertain,0.48291015625,0.5,True,other,0,0,0
patient12349/study14,Atelectasis,unmentioned,present,uncertain,0.56396484375,0.56,True,demotion,0,0,0
patient12349/study14,Lung Lesion,unmentioned,absent,uncertain,0.364990234375,0.39,True,other,0,0,0
patient12349/study16,Cardiomegaly,unmentioned,absent,uncertain,0.481201171875,0.5,True,other,0,0,0
patient12349/study16,Pneumonia,unmentioned,absent,uncertain,0.279052734375,0.28,True,other,0,0,0
patient12349/study16,Pneumothorax,present,absent,uncertain,0.216552734375,0.33,True,other,0,0,0
patient12349/study16,Enlarged Cardiomediastinum,unmentioned,absent,uncertain,0.2406005859375,0.35,True,other,0,0,0
patient12349/study17,Atelectasis,present,present,uncertain,0.62451171875,0.56,True,demotion,0,0,0
patient12349/study17,Enlarged Cardiomediastinum,unmentioned,absent,uncertain,0.230712890625,0.35,True,other,0,0,0
patient12349/study17,Pleural Other,unmentioned,present,uncertain,0.55078125,0.45,True,demotion,0,0,0
patient12556/study24,Edema,unmentioned,absent,uncertain,0.325439453125,0.453857,True,other,0,0,0
patient12556/study24,Lung Opacity,present,absent,uncertain,0.473876953125,0.62,True,other,0,0,0
patient12556/study24,Enlarged Cardiomediastinum,unmentioned,absent,uncertain,0.2362060546875,0.35,True,other,0,0,0
patient12556/study25,Pleural Effusion,present,present,uncertain,0.66845703125,0.6,True,demotion,0,0,0
patient12556/study29,Edema,unmentioned,absent,uncertain,0.38671875,0.453857,True,other,0,0,0
patient12556/study29,Pneumothorax,present,present,uncertain,0.40087890625,0.33,True,demotion,0,0,0
patient12556/study29,Lung Opacity,present,absent,uncertain,0.59912109375,0.62,True,other,0,0,0
patient12881/study10,Pleural Effusion,unmentioned,absent,uncertain,0.56884765625,0.6,True,other,0,0,0
patient12881/study10,Pneumonia,unmentioned,absent,uncertain,0.1671142578125,0.28,True,other,0,0,0
patient12881/study10,Fracture,unmentioned,absent,uncertain,0.337646484375,0.42,True,other,0,0,0
patient12881/study10,Lung Opacity,unmentioned,absent,uncertain,0.48681640625,0.62,True,other,0,0,0
patient12881/study10,Pleural Other,unmentioned,absent,uncertain,0.4013671875,0.45,True,other,0,0,0
patient12881/study12,Fracture,unmentioned,absent,uncertain,0.293212890625,0.42,True,other,0,0,0
patient12881/study12,Pleural Other,unmentioned,absent,uncertain,0.4072265625,0.45,True,other,0,0,0
patient13211/study1,Edema,unmentioned,absent,uncertain,0.3388671875,0.453857,True,other,0,0,0
patient13211/study10,Cardiomegaly,unmentioned,absent,uncertain,0.385986328125,0.5,True,other,0,0,0
patient13211/study10,Edema,unmentioned,present,uncertain,0.51708984375,0.453857,True,demotion,0,0,0
patient13211/study10,Pleural Effusion,unmentioned,absent,uncertain,0.57763671875,0.6,True,other,0,0,0
patient13211/study10,Lung Opacity,unmentioned,present,uncertain,0.70068359375,0.62,True,demotion,0,0,0
patient13211/study11,Edema,unmentioned,absent,uncertain,0.322998046875,0.453857,True,other,0,0,0
patient13211/study11,Pneumothorax,unmentioned,absent,uncertain,0.280029296875,0.33,True,other,0,0,0
patient13211/study11,Enlarged Cardiomediastinum,unmentioned,absent,uncertain,0.232177734375,0.35,True,other,0,0,0
patient13211/study12,Atelectasis,unmentioned,present,uncertain,0.61865234375,0.56,True,demotion,0,0,0
patient13211/study12,Consolidation,unmentioned,absent,uncertain,0.4267578125,0.45,True,other,0,0,0
patient13211/study12,Pneumothorax,unmentioned,present,uncertain,0.33251953125,0.33,True,demotion,0,0,0
patient13452/study11,Pneumonia,unmentioned,absent,uncertain,0.1953125,0.28,True,other,0,0,0
patient13586/study1,Consolidation,unmentioned,absent,uncertain,0.389892578125,0.45,True,other,0,0,0
patient13586/study1,Pneumonia,unmentioned,present,uncertain,0.39501953125,0.28,True,demotion,0,0,0
patient13586/study1,Fracture,unmentioned,absent,uncertain,0.37255859375,0.42,True,other,0,0,0
patient13586/study1,Lung Lesion,present,present,uncertain,0.403564453125,0.39,True,demotion,0,0,0
patient13586/study1,Lung Opacity,unmentioned,present,uncertain,0.6943359375,0.62,True,demotion,0,0,0
patient13586/study1,Enlarged Cardiomediastinum,unmentioned,absent,uncertain,0.3115234375,0.35,True,other,0,0,0
patient13586/study1,Pleural Other,present,absent,uncertain,0.4453125,0.45,True,other,0,0,0
patient14045/study26,Atelectasis,unmentioned,present,uncertain,0.57421875,0.56,True,demotion,0,0,0
patient14045/study26,Pneumothorax,unmentioned,present,uncertain,0.451904296875,0.33,True,demotion,0,0,0
patient14045/study26,Fracture,unmentioned,present,uncertain,0.451904296875,0.42,True,demotion,0,0,0
patient14351/study11,Cardiomegaly,present,present,uncertain,0.50439453125,0.5,True,demotion,0,0,0
patient14351/study11,Pneumothorax,unmentioned,absent,uncertain,0.301513671875,0.33,True,other,0,0,0
patient14351/study11,Enlarged Cardiomediastinum,unmentioned,present,uncertain,0.41015625,0.35,True,demotion,0,0,0
patient14351/study14,Pneumothorax,unmentioned,absent,uncertain,0.296142578125,0.33,True,other,0,0,0
patient14351/study2,Atelectasis,unmentioned,absent,uncertain,0.54638671875,0.56,True,other,0,0,0
patient14351/study2,Cardiomegaly,present,present,uncertain,0.5576171875,0.5,True,demotion,0,0,0
patient14351/study2,Edema,unmentioned,present,uncertain,0.58935546875,0.453857,True,demotion,0,0,0
patient14351/study2,Pleural Effusion,present,absent,uncertain,0.46728515625,0.6,True,other,0,0,0
patient14351/study2,Pneumonia,unmentioned,present,uncertain,0.3720703125,0.28,True,demotion,0,0,0
patient14351/study2,Lung Lesion,unmentioned,present,uncertain,0.4267578125,0.39,True,demotion,0,0,0
patient14351/study2,Lung Opacity,present,present,uncertain,0.71875,0.62,True,demotion,0,0,0
patient14351/study2,Pleural Other,unmentioned,present,uncertain,0.484375,0.45,True,demotion,0,0,0
patient14351/study26,Atelectasis,present,present,uncertain,0.63671875,0.56,True,demotion,0,0,0
patient14351/study26,Cardiomegaly,present,present,uncertain,0.5166015625,0.5,True,demotion,0,0,0
patient14351/study26,Consolidation,unmentioned,absent,uncertain,0.38427734375,0.45,True,other,0,0,0
patient14351/study26,Pneumonia,unmentioned,present,uncertain,0.346435546875,0.28,True,demotion,0,0,0
patient14351/study26,Pleural Other,unmentioned,absent,uncertain,0.32080078125,0.45,True,other,0,0,0
patient14638/study10,Edema,present,present,uncertain,0.57861328125,0.453857,True,demotion,0,0,0
patient14638/study10,Lung Opacity,unmentioned,absent,uncertain,0.58837890625,0.62,True,other,0,0,0
patient14638/study10,Enlarged Cardiomediastinum,uncertain,absent,uncertain,0.234619140625,0.35,True,other,0,0,0
patient14638/study11,Edema,present,absent,uncertain,0.364013671875,0.453857,True,other,0,0,0
patient14638/study7,Fracture,unmentioned,present,uncertain,0.461669921875,0.42,True,demotion,0,0,0
patient14638/study7,Lung Lesion,unmentioned,absent,uncertain,0.27197265625,0.39,True,other,0,0,0
patient14638/study7,Enlarged Cardiomediastinum,uncertain,absent,uncertain,0.229736328125,0.35,True,other,0,0,0
patient14638/study7,Pleural Other,unmentioned,absent,uncertain,0.35888671875,0.45,True,other,0,0,0
patient14668/study10,Atelectasis,unmentioned,absent,uncertain,0.435791015625,0.56,True,other,0,0,0
patient14668/study10,Consolidation,unmentioned,absent,uncertain,0.37158203125,0.45,True,other,0,0,0
patient14668/study10,Edema,unmentioned,present,uncertain,0.50732421875,0.453857,True,demotion,0,0,0
patient14668/study10,Pleural Effusion,unmentioned,absent,uncertain,0.52392578125,0.6,True,other,0,0,0
patient14668/study10,Pneumonia,unmentioned,present,uncertain,0.342529296875,0.28,True,demotion,0,0,0
patient14668/study10,Fracture,unmentioned,absent,uncertain,0.3193359375,0.42,True,other,0,0,0
patient14668/study10,Lung Lesion,unmentioned,absent,uncertain,0.32958984375,0.39,True,other,0,0,0
patient14668/study10,Lung Opacity,unmentioned,present,uncertain,0.6328125,0.62,True,demotion,0,0,0
patient14668/study11,Consolidation,unmentioned,absent,uncertain,0.4228515625,0.45,True,other,0,0,0
patient14668/study11,Edema,unmentioned,present,uncertain,0.5400390625,0.453857,True,demotion,0,0,0
patient14668/study11,Pleural Effusion,unmentioned,absent,uncertain,0.533203125,0.6,True,other,0,0,0
patient14668/study11,Pneumonia,unmentioned,absent,uncertain,0.276123046875,0.28,True,other,0,0,0
patient14668/study11,Fracture,unmentioned,present,uncertain,0.4228515625,0.42,True,demotion,0,0,0
patient14668/study11,Lung Lesion,unmentioned,absent,uncertain,0.2420654296875,0.39,True,other,0,0,0
patient14668/study11,Lung Opacity,unmentioned,absent,uncertain,0.57470703125,0.62,True,other,0,0,0
patient14668/study12,Consolidation,unmentioned,present,uncertain,0.57373046875,0.45,True,demotion,0,0,0
patient14668/study12,Pleural Effusion,unmentioned,absent,uncertain,0.55224609375,0.6,True,other,0,0,0
patient14668/study12,Pneumonia,unmentioned,present,uncertain,0.318359375,0.28,True,demotion,0,0,0
patient14668/study12,Fracture,unmentioned,absent,uncertain,0.300537109375,0.42,True,other,0,0,0
patient14668/study12,Lung Opacity,unmentioned,absent,uncertain,0.49755859375,0.62,True,other,0,0,0
patient15243/study1,Cardiomegaly,uncertain,present,uncertain,0.57958984375,0.5,True,demotion,0,0,0
patient15243/study1,Lung Lesion,unmentioned,present,uncertain,0.4208984375,0.39,True,demotion,0,0,0
patient15243/study1,Pleural Other,unmentioned,absent,uncertain,0.364990234375,0.45,True,other,0,0,0
patient15697/study1,Lung Opacity,unmentioned,absent,uncertain,0.58642578125,0.62,True,other,0,0,0
patient15697/study10,Cardiomegaly,unmentioned,absent,uncertain,0.492919921875,0.5,True,other,0,0,0
patient15697/study10,Edema,unmentioned,present,uncertain,0.5673828125,0.453857,True,demotion,0,0,0
patient15697/study10,Pneumothorax,unmentioned,present,uncertain,0.45751953125,0.33,True,demotion,0,0,0
patient15697/study10,Enlarged Cardiomediastinum,unmentioned,present,uncertain,0.373291015625,0.35,True,demotion,0,0,0
patient15697/study11,Atelectasis,unmentioned,absent,uncertain,0.541015625,0.56,True,other,0,0,0
patient15697/study11,Cardiomegaly,unmentioned,absent,uncertain,0.413330078125,0.5,True,other,0,0,0
patient15697/study11,Consolidation,unmentioned,present,uncertain,0.52197265625,0.45,True,demotion,0,0,0
patient15697/study11,Edema,unmentioned,absent,uncertain,0.355224609375,0.453857,True,other,0,0,0
patient15697/study11,Pneumothorax,unmentioned,present,uncertain,0.410400390625,0.33,True,demotion,0,0,0
patient15697/study11,Enlarged Cardiomediastinum,unmentioned,absent,uncertain,0.2276611328125,0.35,True,other,0,0,0
patient15842/study10,Cardiomegaly,absent,present,uncertain,0.6259765625,0.5,True,demotion,0,0,0
patient15842/study10,Consolidation,unmentioned,absent,uncertain,0.340576171875,0.45,True,other,0,0,0
patient15842/study10,Edema,unmentioned,absent,uncertain,0.317138671875,0.453857,True,other,0,0,0
patient15842/study10,Pneumonia,unmentioned,present,uncertain,0.328857421875,0.28,True,demotion,0,0,0
patient15842/study10,Pneumothorax,unmentioned,absent,uncertain,0.29833984375,0.33,True,other,0,0,0
patient15842/study10,Fracture,unmentioned,present,uncertain,0.56103515625,0.42,True,demotion,0,0,0
patient15842/study10,Lung Lesion,unmentioned,present,uncertain,0.462890625,0.39,True,demotion,0,0,0
patient15842/study10,Pleural Other,present,present,uncertain,0.5322265625,0.45,True,demotion,0,0,0
patient15842/study11,Atelectasis,unmentioned,present,uncertain,0.58740234375,0.56,True,demotion,0,0,0
patient15842/study5,Atelectasis,unmentioned,absent,uncertain,0.489013671875,0.56,True,other,0,0,0
patient15842/study5,Edema,present,present,uncertain,0.5185546875,0.453857,True,demotion,0,0,0
patient15842/study5,Pleural Effusion,present,present,uncertain,0.72314453125,0.6,True,demotion,0,0,0
patient15842/study5,Pneumonia,unmentioned,present,uncertain,0.35205078125,0.28,True,demotion,0,0,0
patient15842/study5,Enlarged Cardiomediastinum,uncertain,absent,uncertain,0.32470703125,0.35,True,other,0,0,0
patient15842/study5,Pleural Other,unmentioned,absent,uncertain,0.3876953125,0.45,True,other,0,0,0
patient15842/study9,Pneumothorax,unmentioned,absent,uncertain,0.2998046875,0.33,True,other,0,0,0
patient15842/study9,Lung Lesion,unmentioned,present,uncertain,0.404296875,0.39,True,demotion,0,0,0
patient15842/study9,Pleural Other,unmentioned,absent,uncertain,0.41259765625,0.45,True,other,0,0,0
patient16391/study1,Cardiomegaly,present,present,uncertain,0.63232421875,0.5,True,demotion,0,0,0
patient16391/study1,Pleural Effusion,absent,present,uncertain,0.6630859375,0.6,True,demotion,0,0,0
patient16391/study2,Pleural Effusion,present,present,uncertain,0.66845703125,0.6,True,demotion,0,0,0
patient16391/study2,Lung Lesion,unmentioned,absent,uncertain,0.38330078125,0.39,True,other,0,0,0
patient16391/study2,Pleural Other,unmentioned,present,uncertain,0.52197265625,0.45,True,demotion,0,0,0
patient16391/study4,Fracture,unmentioned,present,uncertain,0.43505859375,0.42,True,demotion,0,0,0
patient16391/study4,Lung Lesion,unmentioned,absent,uncertain,0.384033203125,0.39,True,other,0,0,0
patient16417/study12,Pneumonia,unmentioned,absent,uncertain,0.268310546875,0.28,True,other,0,0,0
patient16417/study8,Pneumothorax,unmentioned,absent,uncertain,0.229248046875,0.33,True,other,0,0,0
patient16477/study4,Atelectasis,unmentioned,absent,uncertain,0.436767578125,0.56,True,other,0,0,0
patient16477/study4,Cardiomegaly,present,absent,uncertain,0.45751953125,0.5,True,other,0,0,0
patient16477/study4,Consolidation,unmentioned,present,uncertain,0.54638671875,0.45,True,demotion,0,0,0
patient16477/study4,Pneumonia,unmentioned,absent,uncertain,0.2210693359375,0.28,True,other,0,0,0
patient16477/study4,Fracture,unmentioned,absent,uncertain,0.39794921875,0.42,True,other,0,0,0
patient16477/study7,Atelectasis,unmentioned,present,uncertain,0.6162109375,0.56,True,demotion,0,0,0
patient16477/study7,Cardiomegaly,unmentioned,absent,uncertain,0.499755859375,0.5,True,other,0,0,0
patient16477/study7,Enlarged Cardiomediastinum,present,absent,uncertain,0.309326171875,0.35,True,other,0,0,0
patient16523/study1,Pneumonia,unmentioned,absent,uncertain,0.189208984375,0.28,True,other,0,0,0
patient16523/study1,Lung Lesion,unmentioned,present,uncertain,0.428955078125,0.39,True,demotion,0,0,0
patient16523/study1,Lung Opacity,unmentioned,absent,uncertain,0.479736328125,0.62,True,other,0,0,0
patient16523/study10,Pneumothorax,unmentioned,absent,uncertain,0.1864013671875,0.33,True,other,0,0,0
patient16523/study11,Pleural Effusion,unmentioned,absent,uncertain,0.4892578125,0.6,True,other,0,0,0
patient17265/study4,Pleural Effusion,present,present,uncertain,0.70263671875,0.6,True,demotion,0,0,0
patient17265/study4,Pneumonia,unmentioned,absent,uncertain,0.2017822265625,0.28,True,other,0,0,0
patient17265/study4,Fracture,unmentioned,present,uncertain,0.4423828125,0.42,True,demotion,0,0,0
patient17265/study4,Lung Opacity,present,present,uncertain,0.69287109375,0.62,True,demotion,0,0,0
patient17265/study4,Enlarged Cardiomediastinum,present,absent,uncertain,0.302978515625,0.35,True,other,0,0,0
patient17265/study4,Pleural Other,present,present,uncertain,0.55419921875,0.45,True,demotion,0,0,0
patient17394/study1,Consolidation,unmentioned,absent,uncertain,0.392822265625,0.45,True,other,0,0,0
patient17394/study1,Pneumonia,unmentioned,present,uncertain,0.306640625,0.28,True,demotion,0,0,0
patient17394/study1,Fracture,unmentioned,absent,uncertain,0.40478515625,0.42,True,other,0,0,0
patient17394/study1,Lung Opacity,present,present,uncertain,0.73193359375,0.62,True,demotion,0,0,0
patient17394/study1,Pleural Other,unmentioned,present,uncertain,0.55908203125,0.45,True,demotion,0,0,0
patient17532/study1,Pneumonia,unmentioned,absent,uncertain,0.1485595703125,0.28,True,other,0,0,0
patient17532/study1,Fracture,unmentioned,absent,uncertain,0.375244140625,0.42,True,other,0,0,0
patient17532/study1,Lung Lesion,unmentioned,absent,uncertain,0.322265625,0.39,True,other,0,0,0
patient17532/study1,Enlarged Cardiomediastinum,unmentioned,absent,uncertain,0.2010498046875,0.35,True,other,0,0,0
patient17532/study1,Pleural Other,present,present,uncertain,0.55810546875,0.45,True,demotion,0,0,0
patient17532/study2,Pneumonia,unmentioned,absent,uncertain,0.2005615234375,0.28,True,other,0,0,0
patient17532/study3,Consolidation,unmentioned,present,uncertain,0.5185546875,0.45,True,demotion,0,0,0
patient17532/study3,Enlarged Cardiomediastinum,unmentioned,absent,uncertain,0.26904296875,0.35,True,other,0,0,0
patient17534/study1,Pneumonia,unmentioned,present,uncertain,0.392822265625,0.28,True,demotion,0,0,0
patient17534/study1,Lung Lesion,unmentioned,absent,uncertain,0.34423828125,0.39,True,other,0,0,0
patient17534/study1,Lung Opacity,unmentioned,present,uncertain,0.69384765625,0.62,True,demotion,0,0,0
patient17534/study11,Pneumonia,unmentioned,absent,uncertain,0.1895751953125,0.28,True,other,0,0,0
patient17534/study12,Pleural Effusion,unmentioned,absent,uncertain,0.489013671875,0.6,True,other,0,0,0
patient17534/study12,Pneumonia,unmentioned,present,uncertain,0.3701171875,0.28,True,demotion,0,0,0
patient17534/study12,Lung Opacity,unmentioned,absent,uncertain,0.490478515625,0.62,True,other,0,0,0
patient17916/study1,Edema,present,absent,uncertain,0.365478515625,0.453857,True,other,0,0,0
patient17916/study3,Cardiomegaly,unmentioned,absent,uncertain,0.45849609375,0.5,True,other,0,0,0
patient17916/study3,Edema,present,absent,uncertain,0.312744140625,0.453857,True,other,0,0,0
patient17916/study3,Pleural Effusion,present,present,uncertain,0.6201171875,0.6,True,demotion,0,0,0
patient17916/study3,Pneumonia,unmentioned,present,uncertain,0.312744140625,0.28,True,demotion,0,0,0
patient17916/study3,Lung Opacity,unmentioned,absent,uncertain,0.51806640625,0.62,True,other,0,0,0
patient17916/study3,Enlarged Cardiomediastinum,unmentioned,present,uncertain,0.40234375,0.35,True,demotion,0,0,0
patient18048/study3,Edema,unmentioned,present,uncertain,0.54052734375,0.453857,True,demotion,0,0,0
patient18626/study10,Pneumothorax,unmentioned,absent,uncertain,0.18505859375,0.33,True,other,0,0,0
patient18626/study10,Fracture,unmentioned,present,uncertain,0.51220703125,0.42,True,demotion,0,0,0
patient18626/study10,Lung Lesion,unmentioned,present,uncertain,0.391845703125,0.39,True,demotion,0,0,0
patient18892/study13,Consolidation,uncertain,present,uncertain,0.55224609375,0.45,True,demotion,0,0,0
patient18892/study13,Pneumonia,unmentioned,present,uncertain,0.39404296875,0.28,True,demotion,0,0,0
patient18892/study13,Lung Opacity,present,present,uncertain,0.6728515625,0.62,True,demotion,0,0,0
patient18892/study5,Cardiomegaly,unmentioned,absent,uncertain,0.39013671875,0.5,True,other,0,0,0
patient18892/study5,Edema,present,absent,uncertain,0.437744140625,0.453857,True,other,0,0,0
patient19094/study10,Pneumothorax,present,present,uncertain,0.417236328125,0.33,True,demotion,0,0,0
patient19094/study10,Fracture,unmentioned,absent,uncertain,0.31298828125,0.42,True,other,0,0,0
patient19094/study10,Enlarged Cardiomediastinum,unmentioned,present,uncertain,0.35205078125,0.35,True,demotion,0,0,0
patient19094/study11,Atelectasis,unmentioned,present,uncertain,0.58984375,0.56,True,demotion,0,0,0
patient19094/study11,Fracture,unmentioned,present,uncertain,0.475830078125,0.42,True,demotion,0,0,0
patient19094/study12,Consolidation,uncertain,present,uncertain,0.466796875,0.45,True,demotion,0,0,0
patient19094/study12,Pneumonia,unmentioned,absent,uncertain,0.2120361328125,0.28,True,other,0,0,0
patient19094/study6,Lung Lesion,unmentioned,absent,uncertain,0.360595703125,0.39,True,other,0,0,0
patient19094/study6,Pleural Other,unmentioned,absent,uncertain,0.380126953125,0.45,True,other,0,0,0
patient19343/study12,Pneumothorax,unmentioned,present,uncertain,0.386474609375,0.33,True,demotion,0,0,0
patient19389/study1,Cardiomegaly,present,present,uncertain,0.6494140625,0.5,True,demotion,0,0,0
patient19389/study1,Pleural Effusion,present,absent,uncertain,0.509765625,0.6,True,other,0,0,0
patient19389/study1,Fracture,unmentioned,present,uncertain,0.4375,0.42,True,demotion,0,0,0
patient19389/study2,Pneumothorax,unmentioned,present,uncertain,0.3642578125,0.33,True,demotion,0,0,0
patient19389/study2,Fracture,unmentioned,absent,uncertain,0.3916015625,0.42,True,other,0,0,0
patient19389/study3,Pneumothorax,unmentioned,present,uncertain,0.452392578125,0.33,True,demotion,0,0,0
patient19389/study3,Fracture,unmentioned,present,uncertain,0.5107421875,0.42,True,demotion,0,0,0
patient19389/study3,Pleural Other,unmentioned,present,uncertain,0.50146484375,0.45,True,demotion,0,0,0
patient19740/study1,Pneumothorax,unmentioned,absent,uncertain,0.263671875,0.33,True,other,0,0,0
patient19740/study1,Lung Opacity,unmentioned,absent,uncertain,0.53857421875,0.62,True,other,0,0,0
patient19740/study10,Pneumonia,unmentioned,present,uncertain,0.38134765625,0.28,True,demotion,0,0,0
patient19740/study10,Pneumothorax,unmentioned,present,uncertain,0.439453125,0.33,True,demotion,0,0,0
patient19740/study10,Lung Lesion,unmentioned,present,uncertain,0.395751953125,0.39,True,demotion,0,0,0
patient19740/study10,Pleural Other,unmentioned,present,uncertain,0.50048828125,0.45,True,demotion,0,0,0
patient19740/study11,Consolidation,unmentioned,absent,uncertain,0.313720703125,0.45,True,other,0,0,0
patient19740/study11,Pneumothorax,unmentioned,absent,uncertain,0.32958984375,0.33,True,other,0,0,0
patient19740/study11,Lung Lesion,unmentioned,absent,uncertain,0.273193359375,0.39,True,other,0,0,0
patient19740/study11,Lung Opacity,unmentioned,absent,uncertain,0.60986328125,0.62,True,other,0,0,0
patient19740/study11,Pleural Other,unmentioned,absent,uncertain,0.337158203125,0.45,True,other,0,0,0
patient19740/study2,Pleural Effusion,unmentioned,present,uncertain,0.7060546875,0.6,True,demotion,0,0,0
patient19740/study2,Enlarged Cardiomediastinum,unmentioned,absent,uncertain,0.298828125,0.35,True,other,0,0,0
patient20173/study1,Pneumonia,unmentioned,absent,uncertain,0.134521484375,0.28,True,other,0,0,0
patient20173/study12,Pneumothorax,unmentioned,absent,uncertain,0.295166015625,0.33,True,other,0,0,0
patient20202/study8,Atelectasis,uncertain,absent,uncertain,0.4970703125,0.56,True,other,0,0,0
patient20202/study8,Pneumonia,unmentioned,present,uncertain,0.343994140625,0.28,True,demotion,0,0,0
patient20202/study8,Fracture,unmentioned,absent,uncertain,0.388427734375,0.42,True,other,0,0,0
patient20202/study8,Lung Lesion,unmentioned,absent,uncertain,0.243408203125,0.39,True,other,0,0,0
patient20202/study8,Lung Opacity,present,present,uncertain,0.7197265625,0.62,True,demotion,0,0,0
patient20202/study8,Enlarged Cardiomediastinum,present,absent,uncertain,0.22509765625,0.35,True,other,0,0,0
patient20266/study12,Consolidation,unmentioned,absent,uncertain,0.317626953125,0.45,True,other,0,0,0
patient20266/study12,Fracture,unmentioned,absent,uncertain,0.388427734375,0.42,True,other,0,0,0
patient20266/study12,Lung Lesion,unmentioned,present,uncertain,0.476806640625,0.39,True,demotion,0,0,0
patient20266/study12,Lung Opacity,unmentioned,present,uncertain,0.73583984375,0.62,True,demotion,0,0,0
patient20266/study12,Pleural Other,unmentioned,present,uncertain,0.496826171875,0.45,True,demotion,0,0,0
patient20917/study26,Edema,unmentioned,absent,uncertain,0.363525390625,0.453857,True,other,0,0,0
patient20917/study26,Pneumonia,unmentioned,absent,uncertain,0.161376953125,0.28,True,other,0,0,0
patient20917/study26,Enlarged Cardiomediastinum,unmentioned,absent,uncertain,0.212890625,0.35,True,other,0,0,0
patient20917/study32,Atelectasis,present,present,uncertain,0.689453125,0.56,True,demotion,0,0,0
patient20917/study32,Cardiomegaly,present,present,uncertain,0.5107421875,0.5,True,demotion,0,0,0
patient20917/study32,Edema,unmentioned,present,uncertain,0.474853515625,0.453857,True,demotion,0,0,0
patient20917/study32,Pneumothorax,unmentioned,absent,uncertain,0.24560546875,0.33,True,other,0,0,0
patient20917/study32,Enlarged Cardiomediastinum,unmentioned,present,uncertain,0.497314453125,0.35,True,demotion,0,0,0
patient21031/study1,Edema,unmentioned,present,uncertain,0.456298828125,0.453857,True,demotion,0,0,0
patient21031/study1,Pneumonia,unmentioned,absent,uncertain,0.1414794921875,0.28,True,other,0,0,0
patient21102/study1,Edema,unmentioned,absent,uncertain,0.330078125,0.453857,True,other,0,0,0
patient21102/study1,Pleural Effusion,unmentioned,present,uncertain,0.6162109375,0.6,True,demotion,0,0,0
patient21102/study1,Pneumonia,unmentioned,present,uncertain,0.4033203125,0.28,True,demotion,0,0,0
patient21102/study1,Lung Opacity,unmentioned,present,uncertain,0.65087890625,0.62,True,demotion,0,0,0
patient21102/study1,Pleural Other,unmentioned,absent,uncertain,0.406005859375,0.45,True,other,0,0,0
patient21102/study10,Pneumonia,unmentioned,absent,uncertain,0.23779296875,0.28,True,other,0,0,0
patient21102/study11,Atelectasis,unmentioned,absent,uncertain,0.48876953125,0.56,True,other,0,0,0
patient21102/study11,Cardiomegaly,unmentioned,absent,uncertain,0.380126953125,0.5,True,other,0,0,0
patient21102/study11,Consolidation,unmentioned,absent,uncertain,0.32177734375,0.45,True,other,0,0,0
patient21102/study11,Edema,unmentioned,absent,uncertain,0.393310546875,0.453857,True,other,0,0,0
patient21102/study11,Lung Lesion,unmentioned,absent,uncertain,0.250244140625,0.39,True,other,0,0,0
patient21102/study11,Lung Opacity,unmentioned,absent,uncertain,0.58642578125,0.62,True,other,0,0,0
patient21102/study12,Pneumonia,unmentioned,absent,uncertain,0.26611328125,0.28,True,other,0,0,0
patient21102/study12,Fracture,unmentioned,absent,uncertain,0.3095703125,0.42,True,other,0,0,0
patient21102/study12,Lung Opacity,unmentioned,absent,uncertain,0.482177734375,0.62,True,other,0,0,0
patient21125/study1,Atelectasis,uncertain,present,uncertain,0.603515625,0.56,True,demotion,0,0,0
patient21125/study1,Edema,present,absent,uncertain,0.43603515625,0.453857,True,other,0,0,0
patient21125/study1,Pneumonia,uncertain,absent,uncertain,0.163818359375,0.28,True,other,0,0,0
patient21125/study1,Fracture,unmentioned,absent,uncertain,0.370849609375,0.42,True,other,0,0,0
patient21125/study1,Lung Lesion,unmentioned,absent,uncertain,0.25732421875,0.39,True,other,0,0,0
patient21125/study1,Lung Opacity,present,present,uncertain,0.7626953125,0.62,True,demotion,0,0,0
patient21125/study4,Atelectasis,unmentioned,present,uncertain,0.7021484375,0.56,True,demotion,0,0,0
patient21125/study4,Edema,present,present,uncertain,0.56396484375,0.453857,True,demotion,0,0,0
patient21125/study4,Pneumonia,present,present,uncertain,0.321044921875,0.28,True,demotion,0,0,0
patient21125/study4,Fracture,unmentioned,present,uncertain,0.455078125,0.42,True,demotion,0,0,0
patient21240/study10,Atelectasis,unmentioned,absent,uncertain,0.5146484375,0.56,True,other,0,0,0
patient21240/study10,Edema,unmentioned,absent,uncertain,0.39013671875,0.453857,True,other,0,0,0
patient21240/study10,Pleural Effusion,unmentioned,present,uncertain,0.64794921875,0.6,True,demotion,0,0,0
patient21240/study10,Pneumonia,unmentioned,present,uncertain,0.33642578125,0.28,True,demotion,0,0,0
patient21240/study10,Fracture,unmentioned,absent,uncertain,0.365478515625,0.42,True,other,0,0,0
patient21240/study10,Enlarged Cardiomediastinum,unmentioned,absent,uncertain,0.304443359375,0.35,True,other,0,0,0
patient21240/study11,Atelectasis,unmentioned,absent,uncertain,0.43310546875,0.56,True,other,0,0,0
patient21240/study11,Edema,unmentioned,absent,uncertain,0.44189453125,0.453857,True,other,0,0,0
patient21240/study11,Pleural Effusion,unmentioned,absent,uncertain,0.56787109375,0.6,True,other,0,0,0
patient21240/study11,Lung Opacity,unmentioned,absent,uncertain,0.49169921875,0.62,True,other,0,0,0
patient21240/study11,Enlarged Cardiomediastinum,unmentioned,absent,uncertain,0.284423828125,0.35,True,other,0,0,0
patient21240/study12,Consolidation,unmentioned,present,uncertain,0.472412109375,0.45,True,demotion,0,0,0
patient21240/study12,Edema,unmentioned,absent,uncertain,0.339599609375,0.453857,True,other,0,0,0
patient21240/study12,Pleural Effusion,unmentioned,present,uncertain,0.744140625,0.6,True,demotion,0,0,0
patient21240/study12,Pneumonia,unmentioned,absent,uncertain,0.2252197265625,0.28,True,other,0,0,0
patient21240/study12,Pneumothorax,unmentioned,present,uncertain,0.470947265625,0.33,True,demotion,0,0,0
patient21240/study12,Lung Opacity,unmentioned,present,uncertain,0.7666015625,0.62,True,demotion,0,0,0
patient21241/study19,Cardiomegaly,unmentioned,present,uncertain,0.6025390625,0.5,True,demotion,0,0,0
patient21241/study19,Consolidation,unmentioned,absent,uncertain,0.321044921875,0.45,True,other,0,0,0
patient21241/study19,Edema,unmentioned,present,uncertain,0.52587890625,0.453857,True,demotion,0,0,0
patient21241/study19,Pneumonia,unmentioned,absent,uncertain,0.2366943359375,0.28,True,other,0,0,0
patient21241/study19,Pneumothorax,absent,absent,uncertain,0.232666015625,0.33,True,other,0,0,0
patient21241/study19,Fracture,unmentioned,absent,uncertain,0.302734375,0.42,True,other,0,0,0
patient21241/study19,Lung Opacity,present,present,uncertain,0.76708984375,0.62,True,demotion,0,0,0
patient21241/study19,Enlarged Cardiomediastinum,uncertain,absent,uncertain,0.306396484375,0.35,True,other,0,0,0
patient21241/study19,Pleural Other,present,absent,uncertain,0.395751953125,0.45,True,other,0,0,0
patient21351/study2,Pneumonia,present,absent,uncertain,0.15966796875,0.28,True,other,0,0,0
patient21351/study5,Pneumonia,unmentioned,absent,uncertain,0.145263671875,0.28,True,other,0,0,0
patient21400/study3,Atelectasis,unmentioned,present,uncertain,0.5986328125,0.56,True,demotion,0,0,0
patient21400/study3,Consolidation,unmentioned,absent,uncertain,0.345947265625,0.45,True,other,0,0,0
patient21400/study3,Pleural Effusion,unmentioned,present,uncertain,0.67431640625,0.6,True,demotion,0,0,0
patient21400/study3,Fracture,present,present,uncertain,0.433837890625,0.42,True,demotion,0,0,0
patient21414/study10,Cardiomegaly,unmentioned,absent,uncertain,0.486328125,0.5,True,other,0,0,0
patient21414/study10,Consolidation,unmentioned,absent,uncertain,0.423095703125,0.45,True,other,0,0,0
patient21414/study10,Edema,unmentioned,present,uncertain,0.465087890625,0.453857,True,demotion,0,0,0
patient21414/study10,Pneumonia,unmentioned,absent,uncertain,0.1407470703125,0.28,True,other,0,0,0
patient21414/study10,Lung Lesion,unmentioned,absent,uncertain,0.383544921875,0.39,True,other,0,0,0
patient21414/study10,Lung Opacity,unmentioned,absent,uncertain,0.6025390625,0.62,True,other,0,0,0
patient21414/study10,Enlarged Cardiomediastinum,unmentioned,present,uncertain,0.479736328125,0.35,True,demotion,0,0,0
patient21414/study11,Cardiomegaly,unmentioned,absent,uncertain,0.369384765625,0.5,True,other,0,0,0
patient21414/study11,Enlarged Cardiomediastinum,unmentioned,present,uncertain,0.3525390625,0.35,True,demotion,0,0,0
patient21414/study12,Atelectasis,unmentioned,present,uncertain,0.59521484375,0.56,True,demotion,0,0,0
patient21414/study12,Cardiomegaly,unmentioned,present,uncertain,0.63623046875,0.5,True,demotion,0,0,0
patient21414/study12,Consolidation,unmentioned,present,uncertain,0.499755859375,0.45,True,demotion,0,0,0
patient21414/study12,Pneumonia,unmentioned,absent,uncertain,0.188232421875,0.28,True,other,0,0,0
patient21414/study12,Lung Lesion,unmentioned,present,uncertain,0.42431640625,0.39,True,demotion,0,0,0
patient21682/study1,Cardiomegaly,unmentioned,absent,uncertain,0.4013671875,0.5,True,other,0,0,0
patient21682/study1,Pneumothorax,absent,absent,uncertain,0.2060546875,0.33,True,other,0,0,0
patient21682/study1,Lung Opacity,unmentioned,present,uncertain,0.74560546875,0.62,True,demotion,0,0,0
patient21682/study1,Enlarged Cardiomediastinum,unmentioned,present,uncertain,0.396240234375,0.35,True,demotion,0,0,0
patient21682/study5,Consolidation,unmentioned,present,uncertain,0.47705078125,0.45,True,demotion,0,0,0
patient21682/study5,Pneumonia,unmentioned,present,uncertain,0.34521484375,0.28,True,demotion,0,0,0
patient21682/study5,Fracture,unmentioned,present,uncertain,0.53173828125,0.42,True,demotion,0,0,0
patient21682/study5,Pleural Other,unmentioned,present,uncertain,0.5498046875,0.45,True,demotion,0,0,0
patient21682/study7,Cardiomegaly,uncertain,absent,uncertain,0.471435546875,0.5,True,other,0,0,0
patient21682/study7,Consolidation,unmentioned,present,uncertain,0.471435546875,0.45,True,demotion,0,0,0
patient21682/study7,Enlarged Cardiomediastinum,uncertain,absent,uncertain,0.33056640625,0.35,True,other,0,0,0
patient21703/study1,Edema,unmentioned,present,uncertain,0.484130859375,0.453857,True,demotion,0,0,0
patient21703/study10,Enlarged Cardiomediastinum,unmentioned,absent,uncertain,0.203857421875,0.35,True,other,0,0,0
patient21759/study8,Edema,unmentioned,present,uncertain,0.57763671875,0.453857,True,demotion,0,0,0
patient21899/study10,Edema,unmentioned,absent,uncertain,0.325439453125,0.453857,True,other,0,0,0
patient21899/study10,Pneumonia,present,present,uncertain,0.358642578125,0.28,True,demotion,0,0,0
patient21899/study10,Lung Lesion,unmentioned,present,uncertain,0.4736328125,0.39,True,demotion,0,0,0
patient21899/study10,Pleural Other,unmentioned,present,uncertain,0.56494140625,0.45,True,demotion,0,0,0
patient21899/study3,Atelectasis,unmentioned,present,uncertain,0.6826171875,0.56,True,demotion,0,0,0
patient21899/study3,Pneumothorax,unmentioned,present,uncertain,0.3525390625,0.33,True,demotion,0,0,0
patient21899/study3,Fracture,unmentioned,absent,uncertain,0.327880859375,0.42,True,other,0,0,0
patient21899/study5,Atelectasis,unmentioned,present,uncertain,0.6240234375,0.56,True,demotion,0,0,0
patient21899/study5,Consolidation,unmentioned,present,uncertain,0.50439453125,0.45,True,demotion,0,0,0
patient21899/study5,Pneumothorax,unmentioned,absent,uncertain,0.270751953125,0.33,True,other,0,0,0
patient22094/study1,Pleural Other,present,absent,uncertain,0.429931640625,0.45,True,other,0,0,0
patient22216/study1,Consolidation,unmentioned,present,uncertain,0.54052734375,0.45,True,demotion,0,0,0
patient22216/study1,Edema,unmentioned,absent,uncertain,0.408935546875,0.453857,True,other,0,0,0
patient22216/study1,Fracture,unmentioned,absent,uncertain,0.299560546875,0.42,True,other,0,0,0
patient22216/study1,Pleural Other,unmentioned,absent,uncertain,0.376953125,0.45,True,other,0,0,0
patient22216/study10,Edema,unmentioned,absent,uncertain,0.386962890625,0.453857,True,other,0,0,0
patient22216/study11,Cardiomegaly,unmentioned,present,uncertain,0.54541015625,0.5,True,demotion,0,0,0
patient22216/study11,Consolidation,unmentioned,absent,uncertain,0.331787109375,0.45,True,other,0,0,0
patient22216/study11,Edema,unmentioned,absent,uncertain,0.44970703125,0.453857,True,other,0,0,0
patient22216/study11,Enlarged Cardiomediastinum,unmentioned,present,uncertain,0.382568359375,0.35,True,demotion,0,0,0
patient22216/study12,Edema,unmentioned,absent,uncertain,0.392822265625,0.453857,True,other,0,0,0
patient22216/study12,Enlarged Cardiomediastinum,unmentioned,present,uncertain,0.466064453125,0.35,True,demotion,0,0,0
patient22231/study2,Atelectasis,unmentioned,absent,uncertain,0.4853515625,0.56,True,other,0,0,0
patient22231/study2,Edema,unmentioned,present,uncertain,0.599609375,0.453857,True,demotion,0,0,0
patient22231/study2,Pleural Effusion,present,present,uncertain,0.7099609375,0.6,True,demotion,0,0,0
patient22231/study2,Pneumonia,unmentioned,absent,uncertain,0.1802978515625,0.28,True,other,0,0,0
patient22231/study2,Fracture,unmentioned,absent,uncertain,0.300537109375,0.42,True,other,0,0,0
patient22231/study2,Lung Opacity,present,absent,uncertain,0.6123046875,0.62,True,other,0,0,0
patient22231/study5,Consolidation,unmentioned,absent,uncertain,0.397705078125,0.45,True,other,0,0,0
patient22231/study5,Edema,unmentioned,absent,uncertain,0.4345703125,0.453857,True,other,0,0,0
patient22231/study5,Pleural Effusion,unmentioned,absent,uncertain,0.463623046875,0.6,True,other,0,0,0
patient22231/study5,Pneumothorax,present,absent,uncertain,0.1822509765625,0.33,True,other,0,0,0
patient22231/study5,Fracture,unmentioned,absent,uncertain,0.353515625,0.42,True,other,0,0,0
patient22231/study5,Lung Opacity,unmentioned,present,uncertain,0.689453125,0.62,True,demotion,0,0,0
patient22231/study7,Pleural Effusion,uncertain,absent,uncertain,0.58935546875,0.6,True,other,0,0,0
patient22231/study7,Pneumonia,unmentioned,present,uncertain,0.297607421875,0.28,True,demotion,0,0,0
patient22231/study7,Fracture,absent,absent,uncertain,0.31982421875,0.42,True,other,0,0,0
patient22231/study7,Lung Lesion,unmentioned,absent,uncertain,0.338623046875,0.39,True,other,0,0,0
patient22231/study7,Lung Opacity,present,absent,uncertain,0.54638671875,0.62,True,other,0,0,0
patient22231/study7,Pleural Other,present,present,uncertain,0.568359375,0.45,True,demotion,0,0,0
patient22289/study2,Consolidation,present,absent,uncertain,0.31787109375,0.45,True,other,0,0,0
patient22289/study2,Pneumonia,unmentioned,present,uncertain,0.357177734375,0.28,True,demotion,0,0,0
patient22289/study2,Lung Lesion,unmentioned,absent,uncertain,0.345703125,0.39,True,other,0,0,0
patient22289/study2,Lung Opacity,present,absent,uncertain,0.619140625,0.62,True,other,0,0,0
patient22289/study2,Pleural Other,unmentioned,absent,uncertain,0.34765625,0.45,True,other,0,0,0
patient22289/study25,Pleural Effusion,present,absent,uncertain,0.5361328125,0.6,True,other,0,0,0
patient22787/study2,Pneumonia,unmentioned,present,uncertain,0.28662109375,0.28,True,demotion,0,0,0
patient22787/study2,Fracture,unmentioned,absent,uncertain,0.348388671875,0.42,True,other,0,0,0
patient22787/study2,Lung Lesion,present,absent,uncertain,0.363037109375,0.39,True,other,0,0,0
patient22787/study2,Lung Opacity,unmentioned,absent,uncertain,0.50634765625,0.62,True,other,0,0,0
patient22787/study2,Pleural Other,present,absent,uncertain,0.35107421875,0.45,True,other,0,0,0
patient23117/study1,Consolidation,unmentioned,present,uncertain,0.54150390625,0.45,True,demotion,0,0,0
patient23117/study1,Edema,unmentioned,absent,uncertain,0.400634765625,0.453857,True,other,0,0,0
patient23117/study1,Pneumonia,unmentioned,absent,uncertain,0.2176513671875,0.28,True,other,0,0,0
patient23117/study1,Fracture,present,absent,uncertain,0.3603515625,0.42,True,other,0,0,0
patient23117/study2,Atelectasis,present,absent,uncertain,0.4111328125,0.56,True,other,0,0,0
patient23117/study2,Consolidation,unmentioned,present,uncertain,0.492431640625,0.45,True,demotion,0,0,0
patient23117/study2,Edema,unmentioned,absent,uncertain,0.395751953125,0.453857,True,other,0,0,0
patient23117/study2,Pneumonia,unmentioned,present,uncertain,0.351806640625,0.28,True,demotion,0,0,0
patient23117/study2,Lung Lesion,unmentioned,absent,uncertain,0.329833984375,0.39,True,other,0,0,0
patient23117/study2,Lung Opacity,unmentioned,present,uncertain,0.6328125,0.62,True,demotion,0,0,0
patient23117/study2,Pleural Other,unmentioned,absent,uncertain,0.330810546875,0.45,True,other,0,0,0
patient23117/study3,Atelectasis,present,present,uncertain,0.68701171875,0.56,True,demotion,0,0,0
patient23117/study3,Lung Lesion,unmentioned,present,uncertain,0.43212890625,0.39,True,demotion,0,0,0
patient23117/study3,Pleural Other,unmentioned,present,uncertain,0.5712890625,0.45,True,demotion,0,0,0
patient23358/study4,Cardiomegaly,present,present,uncertain,0.5048828125,0.5,True,demotion,0,0,0
patient23358/study4,Consolidation,unmentioned,absent,uncertain,0.447021484375,0.45,True,other,0,0,0
patient23358/study4,Fracture,unmentioned,present,uncertain,0.5087890625,0.42,True,demotion,0,0,0
patient23358/study4,Lung Lesion,present,present,uncertain,0.403076171875,0.39,True,demotion,0,0,0
patient23384/study1,Atelectasis,unmentioned,absent,uncertain,0.434814453125,0.56,True,other,0,0,0
patient23384/study1,Consolidation,unmentioned,present,uncertain,0.5625,0.45,True,demotion,0,0,0
patient23384/study1,Pleural Effusion,present,present,uncertain,0.63134765625,0.6,True,demotion,0,0,0
patient23384/study1,Pneumothorax,unmentioned,absent,uncertain,0.2115478515625,0.33,True,other,0,0,0
patient23384/study1,Fracture,unmentioned,present,uncertain,0.46142578125,0.42,True,demotion,0,0,0
patient23448/study1,Pneumonia,unmentioned,absent,uncertain,0.189697265625,0.28,True,other,0,0,0
patient23448/study1,Lung Lesion,unmentioned,absent,uncertain,0.3037109375,0.39,True,other,0,0,0
patient23448/study1,Lung Opacity,unmentioned,absent,uncertain,0.517578125,0.62,True,other,0,0,0
patient23684/study6,Atelectasis,unmentioned,present,uncertain,0.7041015625,0.56,True,demotion,0,0,0
patient23684/study6,Cardiomegaly,unmentioned,absent,uncertain,0.35595703125,0.5,True,other,0,0,0
patient23684/study6,Edema,unmentioned,absent,uncertain,0.434326171875,0.453857,True,other,0,0,0
patient23684/study6,Pneumonia,unmentioned,present,uncertain,0.39501953125,0.28,True,demotion,0,0,0
patient23684/study6,Pneumothorax,absent,present,uncertain,0.439453125,0.33,True,demotion,0,0,0
patient23971/study2,Atelectasis,unmentioned,present,uncertain,0.5888671875,0.56,True,demotion,0,0,0
patient23971/study2,Cardiomegaly,present,present,uncertain,0.64599609375,0.5,True,demotion,0,0,0
patient23971/study2,Pleural Effusion,absent,absent,uncertain,0.54931640625,0.6,True,other,0,0,0
patient23971/study2,Pneumothorax,absent,absent,uncertain,0.2481689453125,0.33,True,other,0,0,0
patient23971/study2,Fracture,present,present,uncertain,0.568359375,0.42,True,demotion,0,0,0
patient23971/study2,Enlarged Cardiomediastinum,uncertain,present,uncertain,0.380126953125,0.35,True,demotion,0,0,0
patient23971/study2,Pleural Other,unmentioned,absent,uncertain,0.448486328125,0.45,True,other,0,0,0
patient24049/study1,Pneumonia,present,present,uncertain,0.308349609375,0.28,True,demotion,0,0,0
patient24049/study1,Lung Lesion,unmentioned,present,uncertain,0.4111328125,0.39,True,demotion,0,0,0
patient24049/study1,Lung Opacity,present,present,uncertain,0.6494140625,0.62,True,demotion,0,0,0
patient24662/study3,Fracture,unmentioned,present,uncertain,0.537109375,0.42,True,demotion,0,0,0
patient24662/study3,Lung Opacity,unmentioned,absent,uncertain,0.5439453125,0.62,True,other,0,0,0
patient24662/study4,Fracture,unmentioned,absent,uncertain,0.30712890625,0.42,True,other,0,0,0
patient24984/study1,Atelectasis,unmentioned,absent,uncertain,0.472412109375,0.56,True,other,0,0,0
patient24984/study1,Edema,unmentioned,absent,uncertain,0.318603515625,0.453857,True,other,0,0,0
patient24984/study1,Fracture,unmentioned,present,uncertain,0.44970703125,0.42,True,demotion,0,0,0
patient24984/study2,Atelectasis,unmentioned,present,uncertain,0.61767578125,0.56,True,demotion,0,0,0
patient24984/study2,Cardiomegaly,unmentioned,absent,uncertain,0.37255859375,0.5,True,other,0,0,0
patient24984/study2,Fracture,unmentioned,present,uncertain,0.4970703125,0.42,True,demotion,0,0,0
patient25112/study3,Consolidation,unmentioned,absent,uncertain,0.44189453125,0.45,True,other,0,0,0
patient25112/study3,Edema,unmentioned,present,uncertain,0.5185546875,0.453857,True,demotion,0,0,0
patient25112/study3,Pleural Effusion,present,present,uncertain,0.724609375,0.6,True,demotion,0,0,0
patient25112/study3,Lung Opacity,present,present,uncertain,0.6904296875,0.62,True,demotion,0,0,0
patient25112/study3,Enlarged Cardiomediastinum,present,absent,uncertain,0.20703125,0.35,True,other,0,0,0
patient25112/study3,Pleural Other,unmentioned,present,uncertain,0.48486328125,0.45,True,demotion,0,0,0
patient25112/study6,Atelectasis,uncertain,absent,uncertain,0.423583984375,0.56,True,other,0,0,0
patient25112/study6,Consolidation,absent,absent,uncertain,0.330078125,0.45,True,other,0,0,0
patient25112/study6,Pneumonia,unmentioned,present,uncertain,0.378662109375,0.28,True,demotion,0,0,0
patient25112/study6,Pneumothorax,absent,absent,uncertain,0.260986328125,0.33,True,other,0,0,0
patient25112/study6,Fracture,unmentioned,present,uncertain,0.431396484375,0.42,True,demotion,0,0,0
patient25112/study6,Lung Lesion,present,absent,uncertain,0.303466796875,0.39,True,other,0,0,0
patient25112/study6,Enlarged Cardiomediastinum,present,present,uncertain,0.392578125,0.35,True,demotion,0,0,0
patient25241/study1,Enlarged Cardiomediastinum,unmentioned,present,uncertain,0.351318359375,0.35,True,demotion,0,0,0
patient25241/study11,Consolidation,unmentioned,present,uncertain,0.56787109375,0.45,True,demotion,0,0,0
patient25241/study11,Edema,unmentioned,absent,uncertain,0.326904296875,0.453857,True,other,0,0,0
patient25241/study11,Pleural Effusion,unmentioned,present,uncertain,0.73974609375,0.6,True,demotion,0,0,0
patient25241/study11,Pneumothorax,unmentioned,absent,uncertain,0.30419921875,0.33,True,other,0,0,0
patient25241/study11,Enlarged Cardiomediastinum,unmentioned,absent,uncertain,0.345458984375,0.35,True,other,0,0,0
patient25241/study2,Fracture,unmentioned,present,uncertain,0.53125,0.42,True,demotion,0,0,0
patient25350/study1,Pneumothorax,absent,present,uncertain,0.365234375,0.33,True,demotion,0,0,0
patient25350/study1,Fracture,unmentioned,absent,uncertain,0.31982421875,0.42,True,other,0,0,0
patient25350/study1,Enlarged Cardiomediastinum,unmentioned,absent,uncertain,0.307373046875,0.35,True,other,0,0,0
patient25725/study2,Pneumonia,unmentioned,present,uncertain,0.346435546875,0.28,True,demotion,0,0,0
patient25725/study2,Fracture,unmentioned,absent,uncertain,0.304443359375,0.42,True,other,0,0,0
patient25725/study2,Lung Lesion,unmentioned,absent,uncertain,0.241455078125,0.39,True,other,0,0,0
patient25725/study2,Lung Opacity,unmentioned,present,uncertain,0.6376953125,0.62,True,demotion,0,0,0
patient25725/study2,Pleural Other,present,absent,uncertain,0.330078125,0.45,True,other,0,0,0
patient25971/study11,Pleural Effusion,unmentioned,absent,uncertain,0.487060546875,0.6,True,other,0,0,0
patient25971/study11,Fracture,unmentioned,absent,uncertain,0.352294921875,0.42,True,other,0,0,0
patient26115/study1,Cardiomegaly,unmentioned,absent,uncertain,0.425048828125,0.5,True,other,0,0,0
patient26330/study5,Consolidation,present,present,uncertain,0.5888671875,0.45,True,demotion,0,0,0
patient26330/study5,Pneumothorax,unmentioned,absent,uncertain,0.2646484375,0.33,True,other,0,0,0
patient26330/study5,Enlarged Cardiomediastinum,unmentioned,absent,uncertain,0.223876953125,0.35,True,other,0,0,0
patient26519/study1,Atelectasis,unmentioned,present,uncertain,0.6162109375,0.56,True,demotion,0,0,0
patient26519/study1,Pleural Effusion,absent,absent,uncertain,0.5615234375,0.6,True,other,0,0,0
patient26519/study2,Pneumothorax,absent,absent,uncertain,0.2342529296875,0.33,True,other,0,0,0
patient26519/study3,Edema,unmentioned,absent,uncertain,0.350341796875,0.453857,True,other,0,0,0
patient26519/study3,Pleural Effusion,unmentioned,absent,uncertain,0.517578125,0.6,True,other,0,0,0
patient26519/study3,Pneumonia,unmentioned,absent,uncertain,0.254150390625,0.28,True,other,0,0,0
patient26519/study3,Enlarged Cardiomediastinum,unmentioned,present,uncertain,0.43701171875,0.35,True,demotion,0,0,0
patient26519/study3,Pleural Other,unmentioned,present,uncertain,0.50244140625,0.45,True,demotion,0,0,0
patient26519/study4,Consolidation,absent,present,uncertain,0.50537109375,0.45,True,demotion,0,0,0
patient26519/study4,Edema,unmentioned,absent,uncertain,0.43798828125,0.453857,True,other,0,0,0
patient26519/study4,Pleural Effusion,unmentioned,absent,uncertain,0.58349609375,0.6,True,other,0,0,0
patient26519/study4,Pleural Other,unmentioned,present,uncertain,0.53271484375,0.45,True,demotion,0,0,0
patient26576/study1,Atelectasis,unmentioned,absent,uncertain,0.430908203125,0.56,True,other,0,0,0
patient26576/study1,Cardiomegaly,unmentioned,absent,uncertain,0.442626953125,0.5,True,other,0,0,0
patient26576/study1,Edema,unmentioned,present,uncertain,0.60302734375,0.453857,True,demotion,0,0,0
patient26576/study1,Pleural Effusion,unmentioned,absent,uncertain,0.46142578125,0.6,True,other,0,0,0
patient26576/study1,Pneumonia,unmentioned,present,uncertain,0.287353515625,0.28,True,demotion,0,0,0
patient26576/study1,Fracture,unmentioned,present,uncertain,0.427978515625,0.42,True,demotion,0,0,0
patient26576/study1,Lung Lesion,unmentioned,absent,uncertain,0.260986328125,0.39,True,other,0,0,0
patient26576/study1,Enlarged Cardiomediastinum,present,absent,uncertain,0.259521484375,0.35,True,other,0,0,0
patient26813/study1,Cardiomegaly,unmentioned,absent,uncertain,0.4912109375,0.5,True,other,0,0,0
patient26813/study1,Consolidation,unmentioned,absent,uncertain,0.35205078125,0.45,True,other,0,0,0
patient26813/study1,Lung Opacity,unmentioned,absent,uncertain,0.47412109375,0.62,True,other,0,0,0
patient26813/study1,Enlarged Cardiomediastinum,unmentioned,present,uncertain,0.404541015625,0.35,True,demotion,0,0,0
patient26813/study11,Cardiomegaly,unmentioned,absent,uncertain,0.379638671875,0.5,True,other,0,0,0
patient26813/study2,Edema,unmentioned,absent,uncertain,0.417236328125,0.453857,True,other,0,0,0
patient27168/study4,Atelectasis,unmentioned,present,uncertain,0.60986328125,0.56,True,demotion,0,0,0
patient27168/study4,Cardiomegaly,unmentioned,present,uncertain,0.50244140625,0.5,True,demotion,0,0,0
patient27168/study4,Edema,present,present,uncertain,0.53076171875,0.453857,True,demotion,0,0,0
patient27168/study4,Pleural Effusion,present,present,uncertain,0.66943359375,0.6,True,demotion,0,0,0
patient27168/study4,Fracture,unmentioned,absent,uncertain,0.329345703125,0.42,True,other,0,0,0
patient27168/study4,Enlarged Cardiomediastinum,absent,absent,uncertain,0.303955078125,0.35,True,other,0,0,0
patient27168/study4,Pleural Other,unmentioned,present,uncertain,0.50634765625,0.45,True,demotion,0,0,0
patient27237/study2,Consolidation,present,present,uncertain,0.469482421875,0.45,True,demotion,0,0,0
patient27237/study2,Edema,unmentioned,absent,uncertain,0.362060546875,0.453857,True,other,0,0,0
patient27237/study2,Pneumonia,present,present,uncertain,0.316650390625,0.28,True,demotion,0,0,0
patient27237/study2,Pleural Other,unmentioned,absent,uncertain,0.307373046875,0.45,True,other,0,0,0
patient27301/study1,Enlarged Cardiomediastinum,unmentioned,absent,uncertain,0.218017578125,0.35,True,other,0,0,0
patient27338/study1,Pneumonia,unmentioned,present,uncertain,0.34619140625,0.28,True,demotion,0,0,0
patient27338/study1,Lung Lesion,unmentioned,absent,uncertain,0.35205078125,0.39,True,other,0,0,0
patient27338/study13,Pneumonia,unmentioned,absent,uncertain,0.1805419921875,0.28,True,other,0,0,0
patient27338/study13,Pneumothorax,unmentioned,absent,uncertain,0.245849609375,0.33,True,other,0,0,0
patient27338/study13,Fracture,unmentioned,present,uncertain,0.55419921875,0.42,True,demotion,0,0,0
patient27338/study13,Lung Lesion,unmentioned,absent,uncertain,0.34375,0.39,True,other,0,0,0
patient27338/study13,Pleural Other,unmentioned,absent,uncertain,0.4326171875,0.45,True,other,0,0,0
patient27338/study14,Cardiomegaly,unmentioned,present,uncertain,0.52978515625,0.5,True,demotion,0,0,0
patient27338/study14,Edema,unmentioned,present,uncertain,0.45751953125,0.453857,True,demotion,0,0,0
patient27338/study14,Pneumonia,unmentioned,absent,uncertain,0.14013671875,0.28,True,other,0,0,0
patient27338/study4,Pneumonia,unmentioned,present,uncertain,0.39990234375,0.28,True,demotion,0,0,0
patient27338/study4,Lung Lesion,unmentioned,present,uncertain,0.51953125,0.39,True,demotion,0,0,0
patient27338/study4,Pleural Other,unmentioned,absent,uncertain,0.432373046875,0.45,True,other,0,0,0
patient27451/study10,Pneumothorax,unmentioned,present,uncertain,0.341064453125,0.33,True,demotion,0,0,0
patient27451/study11,Pneumothorax,unmentioned,present,uncertain,0.397705078125,0.33,True,demotion,0,0,0
patient27451/study12,Pneumothorax,unmentioned,absent,uncertain,0.274169921875,0.33,True,other,0,0,0
patient27520/study1,Atelectasis,unmentioned,present,uncertain,0.70654296875,0.56,True,demotion,0,0,0
patient27520/study1,Cardiomegaly,unmentioned,present,uncertain,0.60595703125,0.5,True,demotion,0,0,0
patient27520/study10,Lung Opacity,unmentioned,absent,uncertain,0.477783203125,0.62,True,other,0,0,0
patient27520/study10,Enlarged Cardiomediastinum,unmentioned,absent,uncertain,0.2496337890625,0.35,True,other,0,0,0
patient27673/study2,Consolidation,unmentioned,absent,uncertain,0.35888671875,0.45,True,other,0,0,0
patient27673/study2,Lung Opacity,unmentioned,absent,uncertain,0.489013671875,0.62,True,other,0,0,0
patient27690/study2,Consolidation,absent,present,uncertain,0.52685546875,0.45,True,demotion,0,0,0
patient27690/study2,Pneumothorax,absent,absent,uncertain,0.2027587890625,0.33,True,other,0,0,0
patient27690/study2,Lung Lesion,unmentioned,present,uncertain,0.4482421875,0.39,True,demotion,0,0,0
patient28281/study1,Pneumothorax,unmentioned,absent,uncertain,0.23193359375,0.33,True,other,0,0,0
patient28281/study10,Atelectasis,unmentioned,present,uncertain,0.66748046875,0.56,True,demotion,0,0,0
patient28281/study10,Edema,unmentioned,absent,uncertain,0.392333984375,0.453857,True,other,0,0,0
patient28281/study10,Pneumonia,unmentioned,present,uncertain,0.280029296875,0.28,True,demotion,0,0,0
patient28281/study10,Pneumothorax,unmentioned,absent,uncertain,0.269775390625,0.33,True,other,0,0,0
patient28281/study10,Fracture,unmentioned,present,uncertain,0.490234375,0.42,True,demotion,0,0,0
patient28281/study10,Lung Lesion,unmentioned,absent,uncertain,0.38037109375,0.39,True,other,0,0,0
patient28281/study10,Enlarged Cardiomediastinum,unmentioned,present,uncertain,0.404296875,0.35,True,demotion,0,0,0
patient28806/study10,Pneumothorax,unmentioned,absent,uncertain,0.191162109375,0.33,True,other,0,0,0
patient28806/study12,Pneumothorax,unmentioned,absent,uncertain,0.3154296875,0.33,True,other,0,0,0
patient28806/study13,Pleural Effusion,present,present,uncertain,0.71337890625,0.6,True,demotion,0,0,0
patient28806/study13,Pneumothorax,unmentioned,absent,uncertain,0.2237548828125,0.33,True,other,0,0,0
patient28806/study13,Fracture,unmentioned,absent,uncertain,0.28466796875,0.42,True,other,0,0,0
patient28806/study13,Pleural Other,unmentioned,present,uncertain,0.4609375,0.45,True,demotion,0,0,0
patient28806/study9,Cardiomegaly,present,absent,uncertain,0.37646484375,0.5,True,other,0,0,0
patient28806/study9,Pleural Effusion,unmentioned,present,uncertain,0.61279296875,0.6,True,demotion,0,0,0
patient28806/study9,Lung Opacity,unmentioned,absent,uncertain,0.59912109375,0.62,True,other,0,0,0
patient28913/study1,Pneumonia,unmentioned,present,uncertain,0.320068359375,0.28,True,demotion,0,0,0
patient28913/study12,Cardiomegaly,unmentioned,absent,uncertain,0.44580078125,0.5,True,other,0,0,0
patient29069/study1,Atelectasis,uncertain,absent,uncertain,0.4404296875,0.56,True,other,0,0,0
patient29069/study1,Pleural Effusion,absent,present,uncertain,0.62744140625,0.6,True,demotion,0,0,0
patient29069/study1,Lung Lesion,unmentioned,absent,uncertain,0.3505859375,0.39,True,other,0,0,0
patient29069/study1,Lung Opacity,present,absent,uncertain,0.529296875,0.62,True,other,0,0,0
patient29069/study2,Pneumonia,unmentioned,absent,uncertain,0.15576171875,0.28,True,other,0,0,0
patient29069/study2,Pneumothorax,present,absent,uncertain,0.252685546875,0.33,True,other,0,0,0
patient29069/study2,Lung Lesion,unmentioned,absent,uncertain,0.353271484375,0.39,True,other,0,0,0
patient29069/study2,Lung Opacity,present,absent,uncertain,0.544921875,0.62,True,other,0,0,0
patient29069/study5,Atelectasis,unmentioned,present,uncertain,0.64697265625,0.56,True,demotion,0,0,0
patient29069/study5,Pleural Effusion,unmentioned,present,uncertain,0.74169921875,0.6,True,demotion,0,0,0
patient29069/study5,Pneumonia,unmentioned,present,uncertain,0.355712890625,0.28,True,demotion,0,0,0
patient29069/study5,Fracture,present,present,uncertain,0.476318359375,0.42,True,demotion,0,0,0
patient29069/study6,Consolidation,unmentioned,present,uncertain,0.57080078125,0.45,True,demotion,0,0,0
patient29069/study6,Fracture,present,present,uncertain,0.4677734375,0.42,True,demotion,0,0,0
patient29154/study11,Pleural Effusion,unmentioned,absent,uncertain,0.4580078125,0.6,True,other,0,0,0
patient29154/study11,Fracture,unmentioned,present,uncertain,0.45263671875,0.42,True,demotion,0,0,0
patient29154/study11,Lung Opacity,unmentioned,absent,uncertain,0.54052734375,0.62,True,other,0,0,0
patient29162/study1,Consolidation,unmentioned,absent,uncertain,0.443359375,0.45,True,other,0,0,0
patient29162/study1,Edema,unmentioned,absent,uncertain,0.33349609375,0.453857,True,other,0,0,0
patient29162/study1,Pneumonia,unmentioned,absent,uncertain,0.241455078125,0.28,True,other,0,0,0
patient29162/study1,Fracture,unmentioned,absent,uncertain,0.3583984375,0.42,True,other,0,0,0
patient29162/study10,Pneumonia,unmentioned,absent,uncertain,0.2587890625,0.28,True,other,0,0,0
patient29162/study12,Consolidation,unmentioned,absent,uncertain,0.317626953125,0.45,True,other,0,0,0
patient29162/study12,Pneumothorax,unmentioned,absent,uncertain,0.2216796875,0.33,True,other,0,0,0
patient29162/study12,Fracture,unmentioned,absent,uncertain,0.31005859375,0.42,True,other,0,0,0
patient29210/study1,Cardiomegaly,unmentioned,absent,uncertain,0.38330078125,0.5,True,other,0,0,0
patient29210/study1,Pleural Effusion,unmentioned,present,uncertain,0.62939453125,0.6,True,demotion,0,0,0
patient29210/study1,Pneumonia,unmentioned,present,uncertain,0.30908203125,0.28,True,demotion,0,0,0
patient29210/study1,Fracture,unmentioned,absent,uncertain,0.401123046875,0.42,True,other,0,0,0
patient29210/study1,Lung Opacity,unmentioned,absent,uncertain,0.57861328125,0.62,True,other,0,0,0
patient29210/study1,Pleural Other,unmentioned,absent,uncertain,0.35888671875,0.45,True,other,0,0,0
patient29210/study10,Pneumonia,unmentioned,absent,uncertain,0.1976318359375,0.28,True,other,0,0,0
patient29210/study10,Pneumothorax,unmentioned,absent,uncertain,0.30224609375,0.33,True,other,0,0,0
patient29210/study10,Lung Opacity,unmentioned,present,uncertain,0.65087890625,0.62,True,demotion,0,0,0
patient29210/study10,Pleural Other,unmentioned,present,uncertain,0.471923828125,0.45,True,demotion,0,0,0
patient29210/study11,Pneumonia,unmentioned,present,uncertain,0.291015625,0.28,True,demotion,0,0,0
patient29210/study11,Lung Lesion,unmentioned,absent,uncertain,0.294189453125,0.39,True,other,0,0,0
patient29210/study11,Lung Opacity,unmentioned,present,uncertain,0.62548828125,0.62,True,demotion,0,0,0
patient29210/study11,Pleural Other,unmentioned,present,uncertain,0.5263671875,0.45,True,demotion,0,0,0
patient29210/study12,Pneumothorax,unmentioned,present,uncertain,0.421142578125,0.33,True,demotion,0,0,0
patient29599/study1,Consolidation,present,absent,uncertain,0.405029296875,0.45,True,other,0,0,0
patient29599/study1,Lung Opacity,unmentioned,absent,uncertain,0.52197265625,0.62,True,other,0,0,0
patient29676/study10,Pneumonia,unmentioned,present,uncertain,0.4208984375,0.28,True,demotion,0,0,0
patient29676/study10,Lung Lesion,unmentioned,absent,uncertain,0.30908203125,0.39,True,other,0,0,0
patient29676/study10,Pleural Other,unmentioned,absent,uncertain,0.30029296875,0.45,True,other,0,0,0
patient29880/study1,Cardiomegaly,unmentioned,absent,uncertain,0.397216796875,0.5,True,other,0,0,0
patient29880/study1,Consolidation,unmentioned,present,uncertain,0.47265625,0.45,True,demotion,0,0,0
patient29880/study1,Pneumonia,unmentioned,present,uncertain,0.41845703125,0.28,True,demotion,0,0,0
patient29880/study1,Enlarged Cardiomediastinum,unmentioned,absent,uncertain,0.20947265625,0.35,True,other,0,0,0
patient29880/study1,Pleural Other,unmentioned,present,uncertain,0.48193359375,0.45,True,demotion,0,0,0
patient29880/study10,Edema,unmentioned,absent,uncertain,0.366455078125,0.453857,True,other,0,0,0
patient29880/study10,Pleural Effusion,unmentioned,absent,uncertain,0.494140625,0.6,True,other,0,0,0
patient29880/study10,Fracture,unmentioned,present,uncertain,0.494140625,0.42,True,demotion,0,0,0
patient29880/study10,Lung Opacity,unmentioned,absent,uncertain,0.48046875,0.62,True,other,0,0,0
patient29880/study11,Edema,unmentioned,absent,uncertain,0.337890625,0.453857,True,other,0,0,0
patient29880/study11,Fracture,unmentioned,present,uncertain,0.51708984375,0.42,True,demotion,0,0,0
patient29880/study12,Edema,unmentioned,present,uncertain,0.578125,0.453857,True,demotion,0,0,0
patient29880/study12,Pneumonia,unmentioned,present,uncertain,0.291748046875,0.28,True,demotion,0,0,0
patient29880/study12,Pneumothorax,unmentioned,absent,uncertain,0.287353515625,0.33,True,other,0,0,0
patient29880/study12,Pleural Other,unmentioned,absent,uncertain,0.35888671875,0.45,True,other,0,0,0
patient29961/study1,Pleural Effusion,absent,absent,uncertain,0.451171875,0.6,True,other,0,0,0
patient29961/study1,Fracture,unmentioned,absent,uncertain,0.34130859375,0.42,True,other,0,0,0
patient30568/study1,Cardiomegaly,unmentioned,absent,uncertain,0.485107421875,0.5,True,other,0,0,0
patient30568/study1,Pleural Effusion,unmentioned,absent,uncertain,0.4794921875,0.6,True,other,0,0,0
patient30568/study1,Pneumonia,unmentioned,absent,uncertain,0.202880859375,0.28,True,other,0,0,0
patient30568/study1,Fracture,unmentioned,absent,uncertain,0.346923828125,0.42,True,other,0,0,0
patient30568/study1,Lung Lesion,unmentioned,absent,uncertain,0.2452392578125,0.39,True,other,0,0,0
patient30568/study1,Lung Opacity,unmentioned,absent,uncertain,0.481689453125,0.62,True,other,0,0,0
patient30568/study1,Enlarged Cardiomediastinum,unmentioned,absent,uncertain,0.28955078125,0.35,True,other,0,0,0
patient30568/study1,Pleural Other,unmentioned,present,uncertain,0.484130859375,0.45,True,demotion,0,0,0
patient30568/study3,Cardiomegaly,unmentioned,present,uncertain,0.64404296875,0.5,True,demotion,0,0,0
patient30568/study3,Lung Opacity,unmentioned,absent,uncertain,0.578125,0.62,True,other,0,0,0
patient30568/study3,Enlarged Cardiomediastinum,unmentioned,present,uncertain,0.412109375,0.35,True,demotion,0,0,0
patient30606/study3,Atelectasis,unmentioned,absent,uncertain,0.4189453125,0.56,True,other,0,0,0
patient30606/study3,Consolidation,unmentioned,absent,uncertain,0.44140625,0.45,True,other,0,0,0
patient30606/study3,Pleural Effusion,present,absent,uncertain,0.57958984375,0.6,True,other,0,0,0
patient30606/study3,Lung Opacity,present,absent,uncertain,0.5556640625,0.62,True,other,0,0,0
patient30644/study14,Consolidation,unmentioned,absent,uncertain,0.33935546875,0.45,True,other,0,0,0
patient30644/study14,Pleural Effusion,present,absent,uncertain,0.580078125,0.6,True,other,0,0,0
patient30644/study14,Pneumonia,uncertain,present,uncertain,0.402587890625,0.28,True,demotion,0,0,0
patient30644/study14,Lung Lesion,unmentioned,absent,uncertain,0.343017578125,0.39,True,other,0,0,0
patient30644/study14,Lung Opacity,present,absent,uncertain,0.6171875,0.62,True,other,0,0,0
patient30644/study14,Pleural Other,unmentioned,absent,uncertain,0.447021484375,0.45,True,other,0,0,0
patient30665/study10,Consolidation,unmentioned,absent,uncertain,0.439453125,0.45,True,other,0,0,0
patient30665/study10,Edema,present,absent,uncertain,0.319091796875,0.453857,True,other,0,0,0
patient30665/study10,Fracture,present,present,uncertain,0.5595703125,0.42,True,demotion,0,0,0
patient30665/study10,Lung Lesion,unmentioned,absent,uncertain,0.347900390625,0.39,True,other,0,0,0
patient30665/study10,Lung Opacity,unmentioned,present,uncertain,0.638671875,0.62,True,demotion,0,0,0
patient30665/study10,Enlarged Cardiomediastinum,unmentioned,absent,uncertain,0.273681640625,0.35,True,other,0,0,0
patient30665/study10,Pleural Other,unmentioned,absent,uncertain,0.39111328125,0.45,True,other,0,0,0
patient30665/study4,Edema,unmentioned,absent,uncertain,0.416259765625,0.453857,True,other,0,0,0
patient30665/study4,Pneumonia,unmentioned,absent,uncertain,0.134033203125,0.28,True,other,0,0,0
patient30665/study4,Enlarged Cardiomediastinum,unmentioned,present,uncertain,0.390380859375,0.35,True,demotion,0,0,0
patient31054/study3,Edema,unmentioned,absent,uncertain,0.3203125,0.453857,True,other,0,0,0
patient31054/study3,Lung Opacity,unmentioned,absent,uncertain,0.59912109375,0.62,True,other,0,0,0
patient31054/study4,Atelectasis,unmentioned,present,uncertain,0.64892578125,0.56,True,demotion,0,0,0
patient31054/study4,Pneumothorax,absent,present,uncertain,0.3798828125,0.33,True,demotion,0,0,0
patient31054/study4,Fracture,unmentioned,present,uncertain,0.5283203125,0.42,True,demotion,0,0,0
patient31054/study4,Enlarged Cardiomediastinum,uncertain,present,uncertain,0.494140625,0.35,True,demotion,0,0,0
patient31054/study6,Cardiomegaly,unmentioned,absent,uncertain,0.4052734375,0.5,True,other,0,0,0
patient31054/study6,Fracture,unmentioned,absent,uncertain,0.377197265625,0.42,True,other,0,0,0
patient31054/study6,Pleural Other,unmentioned,present,uncertain,0.51513671875,0.45,True,demotion,0,0,0
patient31054/study7,Atelectasis,uncertain,absent,uncertain,0.444580078125,0.56,True,other,0,0,0
patient31054/study7,Consolidation,uncertain,absent,uncertain,0.38232421875,0.45,True,other,0,0,0
patient31054/study7,Pleural Effusion,present,absent,uncertain,0.48974609375,0.6,True,other,0,0,0
patient31054/study7,Pneumonia,unmentioned,absent,uncertain,0.2135009765625,0.28,True,other,0,0,0
patient31054/study7,Lung Lesion,present,absent,uncertain,0.32763671875,0.39,True,other,0,0,0
patient31054/study7,Lung Opacity,unmentioned,absent,uncertain,0.5986328125,0.62,True,other,0,0,0
patient31313/study12,Cardiomegaly,unmentioned,absent,uncertain,0.38525390625,0.5,True,other,0,0,0
patient31313/study12,Edema,unmentioned,absent,uncertain,0.324951171875,0.453857,True,other,0,0,0
patient31313/study12,Pleural Effusion,unmentioned,present,uncertain,0.64501953125,0.6,True,demotion,0,0,0
patient31313/study12,Pneumonia,unmentioned,absent,uncertain,0.171630859375,0.28,True,other,0,0,0
patient31313/study12,Fracture,unmentioned,absent,uncertain,0.373046875,0.42,True,other,0,0,0
patient31370/study3,Pneumonia,unmentioned,absent,uncertain,0.1361083984375,0.28,True,other,0,0,0
patient31370/study3,Pneumothorax,absent,absent,uncertain,0.252685546875,0.33,True,other,0,0,0
patient31370/study3,Lung Lesion,present,absent,uncertain,0.2939453125,0.39,True,other,0,0,0
patient31370/study4,Cardiomegaly,absent,absent,uncertain,0.35595703125,0.5,True,other,0,0,0
patient31370/study4,Consolidation,absent,absent,uncertain,0.310791015625,0.45,True,other,0,0,0
patient31370/study4,Pneumonia,unmentioned,present,uncertain,0.301025390625,0.28,True,demotion,0,0,0
patient31370/study4,Fracture,unmentioned,absent,uncertain,0.32177734375,0.42,True,other,0,0,0
patient31370/study4,Lung Opacity,unmentioned,absent,uncertain,0.56103515625,0.62,True,other,0,0,0
patient32155/study1,Pneumonia,present,absent,uncertain,0.2374267578125,0.28,True,other,0,0,0
patient32155/study1,Pleural Other,uncertain,absent,uncertain,0.35986328125,0.45,True,other,0,0,0
patient32435/study2,Atelectasis,unmentioned,absent,uncertain,0.537109375,0.56,True,other,0,0,0
patient32435/study2,Cardiomegaly,unmentioned,absent,uncertain,0.361083984375,0.5,True,other,0,0,0
patient32435/study2,Consolidation,uncertain,absent,uncertain,0.448974609375,0.45,True,other,0,0,0
patient32435/study2,Pneumothorax,absent,absent,uncertain,0.218017578125,0.33,True,other,0,0,0
patient32435/study2,Fracture,present,absent,uncertain,0.374755859375,0.42,True,other,0,0,0
patient32435/study2,Enlarged Cardiomediastinum,uncertain,absent,uncertain,0.2049560546875,0.35,True,other,0,0,0
patient32622/study1,Pneumonia,unmentioned,absent,uncertain,0.133544921875,0.28,True,other,0,0,0
patient32622/study1,Lung Lesion,present,absent,uncertain,0.327880859375,0.39,True,other,0,0,0
patient32622/study1,Lung Opacity,present,absent,uncertain,0.61328125,0.62,True,other,0,0,0
patient32751/study10,Consolidation,unmentioned,absent,uncertain,0.43359375,0.45,True,other,0,0,0
patient32751/study10,Pneumonia,unmentioned,present,uncertain,0.287841796875,0.28,True,demotion,0,0,0
patient32862/study5,Consolidation,unmentioned,absent,uncertain,0.34228515625,0.45,True,other,0,0,0
patient32862/study5,Pleural Effusion,present,absent,uncertain,0.5732421875,0.6,True,other,0,0,0
patient32862/study5,Lung Opacity,present,present,uncertain,0.74169921875,0.62,True,demotion,0,0,0
patient33252/study2,Atelectasis,unmentioned,absent,uncertain,0.43798828125,0.56,True,other,0,0,0
patient33252/study2,Consolidation,present,present,uncertain,0.578125,0.45,True,demotion,0,0,0
patient33252/study2,Edema,unmentioned,absent,uncertain,0.337646484375,0.453857,True,other,0,0,0
patient33252/study2,Pleural Effusion,present,present,uncertain,0.6494140625,0.6,True,demotion,0,0,0
patient33252/study2,Pneumonia,present,absent,uncertain,0.27490234375,0.28,True,other,0,0,0
patient33252/study2,Pneumothorax,unmentioned,absent,uncertain,0.301025390625,0.33,True,other,0,0,0
patient33252/study2,Lung Lesion,unmentioned,present,uncertain,0.451416015625,0.39,True,demotion,0,0,0
patient33252/study2,Lung Opacity,unmentioned,present,uncertain,0.76220703125,0.62,True,demotion,0,0,0
patient33252/study2,Enlarged Cardiomediastinum,unmentioned,present,uncertain,0.41796875,0.35,True,demotion,0,0,0
patient33278/study1,Pneumothorax,unmentioned,absent,uncertain,0.2239990234375,0.33,True,other,0,0,0
patient33278/study1,Lung Lesion,unmentioned,present,uncertain,0.52392578125,0.39,True,demotion,0,0,0
patient33278/study1,Pleural Other,unmentioned,absent,uncertain,0.363037109375,0.45,True,other,0,0,0
patient33278/study10,Edema,unmentioned,absent,uncertain,0.38916015625,0.453857,True,other,0,0,0
patient33278/study2,Pleural Effusion,unmentioned,present,uncertain,0.64453125,0.6,True,demotion,0,0,0
patient33278/study2,Pneumonia,unmentioned,present,uncertain,0.3935546875,0.28,True,demotion,0,0,0
patient33278/study2,Lung Lesion,unmentioned,absent,uncertain,0.32373046875,0.39,True,other,0,0,0
patient33278/study2,Lung Opacity,unmentioned,present,uncertain,0.74951171875,0.62,True,demotion,0,0,0
patient33278/study2,Enlarged Cardiomediastinum,unmentioned,present,uncertain,0.36962890625,0.35,True,demotion,0,0,0
patient33584/study10,Lung Lesion,unmentioned,present,uncertain,0.40185546875,0.39,True,demotion,0,0,0
patient33584/study10,Enlarged Cardiomediastinum,unmentioned,present,uncertain,0.423095703125,0.35,True,demotion,0,0,0
patient33584/study10,Pleural Other,unmentioned,absent,uncertain,0.35205078125,0.45,True,other,0,0,0
patient33584/study11,Pneumothorax,unmentioned,absent,uncertain,0.287841796875,0.33,True,other,0,0,0
patient33584/study13,Lung Lesion,unmentioned,absent,uncertain,0.255615234375,0.39,True,other,0,0,0
patient33642/study10,Consolidation,unmentioned,absent,uncertain,0.304931640625,0.45,True,other,0,0,0
patient33642/study10,Pneumonia,unmentioned,absent,uncertain,0.2481689453125,0.28,True,other,0,0,0
patient33642/study11,Pneumonia,unmentioned,absent,uncertain,0.1683349609375,0.28,True,other,0,0,0
patient33642/study11,Lung Lesion,unmentioned,present,uncertain,0.52392578125,0.39,True,demotion,0,0,0
patient33642/study11,Lung Opacity,unmentioned,absent,uncertain,0.5302734375,0.62,True,other,0,0,0
patient33642/study12,Cardiomegaly,unmentioned,present,uncertain,0.5029296875,0.5,True,demotion,0,0,0
patient33642/study12,Consolidation,unmentioned,absent,uncertain,0.37109375,0.45,True,other,0,0,0
patient33642/study12,Edema,unmentioned,absent,uncertain,0.408447265625,0.453857,True,other,0,0,0
patient33642/study12,Lung Lesion,unmentioned,absent,uncertain,0.25341796875,0.39,True,other,0,0,0
patient33642/study12,Enlarged Cardiomediastinum,unmentioned,absent,uncertain,0.219970703125,0.35,True,other,0,0,0
patient33642/study12,Pleural Other,unmentioned,present,uncertain,0.48291015625,0.45,True,demotion,0,0,0
patient33879/study1,Consolidation,present,absent,uncertain,0.3935546875,0.45,True,other,0,0,0
patient33879/study1,Pleural Effusion,unmentioned,present,uncertain,0.72412109375,0.6,True,demotion,0,0,0
patient33879/study1,Fracture,unmentioned,absent,uncertain,0.288330078125,0.42,True,other,0,0,0
patient33879/study1,Lung Lesion,unmentioned,absent,uncertain,0.265380859375,0.39,True,other,0,0,0
patient33879/study1,Lung Opacity,present,present,uncertain,0.765625,0.62,True,demotion,0,0,0
patient33879/study1,Pleural Other,unmentioned,absent,uncertain,0.42529296875,0.45,True,other,0,0,0
patient34037/study12,Consolidation,unmentioned,absent,uncertain,0.380615234375,0.45,True,other,0,0,0
patient34037/study12,Edema,unmentioned,absent,uncertain,0.4443359375,0.453857,True,other,0,0,0
patient34037/study12,Pneumonia,unmentioned,absent,uncertain,0.1534423828125,0.28,True,other,0,0,0
patient34037/study12,Fracture,unmentioned,absent,uncertain,0.28173828125,0.42,True,other,0,0,0
patient34475/study10,Consolidation,unmentioned,absent,uncertain,0.306884765625,0.45,True,other,0,0,0
patient34475/study10,Pleural Effusion,unmentioned,absent,uncertain,0.58447265625,0.6,True,other,0,0,0
patient34475/study10,Fracture,unmentioned,absent,uncertain,0.35009765625,0.42,True,other,0,0,0
patient34475/study10,Lung Opacity,unmentioned,present,uncertain,0.767578125,0.62,True,demotion,0,0,0
patient34475/study11,Pneumothorax,unmentioned,absent,uncertain,0.293212890625,0.33,True,other,0,0,0
patient34475/study12,Consolidation,unmentioned,absent,uncertain,0.43896484375,0.45,True,other,0,0,0
patient34475/study12,Pleural Effusion,unmentioned,present,uncertain,0.740234375,0.6,True,demotion,0,0,0
patient34475/study12,Fracture,unmentioned,absent,uncertain,0.302978515625,0.42,True,other,0,0,0
patient34475/study12,Lung Lesion,unmentioned,absent,uncertain,0.289794921875,0.39,True,other,0,0,0
patient34475/study12,Pleural Other,unmentioned,present,uncertain,0.51806640625,0.45,True,demotion,0,0,0
patient34654/study2,Pleural Other,unmentioned,present,uncertain,0.58447265625,0.45,True,demotion,0,0,0
patient34654/study3,Atelectasis,unmentioned,present,uncertain,0.56396484375,0.56,True,demotion,0,0,0
patient34654/study3,Consolidation,unmentioned,present,uncertain,0.45458984375,0.45,True,demotion,0,0,0
patient34654/study3,Edema,unmentioned,absent,uncertain,0.4521484375,0.453857,True,other,0,0,0
patient34654/study3,Pleural Effusion,unmentioned,absent,uncertain,0.458251953125,0.6,True,other,0,0,0
patient34654/study3,Pneumothorax,absent,present,uncertain,0.36083984375,0.33,True,demotion,0,0,0
patient34654/study3,Lung Lesion,unmentioned,present,uncertain,0.491455078125,0.39,True,demotion,0,0,0
patient34654/study3,Lung Opacity,present,present,uncertain,0.6748046875,0.62,True,demotion,0,0,0
patient34654/study3,Enlarged Cardiomediastinum,absent,absent,uncertain,0.2410888671875,0.35,True,other,0,0,0
patient34654/study4,Pleural Other,unmentioned,present,uncertain,0.5869140625,0.45,True,demotion,0,0,0
patient34654/study5,Cardiomegaly,unmentioned,absent,uncertain,0.376708984375,0.5,True,other,0,0,0
patient34654/study5,Pneumothorax,absent,present,uncertain,0.445068359375,0.33,True,demotion,0,0,0
patient34654/study5,Enlarged Cardiomediastinum,uncertain,present,uncertain,0.361572265625,0.35,True,demotion,0,0,0
patient34654/study5,Pleural Other,unmentioned,present,uncertain,0.47509765625,0.45,True,demotion,0,0,0
patient34677/study10,Enlarged Cardiomediastinum,unmentioned,present,uncertain,0.3701171875,0.35,True,demotion,0,0,0
patient34677/study11,Cardiomegaly,unmentioned,absent,uncertain,0.447509765625,0.5,True,other,0,0,0
patient34677/study11,Edema,unmentioned,absent,uncertain,0.34814453125,0.453857,True,other,0,0,0
patient34677/study11,Pneumonia,unmentioned,absent,uncertain,0.155029296875,0.28,True,other,0,0,0
patient34677/study2,Cardiomegaly,unmentioned,present,uncertain,0.64111328125,0.5,True,demotion,0,0,0
patient34677/study2,Pneumonia,unmentioned,absent,uncertain,0.1927490234375,0.28,True,other,0,0,0
patient34677/study2,Enlarged Cardiomediastinum,unmentioned,present,uncertain,0.458984375,0.35,True,demotion,0,0,0
patient34811/study3,Lung Opacity,present,absent,uncertain,0.572265625,0.62,True,other,0,0,0
patient34866/study2,Cardiomegaly,unmentioned,present,uncertain,0.611328125,0.5,True,demotion,0,0,0
patient34914/study1,Fracture,unmentioned,present,uncertain,0.55615234375,0.42,True,demotion,0,0,0
patient34914/study1,Lung Lesion,unmentioned,present,uncertain,0.4736328125,0.39,True,demotion,0,0,0
patient34914/study1,Pleural Other,unmentioned,present,uncertain,0.4814453125,0.45,True,demotion,0,0,0
patient34914/study14,Fracture,unmentioned,absent,uncertain,0.308349609375,0.42,True,other,0,0,0
patient34914/study2,Fracture,unmentioned,absent,uncertain,0.401611328125,0.42,True,other,0,0,0
patient34914/study3,Pneumonia,unmentioned,present,uncertain,0.379150390625,0.28,True,demotion,0,0,0
patient34914/study3,Pneumothorax,absent,absent,uncertain,0.28271484375,0.33,True,other,0,0,0
patient34914/study3,Fracture,unmentioned,absent,uncertain,0.38623046875,0.42,True,other,0,0,0
patient34954/study1,Atelectasis,unmentioned,absent,uncertain,0.4140625,0.56,True,other,0,0,0
patient34954/study1,Cardiomegaly,absent,absent,uncertain,0.38037109375,0.5,True,other,0,0,0
patient34954/study1,Consolidation,absent,present,uncertain,0.59765625,0.45,True,demotion,0,0,0
patient34954/study1,Pleural Effusion,unmentioned,present,uncertain,0.60302734375,0.6,True,demotion,0,0,0
patient34954/study1,Pneumothorax,present,present,uncertain,0.3818359375,0.33,True,demotion,0,0,0
patient34954/study2,Cardiomegaly,absent,absent,uncertain,0.365234375,0.5,True,other,0,0,0
patient34954/study3,Atelectasis,unmentioned,absent,uncertain,0.428955078125,0.56,True,other,0,0,0
patient34954/study3,Cardiomegaly,uncertain,present,uncertain,0.5517578125,0.5,True,demotion,0,0,0
patient34954/study3,Consolidation,unmentioned,present,uncertain,0.56884765625,0.45,True,demotion,0,0,0
patient34954/study3,Pleural Effusion,unmentioned,absent,uncertain,0.50439453125,0.6,True,other,0,0,0
patient34954/study3,Fracture,unmentioned,present,uncertain,0.5283203125,0.42,True,demotion,0,0,0
patient35009/study1,Edema,unmentioned,absent,uncertain,0.38134765625,0.453857,True,other,0,0,0
patient35009/study1,Pneumothorax,unmentioned,absent,uncertain,0.197265625,0.33,True,other,0,0,0
patient35009/study1,Lung Opacity,unmentioned,absent,uncertain,0.59375,0.62,True,other,0,0,0
patient35009/study10,Pleural Effusion,unmentioned,absent,uncertain,0.463623046875,0.6,True,other,0,0,0
patient35009/study11,Pneumonia,unmentioned,present,uncertain,0.323486328125,0.28,True,demotion,0,0,0
patient35009/study11,Lung Opacity,unmentioned,absent,uncertain,0.52587890625,0.62,True,other,0,0,0
patient35009/study12,Lung Opacity,unmentioned,absent,uncertain,0.53076171875,0.62,True,other,0,0,0
patient35167/study29,Cardiomegaly,unmentioned,present,uncertain,0.615234375,0.5,True,demotion,0,0,0
patient35167/study29,Edema,present,absent,uncertain,0.3935546875,0.453857,True,other,0,0,0
patient35167/study29,Pleural Effusion,present,absent,uncertain,0.57080078125,0.6,True,other,0,0,0
patient35167/study29,Lung Opacity,present,absent,uncertain,0.548828125,0.62,True,other,0,0,0
patient35240/study1,Cardiomegaly,unmentioned,present,uncertain,0.52294921875,0.5,True,demotion,0,0,0
patient35240/study1,Pneumonia,unmentioned,absent,uncertain,0.24658203125,0.28,True,other,0,0,0
patient35240/study1,Pneumothorax,unmentioned,absent,uncertain,0.235107421875,0.33,True,other,0,0,0
patient35240/study1,Fracture,unmentioned,absent,uncertain,0.291748046875,0.42,True,other,0,0,0
patient35240/study1,Pleural Other,unmentioned,absent,uncertain,0.30859375,0.45,True,other,0,0,0
patient35240/study10,Pleural Effusion,unmentioned,present,uncertain,0.7373046875,0.6,True,demotion,0,0,0
patient35240/study10,Pneumothorax,unmentioned,absent,uncertain,0.236328125,0.33,True,other,0,0,0
patient35240/study10,Lung Opacity,unmentioned,present,uncertain,0.66455078125,0.62,True,demotion,0,0,0
patient35240/study11,Atelectasis,unmentioned,absent,uncertain,0.44921875,0.56,True,other,0,0,0
patient35240/study11,Pneumonia,unmentioned,absent,uncertain,0.240234375,0.28,True,other,0,0,0
patient35240/study11,Pneumothorax,unmentioned,present,uncertain,0.41796875,0.33,True,demotion,0,0,0
patient35240/study11,Pleural Other,unmentioned,present,uncertain,0.5595703125,0.45,True,demotion,0,0,0
patient35240/study12,Pleural Effusion,unmentioned,present,uncertain,0.65380859375,0.6,True,demotion,0,0,0
patient35240/study12,Lung Opacity,unmentioned,present,uncertain,0.73974609375,0.62,True,demotion,0,0,0
patient35507/study11,Pneumothorax,unmentioned,absent,uncertain,0.24072265625,0.33,True,other,0,0,0
patient35507/study11,Pleural Other,unmentioned,absent,uncertain,0.300048828125,0.45,True,other,0,0,0
patient35548/study6,Cardiomegaly,present,present,uncertain,0.52734375,0.5,True,demotion,0,0,0
patient35548/study6,Pneumonia,unmentioned,present,uncertain,0.337890625,0.28,True,demotion,0,0,0
patient35548/study6,Fracture,unmentioned,absent,uncertain,0.32470703125,0.42,True,other,0,0,0
patient35548/study6,Enlarged Cardiomediastinum,present,absent,uncertain,0.268310546875,0.35,True,other,0,0,0
patient35561/study3,Consolidation,unmentioned,present,uncertain,0.501953125,0.45,True,demotion,0,0,0
patient35561/study3,Pneumonia,present,present,uncertain,0.37939453125,0.28,True,demotion,0,0,0
patient35561/study4,Edema,uncertain,present,uncertain,0.5517578125,0.453857,True,demotion,0,0,0
patient35561/study4,Lung Lesion,unmentioned,present,uncertain,0.395751953125,0.39,True,demotion,0,0,0
patient35561/study4,Lung Opacity,present,present,uncertain,0.7587890625,0.62,True,demotion,0,0,0
patient35561/study5,Edema,uncertain,absent,uncertain,0.33544921875,0.453857,True,other,0,0,0
patient35561/study5,Lung Lesion,unmentioned,absent,uncertain,0.381103515625,0.39,True,other,0,0,0
patient35561/study6,Edema,present,absent,uncertain,0.368896484375,0.453857,True,other,0,0,0
patient35561/study6,Lung Lesion,unmentioned,absent,uncertain,0.2430419921875,0.39,True,other,0,0,0
patient35561/study6,Lung Opacity,present,absent,uncertain,0.5009765625,0.62,True,other,0,0,0
patient35688/study3,Cardiomegaly,present,absent,uncertain,0.480712890625,0.5,True,other,0,0,0
patient35688/study7,Pneumothorax,absent,absent,uncertain,0.32373046875,0.33,True,other,0,0,0
patient35753/study10,Consolidation,unmentioned,present,uncertain,0.472900390625,0.45,True,demotion,0,0,0
patient35753/study10,Pleural Effusion,unmentioned,present,uncertain,0.60986328125,0.6,True,demotion,0,0,0
patient35753/study10,Pneumonia,unmentioned,present,uncertain,0.3759765625,0.28,True,demotion,0,0,0
patient35753/study10,Pneumothorax,unmentioned,present,uncertain,0.33447265625,0.33,True,demotion,0,0,0
patient35753/study11,Cardiomegaly,unmentioned,present,uncertain,0.54345703125,0.5,True,demotion,0,0,0
patient35753/study11,Consolidation,unmentioned,absent,uncertain,0.4228515625,0.45,True,other,0,0,0
patient35753/study11,Pneumonia,unmentioned,present,uncertain,0.35498046875,0.28,True,demotion,0,0,0
patient35753/study11,Pneumothorax,unmentioned,absent,uncertain,0.253662109375,0.33,True,other,0,0,0
patient35753/study11,Lung Opacity,unmentioned,absent,uncertain,0.61279296875,0.62,True,other,0,0,0
patient35753/study12,Edema,unmentioned,absent,uncertain,0.420166015625,0.453857,True,other,0,0,0
patient35753/study12,Lung Opacity,unmentioned,absent,uncertain,0.55224609375,0.62,True,other,0,0,0
patient35753/study12,Enlarged Cardiomediastinum,unmentioned,present,uncertain,0.49267578125,0.35,True,demotion,0,0,0
patient35776/study1,Cardiomegaly,unmentioned,absent,uncertain,0.35498046875,0.5,True,other,0,0,0
patient35776/study1,Pleural Effusion,unmentioned,absent,uncertain,0.5673828125,0.6,True,other,0,0,0
patient35776/study1,Pneumonia,unmentioned,present,uncertain,0.402587890625,0.28,True,demotion,0,0,0
patient35776/study1,Enlarged Cardiomediastinum,unmentioned,present,uncertain,0.39111328125,0.35,True,demotion,0,0,0
patient35776/study10,Consolidation,unmentioned,absent,uncertain,0.37451171875,0.45,True,other,0,0,0
patient35776/study10,Pneumothorax,unmentioned,absent,uncertain,0.26953125,0.33,True,other,0,0,0
patient35776/study10,Fracture,unmentioned,present,uncertain,0.5439453125,0.42,True,demotion,0,0,0
patient35776/study10,Lung Opacity,unmentioned,present,uncertain,0.70458984375,0.62,True,demotion,0,0,0
patient35776/study10,Enlarged Cardiomediastinum,unmentioned,absent,uncertain,0.2489013671875,0.35,True,other,0,0,0
patient35776/study11,Atelectasis,unmentioned,present,uncertain,0.6005859375,0.56,True,demotion,0,0,0
patient35776/study11,Consolidation,unmentioned,absent,uncertain,0.3359375,0.45,True,other,0,0,0
patient35776/study11,Pneumonia,unmentioned,present,uncertain,0.284423828125,0.28,True,demotion,0,0,0
patient35776/study11,Pneumothorax,unmentioned,absent,uncertain,0.182861328125,0.33,True,other,0,0,0
patient35776/study11,Fracture,unmentioned,present,uncertain,0.499267578125,0.42,True,demotion,0,0,0
patient35776/study12,Cardiomegaly,unmentioned,absent,uncertain,0.450927734375,0.5,True,other,0,0,0
patient35776/study12,Enlarged Cardiomediastinum,unmentioned,absent,uncertain,0.2342529296875,0.35,True,other,0,0,0
patient35805/study1,Edema,unmentioned,present,uncertain,0.466064453125,0.453857,True,demotion,0,0,0
patient35805/study1,Pneumonia,unmentioned,absent,uncertain,0.1466064453125,0.28,True,other,0,0,0
patient35805/study10,Edema,unmentioned,present,uncertain,0.521484375,0.453857,True,demotion,0,0,0
patient35805/study10,Pneumonia,unmentioned,present,uncertain,0.300537109375,0.28,True,demotion,0,0,0
patient35805/study10,Lung Lesion,unmentioned,absent,uncertain,0.296142578125,0.39,True,other,0,0,0
patient35805/study11,Cardiomegaly,unmentioned,absent,uncertain,0.373779296875,0.5,True,other,0,0,0
patient35805/study11,Consolidation,unmentioned,absent,uncertain,0.31982421875,0.45,True,other,0,0,0
patient35805/study11,Pleural Effusion,unmentioned,absent,uncertain,0.484130859375,0.6,True,other,0,0,0
patient35805/study11,Fracture,unmentioned,absent,uncertain,0.40576171875,0.42,True,other,0,0,0
patient35805/study11,Lung Lesion,unmentioned,present,uncertain,0.52294921875,0.39,True,demotion,0,0,0
patient35805/study11,Pleural Other,unmentioned,present,uncertain,0.4833984375,0.45,True,demotion,0,0,0
patient35805/study12,Edema,unmentioned,present,uncertain,0.57763671875,0.453857,True,demotion,0,0,0
patient35805/study12,Lung Opacity,unmentioned,absent,uncertain,0.59619140625,0.62,True,other,0,0,0
patient35805/study12,Pleural Other,unmentioned,absent,uncertain,0.43408203125,0.45,True,other,0,0,0
patient35842/study2,Lung Lesion,unmentioned,present,uncertain,0.52685546875,0.39,True,demotion,0,0,0
patient35842/study2,Enlarged Cardiomediastinum,unmentioned,present,uncertain,0.447265625,0.35,True,demotion,0,0,0
patient35842/study2,Pleural Other,unmentioned,absent,uncertain,0.43505859375,0.45,True,other,0,0,0
patient35842/study7,Pneumothorax,unmentioned,absent,uncertain,0.2685546875,0.33,True,other,0,0,0
patient35842/study7,Enlarged Cardiomediastinum,unmentioned,absent,uncertain,0.34033203125,0.35,True,other,0,0,0
patient35842/study8,Atelectasis,unmentioned,present,uncertain,0.56201171875,0.56,True,demotion,0,0,0
patient35842/study8,Pneumothorax,unmentioned,absent,uncertain,0.1864013671875,0.33,True,other,0,0,0
patient35842/study8,Fracture,unmentioned,present,uncertain,0.465576171875,0.42,True,demotion,0,0,0
patient35842/study8,Enlarged Cardiomediastinum,unmentioned,present,uncertain,0.39697265625,0.35,True,demotion,0,0,0
patient35889/study10,Cardiomegaly,unmentioned,present,uncertain,0.52880859375,0.5,True,demotion,0,0,0
patient35889/study10,Pneumothorax,unmentioned,absent,uncertain,0.310302734375,0.33,True,other,0,0,0
patient35889/study11,Pneumothorax,unmentioned,present,uncertain,0.406005859375,0.33,True,demotion,0,0,0
patient35889/study12,Atelectasis,unmentioned,absent,uncertain,0.47900390625,0.56,True,other,0,0,0
patient35889/study12,Consolidation,unmentioned,absent,uncertain,0.35546875,0.45,True,other,0,0,0
patient35889/study12,Edema,unmentioned,absent,uncertain,0.339599609375,0.453857,True,other,0,0,0
patient35889/study12,Pleural Effusion,unmentioned,absent,uncertain,0.4609375,0.6,True,other,0,0,0
patient35889/study12,Enlarged Cardiomediastinum,unmentioned,present,uncertain,0.390625,0.35,True,demotion,0,0,0
patient36022/study1,Consolidation,unmentioned,present,uncertain,0.52685546875,0.45,True,demotion,0,0,0
patient36022/study1,Pleural Effusion,unmentioned,present,uncertain,0.62451171875,0.6,True,demotion,0,0,0
patient36022/study1,Pneumonia,unmentioned,present,uncertain,0.366943359375,0.28,True,demotion,0,0,0
patient36022/study10,Consolidation,unmentioned,present,uncertain,0.529296875,0.45,True,demotion,0,0,0
patient36022/study10,Edema,unmentioned,absent,uncertain,0.412353515625,0.453857,True,other,0,0,0
patient36022/study10,Pleural Effusion,unmentioned,present,uncertain,0.7177734375,0.6,True,demotion,0,0,0
patient36022/study2,Edema,unmentioned,absent,uncertain,0.313232421875,0.453857,True,other,0,0,0
patient36022/study2,Pneumothorax,unmentioned,present,uncertain,0.44970703125,0.33,True,demotion,0,0,0
patient36183/study1,Atelectasis,unmentioned,absent,uncertain,0.494873046875,0.56,True,other,0,0,0
patient36183/study1,Cardiomegaly,unmentioned,present,uncertain,0.6015625,0.5,True,demotion,0,0,0
patient36183/study1,Consolidation,unmentioned,absent,uncertain,0.357421875,0.45,True,other,0,0,0
patient36183/study1,Edema,unmentioned,present,uncertain,0.498046875,0.453857,True,demotion,0,0,0
patient36183/study1,Pneumonia,unmentioned,present,uncertain,0.330810546875,0.28,True,demotion,0,0,0
patient36183/study1,Lung Lesion,unmentioned,absent,uncertain,0.370361328125,0.39,True,other,0,0,0
patient36183/study1,Lung Opacity,unmentioned,absent,uncertain,0.6005859375,0.62,True,other,0,0,0
patient36183/study1,Enlarged Cardiomediastinum,unmentioned,absent,uncertain,0.329345703125,0.35,True,other,0,0,0
patient36183/study1,Pleural Other,unmentioned,absent,uncertain,0.337646484375,0.45,True,other,0,0,0
patient36183/study10,Consolidation,unmentioned,present,uncertain,0.501953125,0.45,True,demotion,0,0,0
patient36183/study10,Edema,unmentioned,present,uncertain,0.57421875,0.453857,True,demotion,0,0,0
patient36183/study10,Pneumonia,unmentioned,absent,uncertain,0.140869140625,0.28,True,other,0,0,0
patient36183/study10,Lung Opacity,unmentioned,absent,uncertain,0.53515625,0.62,True,other,0,0,0
patient36183/study10,Enlarged Cardiomediastinum,unmentioned,absent,uncertain,0.29296875,0.35,True,other,0,0,0
patient36488/study5,Atelectasis,unmentioned,absent,uncertain,0.44091796875,0.56,True,other,0,0,0
patient36488/study5,Consolidation,unmentioned,absent,uncertain,0.36328125,0.45,True,other,0,0,0
patient36488/study5,Lung Lesion,unmentioned,present,uncertain,0.43896484375,0.39,True,demotion,0,0,0
patient36573/study10,Atelectasis,unmentioned,present,uncertain,0.59130859375,0.56,True,demotion,0,0,0
patient36573/study10,Consolidation,unmentioned,absent,uncertain,0.37353515625,0.45,True,other,0,0,0
patient36573/study10,Pleural Effusion,unmentioned,present,uncertain,0.72021484375,0.6,True,demotion,0,0,0
patient36573/study10,Pneumonia,unmentioned,present,uncertain,0.292724609375,0.28,True,demotion,0,0,0
patient36573/study10,Fracture,unmentioned,present,uncertain,0.5205078125,0.42,True,demotion,0,0,0
patient36573/study11,Consolidation,unmentioned,absent,uncertain,0.36669921875,0.45,True,other,0,0,0
patient36573/study11,Edema,unmentioned,absent,uncertain,0.349853515625,0.453857,True,other,0,0,0
patient36573/study11,Pleural Effusion,unmentioned,present,uncertain,0.64013671875,0.6,True,demotion,0,0,0
patient36573/study11,Pneumonia,unmentioned,absent,uncertain,0.2469482421875,0.28,True,other,0,0,0
patient36573/study11,Fracture,unmentioned,absent,uncertain,0.40771484375,0.42,True,other,0,0,0
patient36573/study11,Pleural Other,unmentioned,present,uncertain,0.486083984375,0.45,True,demotion,0,0,0
patient36573/study12,Pneumonia,unmentioned,absent,uncertain,0.1563720703125,0.28,True,other,0,0,0
patient36573/study12,Lung Opacity,unmentioned,absent,uncertain,0.58056640625,0.62,True,other,0,0,0
patient36691/study9,Pneumonia,present,absent,uncertain,0.1304931640625,0.28,True,other,0,0,0
patient36691/study9,Enlarged Cardiomediastinum,unmentioned,present,uncertain,0.389404296875,0.35,True,demotion,0,0,0
patient36708/study1,Cardiomegaly,unmentioned,present,uncertain,0.50390625,0.5,True,demotion,0,0,0
patient36708/study1,Pleural Effusion,unmentioned,absent,uncertain,0.5947265625,0.6,True,other,0,0,0
patient36708/study1,Pneumonia,unmentioned,present,uncertain,0.38037109375,0.28,True,demotion,0,0,0
patient36708/study1,Enlarged Cardiomediastinum,unmentioned,present,uncertain,0.470703125,0.35,True,demotion,0,0,0
patient36708/study1,Pleural Other,unmentioned,absent,uncertain,0.389892578125,0.45,True,other,0,0,0
patient36708/study10,Cardiomegaly,unmentioned,present,uncertain,0.5908203125,0.5,True,demotion,0,0,0
patient36708/study10,Pneumothorax,unmentioned,absent,uncertain,0.23779296875,0.33,True,other,0,0,0
patient36708/study10,Lung Lesion,unmentioned,present,uncertain,0.499267578125,0.39,True,demotion,0,0,0
patient36708/study10,Enlarged Cardiomediastinum,unmentioned,present,uncertain,0.483154296875,0.35,True,demotion,0,0,0
patient36708/study11,Atelectasis,unmentioned,absent,uncertain,0.5576171875,0.56,True,other,0,0,0
patient36708/study11,Pneumothorax,unmentioned,absent,uncertain,0.2381591796875,0.33,True,other,0,0,0
patient36708/study11,Fracture,unmentioned,present,uncertain,0.49072265625,0.42,True,demotion,0,0,0
patient36708/study12,Cardiomegaly,unmentioned,absent,uncertain,0.40673828125,0.5,True,other,0,0,0
patient36708/study12,Consolidation,unmentioned,present,uncertain,0.56787109375,0.45,True,demotion,0,0,0
patient36792/study4,Pneumothorax,absent,absent,uncertain,0.2099609375,0.33,True,other,0,0,0
patient36800/study11,Pleural Effusion,unmentioned,absent,uncertain,0.458251953125,0.6,True,other,0,0,0
patient36800/study11,Enlarged Cardiomediastinum,unmentioned,absent,uncertain,0.266357421875,0.35,True,other,0,0,0
patient36838/study4,Consolidation,present,present,uncertain,0.451416015625,0.45,True,demotion,0,0,0
patient36838/study4,Pleural Effusion,absent,present,uncertain,0.658203125,0.6,True,demotion,0,0,0
patient36838/study4,Lung Lesion,unmentioned,present,uncertain,0.47802734375,0.39,True,demotion,0,0,0
patient36838/study4,Pleural Other,unmentioned,present,uncertain,0.4921875,0.45,True,demotion,0,0,0
patient36856/study1,Consolidation,unmentioned,absent,uncertain,0.35009765625,0.45,True,other,0,0,0
patient36856/study1,Pleural Effusion,unmentioned,present,uncertain,0.7216796875,0.6,True,demotion,0,0,0
patient36856/study1,Lung Lesion,unmentioned,absent,uncertain,0.304443359375,0.39,True,other,0,0,0
patient36856/study1,Lung Opacity,unmentioned,present,uncertain,0.76806640625,0.62,True,demotion,0,0,0
patient36856/study1,Pleural Other,unmentioned,present,uncertain,0.48291015625,0.45,True,demotion,0,0,0
patient36856/study10,Consolidation,unmentioned,absent,uncertain,0.36083984375,0.45,True,other,0,0,0
patient36856/study10,Pleural Effusion,unmentioned,absent,uncertain,0.5400390625,0.6,True,other,0,0,0
patient36856/study10,Lung Opacity,unmentioned,present,uncertain,0.64111328125,0.62,True,demotion,0,0,0
patient36856/study11,Cardiomegaly,unmentioned,absent,uncertain,0.38671875,0.5,True,other,0,0,0
patient36856/study11,Consolidation,unmentioned,absent,uncertain,0.39404296875,0.45,True,other,0,0,0
patient36856/study11,Fracture,unmentioned,absent,uncertain,0.41943359375,0.42,True,other,0,0,0
patient36856/study11,Lung Opacity,unmentioned,present,uncertain,0.7080078125,0.62,True,demotion,0,0,0
patient36856/study2,Atelectasis,unmentioned,absent,uncertain,0.5556640625,0.56,True,other,0,0,0
patient36856/study2,Consolidation,unmentioned,present,uncertain,0.48583984375,0.45,True,demotion,0,0,0
patient36856/study2,Lung Lesion,unmentioned,absent,uncertain,0.3349609375,0.39,True,other,0,0,0
patient36856/study2,Enlarged Cardiomediastinum,unmentioned,present,uncertain,0.3642578125,0.35,True,demotion,0,0,0
patient36883/study2,Lung Opacity,unmentioned,absent,uncertain,0.60498046875,0.62,True,other,0,0,0
patient37086/study10,Edema,unmentioned,absent,uncertain,0.33935546875,0.453857,True,other,0,0,0
patient37086/study10,Pleural Effusion,unmentioned,absent,uncertain,0.45751953125,0.6,True,other,0,0,0
patient37086/study10,Pneumonia,unmentioned,absent,uncertain,0.157470703125,0.28,True,other,0,0,0
patient37086/study10,Pneumothorax,unmentioned,absent,uncertain,0.273193359375,0.33,True,other,0,0,0
patient37086/study10,Fracture,unmentioned,present,uncertain,0.472412109375,0.42,True,demotion,0,0,0
patient37086/study10,Lung Opacity,unmentioned,present,uncertain,0.65380859375,0.62,True,demotion,0,0,0
patient37190/study1,Atelectasis,present,absent,uncertain,0.466796875,0.56,True,other,0,0,0
patient37190/study1,Edema,present,absent,uncertain,0.427490234375,0.453857,True,other,0,0,0
patient37190/study1,Pleural Effusion,present,absent,uncertain,0.45556640625,0.6,True,other,0,0,0
patient37190/study1,Lung Lesion,unmentioned,present,uncertain,0.44091796875,0.39,True,demotion,0,0,0
patient37190/study2,Cardiomegaly,unmentioned,absent,uncertain,0.45263671875,0.5,True,other,0,0,0
patient37190/study2,Edema,present,absent,uncertain,0.417236328125,0.453857,True,other,0,0,0
patient37190/study2,Pneumonia,present,absent,uncertain,0.2166748046875,0.28,True,other,0,0,0
patient37190/study2,Lung Opacity,present,absent,uncertain,0.5751953125,0.62,True,other,0,0,0
patient37298/study2,Atelectasis,unmentioned,present,uncertain,0.57568359375,0.56,True,demotion,0,0,0
patient37298/study2,Pleural Effusion,unmentioned,present,uncertain,0.71875,0.6,True,demotion,0,0,0
patient37298/study2,Pneumonia,unmentioned,present,uncertain,0.40869140625,0.28,True,demotion,0,0,0
patient37298/study2,Lung Lesion,unmentioned,absent,uncertain,0.368408203125,0.39,True,other,0,0,0
patient37298/study3,Consolidation,unmentioned,present,uncertain,0.461181640625,0.45,True,demotion,0,0,0
patient37298/study3,Pleural Effusion,unmentioned,present,uncertain,0.69970703125,0.6,True,demotion,0,0,0
patient37298/study3,Pneumonia,unmentioned,absent,uncertain,0.2347412109375,0.28,True,other,0,0,0
patient37298/study3,Lung Opacity,present,present,uncertain,0.76708984375,0.62,True,demotion,0,0,0
patient37298/study5,Fracture,unmentioned,absent,uncertain,0.40869140625,0.42,True,other,0,0,0
patient37298/study5,Pleural Other,present,present,uncertain,0.474609375,0.45,True,demotion,0,0,0
patient37298/study6,Atelectasis,unmentioned,present,uncertain,0.6357421875,0.56,True,demotion,0,0,0
patient37298/study6,Cardiomegaly,unmentioned,present,uncertain,0.6025390625,0.5,True,demotion,0,0,0
patient37298/study6,Pleural Effusion,unmentioned,present,uncertain,0.720703125,0.6,True,demotion,0,0,0
patient37298/study6,Pneumonia,unmentioned,absent,uncertain,0.2489013671875,0.28,True,other,0,0,0
patient37298/study6,Pneumothorax,unmentioned,absent,uncertain,0.2144775390625,0.33,True,other,0,0,0
patient37298/study6,Fracture,unmentioned,present,uncertain,0.43896484375,0.42,True,demotion,0,0,0
patient37298/study6,Lung Lesion,unmentioned,absent,uncertain,0.32958984375,0.39,True,other,0,0,0
patient37522/study10,Pleural Effusion,unmentioned,absent,uncertain,0.55078125,0.6,True,other,0,0,0
patient37522/study10,Pneumonia,unmentioned,absent,uncertain,0.2447509765625,0.28,True,other,0,0,0
patient37522/study10,Lung Lesion,unmentioned,present,uncertain,0.4033203125,0.39,True,demotion,0,0,0
patient37522/study10,Lung Opacity,unmentioned,absent,uncertain,0.52001953125,0.62,True,other,0,0,0
patient37522/study10,Pleural Other,unmentioned,absent,uncertain,0.337646484375,0.45,True,other,0,0,0
patient37522/study2,Edema,unmentioned,absent,uncertain,0.378173828125,0.453857,True,other,0,0,0
patient37522/study2,Pleural Effusion,unmentioned,absent,uncertain,0.468505859375,0.6,True,other,0,0,0
patient37522/study3,Edema,unmentioned,absent,uncertain,0.31494140625,0.453857,True,other,0,0,0
patient37522/study3,Lung Opacity,unmentioned,absent,uncertain,0.483154296875,0.62,True,other,0,0,0
patient37527/study7,Consolidation,unmentioned,absent,uncertain,0.408447265625,0.45,True,other,0,0,0
patient37527/study7,Edema,present,absent,uncertain,0.39013671875,0.453857,True,other,0,0,0
patient37527/study7,Pneumonia,uncertain,absent,uncertain,0.2178955078125,0.28,True,other,0,0,0
patient37722/study1,Consolidation,unmentioned,absent,uncertain,0.39208984375,0.45,True,other,0,0,0
patient37722/study1,Pneumonia,unmentioned,present,uncertain,0.40478515625,0.28,True,demotion,0,0,0
patient37722/study1,Fracture,unmentioned,absent,uncertain,0.33544921875,0.42,True,other,0,0,0
patient37722/study1,Lung Opacity,unmentioned,present,uncertain,0.689453125,0.62,True,demotion,0,0,0
patient37722/study1,Enlarged Cardiomediastinum,unmentioned,absent,uncertain,0.268310546875,0.35,True,other,0,0,0
patient37722/study2,Pneumonia,unmentioned,absent,uncertain,0.1553955078125,0.28,True,other,0,0,0
patient37722/study2,Pneumothorax,absent,absent,uncertain,0.181884765625,0.33,True,other,0,0,0
patient37722/study2,Lung Lesion,present,present,uncertain,0.46728515625,0.39,True,demotion,0,0,0
patient37722/study2,Pleural Other,unmentioned,absent,uncertain,0.3505859375,0.45,True,other,0,0,0
patient37722/study3,Atelectasis,unmentioned,absent,uncertain,0.51123046875,0.56,True,other,0,0,0
patient37722/study3,Pneumothorax,present,absent,uncertain,0.2015380859375,0.33,True,other,0,0,0
patient37722/study3,Fracture,unmentioned,present,uncertain,0.423095703125,0.42,True,demotion,0,0,0
patient37722/study3,Lung Opacity,unmentioned,absent,uncertain,0.5693359375,0.62,True,other,0,0,0
patient37803/study11,Lung Lesion,unmentioned,absent,uncertain,0.340087890625,0.39,True,other,0,0,0
patient37803/study11,Pleural Other,unmentioned,absent,uncertain,0.354248046875,0.45,True,other,0,0,0
patient37803/study12,Pneumothorax,unmentioned,absent,uncertain,0.2247314453125,0.33,True,other,0,0,0
patient37803/study13,Pneumonia,unmentioned,absent,uncertain,0.2763671875,0.28,True,other,0,0,0
patient37803/study13,Pneumothorax,absent,absent,uncertain,0.215576171875,0.33,True,other,0,0,0
patient37803/study13,Fracture,unmentioned,present,uncertain,0.426025390625,0.42,True,demotion,0,0,0
patient37803/study6,Pneumonia,unmentioned,absent,uncertain,0.1737060546875,0.28,True,other,0,0,0
patient37803/study6,Pneumothorax,absent,present,uncertain,0.3642578125,0.33,True,demotion,0,0,0
patient37803/study6,Lung Opacity,present,present,uncertain,0.73046875,0.62,True,demotion,0,0,0
patient37897/study1,Consolidation,unmentioned,present,uncertain,0.5654296875,0.45,True,demotion,0,0,0
patient37897/study1,Lung Lesion,unmentioned,present,uncertain,0.49951171875,0.39,True,demotion,0,0,0
patient37897/study2,Enlarged Cardiomediastinum,unmentioned,absent,uncertain,0.2088623046875,0.35,True,other,0,0,0
patient37897/study3,Consolidation,unmentioned,absent,uncertain,0.4404296875,0.45,True,other,0,0,0
patient37897/study3,Edema,unmentioned,absent,uncertain,0.390869140625,0.453857,True,other,0,0,0
patient37897/study3,Pleural Effusion,present,present,uncertain,0.6865234375,0.6,True,demotion,0,0,0
patient37897/study3,Pneumonia,unmentioned,absent,uncertain,0.1431884765625,0.28,True,other,0,0,0
patient37897/study3,Fracture,present,present,uncertain,0.50634765625,0.42,True,demotion,0,0,0
patient37897/study3,Lung Opacity,present,present,uncertain,0.65478515625,0.62,True,demotion,0,0,0
patient37897/study3,Enlarged Cardiomediastinum,absent,absent,uncertain,0.301513671875,0.35,True,other,0,0,0
patient37897/study4,Atelectasis,unmentioned,present,uncertain,0.7021484375,0.56,True,demotion,0,0,0
patient37897/study4,Cardiomegaly,unmentioned,present,uncertain,0.50927734375,0.5,True,demotion,0,0,0
patient37897/study4,Consolidation,unmentioned,present,uncertain,0.576171875,0.45,True,demotion,0,0,0
patient37897/study4,Lung Lesion,unmentioned,present,uncertain,0.5244140625,0.39,True,demotion,0,0,0
patient37897/study4,Enlarged Cardiomediastinum,unmentioned,present,uncertain,0.45166015625,0.35,True,demotion,0,0,0
patient37897/study4,Pleural Other,unmentioned,absent,uncertain,0.40478515625,0.45,True,other,0,0,0
patient37977/study1,Fracture,unmentioned,absent,uncertain,0.270263671875,0.42,True,other,0,0,0
patient37977/study10,Consolidation,unmentioned,present,uncertain,0.5830078125,0.45,True,demotion,0,0,0
patient37977/study10,Pleural Effusion,unmentioned,absent,uncertain,0.4833984375,0.6,True,other,0,0,0
patient37977/study10,Pneumonia,unmentioned,absent,uncertain,0.2020263671875,0.28,True,other,0,0,0
patient37977/study11,Atelectasis,unmentioned,absent,uncertain,0.474609375,0.56,True,other,0,0,0
patient37977/study11,Pneumothorax,unmentioned,present,uncertain,0.340087890625,0.33,True,demotion,0,0,0
patient37977/study11,Fracture,unmentioned,absent,uncertain,0.372314453125,0.42,True,other,0,0,0
patient37977/study11,Lung Opacity,unmentioned,present,uncertain,0.72509765625,0.62,True,demotion,0,0,0
patient37977/study12,Pneumothorax,unmentioned,present,uncertain,0.367919921875,0.33,True,demotion,0,0,0
patient37977/study12,Fracture,unmentioned,absent,uncertain,0.271728515625,0.42,True,other,0,0,0
patient38117/study10,Pneumothorax,unmentioned,present,uncertain,0.348876953125,0.33,True,demotion,0,0,0
patient38117/study3,Pneumothorax,unmentioned,absent,uncertain,0.243408203125,0.33,True,other,0,0,0
patient38122/study1,Cardiomegaly,unmentioned,absent,uncertain,0.3701171875,0.5,True,other,0,0,0
patient38122/study1,Pleural Effusion,unmentioned,absent,uncertain,0.560546875,0.6,True,other,0,0,0
patient38122/study1,Fracture,unmentioned,absent,uncertain,0.28125,0.42,True,other,0,0,0
patient38122/study1,Lung Lesion,unmentioned,absent,uncertain,0.331298828125,0.39,True,other,0,0,0
patient38122/study10,Enlarged Cardiomediastinum,unmentioned,absent,uncertain,0.247802734375,0.35,True,other,0,0,0
patient38122/study11,Pneumonia,unmentioned,absent,uncertain,0.14501953125,0.28,True,other,0,0,0
patient38122/study11,Lung Opacity,unmentioned,absent,uncertain,0.5380859375,0.62,True,other,0,0,0
patient38122/study11,Enlarged Cardiomediastinum,unmentioned,present,uncertain,0.405029296875,0.35,True,demotion,0,0,0
patient38122/study2,Consolidation,unmentioned,absent,uncertain,0.427001953125,0.45,True,other,0,0,0
patient38122/study2,Pneumonia,unmentioned,absent,uncertain,0.2587890625,0.28,True,other,0,0,0
patient38122/study2,Enlarged Cardiomediastinum,unmentioned,absent,uncertain,0.282958984375,0.35,True,other,0,0,0
patient38293/study10,Atelectasis,present,present,uncertain,0.62646484375,0.56,True,demotion,0,0,0
patient38293/study10,Consolidation,absent,absent,uncertain,0.306396484375,0.45,True,other,0,0,0
patient38293/study10,Pleural Effusion,present,absent,uncertain,0.50732421875,0.6,True,other,0,0,0
patient38293/study10,Pneumothorax,present,present,uncertain,0.40576171875,0.33,True,demotion,0,0,0
patient38293/study4,Atelectasis,unmentioned,present,uncertain,0.6337890625,0.56,True,demotion,0,0,0
patient38293/study4,Consolidation,unmentioned,absent,uncertain,0.446533203125,0.45,True,other,0,0,0
patient38293/study4,Edema,unmentioned,absent,uncertain,0.3486328125,0.453857,True,other,0,0,0
patient38293/study4,Lung Lesion,present,absent,uncertain,0.307373046875,0.39,True,other,0,0,0
patient38293/study4,Pleural Other,unmentioned,present,uncertain,0.478515625,0.45,True,demotion,0,0,0
patient38293/study7,Atelectasis,present,present,uncertain,0.67529296875,0.56,True,demotion,0,0,0
patient38293/study7,Pneumonia,unmentioned,absent,uncertain,0.16845703125,0.28,True,other,0,0,0
patient38293/study7,Lung Lesion,unmentioned,present,uncertain,0.45947265625,0.39,True,demotion,0,0,0
patient38293/study7,Pleural Other,unmentioned,present,uncertain,0.533203125,0.45,True,demotion,0,0,0
patient38293/study9,Atelectasis,present,present,uncertain,0.69873046875,0.56,True,demotion,0,0,0
patient38293/study9,Pleural Effusion,present,present,uncertain,0.63818359375,0.6,True,demotion,0,0,0
patient38293/study9,Pneumonia,unmentioned,absent,uncertain,0.1949462890625,0.28,True,other,0,0,0
patient38293/study9,Fracture,unmentioned,present,uncertain,0.5615234375,0.42,True,demotion,0,0,0
patient38293/study9,Lung Lesion,unmentioned,present,uncertain,0.5244140625,0.39,True,demotion,0,0,0
patient38293/study9,Pleural Other,unmentioned,present,uncertain,0.50390625,0.45,True,demotion,0,0,0
patient38509/study1,Consolidation,unmentioned,absent,uncertain,0.380615234375,0.45,True,other,0,0,0
patient38509/study1,Pneumonia,unmentioned,present,uncertain,0.34033203125,0.28,True,demotion,0,0,0
patient38509/study1,Fracture,unmentioned,present,uncertain,0.5654296875,0.42,True,demotion,0,0,0
patient38509/study10,Consolidation,unmentioned,present,uncertain,0.58984375,0.45,True,demotion,0,0,0
patient38509/study10,Pneumonia,unmentioned,absent,uncertain,0.154296875,0.28,True,other,0,0,0
patient38509/study10,Pneumothorax,unmentioned,absent,uncertain,0.279052734375,0.33,True,other,0,0,0
patient38509/study10,Lung Opacity,unmentioned,absent,uncertain,0.496826171875,0.62,True,other,0,0,0
patient38509/study11,Consolidation,unmentioned,present,uncertain,0.49609375,0.45,True,demotion,0,0,0
patient38509/study11,Pneumothorax,unmentioned,absent,uncertain,0.184814453125,0.33,True,other,0,0,0
patient38509/study11,Lung Opacity,unmentioned,absent,uncertain,0.483154296875,0.62,True,other,0,0,0
patient38509/study12,Atelectasis,unmentioned,absent,uncertain,0.4130859375,0.56,True,other,0,0,0
patient38509/study12,Pneumonia,unmentioned,present,uncertain,0.355712890625,0.28,True,demotion,0,0,0
patient38509/study12,Fracture,unmentioned,absent,uncertain,0.36865234375,0.42,True,other,0,0,0
patient38509/study12,Enlarged Cardiomediastinum,unmentioned,absent,uncertain,0.2451171875,0.35,True,other,0,0,0
patient38584/study1,Cardiomegaly,absent,absent,uncertain,0.40478515625,0.5,True,other,0,0,0
patient38584/study1,Pneumonia,unmentioned,present,uncertain,0.330810546875,0.28,True,demotion,0,0,0
patient38584/study3,Enlarged Cardiomediastinum,unmentioned,present,uncertain,0.375732421875,0.35,True,demotion,0,0,0
patient38584/study4,Cardiomegaly,unmentioned,present,uncertain,0.5859375,0.5,True,demotion,0,0,0
patient38584/study5,Pleural Effusion,unmentioned,absent,uncertain,0.578125,0.6,True,other,0,0,0
patient38584/study5,Enlarged Cardiomediastinum,unmentioned,absent,uncertain,0.30126953125,0.35,True,other,0,0,0
patient38926/study1,Fracture,unmentioned,absent,uncertain,0.41015625,0.42,True,other,0,0,0
patient38926/study10,Fracture,unmentioned,present,uncertain,0.5029296875,0.42,True,demotion,0,0,0
patient38999/study2,Cardiomegaly,present,absent,uncertain,0.355712890625,0.5,True,other,0,0,0
patient38999/study2,Consolidation,unmentioned,absent,uncertain,0.346435546875,0.45,True,other,0,0,0
patient38999/study2,Lung Opacity,present,absent,uncertain,0.546875,0.62,True,other,0,0,0
patient38999/study2,Enlarged Cardiomediastinum,unmentioned,absent,uncertain,0.20068359375,0.35,True,other,0,0,0
patient39096/study1,Consolidation,unmentioned,absent,uncertain,0.383544921875,0.45,True,other,0,0,0
patient39096/study1,Edema,unmentioned,absent,uncertain,0.368896484375,0.453857,True,other,0,0,0
patient39096/study1,Pleural Effusion,unmentioned,absent,uncertain,0.455322265625,0.6,True,other,0,0,0
patient39096/study1,Lung Opacity,unmentioned,absent,uncertain,0.51806640625,0.62,True,other,0,0,0
patient39096/study10,Atelectasis,unmentioned,absent,uncertain,0.546875,0.56,True,other,0,0,0
patient39096/study10,Cardiomegaly,unmentioned,absent,uncertain,0.461669921875,0.5,True,other,0,0,0
patient39096/study10,Lung Lesion,unmentioned,absent,uncertain,0.28076171875,0.39,True,other,0,0,0
patient39096/study10,Pleural Other,unmentioned,absent,uncertain,0.43115234375,0.45,True,other,0,0,0
patient39096/study11,Pneumothorax,unmentioned,present,uncertain,0.3671875,0.33,True,demotion,0,0,0
patient39096/study11,Fracture,unmentioned,absent,uncertain,0.377197265625,0.42,True,other,0,0,0
patient39096/study11,Lung Lesion,unmentioned,absent,uncertain,0.28515625,0.39,True,other,0,0,0
patient39096/study12,Cardiomegaly,unmentioned,present,uncertain,0.6474609375,0.5,True,demotion,0,0,0
patient39096/study12,Pneumothorax,unmentioned,present,uncertain,0.3427734375,0.33,True,demotion,0,0,0
patient39096/study12,Fracture,unmentioned,absent,uncertain,0.283447265625,0.42,True,other,0,0,0
patient39096/study12,Lung Lesion,unmentioned,present,uncertain,0.44873046875,0.39,True,demotion,0,0,0
patient39096/study12,Pleural Other,unmentioned,present,uncertain,0.529296875,0.45,True,demotion,0,0,0
patient39225/study1,Pneumonia,unmentioned,absent,uncertain,0.25390625,0.28,True,other,0,0,0
patient39658/study1,Pneumothorax,unmentioned,absent,uncertain,0.2152099609375,0.33,True,other,0,0,0
patient39658/study1,Lung Opacity,unmentioned,absent,uncertain,0.5166015625,0.62,True,other,0,0,0
patient39658/study10,Pneumonia,unmentioned,absent,uncertain,0.1688232421875,0.28,True,other,0,0,0
patient39658/study2,Pneumonia,unmentioned,absent,uncertain,0.163330078125,0.28,True,other,0,0,0
patient39809/study1,Fracture,unmentioned,absent,uncertain,0.285400390625,0.42,True,other,0,0,0
patient39809/study1,Lung Opacity,unmentioned,absent,uncertain,0.513671875,0.62,True,other,0,0,0
patient39809/study10,Pleural Effusion,unmentioned,absent,uncertain,0.50634765625,0.6,True,other,0,0,0
patient39809/study10,Enlarged Cardiomediastinum,unmentioned,absent,uncertain,0.3251953125,0.35,True,other,0,0,0
patient39809/study11,Fracture,unmentioned,present,uncertain,0.537109375,0.42,True,demotion,0,0,0
patient39850/study1,Consolidation,unmentioned,absent,uncertain,0.376953125,0.45,True,other,0,0,0
patient39850/study11,Edema,unmentioned,absent,uncertain,0.452880859375,0.453857,True,other,0,0,0
patient39850/study11,Pneumonia,unmentioned,absent,uncertain,0.158935546875,0.28,True,other,0,0,0
patient39850/study11,Enlarged Cardiomediastinum,unmentioned,absent,uncertain,0.2301025390625,0.35,True,other,0,0,0
patient39850/study12,Cardiomegaly,unmentioned,absent,uncertain,0.399658203125,0.5,True,other,0,0,0
patient39917/study10,Cardiomegaly,unmentioned,absent,uncertain,0.42626953125,0.5,True,other,0,0,0
patient39917/study10,Consolidation,unmentioned,absent,uncertain,0.408203125,0.45,True,other,0,0,0
patient39917/study10,Pleural Effusion,unmentioned,present,uncertain,0.65625,0.6,True,demotion,0,0,0
patient39917/study10,Pneumonia,unmentioned,absent,uncertain,0.1971435546875,0.28,True,other,0,0,0
patient39917/study10,Pneumothorax,unmentioned,absent,uncertain,0.2093505859375,0.33,True,other,0,0,0
patient39917/study10,Lung Opacity,unmentioned,absent,uncertain,0.55517578125,0.62,True,other,0,0,0
patient39917/study11,Pleural Effusion,unmentioned,absent,uncertain,0.497314453125,0.6,True,other,0,0,0
patient39917/study11,Pneumothorax,unmentioned,present,uncertain,0.379638671875,0.33,True,demotion,0,0,0
patient39917/study11,Lung Opacity,unmentioned,absent,uncertain,0.495361328125,0.62,True,other,0,0,0
patient39917/study11,Enlarged Cardiomediastinum,unmentioned,present,uncertain,0.422607421875,0.35,True,demotion,0,0,0
patient39917/study12,Lung Lesion,unmentioned,absent,uncertain,0.34033203125,0.39,True,other,0,0,0
patient39917/study12,Enlarged Cardiomediastinum,unmentioned,absent,uncertain,0.30322265625,0.35,True,other,0,0,0
patient39917/study12,Pleural Other,unmentioned,absent,uncertain,0.34326171875,0.45,True,other,0,0,0
patient39952/study1,Consolidation,unmentioned,present,uncertain,0.51171875,0.45,True,demotion,0,0,0
patient39952/study1,Pneumonia,unmentioned,present,uncertain,0.40966796875,0.28,True,demotion,0,0,0
patient39952/study1,Fracture,unmentioned,present,uncertain,0.42333984375,0.42,True,demotion,0,0,0
patient39952/study3,Consolidation,unmentioned,present,uncertain,0.55615234375,0.45,True,demotion,0,0,0
patient39952/study3,Pleural Effusion,present,present,uncertain,0.68603515625,0.6,True,demotion,0,0,0
patient39952/study3,Pneumonia,unmentioned,absent,uncertain,0.1392822265625,0.28,True,other,0,0,0
patient39952/study3,Fracture,unmentioned,present,uncertain,0.444580078125,0.42,True,demotion,0,0,0
patient39952/study3,Lung Opacity,present,present,uncertain,0.71728515625,0.62,True,demotion,0,0,0
patient39952/study6,Atelectasis,uncertain,present,uncertain,0.67041015625,0.56,True,demotion,0,0,0
patient39952/study6,Consolidation,uncertain,absent,uncertain,0.357421875,0.45,True,other,0,0,0
patient39952/study6,Pneumonia,unmentioned,absent,uncertain,0.189208984375,0.28,True,other,0,0,0
patient39952/study6,Fracture,unmentioned,absent,uncertain,0.339599609375,0.42,True,other,0,0,0
patient40442/study1,Edema,unmentioned,absent,uncertain,0.43017578125,0.453857,True,other,0,0,0
patient40697/study1,Pneumonia,unmentioned,absent,uncertain,0.190673828125,0.28,True,other,0,0,0
patient40697/study1,Lung Opacity,present,present,uncertain,0.6728515625,0.62,True,demotion,0,0,0
patient40723/study1,Lung Lesion,unmentioned,absent,uncertain,0.373046875,0.39,True,other,0,0,0
patient40723/study2,Atelectasis,unmentioned,absent,uncertain,0.4453125,0.56,True,other,0,0,0
patient40723/study2,Consolidation,present,present,uncertain,0.53076171875,0.45,True,demotion,0,0,0
patient40723/study2,Lung Opacity,unmentioned,present,uncertain,0.623046875,0.62,True,demotion,0,0,0
patient40723/study3,Atelectasis,unmentioned,absent,uncertain,0.470947265625,0.56,True,other,0,0,0
patient40723/study3,Consolidation,present,present,uncertain,0.5615234375,0.45,True,demotion,0,0,0
patient40723/study3,Fracture,unmentioned,present,uncertain,0.4208984375,0.42,True,demotion,0,0,0
patient40723/study3,Lung Opacity,unmentioned,present,uncertain,0.63623046875,0.62,True,demotion,0,0,0
patient40801/study1,Pneumonia,unmentioned,absent,uncertain,0.2100830078125,0.28,True,other,0,0,0
patient40801/study1,Fracture,unmentioned,present,uncertain,0.48583984375,0.42,True,demotion,0,0,0
patient40801/study1,Lung Lesion,unmentioned,absent,uncertain,0.271728515625,0.39,True,other,0,0,0
patient40801/study1,Enlarged Cardiomediastinum,unmentioned,present,uncertain,0.4931640625,0.35,True,demotion,0,0,0
patient40801/study1,Pleural Other,unmentioned,absent,uncertain,0.307373046875,0.45,True,other,0,0,0
patient40801/study10,Pneumonia,unmentioned,absent,uncertain,0.152099609375,0.28,True,other,0,0,0
patient40801/study10,Lung Opacity,unmentioned,absent,uncertain,0.58642578125,0.62,True,other,0,0,0
patient40801/study10,Enlarged Cardiomediastinum,unmentioned,absent,uncertain,0.250732421875,0.35,True,other,0,0,0
patient40985/study1,Cardiomegaly,unmentioned,absent,uncertain,0.35009765625,0.5,True,other,0,0,0
patient40985/study1,Edema,unmentioned,absent,uncertain,0.403076171875,0.453857,True,other,0,0,0
patient40985/study1,Pleural Effusion,unmentioned,absent,uncertain,0.453369140625,0.6,True,other,0,0,0
patient40985/study1,Enlarged Cardiomediastinum,unmentioned,absent,uncertain,0.2437744140625,0.35,True,other,0,0,0
patient40985/study1,Pleural Other,unmentioned,absent,uncertain,0.3271484375,0.45,True,other,0,0,0
patient41174/study4,Cardiomegaly,absent,present,uncertain,0.60009765625,0.5,True,demotion,0,0,0
patient41174/study4,Lung Lesion,unmentioned,absent,uncertain,0.30859375,0.39,True,other,0,0,0
patient41174/study4,Pleural Other,unmentioned,absent,uncertain,0.4453125,0.45,True,other,0,0,0
patient41292/study12,Edema,unmentioned,absent,uncertain,0.336669921875,0.453857,True,other,0,0,0
patient41396/study1,Atelectasis,uncertain,present,uncertain,0.57275390625,0.56,True,demotion,0,0,0
patient41396/study1,Pneumothorax,unmentioned,present,uncertain,0.471435546875,0.33,True,demotion,0,0,0
patient41396/study1,Pleural Other,present,present,uncertain,0.59619140625,0.45,True,demotion,0,0,0
patient41770/study1,Consolidation,unmentioned,absent,uncertain,0.3740234375,0.45,True,other,0,0,0
patient41770/study1,Pneumonia,unmentioned,absent,uncertain,0.173828125,0.28,True,other,0,0,0
patient41770/study1,Pneumothorax,present,absent,uncertain,0.284423828125,0.33,True,other,0,0,0
patient41770/study1,Lung Opacity,unmentioned,absent,uncertain,0.60009765625,0.62,True,other,0,0,0
patient41770/study1,Pleural Other,unmentioned,absent,uncertain,0.41162109375,0.45,True,other,0,0,0
patient42260/study1,Consolidation,unmentioned,absent,uncertain,0.442138671875,0.45,True,other,0,0,0
patient42260/study1,Edema,unmentioned,absent,uncertain,0.36181640625,0.453857,True,other,0,0,0
patient42260/study1,Pneumonia,unmentioned,absent,uncertain,0.243408203125,0.28,True,other,0,0,0
patient42260/study1,Pneumothorax,unmentioned,absent,uncertain,0.269775390625,0.33,True,other,0,0,0
patient42260/study1,Lung Opacity,unmentioned,absent,uncertain,0.51513671875,0.62,True,other,0,0,0
patient42260/study1,Enlarged Cardiomediastinum,unmentioned,absent,uncertain,0.281982421875,0.35,True,other,0,0,0
patient42260/study11,Edema,unmentioned,absent,uncertain,0.433837890625,0.453857,True,other,0,0,0
patient42454/study6,Pleural Effusion,present,absent,uncertain,0.50146484375,0.6,True,other,0,0,0
patient42454/study6,Pneumothorax,absent,absent,uncertain,0.2144775390625,0.33,True,other,0,0,0
patient42540/study1,Pneumonia,unmentioned,present,uncertain,0.34765625,0.28,True,demotion,0,0,0
patient42540/study1,Pneumothorax,absent,absent,uncertain,0.31689453125,0.33,True,other,0,0,0
patient42540/study1,Lung Lesion,unmentioned,absent,uncertain,0.30908203125,0.39,True,other,0,0,0
patient42540/study1,Enlarged Cardiomediastinum,unmentioned,absent,uncertain,0.331787109375,0.35,True,other,0,0,0
patient42540/study2,Consolidation,unmentioned,absent,uncertain,0.428955078125,0.45,True,other,0,0,0
patient42540/study2,Pneumonia,unmentioned,absent,uncertain,0.2161865234375,0.28,True,other,0,0,0
patient42540/study2,Pneumothorax,absent,present,uncertain,0.373779296875,0.33,True,demotion,0,0,0
patient42540/study2,Lung Lesion,unmentioned,present,uncertain,0.478271484375,0.39,True,demotion,0,0,0
patient42540/study2,Lung Opacity,present,present,uncertain,0.75732421875,0.62,True,demotion,0,0,0
patient42540/study3,Pneumonia,unmentioned,absent,uncertain,0.25732421875,0.28,True,other,0,0,0
patient42540/study3,Lung Lesion,unmentioned,present,uncertain,0.53662109375,0.39,True,demotion,0,0,0
patient42540/study3,Enlarged Cardiomediastinum,unmentioned,present,uncertain,0.40869140625,0.35,True,demotion,0,0,0
patient42540/study3,Pleural Other,unmentioned,present,uncertain,0.478515625,0.45,True,demotion,0,0,0
patient42540/study4,Pneumonia,unmentioned,absent,uncertain,0.1683349609375,0.28,True,other,0,0,0
patient42540/study4,Pneumothorax,present,absent,uncertain,0.204833984375,0.33,True,other,0,0,0
patient42676/study1,Atelectasis,unmentioned,absent,uncertain,0.453125,0.56,True,other,0,0,0
patient42676/study1,Cardiomegaly,unmentioned,present,uncertain,0.5068359375,0.5,True,demotion,0,0,0
patient42676/study1,Consolidation,unmentioned,absent,uncertain,0.30908203125,0.45,True,other,0,0,0
patient42676/study1,Edema,unmentioned,absent,uncertain,0.40966796875,0.453857,True,other,0,0,0
patient42676/study1,Pleural Effusion,unmentioned,present,uncertain,0.66748046875,0.6,True,demotion,0,0,0
patient42676/study1,Pneumonia,unmentioned,present,uncertain,0.35009765625,0.28,True,demotion,0,0,0
patient42676/study1,Lung Opacity,unmentioned,present,uncertain,0.63525390625,0.62,True,demotion,0,0,0
patient42676/study1,Enlarged Cardiomediastinum,unmentioned,present,uncertain,0.357666015625,0.35,True,demotion,0,0,0
patient42676/study1,Pleural Other,unmentioned,absent,uncertain,0.4248046875,0.45,True,other,0,0,0
patient42676/study10,Atelectasis,unmentioned,absent,uncertain,0.48095703125,0.56,True,other,0,0,0
patient42676/study10,Edema,unmentioned,absent,uncertain,0.44775390625,0.453857,True,other,0,0,0
patient42676/study10,Lung Opacity,unmentioned,present,uncertain,0.6328125,0.62,True,demotion,0,0,0
patient42676/study10,Enlarged Cardiomediastinum,unmentioned,absent,uncertain,0.320068359375,0.35,True,other,0,0,0
patient42676/study2,Consolidation,unmentioned,present,uncertain,0.45263671875,0.45,True,demotion,0,0,0
patient42676/study2,Pneumonia,unmentioned,absent,uncertain,0.1444091796875,0.28,True,other,0,0,0
patient42676/study2,Fracture,unmentioned,present,uncertain,0.445556640625,0.42,True,demotion,0,0,0
patient42676/study2,Lung Opacity,unmentioned,absent,uncertain,0.52587890625,0.62,True,other,0,0,0
patient42676/study3,Consolidation,unmentioned,absent,uncertain,0.327392578125,0.45,True,other,0,0,0
patient42676/study3,Edema,unmentioned,absent,uncertain,0.30615234375,0.453857,True,other,0,0,0
patient42676/study3,Pneumonia,unmentioned,present,uncertain,0.34375,0.28,True,demotion,0,0,0
patient42676/study3,Enlarged Cardiomediastinum,unmentioned,absent,uncertain,0.232177734375,0.35,True,other,0,0,0
patient42772/study1,Atelectasis,unmentioned,absent,uncertain,0.438720703125,0.56,True,other,0,0,0
patient42772/study1,Fracture,unmentioned,absent,uncertain,0.28076171875,0.42,True,other,0,0,0
patient42772/study1,Lung Lesion,unmentioned,absent,uncertain,0.383544921875,0.39,True,other,0,0,0
patient42772/study1,Lung Opacity,unmentioned,absent,uncertain,0.494140625,0.62,True,other,0,0,0
patient42772/study10,Pneumonia,unmentioned,absent,uncertain,0.1505126953125,0.28,True,other,0,0,0
patient42772/study10,Lung Opacity,unmentioned,present,uncertain,0.6826171875,0.62,True,demotion,0,0,0
patient42772/study2,Pneumothorax,unmentioned,absent,uncertain,0.2939453125,0.33,True,other,0,0,0
patient42772/study3,Consolidation,unmentioned,absent,uncertain,0.315673828125,0.45,True,other,0,0,0
patient42772/study3,Pneumonia,unmentioned,absent,uncertain,0.2486572265625,0.28,True,other,0,0,0
patient42772/study3,Pneumothorax,unmentioned,absent,uncertain,0.1884765625,0.33,True,other,0,0,0
patient43148/study1,Pneumothorax,unmentioned,absent,uncertain,0.2398681640625,0.33,True,other,0,0,0
patient43148/study1,Fracture,unmentioned,absent,uncertain,0.30517578125,0.42,True,other,0,0,0
patient43148/study1,Pleural Other,unmentioned,present,uncertain,0.454833984375,0.45,True,demotion,0,0,0
patient43148/study2,Fracture,unmentioned,absent,uncertain,0.406982421875,0.42,True,other,0,0,0
patient43148/study2,Lung Lesion,unmentioned,absent,uncertain,0.351318359375,0.39,True,other,0,0,0
patient43148/study5,Atelectasis,unmentioned,present,uncertain,0.669921875,0.56,True,demotion,0,0,0
patient43148/study5,Lung Lesion,unmentioned,absent,uncertain,0.266845703125,0.39,True,other,0,0,0
patient43148/study9,Pneumothorax,present,absent,uncertain,0.2861328125,0.33,True,other,0,0,0
patient43148/study9,Pleural Other,unmentioned,present,uncertain,0.56982421875,0.45,True,demotion,0,0,0
patient43226/study1,Cardiomegaly,unmentioned,absent,uncertain,0.486328125,0.5,True,other,0,0,0
patient43226/study1,Edema,unmentioned,absent,uncertain,0.399658203125,0.453857,True,other,0,0,0
patient43226/study1,Pneumonia,unmentioned,present,uncertain,0.38330078125,0.28,True,demotion,0,0,0
patient43226/study1,Fracture,unmentioned,absent,uncertain,0.30859375,0.42,True,other,0,0,0
patient43226/study1,Pleural Other,unmentioned,absent,uncertain,0.350341796875,0.45,True,other,0,0,0
patient43226/study2,Fracture,unmentioned,absent,uncertain,0.302978515625,0.42,True,other,0,0,0
patient43226/study5,Pneumonia,unmentioned,present,uncertain,0.408203125,0.28,True,demotion,0,0,0
patient43226/study5,Pneumothorax,present,present,uncertain,0.37939453125,0.33,True,demotion,0,0,0
patient43226/study5,Lung Lesion,unmentioned,present,uncertain,0.443359375,0.39,True,demotion,0,0,0
patient43226/study5,Pleural Other,unmentioned,absent,uncertain,0.42529296875,0.45,True,other,0,0,0
patient43226/study9,Atelectasis,present,absent,uncertain,0.53564453125,0.56,True,other,0,0,0
patient43226/study9,Lung Lesion,unmentioned,present,uncertain,0.5126953125,0.39,True,demotion,0,0,0
patient43226/study9,Pleural Other,unmentioned,present,uncertain,0.51806640625,0.45,True,demotion,0,0,0
patient43372/study1,Atelectasis,present,absent,uncertain,0.415771484375,0.56,True,other,0,0,0
patient43372/study1,Consolidation,unmentioned,present,uncertain,0.59619140625,0.45,True,demotion,0,0,0
patient43372/study1,Pleural Effusion,present,present,uncertain,0.63525390625,0.6,True,demotion,0,0,0
patient43372/study1,Pneumonia,unmentioned,present,uncertain,0.2890625,0.28,True,demotion,0,0,0
patient43372/study1,Pneumothorax,absent,present,uncertain,0.413818359375,0.33,True,demotion,0,0,0
patient43372/study1,Fracture,unmentioned,present,uncertain,0.483154296875,0.42,True,demotion,0,0,0
patient43372/study1,Enlarged Cardiomediastinum,unmentioned,present,uncertain,0.467529296875,0.35,True,demotion,0,0,0
patient43372/study2,Consolidation,unmentioned,present,uncertain,0.5771484375,0.45,True,demotion,0,0,0
patient43372/study2,Edema,present,present,uncertain,0.59814453125,0.453857,True,demotion,0,0,0
patient43372/study2,Pleural Effusion,present,absent,uncertain,0.5546875,0.6,True,other,0,0,0
patient43372/study2,Pneumonia,unmentioned,absent,uncertain,0.275634765625,0.28,True,other,0,0,0
patient43372/study2,Pneumothorax,unmentioned,absent,uncertain,0.28466796875,0.33,True,other,0,0,0
patient43372/study2,Lung Lesion,unmentioned,absent,uncertain,0.38427734375,0.39,True,other,0,0,0
patient43372/study2,Lung Opacity,present,present,uncertain,0.744140625,0.62,True,demotion,0,0,0
patient43372/study2,Enlarged Cardiomediastinum,unmentioned,absent,uncertain,0.218505859375,0.35,True,other,0,0,0
patient43372/study2,Pleural Other,unmentioned,absent,uncertain,0.30615234375,0.45,True,other,0,0,0
patient43372/study5,Consolidation,unmentioned,absent,uncertain,0.316162109375,0.45,True,other,0,0,0
patient43372/study5,Pleural Effusion,unmentioned,present,uncertain,0.646484375,0.6,True,demotion,0,0,0
patient43372/study5,Pneumothorax,present,absent,uncertain,0.25634765625,0.33,True,other,0,0,0
patient43372/study5,Lung Lesion,unmentioned,absent,uncertain,0.3076171875,0.39,True,other,0,0,0
patient43372/study5,Enlarged Cardiomediastinum,unmentioned,absent,uncertain,0.2039794921875,0.35,True,other,0,0,0
patient43844/study1,Atelectasis,unmentioned,present,uncertain,0.60302734375,0.56,True,demotion,0,0,0
patient43844/study1,Fracture,unmentioned,absent,uncertain,0.289794921875,0.42,True,other,0,0,0
patient43844/study1,Lung Lesion,unmentioned,absent,uncertain,0.354736328125,0.39,True,other,0,0,0
patient43844/study2,Cardiomegaly,absent,present,uncertain,0.6162109375,0.5,True,demotion,0,0,0
patient43844/study3,Edema,unmentioned,present,uncertain,0.52392578125,0.453857,True,demotion,0,0,0
patient43844/study3,Pneumonia,present,present,uncertain,0.326904296875,0.28,True,demotion,0,0,0
patient43844/study3,Fracture,unmentioned,absent,uncertain,0.34814453125,0.42,True,other,0,0,0
patient43844/study3,Lung Lesion,unmentioned,absent,uncertain,0.29443359375,0.39,True,other,0,0,0
patient43844/study4,Enlarged Cardiomediastinum,unmentioned,absent,uncertain,0.255859375,0.35,True,other,0,0,0
patient44421/study10,Pneumonia,unmentioned,absent,uncertain,0.15380859375,0.28,True,other,0,0,0
patient44421/study10,Pneumothorax,unmentioned,absent,uncertain,0.2122802734375,0.33,True,other,0,0,0
patient44421/study10,Lung Opacity,unmentioned,absent,uncertain,0.54248046875,0.62,True,other,0,0,0
patient44421/study11,Pneumothorax,unmentioned,absent,uncertain,0.1976318359375,0.33,True,other,0,0,0
patient44421/study12,Consolidation,unmentioned,present,uncertain,0.464599609375,0.45,True,demotion,0,0,0
patient44421/study12,Pneumonia,unmentioned,absent,uncertain,0.1602783203125,0.28,True,other,0,0,0
patient44421/study12,Lung Opacity,unmentioned,absent,uncertain,0.61865234375,0.62,True,other,0,0,0
patient44510/study1,Edema,unmentioned,absent,uncertain,0.385986328125,0.453857,True,other,0,0,0
patient44510/study1,Pneumonia,unmentioned,absent,uncertain,0.15625,0.28,True,other,0,0,0
patient44510/study1,Pneumothorax,absent,absent,uncertain,0.30322265625,0.33,True,other,0,0,0
patient44510/study1,Fracture,present,present,uncertain,0.4853515625,0.42,True,demotion,0,0,0
patient44510/study1,Lung Opacity,present,present,uncertain,0.6455078125,0.62,True,demotion,0,0,0
patient44510/study1,Enlarged Cardiomediastinum,present,present,uncertain,0.36669921875,0.35,True,demotion,0,0,0
patient44510/study3,Pneumothorax,present,absent,uncertain,0.2147216796875,0.33,True,other,0,0,0
patient44510/study4,Pneumothorax,present,absent,uncertain,0.275146484375,0.33,True,other,0,0,0
patient44981/study4,Atelectasis,present,absent,uncertain,0.4619140625,0.56,True,other,0,0,0
patient44981/study4,Fracture,unmentioned,absent,uncertain,0.364013671875,0.42,True,other,0,0,0
patient44981/study4,Lung Lesion,unmentioned,present,uncertain,0.49365234375,0.39,True,demotion,0,0,0
patient44981/study4,Lung Opacity,present,absent,uncertain,0.5849609375,0.62,True,other,0,0,0
patient45046/study3,Atelectasis,unmentioned,absent,uncertain,0.53515625,0.56,True,other,0,0,0
patient45046/study3,Cardiomegaly,present,absent,uncertain,0.471923828125,0.5,True,other,0,0,0
patient45046/study3,Consolidation,present,present,uncertain,0.5966796875,0.45,True,demotion,0,0,0
patient45046/study3,Pneumonia,unmentioned,present,uncertain,0.365966796875,0.28,True,demotion,0,0,0
patient45046/study3,Fracture,unmentioned,present,uncertain,0.50146484375,0.42,True,demotion,0,0,0
patient45046/study3,Enlarged Cardiomediastinum,unmentioned,present,uncertain,0.44970703125,0.35,True,demotion,0,0,0
patient45046/study4,Cardiomegaly,unmentioned,present,uncertain,0.54638671875,0.5,True,demotion,0,0,0
patient45046/study4,Pneumonia,unmentioned,present,uncertain,0.42724609375,0.28,True,demotion,0,0,0
patient45046/study5,Atelectasis,unmentioned,present,uncertain,0.66162109375,0.56,True,demotion,0,0,0
patient45046/study5,Cardiomegaly,unmentioned,present,uncertain,0.53515625,0.5,True,demotion,0,0,0
patient45046/study5,Pneumonia,unmentioned,present,uncertain,0.322021484375,0.28,True,demotion,0,0,0
patient45046/study5,Fracture,unmentioned,present,uncertain,0.5556640625,0.42,True,demotion,0,0,0
patient45046/study5,Enlarged Cardiomediastinum,uncertain,present,uncertain,0.37109375,0.35,True,demotion,0,0,0
patient45046/study6,Atelectasis,present,absent,uncertain,0.478271484375,0.56,True,other,0,0,0
patient45046/study6,Cardiomegaly,absent,absent,uncertain,0.438720703125,0.5,True,other,0,0,0
patient45046/study6,Consolidation,present,present,uncertain,0.45654296875,0.45,True,demotion,0,0,0
patient45046/study6,Pneumonia,unmentioned,absent,uncertain,0.2108154296875,0.28,True,other,0,0,0
patient45046/study6,Fracture,unmentioned,absent,uncertain,0.37548828125,0.42,True,other,0,0,0
patient45046/study6,Lung Opacity,unmentioned,present,uncertain,0.72998046875,0.62,True,demotion,0,0,0
patient45114/study12,Edema,unmentioned,absent,uncertain,0.397705078125,0.453857,True,other,0,0,0
patient45436/study6,Fracture,unmentioned,absent,uncertain,0.382080078125,0.42,True,other,0,0,0
patient45436/study6,Enlarged Cardiomediastinum,present,present,uncertain,0.4462890625,0.35,True,demotion,0,0,0
patient45436/study6,Pleural Other,unmentioned,absent,uncertain,0.403564453125,0.45,True,other,0,0,0
patient47498/study1,Edema,present,present,uncertain,0.45556640625,0.453857,True,demotion,0,0,0
patient47498/study1,Pneumothorax,absent,absent,uncertain,0.242919921875,0.33,True,other,0,0,0
patient47498/study1,Fracture,unmentioned,absent,uncertain,0.294921875,0.42,True,other,0,0,0
patient47498/study1,Pleural Other,unmentioned,absent,uncertain,0.33740234375,0.45,True,other,0,0,0
patient47498/study2,Pneumothorax,absent,present,uncertain,0.330078125,0.33,True,demotion,0,0,0
patient47498/study2,Fracture,unmentioned,present,uncertain,0.49072265625,0.42,True,demotion,0,0,0
patient47498/study3,Pneumonia,unmentioned,absent,uncertain,0.258056640625,0.28,True,other,0,0,0
patient47498/study3,Pneumothorax,absent,present,uncertain,0.462158203125,0.33,True,demotion,0,0,0
patient47498/study3,Fracture,unmentioned,absent,uncertain,0.332763671875,0.42,True,other,0,0,0
patient47498/study3,Lung Lesion,unmentioned,present,uncertain,0.450439453125,0.39,True,demotion,0,0,0
patient48558/study1,Consolidation,present,present,uncertain,0.525390625,0.45,True,demotion,0,0,0
patient48558/study1,Edema,present,absent,uncertain,0.375,0.453857,True,other,0,0,0
patient48558/study1,Pleural Effusion,present,absent,uncertain,0.57373046875,0.6,True,other,0,0,0
patient48558/study1,Pneumonia,unmentioned,present,uncertain,0.284912109375,0.28,True,demotion,0,0,0
patient48558/study1,Lung Opacity,unmentioned,present,uncertain,0.6845703125,0.62,True,demotion,0,0,0
patient48558/study4,Cardiomegaly,unmentioned,present,uncertain,0.5478515625,0.5,True,demotion,0,0,0
patient48558/study4,Edema,unmentioned,present,uncertain,0.454345703125,0.453857,True,demotion,0,0,0
patient48558/study4,Enlarged Cardiomediastinum,unmentioned,absent,uncertain,0.259521484375,0.35,True,other,0,0,0
patient48712/study1,Lung Opacity,unmentioned,present,uncertain,0.62158203125,0.62,True,demotion,0,0,0
patient48712/study10,Pneumothorax,unmentioned,absent,uncertain,0.1815185546875,0.33,True,other,0,0,0
patient48712/study11,Pleural Effusion,unmentioned,absent,uncertain,0.58984375,0.6,True,other,0,0,0
patient48712/study11,Pneumonia,unmentioned,absent,uncertain,0.2352294921875,0.28,True,other,0,0,0
patient48712/study11,Lung Opacity,unmentioned,present,uncertain,0.63623046875,0.62,True,demotion,0,0,0
patient48712/study2,Pneumothorax,unmentioned,present,uncertain,0.330078125,0.33,True,demotion,0,0,0
patient48712/study2,Fracture,unmentioned,present,uncertain,0.4970703125,0.42,True,demotion,0,0,0
patient48712/study2,Lung Opacity,unmentioned,absent,uncertain,0.52734375,0.62,True,other,0,0,0
patient49600/study1,Cardiomegaly,unmentioned,present,uncertain,0.56494140625,0.5,True,demotion,0,0,0
patient49600/study1,Pneumothorax,absent,absent,uncertain,0.317138671875,0.33,True,other,0,0,0
patient50245/study1,Consolidation,unmentioned,present,uncertain,0.45166015625,0.45,True,demotion,0,0,0
patient50245/study1,Edema,unmentioned,absent,uncertain,0.386474609375,0.453857,True,other,0,0,0
patient50245/study1,Fracture,present,absent,uncertain,0.275634765625,0.42,True,other,0,0,0
patient50245/study1,Lung Lesion,present,absent,uncertain,0.36083984375,0.39,True,other,0,0,0
patient50245/study2,Cardiomegaly,absent,absent,uncertain,0.363525390625,0.5,True,other,0,0,0
patient50245/study2,Consolidation,unmentioned,absent,uncertain,0.32275390625,0.45,True,other,0,0,0
patient50245/study2,Pneumothorax,absent,absent,uncertain,0.26513671875,0.33,True,other,0,0,0
patient50245/study2,Fracture,unmentioned,absent,uncertain,0.303955078125,0.42,True,other,0,0,0
patient50513/study7,Atelectasis,unmentioned,present,uncertain,0.619140625,0.56,True,demotion,0,0,0
patient50513/study7,Edema,unmentioned,present,uncertain,0.568359375,0.453857,True,demotion,0,0,0
patient50513/study7,Fracture,present,present,uncertain,0.552734375,0.42,True,demotion,0,0,0
patient50513/study7,Lung Lesion,unmentioned,present,uncertain,0.47412109375,0.39,True,demotion,0,0,0
patient50513/study7,Lung Opacity,unmentioned,present,uncertain,0.763671875,0.62,True,demotion,0,0,0
patient50513/study7,Pleural Other,unmentioned,absent,uncertain,0.41748046875,0.45,True,other,0,0,0
patient51453/study1,Atelectasis,unmentioned,present,uncertain,0.6845703125,0.56,True,demotion,0,0,0
patient51453/study1,Pleural Effusion,present,present,uncertain,0.65625,0.6,True,demotion,0,0,0
patient51453/study1,Pneumothorax,unmentioned,present,uncertain,0.392578125,0.33,True,demotion,0,0,0
patient51453/study2,Consolidation,uncertain,present,uncertain,0.587890625,0.45,True,demotion,0,0,0
patient51453/study2,Pneumothorax,absent,absent,uncertain,0.270263671875,0.33,True,other,0,0,0
patient51453/study2,Enlarged Cardiomediastinum,unmentioned,present,uncertain,0.46875,0.35,True,demotion,0,0,0
patient51453/study2,Pleural Other,unmentioned,present,uncertain,0.52880859375,0.45,True,demotion,0,0,0
patient51453/study3,Atelectasis,unmentioned,absent,uncertain,0.469970703125,0.56,True,other,0,0,0
patient51453/study3,Consolidation,unmentioned,present,uncertain,0.55810546875,0.45,True,demotion,0,0,0
patient51453/study3,Pleural Effusion,present,absent,uncertain,0.53076171875,0.6,True,other,0,0,0
patient51453/study3,Fracture,unmentioned,absent,uncertain,0.365234375,0.42,True,other,0,0,0
patient51453/study3,Pleural Other,unmentioned,absent,uncertain,0.314697265625,0.45,True,other,0,0,0
patient51453/study5,Atelectasis,uncertain,absent,uncertain,0.423828125,0.56,True,other,0,0,0
patient51453/study5,Consolidation,present,absent,uncertain,0.362548828125,0.45,True,other,0,0,0
patient51453/study5,Edema,unmentioned,present,uncertain,0.59228515625,0.453857,True,demotion,0,0,0
patient51453/study5,Pleural Effusion,present,absent,uncertain,0.49951171875,0.6,True,other,0,0,0
patient51453/study5,Pleural Other,unmentioned,absent,uncertain,0.326904296875,0.45,True,other,0,0,0
patient52353/study1,Consolidation,unmentioned,present,uncertain,0.5029296875,0.45,True,demotion,0,0,0
patient52353/study1,Lung Lesion,unmentioned,absent,uncertain,0.346923828125,0.39,True,other,0,0,0
patient52353/study1,Lung Opacity,present,present,uncertain,0.7568359375,0.62,True,demotion,0,0,0
patient52353/study1,Enlarged Cardiomediastinum,unmentioned,present,uncertain,0.484130859375,0.35,True,demotion,0,0,0
patient54882/study2,Pneumonia,unmentioned,absent,uncertain,0.14404296875,0.28,True,other,0,0,0
patient54882/study2,Lung Opacity,unmentioned,absent,uncertain,0.4912109375,0.62,True,other,0,0,0
patient59987/study1,Pneumonia,present,present,uncertain,0.389892578125,0.28,True,demotion,0,0,0
patient59987/study1,Fracture,unmentioned,absent,uncertain,0.27685546875,0.42,True,other,0,0,0
patient62874/study1,Atelectasis,uncertain,present,uncertain,0.564453125,0.56,True,demotion,0,0,0
patient62874/study1,Pleural Effusion,unmentioned,absent,uncertain,0.46337890625,0.6,True,other,0,0,0
patient62874/study1,Pneumonia,present,present,uncertain,0.36376953125,0.28,True,demotion,0,0,0
