study_key,dicom_path,label,status,confidence
patient00003/study1,patient00003/study1/view1_frontal.dcm,Atelectasis,absent,0.85
patient00003/study1,patient00003/study1/view1_frontal.dcm,Cardiomegaly,absent,0.85
patient00003/study1,patient00003/study1/view1_frontal.dcm,Consolidation,absent,0.85
patient00003/study1,patient00003/study1/view1_frontal.dcm,Edema,absent,0.85
patient00003/study1,patient00003/study1/view1_frontal.dcm,Pleural Effusion,absent,0.85
patient00003/study1,patient00003/study1/view1_frontal.dcm,Pneumonia,absent,0.85
patient00003/study1,patient00003/study1/view1_frontal.dcm,Pneumothorax,absent,0.85
patient00003/study1,patient00003/study1/view1_frontal.dcm,Fracture,absent,0.85
patient00003/study1,patient00003/study1/view1_frontal.dcm,Lung Lesion,absent,0.85
patient00003/study1,patient00003/study1/view1_frontal.dcm,Lung Opacity,uncertain,0.35
patient00003/study1,patient00003/study1/view1_frontal.dcm,Enlarged Cardiomediastinum,absent,0.85
patient00003/study1,patient00003/study1/view1_frontal.dcm,Pleural Other,absent,0.85
patient00003/study1,patient00003/study1/view1_frontal.dcm,Support Devices,uncertain,0.35
patient00003/study1,patient00003/study1/view1_frontal.dcm,No Finding,absent,0.95
patient00009/study1,patient00009/study1/view1_frontal.dcm,Atelectasis,uncertain,0.45
patient00009/study1,patient00009/study1/view1_frontal.dcm,Cardiomegaly,present,0.8009284734725952
patient00009/study1,patient00009/study1/view1_frontal.dcm,Consolidation,uncertain,0.45
patient00009/study1,patient00009/study1/view1_frontal.dcm,Edema,uncertain,0.45
patient00009/study1,patient00009/study1/view1_frontal.dcm,Pleural Effusion,uncertain,0.45
patient00009/study1,patient00009/study1/view1_frontal.dcm,Pneumonia,uncertain,0.35
patient00009/study1,patient00009/study1/view1_frontal.dcm,Pneumothorax,absent,0.85
patient00009/study1,patient00009/study1/view1_frontal.dcm,Fracture,uncertain,0.45
patient00009/study1,patient00009/study1/view1_frontal.dcm,Lung Lesion,absent,0.85
patient00009/study1,patient00009/study1/view1_frontal.dcm,Lung Opacity,uncertain,0.45
patient00009/study1,patient00009/study1/view1_frontal.dcm,Enlarged Cardiomediastinum,uncertain,0.45
patient00009/study1,patient00009/study1/view1_frontal.dcm,Pleural Other,uncertain,0.35
patient00009/study1,patient00009/study1/view1_frontal.dcm,Support Devices,uncertain,0.35
patient00009/study1,patient00009/study1/view1_frontal.dcm,No Finding,absent,0.95
patient00009/study1,patient00009/study1/view2_lateral.dcm,Atelectasis,uncertain,0.45
patient00009/study1,patient00009/study1/view2_lateral.dcm,Cardiomegaly,uncertain,0.45
patient00009/study1,patient00009/study1/view2_lateral.dcm,Consolidation,uncertain,0.45
patient00009/study1,patient00009/study1/view2_lateral.dcm,Edema,uncertain,0.45
patient00009/study1,patient00009/study1/view2_lateral.dcm,Pleural Effusion,present,0.6554914116859436
patient00009/study1,patient00009/study1/view2_lateral.dcm,Pneumonia,present,0.8146582841873169
patient00009/study1,patient00009/study1/view2_lateral.dcm,Pneumothorax,uncertain,0.35
patient00009/study1,patient00009/study1/view2_lateral.dcm,Fracture,uncertain,0.35
patient00009/study1,patient00009/study1/view2_lateral.dcm,Lung Lesion,uncertain,0.35
patient00009/study1,patient00009/study1/view2_lateral.dcm,Lung Opacity,present,0.9265919923782348
patient00009/study1,patient00009/study1/view2_lateral.dcm,Enlarged Cardiomediastinum,uncertain,0.55
patient00009/study1,patient00009/study1/view2_lateral.dcm,Pleural Other,absent,0.85
patient00009/study1,patient00009/study1/view2_lateral.dcm,Support Devices,uncertain,0.35
patient00009/study1,patient00009/study1/view2_lateral.dcm,No Finding,absent,0.95
patient00016/study1,patient00016/study1/view1_frontal.dcm,Atelectasis,uncertain,0.45
patient00016/study1,patient00016/study1/view1_frontal.dcm,Cardiomegaly,uncertain,0.45
patient00016/study1,patient00016/study1/view1_frontal.dcm,Consolidation,uncertain,0.35
patient00016/study1,patient00016/study1/view1_frontal.dcm,Edema,absent,0.85
patient00016/study1,patient00016/study1/view1_frontal.dcm,Pleural Effusion,absent,0.85
patient00016/study1,patient00016/study1/view1_frontal.dcm,Pneumonia,absent,0.85
patient00016/study1,patient00016/study1/view1_frontal.dcm,Pneumothorax,absent,0.85
patient00016/study1,patient00016/study1/view1_frontal.dcm,Fracture,uncertain,0.35
patient00016/study1,patient00016/study1/view1_frontal.dcm,Lung Lesion,absent,0.85
patient00016/study1,patient00016/study1/view1_frontal.dcm,Lung Opacity,uncertain,0.35
patient00016/study1,patient00016/study1/view1_frontal.dcm,Enlarged Cardiomediastinum,absent,0.85
patient00016/study1,patient00016/study1/view1_frontal.dcm,Pleural Other,absent,0.85
patient00016/study1,patient00016/study1/view1_frontal.dcm,Support Devices,uncertain,0.35
patient00016/study1,patient00016/study1/view1_frontal.dcm,No Finding,absent,0.95
patient00016/study1,patient00016/study1/view2_lateral.dcm,Atelectasis,uncertain,0.45
patient00016/study1,patient00016/study1/view2_lateral.dcm,Cardiomegaly,uncertain,0.45
patient00016/study1,patient00016/study1/view2_lateral.dcm,Consolidation,uncertain,0.45
patient00016/study1,patient00016/study1/view2_lateral.dcm,Edema,uncertain,0.45
patient00016/study1,patient00016/study1/view2_lateral.dcm,Pleural Effusion,uncertain,0.45
patient00016/study1,patient00016/study1/view2_lateral.dcm,Pneumonia,present,0.6270037889480591
patient00016/study1,patient00016/study1/view2_lateral.dcm,Pneumothorax,absent,0.85
patient00016/study1,patient00016/study1/view2_lateral.dcm,Fracture,absent,0.85
patient00016/study1,patient00016/study1/view2_lateral.dcm,Lung Lesion,absent,0.85
patient00016/study1,patient00016/study1/view2_lateral.dcm,Lung Opacity,present,0.7962400317192078
patient00016/study1,patient00016/study1/view2_lateral.dcm,Enlarged Cardiomediastinum,uncertain,0.45
patient00016/study1,patient00016/study1/view2_lateral.dcm,Pleural Other,absent,0.85
patient00016/study1,patient00016/study1/view2_lateral.dcm,Support Devices,uncertain,0.35
patient00016/study1,patient00016/study1/view2_lateral.dcm,No Finding,absent,0.95
patient00026/study1,patient00026/study1/view1_frontal.dcm,Atelectasis,uncertain,0.45
patient00026/study1,patient00026/study1/view1_frontal.dcm,Cardiomegaly,uncertain,0.45
patient00026/study1,patient00026/study1/view1_frontal.dcm,Consolidation,uncertain,0.45
patient00026/study1,patient00026/study1/view1_frontal.dcm,Edema,absent,0.85
patient00026/study1,patient00026/study1/view1_frontal.dcm,Pleural Effusion,uncertain,0.45
patient00026/study1,patient00026/study1/view1_frontal.dcm,Pneumonia,absent,0.85
patient00026/study1,patient00026/study1/view1_frontal.dcm,Pneumothorax,absent,0.85
patient00026/study1,patient00026/study1/view1_frontal.dcm,Fracture,uncertain,0.35
patient00026/study1,patient00026/study1/view1_frontal.dcm,Lung Lesion,absent,0.85
patient00026/study1,patient00026/study1/view1_frontal.dcm,Lung Opacity,uncertain,0.45
patient00026/study1,patient00026/study1/view1_frontal.dcm,Enlarged Cardiomediastinum,absent,0.85
patient00026/study1,patient00026/study1/view1_frontal.dcm,Pleural Other,uncertain,0.35
patient00026/study1,patient00026/study1/view1_frontal.dcm,Support Devices,uncertain,0.35
patient00026/study1,patient00026/study1/view1_frontal.dcm,No Finding,absent,0.95
patient00026/study1,patient00026/study1/view2_lateral.dcm,Atelectasis,uncertain,0.55
patient00026/study1,patient00026/study1/view2_lateral.dcm,Cardiomegaly,uncertain,0.55
patient00026/study1,patient00026/study1/view2_lateral.dcm,Consolidation,uncertain,0.45
patient00026/study1,patient00026/study1/view2_lateral.dcm,Edema,uncertain,0.45
patient00026/study1,patient00026/study1/view2_lateral.dcm,Pleural Effusion,present,0.7759873867034912
patient00026/study1,patient00026/study1/view2_lateral.dcm,Pneumonia,present,0.6348700523376465
patient00026/study1,patient00026/study1/view2_lateral.dcm,Pneumothorax,uncertain,0.35
patient00026/study1,patient00026/study1/view2_lateral.dcm,Fracture,uncertain,0.45
patient00026/study1,patient00026/study1/view2_lateral.dcm,Lung Lesion,uncertain,0.45
patient00026/study1,patient00026/study1/view2_lateral.dcm,Lung Opacity,present,0.8262230157852173
patient00026/study1,patient00026/study1/view2_lateral.dcm,Enlarged Cardiomediastinum,uncertain,0.45
patient00026/study1,patient00026/study1/view2_lateral.dcm,Pleural Other,absent,0.85
patient00026/study1,patient00026/study1/view2_lateral.dcm,Support Devices,uncertain,0.35
patient00026/study1,patient00026/study1/view2_lateral.dcm,No Finding,absent,0.95
patient00027/study1,patient00027/study1/view1_frontal.dcm,Atelectasis,present,0.7843297719955444
patient00027/study1,patient00027/study1/view1_frontal.dcm,Cardiomegaly,uncertain,0.45
patient00027/study1,patient00027/study1/view1_frontal.dcm,Consolidation,uncertain,0.45
patient00027/study1,patient00027/study1/view1_frontal.dcm,Edema,uncertain,0.45
patient00027/study1,patient00027/study1/view1_frontal.dcm,Pleural Effusion,present,0.6960434913635254
patient00027/study1,patient00027/study1/view1_frontal.dcm,Pneumonia,uncertain,0.45
patient00027/study1,patient00027/study1/view1_frontal.dcm,Pneumothorax,uncertain,0.45
patient00027/study1,patient00027/study1/view1_frontal.dcm,Fracture,uncertain,0.45
patient00027/study1,patient00027/study1/view1_frontal.dcm,Lung Lesion,uncertain,0.35
patient00027/study1,patient00027/study1/view1_frontal.dcm,Lung Opacity,uncertain,0.55
patient00027/study1,patient00027/study1/view1_frontal.dcm,Enlarged Cardiomediastinum,uncertain,0.45
patient00027/study1,patient00027/study1/view1_frontal.dcm,Pleural Other,uncertain,0.35
patient00027/study1,patient00027/study1/view1_frontal.dcm,Support Devices,uncertain,0.35
patient00027/study1,patient00027/study1/view1_frontal.dcm,No Finding,absent,0.95
patient00027/study1,patient00027/study1/view2_lateral.dcm,Atelectasis,uncertain,0.45
patient00027/study1,patient00027/study1/view2_lateral.dcm,Cardiomegaly,uncertain,0.35
patient00027/study1,patient00027/study1/view2_lateral.dcm,Consolidation,uncertain,0.45
patient00027/study1,patient00027/study1/view2_lateral.dcm,Edema,uncertain,0.35
patient00027/study1,patient00027/study1/view2_lateral.dcm,Pleural Effusion,present,0.6625616550445557
patient00027/study1,patient00027/study1/view2_lateral.dcm,Pneumonia,present,0.6774734258651733
patient00027/study1,patient00027/study1/view2_lateral.dcm,Pneumothorax,uncertain,0.35
patient00027/study1,patient00027/study1/view2_lateral.dcm,Fracture,absent,0.85
patient00027/study1,patient00027/study1/view2_lateral.dcm,Lung Lesion,absent,0.85
patient00027/study1,patient00027/study1/view2_lateral.dcm,Lung Opacity,present,0.7758479714393616
patient00027/study1,patient00027/study1/view2_lateral.dcm,Enlarged Cardiomediastinum,uncertain,0.45
patient00027/study1,patient00027/study1/view2_lateral.dcm,Pleural Other,absent,0.85
patient00027/study1,patient00027/study1/view2_lateral.dcm,Support Devices,uncertain,0.35
patient00027/study1,patient00027/study1/view2_lateral.dcm,No Finding,absent,0.95
patient00031/study1,patient00031/study1/view1_frontal.dcm,Atelectasis,uncertain,0.45
patient00031/study1,patient00031/study1/view1_frontal.dcm,Cardiomegaly,uncertain,0.35
patient00031/study1,patient00031/study1/view1_frontal.dcm,Consolidation,uncertain,0.45
patient00031/study1,patient00031/study1/view1_frontal.dcm,Edema,uncertain,0.45
patient00031/study1,patient00031/study1/view1_frontal.dcm,Pleural Effusion,uncertain,0.35
patient00031/study1,patient00031/study1/view1_frontal.dcm,Pneumonia,uncertain,0.35
patient00031/study1,patient00031/study1/view1_frontal.dcm,Pneumothorax,uncertain,0.45
patient00031/study1,patient00031/study1/view1_frontal.dcm,Fracture,uncertain,0.45
patient00031/study1,patient00031/study1/view1_frontal.dcm,Lung Lesion,uncertain,0.35
patient00031/study1,patient00031/study1/view1_frontal.dcm,Lung Opacity,present,0.7830549478530884
patient00031/study1,patient00031/study1/view1_frontal.dcm,Enlarged Cardiomediastinum,uncertain,0.45
patient00031/study1,patient00031/study1/view1_frontal.dcm,Pleural Other,uncertain,0.45
patient00031/study1,patient00031/study1/view1_frontal.dcm,Support Devices,uncertain,0.35
patient00031/study1,patient00031/study1/view1_frontal.dcm,No Finding,absent,0.95
patient00031/study3,patient00031/study3/view1_frontal.dcm,Atelectasis,uncertain,0.55
patient00031/study3,patient00031/study3/view1_frontal.dcm,Cardiomegaly,uncertain,0.45
patient00031/study3,patient00031/study3/view1_frontal.dcm,Consolidation,uncertain,0.55
patient00031/study3,patient00031/study3/view1_frontal.dcm,Edema,uncertain,0.45
patient00031/study3,patient00031/study3/view1_frontal.dcm,Pleural Effusion,present,0.8030819296836853
patient00031/study3,patient00031/study3/view1_frontal.dcm,Pneumonia,uncertain,0.35
patient00031/study3,patient00031/study3/view1_frontal.dcm,Pneumothorax,uncertain,0.45
patient00031/study3,patient00031/study3/view1_frontal.dcm,Fracture,uncertain,0.45
patient00031/study3,patient00031/study3/view1_frontal.dcm,Lung Lesion,uncertain,0.35
patient00031/study3,patient00031/study3/view1_frontal.dcm,Lung Opacity,present,0.7571156024932861
patient00031/study3,patient00031/study3/view1_frontal.dcm,Enlarged Cardiomediastinum,uncertain,0.45
patient00031/study3,patient00031/study3/view1_frontal.dcm,Pleural Other,uncertain,0.45
patient00031/study3,patient00031/study3/view1_frontal.dcm,Support Devices,uncertain,0.35
patient00031/study3,patient00031/study3/view1_frontal.dcm,No Finding,absent,0.95
patient00031/study2,patient00031/study2/view1_frontal.dcm,Atelectasis,uncertain,0.45
patient00031/study2,patient00031/study2/view1_frontal.dcm,Cardiomegaly,absent,0.85
patient00031/study2,patient00031/study2/view1_frontal.dcm,Consolidation,uncertain,0.45
patient00031/study2,patient00031/study2/view1_frontal.dcm,Edema,uncertain,0.35
patient00031/study2,patient00031/study2/view1_frontal.dcm,Pleural Effusion,uncertain,0.45
patient00031/study2,patient00031/study2/view1_frontal.dcm,Pneumonia,absent,0.85
patient00031/study2,patient00031/study2/view1_frontal.dcm,Pneumothorax,uncertain,0.45
patient00031/study2,patient00031/study2/view1_frontal.dcm,Fracture,uncertain,0.45
patient00031/study2,patient00031/study2/view1_frontal.dcm,Lung Lesion,absent,0.85
patient00031/study2,patient00031/study2/view1_frontal.dcm,Lung Opacity,uncertain,0.55
patient00031/study2,patient00031/study2/view1_frontal.dcm,Enlarged Cardiomediastinum,uncertain,0.35
patient00031/study2,patient00031/study2/view1_frontal.dcm,Pleural Other,uncertain,0.45
patient00031/study2,patient00031/study2/view1_frontal.dcm,Support Devices,uncertain,0.35
patient00031/study2,patient00031/study2/view1_frontal.dcm,No Finding,absent,0.95
patient00034/study1,patient00034/study1/view1_frontal.dcm,Atelectasis,uncertain,0.45
patient00034/study1,patient00034/study1/view1_frontal.dcm,Cardiomegaly,uncertain,0.35
patient00034/study1,patient00034/study1/view1_frontal.dcm,Consolidation,uncertain,0.35
patient00034/study1,patient00034/study1/view1_frontal.dcm,Edema,uncertain,0.35
patient00034/study1,patient00034/study1/view1_frontal.dcm,Pleural Effusion,absent,0.85
patient00034/study1,patient00034/study1/view1_frontal.dcm,Pneumonia,absent,0.85
patient00034/study1,patient00034/study1/view1_frontal.dcm,Pneumothorax,absent,0.85
patient00034/study1,patient00034/study1/view1_frontal.dcm,Fracture,uncertain,0.35
patient00034/study1,patient00034/study1/view1_frontal.dcm,Lung Lesion,absent,0.85
patient00034/study1,patient00034/study1/view1_frontal.dcm,Lung Opacity,uncertain,0.45
patient00034/study1,patient00034/study1/view1_frontal.dcm,Enlarged Cardiomediastinum,uncertain,0.35
patient00034/study1,patient00034/study1/view1_frontal.dcm,Pleural Other,uncertain,0.35
patient00034/study1,patient00034/study1/view1_frontal.dcm,Support Devices,uncertain,0.35
patient00034/study1,patient00034/study1/view1_frontal.dcm,No Finding,absent,0.95
patient00038/study1,patient00038/study1/view1_frontal.dcm,Atelectasis,uncertain,0.55
patient00038/study1,patient00038/study1/view1_frontal.dcm,Cardiomegaly,uncertain,0.45
patient00038/study1,patient00038/study1/view1_frontal.dcm,Consolidation,uncertain,0.45
patient00038/study1,patient00038/study1/view1_frontal.dcm,Edema,uncertain,0.35
patient00038/study1,patient00038/study1/view1_frontal.dcm,Pleural Effusion,present,0.698468029499054
patient00038/study1,patient00038/study1/view1_frontal.dcm,Pneumonia,absent,0.85
patient00038/study1,patient00038/study1/view1_frontal.dcm,Pneumothorax,uncertain,0.45
patient00038/study1,patient00038/study1/view1_frontal.dcm,Fracture,uncertain,0.45
patient00038/study1,patient00038/study1/view1_frontal.dcm,Lung Lesion,absent,0.85
patient00038/study1,patient00038/study1/view1_frontal.dcm,Lung Opacity,uncertain,0.55
patient00038/study1,patient00038/study1/view1_frontal.dcm,Enlarged Cardiomediastinum,uncertain,0.45
patient00038/study1,patient00038/study1/view1_frontal.dcm,Pleural Other,uncertain,0.35
patient00038/study1,patient00038/study1/view1_frontal.dcm,Support Devices,uncertain,0.35
patient00038/study1,patient00038/study1/view1_frontal.dcm,No Finding,absent,0.95
patient00038/study3,patient00038/study3/view1_frontal.dcm,Atelectasis,uncertain,0.55
patient00038/study3,patient00038/study3/view1_frontal.dcm,Cardiomegaly,uncertain,0.45
patient00038/study3,patient00038/study3/view1_frontal.dcm,Consolidation,uncertain,0.55
patient00038/study3,patient00038/study3/view1_frontal.dcm,Edema,uncertain,0.45
patient00038/study3,patient00038/study3/view1_frontal.dcm,Pleural Effusion,present,0.8176254034042358
patient00038/study3,patient00038/study3/view1_frontal.dcm,Pneumonia,uncertain,0.45
patient00038/study3,patient00038/study3/view1_frontal.dcm,Pneumothorax,uncertain,0.45
patient00038/study3,patient00038/study3/view1_frontal.dcm,Fracture,uncertain,0.45
patient00038/study3,patient00038/study3/view1_frontal.dcm,Lung Lesion,uncertain,0.35
patient00038/study3,patient00038/study3/view1_frontal.dcm,Lung Opacity,present,0.805942714214325
patient00038/study3,patient00038/study3/view1_frontal.dcm,Enlarged Cardiomediastinum,uncertain,0.45
patient00038/study3,patient00038/study3/view1_frontal.dcm,Pleural Other,uncertain,0.45
patient00038/study3,patient00038/study3/view1_frontal.dcm,Support Devices,uncertain,0.35
patient00038/study3,patient00038/study3/view1_frontal.dcm,No Finding,absent,0.95
patient00044/study7,patient00044/study7/view1_frontal.dcm,Atelectasis,uncertain,0.55
patient00044/study7,patient00044/study7/view1_frontal.dcm,Cardiomegaly,uncertain,0.45
patient00044/study7,patient00044/study7/view1_frontal.dcm,Consolidation,uncertain,0.55
patient00044/study7,patient00044/study7/view1_frontal.dcm,Edema,uncertain,0.45
patient00044/study7,patient00044/study7/view1_frontal.dcm,Pleural Effusion,present,0.7139813303947449
patient00044/study7,patient00044/study7/view1_frontal.dcm,Pneumonia,uncertain,0.45
patient00044/study7,patient00044/study7/view1_frontal.dcm,Pneumothorax,uncertain,0.45
patient00044/study7,patient00044/study7/view1_frontal.dcm,Fracture,uncertain,0.45
patient00044/study7,patient00044/study7/view1_frontal.dcm,Lung Lesion,absent,0.85
patient00044/study7,patient00044/study7/view1_frontal.dcm,Lung Opacity,present,0.8134059309959412
patient00044/study7,patient00044/study7/view1_frontal.dcm,Enlarged Cardiomediastinum,uncertain,0.45
patient00044/study7,patient00044/study7/view1_frontal.dcm,Pleural Other,uncertain,0.45
patient00044/study7,patient00044/study7/view1_frontal.dcm,Support Devices,uncertain,0.35
patient00044/study7,patient00044/study7/view1_frontal.dcm,No Finding,absent,0.95
patient00044/study7,patient00044/study7/view2_lateral.dcm,Atelectasis,uncertain,0.55
patient00044/study7,patient00044/study7/view2_lateral.dcm,Cardiomegaly,uncertain,0.45
patient00044/study7,patient00044/study7/view2_lateral.dcm,Consolidation,uncertain,0.45
patient00044/study7,patient00044/study7/view2_lateral.dcm,Edema,uncertain,0.45
patient00044/study7,patient00044/study7/view2_lateral.dcm,Pleural Effusion,present,0.8367397785186768
patient00044/study7,patient00044/study7/view2_lateral.dcm,Pneumonia,present,0.6325187683105469
patient00044/study7,patient00044/study7/view2_lateral.dcm,Pneumothorax,uncertain,0.45
patient00044/study7,patient00044/study7/view2_lateral.dcm,Fracture,uncertain,0.45
patient00044/study7,patient00044/study7/view2_lateral.dcm,Lung Lesion,uncertain,0.35
patient00044/study7,patient00044/study7/view2_lateral.dcm,Lung Opacity,present,0.7686551809310913
patient00044/study7,patient00044/study7/view2_lateral.dcm,Enlarged Cardiomediastinum,uncertain,0.45
patient00044/study7,patient00044/study7/view2_lateral.dcm,Pleural Other,uncertain,0.35
patient00044/study7,patient00044/study7/view2_lateral.dcm,Support Devices,uncertain,0.35
patient00044/study7,patient00044/study7/view2_lateral.dcm,No Finding,absent,0.95
patient00044/study1,patient00044/study1/view1_frontal.dcm,Atelectasis,uncertain,0.55
patient00044/study1,patient00044/study1/view1_frontal.dcm,Cardiomegaly,uncertain,0.55
patient00044/study1,patient00044/study1/view1_frontal.dcm,Consolidation,uncertain,0.55
patient00044/study1,patient00044/study1/view1_frontal.dcm,Edema,uncertain,0.45
patient00044/study1,patient00044/study1/view1_frontal.dcm,Pleural Effusion,present,0.7097418308258057
patient00044/study1,patient00044/study1/view1_frontal.dcm,Pneumonia,uncertain,0.45
patient00044/study1,patient00044/study1/view1_frontal.dcm,Pneumothorax,uncertain,0.45
patient00044/study1,patient00044/study1/view1_frontal.dcm,Fracture,uncertain,0.45
patient00044/study1,patient00044/study1/view1_frontal.dcm,Lung Lesion,absent,0.85
patient00044/study1,patient00044/study1/view1_frontal.dcm,Lung Opacity,present,0.8718189001083374
patient00044/study1,patient00044/study1/view1_frontal.dcm,Enlarged Cardiomediastinum,uncertain,0.55
patient00044/study1,patient00044/study1/view1_frontal.dcm,Pleural Other,uncertain,0.35
patient00044/study1,patient00044/study1/view1_frontal.dcm,Support Devices,uncertain,0.35
patient00044/study1,patient00044/study1/view1_frontal.dcm,No Finding,absent,0.95
patient00044/study3,patient00044/study3/view1_frontal.dcm,Atelectasis,uncertain,0.55
patient00044/study3,patient00044/study3/view1_frontal.dcm,Cardiomegaly,uncertain,0.55
patient00044/study3,patient00044/study3/view1_frontal.dcm,Consolidation,uncertain,0.55
patient00044/study3,patient00044/study3/view1_frontal.dcm,Edema,present,0.6145973801612854
patient00044/study3,patient00044/study3/view1_frontal.dcm,Pleural Effusion,present,0.8240556120872498
patient00044/study3,patient00044/study3/view1_frontal.dcm,Pneumonia,uncertain,0.45
patient00044/study3,patient00044/study3/view1_frontal.dcm,Pneumothorax,uncertain,0.35
patient00044/study3,patient00044/study3/view1_frontal.dcm,Fracture,uncertain,0.45
patient00044/study3,patient00044/study3/view1_frontal.dcm,Lung Lesion,absent,0.85
patient00044/study3,patient00044/study3/view1_frontal.dcm,Lung Opacity,present,0.7752529978752136
patient00044/study3,patient00044/study3/view1_frontal.dcm,Enlarged Cardiomediastinum,uncertain,0.45
patient00044/study3,patient00044/study3/view1_frontal.dcm,Pleural Other,uncertain,0.45
patient00044/study3,patient00044/study3/view1_frontal.dcm,Support Devices,uncertain,0.35
patient00044/study3,patient00044/study3/view1_frontal.dcm,No Finding,absent,0.95
patient00044/study4,patient00044/study4/view1_frontal.dcm,Atelectasis,uncertain,0.55
patient00044/study4,patient00044/study4/view1_frontal.dcm,Cardiomegaly,uncertain,0.45
patient00044/study4,patient00044/study4/view1_frontal.dcm,Consolidation,uncertain,0.55
patient00044/study4,patient00044/study4/view1_frontal.dcm,Edema,uncertain,0.45
patient00044/study4,patient00044/study4/view1_frontal.dcm,Pleural Effusion,present,0.7728831768035889
patient00044/study4,patient00044/study4/view1_frontal.dcm,Pneumonia,uncertain,0.45
patient00044/study4,patient00044/study4/view1_frontal.dcm,Pneumothorax,uncertain,0.45
patient00044/study4,patient00044/study4/view1_frontal.dcm,Fracture,uncertain,0.45
patient00044/study4,patient00044/study4/view1_frontal.dcm,Lung Lesion,uncertain,0.35
patient00044/study4,patient00044/study4/view1_frontal.dcm,Lung Opacity,present,0.7688826322555542
patient00044/study4,patient00044/study4/view1_frontal.dcm,Enlarged Cardiomediastinum,uncertain,0.45
patient00044/study4,patient00044/study4/view1_frontal.dcm,Pleural Other,uncertain,0.45
patient00044/study4,patient00044/study4/view1_frontal.dcm,Support Devices,uncertain,0.35
patient00044/study4,patient00044/study4/view1_frontal.dcm,No Finding,absent,0.95
patient00044/study2,patient00044/study2/view1_frontal.dcm,Atelectasis,present,0.7995318174362183
patient00044/study2,patient00044/study2/view1_frontal.dcm,Cardiomegaly,present,0.7929907441139221
patient00044/study2,patient00044/study2/view1_frontal.dcm,Consolidation,present,0.7777925133705139
patient00044/study2,patient00044/study2/view1_frontal.dcm,Edema,present,0.7914809584617615
patient00044/study2,patient00044/study2/view1_frontal.dcm,Pleural Effusion,present,0.9209588766098022
patient00044/study2,patient00044/study2/view1_frontal.dcm,Pneumonia,present,0.735302746295929
patient00044/study2,patient00044/study2/view1_frontal.dcm,Pneumothorax,uncertain,0.35
patient00044/study2,patient00044/study2/view1_frontal.dcm,Fracture,uncertain,0.45
patient00044/study2,patient00044/study2/view1_frontal.dcm,Lung Lesion,uncertain,0.45
patient00044/study2,patient00044/study2/view1_frontal.dcm,Lung Opacity,present,0.935680627822876
patient00044/study2,patient00044/study2/view1_frontal.dcm,Enlarged Cardiomediastinum,uncertain,0.55
patient00044/study2,patient00044/study2/view1_frontal.dcm,Pleural Other,uncertain,0.35
patient00044/study2,patient00044/study2/view1_frontal.dcm,Support Devices,uncertain,0.35
patient00044/study2,patient00044/study2/view1_frontal.dcm,No Finding,absent,0.95
patient00044/study5,patient00044/study5/view1_frontal.dcm,Atelectasis,present,0.7559829354286194
patient00044/study5,patient00044/study5/view1_frontal.dcm,Cardiomegaly,present,0.8157920837402344
patient00044/study5,patient00044/study5/view1_frontal.dcm,Consolidation,present,0.799045979976654
patient00044/study5,patient00044/study5/view1_frontal.dcm,Edema,present,0.7359530329704285
patient00044/study5,patient00044/study5/view1_frontal.dcm,Pleural Effusion,present,0.8951963782310486
patient00044/study5,patient00044/study5/view1_frontal.dcm,Pneumonia,uncertain,0.45
patient00044/study5,patient00044/study5/view1_frontal.dcm,Pneumothorax,uncertain,0.45
patient00044/study5,patient00044/study5/view1_frontal.dcm,Fracture,uncertain,0.45
patient00044/study5,patient00044/study5/view1_frontal.dcm,Lung Lesion,uncertain,0.45
patient00044/study5,patient00044/study5/view1_frontal.dcm,Lung Opacity,present,0.920103907585144
patient00044/study5,patient00044/study5/view1_frontal.dcm,Enlarged Cardiomediastinum,uncertain,0.55
patient00044/study5,patient00044/study5/view1_frontal.dcm,Pleural Other,uncertain,0.45
patient00044/study5,patient00044/study5/view1_frontal.dcm,Support Devices,uncertain,0.35
patient00044/study5,patient00044/study5/view1_frontal.dcm,No Finding,absent,0.95
patient00045/study1,patient00045/study1/view1_frontal.dcm,Atelectasis,uncertain,0.35
patient00045/study1,patient00045/study1/view1_frontal.dcm,Cardiomegaly,present,0.7560052871704102
patient00045/study1,patient00045/study1/view1_frontal.dcm,Consolidation,absent,0.85
patient00045/study1,patient00045/study1/view1_frontal.dcm,Edema,absent,0.85
patient00045/study1,patient00045/study1/view1_frontal.dcm,Pleural Effusion,absent,0.85
patient00045/study1,patient00045/study1/view1_frontal.dcm,Pneumonia,absent,0.85
patient00045/study1,patient00045/study1/view1_frontal.dcm,Pneumothorax,absent,0.85
patient00045/study1,patient00045/study1/view1_frontal.dcm,Fracture,absent,0.85
patient00045/study1,patient00045/study1/view1_frontal.dcm,Lung Lesion,absent,0.85
patient00045/study1,patient00045/study1/view1_frontal.dcm,Lung Opacity,absent,0.85
patient00045/study1,patient00045/study1/view1_frontal.dcm,Enlarged Cardiomediastinum,uncertain,0.35
patient00045/study1,patient00045/study1/view1_frontal.dcm,Pleural Other,absent,0.85
patient00045/study1,patient00045/study1/view1_frontal.dcm,Support Devices,uncertain,0.35
patient00045/study1,patient00045/study1/view1_frontal.dcm,No Finding,absent,0.95
patient00045/study1,patient00045/study1/view2_lateral.dcm,Atelectasis,uncertain,0.45
patient00045/study1,patient00045/study1/view2_lateral.dcm,Cardiomegaly,uncertain,0.45
patient00045/study1,patient00045/study1/view2_lateral.dcm,Consolidation,uncertain,0.45
patient00045/study1,patient00045/study1/view2_lateral.dcm,Edema,uncertain,0.45
patient00045/study1,patient00045/study1/view2_lateral.dcm,Pleural Effusion,present,0.7697082757949829
patient00045/study1,patient00045/study1/view2_lateral.dcm,Pneumonia,present,0.621772050857544
patient00045/study1,patient00045/study1/view2_lateral.dcm,Pneumothorax,uncertain,0.35
patient00045/study1,patient00045/study1/view2_lateral.dcm,Fracture,uncertain,0.45
patient00045/study1,patient00045/study1/view2_lateral.dcm,Lung Lesion,uncertain,0.45
patient00045/study1,patient00045/study1/view2_lateral.dcm,Lung Opacity,present,0.7938812971115112
patient00045/study1,patient00045/study1/view2_lateral.dcm,Enlarged Cardiomediastinum,uncertain,0.45
patient00045/study1,patient00045/study1/view2_lateral.dcm,Pleural Other,uncertain,0.35
patient00045/study1,patient00045/study1/view2_lateral.dcm,Support Devices,uncertain,0.35
patient00045/study1,patient00045/study1/view2_lateral.dcm,No Finding,absent,0.95
patient00048/study1,patient00048/study1/view1_frontal.dcm,Atelectasis,uncertain,0.45
patient00048/study1,patient00048/study1/view1_frontal.dcm,Cardiomegaly,uncertain,0.35
patient00048/study1,patient00048/study1/view1_frontal.dcm,Consolidation,uncertain,0.45
patient00048/study1,patient00048/study1/view1_frontal.dcm,Edema,uncertain,0.45
patient00048/study1,patient00048/study1/view1_frontal.dcm,Pleural Effusion,uncertain,0.45
patient00048/study1,patient00048/study1/view1_frontal.dcm,Pneumonia,absent,0.85
patient00048/study1,patient00048/study1/view1_frontal.dcm,Pneumothorax,uncertain,0.45
patient00048/study1,patient00048/study1/view1_frontal.dcm,Fracture,uncertain,0.45
patient00048/study1,patient00048/study1/view1_frontal.dcm,Lung Lesion,absent,0.85
patient00048/study1,patient00048/study1/view1_frontal.dcm,Lung Opacity,uncertain,0.55
patient00048/study1,patient00048/study1/view1_frontal.dcm,Enlarged Cardiomediastinum,uncertain,0.35
patient00048/study1,patient00048/study1/view1_frontal.dcm,Pleural Other,uncertain,0.35
patient00048/study1,patient00048/study1/view1_frontal.dcm,Support Devices,uncertain,0.35
patient00048/study1,patient00048/study1/view1_frontal.dcm,No Finding,absent,0.95
patient00049/study2,patient00049/study2/view1_frontal.dcm,Atelectasis,uncertain,0.45
patient00049/study2,patient00049/study2/view1_frontal.dcm,Cardiomegaly,uncertain,0.45
patient00049/study2,patient00049/study2/view1_frontal.dcm,Consolidation,uncertain,0.45
patient00049/study2,patient00049/study2/view1_frontal.dcm,Edema,uncertain,0.45
patient00049/study2,patient00049/study2/view1_frontal.dcm,Pleural Effusion,uncertain,0.35
patient00049/study2,patient00049/study2/view1_frontal.dcm,Pneumonia,uncertain,0.35
patient00049/study2,patient00049/study2/view1_frontal.dcm,Pneumothorax,uncertain,0.35
patient00049/study2,patient00049/study2/view1_frontal.dcm,Fracture,uncertain,0.35
patient00049/study2,patient00049/study2/view1_frontal.dcm,Lung Lesion,absent,0.85
patient00049/study2,patient00049/study2/view1_frontal.dcm,Lung Opacity,present,0.8557455539703369
patient00049/study2,patient00049/study2/view1_frontal.dcm,Enlarged Cardiomediastinum,uncertain,0.45
patient00049/study2,patient00049/study2/view1_frontal.dcm,Pleural Other,uncertain,0.35
patient00049/study2,patient00049/study2/view1_frontal.dcm,Support Devices,uncertain,0.35
patient00049/study2,patient00049/study2/view1_frontal.dcm,No Finding,absent,0.95
patient00049/study1,patient00049/study1/view1_frontal.dcm,Atelectasis,uncertain,0.35
patient00049/study1,patient00049/study1/view1_frontal.dcm,Cardiomegaly,absent,0.85
patient00049/study1,patient00049/study1/view1_frontal.dcm,Consolidation,absent,0.85
patient00049/study1,patient00049/study1/view1_frontal.dcm,Edema,absent,0.85
patient00049/study1,patient00049/study1/view1_frontal.dcm,Pleural Effusion,absent,0.85
patient00049/study1,patient00049/study1/view1_frontal.dcm,Pneumonia,absent,0.85
patient00049/study1,patient00049/study1/view1_frontal.dcm,Pneumothorax,absent,0.85
patient00049/study1,patient00049/study1/view1_frontal.dcm,Fracture,uncertain,0.35
patient00049/study1,patient00049/study1/view1_frontal.dcm,Lung Lesion,absent,0.85
patient00049/study1,patient00049/study1/view1_frontal.dcm,Lung Opacity,uncertain,0.35
patient00049/study1,patient00049/study1/view1_frontal.dcm,Enlarged Cardiomediastinum,absent,0.85
patient00049/study1,patient00049/study1/view1_frontal.dcm,Pleural Other,absent,0.85
patient00049/study1,patient00049/study1/view1_frontal.dcm,Support Devices,unavailable,0.0
patient00049/study1,patient00049/study1/view1_frontal.dcm,No Finding,absent,0.95
patient00055/study2,patient00055/study2/view1_frontal.dcm,Atelectasis,uncertain,0.35
patient00055/study2,patient00055/study2/view1_frontal.dcm,Cardiomegaly,uncertain,0.35
patient00055/study2,patient00055/study2/view1_frontal.dcm,Consolidation,uncertain,0.45
patient00055/study2,patient00055/study2/view1_frontal.dcm,Edema,absent,0.85
patient00055/study2,patient00055/study2/view1_frontal.dcm,Pleural Effusion,uncertain,0.35
patient00055/study2,patient00055/study2/view1_frontal.dcm,Pneumonia,absent,0.85
patient00055/study2,patient00055/study2/view1_frontal.dcm,Pneumothorax,absent,0.85
patient00055/study2,patient00055/study2/view1_frontal.dcm,Fracture,absent,0.85
patient00055/study2,patient00055/study2/view1_frontal.dcm,Lung Lesion,absent,0.85
patient00055/study2,patient00055/study2/view1_frontal.dcm,Lung Opacity,uncertain,0.35
patient00055/study2,patient00055/study2/view1_frontal.dcm,Enlarged Cardiomediastinum,uncertain,0.35
patient00055/study2,patient00055/study2/view1_frontal.dcm,Pleural Other,absent,0.85
patient00055/study2,patient00055/study2/view1_frontal.dcm,Support Devices,uncertain,0.35
patient00055/study2,patient00055/study2/view1_frontal.dcm,No Finding,absent,0.95
patient00055/study2,patient00055/study2/view2_lateral.dcm,Atelectasis,uncertain,0.45
patient00055/study2,patient00055/study2/view2_lateral.dcm,Cardiomegaly,uncertain,0.35
patient00055/study2,patient00055/study2/view2_lateral.dcm,Consolidation,uncertain,0.45
patient00055/study2,patient00055/study2/view2_lateral.dcm,Edema,uncertain,0.45
patient00055/study2,patient00055/study2/view2_lateral.dcm,Pleural Effusion,present,0.7337033748626709
patient00055/study2,patient00055/study2/view2_lateral.dcm,Pneumonia,present,0.6462634801864624
patient00055/study2,patient00055/study2/view2_lateral.dcm,Pneumothorax,uncertain,0.45
patient00055/study2,patient00055/study2/view2_lateral.dcm,Fracture,absent,0.85
patient00055/study2,patient00055/study2/view2_lateral.dcm,Lung Lesion,uncertain,0.45
patient00055/study2,patient00055/study2/view2_lateral.dcm,Lung Opacity,present,0.8834941983222961
patient00055/study2,patient00055/study2/view2_lateral.dcm,Enlarged Cardiomediastinum,uncertain,0.55
patient00055/study2,patient00055/study2/view2_lateral.dcm,Pleural Other,absent,0.85
patient00055/study2,patient00055/study2/view2_lateral.dcm,Support Devices,uncertain,0.35
patient00055/study2,patient00055/study2/view2_lateral.dcm,No Finding,absent,0.95
patient00055/study3,patient00055/study3/view1_frontal.dcm,Atelectasis,uncertain,0.55
patient00055/study3,patient00055/study3/view1_frontal.dcm,Cardiomegaly,uncertain,0.35
patient00055/study3,patient00055/study3/view1_frontal.dcm,Consolidation,uncertain,0.55
patient00055/study3,patient00055/study3/view1_frontal.dcm,Edema,absent,0.85
patient00055/study3,patient00055/study3/view1_frontal.dcm,Pleural Effusion,present,0.7296745181083679
patient00055/study3,patient00055/study3/view1_frontal.dcm,Pneumonia,absent,0.85
patient00055/study3,patient00055/study3/view1_frontal.dcm,Pneumothorax,uncertain,0.45
patient00055/study3,patient00055/study3/view1_frontal.dcm,Fracture,uncertain,0.45
patient00055/study3,patient00055/study3/view1_frontal.dcm,Lung Lesion,absent,0.85
patient00055/study3,patient00055/study3/view1_frontal.dcm,Lung Opacity,present,0.7645342350006104
patient00055/study3,patient00055/study3/view1_frontal.dcm,Enlarged Cardiomediastinum,uncertain,0.45
patient00055/study3,patient00055/study3/view1_frontal.dcm,Pleural Other,uncertain,0.45
patient00055/study3,patient00055/study3/view1_frontal.dcm,Support Devices,uncertain,0.35
patient00055/study3,patient00055/study3/view1_frontal.dcm,No Finding,absent,0.95
patient00055/study1,patient00055/study1/view1_frontal.dcm,Atelectasis,uncertain,0.35
patient00055/study1,patient00055/study1/view1_frontal.dcm,Cardiomegaly,uncertain,0.35
patient00055/study1,patient00055/study1/view1_frontal.dcm,Consolidation,uncertain,0.35
patient00055/study1,patient00055/study1/view1_frontal.dcm,Edema,absent,0.85
patient00055/study1,patient00055/study1/view1_frontal.dcm,Pleural Effusion,absent,0.85
patient00055/study1,patient00055/study1/view1_frontal.dcm,Pneumonia,absent,0.85
patient00055/study1,patient00055/study1/view1_frontal.dcm,Pneumothorax,absent,0.85
patient00055/study1,patient00055/study1/view1_frontal.dcm,Fracture,absent,0.85
patient00055/study1,patient00055/study1/view1_frontal.dcm,Lung Lesion,absent,0.85
patient00055/study1,patient00055/study1/view1_frontal.dcm,Lung Opacity,uncertain,0.35
patient00055/study1,patient00055/study1/view1_frontal.dcm,Enlarged Cardiomediastinum,absent,0.85
patient00055/study1,patient00055/study1/view1_frontal.dcm,Pleural Other,absent,0.85
patient00055/study1,patient00055/study1/view1_frontal.dcm,Support Devices,uncertain,0.35
patient00055/study1,patient00055/study1/view1_frontal.dcm,No Finding,absent,0.95
patient00058/study1,patient00058/study1/view1_frontal.dcm,Atelectasis,uncertain,0.35
patient00058/study1,patient00058/study1/view1_frontal.dcm,Cardiomegaly,absent,0.85
patient00058/study1,patient00058/study1/view1_frontal.dcm,Consolidation,uncertain,0.35
patient00058/study1,patient00058/study1/view1_frontal.dcm,Edema,absent,0.85
patient00058/study1,patient00058/study1/view1_frontal.dcm,Pleural Effusion,absent,0.85
patient00058/study1,patient00058/study1/view1_frontal.dcm,Pneumonia,absent,0.85
patient00058/study1,patient00058/study1/view1_frontal.dcm,Pneumothorax,absent,0.85
patient00058/study1,patient00058/study1/view1_frontal.dcm,Fracture,uncertain,0.35
patient00058/study1,patient00058/study1/view1_frontal.dcm,Lung Lesion,absent,0.85
patient00058/study1,patient00058/study1/view1_frontal.dcm,Lung Opacity,uncertain,0.35
patient00058/study1,patient00058/study1/view1_frontal.dcm,Enlarged Cardiomediastinum,absent,0.85
patient00058/study1,patient00058/study1/view1_frontal.dcm,Pleural Other,uncertain,0.45
patient00058/study1,patient00058/study1/view1_frontal.dcm,Support Devices,unavailable,0.0
patient00058/study1,patient00058/study1/view1_frontal.dcm,No Finding,absent,0.95
patient00058/study1,patient00058/study1/view2_lateral.dcm,Atelectasis,uncertain,0.35
patient00058/study1,patient00058/study1/view2_lateral.dcm,Cardiomegaly,absent,0.85
patient00058/study1,patient00058/study1/view2_lateral.dcm,Consolidation,uncertain,0.45
patient00058/study1,patient00058/study1/view2_lateral.dcm,Edema,uncertain,0.35
patient00058/study1,patient00058/study1/view2_lateral.dcm,Pleural Effusion,absent,0.85
patient00058/study1,patient00058/study1/view2_lateral.dcm,Pneumonia,present,0.6906753778457642
patient00058/study1,patient00058/study1/view2_lateral.dcm,Pneumothorax,absent,0.85
patient00058/study1,patient00058/study1/view2_lateral.dcm,Fracture,absent,0.85
patient00058/study1,patient00058/study1/view2_lateral.dcm,Lung Lesion,absent,0.85
patient00058/study1,patient00058/study1/view2_lateral.dcm,Lung Opacity,present,0.8051456809043884
patient00058/study1,patient00058/study1/view2_lateral.dcm,Enlarged Cardiomediastinum,uncertain,0.35
patient00058/study1,patient00058/study1/view2_lateral.dcm,Pleural Other,absent,0.85
patient00058/study1,patient00058/study1/view2_lateral.dcm,Support Devices,unavailable,0.0
patient00058/study1,patient00058/study1/view2_lateral.dcm,No Finding,absent,0.95
patient00064/study1,patient00064/study1/view1_frontal.dcm,Atelectasis,uncertain,0.35
patient00064/study1,patient00064/study1/view1_frontal.dcm,Cardiomegaly,absent,0.85
patient00064/study1,patient00064/study1/view1_frontal.dcm,Consolidation,uncertain,0.45
patient00064/study1,patient00064/study1/view1_frontal.dcm,Edema,absent,0.85
patient00064/study1,patient00064/study1/view1_frontal.dcm,Pleural Effusion,absent,0.85
patient00064/study1,patient00064/study1/view1_frontal.dcm,Pneumonia,absent,0.85
patient00064/study1,patient00064/study1/view1_frontal.dcm,Pneumothorax,uncertain,0.35
patient00064/study1,patient00064/study1/view1_frontal.dcm,Fracture,uncertain,0.45
patient00064/study1,patient00064/study1/view1_frontal.dcm,Lung Lesion,uncertain,0.45
patient00064/study1,patient00064/study1/view1_frontal.dcm,Lung Opacity,uncertain,0.55
patient00064/study1,patient00064/study1/view1_frontal.dcm,Enlarged Cardiomediastinum,uncertain,0.45
patient00064/study1,patient00064/study1/view1_frontal.dcm,Pleural Other,uncertain,0.35
patient00064/study1,patient00064/study1/view1_frontal.dcm,Support Devices,uncertain,0.35
patient00064/study1,patient00064/study1/view1_frontal.dcm,No Finding,absent,0.95
patient00067/study4,patient00067/study4/view1_frontal.dcm,Atelectasis,uncertain,0.55
patient00067/study4,patient00067/study4/view1_frontal.dcm,Cardiomegaly,absent,0.85
patient00067/study4,patient00067/study4/view1_frontal.dcm,Consolidation,uncertain,0.45
patient00067/study4,patient00067/study4/view1_frontal.dcm,Edema,absent,0.85
patient00067/study4,patient00067/study4/view1_frontal.dcm,Pleural Effusion,present,0.613222599029541
patient00067/study4,patient00067/study4/view1_frontal.dcm,Pneumonia,absent,0.85
patient00067/study4,patient00067/study4/view1_frontal.dcm,Pneumothorax,uncertain,0.45
patient00067/study4,patient00067/study4/view1_frontal.dcm,Fracture,uncertain,0.45
patient00067/study4,patient00067/study4/view1_frontal.dcm,Lung Lesion,absent,0.85
patient00067/study4,patient00067/study4/view1_frontal.dcm,Lung Opacity,uncertain,0.55
patient00067/study4,patient00067/study4/view1_frontal.dcm,Enlarged Cardiomediastinum,uncertain,0.35
patient00067/study4,patient00067/study4/view1_frontal.dcm,Pleural Other,uncertain,0.35
patient00067/study4,patient00067/study4/view1_frontal.dcm,Support Devices,uncertain,0.35
patient00067/study4,patient00067/study4/view1_frontal.dcm,No Finding,absent,0.95
patient00067/study3,patient00067/study3/view1_frontal.dcm,Atelectasis,uncertain,0.45
patient00067/study3,patient00067/study3/view1_frontal.dcm,Cardiomegaly,absent,0.85
patient00067/study3,patient00067/study3/view1_frontal.dcm,Consolidation,uncertain,0.45
patient00067/study3,patient00067/study3/view1_frontal.dcm,Edema,absent,0.85
patient00067/study3,patient00067/study3/view1_frontal.dcm,Pleural Effusion,uncertain,0.35
patient00067/study3,patient00067/study3/view1_frontal.dcm,Pneumonia,absent,0.85
patient00067/study3,patient00067/study3/view1_frontal.dcm,Pneumothorax,uncertain,0.45
patient00067/study3,patient00067/study3/view1_frontal.dcm,Fracture,uncertain,0.35
patient00067/study3,patient00067/study3/view1_frontal.dcm,Lung Lesion,uncertain,0.35
patient00067/study3,patient00067/study3/view1_frontal.dcm,Lung Opacity,uncertain,0.45
patient00067/study3,patient00067/study3/view1_frontal.dcm,Enlarged Cardiomediastinum,uncertain,0.45
patient00067/study3,patient00067/study3/view1_frontal.dcm,Pleural Other,uncertain,0.35
patient00067/study3,patient00067/study3/view1_frontal.dcm,Support Devices,uncertain,0.35
patient00067/study3,patient00067/study3/view1_frontal.dcm,No Finding,absent,0.95
patient00067/study1,patient00067/study1/view1_frontal.dcm,Atelectasis,uncertain,0.35
patient00067/study1,patient00067/study1/view1_frontal.dcm,Cardiomegaly,absent,0.85
patient00067/study1,patient00067/study1/view1_frontal.dcm,Consolidation,uncertain,0.45
patient00067/study1,patient00067/study1/view1_frontal.dcm,Edema,absent,0.85
patient00067/study1,patient00067/study1/view1_frontal.dcm,Pleural Effusion,uncertain,0.45
patient00067/study1,patient00067/study1/view1_frontal.dcm,Pneumonia,uncertain,0.35
patient00067/study1,patient00067/study1/view1_frontal.dcm,Pneumothorax,uncertain,0.45
patient00067/study1,patient00067/study1/view1_frontal.dcm,Fracture,uncertain,0.35
patient00067/study1,patient00067/study1/view1_frontal.dcm,Lung Lesion,absent,0.85
patient00067/study1,patient00067/study1/view1_frontal.dcm,Lung Opacity,uncertain,0.55
patient00067/study1,patient00067/study1/view1_frontal.dcm,Enlarged Cardiomediastinum,uncertain,0.45
patient00067/study1,patient00067/study1/view1_frontal.dcm,Pleural Other,uncertain,0.45
patient00067/study1,patient00067/study1/view1_frontal.dcm,Support Devices,uncertain,0.35
patient00067/study1,patient00067/study1/view1_frontal.dcm,No Finding,absent,0.95
patient00067/study2,patient00067/study2/view1_frontal.dcm,Atelectasis,uncertain,0.45
patient00067/study2,patient00067/study2/view1_frontal.dcm,Cardiomegaly,uncertain,0.45
patient00067/study2,patient00067/study2/view1_frontal.dcm,Consolidation,uncertain,0.45
patient00067/study2,patient00067/study2/view1_frontal.dcm,Edema,uncertain,0.35
patient00067/study2,patient00067/study2/view1_frontal.dcm,Pleural Effusion,uncertain,0.45
patient00067/study2,patient00067/study2/view1_frontal.dcm,Pneumonia,uncertain,0.35
patient00067/study2,patient00067/study2/view1_frontal.dcm,Pneumothorax,uncertain,0.45
patient00067/study2,patient00067/study2/view1_frontal.dcm,Fracture,uncertain,0.45
patient00067/study2,patient00067/study2/view1_frontal.dcm,Lung Lesion,absent,0.85
patient00067/study2,patient00067/study2/view1_frontal.dcm,Lung Opacity,uncertain,0.55
patient00067/study2,patient00067/study2/view1_frontal.dcm,Enlarged Cardiomediastinum,uncertain,0.45
patient00067/study2,patient00067/study2/view1_frontal.dcm,Pleural Other,uncertain,0.35
patient00067/study2,patient00067/study2/view1_frontal.dcm,Support Devices,uncertain,0.35
patient00067/study2,patient00067/study2/view1_frontal.dcm,No Finding,absent,0.95
patient00068/study1,patient00068/study1/view1_frontal.dcm,Atelectasis,uncertain,0.45
patient00068/study1,patient00068/study1/view1_frontal.dcm,Cardiomegaly,uncertain,0.55
patient00068/study1,patient00068/study1/view1_frontal.dcm,Consolidation,uncertain,0.45
patient00068/study1,patient00068/study1/view1_frontal.dcm,Edema,uncertain,0.35
patient00068/study1,patient00068/study1/view1_frontal.dcm,Pleural Effusion,uncertain,0.35
patient00068/study1,patient00068/study1/view1_frontal.dcm,Pneumonia,absent,0.85
patient00068/study1,patient00068/study1/view1_frontal.dcm,Pneumothorax,uncertain,0.35
patient00068/study1,patient00068/study1/view1_frontal.dcm,Fracture,uncertain,0.45
patient00068/study1,patient00068/study1/view1_frontal.dcm,Lung Lesion,absent,0.85
patient00068/study1,patient00068/study1/view1_frontal.dcm,Lung Opacity,uncertain,0.45
patient00068/study1,patient00068/study1/view1_frontal.dcm,Enlarged Cardiomediastinum,uncertain,0.45
patient00068/study1,patient00068/study1/view1_frontal.dcm,Pleural Other,uncertain,0.35
patient00068/study1,patient00068/study1/view1_frontal.dcm,Support Devices,uncertain,0.35
patient00068/study1,patient00068/study1/view1_frontal.dcm,No Finding,absent,0.95
patient00070/study1,patient00070/study1/view1_frontal.dcm,Atelectasis,absent,0.85
patient00070/study1,patient00070/study1/view1_frontal.dcm,Cardiomegaly,absent,0.85
patient00070/study1,patient00070/study1/view1_frontal.dcm,Consolidation,absent,0.85
patient00070/study1,patient00070/study1/view1_frontal.dcm,Edema,absent,0.85
patient00070/study1,patient00070/study1/view1_frontal.dcm,Pleural Effusion,absent,0.85
patient00070/study1,patient00070/study1/view1_frontal.dcm,Pneumonia,absent,0.85
patient00070/study1,patient00070/study1/view1_frontal.dcm,Pneumothorax,absent,0.85
patient00070/study1,patient00070/study1/view1_frontal.dcm,Fracture,absent,0.85
patient00070/study1,patient00070/study1/view1_frontal.dcm,Lung Lesion,absent,0.85
patient00070/study1,patient00070/study1/view1_frontal.dcm,Lung Opacity,absent,0.85
patient00070/study1,patient00070/study1/view1_frontal.dcm,Enlarged Cardiomediastinum,absent,0.85
patient00070/study1,patient00070/study1/view1_frontal.dcm,Pleural Other,absent,0.85
patient00070/study1,patient00070/study1/view1_frontal.dcm,Support Devices,unavailable,0.0
patient00070/study1,patient00070/study1/view1_frontal.dcm,No Finding,absent,0.95
patient00076/study1,patient00076/study1/view1_frontal.dcm,Atelectasis,uncertain,0.45
patient00076/study1,patient00076/study1/view1_frontal.dcm,Cardiomegaly,uncertain,0.45
patient00076/study1,patient00076/study1/view1_frontal.dcm,Consolidation,uncertain,0.45
patient00076/study1,patient00076/study1/view1_frontal.dcm,Edema,uncertain,0.45
patient00076/study1,patient00076/study1/view1_frontal.dcm,Pleural Effusion,uncertain,0.45
patient00076/study1,patient00076/study1/view1_frontal.dcm,Pneumonia,absent,0.85
patient00076/study1,patient00076/study1/view1_frontal.dcm,Pneumothorax,uncertain,0.45
patient00076/study1,patient00076/study1/view1_frontal.dcm,Fracture,uncertain,0.45
patient00076/study1,patient00076/study1/view1_frontal.dcm,Lung Lesion,absent,0.85
patient00076/study1,patient00076/study1/view1_frontal.dcm,Lung Opacity,present,0.8124663829803467
patient00076/study1,patient00076/study1/view1_frontal.dcm,Enlarged Cardiomediastinum,uncertain,0.45
patient00076/study1,patient00076/study1/view1_frontal.dcm,Pleural Other,absent,0.85
patient00076/study1,patient00076/study1/view1_frontal.dcm,Support Devices,uncertain,0.35
patient00076/study1,patient00076/study1/view1_frontal.dcm,No Finding,absent,0.95
patient00078/study6,patient00078/study6/view1_frontal.dcm,Atelectasis,uncertain,0.35
patient00078/study6,patient00078/study6/view1_frontal.dcm,Cardiomegaly,absent,0.85
patient00078/study6,patient00078/study6/view1_frontal.dcm,Consolidation,uncertain,0.45
patient00078/study6,patient00078/study6/view1_frontal.dcm,Edema,absent,0.85
patient00078/study6,patient00078/study6/view1_frontal.dcm,Pleural Effusion,absent,0.85
patient00078/study6,patient00078/study6/view1_frontal.dcm,Pneumonia,absent,0.85
patient00078/study6,patient00078/study6/view1_frontal.dcm,Pneumothorax,uncertain,0.45
patient00078/study6,patient00078/study6/view1_frontal.dcm,Fracture,uncertain,0.45
patient00078/study6,patient00078/study6/view1_frontal.dcm,Lung Lesion,absent,0.85
patient00078/study6,patient00078/study6/view1_frontal.dcm,Lung Opacity,uncertain,0.35
patient00078/study6,patient00078/study6/view1_frontal.dcm,Enlarged Cardiomediastinum,absent,0.85
patient00078/study6,patient00078/study6/view1_frontal.dcm,Pleural Other,uncertain,0.35
patient00078/study6,patient00078/study6/view1_frontal.dcm,Support Devices,uncertain,0.35
patient00078/study6,patient00078/study6/view1_frontal.dcm,No Finding,absent,0.95
patient00078/study7,patient00078/study7/view1_frontal.dcm,Atelectasis,uncertain,0.35
patient00078/study7,patient00078/study7/view1_frontal.dcm,Cardiomegaly,absent,0.85
patient00078/study7,patient00078/study7/view1_frontal.dcm,Consolidation,uncertain,0.45
patient00078/study7,patient00078/study7/view1_frontal.dcm,Edema,absent,0.85
patient00078/study7,patient00078/study7/view1_frontal.dcm,Pleural Effusion,uncertain,0.35
patient00078/study7,patient00078/study7/view1_frontal.dcm,Pneumonia,absent,0.85
patient00078/study7,patient00078/study7/view1_frontal.dcm,Pneumothorax,uncertain,0.45
patient00078/study7,patient00078/study7/view1_frontal.dcm,Fracture,uncertain,0.45
patient00078/study7,patient00078/study7/view1_frontal.dcm,Lung Lesion,absent,0.85
patient00078/study7,patient00078/study7/view1_frontal.dcm,Lung Opacity,uncertain,0.35
patient00078/study7,patient00078/study7/view1_frontal.dcm,Enlarged Cardiomediastinum,absent,0.85
patient00078/study7,patient00078/study7/view1_frontal.dcm,Pleural Other,uncertain,0.35
patient00078/study7,patient00078/study7/view1_frontal.dcm,Support Devices,uncertain,0.35
patient00078/study7,patient00078/study7/view1_frontal.dcm,No Finding,absent,0.95
patient00078/study9,patient00078/study9/view1_frontal.dcm,Atelectasis,absent,0.85
patient00078/study9,patient00078/study9/view1_frontal.dcm,Cardiomegaly,absent,0.85
patient00078/study9,patient00078/study9/view1_frontal.dcm,Consolidation,uncertain,0.35
patient00078/study9,patient00078/study9/view1_frontal.dcm,Edema,absent,0.85
patient00078/study9,patient00078/study9/view1_frontal.dcm,Pleural Effusion,absent,0.85
patient00078/study9,patient00078/study9/view1_frontal.dcm,Pneumonia,absent,0.85
patient00078/study9,patient00078/study9/view1_frontal.dcm,Pneumothorax,uncertain,0.35
patient00078/study9,patient00078/study9/view1_frontal.dcm,Fracture,uncertain,0.45
patient00078/study9,patient00078/study9/view1_frontal.dcm,Lung Lesion,absent,0.85
patient00078/study9,patient00078/study9/view1_frontal.dcm,Lung Opacity,absent,0.85
patient00078/study9,patient00078/study9/view1_frontal.dcm,Enlarged Cardiomediastinum,absent,0.85
patient00078/study9,patient00078/study9/view1_frontal.dcm,Pleural Other,absent,0.85
patient00078/study9,patient00078/study9/view1_frontal.dcm,Support Devices,uncertain,0.35
patient00078/study9,patient00078/study9/view1_frontal.dcm,No Finding,absent,0.95
patient00078/study5,patient00078/study5/view1_frontal.dcm,Atelectasis,uncertain,0.45
patient00078/study5,patient00078/study5/view1_frontal.dcm,Cardiomegaly,absent,0.85
patient00078/study5,patient00078/study5/view1_frontal.dcm,Consolidation,absent,0.85
patient00078/study5,patient00078/study5/view1_frontal.dcm,Edema,absent,0.85
patient00078/study5,patient00078/study5/view1_frontal.dcm,Pleural Effusion,absent,0.85
patient00078/study5,patient00078/study5/view1_frontal.dcm,Pneumonia,absent,0.85
patient00078/study5,patient00078/study5/view1_frontal.dcm,Pneumothorax,uncertain,0.35
patient00078/study5,patient00078/study5/view1_frontal.dcm,Fracture,uncertain,0.45
patient00078/study5,patient00078/study5/view1_frontal.dcm,Lung Lesion,absent,0.85
patient00078/study5,patient00078/study5/view1_frontal.dcm,Lung Opacity,uncertain,0.35
patient00078/study5,patient00078/study5/view1_frontal.dcm,Enlarged Cardiomediastinum,absent,0.85
patient00078/study5,patient00078/study5/view1_frontal.dcm,Pleural Other,absent,0.85
patient00078/study5,patient00078/study5/view1_frontal.dcm,Support Devices,uncertain,0.35
patient00078/study5,patient00078/study5/view1_frontal.dcm,No Finding,absent,0.95
patient00078/study4,patient00078/study4/view1_frontal.dcm,Atelectasis,absent,0.85
patient00078/study4,patient00078/study4/view1_frontal.dcm,Cardiomegaly,absent,0.85
patient00078/study4,patient00078/study4/view1_frontal.dcm,Consolidation,absent,0.85
patient00078/study4,patient00078/study4/view1_frontal.dcm,Edema,absent,0.85
patient00078/study4,patient00078/study4/view1_frontal.dcm,Pleural Effusion,absent,0.85
patient00078/study4,patient00078/study4/view1_frontal.dcm,Pneumonia,absent,0.85
patient00078/study4,patient00078/study4/view1_frontal.dcm,Pneumothorax,uncertain,0.45
patient00078/study4,patient00078/study4/view1_frontal.dcm,Fracture,uncertain,0.45
patient00078/study4,patient00078/study4/view1_frontal.dcm,Lung Lesion,absent,0.85
patient00078/study4,patient00078/study4/view1_frontal.dcm,Lung Opacity,uncertain,0.35
patient00078/study4,patient00078/study4/view1_frontal.dcm,Enlarged Cardiomediastinum,absent,0.85
patient00078/study4,patient00078/study4/view1_frontal.dcm,Pleural Other,absent,0.85
patient00078/study4,patient00078/study4/view1_frontal.dcm,Support Devices,uncertain,0.35
patient00078/study4,patient00078/study4/view1_frontal.dcm,No Finding,absent,0.95
patient00078/study1,patient00078/study1/view1_frontal.dcm,Atelectasis,absent,0.85
patient00078/study1,patient00078/study1/view1_frontal.dcm,Cardiomegaly,absent,0.85
patient00078/study1,patient00078/study1/view1_frontal.dcm,Consolidation,absent,0.85
patient00078/study1,patient00078/study1/view1_frontal.dcm,Edema,absent,0.85
patient00078/study1,patient00078/study1/view1_frontal.dcm,Pleural Effusion,absent,0.85
patient00078/study1,patient00078/study1/view1_frontal.dcm,Pneumonia,absent,0.85
patient00078/study1,patient00078/study1/view1_frontal.dcm,Pneumothorax,uncertain,0.45
patient00078/study1,patient00078/study1/view1_frontal.dcm,Fracture,uncertain,0.35
patient00078/study1,patient00078/study1/view1_frontal.dcm,Lung Lesion,absent,0.85
patient00078/study1,patient00078/study1/view1_frontal.dcm,Lung Opacity,absent,0.85
patient00078/study1,patient00078/study1/view1_frontal.dcm,Enlarged Cardiomediastinum,absent,0.85
patient00078/study1,patient00078/study1/view1_frontal.dcm,Pleural Other,uncertain,0.45
patient00078/study1,patient00078/study1/view1_frontal.dcm,Support Devices,uncertain,0.35
patient00078/study1,patient00078/study1/view1_frontal.dcm,No Finding,absent,0.95
patient00078/study8,patient00078/study8/view1_frontal.dcm,Atelectasis,absent,0.85
patient00078/study8,patient00078/study8/view1_frontal.dcm,Cardiomegaly,absent,0.85
patient00078/study8,patient00078/study8/view1_frontal.dcm,Consolidation,absent,0.85
patient00078/study8,patient00078/study8/view1_frontal.dcm,Edema,absent,0.85
patient00078/study8,patient00078/study8/view1_frontal.dcm,Pleural Effusion,absent,0.85
patient00078/study8,patient00078/study8/view1_frontal.dcm,Pneumonia,absent,0.85
patient00078/study8,patient00078/study8/view1_frontal.dcm,Pneumothorax,uncertain,0.35
patient00078/study8,patient00078/study8/view1_frontal.dcm,Fracture,uncertain,0.35
patient00078/study8,patient00078/study8/view1_frontal.dcm,Lung Lesion,absent,0.85
patient00078/study8,patient00078/study8/view1_frontal.dcm,Lung Opacity,absent,0.85
patient00078/study8,patient00078/study8/view1_frontal.dcm,Enlarged Cardiomediastinum,absent,0.85
patient00078/study8,patient00078/study8/view1_frontal.dcm,Pleural Other,absent,0.85
patient00078/study8,patient00078/study8/view1_frontal.dcm,Support Devices,uncertain,0.35
patient00078/study8,patient00078/study8/view1_frontal.dcm,No Finding,absent,0.95
patient00078/study3,patient00078/study3/view1_frontal.dcm,Atelectasis,uncertain,0.45
patient00078/study3,patient00078/study3/view1_frontal.dcm,Cardiomegaly,absent,0.85
patient00078/study3,patient00078/study3/view1_frontal.dcm,Consolidation,uncertain,0.45
patient00078/study3,patient00078/study3/view1_frontal.dcm,Edema,uncertain,0.35
patient00078/study3,patient00078/study3/view1_frontal.dcm,Pleural Effusion,uncertain,0.45
patient00078/study3,patient00078/study3/view1_frontal.dcm,Pneumonia,absent,0.85
patient00078/study3,patient00078/study3/view1_frontal.dcm,Pneumothorax,uncertain,0.45
patient00078/study3,patient00078/study3/view1_frontal.dcm,Fracture,uncertain,0.45
patient00078/study3,patient00078/study3/view1_frontal.dcm,Lung Lesion,absent,0.85
patient00078/study3,patient00078/study3/view1_frontal.dcm,Lung Opacity,uncertain,0.55
patient00078/study3,patient00078/study3/view1_frontal.dcm,Enlarged Cardiomediastinum,uncertain,0.35
patient00078/study3,patient00078/study3/view1_frontal.dcm,Pleural Other,uncertain,0.35
patient00078/study3,patient00078/study3/view1_frontal.dcm,Support Devices,uncertain,0.35
patient00078/study3,patient00078/study3/view1_frontal.dcm,No Finding,absent,0.95
patient00078/study2,patient00078/study2/view1_frontal.dcm,Atelectasis,uncertain,0.45
patient00078/study2,patient00078/study2/view1_frontal.dcm,Cardiomegaly,absent,0.85
patient00078/study2,patient00078/study2/view1_frontal.dcm,Consolidation,uncertain,0.45
patient00078/study2,patient00078/study2/view1_frontal.dcm,Edema,absent,0.85
patient00078/study2,patient00078/study2/view1_frontal.dcm,Pleural Effusion,uncertain,0.35
patient00078/study2,patient00078/study2/view1_frontal.dcm,Pneumonia,absent,0.85
patient00078/study2,patient00078/study2/view1_frontal.dcm,Pneumothorax,uncertain,0.45
patient00078/study2,patient00078/study2/view1_frontal.dcm,Fracture,uncertain,0.45
patient00078/study2,patient00078/study2/view1_frontal.dcm,Lung Lesion,absent,0.85
patient00078/study2,patient00078/study2/view1_frontal.dcm,Lung Opacity,uncertain,0.45
patient00078/study2,patient00078/study2/view1_frontal.dcm,Enlarged Cardiomediastinum,uncertain,0.35
patient00078/study2,patient00078/study2/view1_frontal.dcm,Pleural Other,uncertain,0.45
patient00078/study2,patient00078/study2/view1_frontal.dcm,Support Devices,uncertain,0.35
patient00078/study2,patient00078/study2/view1_frontal.dcm,No Finding,absent,0.95
patient00087/study3,patient00087/study3/view1_frontal.dcm,Atelectasis,uncertain,0.45
patient00087/study3,patient00087/study3/view1_frontal.dcm,Cardiomegaly,uncertain,0.45
patient00087/study3,patient00087/study3/view1_frontal.dcm,Consolidation,uncertain,0.45
patient00087/study3,patient00087/study3/view1_frontal.dcm,Edema,absent,0.85
patient00087/study3,patient00087/study3/view1_frontal.dcm,Pleural Effusion,uncertain,0.45
patient00087/study3,patient00087/study3/view1_frontal.dcm,Pneumonia,uncertain,0.35
patient00087/study3,patient00087/study3/view1_frontal.dcm,Pneumothorax,uncertain,0.45
patient00087/study3,patient00087/study3/view1_frontal.dcm,Fracture,uncertain,0.45
patient00087/study3,patient00087/study3/view1_frontal.dcm,Lung Lesion,uncertain,0.45
patient00087/study3,patient00087/study3/view1_frontal.dcm,Lung Opacity,uncertain,0.45
patient00087/study3,patient00087/study3/view1_frontal.dcm,Enlarged Cardiomediastinum,uncertain,0.45
patient00087/study3,patient00087/study3/view1_frontal.dcm,Pleural Other,uncertain,0.45
patient00087/study3,patient00087/study3/view1_frontal.dcm,Support Devices,unavailable,0.0
patient00087/study3,patient00087/study3/view1_frontal.dcm,No Finding,absent,0.95
patient00087/study3,patient00087/study3/view2_frontal.dcm,Atelectasis,uncertain,0.45
patient00087/study3,patient00087/study3/view2_frontal.dcm,Cardiomegaly,uncertain,0.35
patient00087/study3,patient00087/study3/view2_frontal.dcm,Consolidation,uncertain,0.45
patient00087/study3,patient00087/study3/view2_frontal.dcm,Edema,absent,0.85
patient00087/study3,patient00087/study3/view2_frontal.dcm,Pleural Effusion,uncertain,0.35
patient00087/study3,patient00087/study3/view2_frontal.dcm,Pneumonia,absent,0.85
patient00087/study3,patient00087/study3/view2_frontal.dcm,Pneumothorax,uncertain,0.35
patient00087/study3,patient00087/study3/view2_frontal.dcm,Fracture,uncertain,0.35
patient00087/study3,patient00087/study3/view2_frontal.dcm,Lung Lesion,absent,0.85
patient00087/study3,patient00087/study3/view2_frontal.dcm,Lung Opacity,uncertain,0.35
patient00087/study3,patient00087/study3/view2_frontal.dcm,Enlarged Cardiomediastinum,absent,0.85
patient00087/study3,patient00087/study3/view2_frontal.dcm,Pleural Other,uncertain,0.45
patient00087/study3,patient00087/study3/view2_frontal.dcm,Support Devices,unavailable,0.0
patient00087/study3,patient00087/study3/view2_frontal.dcm,No Finding,absent,0.95
patient00087/study3,patient00087/study3/view3_lateral.dcm,Atelectasis,uncertain,0.45
patient00087/study3,patient00087/study3/view3_lateral.dcm,Cardiomegaly,absent,0.85
patient00087/study3,patient00087/study3/view3_lateral.dcm,Consolidation,uncertain,0.45
patient00087/study3,patient00087/study3/view3_lateral.dcm,Edema,absent,0.85
patient00087/study3,patient00087/study3/view3_lateral.dcm,Pleural Effusion,uncertain,0.35
patient00087/study3,patient00087/study3/view3_lateral.dcm,Pneumonia,uncertain,0.35
patient00087/study3,patient00087/study3/view3_lateral.dcm,Pneumothorax,uncertain,0.45
patient00087/study3,patient00087/study3/view3_lateral.dcm,Fracture,uncertain,0.45
patient00087/study3,patient00087/study3/view3_lateral.dcm,Lung Lesion,absent,0.85
patient00087/study3,patient00087/study3/view3_lateral.dcm,Lung Opacity,present,0.7725321054458618
patient00087/study3,patient00087/study3/view3_lateral.dcm,Enlarged Cardiomediastinum,uncertain,0.45
patient00087/study3,patient00087/study3/view3_lateral.dcm,Pleural Other,uncertain,0.35
patient00087/study3,patient00087/study3/view3_lateral.dcm,Support Devices,uncertain,0.35
patient00087/study3,patient00087/study3/view3_lateral.dcm,No Finding,absent,0.95
patient00087/study1,patient00087/study1/view1_frontal.dcm,Atelectasis,uncertain,0.45
patient00087/study1,patient00087/study1/view1_frontal.dcm,Cardiomegaly,uncertain,0.45
patient00087/study1,patient00087/study1/view1_frontal.dcm,Consolidation,uncertain,0.45
patient00087/study1,patient00087/study1/view1_frontal.dcm,Edema,uncertain,0.45
patient00087/study1,patient00087/study1/view1_frontal.dcm,Pleural Effusion,uncertain,0.35
patient00087/study1,patient00087/study1/view1_frontal.dcm,Pneumonia,absent,0.85
patient00087/study1,patient00087/study1/view1_frontal.dcm,Pneumothorax,uncertain,0.35
patient00087/study1,patient00087/study1/view1_frontal.dcm,Fracture,uncertain,0.35
patient00087/study1,patient00087/study1/view1_frontal.dcm,Lung Lesion,absent,0.85
patient00087/study1,patient00087/study1/view1_frontal.dcm,Lung Opacity,uncertain,0.55
patient00087/study1,patient00087/study1/view1_frontal.dcm,Enlarged Cardiomediastinum,uncertain,0.45
patient00087/study1,patient00087/study1/view1_frontal.dcm,Pleural Other,uncertain,0.45
patient00087/study1,patient00087/study1/view1_frontal.dcm,Support Devices,uncertain,0.35
patient00087/study1,patient00087/study1/view1_frontal.dcm,No Finding,absent,0.95
patient00087/study2,patient00087/study2/view1_frontal.dcm,Atelectasis,uncertain,0.45
patient00087/study2,patient00087/study2/view1_frontal.dcm,Cardiomegaly,uncertain,0.35
patient00087/study2,patient00087/study2/view1_frontal.dcm,Consolidation,uncertain,0.45
patient00087/study2,patient00087/study2/view1_frontal.dcm,Edema,uncertain,0.35
patient00087/study2,patient00087/study2/view1_frontal.dcm,Pleural Effusion,uncertain,0.45
patient00087/study2,patient00087/study2/view1_frontal.dcm,Pneumonia,uncertain,0.35
patient00087/study2,patient00087/study2/view1_frontal.dcm,Pneumothorax,uncertain,0.35
patient00087/study2,patient00087/study2/view1_frontal.dcm,Fracture,uncertain,0.35
patient00087/study2,patient00087/study2/view1_frontal.dcm,Lung Lesion,absent,0.85
patient00087/study2,patient00087/study2/view1_frontal.dcm,Lung Opacity,uncertain,0.55
patient00087/study2,patient00087/study2/view1_frontal.dcm,Enlarged Cardiomediastinum,uncertain,0.35
patient00087/study2,patient00087/study2/view1_frontal.dcm,Pleural Other,uncertain,0.45
patient00087/study2,patient00087/study2/view1_frontal.dcm,Support Devices,uncertain,0.35
patient00087/study2,patient00087/study2/view1_frontal.dcm,No Finding,absent,0.95
patient00095/study1,patient00095/study1/view1_frontal.dcm,Atelectasis,uncertain,0.45
patient00095/study1,patient00095/study1/view1_frontal.dcm,Cardiomegaly,uncertain,0.45
patient00095/study1,patient00095/study1/view1_frontal.dcm,Consolidation,uncertain,0.45
patient00095/study1,patient00095/study1/view1_frontal.dcm,Edema,absent,0.85
patient00095/study1,patient00095/study1/view1_frontal.dcm,Pleural Effusion,uncertain,0.35
patient00095/study1,patient00095/study1/view1_frontal.dcm,Pneumonia,absent,0.85
patient00095/study1,patient00095/study1/view1_frontal.dcm,Pneumothorax,absent,0.85
patient00095/study1,patient00095/study1/view1_frontal.dcm,Fracture,uncertain,0.35
patient00095/study1,patient00095/study1/view1_frontal.dcm,Lung Lesion,absent,0.85
patient00095/study1,patient00095/study1/view1_frontal.dcm,Lung Opacity,uncertain,0.45
patient00095/study1,patient00095/study1/view1_frontal.dcm,Enlarged Cardiomediastinum,uncertain,0.35
patient00095/study1,patient00095/study1/view1_frontal.dcm,Pleural Other,absent,0.85
patient00095/study1,patient00095/study1/view1_frontal.dcm,Support Devices,uncertain,0.35
patient00095/study1,patient00095/study1/view1_frontal.dcm,No Finding,absent,0.95
patient00096/study1,patient00096/study1/view1_frontal.dcm,Atelectasis,uncertain,0.45
patient00096/study1,patient00096/study1/view1_frontal.dcm,Cardiomegaly,absent,0.85
patient00096/study1,patient00096/study1/view1_frontal.dcm,Consolidation,uncertain,0.45
patient00096/study1,patient00096/study1/view1_frontal.dcm,Edema,absent,0.85
patient00096/study1,patient00096/study1/view1_frontal.dcm,Pleural Effusion,uncertain,0.45
patient00096/study1,patient00096/study1/view1_frontal.dcm,Pneumonia,uncertain,0.45
patient00096/study1,patient00096/study1/view1_frontal.dcm,Pneumothorax,uncertain,0.45
patient00096/study1,patient00096/study1/view1_frontal.dcm,Fracture,absent,0.85
patient00096/study1,patient00096/study1/view1_frontal.dcm,Lung Lesion,absent,0.85
patient00096/study1,patient00096/study1/view1_frontal.dcm,Lung Opacity,uncertain,0.45
patient00096/study1,patient00096/study1/view1_frontal.dcm,Enlarged Cardiomediastinum,uncertain,0.35
patient00096/study1,patient00096/study1/view1_frontal.dcm,Pleural Other,uncertain,0.45
patient00096/study1,patient00096/study1/view1_frontal.dcm,Support Devices,uncertain,0.35
patient00096/study1,patient00096/study1/view1_frontal.dcm,No Finding,absent,0.95
patient00096/study1,patient00096/study1/view2_lateral.dcm,Atelectasis,uncertain,0.45
patient00096/study1,patient00096/study1/view2_lateral.dcm,Cardiomegaly,uncertain,0.45
patient00096/study1,patient00096/study1/view2_lateral.dcm,Consolidation,uncertain,0.45
patient00096/study1,patient00096/study1/view2_lateral.dcm,Edema,uncertain,0.35
patient00096/study1,patient00096/study1/view2_lateral.dcm,Pleural Effusion,present,0.6214960813522339
patient00096/study1,patient00096/study1/view2_lateral.dcm,Pneumonia,uncertain,0.45
patient00096/study1,patient00096/study1/view2_lateral.dcm,Pneumothorax,uncertain,0.45
patient00096/study1,patient00096/study1/view2_lateral.dcm,Fracture,uncertain,0.45
patient00096/study1,patient00096/study1/view2_lateral.dcm,Lung Lesion,absent,0.85
patient00096/study1,patient00096/study1/view2_lateral.dcm,Lung Opacity,uncertain,0.55
patient00096/study1,patient00096/study1/view2_lateral.dcm,Enlarged Cardiomediastinum,uncertain,0.45
patient00096/study1,patient00096/study1/view2_lateral.dcm,Pleural Other,uncertain,0.45
patient00096/study1,patient00096/study1/view2_lateral.dcm,Support Devices,uncertain,0.35
patient00096/study1,patient00096/study1/view2_lateral.dcm,No Finding,absent,0.95
patient00096/study2,patient00096/study2/view1_frontal.dcm,Atelectasis,uncertain,0.35
patient00096/study2,patient00096/study2/view1_frontal.dcm,Cardiomegaly,uncertain,0.35
patient00096/study2,patient00096/study2/view1_frontal.dcm,Consolidation,uncertain,0.45
patient00096/study2,patient00096/study2/view1_frontal.dcm,Edema,absent,0.85
patient00096/study2,patient00096/study2/view1_frontal.dcm,Pleural Effusion,uncertain,0.35
patient00096/study2,patient00096/study2/view1_frontal.dcm,Pneumonia,absent,0.85
patient00096/study2,patient00096/study2/view1_frontal.dcm,Pneumothorax,absent,0.85
patient00096/study2,patient00096/study2/view1_frontal.dcm,Fracture,absent,0.85
patient00096/study2,patient00096/study2/view1_frontal.dcm,Lung Lesion,absent,0.85
patient00096/study2,patient00096/study2/view1_frontal.dcm,Lung Opacity,uncertain,0.45
patient00096/study2,patient00096/study2/view1_frontal.dcm,Enlarged Cardiomediastinum,uncertain,0.35
patient00096/study2,patient00096/study2/view1_frontal.dcm,Pleural Other,uncertain,0.45
patient00096/study2,patient00096/study2/view1_frontal.dcm,Support Devices,uncertain,0.35
patient00096/study2,patient00096/study2/view1_frontal.dcm,No Finding,absent,0.95
patient00102/study1,patient00102/study1/view1_frontal.dcm,Atelectasis,uncertain,0.35
patient00102/study1,patient00102/study1/view1_frontal.dcm,Cardiomegaly,uncertain,0.45
patient00102/study1,patient00102/study1/view1_frontal.dcm,Consolidation,uncertain,0.35
patient00102/study1,patient00102/study1/view1_frontal.dcm,Edema,absent,0.85
patient00102/study1,patient00102/study1/view1_frontal.dcm,Pleural Effusion,absent,0.85
patient00102/study1,patient00102/study1/view1_frontal.dcm,Pneumonia,absent,0.85
patient00102/study1,patient00102/study1/view1_frontal.dcm,Pneumothorax,absent,0.85
patient00102/study1,patient00102/study1/view1_frontal.dcm,Fracture,absent,0.85
patient00102/study1,patient00102/study1/view1_frontal.dcm,Lung Lesion,absent,0.85
patient00102/study1,patient00102/study1/view1_frontal.dcm,Lung Opacity,uncertain,0.35
patient00102/study1,patient00102/study1/view1_frontal.dcm,Enlarged Cardiomediastinum,uncertain,0.35
patient00102/study1,patient00102/study1/view1_frontal.dcm,Pleural Other,absent,0.85
patient00102/study1,patient00102/study1/view1_frontal.dcm,Support Devices,uncertain,0.35
patient00102/study1,patient00102/study1/view1_frontal.dcm,No Finding,absent,0.95
patient00102/study3,patient00102/study3/view1_frontal.dcm,Atelectasis,uncertain,0.45
patient00102/study3,patient00102/study3/view1_frontal.dcm,Cardiomegaly,uncertain,0.35
patient00102/study3,patient00102/study3/view1_frontal.dcm,Consolidation,uncertain,0.45
patient00102/study3,patient00102/study3/view1_frontal.dcm,Edema,uncertain,0.35
patient00102/study3,patient00102/study3/view1_frontal.dcm,Pleural Effusion,uncertain,0.35
patient00102/study3,patient00102/study3/view1_frontal.dcm,Pneumonia,absent,0.85
patient00102/study3,patient00102/study3/view1_frontal.dcm,Pneumothorax,absent,0.85
patient00102/study3,patient00102/study3/view1_frontal.dcm,Fracture,uncertain,0.35
patient00102/study3,patient00102/study3/view1_frontal.dcm,Lung Lesion,absent,0.85
patient00102/study3,patient00102/study3/view1_frontal.dcm,Lung Opacity,uncertain,0.55
patient00102/study3,patient00102/study3/view1_frontal.dcm,Enlarged Cardiomediastinum,uncertain,0.35
patient00102/study3,patient00102/study3/view1_frontal.dcm,Pleural Other,uncertain,0.35
patient00102/study3,patient00102/study3/view1_frontal.dcm,Support Devices,uncertain,0.35
patient00102/study3,patient00102/study3/view1_frontal.dcm,No Finding,absent,0.95
patient00102/study2,patient00102/study2/view1_frontal.dcm,Atelectasis,uncertain,0.45
patient00102/study2,patient00102/study2/view1_frontal.dcm,Cardiomegaly,uncertain,0.45
patient00102/study2,patient00102/study2/view1_frontal.dcm,Consolidation,uncertain,0.45
patient00102/study2,patient00102/study2/view1_frontal.dcm,Edema,uncertain,0.45
patient00102/study2,patient00102/study2/view1_frontal.dcm,Pleural Effusion,uncertain,0.35
patient00102/study2,patient00102/study2/view1_frontal.dcm,Pneumonia,uncertain,0.45
patient00102/study2,patient00102/study2/view1_frontal.dcm,Pneumothorax,uncertain,0.35
patient00102/study2,patient00102/study2/view1_frontal.dcm,Fracture,uncertain,0.45
patient00102/study2,patient00102/study2/view1_frontal.dcm,Lung Lesion,absent,0.85
patient00102/study2,patient00102/study2/view1_frontal.dcm,Lung Opacity,uncertain,0.55
patient00102/study2,patient00102/study2/view1_frontal.dcm,Enlarged Cardiomediastinum,uncertain,0.45
patient00102/study2,patient00102/study2/view1_frontal.dcm,Pleural Other,uncertain,0.35
patient00102/study2,patient00102/study2/view1_frontal.dcm,Support Devices,uncertain,0.35
patient00102/study2,patient00102/study2/view1_frontal.dcm,No Finding,absent,0.95
patient00107/study1,patient00107/study1/view1_frontal.dcm,Atelectasis,absent,0.85
patient00107/study1,patient00107/study1/view1_frontal.dcm,Cardiomegaly,absent,0.85
patient00107/study1,patient00107/study1/view1_frontal.dcm,Consolidation,uncertain,0.35
patient00107/study1,patient00107/study1/view1_frontal.dcm,Edema,absent,0.85
patient00107/study1,patient00107/study1/view1_frontal.dcm,Pleural Effusion,absent,0.85
patient00107/study1,patient00107/study1/view1_frontal.dcm,Pneumonia,uncertain,0.35
patient00107/study1,patient00107/study1/view1_frontal.dcm,Pneumothorax,uncertain,0.45
patient00107/study1,patient00107/study1/view1_frontal.dcm,Fracture,absent,0.85
patient00107/study1,patient00107/study1/view1_frontal.dcm,Lung Lesion,absent,0.85
patient00107/study1,patient00107/study1/view1_frontal.dcm,Lung Opacity,absent,0.85
patient00107/study1,patient00107/study1/view1_frontal.dcm,Enlarged Cardiomediastinum,absent,0.85
patient00107/study1,patient00107/study1/view1_frontal.dcm,Pleural Other,uncertain,0.35
patient00107/study1,patient00107/study1/view1_frontal.dcm,Support Devices,unavailable,0.0
patient00107/study1,patient00107/study1/view1_frontal.dcm,No Finding,absent,0.95
patient00113/study1,patient00113/study1/view1_frontal.dcm,Atelectasis,uncertain,0.45
patient00113/study1,patient00113/study1/view1_frontal.dcm,Cardiomegaly,uncertain,0.45
patient00113/study1,patient00113/study1/view1_frontal.dcm,Consolidation,uncertain,0.45
patient00113/study1,patient00113/study1/view1_frontal.dcm,Edema,uncertain,0.45
patient00113/study1,patient00113/study1/view1_frontal.dcm,Pleural Effusion,present,0.6034579873085022
patient00113/study1,patient00113/study1/view1_frontal.dcm,Pneumonia,absent,0.85
patient00113/study1,patient00113/study1/view1_frontal.dcm,Pneumothorax,uncertain,0.35
patient00113/study1,patient00113/study1/view1_frontal.dcm,Fracture,uncertain,0.35
patient00113/study1,patient00113/study1/view1_frontal.dcm,Lung Lesion,absent,0.85
patient00113/study1,patient00113/study1/view1_frontal.dcm,Lung Opacity,uncertain,0.45
patient00113/study1,patient00113/study1/view1_frontal.dcm,Enlarged Cardiomediastinum,uncertain,0.45
patient00113/study1,patient00113/study1/view1_frontal.dcm,Pleural Other,uncertain,0.35
patient00113/study1,patient00113/study1/view1_frontal.dcm,Support Devices,uncertain,0.35
patient00113/study1,patient00113/study1/view1_frontal.dcm,No Finding,absent,0.95
patient00113/study2,patient00113/study2/view1_frontal.dcm,Atelectasis,uncertain,0.55
patient00113/study2,patient00113/study2/view1_frontal.dcm,Cardiomegaly,uncertain,0.55
patient00113/study2,patient00113/study2/view1_frontal.dcm,Consolidation,uncertain,0.45
patient00113/study2,patient00113/study2/view1_frontal.dcm,Edema,uncertain,0.45
patient00113/study2,patient00113/study2/view1_frontal.dcm,Pleural Effusion,present,0.6517747640609741
patient00113/study2,patient00113/study2/view1_frontal.dcm,Pneumonia,uncertain,0.45
patient00113/study2,patient00113/study2/view1_frontal.dcm,Pneumothorax,uncertain,0.45
patient00113/study2,patient00113/study2/view1_frontal.dcm,Fracture,uncertain,0.45
patient00113/study2,patient00113/study2/view1_frontal.dcm,Lung Lesion,uncertain,0.45
patient00113/study2,patient00113/study2/view1_frontal.dcm,Lung Opacity,uncertain,0.55
patient00113/study2,patient00113/study2/view1_frontal.dcm,Enlarged Cardiomediastinum,uncertain,0.45
patient00113/study2,patient00113/study2/view1_frontal.dcm,Pleural Other,uncertain,0.35
patient00113/study2,patient00113/study2/view1_frontal.dcm,Support Devices,uncertain,0.35
patient00113/study2,patient00113/study2/view1_frontal.dcm,No Finding,absent,0.95
patient00114/study5,patient00114/study5/view1_frontal.dcm,Atelectasis,uncertain,0.45
patient00114/study5,patient00114/study5/view1_frontal.dcm,Cardiomegaly,uncertain,0.35
patient00114/study5,patient00114/study5/view1_frontal.dcm,Consolidation,uncertain,0.45
patient00114/study5,patient00114/study5/view1_frontal.dcm,Edema,uncertain,0.35
patient00114/study5,patient00114/study5/view1_frontal.dcm,Pleural Effusion,uncertain,0.45
patient00114/study5,patient00114/study5/view1_frontal.dcm,Pneumonia,absent,0.85
patient00114/study5,patient00114/study5/view1_frontal.dcm,Pneumothorax,uncertain,0.45
patient00114/study5,patient00114/study5/view1_frontal.dcm,Fracture,uncertain,0.45
patient00114/study5,patient00114/study5/view1_frontal.dcm,Lung Lesion,absent,0.85
patient00114/study5,patient00114/study5/view1_frontal.dcm,Lung Opacity,present,0.8148717880249023
patient00114/study5,patient00114/study5/view1_frontal.dcm,Enlarged Cardiomediastinum,uncertain,0.45
patient00114/study5,patient00114/study5/view1_frontal.dcm,Pleural Other,uncertain,0.45
patient00114/study5,patient00114/study5/view1_frontal.dcm,Support Devices,uncertain,0.35
patient00114/study5,patient00114/study5/view1_frontal.dcm,No Finding,absent,0.95
patient00114/study10,patient00114/study10/view1_frontal.dcm,Atelectasis,uncertain,0.45
patient00114/study10,patient00114/study10/view1_frontal.dcm,Cardiomegaly,uncertain,0.45
patient00114/study10,patient00114/study10/view1_frontal.dcm,Consolidation,uncertain,0.55
patient00114/study10,patient00114/study10/view1_frontal.dcm,Edema,uncertain,0.45
patient00114/study10,patient00114/study10/view1_frontal.dcm,Pleural Effusion,present,0.6074496507644653
patient00114/study10,patient00114/study10/view1_frontal.dcm,Pneumonia,uncertain,0.45
patient00114/study10,patient00114/study10/view1_frontal.dcm,Pneumothorax,uncertain,0.45
patient00114/study10,patient00114/study10/view1_frontal.dcm,Fracture,uncertain,0.45
patient00114/study10,patient00114/study10/view1_frontal.dcm,Lung Lesion,absent,0.85
patient00114/study10,patient00114/study10/view1_frontal.dcm,Lung Opacity,present,0.840369701385498
patient00114/study10,patient00114/study10/view1_frontal.dcm,Enlarged Cardiomediastinum,uncertain,0.45
patient00114/study10,patient00114/study10/view1_frontal.dcm,Pleural Other,uncertain,0.45
patient00114/study10,patient00114/study10/view1_frontal.dcm,Support Devices,uncertain,0.35
patient00114/study10,patient00114/study10/view1_frontal.dcm,No Finding,absent,0.95
patient00114/study15,patient00114/study15/view1_frontal.dcm,Atelectasis,uncertain,0.45
patient00114/study15,patient00114/study15/view1_frontal.dcm,Cardiomegaly,uncertain,0.35
patient00114/study15,patient00114/study15/view1_frontal.dcm,Consolidation,uncertain,0.55
patient00114/study15,patient00114/study15/view1_frontal.dcm,Edema,uncertain,0.35
patient00114/study15,patient00114/study15/view1_frontal.dcm,Pleural Effusion,uncertain,0.45
patient00114/study15,patient00114/study15/view1_frontal.dcm,Pneumonia,uncertain,0.35
patient00114/study15,patient00114/study15/view1_frontal.dcm,Pneumothorax,uncertain,0.45
patient00114/study15,patient00114/study15/view1_frontal.dcm,Fracture,uncertain,0.45
patient00114/study15,patient00114/study15/view1_frontal.dcm,Lung Lesion,absent,0.85
patient00114/study15,patient00114/study15/view1_frontal.dcm,Lung Opacity,present,0.7821681499481201
patient00114/study15,patient00114/study15/view1_frontal.dcm,Enlarged Cardiomediastinum,uncertain,0.45
patient00114/study15,patient00114/study15/view1_frontal.dcm,Pleural Other,uncertain,0.45
patient00114/study15,patient00114/study15/view1_frontal.dcm,Support Devices,uncertain,0.35
patient00114/study15,patient00114/study15/view1_frontal.dcm,No Finding,absent,0.95
patient00114/study16,patient00114/study16/view1_frontal.dcm,Atelectasis,uncertain,0.55
patient00114/study16,patient00114/study16/view1_frontal.dcm,Cardiomegaly,uncertain,0.45
patient00114/study16,patient00114/study16/view1_frontal.dcm,Consolidation,uncertain,0.55
patient00114/study16,patient00114/study16/view1_frontal.dcm,Edema,uncertain,0.45
patient00114/study16,patient00114/study16/view1_frontal.dcm,Pleural Effusion,present,0.6638283729553223
patient00114/study16,patient00114/study16/view1_frontal.dcm,Pneumonia,absent,0.85
patient00114/study16,patient00114/study16/view1_frontal.dcm,Pneumothorax,uncertain,0.45
patient00114/study16,patient00114/study16/view1_frontal.dcm,Fracture,uncertain,0.45
patient00114/study16,patient00114/study16/view1_frontal.dcm,Lung Lesion,uncertain,0.35
patient00114/study16,patient00114/study16/view1_frontal.dcm,Lung Opacity,present,0.8332387208938599
patient00114/study16,patient00114/study16/view1_frontal.dcm,Enlarged Cardiomediastinum,uncertain,0.45
patient00114/study16,patient00114/study16/view1_frontal.dcm,Pleural Other,uncertain,0.45
patient00114/study16,patient00114/study16/view1_frontal.dcm,Support Devices,uncertain,0.35
patient00114/study16,patient00114/study16/view1_frontal.dcm,No Finding,absent,0.95
patient00114/study20,patient00114/study20/view1_frontal.dcm,Atelectasis,uncertain,0.55
patient00114/study20,patient00114/study20/view1_frontal.dcm,Cardiomegaly,uncertain,0.45
patient00114/study20,patient00114/study20/view1_frontal.dcm,Consolidation,uncertain,0.55
patient00114/study20,patient00114/study20/view1_frontal.dcm,Edema,uncertain,0.35
patient00114/study20,patient00114/study20/view1_frontal.dcm,Pleural Effusion,present,0.6949437856674194
patient00114/study20,patient00114/study20/view1_frontal.dcm,Pneumonia,absent,0.85
patient00114/study20,patient00114/study20/view1_frontal.dcm,Pneumothorax,uncertain,0.45
patient00114/study20,patient00114/study20/view1_frontal.dcm,Fracture,uncertain,0.45
patient00114/study20,patient00114/study20/view1_frontal.dcm,Lung Lesion,uncertain,0.35
patient00114/study20,patient00114/study20/view1_frontal.dcm,Lung Opacity,present,0.8121784925460815
patient00114/study20,patient00114/study20/view1_frontal.dcm,Enlarged Cardiomediastinum,uncertain,0.45
patient00114/study20,patient00114/study20/view1_frontal.dcm,Pleural Other,uncertain,0.45
patient00114/study20,patient00114/study20/view1_frontal.dcm,Support Devices,uncertain,0.35
patient00114/study20,patient00114/study20/view1_frontal.dcm,No Finding,absent,0.95
patient00114/study3,patient00114/study3/view1_frontal.dcm,Atelectasis,uncertain,0.45
patient00114/study3,patient00114/study3/view1_frontal.dcm,Cardiomegaly,uncertain,0.45
patient00114/study3,patient00114/study3/view1_frontal.dcm,Consolidation,uncertain,0.55
patient00114/study3,patient00114/study3/view1_frontal.dcm,Edema,uncertain,0.45
patient00114/study3,patient00114/study3/view1_frontal.dcm,Pleural Effusion,uncertain,0.45
patient00114/study3,patient00114/study3/view1_frontal.dcm,Pneumonia,uncertain,0.45
patient00114/study3,patient00114/study3/view1_frontal.dcm,Pneumothorax,uncertain,0.45
patient00114/study3,patient00114/study3/view1_frontal.dcm,Fracture,uncertain,0.45
patient00114/study3,patient00114/study3/view1_frontal.dcm,Lung Lesion,absent,0.85
patient00114/study3,patient00114/study3/view1_frontal.dcm,Lung Opacity,present,0.9021152257919312
patient00114/study3,patient00114/study3/view1_frontal.dcm,Enlarged Cardiomediastinum,uncertain,0.45
patient00114/study3,patient00114/study3/view1_frontal.dcm,Pleural Other,uncertain,0.35
patient00114/study3,patient00114/study3/view1_frontal.dcm,Support Devices,uncertain,0.35
patient00114/study3,patient00114/study3/view1_frontal.dcm,No Finding,absent,0.95
patient00114/study17,patient00114/study17/view1_frontal.dcm,Atelectasis,uncertain,0.55
patient00114/study17,patient00114/study17/view1_frontal.dcm,Cardiomegaly,uncertain,0.55
patient00114/study17,patient00114/study17/view1_frontal.dcm,Consolidation,uncertain,0.55
patient00114/study17,patient00114/study17/view1_frontal.dcm,Edema,uncertain,0.45
patient00114/study17,patient00114/study17/view1_frontal.dcm,Pleural Effusion,present,0.6279652714729309
patient00114/study17,patient00114/study17/view1_frontal.dcm,Pneumonia,uncertain,0.35
patient00114/study17,patient00114/study17/view1_frontal.dcm,Pneumothorax,uncertain,0.45
patient00114/study17,patient00114/study17/view1_frontal.dcm,Fracture,uncertain,0.45
patient00114/study17,patient00114/study17/view1_frontal.dcm,Lung Lesion,uncertain,0.45
patient00114/study17,patient00114/study17/view1_frontal.dcm,Lung Opacity,present,0.8003026247024536
patient00114/study17,patient00114/study17/view1_frontal.dcm,Enlarged Cardiomediastinum,uncertain,0.45
patient00114/study17,patient00114/study17/view1_frontal.dcm,Pleural Other,uncertain,0.45
patient00114/study17,patient00114/study17/view1_frontal.dcm,Support Devices,uncertain,0.35
patient00114/study17,patient00114/study17/view1_frontal.dcm,No Finding,absent,0.95
patient00114/study13,patient00114/study13/view1_frontal.dcm,Atelectasis,uncertain,0.55
patient00114/study13,patient00114/study13/view1_frontal.dcm,Cardiomegaly,uncertain,0.55
patient00114/study13,patient00114/study13/view1_frontal.dcm,Consolidation,uncertain,0.55
patient00114/study13,patient00114/study13/view1_frontal.dcm,Edema,uncertain,0.45
patient00114/study13,patient00114/study13/view1_frontal.dcm,Pleural Effusion,present,0.7904940843582153
patient00114/study13,patient00114/study13/view1_frontal.dcm,Pneumonia,uncertain,0.45
patient00114/study13,patient00114/study13/view1_frontal.dcm,Pneumothorax,uncertain,0.45
patient00114/study13,patient00114/study13/view1_frontal.dcm,Fracture,uncertain,0.45
patient00114/study13,patient00114/study13/view1_frontal.dcm,Lung Lesion,uncertain,0.35
patient00114/study13,patient00114/study13/view1_frontal.dcm,Lung Opacity,present,0.8864079117774963
patient00114/study13,patient00114/study13/view1_frontal.dcm,Enlarged Cardiomediastinum,uncertain,0.55
patient00114/study13,patient00114/study13/view1_frontal.dcm,Pleural Other,uncertain,0.45
patient00114/study13,patient00114/study13/view1_frontal.dcm,Support Devices,uncertain,0.35
patient00114/study13,patient00114/study13/view1_frontal.dcm,No Finding,absent,0.95
patient00114/study19,patient00114/study19/view1_frontal.dcm,Atelectasis,uncertain,0.55
patient00114/study19,patient00114/study19/view1_frontal.dcm,Cardiomegaly,uncertain,0.45
patient00114/study19,patient00114/study19/view1_frontal.dcm,Consolidation,uncertain,0.55
patient00114/study19,patient00114/study19/view1_frontal.dcm,Edema,uncertain,0.45
patient00114/study19,patient00114/study19/view1_frontal.dcm,Pleural Effusion,present,0.6500561237335205
patient00114/study19,patient00114/study19/view1_frontal.dcm,Pneumonia,absent,0.85
patient00114/study19,patient00114/study19/view1_frontal.dcm,Pneumothorax,uncertain,0.45
patient00114/study19,patient00114/study19/view1_frontal.dcm,Fracture,uncertain,0.45
patient00114/study19,patient00114/study19/view1_frontal.dcm,Lung Lesion,uncertain,0.35
patient00114/study19,patient00114/study19/view1_frontal.dcm,Lung Opacity,present,0.7727043032646179
patient00114/study19,patient00114/study19/view1_frontal.dcm,Enlarged Cardiomediastinum,uncertain,0.45
patient00114/study19,patient00114/study19/view1_frontal.dcm,Pleural Other,uncertain,0.45
patient00114/study19,patient00114/study19/view1_frontal.dcm,Support Devices,uncertain,0.35
patient00114/study19,patient00114/study19/view1_frontal.dcm,No Finding,absent,0.95
patient00114/study7,patient00114/study7/view1_frontal.dcm,Atelectasis,uncertain,0.55
patient00114/study7,patient00114/study7/view1_frontal.dcm,Cardiomegaly,uncertain,0.45
patient00114/study7,patient00114/study7/view1_frontal.dcm,Consolidation,uncertain,0.55
patient00114/study7,patient00114/study7/view1_frontal.dcm,Edema,uncertain,0.45
patient00114/study7,patient00114/study7/view1_frontal.dcm,Pleural Effusion,present,0.7437631487846375
patient00114/study7,patient00114/study7/view1_frontal.dcm,Pneumonia,uncertain,0.45
patient00114/study7,patient00114/study7/view1_frontal.dcm,Pneumothorax,uncertain,0.45
patient00114/study7,patient00114/study7/view1_frontal.dcm,Fracture,uncertain,0.45
patient00114/study7,patient00114/study7/view1_frontal.dcm,Lung Lesion,uncertain,0.35
patient00114/study7,patient00114/study7/view1_frontal.dcm,Lung Opacity,present,0.8666364550590515
patient00114/study7,patient00114/study7/view1_frontal.dcm,Enlarged Cardiomediastinum,uncertain,0.45
patient00114/study7,patient00114/study7/view1_frontal.dcm,Pleural Other,uncertain,0.45
patient00114/study7,patient00114/study7/view1_frontal.dcm,Support Devices,uncertain,0.35
patient00114/study7,patient00114/study7/view1_frontal.dcm,No Finding,absent,0.95
patient00114/study2,patient00114/study2/view1_frontal.dcm,Atelectasis,uncertain,0.55
patient00114/study2,patient00114/study2/view1_frontal.dcm,Cardiomegaly,uncertain,0.55
patient00114/study2,patient00114/study2/view1_frontal.dcm,Consolidation,uncertain,0.55
patient00114/study2,patient00114/study2/view1_frontal.dcm,Edema,uncertain,0.45
patient00114/study2,patient00114/study2/view1_frontal.dcm,Pleural Effusion,present,0.7740852236747742
patient00114/study2,patient00114/study2/view1_frontal.dcm,Pneumonia,uncertain,0.45
patient00114/study2,patient00114/study2/view1_frontal.dcm,Pneumothorax,uncertain,0.45
patient00114/study2,patient00114/study2/view1_frontal.dcm,Fracture,uncertain,0.45
patient00114/study2,patient00114/study2/view1_frontal.dcm,Lung Lesion,uncertain,0.45
patient00114/study2,patient00114/study2/view1_frontal.dcm,Lung Opacity,present,0.8265609741210938
patient00114/study2,patient00114/study2/view1_frontal.dcm,Enlarged Cardiomediastinum,uncertain,0.55
patient00114/study2,patient00114/study2/view1_frontal.dcm,Pleural Other,uncertain,0.45
patient00114/study2,patient00114/study2/view1_frontal.dcm,Support Devices,uncertain,0.35
patient00114/study2,patient00114/study2/view1_frontal.dcm,No Finding,absent,0.95
patient00114/study12,patient00114/study12/view1_frontal.dcm,Atelectasis,uncertain,0.45
patient00114/study12,patient00114/study12/view1_frontal.dcm,Cardiomegaly,uncertain,0.45
patient00114/study12,patient00114/study12/view1_frontal.dcm,Consolidation,uncertain,0.55
patient00114/study12,patient00114/study12/view1_frontal.dcm,Edema,uncertain,0.45
patient00114/study12,patient00114/study12/view1_frontal.dcm,Pleural Effusion,uncertain,0.45
patient00114/study12,patient00114/study12/view1_frontal.dcm,Pneumonia,present,0.7434727549552917
patient00114/study12,patient00114/study12/view1_frontal.dcm,Pneumothorax,uncertain,0.45
patient00114/study12,patient00114/study12/view1_frontal.dcm,Fracture,uncertain,0.45
patient00114/study12,patient00114/study12/view1_frontal.dcm,Lung Lesion,absent,0.85
patient00114/study12,patient00114/study12/view1_frontal.dcm,Lung Opacity,present,0.9071559309959412
patient00114/study12,patient00114/study12/view1_frontal.dcm,Enlarged Cardiomediastinum,uncertain,0.45
patient00114/study12,patient00114/study12/view1_frontal.dcm,Pleural Other,uncertain,0.35
patient00114/study12,patient00114/study12/view1_frontal.dcm,Support Devices,uncertain,0.35
patient00114/study12,patient00114/study12/view1_frontal.dcm,No Finding,absent,0.95
patient00114/study9,patient00114/study9/view1_frontal.dcm,Atelectasis,uncertain,0.55
patient00114/study9,patient00114/study9/view1_frontal.dcm,Cardiomegaly,uncertain,0.45
patient00114/study9,patient00114/study9/view1_frontal.dcm,Consolidation,uncertain,0.55
patient00114/study9,patient00114/study9/view1_frontal.dcm,Edema,uncertain,0.45
patient00114/study9,patient00114/study9/view1_frontal.dcm,Pleural Effusion,present,0.7249338626861572
patient00114/study9,patient00114/study9/view1_frontal.dcm,Pneumonia,uncertain,0.45
patient00114/study9,patient00114/study9/view1_frontal.dcm,Pneumothorax,uncertain,0.45
patient00114/study9,patient00114/study9/view1_frontal.dcm,Fracture,uncertain,0.45
patient00114/study9,patient00114/study9/view1_frontal.dcm,Lung Lesion,uncertain,0.35
patient00114/study9,patient00114/study9/view1_frontal.dcm,Lung Opacity,present,0.9007889032363892
patient00114/study9,patient00114/study9/view1_frontal.dcm,Enlarged Cardiomediastinum,uncertain,0.45
patient00114/study9,patient00114/study9/view1_frontal.dcm,Pleural Other,uncertain,0.45
patient00114/study9,patient00114/study9/view1_frontal.dcm,Support Devices,uncertain,0.35
patient00114/study9,patient00114/study9/view1_frontal.dcm,No Finding,absent,0.95
patient00114/study1,patient00114/study1/view1_frontal.dcm,Atelectasis,uncertain,0.55
patient00114/study1,patient00114/study1/view1_frontal.dcm,Cardiomegaly,uncertain,0.35
patient00114/study1,patient00114/study1/view1_frontal.dcm,Consolidation,uncertain,0.45
patient00114/study1,patient00114/study1/view1_frontal.dcm,Edema,uncertain,0.35
patient00114/study1,patient00114/study1/view1_frontal.dcm,Pleural Effusion,present,0.6666165590286255
patient00114/study1,patient00114/study1/view1_frontal.dcm,Pneumonia,uncertain,0.35
patient00114/study1,patient00114/study1/view1_frontal.dcm,Pneumothorax,uncertain,0.45
patient00114/study1,patient00114/study1/view1_frontal.dcm,Fracture,uncertain,0.45
patient00114/study1,patient00114/study1/view1_frontal.dcm,Lung Lesion,uncertain,0.35
patient00114/study1,patient00114/study1/view1_frontal.dcm,Lung Opacity,uncertain,0.55
patient00114/study1,patient00114/study1/view1_frontal.dcm,Enlarged Cardiomediastinum,uncertain,0.45
patient00114/study1,patient00114/study1/view1_frontal.dcm,Pleural Other,uncertain,0.45
patient00114/study1,patient00114/study1/view1_frontal.dcm,Support Devices,uncertain,0.35
patient00114/study1,patient00114/study1/view1_frontal.dcm,No Finding,absent,0.95
patient00114/study6,patient00114/study6/view1_frontal.dcm,Atelectasis,uncertain,0.55
patient00114/study6,patient00114/study6/view1_frontal.dcm,Cardiomegaly,uncertain,0.45
patient00114/study6,patient00114/study6/view1_frontal.dcm,Consolidation,uncertain,0.55
patient00114/study6,patient00114/study6/view1_frontal.dcm,Edema,uncertain,0.45
patient00114/study6,patient00114/study6/view1_frontal.dcm,Pleural Effusion,present,0.761008620262146
patient00114/study6,patient00114/study6/view1_frontal.dcm,Pneumonia,uncertain,0.45
patient00114/study6,patient00114/study6/view1_frontal.dcm,Pneumothorax,uncertain,0.45
patient00114/study6,patient00114/study6/view1_frontal.dcm,Fracture,uncertain,0.45
patient00114/study6,patient00114/study6/view1_frontal.dcm,Lung Lesion,absent,0.85
patient00114/study6,patient00114/study6/view1_frontal.dcm,Lung Opacity,present,0.9230509400367736
patient00114/study6,patient00114/study6/view1_frontal.dcm,Enlarged Cardiomediastinum,uncertain,0.55
patient00114/study6,patient00114/study6/view1_frontal.dcm,Pleural Other,uncertain,0.45
patient00114/study6,patient00114/study6/view1_frontal.dcm,Support Devices,uncertain,0.35
patient00114/study6,patient00114/study6/view1_frontal.dcm,No Finding,absent,0.95
patient00114/study18,patient00114/study18/view1_frontal.dcm,Atelectasis,present,0.7532064914703369
patient00114/study18,patient00114/study18/view1_frontal.dcm,Cardiomegaly,uncertain,0.55
patient00114/study18,patient00114/study18/view1_frontal.dcm,Consolidation,uncertain,0.55
patient00114/study18,patient00114/study18/view1_frontal.dcm,Edema,uncertain,0.45
patient00114/study18,patient00114/study18/view1_frontal.dcm,Pleural Effusion,present,0.7995390295982361
patient00114/study18,patient00114/study18/view1_frontal.dcm,Pneumonia,uncertain,0.35
patient00114/study18,patient00114/study18/view1_frontal.dcm,Pneumothorax,uncertain,0.45
patient00114/study18,patient00114/study18/view1_frontal.dcm,Fracture,uncertain,0.45
patient00114/study18,patient00114/study18/view1_frontal.dcm,Lung Lesion,uncertain,0.45
patient00114/study18,patient00114/study18/view1_frontal.dcm,Lung Opacity,present,0.7718307971954346
patient00114/study18,patient00114/study18/view1_frontal.dcm,Enlarged Cardiomediastinum,uncertain,0.45
patient00114/study18,patient00114/study18/view1_frontal.dcm,Pleural Other,uncertain,0.45
patient00114/study18,patient00114/study18/view1_frontal.dcm,Support Devices,uncertain,0.35
patient00114/study18,patient00114/study18/view1_frontal.dcm,No Finding,absent,0.95
patient00114/study4,patient00114/study4/view1_frontal.dcm,Atelectasis,uncertain,0.45
patient00114/study4,patient00114/study4/view1_frontal.dcm,Cardiomegaly,uncertain,0.45
patient00114/study4,patient00114/study4/view1_frontal.dcm,Consolidation,uncertain,0.55
patient00114/study4,patient00114/study4/view1_frontal.dcm,Edema,uncertain,0.45
patient00114/study4,patient00114/study4/view1_frontal.dcm,Pleural Effusion,uncertain,0.45
patient00114/study4,patient00114/study4/view1_frontal.dcm,Pneumonia,present,0.7380363941192627
patient00114/study4,patient00114/study4/view1_frontal.dcm,Pneumothorax,uncertain,0.45
patient00114/study4,patient00114/study4/view1_frontal.dcm,Fracture,uncertain,0.35
patient00114/study4,patient00114/study4/view1_frontal.dcm,Lung Lesion,absent,0.85
patient00114/study4,patient00114/study4/view1_frontal.dcm,Lung Opacity,present,0.95
patient00114/study4,patient00114/study4/view1_frontal.dcm,Enlarged Cardiomediastinum,uncertain,0.55
patient00114/study4,patient00114/study4/view1_frontal.dcm,Pleural Other,uncertain,0.45
patient00114/study4,patient00114/study4/view1_frontal.dcm,Support Devices,uncertain,0.35
patient00114/study4,patient00114/study4/view1_frontal.dcm,No Finding,absent,0.95
patient00114/study8,patient00114/study8/view1_frontal.dcm,Atelectasis,uncertain,0.55
patient00114/study8,patient00114/study8/view1_frontal.dcm,Cardiomegaly,uncertain,0.55
patient00114/study8,patient00114/study8/view1_frontal.dcm,Consolidation,uncertain,0.55
patient00114/study8,patient00114/study8/view1_frontal.dcm,Edema,uncertain,0.45
patient00114/study8,patient00114/study8/view1_frontal.dcm,Pleural Effusion,present,0.7094206213951111
patient00114/study8,patient00114/study8/view1_frontal.dcm,Pneumonia,uncertain,0.45
patient00114/study8,patient00114/study8/view1_frontal.dcm,Pneumothorax,uncertain,0.45
patient00114/study8,patient00114/study8/view1_frontal.dcm,Fracture,uncertain,0.45
patient00114/study8,patient00114/study8/view1_frontal.dcm,Lung Lesion,uncertain,0.35
patient00114/study8,patient00114/study8/view1_frontal.dcm,Lung Opacity,present,0.905618131160736
patient00114/study8,patient00114/study8/view1_frontal.dcm,Enlarged Cardiomediastinum,uncertain,0.55
patient00114/study8,patient00114/study8/view1_frontal.dcm,Pleural Other,uncertain,0.45
patient00114/study8,patient00114/study8/view1_frontal.dcm,Support Devices,uncertain,0.35
patient00114/study8,patient00114/study8/view1_frontal.dcm,No Finding,absent,0.95
patient00114/study14,patient00114/study14/view1_frontal.dcm,Atelectasis,uncertain,0.55
patient00114/study14,patient00114/study14/view1_frontal.dcm,Cardiomegaly,uncertain,0.45
patient00114/study14,patient00114/study14/view1_frontal.dcm,Consolidation,uncertain,0.55
patient00114/study14,patient00114/study14/view1_frontal.dcm,Edema,uncertain,0.45
patient00114/study14,patient00114/study14/view1_frontal.dcm,Pleural Effusion,present,0.7141518592834473
patient00114/study14,patient00114/study14/view1_frontal.dcm,Pneumonia,uncertain,0.35
patient00114/study14,patient00114/study14/view1_frontal.dcm,Pneumothorax,uncertain,0.45
patient00114/study14,patient00114/study14/view1_frontal.dcm,Fracture,uncertain,0.45
patient00114/study14,patient00114/study14/view1_frontal.dcm,Lung Lesion,absent,0.85
patient00114/study14,patient00114/study14/view1_frontal.dcm,Lung Opacity,present,0.8696157336235046
patient00114/study14,patient00114/study14/view1_frontal.dcm,Enlarged Cardiomediastinum,uncertain,0.45
patient00114/study14,patient00114/study14/view1_frontal.dcm,Pleural Other,uncertain,0.45
patient00114/study14,patient00114/study14/view1_frontal.dcm,Support Devices,uncertain,0.35
patient00114/study14,patient00114/study14/view1_frontal.dcm,No Finding,absent,0.95
patient00114/study11,patient00114/study11/view1_frontal.dcm,Atelectasis,uncertain,0.55
patient00114/study11,patient00114/study11/view1_frontal.dcm,Cardiomegaly,uncertain,0.45
patient00114/study11,patient00114/study11/view1_frontal.dcm,Consolidation,uncertain,0.55
patient00114/study11,patient00114/study11/view1_frontal.dcm,Edema,uncertain,0.45
patient00114/study11,patient00114/study11/view1_frontal.dcm,Pleural Effusion,present,0.77579665184021
patient00114/study11,patient00114/study11/view1_frontal.dcm,Pneumonia,uncertain,0.45
patient00114/study11,patient00114/study11/view1_frontal.dcm,Pneumothorax,uncertain,0.45
patient00114/study11,patient00114/study11/view1_frontal.dcm,Fracture,uncertain,0.45
patient00114/study11,patient00114/study11/view1_frontal.dcm,Lung Lesion,uncertain,0.35
patient00114/study11,patient00114/study11/view1_frontal.dcm,Lung Opacity,present,0.8512363433837891
patient00114/study11,patient00114/study11/view1_frontal.dcm,Enlarged Cardiomediastinum,uncertain,0.55
patient00114/study11,patient00114/study11/view1_frontal.dcm,Pleural Other,uncertain,0.45
patient00114/study11,patient00114/study11/view1_frontal.dcm,Support Devices,uncertain,0.35
patient00114/study11,patient00114/study11/view1_frontal.dcm,No Finding,absent,0.95
patient00115/study2,patient00115/study2/view1_frontal.dcm,Atelectasis,absent,0.85
patient00115/study2,patient00115/study2/view1_frontal.dcm,Cardiomegaly,absent,0.85
patient00115/study2,patient00115/study2/view1_frontal.dcm,Consolidation,absent,0.85
patient00115/study2,patient00115/study2/view1_frontal.dcm,Edema,absent,0.85
patient00115/study2,patient00115/study2/view1_frontal.dcm,Pleural Effusion,absent,0.85
patient00115/study2,patient00115/study2/view1_frontal.dcm,Pneumonia,absent,0.85
patient00115/study2,patient00115/study2/view1_frontal.dcm,Pneumothorax,absent,0.85
patient00115/study2,patient00115/study2/view1_frontal.dcm,Fracture,absent,0.85
patient00115/study2,patient00115/study2/view1_frontal.dcm,Lung Lesion,absent,0.85
patient00115/study2,patient00115/study2/view1_frontal.dcm,Lung Opacity,absent,0.85
patient00115/study2,patient00115/study2/view1_frontal.dcm,Enlarged Cardiomediastinum,absent,0.85
patient00115/study2,patient00115/study2/view1_frontal.dcm,Pleural Other,absent,0.85
patient00115/study2,patient00115/study2/view1_frontal.dcm,Support Devices,uncertain,0.35
patient00115/study2,patient00115/study2/view1_frontal.dcm,No Finding,absent,0.95
patient00120/study1,patient00120/study1/view1_frontal.dcm,Atelectasis,uncertain,0.35
patient00120/study1,patient00120/study1/view1_frontal.dcm,Cardiomegaly,absent,0.85
patient00120/study1,patient00120/study1/view1_frontal.dcm,Consolidation,uncertain,0.35
patient00120/study1,patient00120/study1/view1_frontal.dcm,Edema,absent,0.85
patient00120/study1,patient00120/study1/view1_frontal.dcm,Pleural Effusion,absent,0.85
patient00120/study1,patient00120/study1/view1_frontal.dcm,Pneumonia,absent,0.85
patient00120/study1,patient00120/study1/view1_frontal.dcm,Pneumothorax,absent,0.85
patient00120/study1,patient00120/study1/view1_frontal.dcm,Fracture,uncertain,0.35
patient00120/study1,patient00120/study1/view1_frontal.dcm,Lung Lesion,absent,0.85
patient00120/study1,patient00120/study1/view1_frontal.dcm,Lung Opacity,uncertain,0.35
patient00120/study1,patient00120/study1/view1_frontal.dcm,Enlarged Cardiomediastinum,absent,0.85
patient00120/study1,patient00120/study1/view1_frontal.dcm,Pleural Other,absent,0.85
patient00120/study1,patient00120/study1/view1_frontal.dcm,Support Devices,unavailable,0.0
patient00120/study1,patient00120/study1/view1_frontal.dcm,No Finding,absent,0.95
patient00121/study1,patient00121/study1/view1_frontal.dcm,Atelectasis,uncertain,0.45
patient00121/study1,patient00121/study1/view1_frontal.dcm,Cardiomegaly,absent,0.85
patient00121/study1,patient00121/study1/view1_frontal.dcm,Consolidation,uncertain,0.35
patient00121/study1,patient00121/study1/view1_frontal.dcm,Edema,absent,0.85
patient00121/study1,patient00121/study1/view1_frontal.dcm,Pleural Effusion,absent,0.85
patient00121/study1,patient00121/study1/view1_frontal.dcm,Pneumonia,absent,0.85
patient00121/study1,patient00121/study1/view1_frontal.dcm,Pneumothorax,absent,0.85
patient00121/study1,patient00121/study1/view1_frontal.dcm,Fracture,uncertain,0.45
patient00121/study1,patient00121/study1/view1_frontal.dcm,Lung Lesion,absent,0.85
patient00121/study1,patient00121/study1/view1_frontal.dcm,Lung Opacity,uncertain,0.35
patient00121/study1,patient00121/study1/view1_frontal.dcm,Enlarged Cardiomediastinum,uncertain,0.45
patient00121/study1,patient00121/study1/view1_frontal.dcm,Pleural Other,absent,0.85
patient00121/study1,patient00121/study1/view1_frontal.dcm,Support Devices,uncertain,0.35
patient00121/study1,patient00121/study1/view1_frontal.dcm,No Finding,absent,0.95
patient00122/study3,patient00122/study3/view1_frontal.dcm,Atelectasis,uncertain,0.45
patient00122/study3,patient00122/study3/view1_frontal.dcm,Cardiomegaly,uncertain,0.45
patient00122/study3,patient00122/study3/view1_frontal.dcm,Consolidation,uncertain,0.45
patient00122/study3,patient00122/study3/view1_frontal.dcm,Edema,absent,0.85
patient00122/study3,patient00122/study3/view1_frontal.dcm,Pleural Effusion,uncertain,0.45
patient00122/study3,patient00122/study3/view1_frontal.dcm,Pneumonia,absent,0.85
patient00122/study3,patient00122/study3/view1_frontal.dcm,Pneumothorax,absent,0.85
patient00122/study3,patient00122/study3/view1_frontal.dcm,Fracture,uncertain,0.45
patient00122/study3,patient00122/study3/view1_frontal.dcm,Lung Lesion,absent,0.85
patient00122/study3,patient00122/study3/view1_frontal.dcm,Lung Opacity,uncertain,0.45
patient00122/study3,patient00122/study3/view1_frontal.dcm,Enlarged Cardiomediastinum,uncertain,0.35
patient00122/study3,patient00122/study3/view1_frontal.dcm,Pleural Other,uncertain,0.45
patient00122/study3,patient00122/study3/view1_frontal.dcm,Support Devices,uncertain,0.35
patient00122/study3,patient00122/study3/view1_frontal.dcm,No Finding,absent,0.95
patient00122/study3,patient00122/study3/view2_lateral.dcm,Atelectasis,uncertain,0.45
patient00122/study3,patient00122/study3/view2_lateral.dcm,Cardiomegaly,uncertain,0.45
patient00122/study3,patient00122/study3/view2_lateral.dcm,Consolidation,uncertain,0.45
patient00122/study3,patient00122/study3/view2_lateral.dcm,Edema,uncertain,0.45
patient00122/study3,patient00122/study3/view2_lateral.dcm,Pleural Effusion,present,0.7135028839111328
patient00122/study3,patient00122/study3/view2_lateral.dcm,Pneumonia,present,0.6470211744308472
patient00122/study3,patient00122/study3/view2_lateral.dcm,Pneumothorax,uncertain,0.35
patient00122/study3,patient00122/study3/view2_lateral.dcm,Fracture,uncertain,0.35
patient00122/study3,patient00122/study3/view2_lateral.dcm,Lung Lesion,uncertain,0.35
patient00122/study3,patient00122/study3/view2_lateral.dcm,Lung Opacity,present,0.8055751919746399
patient00122/study3,patient00122/study3/view2_lateral.dcm,Enlarged Cardiomediastinum,uncertain,0.45
patient00122/study3,patient00122/study3/view2_lateral.dcm,Pleural Other,absent,0.85
patient00122/study3,patient00122/study3/view2_lateral.dcm,Support Devices,uncertain,0.35
patient00122/study3,patient00122/study3/view2_lateral.dcm,No Finding,absent,0.95
patient00122/study5,patient00122/study5/view1_frontal.dcm,Atelectasis,uncertain,0.45
patient00122/study5,patient00122/study5/view1_frontal.dcm,Cardiomegaly,uncertain,0.45
patient00122/study5,patient00122/study5/view1_frontal.dcm,Consolidation,uncertain,0.55
patient00122/study5,patient00122/study5/view1_frontal.dcm,Edema,uncertain,0.45
patient00122/study5,patient00122/study5/view1_frontal.dcm,Pleural Effusion,present,0.6723375916481018
patient00122/study5,patient00122/study5/view1_frontal.dcm,Pneumonia,present,0.6060961484909058
patient00122/study5,patient00122/study5/view1_frontal.dcm,Pneumothorax,uncertain,0.45
patient00122/study5,patient00122/study5/view1_frontal.dcm,Fracture,uncertain,0.45
patient00122/study5,patient00122/study5/view1_frontal.dcm,Lung Lesion,absent,0.85
patient00122/study5,patient00122/study5/view1_frontal.dcm,Lung Opacity,present,0.8825786113739014
patient00122/study5,patient00122/study5/view1_frontal.dcm,Enlarged Cardiomediastinum,uncertain,0.45
patient00122/study5,patient00122/study5/view1_frontal.dcm,Pleural Other,uncertain,0.45
patient00122/study5,patient00122/study5/view1_frontal.dcm,Support Devices,uncertain,0.35
patient00122/study5,patient00122/study5/view1_frontal.dcm,No Finding,absent,0.95
patient00122/study1,patient00122/study1/view1_frontal.dcm,Atelectasis,uncertain,0.45
patient00122/study1,patient00122/study1/view1_frontal.dcm,Cardiomegaly,uncertain,0.45
patient00122/study1,patient00122/study1/view1_frontal.dcm,Consolidation,uncertain,0.45
patient00122/study1,patient00122/study1/view1_frontal.dcm,Edema,absent,0.85
patient00122/study1,patient00122/study1/view1_frontal.dcm,Pleural Effusion,uncertain,0.45
patient00122/study1,patient00122/study1/view1_frontal.dcm,Pneumonia,uncertain,0.35
patient00122/study1,patient00122/study1/view1_frontal.dcm,Pneumothorax,absent,0.85
patient00122/study1,patient00122/study1/view1_frontal.dcm,Fracture,uncertain,0.45
patient00122/study1,patient00122/study1/view1_frontal.dcm,Lung Lesion,absent,0.85
patient00122/study1,patient00122/study1/view1_frontal.dcm,Lung Opacity,uncertain,0.35
patient00122/study1,patient00122/study1/view1_frontal.dcm,Enlarged Cardiomediastinum,uncertain,0.35
patient00122/study1,patient00122/study1/view1_frontal.dcm,Pleural Other,uncertain,0.35
patient00122/study1,patient00122/study1/view1_frontal.dcm,Support Devices,uncertain,0.35
patient00122/study1,patient00122/study1/view1_frontal.dcm,No Finding,absent,0.95
patient00122/study4,patient00122/study4/view1_frontal.dcm,Atelectasis,uncertain,0.55
patient00122/study4,patient00122/study4/view1_frontal.dcm,Cardiomegaly,uncertain,0.45
patient00122/study4,patient00122/study4/view1_frontal.dcm,Consolidation,uncertain,0.55
patient00122/study4,patient00122/study4/view1_frontal.dcm,Edema,uncertain,0.45
patient00122/study4,patient00122/study4/view1_frontal.dcm,Pleural Effusion,present,0.8561193346977234
patient00122/study4,patient00122/study4/view1_frontal.dcm,Pneumonia,uncertain,0.35
patient00122/study4,patient00122/study4/view1_frontal.dcm,Pneumothorax,uncertain,0.45
patient00122/study4,patient00122/study4/view1_frontal.dcm,Fracture,uncertain,0.45
patient00122/study4,patient00122/study4/view1_frontal.dcm,Lung Lesion,uncertain,0.45
patient00122/study4,patient00122/study4/view1_frontal.dcm,Lung Opacity,present,0.7570153474807739
patient00122/study4,patient00122/study4/view1_frontal.dcm,Enlarged Cardiomediastinum,uncertain,0.55
patient00122/study4,patient00122/study4/view1_frontal.dcm,Pleural Other,present,0.6593403816223145
patient00122/study4,patient00122/study4/view1_frontal.dcm,Support Devices,uncertain,0.35
patient00122/study4,patient00122/study4/view1_frontal.dcm,No Finding,absent,0.95
patient00122/study8,patient00122/study8/view1_frontal.dcm,Atelectasis,uncertain,0.55
patient00122/study8,patient00122/study8/view1_frontal.dcm,Cardiomegaly,uncertain,0.45
patient00122/study8,patient00122/study8/view1_frontal.dcm,Consolidation,uncertain,0.45
patient00122/study8,patient00122/study8/view1_frontal.dcm,Edema,uncertain,0.45
patient00122/study8,patient00122/study8/view1_frontal.dcm,Pleural Effusion,present,0.926876187324524
patient00122/study8,patient00122/study8/view1_frontal.dcm,Pneumonia,absent,0.85
patient00122/study8,patient00122/study8/view1_frontal.dcm,Pneumothorax,uncertain,0.45
patient00122/study8,patient00122/study8/view1_frontal.dcm,Fracture,uncertain,0.45
patient00122/study8,patient00122/study8/view1_frontal.dcm,Lung Lesion,uncertain,0.45
patient00122/study8,patient00122/study8/view1_frontal.dcm,Lung Opacity,present,0.7616977095603943
patient00122/study8,patient00122/study8/view1_frontal.dcm,Enlarged Cardiomediastinum,uncertain,0.45
patient00122/study8,patient00122/study8/view1_frontal.dcm,Pleural Other,uncertain,0.45
patient00122/study8,patient00122/study8/view1_frontal.dcm,Support Devices,uncertain,0.35
patient00122/study8,patient00122/study8/view1_frontal.dcm,No Finding,absent,0.95
patient00122/study7,patient00122/study7/view1_frontal.dcm,Atelectasis,uncertain,0.55
patient00122/study7,patient00122/study7/view1_frontal.dcm,Cardiomegaly,uncertain,0.45
patient00122/study7,patient00122/study7/view1_frontal.dcm,Consolidation,uncertain,0.45
patient00122/study7,patient00122/study7/view1_frontal.dcm,Edema,uncertain,0.45
patient00122/study7,patient00122/study7/view1_frontal.dcm,Pleural Effusion,present,0.7421722412109375
patient00122/study7,patient00122/study7/view1_frontal.dcm,Pneumonia,absent,0.85
patient00122/study7,patient00122/study7/view1_frontal.dcm,Pneumothorax,uncertain,0.45
patient00122/study7,patient00122/study7/view1_frontal.dcm,Fracture,uncertain,0.45
patient00122/study7,patient00122/study7/view1_frontal.dcm,Lung Lesion,absent,0.85
patient00122/study7,patient00122/study7/view1_frontal.dcm,Lung Opacity,present,0.8071666359901428
patient00122/study7,patient00122/study7/view1_frontal.dcm,Enlarged Cardiomediastinum,uncertain,0.45
patient00122/study7,patient00122/study7/view1_frontal.dcm,Pleural Other,uncertain,0.45
patient00122/study7,patient00122/study7/view1_frontal.dcm,Support Devices,uncertain,0.35
patient00122/study7,patient00122/study7/view1_frontal.dcm,No Finding,absent,0.95
patient00122/study6,patient00122/study6/view1_frontal.dcm,Atelectasis,uncertain,0.55
patient00122/study6,patient00122/study6/view1_frontal.dcm,Cardiomegaly,uncertain,0.45
patient00122/study6,patient00122/study6/view1_frontal.dcm,Consolidation,uncertain,0.55
patient00122/study6,patient00122/study6/view1_frontal.dcm,Edema,uncertain,0.45
patient00122/study6,patient00122/study6/view1_frontal.dcm,Pleural Effusion,present,0.7732406854629517
patient00122/study6,patient00122/study6/view1_frontal.dcm,Pneumonia,absent,0.85
patient00122/study6,patient00122/study6/view1_frontal.dcm,Pneumothorax,uncertain,0.45
patient00122/study6,patient00122/study6/view1_frontal.dcm,Fracture,uncertain,0.45
patient00122/study6,patient00122/study6/view1_frontal.dcm,Lung Lesion,uncertain,0.45
patient00122/study6,patient00122/study6/view1_frontal.dcm,Lung Opacity,present,0.8521348237991333
patient00122/study6,patient00122/study6/view1_frontal.dcm,Enlarged Cardiomediastinum,uncertain,0.55
patient00122/study6,patient00122/study6/view1_frontal.dcm,Pleural Other,uncertain,0.45
patient00122/study6,patient00122/study6/view1_frontal.dcm,Support Devices,uncertain,0.35
patient00122/study6,patient00122/study6/view1_frontal.dcm,No Finding,absent,0.95
patient00124/study6,patient00124/study6/view1_frontal.dcm,Atelectasis,uncertain,0.45
patient00124/study6,patient00124/study6/view1_frontal.dcm,Cardiomegaly,uncertain,0.45
patient00124/study6,patient00124/study6/view1_frontal.dcm,Consolidation,uncertain,0.45
patient00124/study6,patient00124/study6/view1_frontal.dcm,Edema,absent,0.85
patient00124/study6,patient00124/study6/view1_frontal.dcm,Pleural Effusion,uncertain,0.35
patient00124/study6,patient00124/study6/view1_frontal.dcm,Pneumonia,absent,0.85
patient00124/study6,patient00124/study6/view1_frontal.dcm,Pneumothorax,uncertain,0.45
patient00124/study6,patient00124/study6/view1_frontal.dcm,Fracture,uncertain,0.45
patient00124/study6,patient00124/study6/view1_frontal.dcm,Lung Lesion,absent,0.85
patient00124/study6,patient00124/study6/view1_frontal.dcm,Lung Opacity,uncertain,0.45
patient00124/study6,patient00124/study6/view1_frontal.dcm,Enlarged Cardiomediastinum,uncertain,0.45
patient00124/study6,patient00124/study6/view1_frontal.dcm,Pleural Other,uncertain,0.45
patient00124/study6,patient00124/study6/view1_frontal.dcm,Support Devices,uncertain,0.35
patient00124/study6,patient00124/study6/view1_frontal.dcm,No Finding,absent,0.95
patient00124/study4,patient00124/study4/view1_frontal.dcm,Atelectasis,uncertain,0.55
patient00124/study4,patient00124/study4/view1_frontal.dcm,Cardiomegaly,uncertain,0.55
patient00124/study4,patient00124/study4/view1_frontal.dcm,Consolidation,uncertain,0.55
patient00124/study4,patient00124/study4/view1_frontal.dcm,Edema,present,0.6174189448356628
patient00124/study4,patient00124/study4/view1_frontal.dcm,Pleural Effusion,present,0.8320467472076416
patient00124/study4,patient00124/study4/view1_frontal.dcm,Pneumonia,uncertain,0.35
patient00124/study4,patient00124/study4/view1_frontal.dcm,Pneumothorax,uncertain,0.45
patient00124/study4,patient00124/study4/view1_frontal.dcm,Fracture,uncertain,0.45
patient00124/study4,patient00124/study4/view1_frontal.dcm,Lung Lesion,uncertain,0.45
patient00124/study4,patient00124/study4/view1_frontal.dcm,Lung Opacity,present,0.8458330631256104
patient00124/study4,patient00124/study4/view1_frontal.dcm,Enlarged Cardiomediastinum,uncertain,0.45
patient00124/study4,patient00124/study4/view1_frontal.dcm,Pleural Other,uncertain,0.45
patient00124/study4,patient00124/study4/view1_frontal.dcm,Support Devices,uncertain,0.35
patient00124/study4,patient00124/study4/view1_frontal.dcm,No Finding,absent,0.95
patient00124/study2,patient00124/study2/view1_frontal.dcm,Atelectasis,uncertain,0.55
patient00124/study2,patient00124/study2/view1_frontal.dcm,Cardiomegaly,uncertain,0.55
patient00124/study2,patient00124/study2/view1_frontal.dcm,Consolidation,present,0.7682377099990845
patient00124/study2,patient00124/study2/view1_frontal.dcm,Edema,present,0.7239871621131897
patient00124/study2,patient00124/study2/view1_frontal.dcm,Pleural Effusion,present,0.8741674423217773
patient00124/study2,patient00124/study2/view1_frontal.dcm,Pneumonia,uncertain,0.45
patient00124/study2,patient00124/study2/view1_frontal.dcm,Pneumothorax,uncertain,0.45
patient00124/study2,patient00124/study2/view1_frontal.dcm,Fracture,uncertain,0.45
patient00124/study2,patient00124/study2/view1_frontal.dcm,Lung Lesion,uncertain,0.45
patient00124/study2,patient00124/study2/view1_frontal.dcm,Lung Opacity,present,0.928597927093506
patient00124/study2,patient00124/study2/view1_frontal.dcm,Enlarged Cardiomediastinum,uncertain,0.45
patient00124/study2,patient00124/study2/view1_frontal.dcm,Pleural Other,uncertain,0.45
patient00124/study2,patient00124/study2/view1_frontal.dcm,Support Devices,uncertain,0.35
patient00124/study2,patient00124/study2/view1_frontal.dcm,No Finding,absent,0.95
patient00124/study3,patient00124/study3/view1_frontal.dcm,Atelectasis,uncertain,0.55
patient00124/study3,patient00124/study3/view1_frontal.dcm,Cardiomegaly,uncertain,0.55
patient00124/study3,patient00124/study3/view1_frontal.dcm,Consolidation,uncertain,0.55
patient00124/study3,patient00124/study3/view1_frontal.dcm,Edema,uncertain,0.45
patient00124/study3,patient00124/study3/view1_frontal.dcm,Pleural Effusion,present,0.6910048723220825
patient00124/study3,patient00124/study3/view1_frontal.dcm,Pneumonia,uncertain,0.45
patient00124/study3,patient00124/study3/view1_frontal.dcm,Pneumothorax,uncertain,0.45
patient00124/study3,patient00124/study3/view1_frontal.dcm,Fracture,uncertain,0.45
patient00124/study3,patient00124/study3/view1_frontal.dcm,Lung Lesion,absent,0.85
patient00124/study3,patient00124/study3/view1_frontal.dcm,Lung Opacity,uncertain,0.55
patient00124/study3,patient00124/study3/view1_frontal.dcm,Enlarged Cardiomediastinum,uncertain,0.45
patient00124/study3,patient00124/study3/view1_frontal.dcm,Pleural Other,uncertain,0.35
patient00124/study3,patient00124/study3/view1_frontal.dcm,Support Devices,uncertain,0.35
patient00124/study3,patient00124/study3/view1_frontal.dcm,No Finding,absent,0.95
