study_key,deid_patient_id,split,view_count,dicom_paths,vision_backend_id,probability_atelectasis,threshold_atelectasis,status_atelectasis,probability_cardiomegaly,threshold_cardiomegaly,status_cardiomegaly,probability_consolidation,threshold_consolidation,status_consolidation,probability_edema,threshold_edema,status_edema,probability_pleural_effusion,threshold_pleural_effusion,status_pleural_effusion,probability_pneumonia,threshold_pneumonia,status_pneumonia,probability_pneumothorax,threshold_pneumothorax,status_pneumothorax,probability_fracture,threshold_fracture,status_fracture,probability_lung_lesion,threshold_lung_lesion,status_lung_lesion,probability_lung_opacity,threshold_lung_opacity,status_lung_opacity,probability_enlarged_cardiomediastinum,threshold_enlarged_cardiomediastinum,status_enlarged_cardiomediastinum,probability_pleural_other,threshold_pleural_other,status_pleural_other
patient00689/study1,patient00689,test,1,patient00689/study1/view1_frontal.dcm,raddino_finetuned_v1,0.091064453125,0.56,absent,0.09503173828125,0.5,absent,0.0191192626953125,0.45,absent,0.040771484375,0.453857,absent,0.06585693359375,0.6,absent,0.00572967529296875,0.28,absent,0.005062103271484375,0.33,absent,0.018096923828125,0.42,absent,0.0153656005859375,0.39,absent,0.0278472900390625,0.62,absent,0.095703125,0.35,absent,0.0029239654541015625,0.45,absent
patient00689/study10,patient00689,test,1,patient00689/study10/view1_frontal.dcm,raddino_finetuned_v1,0.01111602783203125,0.56,absent,0.00787353515625,0.5,absent,0.0036640167236328125,0.45,absent,0.0033512115478515625,0.453857,absent,0.01111602783203125,0.6,absent,0.0012493133544921875,0.28,absent,0.051666259765625,0.33,absent,0.0030879974365234375,0.42,absent,0.019500732421875,0.39,absent,0.008575439453125,0.62,absent,0.0102081298828125,0.35,absent,0.004180908203125,0.45,absent
patient00689/study11,patient00689,test,1,patient00689/study11/view1_frontal.dcm,raddino_finetuned_v1,0.0177154541015625,0.56,absent,0.007488250732421875,0.5,absent,0.00867462158203125,0.45,absent,0.004962921142578125,0.453857,absent,0.00916290283203125,0.6,absent,0.0017480850219726562,0.28,absent,0.0169219970703125,0.33,absent,0.005218505859375,0.42,absent,0.0206451416015625,0.39,absent,0.0090179443359375,0.62,absent,0.0104522705078125,0.35,absent,0.00669097900390625,0.45,absent
patient00689/study12,patient00689,test,1,patient00689/study12/view1_frontal.dcm,raddino_finetuned_v1,0.027374267578125,0.56,absent,0.0083465576171875,0.5,absent,0.01374053955078125,0.45,absent,0.00731658935546875,0.453857,absent,0.01332855224609375,0.6,absent,0.00498199462890625,0.28,absent,0.040618896484375,0.33,absent,0.01983642578125,0.42,absent,0.0185089111328125,0.39,absent,0.022369384765625,0.62,absent,0.0069580078125,0.35,absent,0.01287078857421875,0.45,absent
patient00877/study1,patient00877,test,1,patient00877/study1/view1_frontal.dcm,raddino_finetuned_v1,0.66259765625,0.56,present,0.84912109375,0.5,present,0.399169921875,0.45,absent,0.611328125,0.453857,present,0.68896484375,0.6,present,0.0284881591796875,0.28,absent,0.11920166015625,0.33,absent,0.0943603515625,0.42,absent,0.08648681640625,0.39,absent,0.67724609375,0.62,present,0.80517578125,0.35,present,0.0794677734375,0.45,absent
patient00877/study13,patient00877,test,1,patient00877/study13/view1_frontal.dcm,raddino_finetuned_v1,0.97314453125,0.56,present,0.9755859375,0.5,present,0.828125,0.45,present,0.9609375,0.453857,present,0.93359375,0.6,present,0.3681640625,0.28,present,0.494140625,0.33,present,0.939453125,0.42,present,0.4404296875,0.39,present,0.96533203125,0.62,present,0.88671875,0.35,present,0.433837890625,0.45,absent
patient00877/study7,patient00877,test,1,patient00877/study7/view1_frontal.dcm,raddino_finetuned_v1,0.499267578125,0.56,absent,0.8828125,0.5,present,0.51953125,0.45,present,0.716796875,0.453857,present,0.7626953125,0.6,present,0.06585693359375,0.28,absent,0.083740234375,0.33,absent,0.1468505859375,0.42,absent,0.056121826171875,0.39,absent,0.84716796875,0.62,present,0.75830078125,0.35,present,0.0703125,0.45,absent
patient00877/study9,patient00877,test,1,patient00877/study9/view1_frontal.dcm,raddino_finetuned_v1,0.85400390625,0.56,present,0.95458984375,0.5,present,0.724609375,0.45,present,0.91015625,0.453857,present,0.9453125,0.6,present,0.201171875,0.28,absent,0.188232421875,0.33,absent,0.273681640625,0.42,absent,0.269287109375,0.39,absent,0.93115234375,0.62,present,0.59228515625,0.35,present,0.12432861328125,0.45,absent
patient00974/study3,patient00974,test,1,patient00974/study3/view1_frontal.dcm,raddino_finetuned_v1,0.1087646484375,0.56,absent,0.0119171142578125,0.5,absent,0.090087890625,0.45,absent,0.04302978515625,0.453857,absent,0.0235595703125,0.6,absent,0.05340576171875,0.28,absent,0.04876708984375,0.33,absent,0.0250396728515625,0.42,absent,0.0704345703125,0.39,absent,0.1539306640625,0.62,absent,0.007965087890625,0.35,absent,0.01507568359375,0.45,absent
patient00980/study7,patient00980,test,1,patient00980/study7/view1_frontal.dcm,raddino_finetuned_v1,0.62109375,0.56,present,0.623046875,0.5,present,0.416015625,0.45,absent,0.249755859375,0.453857,absent,0.82763671875,0.6,present,0.1966552734375,0.28,absent,0.199462890625,0.33,absent,0.407958984375,0.42,absent,0.63623046875,0.39,present,0.8720703125,0.62,present,0.67041015625,0.35,present,0.904296875,0.45,present
patient01239/study10,patient01239,test,1,patient01239/study10/view1_frontal.dcm,raddino_finetuned_v1,0.04376220703125,0.56,absent,0.0284423828125,0.5,absent,0.04931640625,0.45,absent,0.0185089111328125,0.453857,absent,0.114990234375,0.6,absent,0.038238525390625,0.28,absent,0.24365234375,0.33,absent,0.248291015625,0.42,absent,0.091064453125,0.39,absent,0.158203125,0.62,absent,0.052032470703125,0.35,absent,0.04351806640625,0.45,absent
patient01239/study7,patient01239,test,1,patient01239/study7/view1_frontal.dcm,raddino_finetuned_v1,0.0250396728515625,0.56,absent,0.0167236328125,0.5,absent,0.0287628173828125,0.45,absent,0.0191192626953125,0.453857,absent,0.03265380859375,0.6,absent,0.020965576171875,0.28,absent,0.20166015625,0.33,absent,0.260498046875,0.42,absent,0.0535888671875,0.39,absent,0.141357421875,0.62,absent,0.01666259765625,0.35,absent,0.043212890625,0.45,absent
patient01239/study9,patient01239,test,1,patient01239/study9/view1_frontal.dcm,raddino_finetuned_v1,0.06719970703125,0.56,absent,0.03021240234375,0.5,absent,0.0867919921875,0.45,absent,0.022796630859375,0.453857,absent,0.10357666015625,0.6,absent,0.08709716796875,0.28,absent,0.06427001953125,0.33,absent,0.1175537109375,0.42,absent,0.07611083984375,0.39,absent,0.2010498046875,0.62,absent,0.05419921875,0.35,absent,0.046478271484375,0.45,absent
patient01384/study1,patient01384,test,1,patient01384/study1/view1_frontal.dcm,raddino_finetuned_v1,0.54296875,0.56,absent,0.331787109375,0.5,absent,0.6474609375,0.45,present,0.58203125,0.453857,present,0.81640625,0.6,present,0.73291015625,0.28,present,0.1044921875,0.33,absent,0.0953369140625,0.42,absent,0.442138671875,0.39,present,0.90869140625,0.62,present,0.380615234375,0.35,present,0.5205078125,0.45,present
patient01630/study1,patient01630,test,1,patient01630/study1/view1_frontal.dcm,raddino_finetuned_v1,0.006984710693359375,0.56,absent,0.07366943359375,0.5,absent,0.033905029296875,0.45,absent,0.01934814453125,0.453857,absent,0.01751708984375,0.6,absent,0.0115966796875,0.28,absent,0.006931304931640625,0.33,absent,0.00867462158203125,0.42,absent,0.00847625732421875,0.39,absent,0.049407958984375,0.62,absent,0.025665283203125,0.35,absent,0.00469970703125,0.45,absent
patient01630/study10,patient01630,test,1,patient01630/study10/view1_frontal.dcm,raddino_finetuned_v1,0.0038547515869140625,0.56,absent,0.058349609375,0.5,absent,0.0199127197265625,0.45,absent,0.007694244384765625,0.453857,absent,0.00891876220703125,0.6,absent,0.01322174072265625,0.28,absent,0.01812744140625,0.33,absent,0.0131683349609375,0.42,absent,0.01107025146484375,0.39,absent,0.0341796875,0.62,absent,0.06231689453125,0.35,absent,0.0016422271728515625,0.45,absent
patient01630/study2,patient01630,test,1,patient01630/study2/view1_frontal.dcm,raddino_finetuned_v1,0.003124237060546875,0.56,absent,0.0117340087890625,0.5,absent,0.0238189697265625,0.45,absent,0.006145477294921875,0.453857,absent,0.013275146484375,0.6,absent,0.0150146484375,0.28,absent,0.0252685546875,0.33,absent,0.02447509765625,0.42,absent,0.006439208984375,0.39,absent,0.020294189453125,0.62,absent,0.029876708984375,0.35,absent,0.0033512115478515625,0.45,absent
patient01630/study3,patient01630,test,1,patient01630/study3/view1_frontal.dcm,raddino_finetuned_v1,0.01078033447265625,0.56,absent,0.041778564453125,0.5,absent,0.013427734375,0.45,absent,0.018341064453125,0.453857,absent,0.0097808837890625,0.6,absent,0.01666259765625,0.28,absent,0.0704345703125,0.33,absent,0.01406097412109375,0.42,absent,0.004085540771484375,0.39,absent,0.030731201171875,0.62,absent,0.0231475830078125,0.35,absent,0.0017824172973632812,0.45,absent
patient01658/study1,patient01658,test,1,patient01658/study1/view1_frontal.dcm,raddino_finetuned_v1,0.2098388671875,0.56,absent,0.302490234375,0.5,absent,0.06658935546875,0.45,absent,0.1444091796875,0.453857,absent,0.255126953125,0.6,absent,0.051849365234375,0.28,absent,0.0810546875,0.33,absent,0.0640869140625,0.42,absent,0.01282501220703125,0.39,absent,0.320556640625,0.62,absent,0.276123046875,0.35,absent,0.048126220703125,0.45,absent
patient01658/study2,patient01658,test,2,patient01658/study2/view1_frontal.dcm|patient01658/study2/view2_lateral.dcm,raddino_finetuned_v1,0.68212890625,0.56,present,0.353271484375,0.5,absent,0.55224609375,0.45,present,0.2015380859375,0.453857,absent,0.8984375,0.6,present,0.71044921875,0.28,present,0.357421875,0.33,present,0.70361328125,0.42,present,0.74755859375,0.39,present,0.8896484375,0.62,present,0.306640625,0.35,absent,0.818359375,0.45,present
patient02001/study22,patient02001,test,2,patient02001/study22/view1_frontal.dcm|patient02001/study22/view2_frontal.dcm,raddino_finetuned_v1,0.7275390625,0.56,present,0.82763671875,0.5,present,0.83154296875,0.45,present,0.8271484375,0.453857,present,0.9697265625,0.6,present,0.5927734375,0.28,present,0.0215301513671875,0.33,absent,0.6103515625,0.42,present,0.4365234375,0.39,present,0.9716796875,0.62,present,0.818359375,0.35,present,0.6357421875,0.45,present
patient02001/study3,patient02001,test,1,patient02001/study3/view1_frontal.dcm,raddino_finetuned_v1,0.724609375,0.56,present,0.84375,0.5,present,0.84228515625,0.45,present,0.9658203125,0.453857,present,0.91796875,0.6,present,0.31640625,0.28,present,0.0755615234375,0.33,absent,0.57861328125,0.42,present,0.08978271484375,0.39,absent,0.94921875,0.62,present,0.783203125,0.35,present,0.16064453125,0.45,absent
patient02001/study4,patient02001,test,1,patient02001/study4/view1_frontal.dcm,raddino_finetuned_v1,0.630859375,0.56,present,0.30908203125,0.5,absent,0.294189453125,0.45,absent,0.6494140625,0.453857,present,0.8701171875,0.6,present,0.56982421875,0.28,present,0.84814453125,0.33,present,0.7763671875,0.42,present,0.689453125,0.39,present,0.939453125,0.62,present,0.7197265625,0.35,present,0.826171875,0.45,present
patient02001/study6,patient02001,test,1,patient02001/study6/view1_frontal.dcm,raddino_finetuned_v1,0.102294921875,0.56,absent,0.5087890625,0.5,present,0.1568603515625,0.45,absent,0.317626953125,0.453857,absent,0.46484375,0.6,absent,0.0390625,0.28,absent,0.009857177734375,0.33,absent,0.115966796875,0.42,absent,0.037109375,0.39,absent,0.5546875,0.62,absent,0.198486328125,0.35,absent,0.06927490234375,0.45,absent
patient02261/study1,patient02261,test,1,patient02261/study1/view1_frontal.dcm,raddino_finetuned_v1,0.06719970703125,0.56,absent,0.05340576171875,0.5,absent,0.2203369140625,0.45,absent,0.08819580078125,0.453857,absent,0.1033935546875,0.6,absent,0.035736083984375,0.28,absent,0.0439453125,0.33,absent,0.01450347900390625,0.42,absent,0.04296875,0.39,absent,0.1165771484375,0.62,absent,0.11358642578125,0.35,absent,0.0210113525390625,0.45,absent
patient02261/study2,patient02261,test,1,patient02261/study2/view1_frontal.dcm,raddino_finetuned_v1,0.05645751953125,0.56,absent,0.07806396484375,0.5,absent,0.351318359375,0.45,absent,0.10614013671875,0.453857,absent,0.142578125,0.6,absent,0.055511474609375,0.28,absent,0.06292724609375,0.33,absent,0.017242431640625,0.42,absent,0.064208984375,0.39,absent,0.1884765625,0.62,absent,0.153564453125,0.35,absent,0.021575927734375,0.45,absent
patient02261/study3,patient02261,test,1,patient02261/study3/view1_frontal.dcm,raddino_finetuned_v1,0.092041015625,0.56,absent,0.1514892578125,0.5,absent,0.28662109375,0.45,absent,0.09039306640625,0.453857,absent,0.1536865234375,0.6,absent,0.050140380859375,0.28,absent,0.179443359375,0.33,absent,0.011871337890625,0.42,absent,0.052703857421875,0.39,absent,0.2109375,0.62,absent,0.10894775390625,0.35,absent,0.0202484130859375,0.45,absent
patient02298/study2,patient02298,test,1,patient02298/study2/view1_frontal.dcm,raddino_finetuned_v1,0.2467041015625,0.56,absent,0.385498046875,0.5,absent,0.189697265625,0.45,absent,0.309326171875,0.453857,absent,0.44384765625,0.6,absent,0.04931640625,0.28,absent,0.4794921875,0.33,present,0.6455078125,0.42,present,0.0369873046875,0.39,absent,0.58935546875,0.62,absent,0.1396484375,0.35,absent,0.3984375,0.45,absent
patient02298/study3,patient02298,test,2,patient02298/study3/view1_frontal.dcm|patient02298/study3/view2_lateral.dcm,raddino_finetuned_v1,0.2459716796875,0.56,absent,0.3447265625,0.5,absent,0.456298828125,0.45,present,0.10211181640625,0.453857,absent,0.63818359375,0.6,present,0.43212890625,0.28,present,0.161865234375,0.33,absent,0.42529296875,0.42,present,0.39404296875,0.39,present,0.6884765625,0.62,present,0.2252197265625,0.35,absent,0.62060546875,0.45,present
patient02298/study4,patient02298,test,2,patient02298/study4/view1_frontal.dcm|patient02298/study4/view2_lateral.dcm,raddino_finetuned_v1,0.767578125,0.56,present,0.58642578125,0.5,present,0.591796875,0.45,present,0.32080078125,0.453857,absent,0.9404296875,0.6,present,0.392822265625,0.28,present,0.432373046875,0.33,present,0.822265625,0.42,present,0.60986328125,0.39,present,0.91552734375,0.62,present,0.384033203125,0.35,present,0.8603515625,0.45,present
patient02303/study1,patient02303,test,3,patient02303/study1/view1_frontal.dcm|patient02303/study1/view2_lateral.dcm|patient02303/study1/view3_lateral.dcm,raddino_finetuned_v1,0.016021728515625,0.56,absent,0.10284423828125,0.5,absent,0.035675048828125,0.45,absent,0.00945281982421875,0.453857,absent,0.11163330078125,0.6,absent,0.07489013671875,0.28,absent,0.011688232421875,0.33,absent,0.07489013671875,0.42,absent,0.06964111328125,0.39,absent,0.1287841796875,0.62,absent,0.0287628173828125,0.35,absent,0.335693359375,0.45,absent
patient02314/study7,patient02314,test,1,patient02314/study7/view1_frontal.dcm,raddino_finetuned_v1,0.6123046875,0.56,present,0.381591796875,0.5,absent,0.80322265625,0.45,present,0.845703125,0.453857,present,0.6845703125,0.6,present,0.63134765625,0.28,present,0.1798095703125,0.33,absent,0.15869140625,0.42,absent,0.312744140625,0.39,absent,0.912109375,0.62,present,0.3154296875,0.35,absent,0.48046875,0.45,present
patient02320/study8,patient02320,test,1,patient02320/study8/view1_frontal.dcm,raddino_finetuned_v1,0.00841522216796875,0.56,absent,0.149169921875,0.5,absent,0.0165863037109375,0.45,absent,0.0301513671875,0.453857,absent,0.0313720703125,0.6,absent,0.004627227783203125,0.28,absent,0.003185272216796875,0.33,absent,0.005279541015625,0.42,absent,0.0024433135986328125,0.39,absent,0.014556884765625,0.62,absent,0.06634521484375,0.35,absent,0.0036220550537109375,0.45,absent
patient02378/study1,patient02378,test,2,patient02378/study1/view1_frontal.dcm|patient02378/study1/view2_lateral.dcm,raddino_finetuned_v1,0.638671875,0.56,present,0.075439453125,0.5,absent,0.6572265625,0.45,present,0.314697265625,0.453857,absent,0.7783203125,0.6,present,0.66064453125,0.28,present,0.69677734375,0.33,present,0.5869140625,0.42,present,0.86328125,0.39,present,0.9267578125,0.62,present,0.081787109375,0.35,absent,0.91650390625,0.45,present
patient02378/study10,patient02378,test,1,patient02378/study10/view1_frontal.dcm,raddino_finetuned_v1,0.11181640625,0.56,absent,0.08758544921875,0.5,absent,0.252685546875,0.45,absent,0.2015380859375,0.453857,absent,0.130859375,0.6,absent,0.2841796875,0.28,present,0.65380859375,0.33,present,0.05419921875,0.42,absent,0.09088134765625,0.39,absent,0.48193359375,0.62,absent,0.05645751953125,0.35,absent,0.07861328125,0.45,absent
patient02378/study11,patient02378,test,1,patient02378/study11/view1_frontal.dcm,raddino_finetuned_v1,0.00734710693359375,0.56,absent,0.00933837890625,0.5,absent,0.059539794921875,0.45,absent,0.02447509765625,0.453857,absent,0.006168365478515625,0.6,absent,0.05511474609375,0.28,absent,0.0181884765625,0.33,absent,0.00634002685546875,0.42,absent,0.0186920166015625,0.39,absent,0.051361083984375,0.62,absent,0.0184783935546875,0.35,absent,0.0165252685546875,0.45,absent
patient02378/study12,patient02378,test,1,patient02378/study12/view1_frontal.dcm,raddino_finetuned_v1,0.052337646484375,0.56,absent,0.1287841796875,0.5,absent,0.044097900390625,0.45,absent,0.1798095703125,0.453857,absent,0.12274169921875,0.6,absent,0.10687255859375,0.28,absent,0.0802001953125,0.33,absent,0.0221099853515625,0.42,absent,0.035552978515625,0.39,absent,0.362548828125,0.62,absent,0.1773681640625,0.35,absent,0.08062744140625,0.45,absent
patient02512/study1,patient02512,test,2,patient02512/study1/view1_frontal.dcm|patient02512/study1/view2_lateral.dcm,raddino_finetuned_v1,0.0631103515625,0.56,absent,0.2142333984375,0.5,absent,0.06597900390625,0.45,absent,0.09173583984375,0.453857,absent,0.56787109375,0.6,absent,0.2113037109375,0.28,absent,0.0200653076171875,0.33,absent,0.09320068359375,0.42,absent,0.1077880859375,0.39,absent,0.39892578125,0.62,absent,0.06927490234375,0.35,absent,0.392578125,0.45,absent
patient02590/study3,patient02590,test,3,patient02590/study3/view1_frontal.dcm|patient02590/study3/view2_lateral.dcm|patient02590/study3/view3_lateral.dcm,raddino_finetuned_v1,0.5478515625,0.56,absent,0.50634765625,0.5,present,0.5888671875,0.45,present,0.333740234375,0.453857,absent,0.822265625,0.6,present,0.90380859375,0.28,present,0.199951171875,0.33,absent,0.390625,0.42,absent,0.66259765625,0.39,present,0.95947265625,0.62,present,0.17236328125,0.35,absent,0.7685546875,0.45,present
patient02894/study1,patient02894,test,3,patient02894/study1/view1_frontal.dcm|patient02894/study1/view2_frontal.dcm|patient02894/study1/view3_lateral.dcm,raddino_finetuned_v1,0.48486328125,0.56,absent,0.2147216796875,0.5,absent,0.74462890625,0.45,present,0.09637451171875,0.453857,absent,0.6201171875,0.6,present,0.8466796875,0.28,present,0.28369140625,0.33,absent,0.455322265625,0.42,present,0.63037109375,0.39,present,0.9052734375,0.62,present,0.232666015625,0.35,absent,0.61767578125,0.45,present
patient02946/study1,patient02946,test,1,patient02946/study1/view1_frontal.dcm,raddino_finetuned_v1,0.0095977783203125,0.56,absent,0.021240234375,0.5,absent,0.011505126953125,0.45,absent,0.0164031982421875,0.453857,absent,0.015960693359375,0.6,absent,0.007404327392578125,0.28,absent,0.059326171875,0.33,absent,0.01229095458984375,0.42,absent,0.017242431640625,0.39,absent,0.0531005859375,0.62,absent,0.09912109375,0.35,absent,0.0321044921875,0.45,absent
patient02946/study10,patient02946,test,1,patient02946/study10/view1_frontal.dcm,raddino_finetuned_v1,0.0237274169921875,0.56,absent,0.00878143310546875,0.5,absent,0.0023136138916015625,0.45,absent,0.01467132568359375,0.453857,absent,0.034942626953125,0.6,absent,0.0068511962890625,0.28,absent,0.07421875,0.33,absent,0.0299835205078125,0.42,absent,0.01094818115234375,0.39,absent,0.04296875,0.62,absent,0.06878662109375,0.35,absent,0.0135345458984375,0.45,absent
patient02946/study11,patient02946,test,1,patient02946/study11/view1_frontal.dcm,raddino_finetuned_v1,0.04913330078125,0.56,absent,0.0141754150390625,0.5,absent,0.0058441162109375,0.45,absent,0.020721435546875,0.453857,absent,0.027587890625,0.6,absent,0.01229095458984375,0.28,absent,0.049957275390625,0.33,absent,0.06512451171875,0.42,absent,0.04217529296875,0.39,absent,0.10650634765625,0.62,absent,0.188720703125,0.35,absent,0.02685546875,0.45,absent
patient02946/study2,patient02946,test,1,patient02946/study2/view1_frontal.dcm,raddino_finetuned_v1,0.004070281982421875,0.56,absent,0.00971221923828125,0.5,absent,0.005218505859375,0.45,absent,0.00974273681640625,0.453857,absent,0.0053863525390625,0.6,absent,0.007175445556640625,0.28,absent,0.028167724609375,0.33,absent,0.00428009033203125,0.42,absent,0.0100555419921875,0.39,absent,0.02288818359375,0.62,absent,0.0203399658203125,0.35,absent,0.056549072265625,0.45,absent
patient02999/study1,patient02999,test,1,patient02999/study1/view1_frontal.dcm,raddino_finetuned_v1,0.022369384765625,0.56,absent,0.0360107421875,0.5,absent,0.011199951171875,0.45,absent,0.05291748046875,0.453857,absent,0.0264129638671875,0.6,absent,0.00818634033203125,0.28,absent,0.004886627197265625,0.33,absent,0.023956298828125,0.42,absent,0.0125732421875,0.39,absent,0.053009033203125,0.62,absent,0.09173583984375,0.35,absent,0.006168365478515625,0.45,absent
patient02999/study10,patient02999,test,1,patient02999/study10/view1_frontal.dcm,raddino_finetuned_v1,0.173583984375,0.56,absent,0.435302734375,0.5,absent,0.1468505859375,0.45,absent,0.307861328125,0.453857,absent,0.27880859375,0.6,absent,0.1304931640625,0.28,absent,0.019683837890625,0.33,absent,0.1248779296875,0.42,absent,0.06097412109375,0.39,absent,0.39306640625,0.62,absent,0.2259521484375,0.35,absent,0.16015625,0.45,absent
patient02999/study11,patient02999,test,1,patient02999/study11/view1_frontal.dcm,raddino_finetuned_v1,0.0153656005859375,0.56,absent,0.37060546875,0.5,absent,0.0165252685546875,0.45,absent,0.09503173828125,0.453857,absent,0.07354736328125,0.6,absent,0.03521728515625,0.28,absent,0.004329681396484375,0.33,absent,0.007785797119140625,0.42,absent,0.02276611328125,0.39,absent,0.080810546875,0.62,absent,0.07183837890625,0.35,absent,0.01363372802734375,0.45,absent
patient02999/study2,patient02999,test,2,patient02999/study2/view1_frontal.dcm|patient02999/study2/view2_lateral.dcm,raddino_finetuned_v1,0.404296875,0.56,absent,0.47509765625,0.5,absent,0.269287109375,0.45,absent,0.0889892578125,0.453857,absent,0.62646484375,0.6,present,0.456298828125,0.28,present,0.1966552734375,0.33,absent,0.54345703125,0.42,present,0.54541015625,0.39,present,0.82421875,0.62,present,0.287841796875,0.35,absent,0.49267578125,0.45,present
patient03138/study11,patient03138,test,2,patient03138/study11/view1_frontal.dcm|patient03138/study11/view2_lateral.dcm,raddino_finetuned_v1,0.5263671875,0.56,absent,0.1317138671875,0.5,absent,0.34716796875,0.45,absent,0.08819580078125,0.453857,absent,0.82080078125,0.6,present,0.33544921875,0.28,present,0.07147216796875,0.33,absent,0.53759765625,0.42,present,0.71630859375,0.39,present,0.90771484375,0.62,present,0.04779052734375,0.35,absent,0.8642578125,0.45,present
patient03387/study1,patient03387,test,1,patient03387/study1/view1_frontal.dcm,raddino_finetuned_v1,0.00919342041015625,0.56,absent,0.07183837890625,0.5,absent,0.03302001953125,0.45,absent,0.10821533203125,0.453857,absent,0.0535888671875,0.6,absent,0.041473388671875,0.28,absent,0.09088134765625,0.33,absent,0.0162200927734375,0.42,absent,0.0143890380859375,0.39,absent,0.12249755859375,0.62,absent,0.0235137939453125,0.35,absent,0.0204925537109375,0.45,absent
patient03387/study10,patient03387,test,1,patient03387/study10/view1_frontal.dcm,raddino_finetuned_v1,0.64599609375,0.56,present,0.955078125,0.5,present,0.8017578125,0.45,present,0.9482421875,0.453857,present,0.923828125,0.6,present,0.4541015625,0.28,present,0.072265625,0.33,absent,0.10247802734375,0.42,absent,0.47705078125,0.39,present,0.93017578125,0.62,present,0.939453125,0.35,present,0.356201171875,0.45,absent
patient03387/study11,patient03387,test,1,patient03387/study11/view1_frontal.dcm,raddino_finetuned_v1,0.00861358642578125,0.56,absent,0.2254638671875,0.5,absent,0.036285400390625,0.45,absent,0.33740234375,0.453857,absent,0.140869140625,0.6,absent,0.0278472900390625,0.28,absent,0.00586700439453125,0.33,absent,0.004383087158203125,0.42,absent,0.018585205078125,0.39,absent,0.166015625,0.62,absent,0.0592041015625,0.35,absent,0.0207672119140625,0.45,absent
patient03387/study2,patient03387,test,1,patient03387/study2/view1_frontal.dcm,raddino_finetuned_v1,0.244140625,0.56,absent,0.71826171875,0.5,present,0.51904296875,0.45,present,0.8310546875,0.453857,present,0.798828125,0.6,present,0.62060546875,0.28,present,0.154541015625,0.33,absent,0.10174560546875,0.42,absent,0.310791015625,0.39,absent,0.85986328125,0.62,present,0.26220703125,0.35,absent,0.3984375,0.45,absent
patient03443/study1,patient03443,test,1,patient03443/study1/view1_frontal.dcm,raddino_finetuned_v1,0.00524139404296875,0.56,absent,0.00803375244140625,0.5,absent,0.01450347900390625,0.45,absent,0.004085540771484375,0.453857,absent,0.0121917724609375,0.6,absent,0.02423095703125,0.28,absent,0.07354736328125,0.33,absent,0.037109375,0.42,absent,0.044677734375,0.39,absent,0.0252227783203125,0.62,absent,0.00881195068359375,0.35,absent,0.0390625,0.45,absent
patient03443/study10,patient03443,test,1,patient03443/study10/view1_frontal.dcm,raddino_finetuned_v1,0.026702880859375,0.56,absent,0.06842041015625,0.5,absent,0.0352783203125,0.45,absent,0.1177978515625,0.453857,absent,0.061431884765625,0.6,absent,0.0252227783203125,0.28,absent,0.03656005859375,0.33,absent,0.01312255859375,0.42,absent,0.0751953125,0.39,absent,0.1763916015625,0.62,absent,0.029541015625,0.35,absent,0.00963592529296875,0.45,absent
patient03443/study11,patient03443,test,1,patient03443/study11/view1_frontal.dcm,raddino_finetuned_v1,0.300048828125,0.56,absent,0.453369140625,0.5,absent,0.46044921875,0.45,present,0.36181640625,0.453857,absent,0.27587890625,0.6,absent,0.2301025390625,0.28,absent,0.1318359375,0.33,absent,0.185302734375,0.42,absent,0.1435546875,0.39,absent,0.6845703125,0.62,present,0.06829833984375,0.35,absent,0.03173828125,0.45,absent
patient03443/study2,patient03443,test,1,patient03443/study2/view1_frontal.dcm,raddino_finetuned_v1,0.1666259765625,0.56,absent,0.32275390625,0.5,absent,0.65234375,0.45,present,0.54052734375,0.453857,present,0.375,0.6,absent,0.5302734375,0.28,present,0.1763916015625,0.33,absent,0.258056640625,0.42,absent,0.027374267578125,0.39,absent,0.623046875,0.62,present,0.0293121337890625,0.35,absent,0.0634765625,0.45,absent
patient03478/study1,patient03478,test,1,patient03478/study1/view1_frontal.dcm,raddino_finetuned_v1,0.188720703125,0.56,absent,0.06890869140625,0.5,absent,0.1776123046875,0.45,absent,0.10992431640625,0.453857,absent,0.10430908203125,0.6,absent,0.212890625,0.28,absent,0.038543701171875,0.33,absent,0.093994140625,0.42,absent,0.17578125,0.39,absent,0.336181640625,0.62,absent,0.0755615234375,0.35,absent,0.07342529296875,0.45,absent
patient03478/study10,patient03478,test,1,patient03478/study10/view1_frontal.dcm,raddino_finetuned_v1,0.044097900390625,0.56,absent,0.048858642578125,0.5,absent,0.06488037109375,0.45,absent,0.046905517578125,0.453857,absent,0.058563232421875,0.6,absent,0.05059814453125,0.28,absent,0.0180511474609375,0.33,absent,0.029876708984375,0.42,absent,0.00307464599609375,0.39,absent,0.038970947265625,0.62,absent,0.024993896484375,0.35,absent,0.010528564453125,0.45,absent
patient03478/study11,patient03478,test,1,patient03478/study11/view1_frontal.dcm,raddino_finetuned_v1,0.28857421875,0.56,absent,0.06756591796875,0.5,absent,0.61572265625,0.45,present,0.34619140625,0.453857,absent,0.358642578125,0.6,absent,0.452880859375,0.28,present,0.00955963134765625,0.33,absent,0.1806640625,0.42,absent,0.49072265625,0.39,present,0.7646484375,0.62,present,0.0289764404296875,0.35,absent,0.31494140625,0.45,absent
patient03478/study12,patient03478,test,1,patient03478/study12/view1_frontal.dcm,raddino_finetuned_v1,0.4404296875,0.56,absent,0.61376953125,0.5,present,0.548828125,0.45,present,0.53955078125,0.453857,present,0.71923828125,0.6,present,0.1739501953125,0.28,absent,0.06280517578125,0.33,absent,0.3359375,0.42,absent,0.05572509765625,0.39,absent,0.62255859375,0.62,present,0.2900390625,0.35,absent,0.2303466796875,0.45,absent
patient03532/study12,patient03532,test,1,patient03532/study12/view1_frontal.dcm,raddino_finetuned_v1,0.07781982421875,0.56,absent,0.271240234375,0.5,absent,0.076416015625,0.45,absent,0.29443359375,0.453857,absent,0.258056640625,0.6,absent,0.05450439453125,0.28,absent,0.08831787109375,0.33,absent,0.1488037109375,0.42,absent,0.07989501953125,0.39,absent,0.4775390625,0.62,absent,0.296630859375,0.35,absent,0.280029296875,0.45,absent
patient03532/study18,patient03532,test,2,patient03532/study18/view1_frontal.dcm|patient03532/study18/view2_lateral.dcm,raddino_finetuned_v1,0.34814453125,0.56,absent,0.53369140625,0.5,present,0.66796875,0.45,present,0.279052734375,0.453857,absent,0.9013671875,0.6,present,0.56787109375,0.28,present,0.361572265625,0.33,present,0.54150390625,0.42,present,0.587890625,0.39,present,0.85205078125,0.62,present,0.41015625,0.35,present,0.580078125,0.45,present
patient03532/study3,patient03532,test,1,patient03532/study3/view1_frontal.dcm,raddino_finetuned_v1,0.0306243896484375,0.56,absent,0.229736328125,0.5,absent,0.037261962890625,0.45,absent,0.0272216796875,0.453857,absent,0.018829345703125,0.6,absent,0.0121002197265625,0.28,absent,0.006439208984375,0.33,absent,0.0121002197265625,0.42,absent,0.01029205322265625,0.39,absent,0.03240966796875,0.62,absent,0.1375732421875,0.35,absent,0.038116455078125,0.45,absent
patient03567/study1,patient03567,test,2,patient03567/study1/view1_frontal.dcm|patient03567/study1/view2_lateral.dcm,raddino_finetuned_v1,0.02423095703125,0.56,absent,0.14794921875,0.5,absent,0.08209228515625,0.45,absent,0.0259552001953125,0.453857,absent,0.116943359375,0.6,absent,0.1292724609375,0.28,absent,0.0219879150390625,0.33,absent,0.05877685546875,0.42,absent,0.10760498046875,0.39,absent,0.232666015625,0.62,absent,0.028656005859375,0.35,absent,0.1231689453125,0.45,absent
patient03567/study10,patient03567,test,1,patient03567/study10/view1_frontal.dcm,raddino_finetuned_v1,0.006984710693359375,0.56,absent,0.05889892578125,0.5,absent,0.1856689453125,0.45,absent,0.0938720703125,0.453857,absent,0.158447265625,0.6,absent,0.0260009765625,0.28,absent,0.008514404296875,0.33,absent,0.007724761962890625,0.42,absent,0.0379638671875,0.39,absent,0.154296875,0.62,absent,0.06512451171875,0.35,absent,0.0217437744140625,0.45,absent
patient03567/study11,patient03567,test,1,patient03567/study11/view1_frontal.dcm,raddino_finetuned_v1,0.013275146484375,0.56,absent,0.080078125,0.5,absent,0.14501953125,0.45,absent,0.09503173828125,0.453857,absent,0.1773681640625,0.6,absent,0.044189453125,0.28,absent,0.0100555419921875,0.33,absent,0.00997161865234375,0.42,absent,0.0343017578125,0.39,absent,0.1434326171875,0.62,absent,0.039947509765625,0.35,absent,0.01214599609375,0.45,absent
patient03567/study12,patient03567,test,1,patient03567/study12/view1_frontal.dcm,raddino_finetuned_v1,0.010986328125,0.56,absent,0.1268310546875,0.5,absent,0.1983642578125,0.45,absent,0.1324462890625,0.453857,absent,0.2335205078125,0.6,absent,0.0330810546875,0.28,absent,0.0102081298828125,0.33,absent,0.037750244140625,0.42,absent,0.0144500732421875,0.39,absent,0.171875,0.62,absent,0.053985595703125,0.35,absent,0.01267242431640625,0.45,absent
patient03655/study1,patient03655,test,1,patient03655/study1/view1_frontal.dcm,raddino_finetuned_v1,0.56640625,0.56,present,0.62841796875,0.5,present,0.54345703125,0.45,present,0.74560546875,0.453857,present,0.3857421875,0.6,absent,0.09027099609375,0.28,absent,0.76953125,0.33,present,0.05645751953125,0.42,absent,0.053192138671875,0.39,absent,0.69189453125,0.62,present,0.2490234375,0.35,absent,0.10723876953125,0.45,absent
patient03655/study10,patient03655,test,2,patient03655/study10/view1_frontal.dcm|patient03655/study10/view2_lateral.dcm,raddino_finetuned_v1,0.1282958984375,0.56,absent,0.2490234375,0.5,absent,0.11279296875,0.45,absent,0.073974609375,0.453857,absent,0.317626953125,0.6,absent,0.1978759765625,0.28,absent,0.1055908203125,0.33,absent,0.11737060546875,0.42,absent,0.1953125,0.39,absent,0.46875,0.62,absent,0.1514892578125,0.35,absent,0.1981201171875,0.45,absent
patient03655/study11,patient03655,test,1,patient03655/study11/view1_frontal.dcm,raddino_finetuned_v1,0.09320068359375,0.56,absent,0.1131591796875,0.5,absent,0.082275390625,0.45,absent,0.0567626953125,0.453857,absent,0.1083984375,0.6,absent,0.0272216796875,0.28,absent,0.1624755859375,0.33,absent,0.07342529296875,0.42,absent,0.053192138671875,0.39,absent,0.256103515625,0.62,absent,0.058563232421875,0.35,absent,0.1634521484375,0.45,absent
patient03655/study12,patient03655,test,1,patient03655/study12/view1_frontal.dcm,raddino_finetuned_v1,0.0258636474609375,0.56,absent,0.07720947265625,0.5,absent,0.053802490234375,0.45,absent,0.0252227783203125,0.453857,absent,0.044586181640625,0.6,absent,0.045257568359375,0.28,absent,0.1617431640625,0.33,absent,0.01061248779296875,0.42,absent,0.04638671875,0.39,absent,0.15771484375,0.62,absent,0.0472412109375,0.35,absent,0.057708740234375,0.45,absent
patient04335/study1,patient04335,test,1,patient04335/study1/view1_frontal.dcm,raddino_finetuned_v1,0.08197021484375,0.56,absent,0.060638427734375,0.5,absent,0.328857421875,0.45,absent,0.206298828125,0.453857,absent,0.0328369140625,0.6,absent,0.471923828125,0.28,present,0.30322265625,0.33,absent,0.09844970703125,0.42,absent,0.11614990234375,0.39,absent,0.432861328125,0.62,absent,0.02288818359375,0.35,absent,0.26513671875,0.45,absent
patient04335/study10,patient04335,test,1,patient04335/study10/view1_frontal.dcm,raddino_finetuned_v1,0.1815185546875,0.56,absent,0.14794921875,0.5,absent,0.39453125,0.45,absent,0.359375,0.453857,absent,0.200439453125,0.6,absent,0.235595703125,0.28,absent,0.12103271484375,0.33,absent,0.1639404296875,0.42,absent,0.060089111328125,0.39,absent,0.5849609375,0.62,absent,0.03790283203125,0.35,absent,0.1661376953125,0.45,absent
patient04335/study11,patient04335,test,1,patient04335/study11/view1_frontal.dcm,raddino_finetuned_v1,0.1551513671875,0.56,absent,0.1317138671875,0.5,absent,0.546875,0.45,present,0.6142578125,0.453857,present,0.1270751953125,0.6,absent,0.1744384765625,0.28,absent,0.13232421875,0.33,absent,0.2568359375,0.42,absent,0.03839111328125,0.39,absent,0.58203125,0.62,absent,0.06951904296875,0.35,absent,0.12890625,0.45,absent
patient04335/study12,patient04335,test,1,patient04335/study12/view1_frontal.dcm,raddino_finetuned_v1,0.2626953125,0.56,absent,0.2042236328125,0.5,absent,0.83544921875,0.45,present,0.7109375,0.453857,present,0.2225341796875,0.6,absent,0.4052734375,0.28,present,0.43115234375,0.33,present,0.60986328125,0.42,present,0.10797119140625,0.39,absent,0.8037109375,0.62,present,0.10089111328125,0.35,absent,0.368896484375,0.45,absent
patient04462/study20,patient04462,test,1,patient04462/study20/view1_frontal.dcm,raddino_finetuned_v1,0.04913330078125,0.56,absent,0.0082550048828125,0.5,absent,0.044677734375,0.45,absent,0.07147216796875,0.453857,absent,0.0360107421875,0.6,absent,0.0118255615234375,0.28,absent,0.11932373046875,0.33,absent,0.053192138671875,0.42,absent,0.01322174072265625,0.39,absent,0.142333984375,0.62,absent,0.02288818359375,0.35,absent,0.010986328125,0.45,absent
patient04462/study36,patient04462,test,1,patient04462/study36/view1_frontal.dcm,raddino_finetuned_v1,0.031982421875,0.56,absent,0.01495361328125,0.5,absent,0.15087890625,0.45,absent,0.0333251953125,0.453857,absent,0.078369140625,0.6,absent,0.16162109375,0.28,absent,0.339111328125,0.33,present,0.125732421875,0.42,absent,0.03155517578125,0.39,absent,0.13427734375,0.62,absent,0.0034160614013671875,0.35,absent,0.06610107421875,0.45,absent
patient04462/study39,patient04462,test,1,patient04462/study39/view1_frontal.dcm,raddino_finetuned_v1,0.0206451416015625,0.56,absent,0.01490020751953125,0.5,absent,0.03167724609375,0.45,absent,0.01287078857421875,0.453857,absent,0.041534423828125,0.6,absent,0.04486083984375,0.28,absent,0.3828125,0.33,present,0.049591064453125,0.42,absent,0.0121917724609375,0.39,absent,0.08709716796875,0.62,absent,0.0018606185913085938,0.35,absent,0.0225830078125,0.45,absent
patient04462/study53,patient04462,test,1,patient04462/study53/view1_frontal.dcm,raddino_finetuned_v1,0.02947998046875,0.56,absent,0.0279541015625,0.5,absent,0.08270263671875,0.45,absent,0.11065673828125,0.453857,absent,0.04931640625,0.6,absent,0.06396484375,0.28,absent,0.06982421875,0.33,absent,0.091064453125,0.42,absent,0.0082550048828125,0.39,absent,0.1121826171875,0.62,absent,0.00646209716796875,0.35,absent,0.036712646484375,0.45,absent
patient04968/study11,patient04968,test,1,patient04968/study11/view1_frontal.dcm,raddino_finetuned_v1,0.0186920166015625,0.56,absent,0.0531005859375,0.5,absent,0.0247955322265625,0.45,absent,0.2073974609375,0.453857,absent,0.263427734375,0.6,absent,0.023101806640625,0.28,absent,0.043365478515625,0.33,absent,0.0211639404296875,0.42,absent,0.01312255859375,0.39,absent,0.1812744140625,0.62,absent,0.028106689453125,0.35,absent,0.0033893585205078125,0.45,absent
patient05047/study1,patient05047,test,2,patient05047/study1/view1_frontal.dcm|patient05047/study1/view2_lateral.dcm,raddino_finetuned_v1,0.1304931640625,0.56,absent,0.1263427734375,0.5,absent,0.139404296875,0.45,absent,0.085693359375,0.453857,absent,0.5546875,0.6,absent,0.290283203125,0.28,present,0.030792236328125,0.33,absent,0.09771728515625,0.42,absent,0.1473388671875,0.39,absent,0.50244140625,0.62,absent,0.09271240234375,0.35,absent,0.361328125,0.45,absent
patient05047/study10,patient05047,test,2,patient05047/study10/view1_frontal.dcm|patient05047/study10/view2_lateral.dcm,raddino_finetuned_v1,0.0482177734375,0.56,absent,0.170654296875,0.5,absent,0.064208984375,0.45,absent,0.07989501953125,0.453857,absent,0.398193359375,0.6,absent,0.29248046875,0.28,present,0.053192138671875,0.33,absent,0.182373046875,0.42,absent,0.09136962890625,0.39,absent,0.405029296875,0.62,absent,0.0455322265625,0.35,absent,0.12408447265625,0.45,absent
patient05047/study2,patient05047,test,2,patient05047/study2/view1_frontal.dcm|patient05047/study2/view2_lateral.dcm,raddino_finetuned_v1,0.439697265625,0.56,absent,0.253173828125,0.5,absent,0.62255859375,0.45,present,0.2802734375,0.453857,absent,0.91162109375,0.6,present,0.77392578125,0.28,present,0.1473388671875,0.33,absent,0.4169921875,0.42,absent,0.56640625,0.39,present,0.94580078125,0.62,present,0.10125732421875,0.35,absent,0.66796875,0.45,present
patient05047/study3,patient05047,test,2,patient05047/study3/view1_frontal.dcm|patient05047/study3/view2_lateral.dcm,raddino_finetuned_v1,0.12408447265625,0.56,absent,0.323486328125,0.5,absent,0.494140625,0.45,present,0.1468505859375,0.453857,absent,0.52490234375,0.6,absent,0.36328125,0.28,present,0.02203369140625,0.33,absent,0.275146484375,0.42,absent,0.45263671875,0.39,present,0.73388671875,0.62,present,0.070068359375,0.35,absent,0.3125,0.45,absent
patient05066/study1,patient05066,test,1,patient05066/study1/view1_frontal.dcm,raddino_finetuned_v1,0.0225372314453125,0.56,absent,0.0090179443359375,0.5,absent,0.01519012451171875,0.45,absent,0.021453857421875,0.453857,absent,0.0401611328125,0.6,absent,0.0297088623046875,0.28,absent,0.02655029296875,0.33,absent,0.060089111328125,0.42,absent,0.03448486328125,0.39,absent,0.04296875,0.62,absent,0.0164031982421875,0.35,absent,0.030792236328125,0.45,absent
patient05066/study10,patient05066,test,3,patient05066/study10/view1_frontal.dcm|patient05066/study10/view2_lateral.dcm|patient05066/study10/view3_lateral.dcm,raddino_finetuned_v1,0.4970703125,0.56,absent,0.4423828125,0.5,absent,0.4150390625,0.45,absent,0.183349609375,0.453857,absent,0.83984375,0.6,present,0.328125,0.28,present,0.0509033203125,0.33,absent,0.314697265625,0.42,absent,0.6640625,0.39,present,0.81640625,0.62,present,0.37109375,0.35,present,0.41015625,0.45,absent
patient05066/study2,patient05066,test,1,patient05066/study2/view1_frontal.dcm,raddino_finetuned_v1,0.0125732421875,0.56,absent,0.046630859375,0.5,absent,0.10357666015625,0.45,absent,0.050994873046875,0.453857,absent,0.016845703125,0.6,absent,0.1048583984375,0.28,absent,0.0199432373046875,0.33,absent,0.005344390869140625,0.42,absent,0.02001953125,0.39,absent,0.0552978515625,0.62,absent,0.0262603759765625,0.35,absent,0.0311431884765625,0.45,absent
patient05066/study3,patient05066,test,2,patient05066/study3/view1_frontal.dcm|patient05066/study3/view2_lateral.dcm,raddino_finetuned_v1,0.64697265625,0.56,present,0.26953125,0.5,absent,0.340087890625,0.45,absent,0.263671875,0.453857,absent,0.7998046875,0.6,present,0.5625,0.28,present,0.07183837890625,0.33,absent,0.365234375,0.42,absent,0.623046875,0.39,present,0.865234375,0.62,present,0.3427734375,0.35,absent,0.64404296875,0.45,present
patient05078/study1,patient05078,test,3,patient05078/study1/view1_frontal.dcm|patient05078/study1/view2_lateral.dcm|patient05078/study1/view3_lateral.dcm,raddino_finetuned_v1,0.47119140625,0.56,absent,0.29345703125,0.5,absent,0.54541015625,0.45,present,0.2489013671875,0.453857,absent,0.80419921875,0.6,present,0.515625,0.28,present,0.1632080078125,0.33,absent,0.63330078125,0.42,present,0.278076171875,0.39,absent,0.916015625,0.62,present,0.078369140625,0.35,absent,0.7236328125,0.45,present
patient05115/study1,patient05115,test,2,patient05115/study1/view1_frontal.dcm|patient05115/study1/view2_lateral.dcm,raddino_finetuned_v1,0.482666015625,0.56,absent,0.30126953125,0.5,absent,0.25634765625,0.45,absent,0.1365966796875,0.453857,absent,0.66845703125,0.6,present,0.418701171875,0.28,present,0.295654296875,0.33,absent,0.370849609375,0.42,absent,0.2476806640625,0.39,absent,0.646484375,0.62,present,0.20947265625,0.35,absent,0.40478515625,0.45,absent
patient05115/study10,patient05115,test,1,patient05115/study10/view1_frontal.dcm,raddino_finetuned_v1,0.09619140625,0.56,absent,0.46337890625,0.5,absent,0.060089111328125,0.45,absent,0.181640625,0.453857,absent,0.366455078125,0.6,absent,0.04681396484375,0.28,absent,0.15625,0.33,absent,0.1483154296875,0.42,absent,0.0304412841796875,0.39,absent,0.3642578125,0.62,absent,0.1451416015625,0.35,absent,0.02947998046875,0.45,absent
patient05115/study11,patient05115,test,1,patient05115/study11/view1_frontal.dcm,raddino_finetuned_v1,0.040252685546875,0.56,absent,0.0872802734375,0.5,absent,0.040313720703125,0.45,absent,0.06671142578125,0.453857,absent,0.1998291015625,0.6,absent,0.051361083984375,0.28,absent,0.08770751953125,0.33,absent,0.0457763671875,0.42,absent,0.023101806640625,0.39,absent,0.12841796875,0.62,absent,0.0755615234375,0.35,absent,0.026611328125,0.45,absent
patient05115/study2,patient05115,test,2,patient05115/study2/view1_frontal.dcm|patient05115/study2/view2_lateral.dcm,raddino_finetuned_v1,0.277099609375,0.56,absent,0.2841796875,0.5,absent,0.1778564453125,0.45,absent,0.093505859375,0.453857,absent,0.69384765625,0.6,present,0.267578125,0.28,absent,0.1259765625,0.33,absent,0.278076171875,0.42,absent,0.259521484375,0.39,absent,0.52587890625,0.62,absent,0.1719970703125,0.35,absent,0.41064453125,0.45,absent
patient05324/study1,patient05324,test,2,patient05324/study1/view1_frontal.dcm|patient05324/study1/view2_lateral.dcm,raddino_finetuned_v1,0.66357421875,0.56,present,0.03436279296875,0.5,absent,0.09039306640625,0.45,absent,0.07696533203125,0.453857,absent,0.8330078125,0.6,present,0.2298583984375,0.28,absent,0.28076171875,0.33,absent,0.5751953125,0.42,present,0.74853515625,0.39,present,0.81298828125,0.62,present,0.0809326171875,0.35,absent,0.94287109375,0.45,present
patient05392/study1,patient05392,test,1,patient05392/study1/view1_frontal.dcm,raddino_finetuned_v1,0.095703125,0.56,absent,0.046630859375,0.5,absent,0.1341552734375,0.45,absent,0.11083984375,0.453857,absent,0.119384765625,0.6,absent,0.10321044921875,0.28,absent,0.1781005859375,0.33,absent,0.328857421875,0.42,absent,0.114990234375,0.39,absent,0.310302734375,0.62,absent,0.070556640625,0.35,absent,0.3935546875,0.45,absent
patient05392/study10,patient05392,test,1,patient05392/study10/view1_frontal.dcm,raddino_finetuned_v1,0.038543701171875,0.56,absent,0.0117340087890625,0.5,absent,0.06854248046875,0.45,absent,0.0328369140625,0.453857,absent,0.04345703125,0.6,absent,0.05792236328125,0.28,absent,0.023193359375,0.33,absent,0.1505126953125,0.42,absent,0.0504150390625,0.39,absent,0.1597900390625,0.62,absent,0.01214599609375,0.35,absent,0.059112548828125,0.45,absent
patient05392/study11,patient05392,test,1,patient05392/study11/view1_frontal.dcm,raddino_finetuned_v1,0.07171630859375,0.56,absent,0.047332763671875,0.5,absent,0.1873779296875,0.45,absent,0.056243896484375,0.453857,absent,0.0782470703125,0.6,absent,0.10797119140625,0.28,absent,0.0234222412109375,0.33,absent,0.08599853515625,0.42,absent,0.06646728515625,0.39,absent,0.2119140625,0.62,absent,0.029083251953125,0.35,absent,0.0439453125,0.45,absent
patient05392/study12,patient05392,test,1,patient05392/study12/view1_frontal.dcm,raddino_finetuned_v1,0.01507568359375,0.56,absent,0.015960693359375,0.5,absent,0.013275146484375,0.45,absent,0.008880615234375,0.453857,absent,0.021240234375,0.6,absent,0.0101318359375,0.28,absent,0.00530242919921875,0.33,absent,0.012725830078125,0.42,absent,0.035675048828125,0.39,absent,0.02215576171875,0.62,absent,0.0137939453125,0.35,absent,0.010406494140625,0.45,absent
patient05433/study1,patient05433,test,1,patient05433/study1/view1_frontal.dcm,raddino_finetuned_v1,0.489013671875,0.56,absent,0.034423828125,0.5,absent,0.5908203125,0.45,present,0.1324462890625,0.453857,absent,0.287841796875,0.6,absent,0.421875,0.28,present,0.0205230712890625,0.33,absent,0.299072265625,0.42,absent,0.3125,0.39,absent,0.60546875,0.62,absent,0.06658935546875,0.35,absent,0.06451416015625,0.45,absent
patient05433/study10,patient05433,test,1,patient05433/study10/view1_frontal.dcm,raddino_finetuned_v1,0.10211181640625,0.56,absent,0.093994140625,0.5,absent,0.339599609375,0.45,absent,0.25244140625,0.453857,absent,0.12127685546875,0.6,absent,0.2115478515625,0.28,absent,0.03143310546875,0.33,absent,0.20556640625,0.42,absent,0.2298583984375,0.39,absent,0.51220703125,0.62,absent,0.118408203125,0.35,absent,0.21484375,0.45,absent
patient05433/study11,patient05433,test,1,patient05433/study11/view1_frontal.dcm,raddino_finetuned_v1,0.2269287109375,0.56,absent,0.2000732421875,0.5,absent,0.187255859375,0.45,absent,0.349365234375,0.453857,absent,0.1802978515625,0.6,absent,0.08331298828125,0.28,absent,0.246337890625,0.33,absent,0.420166015625,0.42,present,0.055511474609375,0.39,absent,0.468017578125,0.62,absent,0.05242919921875,0.35,absent,0.06280517578125,0.45,absent
patient05433/study12,patient05433,test,1,patient05433/study12/view1_frontal.dcm,raddino_finetuned_v1,0.0231475830078125,0.56,absent,0.01312255859375,0.5,absent,0.0232391357421875,0.45,absent,0.039337158203125,0.453857,absent,0.034881591796875,0.6,absent,0.054412841796875,0.28,absent,0.00763702392578125,0.33,absent,0.02801513671875,0.42,absent,0.023773193359375,0.39,absent,0.08978271484375,0.62,absent,0.0189056396484375,0.35,absent,0.0169219970703125,0.45,absent
patient05551/study1,patient05551,test,2,patient05551/study1/view1_frontal.dcm|patient05551/study1/view2_lateral.dcm,raddino_finetuned_v1,0.8115234375,0.56,present,0.7001953125,0.5,present,0.7744140625,0.45,present,0.337646484375,0.453857,absent,0.92724609375,0.6,present,0.79833984375,0.28,present,0.1353759765625,0.33,absent,0.7841796875,0.42,present,0.857421875,0.39,present,0.93359375,0.62,present,0.662109375,0.35,present,0.90478515625,0.45,present
patient05551/study2,patient05551,test,1,patient05551/study2/view1_frontal.dcm,raddino_finetuned_v1,0.8515625,0.56,present,0.4912109375,0.5,absent,0.91259765625,0.45,present,0.259765625,0.453857,absent,0.7314453125,0.6,present,0.5927734375,0.28,present,0.1590576171875,0.33,absent,0.58984375,0.42,present,0.857421875,0.39,present,0.9111328125,0.62,present,0.689453125,0.35,present,0.51416015625,0.45,present
patient05551/study3,patient05551,test,1,patient05551/study3/view1_frontal.dcm,raddino_finetuned_v1,0.97509765625,0.56,present,0.9208984375,0.5,present,0.892578125,0.45,present,0.56201171875,0.453857,present,0.943359375,0.6,present,0.6064453125,0.28,present,0.251708984375,0.33,absent,0.73876953125,0.42,present,0.94775390625,0.39,present,0.96826171875,0.62,present,0.94873046875,0.35,present,0.90966796875,0.45,present
patient05551/study4,patient05551,test,1,patient05551/study4/view1_frontal.dcm,raddino_finetuned_v1,0.97607421875,0.56,present,0.94287109375,0.5,present,0.90771484375,0.45,present,0.64453125,0.453857,present,0.9287109375,0.6,present,0.6669921875,0.28,present,0.285888671875,0.33,absent,0.74267578125,0.42,present,0.955078125,0.39,present,0.97607421875,0.62,present,0.9384765625,0.35,present,0.927734375,0.45,present
patient05759/study2,patient05759,test,1,patient05759/study2/view1_frontal.dcm,raddino_finetuned_v1,0.54833984375,0.56,absent,0.364501953125,0.5,absent,0.442138671875,0.45,absent,0.6025390625,0.453857,present,0.7236328125,0.6,present,0.344482421875,0.28,present,0.199951171875,0.33,absent,0.332275390625,0.42,absent,0.44580078125,0.39,present,0.87841796875,0.62,present,0.6474609375,0.35,present,0.3388671875,0.45,absent
patient05759/study4,patient05759,test,2,patient05759/study4/view1_frontal.dcm|patient05759/study4/view2_lateral.dcm,raddino_finetuned_v1,0.5439453125,0.56,absent,0.361572265625,0.5,absent,0.297607421875,0.45,absent,0.11859130859375,0.453857,absent,0.8515625,0.6,present,0.4853515625,0.28,present,0.100341796875,0.33,absent,0.264892578125,0.42,absent,0.6845703125,0.39,present,0.8056640625,0.62,present,0.361572265625,0.35,present,0.6064453125,0.45,present
patient05804/study10,patient05804,test,1,patient05804/study10/view1_frontal.dcm,raddino_finetuned_v1,0.009857177734375,0.56,absent,0.092529296875,0.5,absent,0.0260009765625,0.45,absent,0.1402587890625,0.453857,absent,0.2001953125,0.6,absent,0.02691650390625,0.28,absent,0.0055999755859375,0.33,absent,0.0201416015625,0.42,absent,0.00443267822265625,0.39,absent,0.1983642578125,0.62,absent,0.042083740234375,0.35,absent,0.01363372802734375,0.45,absent
patient05804/study11,patient05804,test,1,patient05804/study11/view1_frontal.dcm,raddino_finetuned_v1,0.0303802490234375,0.56,absent,0.08770751953125,0.5,absent,0.0816650390625,0.45,absent,0.3271484375,0.453857,absent,0.25341796875,0.6,absent,0.047088623046875,0.28,absent,0.006412506103515625,0.33,absent,0.038330078125,0.42,absent,0.0142822265625,0.39,absent,0.30078125,0.62,absent,0.0254669189453125,0.35,absent,0.00933837890625,0.45,absent
patient05804/study17,patient05804,test,1,patient05804/study17/view1_frontal.dcm,raddino_finetuned_v1,0.08831787109375,0.56,absent,0.26904296875,0.5,absent,0.039337158203125,0.45,absent,0.122314453125,0.453857,absent,0.52294921875,0.6,absent,0.019378662109375,0.28,absent,0.007488250732421875,0.33,absent,0.0364990234375,0.42,absent,0.044342041015625,0.39,absent,0.205810546875,0.62,absent,0.2218017578125,0.35,absent,0.0290374755859375,0.45,absent
patient05804/study19,patient05804,test,1,patient05804/study19/view1_frontal.dcm,raddino_finetuned_v1,0.149658203125,0.56,absent,0.12445068359375,0.5,absent,0.287841796875,0.45,absent,0.386474609375,0.453857,absent,0.59228515625,0.6,absent,0.0755615234375,0.28,absent,0.016021728515625,0.33,absent,0.2001953125,0.42,absent,0.0197601318359375,0.39,absent,0.6083984375,0.62,absent,0.061187744140625,0.35,absent,0.04083251953125,0.45,absent
patient06014/study1,patient06014,test,1,patient06014/study1/view1_frontal.dcm,raddino_finetuned_v1,0.302734375,0.56,absent,0.07171630859375,0.5,absent,0.1744384765625,0.45,absent,0.10931396484375,0.453857,absent,0.408935546875,0.6,absent,0.23779296875,0.28,absent,0.04296875,0.33,absent,0.183349609375,0.42,absent,0.33349609375,0.39,absent,0.5263671875,0.62,absent,0.287353515625,0.35,absent,0.293701171875,0.45,absent
patient06014/study10,patient06014,test,1,patient06014/study10/view1_frontal.dcm,raddino_finetuned_v1,0.1019287109375,0.56,absent,0.1070556640625,0.5,absent,0.08331298828125,0.45,absent,0.16015625,0.453857,absent,0.31640625,0.6,absent,0.048858642578125,0.28,absent,0.0867919921875,0.33,absent,0.182373046875,0.42,absent,0.08135986328125,0.39,absent,0.427490234375,0.62,absent,0.07183837890625,0.35,absent,0.399169921875,0.45,absent
patient06014/study11,patient06014,test,1,patient06014/study11/view1_frontal.dcm,raddino_finetuned_v1,0.5478515625,0.56,absent,0.1265869140625,0.5,absent,0.499267578125,0.45,present,0.296630859375,0.453857,absent,0.321044921875,0.6,absent,0.671875,0.28,present,0.11517333984375,0.33,absent,0.52197265625,0.42,present,0.261962890625,0.39,absent,0.81884765625,0.62,present,0.1507568359375,0.35,absent,0.415283203125,0.45,absent
patient06014/study2,patient06014,test,1,patient06014/study2/view1_frontal.dcm,raddino_finetuned_v1,0.1285400390625,0.56,absent,0.105224609375,0.5,absent,0.1396484375,0.45,absent,0.172119140625,0.453857,absent,0.2017822265625,0.6,absent,0.2012939453125,0.28,absent,0.0460205078125,0.33,absent,0.263671875,0.42,absent,0.1353759765625,0.39,absent,0.51318359375,0.62,absent,0.08819580078125,0.35,absent,0.307861328125,0.45,absent
patient07366/study12,patient07366,test,1,patient07366/study12/view1_frontal.dcm,raddino_finetuned_v1,0.98046875,0.56,present,0.98828125,0.5,present,0.9931640625,0.45,present,0.99072265625,0.453857,present,0.95849609375,0.6,present,0.962890625,0.28,present,0.53662109375,0.33,present,0.8828125,0.42,present,0.6826171875,0.39,present,0.99609375,0.62,present,0.908203125,0.35,present,0.298095703125,0.45,absent
patient07366/study4,patient07366,test,1,patient07366/study4/view1_frontal.dcm,raddino_finetuned_v1,0.09136962890625,0.56,absent,0.501953125,0.5,present,0.06768798828125,0.45,absent,0.1990966796875,0.453857,absent,0.1041259765625,0.6,absent,0.148681640625,0.28,absent,0.072265625,0.33,absent,0.0411376953125,0.42,absent,0.081787109375,0.39,absent,0.3359375,0.62,absent,0.0850830078125,0.35,absent,0.0489501953125,0.45,absent
patient07366/study6,patient07366,test,1,patient07366/study6/view1_frontal.dcm,raddino_finetuned_v1,0.7373046875,0.56,present,0.90576171875,0.5,present,0.6845703125,0.45,present,0.853515625,0.453857,present,0.71533203125,0.6,present,0.390625,0.28,present,0.12139892578125,0.33,absent,0.55859375,0.42,present,0.10284423828125,0.39,absent,0.89697265625,0.62,present,0.732421875,0.35,present,0.070068359375,0.45,absent
patient07366/study7,patient07366,test,1,patient07366/study7/view1_frontal.dcm,raddino_finetuned_v1,0.63330078125,0.56,present,0.58984375,0.5,present,0.80224609375,0.45,present,0.8359375,0.453857,present,0.6865234375,0.6,present,0.434326171875,0.28,present,0.2108154296875,0.33,absent,0.11474609375,0.42,absent,0.1490478515625,0.39,absent,0.8583984375,0.62,present,0.252685546875,0.35,absent,0.0560302734375,0.45,absent
patient07564/study1,patient07564,test,1,patient07564/study1/view1_frontal.dcm,raddino_finetuned_v1,0.01312255859375,0.56,absent,0.004486083984375,0.5,absent,0.00345611572265625,0.45,absent,0.00577545166015625,0.453857,absent,0.0247955322265625,0.6,absent,0.022796630859375,0.28,absent,0.01332855224609375,0.33,absent,0.008575439453125,0.42,absent,0.06549072265625,0.39,absent,0.03424072265625,0.62,absent,0.07421875,0.35,absent,0.015960693359375,0.45,absent
patient07564/study10,patient07564,test,1,patient07564/study10/view1_frontal.dcm,raddino_finetuned_v1,0.01512908935546875,0.56,absent,0.00847625732421875,0.5,absent,0.0278472900390625,0.45,absent,0.075439453125,0.453857,absent,0.12432861328125,0.6,absent,0.0250396728515625,0.28,absent,0.10504150390625,0.33,absent,0.01490020751953125,0.42,absent,0.1614990234375,0.39,absent,0.07666015625,0.62,absent,0.0170440673828125,0.35,absent,0.0184326171875,0.45,absent
patient07564/study2,patient07564,test,1,patient07564/study2/view1_frontal.dcm,raddino_finetuned_v1,0.1497802734375,0.56,absent,0.00490570068359375,0.5,absent,0.1646728515625,0.45,absent,0.050048828125,0.453857,absent,0.09967041015625,0.6,absent,0.1937255859375,0.28,absent,0.109130859375,0.33,absent,0.2294921875,0.42,absent,0.64501953125,0.39,present,0.336181640625,0.62,absent,0.020965576171875,0.35,absent,0.15625,0.45,absent
patient07564/study3,patient07564,test,1,patient07564/study3/view1_frontal.dcm,raddino_finetuned_v1,0.1348876953125,0.56,absent,0.0169219970703125,0.5,absent,0.08660888671875,0.45,absent,0.14013671875,0.453857,absent,0.384521484375,0.6,absent,0.07879638671875,0.28,absent,0.402099609375,0.33,present,0.05645751953125,0.42,absent,0.6875,0.39,present,0.189208984375,0.62,absent,0.05560302734375,0.35,absent,0.0219879150390625,0.45,absent
patient07815/study1,patient07815,test,1,patient07815/study1/view1_frontal.dcm,raddino_finetuned_v1,0.875,0.56,present,0.64990234375,0.5,present,0.9765625,0.45,present,0.63525390625,0.453857,present,0.8994140625,0.6,present,0.9521484375,0.28,present,0.412353515625,0.33,present,0.6953125,0.42,present,0.88623046875,0.39,present,0.94384765625,0.62,present,0.2330322265625,0.35,absent,0.548828125,0.45,present
patient07815/study9,patient07815,test,1,patient07815/study9/view1_frontal.dcm,raddino_finetuned_v1,0.42431640625,0.56,absent,0.2186279296875,0.5,absent,0.379638671875,0.45,absent,0.06549072265625,0.453857,absent,0.82470703125,0.6,present,0.1802978515625,0.28,absent,0.2125244140625,0.33,absent,0.56201171875,0.42,present,0.411376953125,0.39,present,0.77685546875,0.62,present,0.1131591796875,0.35,absent,0.62158203125,0.45,present
patient08463/study4,patient08463,test,1,patient08463/study4/view1_frontal.dcm,raddino_finetuned_v1,0.8046875,0.56,present,0.431640625,0.5,absent,0.494384765625,0.45,present,0.48583984375,0.453857,present,0.6650390625,0.6,present,0.640625,0.28,present,0.48681640625,0.33,present,0.490234375,0.42,present,0.90869140625,0.39,present,0.9248046875,0.62,present,0.490234375,0.35,present,0.67431640625,0.45,present
patient08464/study1,patient08464,test,1,patient08464/study1/view1_frontal.dcm,raddino_finetuned_v1,0.176513671875,0.56,absent,0.014007568359375,0.5,absent,0.13671875,0.45,absent,0.1419677734375,0.453857,absent,0.1224365234375,0.6,absent,0.1231689453125,0.28,absent,0.216552734375,0.33,absent,0.21630859375,0.42,absent,0.250732421875,0.39,absent,0.77587890625,0.62,present,0.01406097412109375,0.35,absent,0.69873046875,0.45,present
patient08464/study10,patient08464,test,1,patient08464/study10/view1_frontal.dcm,raddino_finetuned_v1,0.045257568359375,0.56,absent,0.0167236328125,0.5,absent,0.0970458984375,0.45,absent,0.10247802734375,0.453857,absent,0.11102294921875,0.6,absent,0.1539306640625,0.28,absent,0.06756591796875,0.33,absent,0.2239990234375,0.42,absent,0.09466552734375,0.39,absent,0.662109375,0.62,present,0.01137542724609375,0.35,absent,0.206298828125,0.45,absent
patient08464/study2,patient08464,test,1,patient08464/study2/view1_frontal.dcm,raddino_finetuned_v1,0.16015625,0.56,absent,0.0069580078125,0.5,absent,0.07781982421875,0.45,absent,0.051544189453125,0.453857,absent,0.0261993408203125,0.6,absent,0.08587646484375,0.28,absent,0.08416748046875,0.33,absent,0.0460205078125,0.42,absent,0.09027099609375,0.39,absent,0.232177734375,0.62,absent,0.00498199462890625,0.35,absent,0.0751953125,0.45,absent
patient08464/study3,patient08464,test,1,patient08464/study3/view1_frontal.dcm,raddino_finetuned_v1,0.3193359375,0.56,absent,0.046722412109375,0.5,absent,0.230224609375,0.45,absent,0.1571044921875,0.453857,absent,0.1719970703125,0.6,absent,0.22509765625,0.28,absent,0.282958984375,0.33,absent,0.08758544921875,0.42,absent,0.5693359375,0.39,present,0.85791015625,0.62,present,0.12213134765625,0.35,absent,0.60595703125,0.45,present
patient08668/study1,patient08668,test,2,patient08668/study1/view1_frontal.dcm|patient08668/study1/view2_lateral.dcm,raddino_finetuned_v1,0.1954345703125,0.56,absent,0.352294921875,0.5,absent,0.263916015625,0.45,absent,0.3544921875,0.453857,absent,0.49169921875,0.6,absent,0.44091796875,0.28,present,0.042388916015625,0.33,absent,0.354248046875,0.42,absent,0.36328125,0.39,absent,0.6357421875,0.62,present,0.115966796875,0.35,absent,0.403564453125,0.45,absent
patient08668/study10,patient08668,test,1,patient08668/study10/view1_frontal.dcm,raddino_finetuned_v1,0.160888671875,0.56,absent,0.06292724609375,0.5,absent,0.12841796875,0.45,absent,0.08343505859375,0.453857,absent,0.0809326171875,0.6,absent,0.04400634765625,0.28,absent,0.005489349365234375,0.33,absent,0.0631103515625,0.42,absent,0.06427001953125,0.39,absent,0.120849609375,0.62,absent,0.08209228515625,0.35,absent,0.0227203369140625,0.45,absent
patient08668/study2,patient08668,test,1,patient08668/study2/view1_frontal.dcm,raddino_finetuned_v1,0.06732177734375,0.56,absent,0.0775146484375,0.5,absent,0.06427001953125,0.45,absent,0.12249755859375,0.453857,absent,0.057281494140625,0.6,absent,0.22900390625,0.28,absent,0.05224609375,0.33,absent,0.06744384765625,0.42,absent,0.0103302001953125,0.39,absent,0.203125,0.62,absent,0.05987548828125,0.35,absent,0.050811767578125,0.45,absent
patient08668/study3,patient08668,test,1,patient08668/study3/view1_frontal.dcm,raddino_finetuned_v1,0.050323486328125,0.56,absent,0.01229095458984375,0.5,absent,0.07159423828125,0.45,absent,0.162353515625,0.453857,absent,0.04010009765625,0.6,absent,0.1246337890625,0.28,absent,0.048858642578125,0.33,absent,0.0316162109375,0.42,absent,0.0217742919921875,0.39,absent,0.2149658203125,0.62,absent,0.017913818359375,0.35,absent,0.07598876953125,0.45,absent
patient08710/study1,patient08710,test,2,patient08710/study1/view1_frontal.dcm|patient08710/study1/view2_lateral.dcm,raddino_finetuned_v1,0.1820068359375,0.56,absent,0.059112548828125,0.5,absent,0.25830078125,0.45,absent,0.0197601318359375,0.453857,absent,0.294189453125,0.6,absent,0.20556640625,0.28,absent,0.01519012451171875,0.33,absent,0.35009765625,0.42,absent,0.1724853515625,0.39,absent,0.349853515625,0.62,absent,0.06707763671875,0.35,absent,0.17724609375,0.45,absent
patient08762/study1,patient08762,test,2,patient08762/study1/view1_frontal.dcm|patient08762/study1/view2_lateral.dcm,raddino_finetuned_v1,0.96728515625,0.56,present,0.6162109375,0.5,present,0.951171875,0.45,present,0.449951171875,0.453857,absent,0.97412109375,0.6,present,0.93798828125,0.28,present,0.50537109375,0.33,present,0.9541015625,0.42,present,0.970703125,0.39,present,0.98046875,0.62,present,0.439208984375,0.35,present,0.8896484375,0.45,present
patient08959/study2,patient08959,test,2,patient08959/study2/view1_frontal.dcm|patient08959/study2/view2_lateral.dcm,raddino_finetuned_v1,0.29296875,0.56,absent,0.693359375,0.5,present,0.2313232421875,0.45,absent,0.08477783203125,0.453857,absent,0.81494140625,0.6,present,0.32177734375,0.28,present,0.10931396484375,0.33,absent,0.66845703125,0.42,present,0.2276611328125,0.39,absent,0.6044921875,0.62,absent,0.2264404296875,0.35,absent,0.7568359375,0.45,present
patient09010/study10,patient09010,test,1,patient09010/study10/view1_frontal.dcm,raddino_finetuned_v1,0.8896484375,0.56,present,0.9384765625,0.5,present,0.91357421875,0.45,present,0.98095703125,0.453857,present,0.98193359375,0.6,present,0.93505859375,0.28,present,0.483642578125,0.33,present,0.474365234375,0.42,present,0.96484375,0.39,present,0.986328125,0.62,present,0.822265625,0.35,present,0.6904296875,0.45,present
patient09010/study11,patient09010,test,1,patient09010/study11/view1_frontal.dcm,raddino_finetuned_v1,0.82177734375,0.56,present,0.7177734375,0.5,present,0.87158203125,0.45,present,0.92041015625,0.453857,present,0.92236328125,0.6,present,0.8095703125,0.28,present,0.496337890625,0.33,present,0.61279296875,0.42,present,0.82763671875,0.39,present,0.947265625,0.62,present,0.271240234375,0.35,absent,0.5107421875,0.45,present
patient09010/study5,patient09010,test,1,patient09010/study5/view1_frontal.dcm,raddino_finetuned_v1,0.6181640625,0.56,present,0.277099609375,0.5,absent,0.1973876953125,0.45,absent,0.46142578125,0.453857,present,0.767578125,0.6,present,0.256103515625,0.28,absent,0.50732421875,0.33,present,0.337158203125,0.42,absent,0.35693359375,0.39,absent,0.67919921875,0.62,present,0.2490234375,0.35,absent,0.05108642578125,0.45,absent
patient09010/study6,patient09010,test,1,patient09010/study6/view1_frontal.dcm,raddino_finetuned_v1,0.57373046875,0.56,present,0.2509765625,0.5,absent,0.55029296875,0.45,present,0.5576171875,0.453857,present,0.87939453125,0.6,present,0.344482421875,0.28,present,0.48681640625,0.33,present,0.390380859375,0.42,absent,0.2005615234375,0.39,absent,0.80615234375,0.62,present,0.1695556640625,0.35,absent,0.1707763671875,0.45,absent
patient09160/study1,patient09160,test,1,patient09160/study1/view1_frontal.dcm,raddino_finetuned_v1,0.890625,0.56,present,0.59375,0.5,present,0.560546875,0.45,present,0.86328125,0.453857,present,0.8740234375,0.6,present,0.1544189453125,0.28,absent,0.12493896484375,0.33,absent,0.384765625,0.42,absent,0.443603515625,0.39,present,0.85107421875,0.62,present,0.83984375,0.35,present,0.31396484375,0.45,absent
patient09160/study2,patient09160,test,1,patient09160/study2/view1_frontal.dcm,raddino_finetuned_v1,0.95654296875,0.56,present,0.89306640625,0.5,present,0.79150390625,0.45,present,0.94091796875,0.453857,present,0.9755859375,0.6,present,0.317626953125,0.28,present,0.183349609375,0.33,absent,0.56591796875,0.42,present,0.58349609375,0.39,present,0.966796875,0.62,present,0.97998046875,0.35,present,0.62255859375,0.45,present
patient09647/study6,patient09647,test,2,patient09647/study6/view1_frontal.dcm|patient09647/study6/view2_lateral.dcm,raddino_finetuned_v1,0.60205078125,0.56,present,0.373046875,0.5,absent,0.74462890625,0.45,present,0.3701171875,0.453857,absent,0.75439453125,0.6,present,0.80517578125,0.28,present,0.10211181640625,0.33,absent,0.361083984375,0.42,absent,0.568359375,0.39,present,0.87548828125,0.62,present,0.350830078125,0.35,present,0.484375,0.45,present
patient09760/study4,patient09760,test,3,patient09760/study4/view1_frontal.dcm|patient09760/study4/view2_frontal.dcm|patient09760/study4/view3_lateral.dcm,raddino_finetuned_v1,0.443603515625,0.56,absent,0.11676025390625,0.5,absent,0.4228515625,0.45,absent,0.271728515625,0.453857,absent,0.76611328125,0.6,present,0.6640625,0.28,present,0.170654296875,0.33,absent,0.46630859375,0.42,present,0.81396484375,0.39,present,0.92822265625,0.62,present,0.0472412109375,0.35,absent,0.92822265625,0.45,present
patient10245/study1,patient10245,test,1,patient10245/study1/view1_frontal.dcm,raddino_finetuned_v1,0.1815185546875,0.56,absent,0.04949951171875,0.5,absent,0.451416015625,0.45,present,0.035400390625,0.453857,absent,0.061431884765625,0.6,absent,0.259033203125,0.28,absent,0.0455322265625,0.33,absent,0.10931396484375,0.42,absent,0.3076171875,0.39,absent,0.29248046875,0.62,absent,0.0323486328125,0.35,absent,0.059967041015625,0.45,absent
patient10684/study1,patient10684,test,2,patient10684/study1/view1_frontal.dcm|patient10684/study1/view2_lateral.dcm,raddino_finetuned_v1,0.1800537109375,0.56,absent,0.60546875,0.5,present,0.25634765625,0.45,absent,0.1519775390625,0.453857,absent,0.72705078125,0.6,present,0.44580078125,0.28,present,0.09075927734375,0.33,absent,0.61669921875,0.42,present,0.1556396484375,0.39,absent,0.68505859375,0.62,present,0.054595947265625,0.35,absent,0.51904296875,0.45,present
patient10684/study3,patient10684,test,1,patient10684/study3/view1_frontal.dcm,raddino_finetuned_v1,0.30224609375,0.56,absent,0.52294921875,0.5,present,0.7060546875,0.45,present,0.83544921875,0.453857,present,0.79248046875,0.6,present,0.442626953125,0.28,present,0.02001953125,0.33,absent,0.52685546875,0.42,present,0.17236328125,0.39,absent,0.904296875,0.62,present,0.466552734375,0.35,present,0.33349609375,0.45,absent
patient10780/study1,patient10780,test,1,patient10780/study1/view1_frontal.dcm,raddino_finetuned_v1,0.0032596588134765625,0.56,absent,0.0117340087890625,0.5,absent,0.0029468536376953125,0.45,absent,0.02276611328125,0.453857,absent,0.0018100738525390625,0.6,absent,0.01337432861328125,0.28,absent,0.004520416259765625,0.33,absent,0.004451751708984375,0.42,absent,0.004180908203125,0.39,absent,0.00864410400390625,0.62,absent,0.0262603759765625,0.35,absent,0.0024623870849609375,0.45,absent
patient10780/study10,patient10780,test,1,patient10780/study10/view1_frontal.dcm,raddino_finetuned_v1,0.093505859375,0.56,absent,0.375244140625,0.5,absent,0.146240234375,0.45,absent,0.31884765625,0.453857,absent,0.1209716796875,0.6,absent,0.0489501953125,0.28,absent,0.0184326171875,0.33,absent,0.00400543212890625,0.42,absent,0.0235137939453125,0.39,absent,0.1334228515625,0.62,absent,0.273193359375,0.35,absent,0.0120086669921875,0.45,absent
patient10780/study11,patient10780,test,1,patient10780/study11/view1_frontal.dcm,raddino_finetuned_v1,0.417724609375,0.56,absent,0.70849609375,0.5,present,0.64306640625,0.45,present,0.5400390625,0.453857,present,0.451904296875,0.6,absent,0.389892578125,0.28,present,0.043701171875,0.33,absent,0.050048828125,0.42,absent,0.1279296875,0.39,absent,0.53173828125,0.62,absent,0.53759765625,0.35,present,0.1317138671875,0.45,absent
patient10780/study12,patient10780,test,1,patient10780/study12/view1_frontal.dcm,raddino_finetuned_v1,0.0413818359375,0.56,absent,0.5595703125,0.5,present,0.0301513671875,0.45,absent,0.296875,0.453857,absent,0.07666015625,0.6,absent,0.06396484375,0.28,absent,0.06536865234375,0.33,absent,0.02447509765625,0.42,absent,0.0274810791015625,0.39,absent,0.2186279296875,0.62,absent,0.0994873046875,0.35,absent,0.00582122802734375,0.45,absent
patient10799/study1,patient10799,test,1,patient10799/study1/view1_frontal.dcm,raddino_finetuned_v1,0.01312255859375,0.56,absent,0.10357666015625,0.5,absent,0.0261077880859375,0.45,absent,0.038604736328125,0.453857,absent,0.039337158203125,0.6,absent,0.02203369140625,0.28,absent,0.0127716064453125,0.33,absent,0.027435302734375,0.42,absent,0.003429412841796875,0.39,absent,0.06549072265625,0.62,absent,0.035552978515625,0.35,absent,0.0033893585205078125,0.45,absent
patient10799/study10,patient10799,test,1,patient10799/study10/view1_frontal.dcm,raddino_finetuned_v1,0.043212890625,0.56,absent,0.1300048828125,0.5,absent,0.06280517578125,0.45,absent,0.0810546875,0.453857,absent,0.0867919921875,0.6,absent,0.06243896484375,0.28,absent,0.087890625,0.33,absent,0.033721923828125,0.42,absent,0.019195556640625,0.39,absent,0.1282958984375,0.62,absent,0.0390625,0.35,absent,0.01934814453125,0.45,absent
patient10799/study11,patient10799,test,1,patient10799/study11/view1_frontal.dcm,raddino_finetuned_v1,0.0173797607421875,0.56,absent,0.070068359375,0.5,absent,0.07342529296875,0.45,absent,0.0526123046875,0.453857,absent,0.031494140625,0.6,absent,0.042327880859375,0.28,absent,0.006877899169921875,0.33,absent,0.012237548828125,0.42,absent,0.01332855224609375,0.39,absent,0.053314208984375,0.62,absent,0.046722412109375,0.35,absent,0.03125,0.45,absent
patient10799/study2,patient10799,test,1,patient10799/study2/view1_frontal.dcm,raddino_finetuned_v1,0.04083251953125,0.56,absent,0.053985595703125,0.5,absent,0.0537109375,0.45,absent,0.0816650390625,0.453857,absent,0.054107666015625,0.6,absent,0.01312255859375,0.28,absent,0.019561767578125,0.33,absent,0.0287017822265625,0.42,absent,0.004398345947265625,0.39,absent,0.10284423828125,0.62,absent,0.0254669189453125,0.35,absent,0.00894927978515625,0.45,absent
patient10900/study26,patient10900,test,1,patient10900/study26/view1_frontal.dcm,raddino_finetuned_v1,0.16357421875,0.56,absent,0.11517333984375,0.5,absent,0.1153564453125,0.45,absent,0.374755859375,0.453857,absent,0.52392578125,0.6,absent,0.15087890625,0.28,absent,0.80224609375,0.33,present,0.037811279296875,0.42,absent,0.244873046875,0.39,absent,0.83740234375,0.62,present,0.2010498046875,0.35,absent,0.43017578125,0.45,absent
patient10900/study30,patient10900,test,1,patient10900/study30/view1_frontal.dcm,raddino_finetuned_v1,0.82080078125,0.56,present,0.74658203125,0.5,present,0.95947265625,0.45,present,0.9814453125,0.453857,present,0.9853515625,0.6,present,0.6474609375,0.28,present,0.736328125,0.33,present,0.748046875,0.42,present,0.56396484375,0.39,present,0.9931640625,0.62,present,0.85498046875,0.35,present,0.49462890625,0.45,present
patient10900/study31,patient10900,test,1,patient10900/study31/view1_frontal.dcm,raddino_finetuned_v1,0.87109375,0.56,present,0.79052734375,0.5,present,0.9736328125,0.45,present,0.9345703125,0.453857,present,0.9873046875,0.6,present,0.8720703125,0.28,present,0.6865234375,0.33,present,0.91748046875,0.42,present,0.5302734375,0.39,present,0.99072265625,0.62,present,0.755859375,0.35,present,0.8271484375,0.45,present
patient10900/study33,patient10900,test,1,patient10900/study33/view1_frontal.dcm,raddino_finetuned_v1,0.98779296875,0.56,present,0.8974609375,0.5,present,0.9921875,0.45,present,0.9951171875,0.453857,present,0.98046875,0.6,present,0.9677734375,0.28,present,0.97314453125,0.33,present,0.89306640625,0.42,present,0.96923828125,0.39,present,0.99951171875,0.62,present,0.87451171875,0.35,present,0.99169921875,0.45,present
patient11174/study6,patient11174,test,1,patient11174/study6/view1_frontal.dcm,raddino_finetuned_v1,0.12103271484375,0.56,absent,0.0182647705078125,0.5,absent,0.0810546875,0.45,absent,0.18212890625,0.453857,absent,0.2342529296875,0.6,absent,0.02203369140625,0.28,absent,0.05645751953125,0.33,absent,0.09136962890625,0.42,absent,0.06719970703125,0.39,absent,0.2322998046875,0.62,absent,0.01374053955078125,0.35,absent,0.01363372802734375,0.45,absent
patient11332/study2,patient11332,test,1,patient11332/study2/view1_frontal.dcm,raddino_finetuned_v1,0.034027099609375,0.56,absent,0.1851806640625,0.5,absent,0.07275390625,0.45,absent,0.017181396484375,0.453857,absent,0.053009033203125,0.6,absent,0.017303466796875,0.28,absent,0.011199951171875,0.33,absent,0.018585205078125,0.42,absent,0.01267242431640625,0.39,absent,0.0537109375,0.62,absent,0.0390625,0.35,absent,0.01111602783203125,0.45,absent
patient11332/study7,patient11332,test,1,patient11332/study7/view1_frontal.dcm,raddino_finetuned_v1,0.5146484375,0.56,absent,0.78759765625,0.5,present,0.45263671875,0.45,present,0.442626953125,0.453857,absent,0.48486328125,0.6,absent,0.318359375,0.28,present,0.09619140625,0.33,absent,0.323974609375,0.42,absent,0.2080078125,0.39,absent,0.7587890625,0.62,present,0.80615234375,0.35,present,0.378173828125,0.45,absent
patient11747/study1,patient11747,test,2,patient11747/study1/view1_frontal.dcm|patient11747/study1/view2_lateral.dcm,raddino_finetuned_v1,0.9677734375,0.56,present,0.5595703125,0.5,present,0.94580078125,0.45,present,0.53857421875,0.453857,present,0.98779296875,0.6,present,0.91650390625,0.28,present,0.52392578125,0.33,present,0.9423828125,0.42,present,0.974609375,0.39,present,0.98193359375,0.62,present,0.353759765625,0.35,present,0.9326171875,0.45,present
patient11747/study2,patient11747,test,1,patient11747/study2/view1_frontal.dcm,raddino_finetuned_v1,0.564453125,0.56,present,0.58740234375,0.5,present,0.8798828125,0.45,present,0.810546875,0.453857,present,0.802734375,0.6,present,0.5478515625,0.28,present,0.257080078125,0.33,absent,0.419921875,0.42,absent,0.61328125,0.39,present,0.9130859375,0.62,present,0.51171875,0.35,present,0.8037109375,0.45,present
patient12131/study1,patient12131,test,1,patient12131/study1/view1_frontal.dcm,raddino_finetuned_v1,0.093017578125,0.56,absent,0.324462890625,0.5,absent,0.1614990234375,0.45,absent,0.182861328125,0.453857,absent,0.43017578125,0.6,absent,0.056121826171875,0.28,absent,0.05511474609375,0.33,absent,0.08282470703125,0.42,absent,0.03167724609375,0.39,absent,0.2286376953125,0.62,absent,0.08880615234375,0.35,absent,0.06768798828125,0.45,absent
patient12131/study2,patient12131,test,1,patient12131/study2/view1_frontal.dcm,raddino_finetuned_v1,0.264404296875,0.56,absent,0.287109375,0.5,absent,0.2393798828125,0.45,absent,0.430419921875,0.453857,absent,0.72802734375,0.6,present,0.08868408203125,0.28,absent,0.307373046875,0.33,absent,0.4169921875,0.42,absent,0.10107421875,0.39,absent,0.76318359375,0.62,present,0.06256103515625,0.35,absent,0.11065673828125,0.45,absent
patient12131/study3,patient12131,test,1,patient12131/study3/view1_frontal.dcm,raddino_finetuned_v1,0.1837158203125,0.56,absent,0.491455078125,0.5,absent,0.243408203125,0.45,absent,0.1763916015625,0.453857,absent,0.427978515625,0.6,absent,0.07135009765625,0.28,absent,0.1229248046875,0.33,absent,0.1568603515625,0.42,absent,0.05419921875,0.39,absent,0.35205078125,0.62,absent,0.0836181640625,0.35,absent,0.193359375,0.45,absent
patient12175/study1,patient12175,test,2,patient12175/study1/view1_frontal.dcm|patient12175/study1/view2_lateral.dcm,raddino_finetuned_v1,0.10614013671875,0.56,absent,0.115966796875,0.5,absent,0.06268310546875,0.45,absent,0.0325927734375,0.453857,absent,0.21435546875,0.6,absent,0.1495361328125,0.28,absent,0.018798828125,0.33,absent,0.26318359375,0.42,absent,0.1375732421875,0.39,absent,0.202880859375,0.62,absent,0.0310211181640625,0.35,absent,0.269287109375,0.45,absent
patient12175/study10,patient12175,test,1,patient12175/study10/view1_frontal.dcm,raddino_finetuned_v1,0.042236328125,0.56,absent,0.007843017578125,0.5,absent,0.0200958251953125,0.45,absent,0.08416748046875,0.453857,absent,0.0202484130859375,0.6,absent,0.028167724609375,0.28,absent,0.0066680908203125,0.33,absent,0.00971221923828125,0.42,absent,0.0066680908203125,0.39,absent,0.1312255859375,0.62,absent,0.03662109375,0.35,absent,0.00787353515625,0.45,absent
patient12175/study2,patient12175,test,2,patient12175/study2/view1_frontal.dcm|patient12175/study2/view2_lateral.dcm,raddino_finetuned_v1,0.204833984375,0.56,absent,0.15283203125,0.5,absent,0.09234619140625,0.45,absent,0.07318115234375,0.453857,absent,0.334716796875,0.6,absent,0.1658935546875,0.28,absent,0.0316162109375,0.33,absent,0.09075927734375,0.42,absent,0.1298828125,0.39,absent,0.293701171875,0.62,absent,0.12286376953125,0.35,absent,0.199951171875,0.45,absent
patient12175/study3,patient12175,test,1,patient12175/study3/view1_frontal.dcm,raddino_finetuned_v1,0.443115234375,0.56,absent,0.154541015625,0.5,absent,0.1693115234375,0.45,absent,0.27783203125,0.453857,absent,0.323486328125,0.6,absent,0.32421875,0.28,present,0.0999755859375,0.33,absent,0.0728759765625,0.42,absent,0.1949462890625,0.39,absent,0.301513671875,0.62,absent,0.40185546875,0.35,present,0.2880859375,0.45,absent
patient12237/study2,patient12237,test,3,patient12237/study2/view1_frontal.dcm|patient12237/study2/view2_frontal.dcm|patient12237/study2/view3_lateral.dcm,raddino_finetuned_v1,0.45703125,0.56,absent,0.386962890625,0.5,absent,0.61962890625,0.45,present,0.12347412109375,0.453857,absent,0.8935546875,0.6,present,0.60400390625,0.28,present,0.053314208984375,0.33,absent,0.3837890625,0.42,absent,0.478759765625,0.39,present,0.904296875,0.62,present,0.220703125,0.35,absent,0.82177734375,0.45,present
patient12349/study11,patient12349,test,1,patient12349/study11/view1_frontal.dcm,raddino_finetuned_v1,0.875,0.56,present,0.48291015625,0.5,absent,0.94775390625,0.45,present,0.95947265625,0.453857,present,0.9736328125,0.6,present,0.97265625,0.28,present,0.86669921875,0.33,present,0.57470703125,0.42,present,0.9736328125,0.39,present,0.98876953125,0.62,present,0.63427734375,0.35,present,0.9599609375,0.45,present
patient12349/study14,patient12349,test,1,patient12349/study14/view1_frontal.dcm,raddino_finetuned_v1,0.56396484375,0.56,present,0.1427001953125,0.5,absent,0.7783203125,0.45,present,0.77685546875,0.453857,present,0.8994140625,0.6,present,0.4462890625,0.28,present,0.167724609375,0.33,absent,0.77294921875,0.42,present,0.364990234375,0.39,absent,0.88916015625,0.62,present,0.1658935546875,0.35,absent,0.269775390625,0.45,absent
patient12349/study16,patient12349,test,1,patient12349/study16/view1_frontal.dcm,raddino_finetuned_v1,0.348388671875,0.56,absent,0.481201171875,0.5,absent,0.64404296875,0.45,present,0.802734375,0.453857,present,0.86669921875,0.6,present,0.279052734375,0.28,absent,0.216552734375,0.33,absent,0.177001953125,0.42,absent,0.6279296875,0.39,present,0.90625,0.62,present,0.2406005859375,0.35,absent,0.1885986328125,0.45,absent
patient12349/study17,patient12349,test,2,patient12349/study17/view1_frontal.dcm|patient12349/study17/view2_frontal.dcm,raddino_finetuned_v1,0.62451171875,0.56,present,0.219970703125,0.5,absent,0.75244140625,0.45,present,0.63720703125,0.453857,present,0.94921875,0.6,present,0.71826171875,0.28,present,0.07208251953125,0.33,absent,0.806640625,0.42,present,0.71240234375,0.39,present,0.94970703125,0.62,present,0.230712890625,0.35,absent,0.55078125,0.45,present
patient12556/study13,patient12556,test,1,patient12556/study13/view1_frontal.dcm,raddino_finetuned_v1,0.0313720703125,0.56,absent,0.041534423828125,0.5,absent,0.035888671875,0.45,absent,0.07781982421875,0.453857,absent,0.287109375,0.6,absent,0.0163421630859375,0.28,absent,0.1114501953125,0.33,absent,0.046905517578125,0.42,absent,0.013427734375,0.39,absent,0.184326171875,0.62,absent,0.09075927734375,0.35,absent,0.0284423828125,0.45,absent
patient12556/study24,patient12556,test,1,patient12556/study24/view1_frontal.dcm,raddino_finetuned_v1,0.1634521484375,0.56,absent,0.26806640625,0.5,absent,0.2216796875,0.45,absent,0.325439453125,0.453857,absent,0.8017578125,0.6,present,0.03533935546875,0.28,absent,0.48095703125,0.33,present,0.2509765625,0.42,absent,0.04327392578125,0.39,absent,0.473876953125,0.62,absent,0.2362060546875,0.35,absent,0.140625,0.45,absent
patient12556/study25,patient12556,test,1,patient12556/study25/view1_frontal.dcm,raddino_finetuned_v1,0.0975341796875,0.56,absent,0.1375732421875,0.5,absent,0.20068359375,0.45,absent,0.3037109375,0.453857,absent,0.66845703125,0.6,present,0.029144287109375,0.28,absent,0.1553955078125,0.33,absent,0.1217041015625,0.42,absent,0.028594970703125,0.39,absent,0.390869140625,0.62,absent,0.031982421875,0.35,absent,0.07489013671875,0.45,absent
patient12556/study29,patient12556,test,1,patient12556/study29/view1_frontal.dcm,raddino_finetuned_v1,0.157470703125,0.56,absent,0.22607421875,0.5,absent,0.275390625,0.45,absent,0.38671875,0.453857,absent,0.7802734375,0.6,present,0.1070556640625,0.28,absent,0.40087890625,0.33,present,0.2425537109375,0.42,absent,0.054595947265625,0.39,absent,0.59912109375,0.62,absent,0.095703125,0.35,absent,0.047882080078125,0.45,absent
patient12881/study1,patient12881,test,2,patient12881/study1/view1_frontal.dcm|patient12881/study1/view2_lateral.dcm,raddino_finetuned_v1,0.0738525390625,0.56,absent,0.07318115234375,0.5,absent,0.08526611328125,0.45,absent,0.0258026123046875,0.453857,absent,0.232666015625,0.6,absent,0.06549072265625,0.28,absent,0.0228424072265625,0.33,absent,0.06707763671875,0.42,absent,0.1300048828125,0.39,absent,0.15380859375,0.62,absent,0.060302734375,0.35,absent,0.23681640625,0.45,absent
patient12881/study10,patient12881,test,2,patient12881/study10/view1_frontal.dcm|patient12881/study10/view2_lateral.dcm,raddino_finetuned_v1,0.148681640625,0.56,absent,0.1796875,0.5,absent,0.08477783203125,0.45,absent,0.0313720703125,0.453857,absent,0.56884765625,0.6,absent,0.1671142578125,0.28,absent,0.051849365234375,0.33,absent,0.337646484375,0.42,absent,0.11553955078125,0.39,absent,0.48681640625,0.62,absent,0.1407470703125,0.35,absent,0.4013671875,0.45,absent
patient12881/study11,patient12881,test,2,patient12881/study11/view1_frontal.dcm|patient12881/study11/view2_lateral.dcm,raddino_finetuned_v1,0.07366943359375,0.56,absent,0.09075927734375,0.5,absent,0.042236328125,0.45,absent,0.0174407958984375,0.453857,absent,0.3076171875,0.6,absent,0.0970458984375,0.28,absent,0.0287628173828125,0.33,absent,0.2315673828125,0.42,absent,0.07183837890625,0.39,absent,0.2247314453125,0.62,absent,0.055206298828125,0.35,absent,0.203857421875,0.45,absent
patient12881/study12,patient12881,test,2,patient12881/study12/view1_frontal.dcm|patient12881/study12/view2_lateral.dcm,raddino_finetuned_v1,0.10321044921875,0.56,absent,0.060211181640625,0.5,absent,0.034088134765625,0.45,absent,0.0282745361328125,0.453857,absent,0.349609375,0.6,absent,0.058013916015625,0.28,absent,0.064208984375,0.33,absent,0.293212890625,0.42,absent,0.095703125,0.39,absent,0.3359375,0.62,absent,0.04534912109375,0.35,absent,0.4072265625,0.45,absent
patient12897/study2,patient12897,test,1,patient12897/study2/view1_frontal.dcm,raddino_finetuned_v1,0.0723876953125,0.56,absent,0.042083740234375,0.5,absent,0.1202392578125,0.45,absent,0.0830078125,0.453857,absent,0.1199951171875,0.6,absent,0.0455322265625,0.28,absent,0.00690460205078125,0.33,absent,0.0097808837890625,0.42,absent,0.0182342529296875,0.39,absent,0.078369140625,0.62,absent,0.03662109375,0.35,absent,0.01238250732421875,0.45,absent
patient13211/study1,patient13211,test,1,patient13211/study1/view1_frontal.dcm,raddino_finetuned_v1,0.0938720703125,0.56,absent,0.042816162109375,0.5,absent,0.048858642578125,0.45,absent,0.3388671875,0.453857,absent,0.1708984375,0.6,absent,0.00881195068359375,0.28,absent,0.130859375,0.33,absent,0.015777587890625,0.42,absent,0.0150146484375,0.39,absent,0.2430419921875,0.62,absent,0.09503173828125,0.35,absent,0.0022258758544921875,0.45,absent
patient13211/study10,patient13211,test,1,patient13211/study10/view1_frontal.dcm,raddino_finetuned_v1,0.25341796875,0.56,absent,0.385986328125,0.5,absent,0.78515625,0.45,present,0.51708984375,0.453857,present,0.57763671875,0.6,absent,0.62353515625,0.28,present,0.0460205078125,0.33,absent,0.1309814453125,0.42,absent,0.237548828125,0.39,absent,0.70068359375,0.62,present,0.59423828125,0.35,present,0.06982421875,0.45,absent
patient13211/study11,patient13211,test,2,patient13211/study11/view1_frontal.dcm|patient13211/study11/view2_lateral.dcm,raddino_finetuned_v1,0.76123046875,0.56,present,0.321533203125,0.5,absent,0.6708984375,0.45,present,0.322998046875,0.453857,absent,0.86328125,0.6,present,0.7236328125,0.28,present,0.280029296875,0.33,absent,0.6015625,0.42,present,0.7626953125,0.39,present,0.90380859375,0.62,present,0.232177734375,0.35,absent,0.73046875,0.45,present
patient13211/study12,patient13211,test,2,patient13211/study12/view1_frontal.dcm|patient13211/study12/view2_lateral.dcm,raddino_finetuned_v1,0.61865234375,0.56,present,0.2197265625,0.5,absent,0.4267578125,0.45,absent,0.184814453125,0.453857,absent,0.82958984375,0.6,present,0.55517578125,0.28,present,0.33251953125,0.33,present,0.58837890625,0.42,present,0.5869140625,0.39,present,0.77587890625,0.62,present,0.1265869140625,0.35,absent,0.60546875,0.45,present
patient13452/study1,patient13452,test,1,patient13452/study1/view1_frontal.dcm,raddino_finetuned_v1,0.019378662109375,0.56,absent,0.0343017578125,0.5,absent,0.01666259765625,0.45,absent,0.018829345703125,0.453857,absent,0.017913818359375,0.6,absent,0.0179901123046875,0.28,absent,0.054290771484375,0.33,absent,0.011199951171875,0.42,absent,0.04400634765625,0.39,absent,0.06744384765625,0.62,absent,0.0282135009765625,0.35,absent,0.0504150390625,0.45,absent
patient13452/study10,patient13452,test,1,patient13452/study10/view1_frontal.dcm,raddino_finetuned_v1,0.0292510986328125,0.56,absent,0.053802490234375,0.5,absent,0.060516357421875,0.45,absent,0.0260009765625,0.453857,absent,0.0703125,0.6,absent,0.042633056640625,0.28,absent,0.0227203369140625,0.33,absent,0.06488037109375,0.42,absent,0.05865478515625,0.39,absent,0.142578125,0.62,absent,0.10089111328125,0.35,absent,0.0272216796875,0.45,absent
patient13452/study11,patient13452,test,1,patient13452/study11/view1_frontal.dcm,raddino_finetuned_v1,0.022796630859375,0.56,absent,0.02044677734375,0.5,absent,0.1851806640625,0.45,absent,0.0174407958984375,0.453857,absent,0.051849365234375,0.6,absent,0.1953125,0.28,absent,0.06243896484375,0.33,absent,0.0635986328125,0.42,absent,0.2122802734375,0.39,absent,0.193359375,0.62,absent,0.0143890380859375,0.35,absent,0.1527099609375,0.45,absent
patient13452/study12,patient13452,test,1,patient13452/study12/view1_frontal.dcm,raddino_finetuned_v1,0.02880859375,0.56,absent,0.0231475830078125,0.5,absent,0.05511474609375,0.45,absent,0.01450347900390625,0.453857,absent,0.0323486328125,0.6,absent,0.05194091796875,0.28,absent,0.05877685546875,0.33,absent,0.06683349609375,0.42,absent,0.06719970703125,0.39,absent,0.148681640625,0.62,absent,0.0257568359375,0.35,absent,0.08477783203125,0.45,absent
patient13586/study1,patient13586,test,2,patient13586/study1/view1_frontal.dcm|patient13586/study1/view2_lateral.dcm,raddino_finetuned_v1,0.319091796875,0.56,absent,0.280517578125,0.5,absent,0.389892578125,0.45,absent,0.2139892578125,0.453857,absent,0.78759765625,0.6,present,0.39501953125,0.28,present,0.054595947265625,0.33,absent,0.37255859375,0.42,absent,0.403564453125,0.39,present,0.6943359375,0.62,present,0.3115234375,0.35,absent,0.4453125,0.45,absent
patient13835/study1,patient13835,test,1,patient13835/study1/view1_frontal.dcm,raddino_finetuned_v1,0.0182342529296875,0.56,absent,0.09808349609375,0.5,absent,0.02880859375,0.45,absent,0.11456298828125,0.453857,absent,0.06427001953125,0.6,absent,0.0184326171875,0.28,absent,0.005641937255859375,0.33,absent,0.01395416259765625,0.42,absent,0.02606201171875,0.39,absent,0.04132080078125,0.62,absent,0.05419921875,0.35,absent,0.03216552734375,0.45,absent
patient13835/study10,patient13835,test,1,patient13835/study10/view1_frontal.dcm,raddino_finetuned_v1,0.009521484375,0.56,absent,0.0285491943359375,0.5,absent,0.01137542724609375,0.45,absent,0.0295867919921875,0.453857,absent,0.0289764404296875,0.6,absent,0.0074615478515625,0.28,absent,0.0083160400390625,0.33,absent,0.00881195068359375,0.42,absent,0.0192718505859375,0.39,absent,0.029205322265625,0.62,absent,0.043365478515625,0.35,absent,0.0137939453125,0.45,absent
patient13835/study2,patient13835,test,1,patient13835/study2/view1_frontal.dcm,raddino_finetuned_v1,0.015716552734375,0.56,absent,0.027374267578125,0.5,absent,0.0301513671875,0.45,absent,0.049224853515625,0.453857,absent,0.036346435546875,0.6,absent,0.01406097412109375,0.28,absent,0.00878143310546875,0.33,absent,0.0135345458984375,0.42,absent,0.007175445556640625,0.39,absent,0.0250396728515625,0.62,absent,0.020965576171875,0.35,absent,0.00760650634765625,0.45,absent
patient13835/study3,patient13835,test,1,patient13835/study3/view1_frontal.dcm,raddino_finetuned_v1,0.06982421875,0.56,absent,0.1693115234375,0.5,absent,0.04779052734375,0.45,absent,0.09771728515625,0.453857,absent,0.1239013671875,0.6,absent,0.03033447265625,0.28,absent,0.0121917724609375,0.33,absent,0.03289794921875,0.42,absent,0.053985595703125,0.39,absent,0.0457763671875,0.62,absent,0.0987548828125,0.35,absent,0.00997161865234375,0.45,absent
patient14045/study26,patient14045,test,1,patient14045/study26/view1_frontal.dcm,raddino_finetuned_v1,0.57421875,0.56,present,0.9541015625,0.5,present,0.90966796875,0.45,present,0.8828125,0.453857,present,0.416015625,0.6,absent,0.88916015625,0.28,present,0.451904296875,0.33,present,0.451904296875,0.42,present,0.228515625,0.39,absent,0.9052734375,0.62,present,0.6025390625,0.35,present,0.67529296875,0.45,present
patient14056/study1,patient14056,test,1,patient14056/study1/view1_frontal.dcm,raddino_finetuned_v1,0.0169830322265625,0.56,absent,0.04217529296875,0.5,absent,0.015899658203125,0.45,absent,0.04443359375,0.453857,absent,0.035888671875,0.6,absent,0.0184326171875,0.28,absent,0.003147125244140625,0.33,absent,0.007843017578125,0.42,absent,0.009521484375,0.39,absent,0.04876708984375,0.62,absent,0.01384735107421875,0.35,absent,0.01512908935546875,0.45,absent
patient14056/study10,patient14056,test,1,patient14056/study10/view1_frontal.dcm,raddino_finetuned_v1,0.0117340087890625,0.56,absent,0.0217742919921875,0.5,absent,0.005062103271484375,0.45,absent,0.010528564453125,0.453857,absent,0.0139007568359375,0.6,absent,0.00441741943359375,0.28,absent,0.0008039474487304688,0.33,absent,0.0033893585205078125,0.42,absent,0.007289886474609375,0.39,absent,0.01678466796875,0.62,absent,0.00894927978515625,0.35,absent,0.001789093017578125,0.45,absent
patient14056/study11,patient14056,test,1,patient14056/study11/view1_frontal.dcm,raddino_finetuned_v1,0.012237548828125,0.56,absent,0.0187225341796875,0.5,absent,0.00763702392578125,0.45,absent,0.0247955322265625,0.453857,absent,0.025177001953125,0.6,absent,0.00919342041015625,0.28,absent,0.0023593902587890625,0.33,absent,0.01267242431640625,0.42,absent,0.0117340087890625,0.39,absent,0.038238525390625,0.62,absent,0.018341064453125,0.35,absent,0.0034961700439453125,0.45,absent
patient14056/study12,patient14056,test,1,patient14056/study12/view1_frontal.dcm,raddino_finetuned_v1,0.0230255126953125,0.56,absent,0.0246124267578125,0.5,absent,0.00937652587890625,0.45,absent,0.0169219970703125,0.453857,absent,0.01934814453125,0.6,absent,0.0095977783203125,0.28,absent,0.0011692047119140625,0.33,absent,0.004505157470703125,0.42,absent,0.015960693359375,0.39,absent,0.0205230712890625,0.62,absent,0.0253753662109375,0.35,absent,0.006488800048828125,0.45,absent
patient14351/study11,patient14351,test,1,patient14351/study11/view1_frontal.dcm,raddino_finetuned_v1,0.82080078125,0.56,present,0.50439453125,0.5,present,0.62646484375,0.45,present,0.822265625,0.453857,present,0.953125,0.6,present,0.493896484375,0.28,present,0.301513671875,0.33,absent,0.11181640625,0.42,absent,0.70166015625,0.39,present,0.97705078125,0.62,present,0.41015625,0.35,present,0.89599609375,0.45,present
patient14351/study14,patient14351,test,1,patient14351/study14/view1_frontal.dcm,raddino_finetuned_v1,0.8486328125,0.56,present,0.72119140625,0.5,present,0.69580078125,0.45,present,0.84130859375,0.453857,present,0.951171875,0.6,present,0.5419921875,0.28,present,0.296142578125,0.33,absent,0.1658935546875,0.42,absent,0.73388671875,0.39,present,0.9716796875,0.62,present,0.962890625,0.35,present,0.68115234375,0.45,present
patient14351/study2,patient14351,test,1,patient14351/study2/view1_frontal.dcm,raddino_finetuned_v1,0.54638671875,0.56,absent,0.5576171875,0.5,present,0.224853515625,0.45,absent,0.58935546875,0.453857,present,0.46728515625,0.6,absent,0.3720703125,0.28,present,0.0241851806640625,0.33,absent,0.08978271484375,0.42,absent,0.4267578125,0.39,present,0.71875,0.62,present,0.755859375,0.35,present,0.484375,0.45,present
patient14351/study26,patient14351,test,1,patient14351/study26/view1_frontal.dcm,raddino_finetuned_v1,0.63671875,0.56,present,0.5166015625,0.5,present,0.38427734375,0.45,absent,0.70263671875,0.453857,present,0.78759765625,0.6,present,0.346435546875,0.28,present,0.0210113525390625,0.33,absent,0.1436767578125,0.42,absent,0.1524658203125,0.39,absent,0.833984375,0.62,present,0.6357421875,0.35,present,0.32080078125,0.45,absent
patient14638/study10,patient14638,test,1,patient14638/study10/view1_frontal.dcm,raddino_finetuned_v1,0.364990234375,0.56,absent,0.1181640625,0.5,absent,0.130126953125,0.45,absent,0.57861328125,0.453857,present,0.447265625,0.6,absent,0.072509765625,0.28,absent,0.017181396484375,0.33,absent,0.171630859375,0.42,absent,0.11981201171875,0.39,absent,0.58837890625,0.62,absent,0.234619140625,0.35,absent,0.059417724609375,0.45,absent
patient14638/study11,patient14638,test,1,patient14638/study11/view1_frontal.dcm,raddino_finetuned_v1,0.2476806640625,0.56,absent,0.1597900390625,0.5,absent,0.188720703125,0.45,absent,0.364013671875,0.453857,absent,0.354736328125,0.6,absent,0.053497314453125,0.28,absent,0.0292510986328125,0.33,absent,0.18798828125,0.42,absent,0.0261993408203125,0.39,absent,0.318115234375,0.62,absent,0.033966064453125,0.35,absent,0.037689208984375,0.45,absent
patient14638/study14,patient14638,test,1,patient14638/study14/view1_frontal.dcm,raddino_finetuned_v1,0.094482421875,0.56,absent,0.045440673828125,0.5,absent,0.0197906494140625,0.45,absent,0.14794921875,0.453857,absent,0.11798095703125,0.6,absent,0.03704833984375,0.28,absent,0.01953125,0.33,absent,0.049591064453125,0.42,absent,0.08404541015625,0.39,absent,0.12493896484375,0.62,absent,0.02685546875,0.35,absent,0.034027099609375,0.45,absent
patient14638/study7,patient14638,test,1,patient14638/study7/view1_frontal.dcm,raddino_finetuned_v1,0.76416015625,0.56,present,0.2239990234375,0.5,absent,0.87841796875,0.45,present,0.90966796875,0.453857,present,0.79150390625,0.6,present,0.62158203125,0.28,present,0.047698974609375,0.33,absent,0.461669921875,0.42,present,0.27197265625,0.39,absent,0.9580078125,0.62,present,0.229736328125,0.35,absent,0.35888671875,0.45,absent
patient14668/study1,patient14668,test,1,patient14668/study1/view1_frontal.dcm,raddino_finetuned_v1,0.02532958984375,0.56,absent,0.0089874267578125,0.5,absent,0.021331787109375,0.45,absent,0.0200653076171875,0.453857,absent,0.017242431640625,0.6,absent,0.02044677734375,0.28,absent,0.06231689453125,0.33,absent,0.09271240234375,0.42,absent,0.03240966796875,0.39,absent,0.08758544921875,0.62,absent,0.0197906494140625,0.35,absent,0.0537109375,0.45,absent
patient14668/study10,patient14668,test,1,patient14668/study10/view1_frontal.dcm,raddino_finetuned_v1,0.435791015625,0.56,absent,0.11358642578125,0.5,absent,0.37158203125,0.45,absent,0.50732421875,0.453857,present,0.52392578125,0.6,absent,0.342529296875,0.28,present,0.1302490234375,0.33,absent,0.3193359375,0.42,absent,0.32958984375,0.39,absent,0.6328125,0.62,present,0.0548095703125,0.35,absent,0.0416259765625,0.45,absent
patient14668/study11,patient14668,test,1,patient14668/study11/view1_frontal.dcm,raddino_finetuned_v1,0.2998046875,0.56,absent,0.1553955078125,0.5,absent,0.4228515625,0.45,absent,0.5400390625,0.453857,present,0.533203125,0.6,absent,0.276123046875,0.28,absent,0.1434326171875,0.33,absent,0.4228515625,0.42,present,0.2420654296875,0.39,absent,0.57470703125,0.62,absent,0.033721923828125,0.35,absent,0.03704833984375,0.45,absent
patient14668/study12,patient14668,test,1,patient14668/study12/view1_frontal.dcm,raddino_finetuned_v1,0.288330078125,0.56,absent,0.26806640625,0.5,absent,0.57373046875,0.45,present,0.6640625,0.453857,present,0.55224609375,0.6,absent,0.318359375,0.28,present,0.1207275390625,0.33,absent,0.300537109375,0.42,absent,0.2183837890625,0.39,absent,0.49755859375,0.62,absent,0.048675537109375,0.35,absent,0.049774169921875,0.45,absent
patient14989/study1,patient14989,test,1,patient14989/study1/view1_frontal.dcm,raddino_finetuned_v1,0.0206451416015625,0.56,absent,0.1307373046875,0.5,absent,0.034759521484375,0.45,absent,0.08880615234375,0.453857,absent,0.02447509765625,0.6,absent,0.005512237548828125,0.28,absent,0.01450347900390625,0.33,absent,0.0035648345947265625,0.42,absent,0.0018749237060546875,0.39,absent,0.0374755859375,0.62,absent,0.032470703125,0.35,absent,0.00997161865234375,0.45,absent
patient14989/study10,patient14989,test,1,patient14989/study10/view1_frontal.dcm,raddino_finetuned_v1,0.0278472900390625,0.56,absent,0.316162109375,0.5,absent,0.029205322265625,0.45,absent,0.097900390625,0.453857,absent,0.2001953125,0.6,absent,0.0089874267578125,0.28,absent,0.09600830078125,0.33,absent,0.00881195068359375,0.42,absent,0.00926971435546875,0.39,absent,0.1566162109375,0.62,absent,0.14404296875,0.35,absent,0.019378662109375,0.45,absent
patient14989/study2,patient14989,test,1,patient14989/study2/view1_frontal.dcm,raddino_finetuned_v1,0.01287078857421875,0.56,absent,0.0965576171875,0.5,absent,0.0227203369140625,0.45,absent,0.0482177734375,0.453857,absent,0.033203125,0.6,absent,0.0165252685546875,0.28,absent,0.032470703125,0.33,absent,0.0048675537109375,0.42,absent,0.0082855224609375,0.39,absent,0.039337158203125,0.62,absent,0.0305633544921875,0.35,absent,0.0119171142578125,0.45,absent
patient14989/study3,patient14989,test,1,patient14989/study3/view1_frontal.dcm,raddino_finetuned_v1,0.0087432861328125,0.56,absent,0.07904052734375,0.5,absent,0.01107025146484375,0.45,absent,0.03143310546875,0.453857,absent,0.017578125,0.6,absent,0.005489349365234375,0.28,absent,0.0313720703125,0.33,absent,0.0020999908447265625,0.42,absent,0.00536346435546875,0.39,absent,0.0209197998046875,0.62,absent,0.046905517578125,0.35,absent,0.006389617919921875,0.45,absent
patient15243/study1,patient15243,test,1,patient15243/study1/view1_frontal.dcm,raddino_finetuned_v1,0.744140625,0.56,present,0.57958984375,0.5,present,0.83251953125,0.45,present,0.83837890625,0.453857,present,0.93603515625,0.6,present,0.57666015625,0.28,present,0.50830078125,0.33,present,0.73486328125,0.42,present,0.4208984375,0.39,present,0.93017578125,0.62,present,0.75927734375,0.35,present,0.364990234375,0.45,absent
patient15243/study4,patient15243,test,1,patient15243/study4/view1_frontal.dcm,raddino_finetuned_v1,0.859375,0.56,present,0.9404296875,0.5,present,0.88037109375,0.45,present,0.9267578125,0.453857,present,0.9697265625,0.6,present,0.79296875,0.28,present,0.759765625,0.33,present,0.72509765625,0.42,present,0.85107421875,0.39,present,0.98388671875,0.62,present,0.96826171875,0.35,present,0.71337890625,0.45,present
patient15243/study5,patient15243,test,1,patient15243/study5/view1_frontal.dcm,raddino_finetuned_v1,0.9462890625,0.56,present,0.92822265625,0.5,present,0.9169921875,0.45,present,0.91650390625,0.453857,present,0.978515625,0.6,present,0.8974609375,0.28,present,0.73291015625,0.33,present,0.6494140625,0.42,present,0.8935546875,0.39,present,0.97998046875,0.62,present,0.96826171875,0.35,present,0.71923828125,0.45,present
patient15313/study1,patient15313,test,1,patient15313/study1/view1_frontal.dcm,raddino_finetuned_v1,0.0045928955078125,0.56,absent,0.005687713623046875,0.5,absent,0.0031719207763671875,0.45,absent,0.0017137527465820312,0.453857,absent,0.0030994415283203125,0.6,absent,0.0032978057861328125,0.28,absent,0.004299163818359375,0.33,absent,0.0230255126953125,0.42,absent,0.007549285888671875,0.39,absent,0.006412506103515625,0.62,absent,0.00714874267578125,0.35,absent,0.0022792816162109375,0.45,absent
patient15313/study10,patient15313,test,1,patient15313/study10/view1_frontal.dcm,raddino_finetuned_v1,0.006877899169921875,0.56,absent,0.007694244384765625,0.5,absent,0.0074615478515625,0.45,absent,0.0141143798828125,0.453857,absent,0.0197601318359375,0.6,absent,0.014617919921875,0.28,absent,0.0305633544921875,0.33,absent,0.01433563232421875,0.42,absent,0.012237548828125,0.39,absent,0.044342041015625,0.62,absent,0.01238250732421875,0.35,absent,0.0038242340087890625,0.45,absent
patient15313/study11,patient15313,test,1,patient15313/study11/view1_frontal.dcm,raddino_finetuned_v1,0.01107025146484375,0.56,absent,0.0083465576171875,0.5,absent,0.00609588623046875,0.45,absent,0.004055023193359375,0.453857,absent,0.0153045654296875,0.6,absent,0.005100250244140625,0.28,absent,0.0029697418212890625,0.33,absent,0.01029205322265625,0.42,absent,0.0012845993041992188,0.39,absent,0.019683837890625,0.62,absent,0.004383087158203125,0.35,absent,0.0007853507995605469,0.45,absent
patient15313/study12,patient15313,test,1,patient15313/study12/view1_frontal.dcm,raddino_finetuned_v1,0.0141143798828125,0.56,absent,0.0264129638671875,0.5,absent,0.00518035888671875,0.45,absent,0.00974273681640625,0.453857,absent,0.012237548828125,0.6,absent,0.00757598876953125,0.28,absent,0.00147247314453125,0.33,absent,0.01229095458984375,0.42,absent,0.0045928955078125,0.39,absent,0.016021728515625,0.62,absent,0.006191253662109375,0.35,absent,0.001361846923828125,0.45,absent
patient15697/study1,patient15697,test,1,patient15697/study1/view1_frontal.dcm,raddino_finetuned_v1,0.11456298828125,0.56,absent,0.0246124267578125,0.5,absent,0.06396484375,0.45,absent,0.273681640625,0.453857,absent,0.186279296875,0.6,absent,0.041473388671875,0.28,absent,0.0360107421875,0.33,absent,0.08251953125,0.42,absent,0.10089111328125,0.39,absent,0.58642578125,0.62,absent,0.1583251953125,0.35,absent,0.141845703125,0.45,absent
patient15697/study10,patient15697,test,2,patient15697/study10/view1_frontal.dcm|patient15697/study10/view2_lateral.dcm,raddino_finetuned_v1,0.79296875,0.56,present,0.492919921875,0.5,absent,0.806640625,0.45,present,0.5673828125,0.453857,present,0.9501953125,0.6,present,0.90380859375,0.28,present,0.45751953125,0.33,present,0.8017578125,0.42,present,0.81689453125,0.39,present,0.96630859375,0.62,present,0.373291015625,0.35,present,0.88330078125,0.45,present
patient15697/study11,patient15697,test,2,patient15697/study11/view1_frontal.dcm|patient15697/study11/view2_lateral.dcm,raddino_finetuned_v1,0.541015625,0.56,absent,0.413330078125,0.5,absent,0.52197265625,0.45,present,0.355224609375,0.453857,absent,0.88720703125,0.6,present,0.615234375,0.28,present,0.410400390625,0.33,present,0.75830078125,0.42,present,0.80078125,0.39,present,0.87744140625,0.62,present,0.2276611328125,0.35,absent,0.80419921875,0.45,present
patient15697/study2,patient15697,test,1,patient15697/study2/view1_frontal.dcm,raddino_finetuned_v1,0.1300048828125,0.56,absent,0.153564453125,0.5,absent,0.07598876953125,0.45,absent,0.154052734375,0.453857,absent,0.38623046875,0.6,absent,0.06982421875,0.28,absent,0.027374267578125,0.33,absent,0.13427734375,0.42,absent,0.01467132568359375,0.39,absent,0.255615234375,0.62,absent,0.018768310546875,0.35,absent,0.00997161865234375,0.45,absent
patient15768/study1,patient15768,test,1,patient15768/study1/view1_frontal.dcm,raddino_finetuned_v1,0.08477783203125,0.56,absent,0.0299224853515625,0.5,absent,0.054901123046875,0.45,absent,0.026611328125,0.453857,absent,0.06866455078125,0.6,absent,0.06451416015625,0.28,absent,0.017578125,0.33,absent,0.017578125,0.42,absent,0.0301513671875,0.39,absent,0.050323486328125,0.62,absent,0.0215301513671875,0.35,absent,0.0053863525390625,0.45,absent
patient15768/study10,patient15768,test,1,patient15768/study10/view1_frontal.dcm,raddino_finetuned_v1,0.09368896484375,0.56,absent,0.0293121337890625,0.5,absent,0.1383056640625,0.45,absent,0.0269622802734375,0.453857,absent,0.0292510986328125,0.6,absent,0.09320068359375,0.28,absent,0.01233673095703125,0.33,absent,0.017242431640625,0.42,absent,0.0999755859375,0.39,absent,0.093017578125,0.62,absent,0.0301055908203125,0.35,absent,0.0170440673828125,0.45,absent
patient15768/study11,patient15768,test,1,patient15768/study11/view1_frontal.dcm,raddino_finetuned_v1,0.0276947021484375,0.56,absent,0.034942626953125,0.5,absent,0.10357666015625,0.45,absent,0.037811279296875,0.453857,absent,0.0333251953125,0.6,absent,0.09185791015625,0.28,absent,0.0129241943359375,0.33,absent,0.00766754150390625,0.42,absent,0.0162200927734375,0.39,absent,0.1063232421875,0.62,absent,0.04620361328125,0.35,absent,0.028594970703125,0.45,absent
patient15768/study12,patient15768,test,1,patient15768/study12/view1_frontal.dcm,raddino_finetuned_v1,0.0173797607421875,0.56,absent,0.01233673095703125,0.5,absent,0.0303802490234375,0.45,absent,0.02606201171875,0.453857,absent,0.0305023193359375,0.6,absent,0.019378662109375,0.28,absent,0.05633544921875,0.33,absent,0.00997161865234375,0.42,absent,0.0163421630859375,0.39,absent,0.09039306640625,0.62,absent,0.04132080078125,0.35,absent,0.01061248779296875,0.45,absent
patient15842/study10,patient15842,test,2,patient15842/study10/view1_frontal.dcm|patient15842/study10/view2_lateral.dcm,raddino_finetuned_v1,0.393798828125,0.56,absent,0.6259765625,0.5,present,0.340576171875,0.45,absent,0.317138671875,0.453857,absent,0.91064453125,0.6,present,0.328857421875,0.28,present,0.29833984375,0.33,absent,0.56103515625,0.42,present,0.462890625,0.39,present,0.80908203125,0.62,present,0.1688232421875,0.35,absent,0.5322265625,0.45,present
patient15842/study11,patient15842,test,1,patient15842/study11/view1_frontal.dcm,raddino_finetuned_v1,0.58740234375,0.56,present,0.7060546875,0.5,present,0.6298828125,0.45,present,0.7509765625,0.453857,present,0.951171875,0.6,present,0.623046875,0.28,present,0.77587890625,0.33,present,0.80859375,0.42,present,0.68310546875,0.39,present,0.9423828125,0.62,present,0.5947265625,0.35,present,0.91357421875,0.45,present
patient15842/study5,patient15842,test,1,patient15842/study5/view1_frontal.dcm,raddino_finetuned_v1,0.489013671875,0.56,absent,0.2301025390625,0.5,absent,0.734375,0.45,present,0.5185546875,0.453857,present,0.72314453125,0.6,present,0.35205078125,0.28,present,0.10284423828125,0.33,absent,0.0706787109375,0.42,absent,0.70947265625,0.39,present,0.8828125,0.62,present,0.32470703125,0.35,absent,0.3876953125,0.45,absent
patient15842/study9,patient15842,test,1,patient15842/study9/view1_frontal.dcm,raddino_finetuned_v1,0.8369140625,0.56,present,0.73876953125,0.5,present,0.94921875,0.45,present,0.70849609375,0.453857,present,0.923828125,0.6,present,0.499755859375,0.28,present,0.2998046875,0.33,absent,0.59130859375,0.42,present,0.404296875,0.39,present,0.88623046875,0.62,present,0.61376953125,0.35,present,0.41259765625,0.45,absent
patient16160/study4,patient16160,test,1,patient16160/study4/view1_frontal.dcm,raddino_finetuned_v1,0.042572021484375,0.56,absent,0.095703125,0.5,absent,0.1358642578125,0.45,absent,0.274658203125,0.453857,absent,0.21337890625,0.6,absent,0.087890625,0.28,absent,0.01751708984375,0.33,absent,0.206298828125,0.42,absent,0.03753662109375,0.39,absent,0.376953125,0.62,absent,0.024139404296875,0.35,absent,0.042724609375,0.45,absent
patient16391/study1,patient16391,test,1,patient16391/study1/view1_frontal.dcm,raddino_finetuned_v1,0.88720703125,0.56,present,0.63232421875,0.5,present,0.9072265625,0.45,present,0.80419921875,0.453857,present,0.6630859375,0.6,present,0.80712890625,0.28,present,0.0526123046875,0.33,absent,0.10211181640625,0.42,absent,0.1951904296875,0.39,absent,0.88037109375,0.62,present,0.6474609375,0.35,present,0.2181396484375,0.45,absent
patient16391/study2,patient16391,test,1,patient16391/study2/view1_frontal.dcm,raddino_finetuned_v1,0.7177734375,0.56,present,0.7333984375,0.5,present,0.8271484375,0.45,present,0.75341796875,0.453857,present,0.66845703125,0.6,present,0.880859375,0.28,present,0.046630859375,0.33,absent,0.1761474609375,0.42,absent,0.38330078125,0.39,absent,0.89990234375,0.62,present,0.71728515625,0.35,present,0.52197265625,0.45,present
patient16391/study3,patient16391,test,2,patient16391/study3/view1_frontal.dcm|patient16391/study3/view2_frontal.dcm,raddino_finetuned_v1,0.970703125,0.56,present,0.7900390625,0.5,present,0.8896484375,0.45,present,0.73486328125,0.453857,present,0.88427734375,0.6,present,0.919921875,0.28,present,0.051849365234375,0.33,absent,0.5732421875,0.42,present,0.54345703125,0.39,present,0.97705078125,0.62,present,0.7724609375,0.35,present,0.75830078125,0.45,present
patient16391/study4,patient16391,test,1,patient16391/study4/view1_frontal.dcm,raddino_finetuned_v1,0.8271484375,0.56,present,0.87158203125,0.5,present,0.76318359375,0.45,present,0.76123046875,0.453857,present,0.8115234375,0.6,present,0.9130859375,0.28,present,0.09039306640625,0.33,absent,0.43505859375,0.42,present,0.384033203125,0.39,absent,0.90185546875,0.62,present,0.7216796875,0.35,present,0.29931640625,0.45,absent
patient16417/study12,patient16417,test,2,patient16417/study12/view1_frontal.dcm|patient16417/study12/view2_lateral.dcm,raddino_finetuned_v1,0.0965576171875,0.56,absent,0.27587890625,0.5,absent,0.1015625,0.45,absent,0.10394287109375,0.453857,absent,0.32470703125,0.6,absent,0.268310546875,0.28,absent,0.048583984375,0.33,absent,0.1444091796875,0.42,absent,0.125244140625,0.39,absent,0.464599609375,0.62,absent,0.1455078125,0.35,absent,0.235107421875,0.45,absent
patient16417/study8,patient16417,test,1,patient16417/study8/view1_frontal.dcm,raddino_finetuned_v1,0.01049041748046875,0.56,absent,0.1044921875,0.5,absent,0.07421875,0.45,absent,0.033721923828125,0.453857,absent,0.0276947021484375,0.6,absent,0.08599853515625,0.28,absent,0.229248046875,0.33,absent,0.0509033203125,0.42,absent,0.0121917724609375,0.39,absent,0.1697998046875,0.62,absent,0.0970458984375,0.35,absent,0.0083770751953125,0.45,absent
patient16477/study4,patient16477,test,1,patient16477/study4/view1_frontal.dcm,raddino_finetuned_v1,0.436767578125,0.56,absent,0.45751953125,0.5,absent,0.54638671875,0.45,present,0.7333984375,0.453857,present,0.8076171875,0.6,present,0.2210693359375,0.28,absent,0.02276611328125,0.33,absent,0.39794921875,0.42,absent,0.11376953125,0.39,absent,0.8408203125,0.62,present,0.548828125,0.35,present,0.07879638671875,0.45,absent
patient16477/study7,patient16477,test,2,patient16477/study7/view1_frontal.dcm|patient16477/study7/view2_lateral.dcm,raddino_finetuned_v1,0.6162109375,0.56,present,0.499755859375,0.5,absent,0.701171875,0.45,present,0.2303466796875,0.453857,absent,0.8447265625,0.6,present,0.75634765625,0.28,present,0.4853515625,0.33,present,0.70166015625,0.42,present,0.55029296875,0.39,present,0.8818359375,0.62,present,0.309326171875,0.35,absent,0.654296875,0.45,present
patient16523/study1,patient16523,test,2,patient16523/study1/view1_frontal.dcm|patient16523/study1/view2_lateral.dcm,raddino_finetuned_v1,0.135009765625,0.56,absent,0.1761474609375,0.5,absent,0.2398681640625,0.45,absent,0.039276123046875,0.453857,absent,0.327392578125,0.6,absent,0.189208984375,0.28,absent,0.10357666015625,0.33,absent,0.1632080078125,0.42,absent,0.428955078125,0.39,present,0.479736328125,0.62,absent,0.1055908203125,0.35,absent,0.25244140625,0.45,absent
patient16523/study10,patient16523,test,1,patient16523/study10/view1_frontal.dcm,raddino_finetuned_v1,0.24365234375,0.56,absent,0.273681640625,0.5,absent,0.10015869140625,0.45,absent,0.08209228515625,0.453857,absent,0.281005859375,0.6,absent,0.044586181640625,0.28,absent,0.1864013671875,0.33,absent,0.040313720703125,0.42,absent,0.045013427734375,0.39,absent,0.102294921875,0.62,absent,0.126953125,0.35,absent,0.0546875,0.45,absent
patient16523/study11,patient16523,test,1,patient16523/study11/view1_frontal.dcm,raddino_finetuned_v1,0.18505859375,0.56,absent,0.1903076171875,0.5,absent,0.0843505859375,0.45,absent,0.11260986328125,0.453857,absent,0.4892578125,0.6,absent,0.03802490234375,0.28,absent,0.148193359375,0.33,absent,0.08929443359375,0.42,absent,0.047088623046875,0.39,absent,0.146484375,0.62,absent,0.0809326171875,0.35,absent,0.0211181640625,0.45,absent
patient16523/study12,patient16523,test,1,patient16523/study12/view1_frontal.dcm,raddino_finetuned_v1,0.2705078125,0.56,absent,0.32080078125,0.5,absent,0.1314697265625,0.45,absent,0.0631103515625,0.453857,absent,0.315673828125,0.6,absent,0.031494140625,0.28,absent,0.1693115234375,0.33,absent,0.10858154296875,0.42,absent,0.039276123046875,0.39,absent,0.08880615234375,0.62,absent,0.0994873046875,0.35,absent,0.016845703125,0.45,absent
patient17265/study4,patient17265,test,2,patient17265/study4/view1_frontal.dcm|patient17265/study4/view2_lateral.dcm,raddino_finetuned_v1,0.385498046875,0.56,absent,0.80908203125,0.5,present,0.2783203125,0.45,absent,0.2271728515625,0.453857,absent,0.70263671875,0.6,present,0.2017822265625,0.28,absent,0.153076171875,0.33,absent,0.4423828125,0.42,present,0.23193359375,0.39,absent,0.69287109375,0.62,present,0.302978515625,0.35,absent,0.55419921875,0.45,present
patient17394/study1,patient17394,test,2,patient17394/study1/view1_frontal.dcm|patient17394/study1/view2_lateral.dcm,raddino_finetuned_v1,0.77490234375,0.56,present,0.0784912109375,0.5,absent,0.392822265625,0.45,absent,0.11181640625,0.453857,absent,0.8857421875,0.6,present,0.306640625,0.28,present,0.08197021484375,0.33,absent,0.40478515625,0.42,absent,0.6884765625,0.39,present,0.73193359375,0.62,present,0.1077880859375,0.35,absent,0.55908203125,0.45,present
patient17532/study1,patient17532,test,2,patient17532/study1/view1_frontal.dcm|patient17532/study1/view2_lateral.dcm,raddino_finetuned_v1,0.28515625,0.56,absent,0.1356201171875,0.5,absent,0.07965087890625,0.45,absent,0.06085205078125,0.453857,absent,0.3935546875,0.6,absent,0.1485595703125,0.28,absent,0.1231689453125,0.33,absent,0.375244140625,0.42,absent,0.322265625,0.39,absent,0.408447265625,0.62,absent,0.2010498046875,0.35,absent,0.55810546875,0.45,present
patient17532/study2,patient17532,test,1,patient17532/study2/view1_frontal.dcm,raddino_finetuned_v1,0.0302734375,0.56,absent,0.0177764892578125,0.5,absent,0.1376953125,0.45,absent,0.0162200927734375,0.453857,absent,0.09332275390625,0.6,absent,0.2005615234375,0.28,absent,0.08587646484375,0.33,absent,0.11553955078125,0.42,absent,0.0640869140625,0.39,absent,0.1878662109375,0.62,absent,0.017242431640625,0.35,absent,0.10321044921875,0.45,absent
patient17532/study3,patient17532,test,2,patient17532/study3/view1_frontal.dcm|patient17532/study3/view2_lateral.dcm,raddino_finetuned_v1,0.71044921875,0.56,present,0.29443359375,0.5,absent,0.5185546875,0.45,present,0.146240234375,0.453857,absent,0.8349609375,0.6,present,0.432373046875,0.28,present,0.126953125,0.33,absent,0.787109375,0.42,present,0.64990234375,0.39,present,0.88916015625,0.62,present,0.26904296875,0.35,absent,0.884765625,0.45,present
patient17534/study1,patient17534,test,2,patient17534/study1/view1_frontal.dcm|patient17534/study1/view2_lateral.dcm,raddino_finetuned_v1,0.220703125,0.56,absent,0.16650390625,0.5,absent,0.174560546875,0.45,absent,0.1700439453125,0.453857,absent,0.409912109375,0.6,absent,0.392822265625,0.28,present,0.049224853515625,0.33,absent,0.1014404296875,0.42,absent,0.34423828125,0.39,absent,0.69384765625,0.62,present,0.05877685546875,0.35,absent,0.26953125,0.45,absent
patient17534/study10,patient17534,test,1,patient17534/study10/view1_frontal.dcm,raddino_finetuned_v1,0.00809478759765625,0.56,absent,0.01078033447265625,0.5,absent,0.0097808837890625,0.45,absent,0.02691650390625,0.453857,absent,0.018402099609375,0.6,absent,0.064208984375,0.28,absent,0.007843017578125,0.33,absent,0.001720428466796875,0.42,absent,0.0204925537109375,0.39,absent,0.040313720703125,0.62,absent,0.01282501220703125,0.35,absent,0.0035648345947265625,0.45,absent
patient17534/study11,patient17534,test,1,patient17534/study11/view1_frontal.dcm,raddino_finetuned_v1,0.1134033203125,0.56,absent,0.0706787109375,0.5,absent,0.08740234375,0.45,absent,0.172607421875,0.453857,absent,0.1236572265625,0.6,absent,0.1895751953125,0.28,absent,0.07574462890625,0.33,absent,0.00803375244140625,0.42,absent,0.10357666015625,0.39,absent,0.265380859375,0.62,absent,0.1063232421875,0.35,absent,0.01678466796875,0.45,absent
patient17534/study12,patient17534,test,2,patient17534/study12/view1_frontal.dcm|patient17534/study12/view2_lateral.dcm,raddino_finetuned_v1,0.0994873046875,0.56,absent,0.1134033203125,0.5,absent,0.11798095703125,0.45,absent,0.09844970703125,0.453857,absent,0.489013671875,0.6,absent,0.3701171875,0.28,present,0.0253753662109375,0.33,absent,0.03582763671875,0.42,absent,0.2047119140625,0.39,absent,0.490478515625,0.62,absent,0.06951904296875,0.35,absent,0.06915283203125,0.45,absent
patient17916/study1,patient17916,test,1,patient17916/study1/view1_frontal.dcm,raddino_finetuned_v1,0.033203125,0.56,absent,0.26171875,0.5,absent,0.2000732421875,0.45,absent,0.365478515625,0.453857,absent,0.218994140625,0.6,absent,0.1224365234375,0.28,absent,0.01763916015625,0.33,absent,0.004070281982421875,0.42,absent,0.0279083251953125,0.39,absent,0.237548828125,0.62,absent,0.04742431640625,0.35,absent,0.00885009765625,0.45,absent
patient17916/study13,patient17916,test,1,patient17916/study13/view1_frontal.dcm,raddino_finetuned_v1,0.0994873046875,0.56,absent,0.194091796875,0.5,absent,0.162353515625,0.45,absent,0.197021484375,0.453857,absent,0.41455078125,0.6,absent,0.09075927734375,0.28,absent,0.03240966796875,0.33,absent,0.0147857666015625,0.42,absent,0.11297607421875,0.39,absent,0.2379150390625,0.62,absent,0.1676025390625,0.35,absent,0.06463623046875,0.45,absent
patient17916/study15,patient17916,test,1,patient17916/study15/view1_frontal.dcm,raddino_finetuned_v1,0.02685546875,0.56,absent,0.0240020751953125,0.5,absent,0.0638427734375,0.45,absent,0.09600830078125,0.453857,absent,0.07275390625,0.6,absent,0.007785797119140625,0.28,absent,0.002140045166015625,0.33,absent,0.0147857666015625,0.42,absent,0.006290435791015625,0.39,absent,0.053192138671875,0.62,absent,0.0460205078125,0.35,absent,0.0016937255859375,0.45,absent
patient17916/study3,patient17916,test,1,patient17916/study3/view1_frontal.dcm,raddino_finetuned_v1,0.30078125,0.56,absent,0.45849609375,0.5,absent,0.72607421875,0.45,present,0.312744140625,0.453857,absent,0.6201171875,0.6,present,0.312744140625,0.28,present,0.11260986328125,0.33,absent,0.035675048828125,0.42,absent,0.167236328125,0.39,absent,0.51806640625,0.62,absent,0.40234375,0.35,present,0.052520751953125,0.45,absent
patient18048/study3,patient18048,test,1,patient18048/study3/view1_frontal.dcm,raddino_finetuned_v1,0.9658203125,0.56,present,0.6787109375,0.5,present,0.91943359375,0.45,present,0.54052734375,0.453857,present,0.7705078125,0.6,present,0.751953125,0.28,present,0.8798828125,0.33,present,0.74560546875,0.42,present,0.9462890625,0.39,present,0.9287109375,0.62,present,0.51611328125,0.35,present,0.71923828125,0.45,present
patient18532/study1,patient18532,test,1,patient18532/study1/view1_frontal.dcm,raddino_finetuned_v1,0.0116424560546875,0.56,absent,0.01384735107421875,0.5,absent,0.0119171142578125,0.45,absent,0.00945281982421875,0.453857,absent,0.01009368896484375,0.6,absent,0.0171051025390625,0.28,absent,0.008514404296875,0.33,absent,0.005161285400390625,0.42,absent,0.005535125732421875,0.39,absent,0.0089874267578125,0.62,absent,0.004070281982421875,0.35,absent,0.0031719207763671875,0.45,absent
patient18532/study10,patient18532,test,1,patient18532/study10/view1_frontal.dcm,raddino_finetuned_v1,0.02044677734375,0.56,absent,0.0823974609375,0.5,absent,0.04803466796875,0.45,absent,0.0287628173828125,0.453857,absent,0.034820556640625,0.6,absent,0.047943115234375,0.28,absent,0.01322174072265625,0.33,absent,0.029541015625,0.42,absent,0.01306915283203125,0.39,absent,0.046905517578125,0.62,absent,0.0216217041015625,0.35,absent,0.007404327392578125,0.45,absent
patient18532/study11,patient18532,test,1,patient18532/study11/view1_frontal.dcm,raddino_finetuned_v1,0.0119171142578125,0.56,absent,0.08819580078125,0.5,absent,0.01751708984375,0.45,absent,0.0169219970703125,0.453857,absent,0.015960693359375,0.6,absent,0.00572967529296875,0.28,absent,0.00701141357421875,0.33,absent,0.007549285888671875,0.42,absent,0.0038700103759765625,0.39,absent,0.015716552734375,0.62,absent,0.035552978515625,0.35,absent,0.0029125213623046875,0.45,absent
patient18532/study12,patient18532,test,1,patient18532/study12/view1_frontal.dcm,raddino_finetuned_v1,0.05865478515625,0.56,absent,0.130615234375,0.5,absent,0.10321044921875,0.45,absent,0.033721923828125,0.453857,absent,0.032470703125,0.6,absent,0.0137939453125,0.28,absent,0.03448486328125,0.33,absent,0.00926971435546875,0.42,absent,0.01495361328125,0.39,absent,0.041229248046875,0.62,absent,0.01512908935546875,0.35,absent,0.00937652587890625,0.45,absent
patient18626/study1,patient18626,test,1,patient18626/study1/view1_frontal.dcm,raddino_finetuned_v1,0.038543701171875,0.56,absent,0.058441162109375,0.5,absent,0.1300048828125,0.45,absent,0.017578125,0.453857,absent,0.044525146484375,0.6,absent,0.023956298828125,0.28,absent,0.0139007568359375,0.33,absent,0.027801513671875,0.42,absent,0.00937652587890625,0.39,absent,0.058441162109375,0.62,absent,0.02288818359375,0.35,absent,0.01132965087890625,0.45,absent
patient18626/study10,patient18626,test,1,patient18626/study10/view1_frontal.dcm,raddino_finetuned_v1,0.935546875,0.56,present,0.86767578125,0.5,present,0.93017578125,0.45,present,0.9140625,0.453857,present,0.97509765625,0.6,present,0.833984375,0.28,present,0.18505859375,0.33,absent,0.51220703125,0.42,present,0.391845703125,0.39,present,0.9765625,0.62,present,0.8759765625,0.35,present,0.640625,0.45,present
patient18626/study2,patient18626,test,1,patient18626/study2/view1_frontal.dcm,raddino_finetuned_v1,0.04296875,0.56,absent,0.11456298828125,0.5,absent,0.059112548828125,0.45,absent,0.04010009765625,0.453857,absent,0.155029296875,0.6,absent,0.020294189453125,0.28,absent,0.0310821533203125,0.33,absent,0.0125274658203125,0.42,absent,0.005619049072265625,0.39,absent,0.072265625,0.62,absent,0.0276947021484375,0.35,absent,0.007259368896484375,0.45,absent
patient18626/study3,patient18626,test,1,patient18626/study3/view1_frontal.dcm,raddino_finetuned_v1,0.055816650390625,0.56,absent,0.05792236328125,0.5,absent,0.06622314453125,0.45,absent,0.035888671875,0.453857,absent,0.2005615234375,0.6,absent,0.0211181640625,0.28,absent,0.047943115234375,0.33,absent,0.012237548828125,0.42,absent,0.007373809814453125,0.39,absent,0.07977294921875,0.62,absent,0.03271484375,0.35,absent,0.0031108856201171875,0.45,absent
patient18892/study13,patient18892,test,1,patient18892/study13/view1_frontal.dcm,raddino_finetuned_v1,0.252685546875,0.56,absent,0.82177734375,0.5,present,0.55224609375,0.45,present,0.8291015625,0.453857,present,0.277587890625,0.6,absent,0.39404296875,0.28,present,0.0181884765625,0.33,absent,0.058349609375,0.42,absent,0.0283355712890625,0.39,absent,0.6728515625,0.62,present,0.59619140625,0.35,present,0.08880615234375,0.45,absent
patient18892/study4,patient18892,test,1,patient18892/study4/view1_frontal.dcm,raddino_finetuned_v1,0.0251312255859375,0.56,absent,0.10650634765625,0.5,absent,0.05511474609375,0.45,absent,0.1361083984375,0.453857,absent,0.114990234375,0.6,absent,0.01483917236328125,0.28,absent,0.01016998291015625,0.33,absent,0.0163421630859375,0.42,absent,0.0136871337890625,0.39,absent,0.1300048828125,0.62,absent,0.144775390625,0.35,absent,0.043212890625,0.45,absent
patient18892/study5,patient18892,test,1,patient18892/study5/view1_frontal.dcm,raddino_finetuned_v1,0.09088134765625,0.56,absent,0.39013671875,0.5,absent,0.1727294921875,0.45,absent,0.437744140625,0.453857,absent,0.314697265625,0.6,absent,0.059967041015625,0.28,absent,0.01467132568359375,0.33,absent,0.04376220703125,0.42,absent,0.0224609375,0.39,absent,0.33447265625,0.62,absent,0.170654296875,0.35,absent,0.04803466796875,0.45,absent
patient19094/study10,patient19094,test,1,patient19094/study10/view1_frontal.dcm,raddino_finetuned_v1,0.720703125,0.56,present,0.92529296875,0.5,present,0.87744140625,0.45,present,0.974609375,0.453857,present,0.86376953125,0.6,present,0.65283203125,0.28,present,0.417236328125,0.33,present,0.31298828125,0.42,absent,0.1915283203125,0.39,absent,0.94140625,0.62,present,0.35205078125,0.35,present,0.070556640625,0.45,absent
patient19094/study11,patient19094,test,1,patient19094/study11/view1_frontal.dcm,raddino_finetuned_v1,0.58984375,0.56,present,0.97705078125,0.5,present,0.87451171875,0.45,present,0.9677734375,0.453857,present,0.919921875,0.6,present,0.50830078125,0.28,present,0.1077880859375,0.33,absent,0.475830078125,0.42,present,0.102294921875,0.39,absent,0.95703125,0.62,present,0.896484375,0.35,present,0.196044921875,0.45,absent
patient19094/study12,patient19094,test,1,patient19094/study12/view1_frontal.dcm,raddino_finetuned_v1,0.35888671875,0.56,absent,0.916015625,0.5,present,0.466796875,0.45,present,0.791015625,0.453857,present,0.8642578125,0.6,present,0.2120361328125,0.28,absent,0.045440673828125,0.33,absent,0.1422119140625,0.42,absent,0.1905517578125,0.39,absent,0.87890625,0.62,present,0.73681640625,0.35,present,0.04510498046875,0.45,absent
patient19094/study6,patient19094,test,1,patient19094/study6/view1_frontal.dcm,raddino_finetuned_v1,0.8916015625,0.56,present,0.982421875,0.5,present,0.86669921875,0.45,present,0.9921875,0.453857,present,0.974609375,0.6,present,0.8330078125,0.28,present,0.09686279296875,0.33,absent,0.61279296875,0.42,present,0.360595703125,0.39,absent,0.98486328125,0.62,present,0.94287109375,0.35,present,0.380126953125,0.45,absent
patient19343/study1,patient19343,test,1,patient19343/study1/view1_frontal.dcm,raddino_finetuned_v1,0.09185791015625,0.56,absent,0.06451416015625,0.5,absent,0.0704345703125,0.45,absent,0.1260986328125,0.453857,absent,0.1619873046875,0.6,absent,0.048858642578125,0.28,absent,0.76025390625,0.33,present,0.11065673828125,0.42,absent,0.07342529296875,0.39,absent,0.187255859375,0.62,absent,0.0207977294921875,0.35,absent,0.1424560546875,0.45,absent
patient19343/study10,patient19343,test,1,patient19343/study10/view1_frontal.dcm,raddino_finetuned_v1,0.125732421875,0.56,absent,0.0296478271484375,0.5,absent,0.09808349609375,0.45,absent,0.12042236328125,0.453857,absent,0.12322998046875,0.6,absent,0.02056884765625,0.28,absent,0.78955078125,0.33,present,0.0823974609375,0.42,absent,0.10821533203125,0.39,absent,0.2462158203125,0.62,absent,0.028656005859375,0.35,absent,0.12139892578125,0.45,absent
patient19343/study11,patient19343,test,1,patient19343/study11/view1_frontal.dcm,raddino_finetuned_v1,0.06585693359375,0.56,absent,0.042633056640625,0.5,absent,0.16748046875,0.45,absent,0.14306640625,0.453857,absent,0.1285400390625,0.6,absent,0.053802490234375,0.28,absent,0.57470703125,0.33,present,0.15283203125,0.42,absent,0.1124267578125,0.39,absent,0.271728515625,0.62,absent,0.02886962890625,0.35,absent,0.14404296875,0.45,absent
patient19343/study12,patient19343,test,1,patient19343/study12/view1_frontal.dcm,raddino_finetuned_v1,0.025177001953125,0.56,absent,0.0063629150390625,0.5,absent,0.0163421630859375,0.45,absent,0.01666259765625,0.453857,absent,0.029541015625,0.6,absent,0.0188751220703125,0.28,absent,0.386474609375,0.33,present,0.01312255859375,0.42,absent,0.08648681640625,0.39,absent,0.08154296875,0.62,absent,0.006290435791015625,0.35,absent,0.06463623046875,0.45,absent
patient19389/study1,patient19389,test,1,patient19389/study1/view1_frontal.dcm,raddino_finetuned_v1,0.72607421875,0.56,present,0.6494140625,0.5,present,0.85009765625,0.45,present,0.94189453125,0.453857,present,0.509765625,0.6,absent,0.88916015625,0.28,present,0.152099609375,0.33,absent,0.4375,0.42,present,0.7216796875,0.39,present,0.9755859375,0.62,present,0.8662109375,0.35,present,0.7978515625,0.45,present
patient19389/study2,patient19389,test,1,patient19389/study2/view1_frontal.dcm,raddino_finetuned_v1,0.9384765625,0.56,present,0.88427734375,0.5,present,0.89208984375,0.45,present,0.98583984375,0.453857,present,0.94580078125,0.6,present,0.9599609375,0.28,present,0.3642578125,0.33,present,0.3916015625,0.42,absent,0.818359375,0.39,present,0.98486328125,0.62,present,0.93701171875,0.35,present,0.7685546875,0.45,present
patient19389/study3,patient19389,test,1,patient19389/study3/view1_frontal.dcm,raddino_finetuned_v1,0.9365234375,0.56,present,0.88623046875,0.5,present,0.91796875,0.45,present,0.9755859375,0.453857,present,0.9384765625,0.6,present,0.93603515625,0.28,present,0.452392578125,0.33,present,0.5107421875,0.42,present,0.8544921875,0.39,present,0.9853515625,0.62,present,0.65966796875,0.35,present,0.50146484375,0.45,present
patient19740/study1,patient19740,test,1,patient19740/study1/view1_frontal.dcm,raddino_finetuned_v1,0.075439453125,0.56,absent,0.037689208984375,0.5,absent,0.0810546875,0.45,absent,0.29443359375,0.453857,absent,0.3203125,0.6,absent,0.04876708984375,0.28,absent,0.263671875,0.33,absent,0.027801513671875,0.42,absent,0.093505859375,0.39,absent,0.53857421875,0.62,absent,0.047943115234375,0.35,absent,0.0740966796875,0.45,absent
patient19740/study10,patient19740,test,1,patient19740/study10/view1_frontal.dcm,raddino_finetuned_v1,0.0304412841796875,0.56,absent,0.014007568359375,0.5,absent,0.046630859375,0.45,absent,0.035614013671875,0.453857,absent,0.0305023193359375,0.6,absent,0.38134765625,0.28,present,0.439453125,0.33,present,0.10894775390625,0.42,absent,0.395751953125,0.39,present,0.445556640625,0.62,absent,0.0108184814453125,0.35,absent,0.50048828125,0.45,present
patient19740/study11,patient19740,test,1,patient19740/study11/view1_frontal.dcm,raddino_finetuned_v1,0.154296875,0.56,absent,0.07366943359375,0.5,absent,0.313720703125,0.45,absent,0.250244140625,0.453857,absent,0.126953125,0.6,absent,0.432373046875,0.28,present,0.32958984375,0.33,absent,0.10760498046875,0.42,absent,0.273193359375,0.39,absent,0.60986328125,0.62,absent,0.061187744140625,0.35,absent,0.337158203125,0.45,absent
patient19740/study2,patient19740,test,1,patient19740/study2/view1_frontal.dcm,raddino_finetuned_v1,0.03436279296875,0.56,absent,0.06854248046875,0.5,absent,0.26513671875,0.45,absent,0.66943359375,0.453857,present,0.7060546875,0.6,present,0.08343505859375,0.28,absent,0.59423828125,0.33,present,0.043701171875,0.42,absent,0.2386474609375,0.39,absent,0.80517578125,0.62,present,0.298828125,0.35,absent,0.100341796875,0.45,absent
patient20037/study1,patient20037,test,1,patient20037/study1/view1_frontal.dcm,raddino_finetuned_v1,0.01467132568359375,0.56,absent,0.00469970703125,0.5,absent,0.01763916015625,0.45,absent,0.0169219970703125,0.453857,absent,0.016845703125,0.6,absent,0.06243896484375,0.28,absent,0.0161590576171875,0.33,absent,0.08526611328125,0.42,absent,0.002590179443359375,0.39,absent,0.06304931640625,0.62,absent,0.0048675537109375,0.35,absent,0.009124755859375,0.45,absent
patient20037/study10,patient20037,test,1,patient20037/study10/view1_frontal.dcm,raddino_finetuned_v1,0.0127716064453125,0.56,absent,0.002140045166015625,0.5,absent,0.022979736328125,0.45,absent,0.00208282470703125,0.453857,absent,0.032958984375,0.6,absent,0.0225372314453125,0.28,absent,0.006168365478515625,0.33,absent,0.009857177734375,0.42,absent,0.00841522216796875,0.39,absent,0.0226287841796875,0.62,absent,0.0033111572265625,0.35,absent,0.0026416778564453125,0.45,absent
patient20037/study11,patient20037,test,1,patient20037/study11/view1_frontal.dcm,raddino_finetuned_v1,0.00812530517578125,0.56,absent,0.004070281982421875,0.5,absent,0.02801513671875,0.45,absent,0.0021572113037109375,0.453857,absent,0.022369384765625,0.6,absent,0.01238250732421875,0.28,absent,0.006771087646484375,0.33,absent,0.010986328125,0.42,absent,0.0038852691650390625,0.39,absent,0.017181396484375,0.62,absent,0.0035648345947265625,0.35,absent,0.00130462646484375,0.45,absent
patient20037/study12,patient20037,test,1,patient20037/study12/view1_frontal.dcm,raddino_finetuned_v1,0.0276947021484375,0.56,absent,0.0058441162109375,0.5,absent,0.00847625732421875,0.45,absent,0.00511932373046875,0.453857,absent,0.0191650390625,0.6,absent,0.0069580078125,0.28,absent,0.0153045654296875,0.33,absent,0.015777587890625,0.42,absent,0.0009398460388183594,0.39,absent,0.017913818359375,0.62,absent,0.0018033981323242188,0.35,absent,0.0010366439819335938,0.45,absent
patient20173/study1,patient20173,test,1,patient20173/study1/view1_frontal.dcm,raddino_finetuned_v1,0.035614013671875,0.56,absent,0.004665374755859375,0.5,absent,0.043609619140625,0.45,absent,0.013427734375,0.453857,absent,0.1446533203125,0.6,absent,0.134521484375,0.28,absent,0.10302734375,0.33,absent,0.0411376953125,0.42,absent,0.12322998046875,0.39,absent,0.2127685546875,0.62,absent,0.00841522216796875,0.35,absent,0.218017578125,0.45,absent
patient20173/study10,patient20173,test,1,patient20173/study10/view1_frontal.dcm,raddino_finetuned_v1,0.08038330078125,0.56,absent,0.006744384765625,0.5,absent,0.0101318359375,0.45,absent,0.0100555419921875,0.453857,absent,0.10931396484375,0.6,absent,0.0032100677490234375,0.28,absent,0.11456298828125,0.33,absent,0.1427001953125,0.42,absent,0.01312255859375,0.39,absent,0.06781005859375,0.62,absent,0.00815582275390625,0.35,absent,0.010406494140625,0.45,absent
patient20173/study11,patient20173,test,1,patient20173/study11/view1_frontal.dcm,raddino_finetuned_v1,0.09979248046875,0.56,absent,0.0023326873779296875,0.5,absent,0.08447265625,0.45,absent,0.0416259765625,0.453857,absent,0.1553955078125,0.6,absent,0.0283355712890625,0.28,absent,0.054901123046875,0.33,absent,0.08050537109375,0.42,absent,0.0301055908203125,0.39,absent,0.1473388671875,0.62,absent,0.005687713623046875,0.35,absent,0.0092315673828125,0.45,absent
patient20173/study12,patient20173,test,1,patient20173/study12/view1_frontal.dcm,raddino_finetuned_v1,0.1121826171875,0.56,absent,0.032470703125,0.5,absent,0.1207275390625,0.45,absent,0.1685791015625,0.453857,absent,0.413330078125,0.6,absent,0.0287017822265625,0.28,absent,0.295166015625,0.33,absent,0.1248779296875,0.42,absent,0.025909423828125,0.39,absent,0.1845703125,0.62,absent,0.0293121337890625,0.35,absent,0.0191192626953125,0.45,absent
patient20202/study8,patient20202,test,3,patient20202/study8/view1_frontal.dcm|patient20202/study8/view2_frontal.dcm|patient20202/study8/view3_lateral.dcm,raddino_finetuned_v1,0.4970703125,0.56,absent,0.6806640625,0.5,present,0.273193359375,0.45,absent,0.139892578125,0.453857,absent,0.82080078125,0.6,present,0.343994140625,0.28,present,0.14404296875,0.33,absent,0.388427734375,0.42,absent,0.243408203125,0.39,absent,0.7197265625,0.62,present,0.22509765625,0.35,absent,0.284912109375,0.45,absent
patient20266/study1,patient20266,test,2,patient20266/study1/view1_frontal.dcm|patient20266/study1/view2_frontal.dcm,raddino_finetuned_v1,0.00885009765625,0.56,absent,0.047332763671875,0.5,absent,0.01666259765625,0.45,absent,0.0069580078125,0.453857,absent,0.019561767578125,0.6,absent,0.0119171142578125,0.28,absent,0.01560211181640625,0.33,absent,0.0245208740234375,0.42,absent,0.01560211181640625,0.39,absent,0.04010009765625,0.62,absent,0.031982421875,0.35,absent,0.00714874267578125,0.45,absent
patient20266/study10,patient20266,test,1,patient20266/study10/view1_frontal.dcm,raddino_finetuned_v1,0.0106964111328125,0.56,absent,0.08587646484375,0.5,absent,0.01837158203125,0.45,absent,0.0240478515625,0.453857,absent,0.018798828125,0.6,absent,0.0117340087890625,0.28,absent,0.0374755859375,0.33,absent,0.0089874267578125,0.42,absent,0.024993896484375,0.39,absent,0.03704833984375,0.62,absent,0.0279083251953125,0.35,absent,0.0177154541015625,0.45,absent
patient20266/study11,patient20266,test,1,patient20266/study11/view1_frontal.dcm,raddino_finetuned_v1,0.00948333740234375,0.56,absent,0.09417724609375,0.5,absent,0.017242431640625,0.45,absent,0.0274810791015625,0.453857,absent,0.0181884765625,0.6,absent,0.01073455810546875,0.28,absent,0.0127716064453125,0.33,absent,0.01363372802734375,0.42,absent,0.01137542724609375,0.39,absent,0.039642333984375,0.62,absent,0.037750244140625,0.35,absent,0.005344390869140625,0.45,absent
patient20266/study12,patient20266,test,3,patient20266/study12/view1_frontal.dcm|patient20266/study12/view2_frontal.dcm|patient20266/study12/view3_lateral.dcm,raddino_finetuned_v1,0.281982421875,0.56,absent,0.1910400390625,0.5,absent,0.317626953125,0.45,absent,0.10284423828125,0.453857,absent,0.75390625,0.6,present,0.65576171875,0.28,present,0.134765625,0.33,absent,0.388427734375,0.42,absent,0.476806640625,0.39,present,0.73583984375,0.62,present,0.149169921875,0.35,absent,0.496826171875,0.45,present
patient20848/study5,patient20848,test,1,patient20848/study5/view1_frontal.dcm,raddino_finetuned_v1,0.00494384765625,0.56,absent,0.00490570068359375,0.5,absent,0.015716552734375,0.45,absent,0.006290435791015625,0.453857,absent,0.01061248779296875,0.6,absent,0.00669097900390625,0.28,absent,0.0023136138916015625,0.33,absent,0.004364013671875,0.42,absent,0.0015363693237304688,0.39,absent,0.0188751220703125,0.62,absent,0.006824493408203125,0.35,absent,0.0021076202392578125,0.45,absent
patient20917/study15,patient20917,test,1,patient20917/study15/view1_frontal.dcm,raddino_finetuned_v1,0.049591064453125,0.56,absent,0.028106689453125,0.5,absent,0.29296875,0.45,absent,0.20166015625,0.453857,absent,0.09588623046875,0.6,absent,0.1070556640625,0.28,absent,0.019683837890625,0.33,absent,0.02001953125,0.42,absent,0.055419921875,0.39,absent,0.1673583984375,0.62,absent,0.115966796875,0.35,absent,0.06549072265625,0.45,absent
patient20917/study26,patient20917,test,1,patient20917/study26/view1_frontal.dcm,raddino_finetuned_v1,0.206787109375,0.56,absent,0.059967041015625,0.5,absent,0.263916015625,0.45,absent,0.363525390625,0.453857,absent,0.241455078125,0.6,absent,0.161376953125,0.28,absent,0.09637451171875,0.33,absent,0.085693359375,0.42,absent,0.050140380859375,0.39,absent,0.239013671875,0.62,absent,0.212890625,0.35,absent,0.0304412841796875,0.45,absent
patient20917/study32,patient20917,test,2,patient20917/study32/view1_frontal.dcm|patient20917/study32/view2_lateral.dcm,raddino_finetuned_v1,0.689453125,0.56,present,0.5107421875,0.5,present,0.7158203125,0.45,present,0.474853515625,0.453857,present,0.9248046875,0.6,present,0.5478515625,0.28,present,0.24560546875,0.33,absent,0.78271484375,0.42,present,0.576171875,0.39,present,0.85791015625,0.62,present,0.497314453125,0.35,present,0.72021484375,0.45,present
patient21031/study1,patient21031,test,1,patient21031/study1/view1_frontal.dcm,raddino_finetuned_v1,0.0179901123046875,0.56,absent,0.278076171875,0.5,absent,0.14599609375,0.45,absent,0.456298828125,0.453857,present,0.1202392578125,0.6,absent,0.1414794921875,0.28,absent,0.07135009765625,0.33,absent,0.0309600830078125,0.42,absent,0.0266571044921875,0.39,absent,0.377197265625,0.62,absent,0.1673583984375,0.35,absent,0.15380859375,0.45,absent
patient21031/study10,patient21031,test,2,patient21031/study10/view1_frontal.dcm|patient21031/study10/view2_lateral.dcm,raddino_finetuned_v1,0.0164642333984375,0.56,absent,0.0299835205078125,0.5,absent,0.03875732421875,0.45,absent,0.04400634765625,0.453857,absent,0.060760498046875,0.6,absent,0.06561279296875,0.28,absent,0.1553955078125,0.33,absent,0.04132080078125,0.42,absent,0.061187744140625,0.39,absent,0.25048828125,0.62,absent,0.018341064453125,0.35,absent,0.0938720703125,0.45,absent
patient21031/study2,patient21031,test,1,patient21031/study2/view1_frontal.dcm,raddino_finetuned_v1,0.04779052734375,0.56,absent,0.03643798828125,0.5,absent,0.110107421875,0.45,absent,0.1798095703125,0.453857,absent,0.06915283203125,0.6,absent,0.0247039794921875,0.28,absent,0.1070556640625,0.33,absent,0.0250396728515625,0.42,absent,0.0294189453125,0.39,absent,0.26953125,0.62,absent,0.029541015625,0.35,absent,0.054901123046875,0.45,absent
patient21031/study3,patient21031,test,1,patient21031/study3/view1_frontal.dcm,raddino_finetuned_v1,0.01495361328125,0.56,absent,0.1597900390625,0.5,absent,0.042236328125,0.45,absent,0.2440185546875,0.453857,absent,0.207275390625,0.6,absent,0.0083465576171875,0.28,absent,0.09332275390625,0.33,absent,0.01560211181640625,0.42,absent,0.0110321044921875,0.39,absent,0.208984375,0.62,absent,0.02685546875,0.35,absent,0.018096923828125,0.45,absent
patient21102/study1,patient21102,test,2,patient21102/study1/view1_frontal.dcm|patient21102/study1/view2_lateral.dcm,raddino_finetuned_v1,0.287841796875,0.56,absent,0.7685546875,0.5,present,0.1376953125,0.45,absent,0.330078125,0.453857,absent,0.6162109375,0.6,present,0.4033203125,0.28,present,0.1588134765625,0.33,absent,0.129638671875,0.42,absent,0.159423828125,0.39,absent,0.65087890625,0.62,present,0.1878662109375,0.35,absent,0.406005859375,0.45,absent
patient21102/study10,patient21102,test,1,patient21102/study10/view1_frontal.dcm,raddino_finetuned_v1,0.1275634765625,0.56,absent,0.1607666015625,0.5,absent,0.07989501953125,0.45,absent,0.252685546875,0.453857,absent,0.1439208984375,0.6,absent,0.23779296875,0.28,absent,0.06427001953125,0.33,absent,0.140625,0.42,absent,0.0260009765625,0.39,absent,0.451171875,0.62,absent,0.044189453125,0.35,absent,0.040252685546875,0.45,absent
patient21102/study11,patient21102,test,1,patient21102/study11/view1_frontal.dcm,raddino_finetuned_v1,0.48876953125,0.56,absent,0.380126953125,0.5,absent,0.32177734375,0.45,absent,0.393310546875,0.453857,absent,0.158203125,0.6,absent,0.66064453125,0.28,present,0.040985107421875,0.33,absent,0.1868896484375,0.42,absent,0.250244140625,0.39,absent,0.58642578125,0.62,absent,0.09271240234375,0.35,absent,0.033905029296875,0.45,absent
patient21102/study12,patient21102,test,1,patient21102/study12/view1_frontal.dcm,raddino_finetuned_v1,0.2237548828125,0.56,absent,0.229736328125,0.5,absent,0.1627197265625,0.45,absent,0.25732421875,0.453857,absent,0.177001953125,0.6,absent,0.26611328125,0.28,absent,0.046722412109375,0.33,absent,0.3095703125,0.42,absent,0.05072021484375,0.39,absent,0.482177734375,0.62,absent,0.039642333984375,0.35,absent,0.056121826171875,0.45,absent
patient21125/study1,patient21125,test,1,patient21125/study1/view1_frontal.dcm,raddino_finetuned_v1,0.603515625,0.56,present,0.703125,0.5,present,0.2218017578125,0.45,absent,0.43603515625,0.453857,absent,0.765625,0.6,present,0.163818359375,0.28,absent,0.115966796875,0.33,absent,0.370849609375,0.42,absent,0.25732421875,0.39,absent,0.7626953125,0.62,present,0.8046875,0.35,present,0.80224609375,0.45,present
patient21125/study4,patient21125,test,1,patient21125/study4/view1_frontal.dcm,raddino_finetuned_v1,0.7021484375,0.56,present,0.76806640625,0.5,present,0.75634765625,0.45,present,0.56396484375,0.453857,present,0.80810546875,0.6,present,0.321044921875,0.28,present,0.043609619140625,0.33,absent,0.455078125,0.42,present,0.09320068359375,0.39,absent,0.83837890625,0.62,present,0.650390625,0.35,present,0.71728515625,0.45,present
patient21240/study1,patient21240,test,1,patient21240/study1/view1_frontal.dcm,raddino_finetuned_v1,0.015838623046875,0.56,absent,0.0836181640625,0.5,absent,0.00881195068359375,0.45,absent,0.033905029296875,0.453857,absent,0.01177978515625,0.6,absent,0.0240936279296875,0.28,absent,0.01233673095703125,0.33,absent,0.0090179443359375,0.42,absent,0.015838623046875,0.39,absent,0.0293731689453125,0.62,absent,0.0232391357421875,0.35,absent,0.05780029296875,0.45,absent
patient21240/study10,patient21240,test,1,patient21240/study10/view1_frontal.dcm,raddino_finetuned_v1,0.5146484375,0.56,absent,0.1800537109375,0.5,absent,0.61474609375,0.45,present,0.39013671875,0.453857,absent,0.64794921875,0.6,present,0.33642578125,0.28,present,0.15625,0.33,absent,0.365478515625,0.42,absent,0.11376953125,0.39,absent,0.8037109375,0.62,present,0.304443359375,0.35,absent,0.037689208984375,0.45,absent
patient21240/study11,patient21240,test,1,patient21240/study11/view1_frontal.dcm,raddino_finetuned_v1,0.43310546875,0.56,absent,0.06524658203125,0.5,absent,0.155029296875,0.45,absent,0.44189453125,0.453857,absent,0.56787109375,0.6,absent,0.020843505859375,0.28,absent,0.5546875,0.33,present,0.12359619140625,0.42,absent,0.103759765625,0.39,absent,0.49169921875,0.62,absent,0.284423828125,0.35,absent,0.0115966796875,0.45,absent
patient21240/study12,patient21240,test,1,patient21240/study12/view1_frontal.dcm,raddino_finetuned_v1,0.7216796875,0.56,present,0.1739501953125,0.5,absent,0.472412109375,0.45,present,0.339599609375,0.453857,absent,0.744140625,0.6,present,0.2252197265625,0.28,absent,0.470947265625,0.33,present,0.2237548828125,0.42,absent,0.1749267578125,0.39,absent,0.7666015625,0.62,present,0.5546875,0.35,present,0.120849609375,0.45,absent
patient21241/study19,patient21241,test,1,patient21241/study19/view1_frontal.dcm,raddino_finetuned_v1,0.368896484375,0.56,absent,0.6025390625,0.5,present,0.321044921875,0.45,absent,0.52587890625,0.453857,present,0.40771484375,0.6,absent,0.2366943359375,0.28,absent,0.232666015625,0.33,absent,0.302734375,0.42,absent,0.04620361328125,0.39,absent,0.76708984375,0.62,present,0.306396484375,0.35,absent,0.395751953125,0.45,absent
patient21351/study2,patient21351,test,1,patient21351/study2/view1_frontal.dcm,raddino_finetuned_v1,0.0147857666015625,0.56,absent,0.1307373046875,0.5,absent,0.0321044921875,0.45,absent,0.2386474609375,0.453857,absent,0.11981201171875,0.6,absent,0.15966796875,0.28,absent,0.01490020751953125,0.33,absent,0.018585205078125,0.42,absent,0.00864410400390625,0.39,absent,0.13720703125,0.62,absent,0.025665283203125,0.35,absent,0.00933837890625,0.45,absent
patient21351/study5,patient21351,test,2,patient21351/study5/view1_frontal.dcm|patient21351/study5/view2_lateral.dcm,raddino_finetuned_v1,0.046722412109375,0.56,absent,0.06451416015625,0.5,absent,0.055206298828125,0.45,absent,0.016021728515625,0.453857,absent,0.1798095703125,0.6,absent,0.145263671875,0.28,absent,0.01490020751953125,0.33,absent,0.04132080078125,0.42,absent,0.06512451171875,0.39,absent,0.1517333984375,0.62,absent,0.02001953125,0.35,absent,0.0379638671875,0.45,absent
patient21400/study3,patient21400,test,2,patient21400/study3/view1_frontal.dcm|patient21400/study3/view2_lateral.dcm,raddino_finetuned_v1,0.5986328125,0.56,present,0.1256103515625,0.5,absent,0.345947265625,0.45,absent,0.254638671875,0.453857,absent,0.67431640625,0.6,present,0.6552734375,0.28,present,0.09857177734375,0.33,absent,0.433837890625,0.42,present,0.75927734375,0.39,present,0.7763671875,0.62,present,0.095703125,0.35,absent,0.6142578125,0.45,present
patient21414/study1,patient21414,test,1,patient21414/study1/view1_frontal.dcm,raddino_finetuned_v1,0.09979248046875,0.56,absent,0.0723876953125,0.5,absent,0.08740234375,0.45,absent,0.11737060546875,0.453857,absent,0.041229248046875,0.6,absent,0.0192413330078125,0.28,absent,0.0177764892578125,0.33,absent,0.04949951171875,0.42,absent,0.154296875,0.39,absent,0.13525390625,0.62,absent,0.042877197265625,0.35,absent,0.06396484375,0.45,absent
patient21414/study10,patient21414,test,1,patient21414/study10/view1_frontal.dcm,raddino_finetuned_v1,0.2032470703125,0.56,absent,0.486328125,0.5,absent,0.423095703125,0.45,absent,0.465087890625,0.453857,present,0.243408203125,0.6,absent,0.1407470703125,0.28,absent,0.080810546875,0.33,absent,0.04376220703125,0.42,absent,0.383544921875,0.39,absent,0.6025390625,0.62,absent,0.479736328125,0.35,present,0.2333984375,0.45,absent
patient21414/study11,patient21414,test,1,patient21414/study11/view1_frontal.dcm,raddino_finetuned_v1,0.1114501953125,0.56,absent,0.369384765625,0.5,absent,0.148681640625,0.45,absent,0.15185546875,0.453857,absent,0.1265869140625,0.6,absent,0.10107421875,0.28,absent,0.0240020751953125,0.33,absent,0.048858642578125,0.42,absent,0.183349609375,0.39,absent,0.317138671875,0.62,absent,0.3525390625,0.35,present,0.0830078125,0.45,absent
patient21414/study12,patient21414,test,1,patient21414/study12/view1_frontal.dcm,raddino_finetuned_v1,0.59521484375,0.56,present,0.63623046875,0.5,present,0.499755859375,0.45,present,0.732421875,0.453857,present,0.41796875,0.6,absent,0.188232421875,0.28,absent,0.151123046875,0.33,absent,0.1318359375,0.42,absent,0.42431640625,0.39,present,0.771484375,0.62,present,0.64501953125,0.35,present,0.1580810546875,0.45,absent
patient21565/study16,patient21565,test,1,patient21565/study16/view1_frontal.dcm,raddino_finetuned_v1,0.01406097412109375,0.56,absent,0.0050201416015625,0.5,absent,0.006771087646484375,0.45,absent,0.0190582275390625,0.453857,absent,0.06231689453125,0.6,absent,0.0035114288330078125,0.28,absent,0.0100555419921875,0.33,absent,0.0083465576171875,0.42,absent,0.005428314208984375,0.39,absent,0.03704833984375,0.62,absent,0.01116180419921875,0.35,absent,0.0055999755859375,0.45,absent
patient21565/study17,patient21565,test,1,patient21565/study17/view1_frontal.dcm,raddino_finetuned_v1,0.00609588623046875,0.56,absent,0.003749847412109375,0.5,absent,0.0112457275390625,0.45,absent,0.0115509033203125,0.453857,absent,0.051361083984375,0.6,absent,0.00815582275390625,0.28,absent,0.00469970703125,0.33,absent,0.00841522216796875,0.42,absent,0.0023593902587890625,0.39,absent,0.019195556640625,0.62,absent,0.004150390625,0.35,absent,0.005138397216796875,0.45,absent
patient21565/study18,patient21565,test,1,patient21565/study18/view1_frontal.dcm,raddino_finetuned_v1,0.0032863616943359375,0.56,absent,0.005706787109375,0.5,absent,0.00455474853515625,0.45,absent,0.0194244384765625,0.453857,absent,0.029144287109375,0.6,absent,0.004886627197265625,0.28,absent,0.0125274658203125,0.33,absent,0.00787353515625,0.42,absent,0.0037078857421875,0.39,absent,0.0313720703125,0.62,absent,0.0031719207763671875,0.35,absent,0.0029125213623046875,0.45,absent
patient21565/study19,patient21565,test,1,patient21565/study19/view1_frontal.dcm,raddino_finetuned_v1,0.00734710693359375,0.56,absent,0.01078033447265625,0.5,absent,0.00812530517578125,0.45,absent,0.05242919921875,0.453857,absent,0.0374755859375,0.6,absent,0.004215240478515625,0.28,absent,0.00861358642578125,0.33,absent,0.017181396484375,0.42,absent,0.0011205673217773438,0.39,absent,0.021697998046875,0.62,absent,0.0020999908447265625,0.35,absent,0.00284576416015625,0.45,absent
patient21682/study1,patient21682,test,1,patient21682/study1/view1_frontal.dcm,raddino_finetuned_v1,0.91162109375,0.56,present,0.4013671875,0.5,absent,0.904296875,0.45,present,0.8818359375,0.453857,present,0.39404296875,0.6,absent,0.463623046875,0.28,present,0.2060546875,0.33,absent,0.1798095703125,0.42,absent,0.1546630859375,0.39,absent,0.74560546875,0.62,present,0.396240234375,0.35,present,0.1455078125,0.45,absent
patient21682/study4,patient21682,test,1,patient21682/study4/view1_frontal.dcm,raddino_finetuned_v1,0.98974609375,0.56,present,0.96435546875,0.5,present,0.89111328125,0.45,present,0.95849609375,0.453857,present,0.98046875,0.6,present,0.465576171875,0.28,present,0.9501953125,0.33,present,0.86328125,0.42,present,0.6630859375,0.39,present,0.98583984375,0.62,present,0.97607421875,0.35,present,0.7353515625,0.45,present
patient21682/study5,patient21682,test,1,patient21682/study5/view1_frontal.dcm,raddino_finetuned_v1,0.82275390625,0.56,present,0.89892578125,0.5,present,0.47705078125,0.45,present,0.744140625,0.453857,present,0.865234375,0.6,present,0.34521484375,0.28,present,0.8017578125,0.33,present,0.53173828125,0.42,present,0.226318359375,0.39,absent,0.93408203125,0.62,present,0.56982421875,0.35,present,0.5498046875,0.45,present
patient21682/study7,patient21682,test,2,patient21682/study7/view1_frontal.dcm|patient21682/study7/view2_lateral.dcm,raddino_finetuned_v1,0.77685546875,0.56,present,0.471435546875,0.5,absent,0.471435546875,0.45,present,0.1358642578125,0.453857,absent,0.94921875,0.6,present,0.6220703125,0.28,present,0.6142578125,0.33,present,0.716796875,0.42,present,0.66845703125,0.39,present,0.87451171875,0.62,present,0.33056640625,0.35,absent,0.82568359375,0.45,present
patient21703/study1,patient21703,test,1,patient21703/study1/view1_frontal.dcm,raddino_finetuned_v1,0.1590576171875,0.56,absent,0.338134765625,0.5,absent,0.16162109375,0.45,absent,0.484130859375,0.453857,present,0.277587890625,0.6,absent,0.010406494140625,0.28,absent,0.00885009765625,0.33,absent,0.02337646484375,0.42,absent,0.006565093994140625,0.39,absent,0.218505859375,0.62,absent,0.139404296875,0.35,absent,0.00634002685546875,0.45,absent
patient21703/study10,patient21703,test,1,patient21703/study10/view1_frontal.dcm,raddino_finetuned_v1,0.049774169921875,0.56,absent,0.10357666015625,0.5,absent,0.0457763671875,0.45,absent,0.11181640625,0.453857,absent,0.05450439453125,0.6,absent,0.0290374755859375,0.28,absent,0.0153656005859375,0.33,absent,0.03802490234375,0.42,absent,0.024383544921875,0.39,absent,0.1436767578125,0.62,absent,0.203857421875,0.35,absent,0.0330810546875,0.45,absent
patient21703/study11,patient21703,test,1,patient21703/study11/view1_frontal.dcm,raddino_finetuned_v1,0.042572021484375,0.56,absent,0.66015625,0.5,present,0.1561279296875,0.45,absent,0.2105712890625,0.453857,absent,0.16259765625,0.6,absent,0.0177154541015625,0.28,absent,0.033477783203125,0.33,absent,0.01473236083984375,0.42,absent,0.003147125244140625,0.39,absent,0.11126708984375,0.62,absent,0.10052490234375,0.35,absent,0.01214599609375,0.45,absent
patient21703/study12,patient21703,test,1,patient21703/study12/view1_frontal.dcm,raddino_finetuned_v1,0.01490020751953125,0.56,absent,0.06256103515625,0.5,absent,0.044097900390625,0.45,absent,0.048583984375,0.453857,absent,0.030792236328125,0.6,absent,0.002140045166015625,0.28,absent,0.01490020751953125,0.33,absent,0.006145477294921875,0.42,absent,0.00494384765625,0.39,absent,0.0302734375,0.62,absent,0.041778564453125,0.35,absent,0.003749847412109375,0.45,absent
patient21759/study2,patient21759,test,1,patient21759/study2/view1_frontal.dcm,raddino_finetuned_v1,0.05059814453125,0.56,absent,0.04595947265625,0.5,absent,0.0197601318359375,0.45,absent,0.116943359375,0.453857,absent,0.06964111328125,0.6,absent,0.034820556640625,0.28,absent,0.0094146728515625,0.33,absent,0.03271484375,0.42,absent,0.02838134765625,0.39,absent,0.140380859375,0.62,absent,0.0509033203125,0.35,absent,0.04046630859375,0.45,absent
patient21759/study8,patient21759,test,3,patient21759/study8/view1_frontal.dcm|patient21759/study8/view2_lateral.dcm|patient21759/study8/view3_lateral.dcm,raddino_finetuned_v1,0.93994140625,0.56,present,0.71533203125,0.5,present,0.876953125,0.45,present,0.57763671875,0.453857,present,0.98583984375,0.6,present,0.84033203125,0.28,present,0.71337890625,0.33,present,0.951171875,0.42,present,0.91748046875,0.39,present,0.9853515625,0.62,present,0.65185546875,0.35,present,0.94921875,0.45,present
patient21899/study10,patient21899,test,1,patient21899/study10/view1_frontal.dcm,raddino_finetuned_v1,0.272705078125,0.56,absent,0.106689453125,0.5,absent,0.693359375,0.45,present,0.325439453125,0.453857,absent,0.76171875,0.6,present,0.358642578125,0.28,present,0.69970703125,0.33,present,0.26904296875,0.42,absent,0.4736328125,0.39,present,0.90283203125,0.62,present,0.12408447265625,0.35,absent,0.56494140625,0.45,present
patient21899/study3,patient21899,test,2,patient21899/study3/view1_frontal.dcm|patient21899/study3/view2_lateral.dcm,raddino_finetuned_v1,0.6826171875,0.56,present,0.05419921875,0.5,absent,0.7900390625,0.45,present,0.1571044921875,0.453857,absent,0.77880859375,0.6,present,0.94921875,0.28,present,0.3525390625,0.33,present,0.327880859375,0.42,absent,0.95947265625,0.39,present,0.919921875,0.62,present,0.06634521484375,0.35,absent,0.875,0.45,present
patient21899/study5,patient21899,test,2,patient21899/study5/view1_frontal.dcm|patient21899/study5/view2_lateral.dcm,raddino_finetuned_v1,0.6240234375,0.56,present,0.045867919921875,0.5,absent,0.50439453125,0.45,present,0.2135009765625,0.453857,absent,0.783203125,0.6,present,0.76318359375,0.28,present,0.270751953125,0.33,absent,0.6064453125,0.42,present,0.88134765625,0.39,present,0.91162109375,0.62,present,0.06536865234375,0.35,absent,0.841796875,0.45,present
patient22094/study1,patient22094,test,1,patient22094/study1/view1_frontal.dcm,raddino_finetuned_v1,0.0765380859375,0.56,absent,0.012481689453125,0.5,absent,0.1175537109375,0.45,absent,0.0762939453125,0.453857,absent,0.0755615234375,0.6,absent,0.09075927734375,0.28,absent,0.0618896484375,0.33,absent,0.228515625,0.42,absent,0.2337646484375,0.39,absent,0.30224609375,0.62,absent,0.06396484375,0.35,absent,0.429931640625,0.45,absent
patient22216/study1,patient22216,test,1,patient22216/study1/view1_frontal.dcm,raddino_finetuned_v1,0.132568359375,0.56,absent,0.11456298828125,0.5,absent,0.54052734375,0.45,present,0.408935546875,0.453857,absent,0.312255859375,0.6,absent,0.455810546875,0.28,present,0.1531982421875,0.33,absent,0.299560546875,0.42,absent,0.08465576171875,0.39,absent,0.7939453125,0.62,present,0.0252685546875,0.35,absent,0.376953125,0.45,absent
patient22216/study10,patient22216,test,1,patient22216/study10/view1_frontal.dcm,raddino_finetuned_v1,0.01483917236328125,0.56,absent,0.1925048828125,0.5,absent,0.0548095703125,0.45,absent,0.386962890625,0.453857,absent,0.226806640625,0.6,absent,0.061431884765625,0.28,absent,0.017242431640625,0.33,absent,0.021209716796875,0.42,absent,0.0364990234375,0.39,absent,0.26513671875,0.62,absent,0.1529541015625,0.35,absent,0.240478515625,0.45,absent
patient22216/study11,patient22216,test,1,patient22216/study11/view1_frontal.dcm,raddino_finetuned_v1,0.080810546875,0.56,absent,0.54541015625,0.5,present,0.331787109375,0.45,absent,0.44970703125,0.453857,absent,0.376708984375,0.6,absent,0.09552001953125,0.28,absent,0.0173797607421875,0.33,absent,0.0943603515625,0.42,absent,0.059112548828125,0.39,absent,0.404052734375,0.62,absent,0.382568359375,0.35,present,0.0784912109375,0.45,absent
patient22216/study12,patient22216,test,1,patient22216/study12/view1_frontal.dcm,raddino_finetuned_v1,0.0154876708984375,0.56,absent,0.3349609375,0.5,absent,0.06646728515625,0.45,absent,0.392822265625,0.453857,absent,0.384765625,0.6,absent,0.054595947265625,0.28,absent,0.01078033447265625,0.33,absent,0.0200653076171875,0.42,absent,0.07611083984375,0.39,absent,0.30517578125,0.62,absent,0.466064453125,0.35,present,0.079345703125,0.45,absent
patient22231/study2,patient22231,test,1,patient22231/study2/view1_frontal.dcm,raddino_finetuned_v1,0.4853515625,0.56,absent,0.68505859375,0.5,present,0.671875,0.45,present,0.599609375,0.453857,present,0.7099609375,0.6,present,0.1802978515625,0.28,absent,0.040313720703125,0.33,absent,0.300537109375,0.42,absent,0.0640869140625,0.39,absent,0.6123046875,0.62,absent,0.65478515625,0.35,present,0.09808349609375,0.45,absent
patient22231/study5,patient22231,test,1,patient22231/study5/view1_frontal.dcm,raddino_finetuned_v1,0.386474609375,0.56,absent,0.2310791015625,0.5,absent,0.397705078125,0.45,absent,0.4345703125,0.453857,absent,0.463623046875,0.6,absent,0.08050537109375,0.28,absent,0.1822509765625,0.33,absent,0.353515625,0.42,absent,0.1202392578125,0.39,absent,0.689453125,0.62,present,0.5625,0.35,present,0.1278076171875,0.45,absent
patient22231/study7,patient22231,test,2,patient22231/study7/view1_frontal.dcm|patient22231/study7/view2_lateral.dcm,raddino_finetuned_v1,0.15771484375,0.56,absent,0.06536865234375,0.5,absent,0.189208984375,0.45,absent,0.039642333984375,0.453857,absent,0.58935546875,0.6,absent,0.297607421875,0.28,present,0.0330810546875,0.33,absent,0.31982421875,0.42,absent,0.338623046875,0.39,absent,0.54638671875,0.62,absent,0.0703125,0.35,absent,0.568359375,0.45,present
patient22287/study1,patient22287,test,1,patient22287/study1/view1_frontal.dcm,raddino_finetuned_v1,0.0975341796875,0.56,absent,0.005260467529296875,0.5,absent,0.1610107421875,0.45,absent,0.0223236083984375,0.453857,absent,0.1776123046875,0.6,absent,0.035675048828125,0.28,absent,0.044281005859375,0.33,absent,0.07464599609375,0.42,absent,0.06866455078125,0.39,absent,0.1717529296875,0.62,absent,0.00498199462890625,0.35,absent,0.007289886474609375,0.45,absent
patient22289/study2,patient22289,test,2,patient22289/study2/view1_frontal.dcm|patient22289/study2/view2_lateral.dcm,raddino_finetuned_v1,0.11260986328125,0.56,absent,0.230712890625,0.5,absent,0.31787109375,0.45,absent,0.179931640625,0.453857,absent,0.41357421875,0.6,absent,0.357177734375,0.28,present,0.045257568359375,0.33,absent,0.1895751953125,0.42,absent,0.345703125,0.39,absent,0.619140625,0.62,absent,0.0953369140625,0.35,absent,0.34765625,0.45,absent
patient22289/study25,patient22289,test,2,patient22289/study25/view1_frontal.dcm|patient22289/study25/view2_frontal.dcm,raddino_finetuned_v1,0.1171875,0.56,absent,0.1435546875,0.5,absent,0.247314453125,0.45,absent,0.1495361328125,0.453857,absent,0.5361328125,0.6,absent,0.06634521484375,0.28,absent,0.01287078857421875,0.33,absent,0.091552734375,0.42,absent,0.0188751220703125,0.39,absent,0.462158203125,0.62,absent,0.0243377685546875,0.35,absent,0.0723876953125,0.45,absent
patient22289/study26,patient22289,test,1,patient22289/study26/view1_frontal.dcm,raddino_finetuned_v1,0.0120086669921875,0.56,absent,0.00766754150390625,0.5,absent,0.0206451416015625,0.45,absent,0.037811279296875,0.453857,absent,0.06756591796875,0.6,absent,0.0162811279296875,0.28,absent,0.00844573974609375,0.33,absent,0.007038116455078125,0.42,absent,0.00547027587890625,0.39,absent,0.05572509765625,0.62,absent,0.0230712890625,0.35,absent,0.0070953369140625,0.45,absent
patient22623/study1,patient22623,test,2,patient22623/study1/view1_frontal.dcm|patient22623/study1/view2_lateral.dcm,raddino_finetuned_v1,0.947265625,0.56,present,0.08331298828125,0.5,absent,0.91015625,0.45,present,0.2076416015625,0.453857,absent,0.978515625,0.6,present,0.8720703125,0.28,present,0.654296875,0.33,present,0.94384765625,0.42,present,0.98828125,0.39,present,0.98486328125,0.62,present,0.10125732421875,0.35,absent,0.9384765625,0.45,present
patient22787/study1,patient22787,test,1,patient22787/study1/view1_frontal.dcm,raddino_finetuned_v1,0.034027099609375,0.56,absent,0.124755859375,0.5,absent,0.06597900390625,0.45,absent,0.036224365234375,0.453857,absent,0.03033447265625,0.6,absent,0.027008056640625,0.28,absent,0.0313720703125,0.33,absent,0.049041748046875,0.42,absent,0.08819580078125,0.39,absent,0.055816650390625,0.62,absent,0.02606201171875,0.35,absent,0.052825927734375,0.45,absent
patient22787/study2,patient22787,test,2,patient22787/study2/view1_frontal.dcm|patient22787/study2/view2_lateral.dcm,raddino_finetuned_v1,0.181640625,0.56,absent,0.20751953125,0.5,absent,0.14892578125,0.45,absent,0.0323486328125,0.453857,absent,0.28125,0.6,absent,0.28662109375,0.28,present,0.0618896484375,0.33,absent,0.348388671875,0.42,absent,0.363037109375,0.39,absent,0.50634765625,0.62,absent,0.06829833984375,0.35,absent,0.35107421875,0.45,absent
patient23117/study1,patient23117,test,1,patient23117/study1/view1_frontal.dcm,raddino_finetuned_v1,0.265380859375,0.56,absent,0.11029052734375,0.5,absent,0.54150390625,0.45,present,0.400634765625,0.453857,absent,0.07989501953125,0.6,absent,0.2176513671875,0.28,absent,0.56005859375,0.33,present,0.3603515625,0.42,absent,0.07977294921875,0.39,absent,0.45849609375,0.62,absent,0.07366943359375,0.35,absent,0.1134033203125,0.45,absent
patient23117/study2,patient23117,test,1,patient23117/study2/view1_frontal.dcm,raddino_finetuned_v1,0.4111328125,0.56,absent,0.20556640625,0.5,absent,0.492431640625,0.45,present,0.395751953125,0.453857,absent,0.237548828125,0.6,absent,0.351806640625,0.28,present,0.8173828125,0.33,present,0.5751953125,0.42,present,0.329833984375,0.39,absent,0.6328125,0.62,present,0.09075927734375,0.35,absent,0.330810546875,0.45,absent
patient23117/study3,patient23117,test,1,patient23117/study3/view1_frontal.dcm,raddino_finetuned_v1,0.68701171875,0.56,present,0.669921875,0.5,present,0.87255859375,0.45,present,0.81689453125,0.453857,present,0.86962890625,0.6,present,0.53076171875,0.28,present,0.951171875,0.33,present,0.94482421875,0.42,present,0.43212890625,0.39,present,0.9052734375,0.62,present,0.12274169921875,0.35,absent,0.5712890625,0.45,present
patient23358/study4,patient23358,test,2,patient23358/study4/view1_frontal.dcm|patient23358/study4/view2_lateral.dcm,raddino_finetuned_v1,0.3525390625,0.56,absent,0.5048828125,0.5,present,0.447021484375,0.45,absent,0.281982421875,0.453857,absent,0.90087890625,0.6,present,0.63037109375,0.28,present,0.07977294921875,0.33,absent,0.5087890625,0.42,present,0.403076171875,0.39,present,0.8349609375,0.62,present,0.173095703125,0.35,absent,0.77294921875,0.45,present
patient23384/study1,patient23384,test,2,patient23384/study1/view1_frontal.dcm|patient23384/study1/view2_lateral.dcm,raddino_finetuned_v1,0.434814453125,0.56,absent,0.2371826171875,0.5,absent,0.5625,0.45,present,0.1876220703125,0.453857,absent,0.63134765625,0.6,present,0.703125,0.28,present,0.2115478515625,0.33,absent,0.46142578125,0.42,present,0.81103515625,0.39,present,0.7978515625,0.62,present,0.182373046875,0.35,absent,0.81005859375,0.45,present
patient23448/study1,patient23448,test,2,patient23448/study1/view1_frontal.dcm|patient23448/study1/view2_frontal.dcm,raddino_finetuned_v1,0.1883544921875,0.56,absent,0.12420654296875,0.5,absent,0.06439208984375,0.45,absent,0.11578369140625,0.453857,absent,0.1273193359375,0.6,absent,0.189697265625,0.28,absent,0.0223236083984375,0.33,absent,0.06280517578125,0.42,absent,0.3037109375,0.39,absent,0.517578125,0.62,absent,0.06304931640625,0.35,absent,0.0794677734375,0.45,absent
patient23448/study10,patient23448,test,1,patient23448/study10/view1_frontal.dcm,raddino_finetuned_v1,0.06658935546875,0.56,absent,0.024932861328125,0.5,absent,0.04534912109375,0.45,absent,0.0343017578125,0.453857,absent,0.044342041015625,0.6,absent,0.0099334716796875,0.28,absent,0.004627227783203125,0.33,absent,0.0137939453125,0.42,absent,0.004398345947265625,0.39,absent,0.049407958984375,0.62,absent,0.004150390625,0.35,absent,0.010009765625,0.45,absent
patient23448/study11,patient23448,test,1,patient23448/study11/view1_frontal.dcm,raddino_finetuned_v1,0.0309600830078125,0.56,absent,0.0200653076171875,0.5,absent,0.026153564453125,0.45,absent,0.02880859375,0.453857,absent,0.0258026123046875,0.6,absent,0.004199981689453125,0.28,absent,0.0025806427001953125,0.33,absent,0.018402099609375,0.42,absent,0.0015192031860351562,0.39,absent,0.05560302734375,0.62,absent,0.008880615234375,0.35,absent,0.011871337890625,0.45,absent
patient23448/study12,patient23448,test,1,patient23448/study12/view1_frontal.dcm,raddino_finetuned_v1,0.1771240234375,0.56,absent,0.047149658203125,0.5,absent,0.04351806640625,0.45,absent,0.10595703125,0.453857,absent,0.2001953125,0.6,absent,0.0189361572265625,0.28,absent,0.006488800048828125,0.33,absent,0.046478271484375,0.42,absent,0.019378662109375,0.39,absent,0.347412109375,0.62,absent,0.027069091796875,0.35,absent,0.03533935546875,0.45,absent
patient23638/study5,patient23638,test,1,patient23638/study5/view1_frontal.dcm,raddino_finetuned_v1,0.124755859375,0.56,absent,0.1484375,0.5,absent,0.085693359375,0.45,absent,0.257080078125,0.453857,absent,0.12115478515625,0.6,absent,0.04559326171875,0.28,absent,0.020599365234375,0.33,absent,0.2110595703125,0.42,absent,0.0164031982421875,0.39,absent,0.230712890625,0.62,absent,0.1473388671875,0.35,absent,0.050811767578125,0.45,absent
patient23684/study2,patient23684,test,1,patient23684/study2/view1_frontal.dcm,raddino_finetuned_v1,0.9697265625,0.56,present,0.9462890625,0.5,present,0.97314453125,0.45,present,0.9814453125,0.453857,present,0.99658203125,0.6,present,0.865234375,0.28,present,0.798828125,0.33,present,0.93505859375,0.42,present,0.82177734375,0.39,present,0.9970703125,0.62,present,0.9765625,0.35,present,0.78271484375,0.45,present
patient23684/study4,patient23684,test,1,patient23684/study4/view1_frontal.dcm,raddino_finetuned_v1,0.94091796875,0.56,present,0.96728515625,0.5,present,0.986328125,0.45,present,0.98046875,0.453857,present,0.99365234375,0.6,present,0.92919921875,0.28,present,0.568359375,0.33,present,0.921875,0.42,present,0.861328125,0.39,present,0.998046875,0.62,present,0.986328125,0.35,present,0.95166015625,0.45,present
patient23684/study5,patient23684,test,1,patient23684/study5/view1_frontal.dcm,raddino_finetuned_v1,0.9423828125,0.56,present,0.8505859375,0.5,present,0.95166015625,0.45,present,0.93408203125,0.453857,present,0.98388671875,0.6,present,0.826171875,0.28,present,0.65380859375,0.33,present,0.75537109375,0.42,present,0.8544921875,0.39,present,0.9951171875,0.62,present,0.9736328125,0.35,present,0.90478515625,0.45,present
patient23684/study6,patient23684,test,1,patient23684/study6/view1_frontal.dcm,raddino_finetuned_v1,0.7041015625,0.56,present,0.35595703125,0.5,absent,0.6875,0.45,present,0.434326171875,0.453857,absent,0.87890625,0.6,present,0.39501953125,0.28,present,0.439453125,0.33,present,0.1778564453125,0.42,absent,0.73828125,0.39,present,0.9375,0.62,present,0.81787109375,0.35,present,0.82177734375,0.45,present
patient23775/study1,patient23775,test,1,patient23775/study1/view1_frontal.dcm,raddino_finetuned_v1,0.01525115966796875,0.56,absent,0.06915283203125,0.5,absent,0.009521484375,0.45,absent,0.01177978515625,0.453857,absent,0.08990478515625,0.6,absent,0.0255126953125,0.28,absent,0.03173828125,0.33,absent,0.0489501953125,0.42,absent,0.056549072265625,0.39,absent,0.04376220703125,0.62,absent,0.0272674560546875,0.35,absent,0.0238189697265625,0.45,absent
patient23775/study10,patient23775,test,1,patient23775/study10/view1_frontal.dcm,raddino_finetuned_v1,0.004215240478515625,0.56,absent,0.015716552734375,0.5,absent,0.00359344482421875,0.45,absent,0.0058441162109375,0.453857,absent,0.014007568359375,0.6,absent,0.00937652587890625,0.28,absent,0.0068511962890625,0.33,absent,0.0045928955078125,0.42,absent,0.0237274169921875,0.39,absent,0.01495361328125,0.62,absent,0.0059814453125,0.35,absent,0.0097808837890625,0.45,absent
patient23775/study11,patient23775,test,1,patient23775/study11/view1_frontal.dcm,raddino_finetuned_v1,0.006290435791015625,0.56,absent,0.0097808837890625,0.5,absent,0.0094146728515625,0.45,absent,0.0024929046630859375,0.453857,absent,0.01107025146484375,0.6,absent,0.0078125,0.28,absent,0.002834320068359375,0.33,absent,0.0154266357421875,0.42,absent,0.0231475830078125,0.39,absent,0.007518768310546875,0.62,absent,0.0101318359375,0.35,absent,0.01177978515625,0.45,absent
patient23775/study2,patient23775,test,2,patient23775/study2/view1_frontal.dcm|patient23775/study2/view2_lateral.dcm,raddino_finetuned_v1,0.036712646484375,0.56,absent,0.0640869140625,0.5,absent,0.060089111328125,0.45,absent,0.022979736328125,0.453857,absent,0.0738525390625,0.6,absent,0.10321044921875,0.28,absent,0.0225372314453125,0.33,absent,0.061187744140625,0.42,absent,0.187744140625,0.39,absent,0.1376953125,0.62,absent,0.03033447265625,0.35,absent,0.1605224609375,0.45,absent
patient23971/study2,patient23971,test,1,patient23971/study2/view1_frontal.dcm,raddino_finetuned_v1,0.5888671875,0.56,present,0.64599609375,0.5,present,0.67626953125,0.45,present,0.62451171875,0.453857,present,0.54931640625,0.6,absent,0.7470703125,0.28,present,0.2481689453125,0.33,absent,0.568359375,0.42,present,0.63623046875,0.39,present,0.85791015625,0.62,present,0.380126953125,0.35,present,0.448486328125,0.45,absent
patient24049/study1,patient24049,test,2,patient24049/study1/view1_frontal.dcm|patient24049/study1/view2_lateral.dcm,raddino_finetuned_v1,0.07708740234375,0.56,absent,0.07720947265625,0.5,absent,0.2181396484375,0.45,absent,0.12646484375,0.453857,absent,0.346923828125,0.6,absent,0.308349609375,0.28,present,0.056121826171875,0.33,absent,0.07586669921875,0.42,absent,0.4111328125,0.39,present,0.6494140625,0.62,present,0.027374267578125,0.35,absent,0.26513671875,0.45,absent
patient24662/study1,patient24662,test,1,patient24662/study1/view1_frontal.dcm,raddino_finetuned_v1,0.08331298828125,0.56,absent,0.0167236328125,0.5,absent,0.0087127685546875,0.45,absent,0.03179931640625,0.453857,absent,0.058135986328125,0.6,absent,0.0090179443359375,0.28,absent,0.1259765625,0.33,absent,0.1949462890625,0.42,absent,0.04248046875,0.39,absent,0.0704345703125,0.62,absent,0.0258636474609375,0.35,absent,0.006877899169921875,0.45,absent
patient24662/study3,patient24662,test,1,patient24662/study3/view1_frontal.dcm,raddino_finetuned_v1,0.1163330078125,0.56,absent,0.0129241943359375,0.5,absent,0.06549072265625,0.45,absent,0.083740234375,0.453857,absent,0.250244140625,0.6,absent,0.03192138671875,0.28,absent,0.17333984375,0.33,absent,0.537109375,0.42,present,0.0316162109375,0.39,absent,0.5439453125,0.62,absent,0.0101318359375,0.35,absent,0.044586181640625,0.45,absent
patient24662/study4,patient24662,test,1,patient24662/study4/view1_frontal.dcm,raddino_finetuned_v1,0.2340087890625,0.56,absent,0.005664825439453125,0.5,absent,0.10430908203125,0.45,absent,0.03436279296875,0.453857,absent,0.147216796875,0.6,absent,0.05145263671875,0.28,absent,0.0271759033203125,0.33,absent,0.30712890625,0.42,absent,0.0171051025390625,0.39,absent,0.249755859375,0.62,absent,0.01009368896484375,0.35,absent,0.06243896484375,0.45,absent
patient24662/study7,patient24662,test,1,patient24662/study7/view1_frontal.dcm,raddino_finetuned_v1,0.026153564453125,0.56,absent,0.005279541015625,0.5,absent,0.020843505859375,0.45,absent,0.0311431884765625,0.453857,absent,0.04351806640625,0.6,absent,0.0251312255859375,0.28,absent,0.1070556640625,0.33,absent,0.07904052734375,0.42,absent,0.0125732421875,0.39,absent,0.06634521484375,0.62,absent,0.021453857421875,0.35,absent,0.00955963134765625,0.45,absent
patient24984/study1,patient24984,test,2,patient24984/study1/view1_frontal.dcm|patient24984/study1/view2_lateral.dcm,raddino_finetuned_v1,0.472412109375,0.56,absent,0.09466552734375,0.5,absent,0.81640625,0.45,present,0.318603515625,0.453857,absent,0.90283203125,0.6,present,0.86181640625,0.28,present,0.73828125,0.33,present,0.44970703125,0.42,present,0.904296875,0.39,present,0.96875,0.62,present,0.093994140625,0.35,absent,0.9609375,0.45,present
patient24984/study2,patient24984,test,1,patient24984/study2/view1_frontal.dcm,raddino_finetuned_v1,0.61767578125,0.56,present,0.37255859375,0.5,absent,0.95361328125,0.45,present,0.87109375,0.453857,present,0.96435546875,0.6,present,0.7783203125,0.28,present,0.68603515625,0.33,present,0.4970703125,0.42,present,0.89990234375,0.39,present,0.97265625,0.62,present,0.1253662109375,0.35,absent,0.94873046875,0.45,present
patient25112/study3,patient25112,test,1,patient25112/study3/view1_frontal.dcm,raddino_finetuned_v1,0.1849365234375,0.56,absent,0.296875,0.5,absent,0.44189453125,0.45,absent,0.5185546875,0.453857,present,0.724609375,0.6,present,0.11614990234375,0.28,absent,0.79443359375,0.33,present,0.1983642578125,0.42,absent,0.178955078125,0.39,absent,0.6904296875,0.62,present,0.20703125,0.35,absent,0.48486328125,0.45,present
patient25112/study6,patient25112,test,2,patient25112/study6/view1_frontal.dcm|patient25112/study6/view2_lateral.dcm,raddino_finetuned_v1,0.423583984375,0.56,absent,0.2379150390625,0.5,absent,0.330078125,0.45,absent,0.1536865234375,0.453857,absent,0.84375,0.6,present,0.378662109375,0.28,present,0.260986328125,0.33,absent,0.431396484375,0.42,present,0.303466796875,0.39,absent,0.77197265625,0.62,present,0.392578125,0.35,present,0.68603515625,0.45,present
patient25241/study1,patient25241,test,1,patient25241/study1/view1_frontal.dcm,raddino_finetuned_v1,0.08526611328125,0.56,absent,0.03253173828125,0.5,absent,0.046905517578125,0.45,absent,0.1268310546875,0.453857,absent,0.23095703125,0.6,absent,0.09234619140625,0.28,absent,0.0078125,0.33,absent,0.09185791015625,0.42,absent,0.01322174072265625,0.39,absent,0.2493896484375,0.62,absent,0.351318359375,0.35,present,0.07965087890625,0.45,absent
patient25241/study10,patient25241,test,1,patient25241/study10/view1_frontal.dcm,raddino_finetuned_v1,0.020416259765625,0.56,absent,0.003650665283203125,0.5,absent,0.0261993408203125,0.45,absent,0.01111602783203125,0.453857,absent,0.01473236083984375,0.6,absent,0.059417724609375,0.28,absent,0.034423828125,0.33,absent,0.0574951171875,0.42,absent,0.0169219970703125,0.39,absent,0.10089111328125,0.62,absent,0.0299835205078125,0.35,absent,0.024658203125,0.45,absent
patient25241/study11,patient25241,test,2,patient25241/study11/view1_frontal.dcm|patient25241/study11/view2_lateral.dcm,raddino_finetuned_v1,0.7158203125,0.56,present,0.2333984375,0.5,absent,0.56787109375,0.45,present,0.326904296875,0.453857,absent,0.73974609375,0.6,present,0.72509765625,0.28,present,0.30419921875,0.33,absent,0.62060546875,0.42,present,0.70849609375,0.39,present,0.935546875,0.62,present,0.345458984375,0.35,absent,0.91748046875,0.45,present
patient25241/study2,patient25241,test,1,patient25241/study2/view1_frontal.dcm,raddino_finetuned_v1,0.2132568359375,0.56,absent,0.04193115234375,0.5,absent,0.0311431884765625,0.45,absent,0.06890869140625,0.453857,absent,0.08819580078125,0.6,absent,0.0257568359375,0.28,absent,0.06256103515625,0.33,absent,0.53125,0.42,present,0.0192718505859375,0.39,absent,0.20654296875,0.62,absent,0.147705078125,0.35,absent,0.0174407958984375,0.45,absent
patient25350/study1,patient25350,test,2,patient25350/study1/view1_frontal.dcm|patient25350/study1/view2_lateral.dcm,raddino_finetuned_v1,0.78955078125,0.56,present,0.2452392578125,0.5,absent,0.87255859375,0.45,present,0.1507568359375,0.453857,absent,0.79150390625,0.6,present,0.921875,0.28,present,0.365234375,0.33,present,0.31982421875,0.42,absent,0.96923828125,0.39,present,0.8974609375,0.62,present,0.307373046875,0.35,absent,0.6923828125,0.45,present
patient25517/study1,patient25517,test,1,patient25517/study1/view1_frontal.dcm,raddino_finetuned_v1,0.049957275390625,0.56,absent,0.04376220703125,0.5,absent,0.0953369140625,0.45,absent,0.048583984375,0.453857,absent,0.0794677734375,0.6,absent,0.05865478515625,0.28,absent,0.0738525390625,0.33,absent,0.0304412841796875,0.42,absent,0.026153564453125,0.39,absent,0.07147216796875,0.62,absent,0.1380615234375,0.35,absent,0.0153045654296875,0.45,absent
patient25517/study10,patient25517,test,1,patient25517/study10/view1_frontal.dcm,raddino_finetuned_v1,0.0268096923828125,0.56,absent,0.219970703125,0.5,absent,0.042083740234375,0.45,absent,0.08154296875,0.453857,absent,0.1405029296875,0.6,absent,0.0160980224609375,0.28,absent,0.0177154541015625,0.33,absent,0.06561279296875,0.42,absent,0.0216217041015625,0.39,absent,0.0640869140625,0.62,absent,0.0263519287109375,0.35,absent,0.044677734375,0.45,absent
patient25517/study2,patient25517,test,1,patient25517/study2/view1_frontal.dcm,raddino_finetuned_v1,0.07891845703125,0.56,absent,0.05877685546875,0.5,absent,0.06927490234375,0.45,absent,0.054595947265625,0.453857,absent,0.219482421875,0.6,absent,0.033843994140625,0.28,absent,0.01312255859375,0.33,absent,0.041778564453125,0.42,absent,0.0214080810546875,0.39,absent,0.07318115234375,0.62,absent,0.043365478515625,0.35,absent,0.0255126953125,0.45,absent
patient25517/study3,patient25517,test,1,patient25517/study3/view1_frontal.dcm,raddino_finetuned_v1,0.05291748046875,0.56,absent,0.203369140625,0.5,absent,0.097900390625,0.45,absent,0.08599853515625,0.453857,absent,0.254150390625,0.6,absent,0.00864410400390625,0.28,absent,0.1177978515625,0.33,absent,0.06439208984375,0.42,absent,0.024932861328125,0.39,absent,0.12115478515625,0.62,absent,0.06561279296875,0.35,absent,0.01129150390625,0.45,absent
patient25725/study2,patient25725,test,1,patient25725/study2/view1_frontal.dcm,raddino_finetuned_v1,0.24658203125,0.56,absent,0.7861328125,0.5,present,0.1304931640625,0.45,absent,0.623046875,0.453857,present,0.432373046875,0.6,absent,0.346435546875,0.28,present,0.092529296875,0.33,absent,0.304443359375,0.42,absent,0.241455078125,0.39,absent,0.6376953125,0.62,present,0.6884765625,0.35,present,0.330078125,0.45,absent
patient25840/study1,patient25840,test,1,patient25840/study1/view1_frontal.dcm,raddino_finetuned_v1,0.020294189453125,0.56,absent,0.010986328125,0.5,absent,0.024139404296875,0.45,absent,0.00760650634765625,0.453857,absent,0.01177978515625,0.6,absent,0.0094146728515625,0.28,absent,0.0235595703125,0.33,absent,0.01302337646484375,0.42,absent,0.0180206298828125,0.39,absent,0.02947998046875,0.62,absent,0.00933837890625,0.35,absent,0.045684814453125,0.45,absent
patient25971/study1,patient25971,test,1,patient25971/study1/view1_frontal.dcm,raddino_finetuned_v1,0.03704833984375,0.56,absent,0.0706787109375,0.5,absent,0.07965087890625,0.45,absent,0.03448486328125,0.453857,absent,0.042388916015625,0.6,absent,0.0753173828125,0.28,absent,0.0110321044921875,0.33,absent,0.08331298828125,0.42,absent,0.0604248046875,0.39,absent,0.080078125,0.62,absent,0.04351806640625,0.35,absent,0.0100555419921875,0.45,absent
patient25971/study10,patient25971,test,1,patient25971/study10/view1_frontal.dcm,raddino_finetuned_v1,0.1668701171875,0.56,absent,0.06427001953125,0.5,absent,0.059967041015625,0.45,absent,0.035675048828125,0.453857,absent,0.3017578125,0.6,absent,0.0165863037109375,0.28,absent,0.011871337890625,0.33,absent,0.2239990234375,0.42,absent,0.0177154541015625,0.39,absent,0.1202392578125,0.62,absent,0.1246337890625,0.35,absent,0.00250244140625,0.45,absent
patient25971/study11,patient25971,test,1,patient25971/study11/view1_frontal.dcm,raddino_finetuned_v1,0.3681640625,0.56,absent,0.333984375,0.5,absent,0.266357421875,0.45,absent,0.2181396484375,0.453857,absent,0.487060546875,0.6,absent,0.0574951171875,0.28,absent,0.01525115966796875,0.33,absent,0.352294921875,0.42,absent,0.10302734375,0.39,absent,0.4013671875,0.62,absent,0.1788330078125,0.35,absent,0.045257568359375,0.45,absent
patient25971/study12,patient25971,test,1,patient25971/study12/view1_frontal.dcm,raddino_finetuned_v1,0.1014404296875,0.56,absent,0.10650634765625,0.5,absent,0.0810546875,0.45,absent,0.029754638671875,0.453857,absent,0.0970458984375,0.6,absent,0.0810546875,0.28,absent,0.0033512115478515625,0.33,absent,0.10687255859375,0.42,absent,0.0137939453125,0.39,absent,0.043121337890625,0.62,absent,0.0634765625,0.35,absent,0.00142669677734375,0.45,absent
patient26115/study1,patient26115,test,1,patient26115/study1/view1_frontal.dcm,raddino_finetuned_v1,0.2381591796875,0.56,absent,0.425048828125,0.5,absent,0.152099609375,0.45,absent,0.216796875,0.453857,absent,0.285888671875,0.6,absent,0.08197021484375,0.28,absent,0.08929443359375,0.33,absent,0.049957275390625,0.42,absent,0.045867919921875,0.39,absent,0.222412109375,0.62,absent,0.1231689453125,0.35,absent,0.08770751953125,0.45,absent
patient26115/study2,patient26115,test,1,patient26115/study2/view1_frontal.dcm,raddino_finetuned_v1,0.064208984375,0.56,absent,0.2269287109375,0.5,absent,0.1383056640625,0.45,absent,0.06719970703125,0.453857,absent,0.36181640625,0.6,absent,0.11358642578125,0.28,absent,0.0232391357421875,0.33,absent,0.037750244140625,0.42,absent,0.0203704833984375,0.39,absent,0.312744140625,0.62,absent,0.1517333984375,0.35,absent,0.051361083984375,0.45,absent
patient26115/study4,patient26115,test,1,patient26115/study4/view1_frontal.dcm,raddino_finetuned_v1,0.07330322265625,0.56,absent,0.11456298828125,0.5,absent,0.1209716796875,0.45,absent,0.045013427734375,0.453857,absent,0.1929931640625,0.6,absent,0.056243896484375,0.28,absent,0.029205322265625,0.33,absent,0.0200653076171875,0.42,absent,0.0306243896484375,0.39,absent,0.1624755859375,0.62,absent,0.071044921875,0.35,absent,0.0260009765625,0.45,absent
patient26271/study1,patient26271,test,1,patient26271/study1/view1_frontal.dcm,raddino_finetuned_v1,0.004116058349609375,0.56,absent,0.0060272216796875,0.5,absent,0.005218505859375,0.45,absent,0.00547027587890625,0.453857,absent,0.007518768310546875,0.6,absent,0.00518035888671875,0.28,absent,0.01132965087890625,0.33,absent,0.00679779052734375,0.42,absent,0.006641387939453125,0.39,absent,0.01363372802734375,0.62,absent,0.0112457275390625,0.35,absent,0.005428314208984375,0.45,absent
patient26271/study10,patient26271,test,1,patient26271/study10/view1_frontal.dcm,raddino_finetuned_v1,0.005260467529296875,0.56,absent,0.0233306884765625,0.5,absent,0.020416259765625,0.45,absent,0.044677734375,0.453857,absent,0.0224609375,0.6,absent,0.01229095458984375,0.28,absent,0.0224151611328125,0.33,absent,0.0036067962646484375,0.42,absent,0.0220794677734375,0.39,absent,0.0241851806640625,0.62,absent,0.0987548828125,0.35,absent,0.004467010498046875,0.45,absent
patient26271/study11,patient26271,test,1,patient26271/study11/view1_frontal.dcm,raddino_finetuned_v1,0.004070281982421875,0.56,absent,0.036834716796875,0.5,absent,0.01036834716796875,0.45,absent,0.0272674560546875,0.453857,absent,0.0179901123046875,0.6,absent,0.0054473876953125,0.28,absent,0.0038394927978515625,0.33,absent,0.0015249252319335938,0.42,absent,0.0039005279541015625,0.39,absent,0.007904052734375,0.62,absent,0.06097412109375,0.35,absent,0.0014104843139648438,0.45,absent
patient26271/study12,patient26271,test,1,patient26271/study12/view1_frontal.dcm,raddino_finetuned_v1,0.0115509033203125,0.56,absent,0.050994873046875,0.5,absent,0.03192138671875,0.45,absent,0.021575927734375,0.453857,absent,0.04931640625,0.6,absent,0.01467132568359375,0.28,absent,0.006191253662109375,0.33,absent,0.0038242340087890625,0.42,absent,0.007205963134765625,0.39,absent,0.02838134765625,0.62,absent,0.0225372314453125,0.35,absent,0.0017747879028320312,0.45,absent
patient26330/study5,patient26330,test,2,patient26330/study5/view1_frontal.dcm|patient26330/study5/view2_lateral.dcm,raddino_finetuned_v1,0.759765625,0.56,present,0.2626953125,0.5,absent,0.5888671875,0.45,present,0.28076171875,0.453857,absent,0.9423828125,0.6,present,0.5693359375,0.28,present,0.2646484375,0.33,absent,0.7021484375,0.42,present,0.72607421875,0.39,present,0.94677734375,0.62,present,0.223876953125,0.35,absent,0.88427734375,0.45,present
patient26519/study1,patient26519,test,3,patient26519/study1/view1_frontal.dcm|patient26519/study1/view2_frontal.dcm|patient26519/study1/view3_lateral.dcm,raddino_finetuned_v1,0.6162109375,0.56,present,0.0994873046875,0.5,absent,0.6259765625,0.45,present,0.16845703125,0.453857,absent,0.5615234375,0.6,absent,0.65283203125,0.28,present,0.089599609375,0.33,absent,0.7412109375,0.42,present,0.84375,0.39,present,0.78173828125,0.62,present,0.08331298828125,0.35,absent,0.67041015625,0.45,present
patient26519/study2,patient26519,test,1,patient26519/study2/view1_frontal.dcm,raddino_finetuned_v1,0.21142578125,0.56,absent,0.004451751708984375,0.5,absent,0.00963592529296875,0.45,absent,0.041534423828125,0.453857,absent,0.035491943359375,0.6,absent,0.0030994415283203125,0.28,absent,0.2342529296875,0.33,absent,0.20947265625,0.42,absent,0.02508544921875,0.39,absent,0.0953369140625,0.62,absent,0.040985107421875,0.35,absent,0.0184326171875,0.45,absent
patient26519/study3,patient26519,test,1,patient26519/study3/view1_frontal.dcm,raddino_finetuned_v1,0.74853515625,0.56,present,0.1375732421875,0.5,absent,0.205322265625,0.45,absent,0.350341796875,0.453857,absent,0.517578125,0.6,absent,0.254150390625,0.28,absent,0.87890625,0.33,present,0.62060546875,0.42,present,0.630859375,0.39,present,0.8828125,0.62,present,0.43701171875,0.35,present,0.50244140625,0.45,present
patient26519/study4,patient26519,test,1,patient26519/study4/view1_frontal.dcm,raddino_finetuned_v1,0.78076171875,0.56,present,0.1650390625,0.5,absent,0.50537109375,0.45,present,0.43798828125,0.453857,absent,0.58349609375,0.6,absent,0.578125,0.28,present,0.927734375,0.33,present,0.69970703125,0.42,present,0.78125,0.39,present,0.91455078125,0.62,present,0.62158203125,0.35,present,0.53271484375,0.45,present
patient26576/study1,patient26576,test,1,patient26576/study1/view1_frontal.dcm,raddino_finetuned_v1,0.430908203125,0.56,absent,0.442626953125,0.5,absent,0.253173828125,0.45,absent,0.60302734375,0.453857,present,0.46142578125,0.6,absent,0.287353515625,0.28,present,0.0323486328125,0.33,absent,0.427978515625,0.42,present,0.260986328125,0.39,absent,0.8095703125,0.62,present,0.259521484375,0.35,absent,0.16455078125,0.45,absent
patient26813/study1,patient26813,test,1,patient26813/study1/view1_frontal.dcm,raddino_finetuned_v1,0.30615234375,0.56,absent,0.4912109375,0.5,absent,0.35205078125,0.45,absent,0.153076171875,0.453857,absent,0.325927734375,0.6,absent,0.05126953125,0.28,absent,0.0321044921875,0.33,absent,0.09027099609375,0.42,absent,0.08331298828125,0.39,absent,0.47412109375,0.62,absent,0.404541015625,0.35,present,0.114990234375,0.45,absent
patient26813/study10,patient26813,test,1,patient26813/study10/view1_frontal.dcm,raddino_finetuned_v1,0.0201416015625,0.56,absent,0.226318359375,0.5,absent,0.10211181640625,0.45,absent,0.09552001953125,0.453857,absent,0.03594970703125,0.6,absent,0.073974609375,0.28,absent,0.02880859375,0.33,absent,0.019195556640625,0.42,absent,0.015838623046875,0.39,absent,0.1273193359375,0.62,absent,0.06280517578125,0.35,absent,0.03033447265625,0.45,absent
patient26813/study11,patient26813,test,1,patient26813/study11/view1_frontal.dcm,raddino_finetuned_v1,0.0341796875,0.56,absent,0.379638671875,0.5,absent,0.1328125,0.45,absent,0.1451416015625,0.453857,absent,0.042236328125,0.6,absent,0.062103271484375,0.28,absent,0.060302734375,0.33,absent,0.03875732421875,0.42,absent,0.0374755859375,0.39,absent,0.2135009765625,0.62,absent,0.1978759765625,0.35,absent,0.07196044921875,0.45,absent
patient26813/study2,patient26813,test,1,patient26813/study2/view1_frontal.dcm,raddino_finetuned_v1,0.404052734375,0.56,absent,0.185791015625,0.5,absent,0.06500244140625,0.45,absent,0.417236328125,0.453857,absent,0.09515380859375,0.6,absent,0.00669097900390625,0.28,absent,0.11676025390625,0.33,absent,0.06439208984375,0.42,absent,0.0094146728515625,0.39,absent,0.2493896484375,0.62,absent,0.118408203125,0.35,absent,0.0057525634765625,0.45,absent
patient27168/study4,patient27168,test,1,patient27168/study4/view1_frontal.dcm,raddino_finetuned_v1,0.60986328125,0.56,present,0.50244140625,0.5,present,0.64404296875,0.45,present,0.53076171875,0.453857,present,0.66943359375,0.6,present,0.61572265625,0.28,present,0.572265625,0.33,present,0.329345703125,0.42,absent,0.54638671875,0.39,present,0.890625,0.62,present,0.303955078125,0.35,absent,0.50634765625,0.45,present
patient27237/study2,patient27237,test,1,patient27237/study2/view1_frontal.dcm,raddino_finetuned_v1,0.107421875,0.56,absent,0.2349853515625,0.5,absent,0.469482421875,0.45,present,0.362060546875,0.453857,absent,0.15087890625,0.6,absent,0.316650390625,0.28,present,0.054901123046875,0.33,absent,0.154052734375,0.42,absent,0.09844970703125,0.39,absent,0.2822265625,0.62,absent,0.15576171875,0.35,absent,0.307373046875,0.45,absent
patient27301/study1,patient27301,test,1,patient27301/study1/view1_frontal.dcm,raddino_finetuned_v1,0.042327880859375,0.56,absent,0.045684814453125,0.5,absent,0.0163421630859375,0.45,absent,0.123046875,0.453857,absent,0.1268310546875,0.6,absent,0.0312042236328125,0.28,absent,0.0548095703125,0.33,absent,0.07574462890625,0.42,absent,0.012481689453125,0.39,absent,0.1533203125,0.62,absent,0.218017578125,0.35,absent,0.0728759765625,0.45,absent
patient27301/study10,patient27301,test,1,patient27301/study10/view1_frontal.dcm,raddino_finetuned_v1,0.06817626953125,0.56,absent,0.003780364990234375,0.5,absent,0.058441162109375,0.45,absent,0.0165252685546875,0.453857,absent,0.044769287109375,0.6,absent,0.0266571044921875,0.28,absent,0.017242431640625,0.33,absent,0.02215576171875,0.42,absent,0.006984710693359375,0.39,absent,0.0225067138671875,0.62,absent,0.043212890625,0.35,absent,0.00908660888671875,0.45,absent
patient27301/study11,patient27301,test,1,patient27301/study11/view1_frontal.dcm,raddino_finetuned_v1,0.05706787109375,0.56,absent,0.01363372802734375,0.5,absent,0.0127716064453125,0.45,absent,0.01812744140625,0.453857,absent,0.091064453125,0.6,absent,0.0026836395263671875,0.28,absent,0.008575439453125,0.33,absent,0.061767578125,0.42,absent,0.0025501251220703125,0.39,absent,0.04083251953125,0.62,absent,0.0313720703125,0.35,absent,0.00844573974609375,0.45,absent
patient27301/study12,patient27301,test,1,patient27301/study12/view1_frontal.dcm,raddino_finetuned_v1,0.06744384765625,0.56,absent,0.007843017578125,0.5,absent,0.040985107421875,0.45,absent,0.01358795166015625,0.453857,absent,0.051177978515625,0.6,absent,0.0160980224609375,0.28,absent,0.02069091796875,0.33,absent,0.034881591796875,0.42,absent,0.01433563232421875,0.39,absent,0.056640625,0.62,absent,0.0094146728515625,0.35,absent,0.00861358642578125,0.45,absent
patient27338/study1,patient27338,test,1,patient27338/study1/view1_frontal.dcm,raddino_finetuned_v1,0.95849609375,0.56,present,0.974609375,0.5,present,0.89013671875,0.45,present,0.96044921875,0.453857,present,0.92138671875,0.6,present,0.34619140625,0.28,present,0.66455078125,0.33,present,0.77880859375,0.42,present,0.35205078125,0.39,absent,0.93603515625,0.62,present,0.97021484375,0.35,present,0.16357421875,0.45,absent
patient27338/study13,patient27338,test,1,patient27338/study13/view1_frontal.dcm,raddino_finetuned_v1,0.953125,0.56,present,0.8232421875,0.5,present,0.81298828125,0.45,present,0.85693359375,0.453857,present,0.935546875,0.6,present,0.1805419921875,0.28,absent,0.245849609375,0.33,absent,0.55419921875,0.42,present,0.34375,0.39,absent,0.94970703125,0.62,present,0.81494140625,0.35,present,0.4326171875,0.45,absent
patient27338/study14,patient27338,test,1,patient27338/study14/view1_frontal.dcm,raddino_finetuned_v1,0.76171875,0.56,present,0.52978515625,0.5,present,0.7548828125,0.45,present,0.45751953125,0.453857,present,0.86279296875,0.6,present,0.14013671875,0.28,absent,0.04083251953125,0.33,absent,0.62451171875,0.42,present,0.234375,0.39,absent,0.822265625,0.62,present,0.65673828125,0.35,present,0.127197265625,0.45,absent
patient27338/study4,patient27338,test,1,patient27338/study4/view1_frontal.dcm,raddino_finetuned_v1,0.97900390625,0.56,present,0.93310546875,0.5,present,0.95947265625,0.45,present,0.8896484375,0.453857,present,0.98486328125,0.6,present,0.39990234375,0.28,present,0.089599609375,0.33,absent,0.8779296875,0.42,present,0.51953125,0.39,present,0.9765625,0.62,present,0.88818359375,0.35,present,0.432373046875,0.45,absent
patient27451/study1,patient27451,test,1,patient27451/study1/view1_frontal.dcm,raddino_finetuned_v1,0.00800323486328125,0.56,absent,0.0037212371826171875,0.5,absent,0.007965087890625,0.45,absent,0.003780364990234375,0.453857,absent,0.0210113525390625,0.6,absent,0.0033245086669921875,0.28,absent,0.05242919921875,0.33,absent,0.0038700103759765625,0.42,absent,0.00455474853515625,0.39,absent,0.008575439453125,0.62,absent,0.00455474853515625,0.35,absent,0.00229644775390625,0.45,absent
patient27451/study10,patient27451,test,1,patient27451/study10/view1_frontal.dcm,raddino_finetuned_v1,0.0255584716796875,0.56,absent,0.025665283203125,0.5,absent,0.0258636474609375,0.45,absent,0.1878662109375,0.453857,absent,0.380615234375,0.6,absent,0.045867919921875,0.28,absent,0.341064453125,0.33,present,0.03607177734375,0.42,absent,0.050994873046875,0.39,absent,0.2105712890625,0.62,absent,0.028656005859375,0.35,absent,0.073974609375,0.45,absent
patient27451/study11,patient27451,test,1,patient27451/study11/view1_frontal.dcm,raddino_finetuned_v1,0.0173797607421875,0.56,absent,0.01116180419921875,0.5,absent,0.018341064453125,0.45,absent,0.085693359375,0.453857,absent,0.2314453125,0.6,absent,0.0252227783203125,0.28,absent,0.397705078125,0.33,present,0.029144287109375,0.42,absent,0.0287628173828125,0.39,absent,0.1348876953125,0.62,absent,0.0120086669921875,0.35,absent,0.045196533203125,0.45,absent
patient27451/study12,patient27451,test,1,patient27451/study12/view1_frontal.dcm,raddino_finetuned_v1,0.017242431640625,0.56,absent,0.026153564453125,0.5,absent,0.07720947265625,0.45,absent,0.042327880859375,0.453857,absent,0.220458984375,0.6,absent,0.04107666015625,0.28,absent,0.274169921875,0.33,absent,0.01129150390625,0.42,absent,0.0416259765625,0.39,absent,0.2005615234375,0.62,absent,0.0222930908203125,0.35,absent,0.12261962890625,0.45,absent
patient27520/study1,patient27520,test,1,patient27520/study1/view1_frontal.dcm,raddino_finetuned_v1,0.70654296875,0.56,present,0.60595703125,0.5,present,0.251708984375,0.45,absent,0.728515625,0.453857,present,0.77294921875,0.6,present,0.04803466796875,0.28,absent,0.1285400390625,0.33,absent,0.2315673828125,0.42,absent,0.1429443359375,0.39,absent,0.822265625,0.62,present,0.6181640625,0.35,present,0.1429443359375,0.45,absent
patient27520/study10,patient27520,test,1,patient27520/study10/view1_frontal.dcm,raddino_finetuned_v1,0.122314453125,0.56,absent,0.2413330078125,0.5,absent,0.045013427734375,0.45,absent,0.2978515625,0.453857,absent,0.36474609375,0.6,absent,0.00945281982421875,0.28,absent,0.022247314453125,0.33,absent,0.03173828125,0.42,absent,0.0131683349609375,0.39,absent,0.477783203125,0.62,absent,0.2496337890625,0.35,absent,0.0264129638671875,0.45,absent
patient27520/study11,patient27520,test,1,patient27520/study11/view1_frontal.dcm,raddino_finetuned_v1,0.045257568359375,0.56,absent,0.049407958984375,0.5,absent,0.008514404296875,0.45,absent,0.06671142578125,0.453857,absent,0.178955078125,0.6,absent,0.003795623779296875,0.28,absent,0.01085662841796875,0.33,absent,0.00981903076171875,0.42,absent,0.014007568359375,0.39,absent,0.06585693359375,0.62,absent,0.1358642578125,0.35,absent,0.00763702392578125,0.45,absent
patient27520/study12,patient27520,test,1,patient27520/study12/view1_frontal.dcm,raddino_finetuned_v1,0.086181640625,0.56,absent,0.274658203125,0.5,absent,0.0305023193359375,0.45,absent,0.092529296875,0.453857,absent,0.2021484375,0.6,absent,0.003795623779296875,0.28,absent,0.0068511962890625,0.33,absent,0.0843505859375,0.42,absent,0.0029582977294921875,0.39,absent,0.1446533203125,0.62,absent,0.10894775390625,0.35,absent,0.00997161865234375,0.45,absent
patient27673/study1,patient27673,test,1,patient27673/study1/view1_frontal.dcm,raddino_finetuned_v1,0.00916290283203125,0.56,absent,0.049774169921875,0.5,absent,0.0233306884765625,0.45,absent,0.028106689453125,0.453857,absent,0.023956298828125,0.6,absent,0.07464599609375,0.28,absent,0.03704833984375,0.33,absent,0.038970947265625,0.42,absent,0.0227203369140625,0.39,absent,0.09222412109375,0.62,absent,0.0125732421875,0.35,absent,0.0313720703125,0.45,absent
patient27673/study10,patient27673,test,1,patient27673/study10/view1_frontal.dcm,raddino_finetuned_v1,0.0027141571044921875,0.56,absent,0.037261962890625,0.5,absent,0.0293121337890625,0.45,absent,0.043701171875,0.453857,absent,0.0236968994140625,0.6,absent,0.045867919921875,0.28,absent,0.01024627685546875,0.33,absent,0.019378662109375,0.42,absent,0.0222930908203125,0.39,absent,0.08282470703125,0.62,absent,0.012054443359375,0.35,absent,0.034088134765625,0.45,absent
patient27673/study2,patient27673,test,1,patient27673/study2/view1_frontal.dcm,raddino_finetuned_v1,0.010528564453125,0.56,absent,0.1505126953125,0.5,absent,0.35888671875,0.45,absent,0.178955078125,0.453857,absent,0.07720947265625,0.6,absent,0.62353515625,0.28,present,0.048675537109375,0.33,absent,0.07708740234375,0.42,absent,0.0838623046875,0.39,absent,0.489013671875,0.62,absent,0.061431884765625,0.35,absent,0.2666015625,0.45,absent
patient27673/study3,patient27673,test,1,patient27673/study3/view1_frontal.dcm,raddino_finetuned_v1,0.0137939453125,0.56,absent,0.061431884765625,0.5,absent,0.038116455078125,0.45,absent,0.1689453125,0.453857,absent,0.1607666015625,0.6,absent,0.0252227783203125,0.28,absent,0.01495361328125,0.33,absent,0.021484375,0.42,absent,0.021331787109375,0.39,absent,0.11102294921875,0.62,absent,0.0225372314453125,0.35,absent,0.1343994140625,0.45,absent
patient27690/study2,patient27690,test,1,patient27690/study2/view1_frontal.dcm,raddino_finetuned_v1,0.18310546875,0.56,absent,0.05340576171875,0.5,absent,0.52685546875,0.45,present,0.268798828125,0.453857,absent,0.13037109375,0.6,absent,0.71142578125,0.28,present,0.2027587890625,0.33,absent,0.161865234375,0.42,absent,0.4482421875,0.39,present,0.7724609375,0.62,present,0.01473236083984375,0.35,absent,0.2401123046875,0.45,absent
patient28281/study1,patient28281,test,1,patient28281/study1/view1_frontal.dcm,raddino_finetuned_v1,0.01282501220703125,0.56,absent,0.01384735107421875,0.5,absent,0.00891876220703125,0.45,absent,0.05340576171875,0.453857,absent,0.0173797607421875,0.6,absent,0.0112457275390625,0.28,absent,0.23193359375,0.33,absent,0.007694244384765625,0.42,absent,0.0239105224609375,0.39,absent,0.0635986328125,0.62,absent,0.0304412841796875,0.35,absent,0.0197906494140625,0.45,absent
patient28281/study10,patient28281,test,2,patient28281/study10/view1_frontal.dcm|patient28281/study10/view2_lateral.dcm,raddino_finetuned_v1,0.66748046875,0.56,present,0.30126953125,0.5,absent,0.276123046875,0.45,absent,0.392333984375,0.453857,absent,0.849609375,0.6,present,0.280029296875,0.28,present,0.269775390625,0.33,absent,0.490234375,0.42,present,0.38037109375,0.39,absent,0.83203125,0.62,present,0.404296875,0.35,present,0.78271484375,0.45,present
patient28281/study11,patient28281,test,1,patient28281/study11/view1_frontal.dcm,raddino_finetuned_v1,0.0125274658203125,0.56,absent,0.0182647705078125,0.5,absent,0.07452392578125,0.45,absent,0.11181640625,0.453857,absent,0.0775146484375,0.6,absent,0.050811767578125,0.28,absent,0.089599609375,0.33,absent,0.026702880859375,0.42,absent,0.015838623046875,0.39,absent,0.1719970703125,0.62,absent,0.0246124267578125,0.35,absent,0.1280517578125,0.45,absent
patient28281/study12,patient28281,test,1,patient28281/study12/view1_frontal.dcm,raddino_finetuned_v1,0.021820068359375,0.56,absent,0.0254669189453125,0.5,absent,0.06634521484375,0.45,absent,0.04803466796875,0.453857,absent,0.086181640625,0.6,absent,0.0264129638671875,0.28,absent,0.039703369140625,0.33,absent,0.0284423828125,0.42,absent,0.007038116455078125,0.39,absent,0.09368896484375,0.62,absent,0.012054443359375,0.35,absent,0.06085205078125,0.45,absent
patient28806/study10,patient28806,test,1,patient28806/study10/view1_frontal.dcm,raddino_finetuned_v1,0.85595703125,0.56,present,0.92236328125,0.5,present,0.865234375,0.45,present,0.9580078125,0.453857,present,0.81396484375,0.6,present,0.5517578125,0.28,present,0.191162109375,0.33,absent,0.59228515625,0.42,present,0.230712890625,0.39,absent,0.94580078125,0.62,present,0.6806640625,0.35,present,0.2401123046875,0.45,absent
patient28806/study12,patient28806,test,2,patient28806/study12/view1_frontal.dcm|patient28806/study12/view2_lateral.dcm,raddino_finetuned_v1,0.93896484375,0.56,present,0.794921875,0.5,present,0.89892578125,0.45,present,0.74072265625,0.453857,present,0.953125,0.6,present,0.857421875,0.28,present,0.3154296875,0.33,absent,0.74462890625,0.42,present,0.7392578125,0.39,present,0.97314453125,0.62,present,0.6923828125,0.35,present,0.84912109375,0.45,present
patient28806/study13,patient28806,test,1,patient28806/study13/view1_frontal.dcm,raddino_finetuned_v1,0.8759765625,0.56,present,0.83447265625,0.5,present,0.86474609375,0.45,present,0.89697265625,0.453857,present,0.71337890625,0.6,present,0.59716796875,0.28,present,0.2237548828125,0.33,absent,0.28466796875,0.42,absent,0.669921875,0.39,present,0.9267578125,0.62,present,0.7880859375,0.35,present,0.4609375,0.45,present
patient28806/study9,patient28806,test,2,patient28806/study9/view1_frontal.dcm|patient28806/study9/view2_lateral.dcm,raddino_finetuned_v1,0.293212890625,0.56,absent,0.37646484375,0.5,absent,0.270263671875,0.45,absent,0.06793212890625,0.453857,absent,0.61279296875,0.6,present,0.0775146484375,0.28,absent,0.0401611328125,0.33,absent,0.23095703125,0.42,absent,0.12274169921875,0.39,absent,0.59912109375,0.62,absent,0.0894775390625,0.35,absent,0.240966796875,0.45,absent
patient28913/study1,patient28913,test,2,patient28913/study1/view1_frontal.dcm|patient28913/study1/view2_lateral.dcm,raddino_finetuned_v1,0.0413818359375,0.56,absent,0.123046875,0.5,absent,0.07806396484375,0.45,absent,0.1259765625,0.453857,absent,0.358642578125,0.6,absent,0.320068359375,0.28,present,0.050811767578125,0.33,absent,0.07696533203125,0.42,absent,0.1971435546875,0.39,absent,0.419677734375,0.62,absent,0.06536865234375,0.35,absent,0.1055908203125,0.45,absent
patient28913/study10,patient28913,test,1,patient28913/study10/view1_frontal.dcm,raddino_finetuned_v1,0.0181884765625,0.56,absent,0.018768310546875,0.5,absent,0.01433563232421875,0.45,absent,0.03302001953125,0.453857,absent,0.2080078125,0.6,absent,0.03125,0.28,absent,0.01519012451171875,0.33,absent,0.036163330078125,0.42,absent,0.0053863525390625,0.39,absent,0.2083740234375,0.62,absent,0.00821685791015625,0.35,absent,0.059539794921875,0.45,absent
patient28913/study11,patient28913,test,1,patient28913/study11/view1_frontal.dcm,raddino_finetuned_v1,0.027587890625,0.56,absent,0.081787109375,0.5,absent,0.0295867919921875,0.45,absent,0.042877197265625,0.453857,absent,0.163330078125,0.6,absent,0.07696533203125,0.28,absent,0.0167236328125,0.33,absent,0.02337646484375,0.42,absent,0.058135986328125,0.39,absent,0.092529296875,0.62,absent,0.13330078125,0.35,absent,0.04376220703125,0.45,absent
patient28913/study12,patient28913,test,1,patient28913/study12/view1_frontal.dcm,raddino_finetuned_v1,0.039276123046875,0.56,absent,0.44580078125,0.5,absent,0.027740478515625,0.45,absent,0.06951904296875,0.453857,absent,0.2626953125,0.6,absent,0.0633544921875,0.28,absent,0.0143890380859375,0.33,absent,0.0391845703125,0.42,absent,0.06427001953125,0.39,absent,0.0723876953125,0.62,absent,0.175537109375,0.35,absent,0.033721923828125,0.45,absent
patient28973/study1,patient28973,test,1,patient28973/study1/view1_frontal.dcm,raddino_finetuned_v1,0.00399017333984375,0.56,absent,0.00757598876953125,0.5,absent,0.00974273681640625,0.45,absent,0.0057525634765625,0.453857,absent,0.0018672943115234375,0.6,absent,0.00905609130859375,0.28,absent,0.002471923828125,0.33,absent,0.006145477294921875,0.42,absent,0.0035114288330078125,0.39,absent,0.00473785400390625,0.62,absent,0.0069580078125,0.35,absent,0.00661468505859375,0.45,absent
patient28973/study2,patient28973,test,1,patient28973/study2/view1_frontal.dcm,raddino_finetuned_v1,0.0153656005859375,0.56,absent,0.01049041748046875,0.5,absent,0.035003662109375,0.45,absent,0.0309600830078125,0.453857,absent,0.004608154296875,0.6,absent,0.018585205078125,0.28,absent,0.0033245086669921875,0.33,absent,0.00981903076171875,0.42,absent,0.00536346435546875,0.39,absent,0.038238525390625,0.62,absent,0.0027790069580078125,0.35,absent,0.008514404296875,0.45,absent
patient28973/study4,patient28973,test,1,patient28973/study4/view1_frontal.dcm,raddino_finetuned_v1,0.0125732421875,0.56,absent,0.03533935546875,0.5,absent,0.051544189453125,0.45,absent,0.047698974609375,0.453857,absent,0.0177154541015625,0.6,absent,0.08251953125,0.28,absent,0.01374053955078125,0.33,absent,0.0069580078125,0.42,absent,0.01061248779296875,0.39,absent,0.0782470703125,0.62,absent,0.00974273681640625,0.35,absent,0.0028667449951171875,0.45,absent
patient28973/study5,patient28973,test,1,patient28973/study5/view1_frontal.dcm,raddino_finetuned_v1,0.0162200927734375,0.56,absent,0.1175537109375,0.5,absent,0.10687255859375,0.45,absent,0.2386474609375,0.453857,absent,0.09185791015625,0.6,absent,0.1163330078125,0.28,absent,0.0070953369140625,0.33,absent,0.047698974609375,0.42,absent,0.0287017822265625,0.39,absent,0.202392578125,0.62,absent,0.028656005859375,0.35,absent,0.01337432861328125,0.45,absent
patient29069/study1,patient29069,test,1,patient29069/study1/view1_frontal.dcm,raddino_finetuned_v1,0.4404296875,0.56,absent,0.048492431640625,0.5,absent,0.1317138671875,0.45,absent,0.2529296875,0.453857,absent,0.62744140625,0.6,present,0.103759765625,0.28,absent,0.74755859375,0.33,present,0.609375,0.42,present,0.3505859375,0.39,absent,0.529296875,0.62,absent,0.126953125,0.35,absent,0.2218017578125,0.45,absent
patient29069/study2,patient29069,test,1,patient29069/study2/view1_frontal.dcm,raddino_finetuned_v1,0.355224609375,0.56,absent,0.0269622802734375,0.5,absent,0.2005615234375,0.45,absent,0.168701171875,0.453857,absent,0.33349609375,0.6,absent,0.15576171875,0.28,absent,0.252685546875,0.33,absent,0.5751953125,0.42,present,0.353271484375,0.39,absent,0.544921875,0.62,absent,0.07366943359375,0.35,absent,0.17529296875,0.45,absent
patient29069/study5,patient29069,test,1,patient29069/study5/view1_frontal.dcm,raddino_finetuned_v1,0.64697265625,0.56,present,0.03436279296875,0.5,absent,0.1656494140625,0.45,absent,0.1380615234375,0.453857,absent,0.74169921875,0.6,present,0.355712890625,0.28,present,0.57568359375,0.33,present,0.476318359375,0.42,present,0.76806640625,0.39,present,0.78466796875,0.62,present,0.1705322265625,0.35,absent,0.78369140625,0.45,present
patient29069/study6,patient29069,test,2,patient29069/study6/view1_frontal.dcm|patient29069/study6/view2_lateral.dcm,raddino_finetuned_v1,0.406982421875,0.56,absent,0.1044921875,0.5,absent,0.57080078125,0.45,present,0.11395263671875,0.453857,absent,0.892578125,0.6,present,0.5126953125,0.28,present,0.1177978515625,0.33,absent,0.4677734375,0.42,present,0.705078125,0.39,present,0.88916015625,0.62,present,0.08062744140625,0.35,absent,0.8017578125,0.45,present
patient29154/study1,patient29154,test,1,patient29154/study1/view1_frontal.dcm,raddino_finetuned_v1,0.0141754150390625,0.56,absent,0.002811431884765625,0.5,absent,0.0131683349609375,0.45,absent,0.02056884765625,0.453857,absent,0.01433563232421875,0.6,absent,0.0048675537109375,0.28,absent,0.01348114013671875,0.33,absent,0.042724609375,0.42,absent,0.008880615234375,0.39,absent,0.0221099853515625,0.62,absent,0.00254058837890625,0.35,absent,0.009674072265625,0.45,absent
patient29154/study10,patient29154,test,1,patient29154/study10/view1_frontal.dcm,raddino_finetuned_v1,0.0060272216796875,0.56,absent,0.0039005279541015625,0.5,absent,0.00885009765625,0.45,absent,0.05291748046875,0.453857,absent,0.0726318359375,0.6,absent,0.0041656494140625,0.28,absent,0.00582122802734375,0.33,absent,0.034820556640625,0.42,absent,0.00815582275390625,0.39,absent,0.04742431640625,0.62,absent,0.005535125732421875,0.35,absent,0.0031604766845703125,0.45,absent
patient29154/study11,patient29154,test,1,patient29154/study11/view1_frontal.dcm,raddino_finetuned_v1,0.08050537109375,0.56,absent,0.03192138671875,0.5,absent,0.172119140625,0.45,absent,0.278564453125,0.453857,absent,0.4580078125,0.6,absent,0.075439453125,0.28,absent,0.047149658203125,0.33,absent,0.45263671875,0.42,present,0.056640625,0.39,absent,0.54052734375,0.62,absent,0.0634765625,0.35,absent,0.0313720703125,0.45,absent
patient29154/study12,patient29154,test,1,patient29154/study12/view1_frontal.dcm,raddino_finetuned_v1,0.0179901123046875,0.56,absent,0.01056671142578125,0.5,absent,0.0170440673828125,0.45,absent,0.049407958984375,0.453857,absent,0.07501220703125,0.6,absent,0.027587890625,0.28,absent,0.027801513671875,0.33,absent,0.04742431640625,0.42,absent,0.03662109375,0.39,absent,0.07965087890625,0.62,absent,0.004364013671875,0.35,absent,0.021240234375,0.45,absent
patient29162/study1,patient29162,test,1,patient29162/study1/view1_frontal.dcm,raddino_finetuned_v1,0.1683349609375,0.56,absent,0.25341796875,0.5,absent,0.443359375,0.45,absent,0.33349609375,0.453857,absent,0.1754150390625,0.6,absent,0.241455078125,0.28,absent,0.027740478515625,0.33,absent,0.3583984375,0.42,absent,0.02947998046875,0.39,absent,0.444580078125,0.62,absent,0.058349609375,0.35,absent,0.041534423828125,0.45,absent
patient29162/study10,patient29162,test,1,patient29162/study10/view1_frontal.dcm,raddino_finetuned_v1,0.062103271484375,0.56,absent,0.01242828369140625,0.5,absent,0.1195068359375,0.45,absent,0.06268310546875,0.453857,absent,0.037200927734375,0.6,absent,0.2587890625,0.28,absent,0.09619140625,0.33,absent,0.01267242431640625,0.42,absent,0.1455078125,0.39,absent,0.2099609375,0.62,absent,0.06396484375,0.35,absent,0.1221923828125,0.45,absent
patient29162/study11,patient29162,test,1,patient29162/study11/view1_frontal.dcm,raddino_finetuned_v1,0.0287017822265625,0.56,absent,0.01049041748046875,0.5,absent,0.043853759765625,0.45,absent,0.030792236328125,0.453857,absent,0.01525115966796875,0.6,absent,0.12103271484375,0.28,absent,0.0948486328125,0.33,absent,0.0263519287109375,0.42,absent,0.040252685546875,0.39,absent,0.0849609375,0.62,absent,0.0115509033203125,0.35,absent,0.09039306640625,0.45,absent
patient29162/study12,patient29162,test,1,patient29162/study12/view1_frontal.dcm,raddino_finetuned_v1,0.134765625,0.56,absent,0.03228759765625,0.5,absent,0.317626953125,0.45,absent,0.2232666015625,0.453857,absent,0.060211181640625,0.6,absent,0.0390625,0.28,absent,0.2216796875,0.33,absent,0.31005859375,0.42,absent,0.01395416259765625,0.39,absent,0.27490234375,0.62,absent,0.02423095703125,0.35,absent,0.03802490234375,0.45,absent
patient29210/study1,patient29210,test,2,patient29210/study1/view1_frontal.dcm|patient29210/study1/view2_lateral.dcm,raddino_finetuned_v1,0.252685546875,0.56,absent,0.38330078125,0.5,absent,0.1143798828125,0.45,absent,0.06304931640625,0.453857,absent,0.62939453125,0.6,present,0.30908203125,0.28,present,0.07159423828125,0.33,absent,0.401123046875,0.42,absent,0.1181640625,0.39,absent,0.57861328125,0.62,absent,0.08062744140625,0.35,absent,0.35888671875,0.45,absent
patient29210/study10,patient29210,test,1,patient29210/study10/view1_frontal.dcm,raddino_finetuned_v1,0.154296875,0.56,absent,0.0325927734375,0.5,absent,0.137451171875,0.45,absent,0.1177978515625,0.453857,absent,0.202392578125,0.6,absent,0.1976318359375,0.28,absent,0.30224609375,0.33,absent,0.060516357421875,0.42,absent,0.132568359375,0.39,absent,0.65087890625,0.62,present,0.010009765625,0.35,absent,0.471923828125,0.45,present
patient29210/study11,patient29210,test,1,patient29210/study11/view1_frontal.dcm,raddino_finetuned_v1,0.1668701171875,0.56,absent,0.04345703125,0.5,absent,0.197265625,0.45,absent,0.037811279296875,0.453857,absent,0.3974609375,0.6,absent,0.291015625,0.28,present,0.78759765625,0.33,present,0.21142578125,0.42,absent,0.294189453125,0.39,absent,0.62548828125,0.62,present,0.0182647705078125,0.35,absent,0.5263671875,0.45,present
patient29210/study12,patient29210,test,1,patient29210/study12/view1_frontal.dcm,raddino_finetuned_v1,0.0802001953125,0.56,absent,0.0196380615234375,0.5,absent,0.12188720703125,0.45,absent,0.0548095703125,0.453857,absent,0.2340087890625,0.6,absent,0.125244140625,0.28,absent,0.421142578125,0.33,present,0.05340576171875,0.42,absent,0.05023193359375,0.39,absent,0.385498046875,0.62,absent,0.0177154541015625,0.35,absent,0.053192138671875,0.45,absent
patient29599/study1,patient29599,test,1,patient29599/study1/view1_frontal.dcm,raddino_finetuned_v1,0.154052734375,0.56,absent,0.188720703125,0.5,absent,0.405029296875,0.45,absent,0.163818359375,0.453857,absent,0.312744140625,0.6,absent,0.7646484375,0.28,present,0.05560302734375,0.33,absent,0.222412109375,0.42,absent,0.1776123046875,0.39,absent,0.52197265625,0.62,absent,0.0703125,0.35,absent,0.1134033203125,0.45,absent
patient29676/study1,patient29676,test,1,patient29676/study1/view1_frontal.dcm,raddino_finetuned_v1,0.0322265625,0.56,absent,0.022979736328125,0.5,absent,0.01348114013671875,0.45,absent,0.0116424560546875,0.453857,absent,0.033721923828125,0.6,absent,0.05792236328125,0.28,absent,0.00803375244140625,0.33,absent,0.056549072265625,0.42,absent,0.0229339599609375,0.39,absent,0.05633544921875,0.62,absent,0.0180511474609375,0.35,absent,0.00815582275390625,0.45,absent
patient29676/study10,patient29676,test,2,patient29676/study10/view1_frontal.dcm|patient29676/study10/view2_lateral.dcm,raddino_finetuned_v1,0.0810546875,0.56,absent,0.251708984375,0.5,absent,0.20654296875,0.45,absent,0.10125732421875,0.453857,absent,0.1905517578125,0.6,absent,0.4208984375,0.28,present,0.041229248046875,0.33,absent,0.26171875,0.42,absent,0.30908203125,0.39,absent,0.42529296875,0.62,absent,0.11199951171875,0.35,absent,0.30029296875,0.45,absent
patient29676/study11,patient29676,test,1,patient29676/study11/view1_frontal.dcm,raddino_finetuned_v1,0.0053863525390625,0.56,absent,0.0115966796875,0.5,absent,0.007232666015625,0.45,absent,0.00734710693359375,0.453857,absent,0.024993896484375,0.6,absent,0.0120086669921875,0.28,absent,0.01384735107421875,0.33,absent,0.027435302734375,0.42,absent,0.00821685791015625,0.39,absent,0.00916290283203125,0.62,absent,0.005405426025390625,0.35,absent,0.005138397216796875,0.45,absent
patient29676/study2,patient29676,test,1,patient29676/study2/view1_frontal.dcm,raddino_finetuned_v1,0.0303802490234375,0.56,absent,0.047088623046875,0.5,absent,0.04779052734375,0.45,absent,0.0209197998046875,0.453857,absent,0.036224365234375,0.6,absent,0.038330078125,0.28,absent,0.003795623779296875,0.33,absent,0.0089874267578125,0.42,absent,0.039947509765625,0.39,absent,0.05126953125,0.62,absent,0.10052490234375,0.35,absent,0.004299163818359375,0.45,absent
patient29880/study1,patient29880,test,2,patient29880/study1/view1_frontal.dcm|patient29880/study1/view2_lateral.dcm,raddino_finetuned_v1,0.8251953125,0.56,present,0.397216796875,0.5,absent,0.47265625,0.45,present,0.285400390625,0.453857,absent,0.89697265625,0.6,present,0.41845703125,0.28,present,0.11578369140625,0.33,absent,0.79638671875,0.42,present,0.55859375,0.39,present,0.90283203125,0.62,present,0.20947265625,0.35,absent,0.48193359375,0.45,present
patient29880/study10,patient29880,test,1,patient29880/study10/view1_frontal.dcm,raddino_finetuned_v1,0.259033203125,0.56,absent,0.2091064453125,0.5,absent,0.08038330078125,0.45,absent,0.366455078125,0.453857,absent,0.494140625,0.6,absent,0.047515869140625,0.28,absent,0.048492431640625,0.33,absent,0.494140625,0.42,present,0.01450347900390625,0.39,absent,0.48046875,0.62,absent,0.0872802734375,0.35,absent,0.03607177734375,0.45,absent
patient29880/study11,patient29880,test,1,patient29880/study11/view1_frontal.dcm,raddino_finetuned_v1,0.346435546875,0.56,absent,0.1756591796875,0.5,absent,0.11395263671875,0.45,absent,0.337890625,0.453857,absent,0.448974609375,0.6,absent,0.05572509765625,0.28,absent,0.07421875,0.33,absent,0.51708984375,0.42,present,0.03021240234375,0.39,absent,0.440673828125,0.62,absent,0.08209228515625,0.35,absent,0.049957275390625,0.45,absent
patient29880/study12,patient29880,test,1,patient29880/study12/view1_frontal.dcm,raddino_finetuned_v1,0.3037109375,0.56,absent,0.1558837890625,0.5,absent,0.270263671875,0.45,absent,0.578125,0.453857,present,0.8037109375,0.6,present,0.291748046875,0.28,present,0.287353515625,0.33,absent,0.66845703125,0.42,present,0.167236328125,0.39,absent,0.79345703125,0.62,present,0.1390380859375,0.35,absent,0.35888671875,0.45,absent
patient29961/study1,patient29961,test,2,patient29961/study1/view1_frontal.dcm|patient29961/study1/view2_lateral.dcm,raddino_finetuned_v1,0.330810546875,0.56,absent,0.147705078125,0.5,absent,0.8134765625,0.45,present,0.162109375,0.453857,absent,0.451171875,0.6,absent,0.92333984375,0.28,present,0.09844970703125,0.33,absent,0.34130859375,0.42,absent,0.822265625,0.39,present,0.93115234375,0.62,present,0.06231689453125,0.35,absent,0.76025390625,0.45,present
patient30568/study1,patient30568,test,2,patient30568/study1/view1_frontal.dcm|patient30568/study1/view2_lateral.dcm,raddino_finetuned_v1,0.2381591796875,0.56,absent,0.485107421875,0.5,absent,0.1015625,0.45,absent,0.2220458984375,0.453857,absent,0.4794921875,0.6,absent,0.202880859375,0.28,absent,0.09136962890625,0.33,absent,0.346923828125,0.42,absent,0.2452392578125,0.39,absent,0.481689453125,0.62,absent,0.28955078125,0.35,absent,0.484130859375,0.45,present
patient30568/study10,patient30568,test,1,patient30568/study10/view1_frontal.dcm,raddino_finetuned_v1,0.1790771484375,0.56,absent,0.11279296875,0.5,absent,0.2166748046875,0.45,absent,0.072265625,0.453857,absent,0.20947265625,0.6,absent,0.1297607421875,0.28,absent,0.00399017333984375,0.33,absent,0.039794921875,0.42,absent,0.058563232421875,0.39,absent,0.307861328125,0.62,absent,0.016845703125,0.35,absent,0.1014404296875,0.45,absent
patient30568/study2,patient30568,test,1,patient30568/study2/view1_frontal.dcm,raddino_finetuned_v1,0.06427001953125,0.56,absent,0.13818359375,0.5,absent,0.03155517578125,0.45,absent,0.0618896484375,0.453857,absent,0.08416748046875,0.6,absent,0.0094146728515625,0.28,absent,0.010528564453125,0.33,absent,0.0374755859375,0.42,absent,0.0108184814453125,0.39,absent,0.06463623046875,0.62,absent,0.11553955078125,0.35,absent,0.03948974609375,0.45,absent
patient30568/study3,patient30568,test,1,patient30568/study3/view1_frontal.dcm,raddino_finetuned_v1,0.18994140625,0.56,absent,0.64404296875,0.5,present,0.12408447265625,0.45,absent,0.73046875,0.453857,present,0.289794921875,0.6,absent,0.06231689453125,0.28,absent,0.029144287109375,0.33,absent,0.0726318359375,0.42,absent,0.049591064453125,0.39,absent,0.578125,0.62,absent,0.412109375,0.35,present,0.06280517578125,0.45,absent
patient30606/study3,patient30606,test,1,patient30606/study3/view1_frontal.dcm,raddino_finetuned_v1,0.4189453125,0.56,absent,0.20068359375,0.5,absent,0.44140625,0.45,absent,0.171142578125,0.453857,absent,0.57958984375,0.6,absent,0.11517333984375,0.28,absent,0.036285400390625,0.33,absent,0.09912109375,0.42,absent,0.10968017578125,0.39,absent,0.5556640625,0.62,absent,0.0863037109375,0.35,absent,0.0634765625,0.45,absent
patient30644/study13,patient30644,test,1,patient30644/study13/view1_frontal.dcm,raddino_finetuned_v1,0.060516357421875,0.56,absent,0.055938720703125,0.5,absent,0.033477783203125,0.45,absent,0.0287628173828125,0.453857,absent,0.126953125,0.6,absent,0.035888671875,0.28,absent,0.05450439453125,0.33,absent,0.0265045166015625,0.42,absent,0.02001953125,0.39,absent,0.1297607421875,0.62,absent,0.01061248779296875,0.35,absent,0.017852783203125,0.45,absent
patient30644/study14,patient30644,test,2,patient30644/study14/view1_frontal.dcm|patient30644/study14/view2_lateral.dcm,raddino_finetuned_v1,0.1390380859375,0.56,absent,0.0765380859375,0.5,absent,0.33935546875,0.45,absent,0.049224853515625,0.453857,absent,0.580078125,0.6,absent,0.402587890625,0.28,present,0.1358642578125,0.33,absent,0.1898193359375,0.42,absent,0.343017578125,0.39,absent,0.6171875,0.62,absent,0.05108642578125,0.35,absent,0.447021484375,0.45,absent
patient30644/study17,patient30644,test,1,patient30644/study17/view1_frontal.dcm,raddino_finetuned_v1,0.019989013671875,0.56,absent,0.10247802734375,0.5,absent,0.0743408203125,0.45,absent,0.03125,0.453857,absent,0.027069091796875,0.6,absent,0.08416748046875,0.28,absent,0.11181640625,0.33,absent,0.08062744140625,0.42,absent,0.00399017333984375,0.39,absent,0.157470703125,0.62,absent,0.00861358642578125,0.35,absent,0.01348114013671875,0.45,absent
patient30665/study1,patient30665,test,1,patient30665/study1/view1_frontal.dcm,raddino_finetuned_v1,0.11395263671875,0.56,absent,0.273193359375,0.5,absent,0.03521728515625,0.45,absent,0.0413818359375,0.453857,absent,0.0738525390625,0.6,absent,0.02630615234375,0.28,absent,0.1456298828125,0.33,absent,0.10211181640625,0.42,absent,0.0225067138671875,0.39,absent,0.0970458984375,0.62,absent,0.105224609375,0.35,absent,0.0144500732421875,0.45,absent
patient30665/study10,patient30665,test,2,patient30665/study10/view1_frontal.dcm|patient30665/study10/view2_lateral.dcm,raddino_finetuned_v1,0.337158203125,0.56,absent,0.83837890625,0.5,present,0.439453125,0.45,absent,0.319091796875,0.453857,absent,0.791015625,0.6,present,0.5,0.28,present,0.1190185546875,0.33,absent,0.5595703125,0.42,present,0.347900390625,0.39,absent,0.638671875,0.62,present,0.273681640625,0.35,absent,0.39111328125,0.45,absent
patient30665/study3,patient30665,test,1,patient30665/study3/view1_frontal.dcm,raddino_finetuned_v1,0.018768310546875,0.56,absent,0.2325439453125,0.5,absent,0.0234222412109375,0.45,absent,0.059326171875,0.453857,absent,0.0303802490234375,0.6,absent,0.0060272216796875,0.28,absent,0.039276123046875,0.33,absent,0.0263519287109375,0.42,absent,0.017913818359375,0.39,absent,0.08477783203125,0.62,absent,0.1361083984375,0.35,absent,0.01312255859375,0.45,absent
patient30665/study4,patient30665,test,1,patient30665/study4/view1_frontal.dcm,raddino_finetuned_v1,0.218017578125,0.56,absent,0.68115234375,0.5,present,0.168212890625,0.45,absent,0.416259765625,0.453857,absent,0.24169921875,0.6,absent,0.134033203125,0.28,absent,0.055206298828125,0.33,absent,0.1240234375,0.42,absent,0.045867919921875,0.39,absent,0.36279296875,0.62,absent,0.390380859375,0.35,present,0.0384521484375,0.45,absent
patient31054/study3,patient31054,test,1,patient31054/study3/view1_frontal.dcm,raddino_finetuned_v1,0.262939453125,0.56,absent,0.2427978515625,0.5,absent,0.67626953125,0.45,present,0.3203125,0.453857,absent,0.331298828125,0.6,absent,0.62841796875,0.28,present,0.0709228515625,0.33,absent,0.1556396484375,0.42,absent,0.23193359375,0.39,absent,0.59912109375,0.62,absent,0.17041015625,0.35,absent,0.0816650390625,0.45,absent
patient31054/study4,patient31054,test,1,patient31054/study4/view1_frontal.dcm,raddino_finetuned_v1,0.64892578125,0.56,present,0.165771484375,0.5,absent,0.826171875,0.45,present,0.802734375,0.453857,present,0.86181640625,0.6,present,0.465087890625,0.28,present,0.3798828125,0.33,present,0.5283203125,0.42,present,0.137939453125,0.39,absent,0.900390625,0.62,present,0.494140625,0.35,present,0.06939697265625,0.45,absent
patient31054/study6,patient31054,test,1,patient31054/study6/view1_frontal.dcm,raddino_finetuned_v1,0.78955078125,0.56,present,0.4052734375,0.5,absent,0.81787109375,0.45,present,0.78369140625,0.453857,present,0.8818359375,0.6,present,0.673828125,0.28,present,0.1502685546875,0.33,absent,0.377197265625,0.42,absent,0.7841796875,0.39,present,0.9267578125,0.62,present,0.8701171875,0.35,present,0.51513671875,0.45,present
patient31054/study7,patient31054,test,1,patient31054/study7/view1_frontal.dcm,raddino_finetuned_v1,0.444580078125,0.56,absent,0.1265869140625,0.5,absent,0.38232421875,0.45,absent,0.2322998046875,0.453857,absent,0.48974609375,0.6,absent,0.2135009765625,0.28,absent,0.1007080078125,0.33,absent,0.1702880859375,0.42,absent,0.32763671875,0.39,absent,0.5986328125,0.62,absent,0.5986328125,0.35,present,0.0439453125,0.45,absent
patient31313/study1,patient31313,test,1,patient31313/study1/view1_frontal.dcm,raddino_finetuned_v1,0.10821533203125,0.56,absent,0.012481689453125,0.5,absent,0.014556884765625,0.45,absent,0.0185394287109375,0.453857,absent,0.04742431640625,0.6,absent,0.02630615234375,0.28,absent,0.07977294921875,0.33,absent,0.1517333984375,0.42,absent,0.033203125,0.39,absent,0.107421875,0.62,absent,0.0058441162109375,0.35,absent,0.007518768310546875,0.45,absent
patient31313/study10,patient31313,test,1,patient31313/study10/view1_frontal.dcm,raddino_finetuned_v1,0.06671142578125,0.56,absent,0.0531005859375,0.5,absent,0.0792236328125,0.45,absent,0.078369140625,0.453857,absent,0.110107421875,0.6,absent,0.041229248046875,0.28,absent,0.0816650390625,0.33,absent,0.043609619140625,0.42,absent,0.05792236328125,0.39,absent,0.08251953125,0.62,absent,0.023773193359375,0.35,absent,0.06842041015625,0.45,absent
patient31313/study11,patient31313,test,1,patient31313/study11/view1_frontal.dcm,raddino_finetuned_v1,0.042724609375,0.56,absent,0.05340576171875,0.5,absent,0.06964111328125,0.45,absent,0.0755615234375,0.453857,absent,0.0753173828125,0.6,absent,0.03643798828125,0.28,absent,0.0274810791015625,0.33,absent,0.023193359375,0.42,absent,0.015960693359375,0.39,absent,0.046539306640625,0.62,absent,0.0143890380859375,0.35,absent,0.054412841796875,0.45,absent
patient31313/study12,patient31313,test,1,patient31313/study12/view1_frontal.dcm,raddino_finetuned_v1,0.3017578125,0.56,absent,0.38525390625,0.5,absent,0.2156982421875,0.45,absent,0.324951171875,0.453857,absent,0.64501953125,0.6,present,0.171630859375,0.28,absent,0.135009765625,0.33,absent,0.373046875,0.42,absent,0.094482421875,0.39,absent,0.306640625,0.62,absent,0.06463623046875,0.35,absent,0.12347412109375,0.45,absent
patient31370/study3,patient31370,test,1,patient31370/study3/view1_frontal.dcm,raddino_finetuned_v1,0.21240234375,0.56,absent,0.06085205078125,0.5,absent,0.218505859375,0.45,absent,0.146484375,0.453857,absent,0.16845703125,0.6,absent,0.1361083984375,0.28,absent,0.252685546875,0.33,absent,0.2418212890625,0.42,absent,0.2939453125,0.39,absent,0.272216796875,0.62,absent,0.06982421875,0.35,absent,0.09136962890625,0.45,absent
patient31370/study4,patient31370,test,1,patient31370/study4/view1_frontal.dcm,raddino_finetuned_v1,0.39599609375,0.56,absent,0.35595703125,0.5,absent,0.310791015625,0.45,absent,0.1630859375,0.453857,absent,0.2264404296875,0.6,absent,0.301025390625,0.28,present,0.06292724609375,0.33,absent,0.32177734375,0.42,absent,0.66357421875,0.39,present,0.56103515625,0.62,absent,0.11126708984375,0.35,absent,0.09600830078125,0.45,absent
patient32092/study4,patient32092,test,1,patient32092/study4/view1_frontal.dcm,raddino_finetuned_v1,0.0197906494140625,0.56,absent,0.07196044921875,0.5,absent,0.044677734375,0.45,absent,0.063232421875,0.453857,absent,0.0173797607421875,0.6,absent,0.024749755859375,0.28,absent,0.01666259765625,0.33,absent,0.0115966796875,0.42,absent,0.0141754150390625,0.39,absent,0.08709716796875,0.62,absent,0.026153564453125,0.35,absent,0.06524658203125,0.45,absent
patient32155/study1,patient32155,test,2,patient32155/study1/view1_frontal.dcm|patient32155/study1/view2_lateral.dcm,raddino_finetuned_v1,0.1121826171875,0.56,absent,0.1700439453125,0.5,absent,0.205322265625,0.45,absent,0.04302978515625,0.453857,absent,0.394775390625,0.6,absent,0.2374267578125,0.28,absent,0.1326904296875,0.33,absent,0.1259765625,0.42,absent,0.1771240234375,0.39,absent,0.452880859375,0.62,absent,0.06561279296875,0.35,absent,0.35986328125,0.45,absent
patient32435/study2,patient32435,test,2,patient32435/study2/view1_frontal.dcm|patient32435/study2/view2_lateral.dcm,raddino_finetuned_v1,0.537109375,0.56,absent,0.361083984375,0.5,absent,0.448974609375,0.45,absent,0.2310791015625,0.453857,absent,0.791015625,0.6,present,0.6259765625,0.28,present,0.218017578125,0.33,absent,0.374755859375,0.42,absent,0.583984375,0.39,present,0.87841796875,0.62,present,0.2049560546875,0.35,absent,0.60107421875,0.45,present
patient32622/study1,patient32622,test,1,patient32622/study1/view1_frontal.dcm,raddino_finetuned_v1,0.296142578125,0.56,absent,0.003551483154296875,0.5,absent,0.038909912109375,0.45,absent,0.017578125,0.453857,absent,0.153564453125,0.6,absent,0.133544921875,0.28,absent,0.5166015625,0.33,present,0.11419677734375,0.42,absent,0.327880859375,0.39,absent,0.61328125,0.62,absent,0.0283355712890625,0.35,absent,0.1849365234375,0.45,absent
patient32751/study1,patient32751,test,1,patient32751/study1/view1_frontal.dcm,raddino_finetuned_v1,0.05877685546875,0.56,absent,0.0301513671875,0.5,absent,0.0360107421875,0.45,absent,0.0823974609375,0.453857,absent,0.043701171875,0.6,absent,0.08740234375,0.28,absent,0.01971435546875,0.33,absent,0.0439453125,0.42,absent,0.1280517578125,0.39,absent,0.1497802734375,0.62,absent,0.05108642578125,0.35,absent,0.056640625,0.45,absent
patient32751/study10,patient32751,test,1,patient32751/study10/view1_frontal.dcm,raddino_finetuned_v1,0.1754150390625,0.56,absent,0.2044677734375,0.5,absent,0.43359375,0.45,absent,0.2744140625,0.453857,absent,0.2763671875,0.6,absent,0.287841796875,0.28,present,0.09283447265625,0.33,absent,0.03656005859375,0.42,absent,0.1263427734375,0.39,absent,0.333251953125,0.62,absent,0.1427001953125,0.35,absent,0.0838623046875,0.45,absent
patient32751/study11,patient32751,test,1,patient32751/study11/view1_frontal.dcm,raddino_finetuned_v1,0.05718994140625,0.56,absent,0.041839599609375,0.5,absent,0.150390625,0.45,absent,0.034027099609375,0.453857,absent,0.0987548828125,0.6,absent,0.0953369140625,0.28,absent,0.006824493408203125,0.33,absent,0.03289794921875,0.42,absent,0.00981903076171875,0.39,absent,0.0704345703125,0.62,absent,0.0180511474609375,0.35,absent,0.00498199462890625,0.45,absent
patient32751/study12,patient32751,test,1,patient32751/study12/view1_frontal.dcm,raddino_finetuned_v1,0.06500244140625,0.56,absent,0.09124755859375,0.5,absent,0.1514892578125,0.45,absent,0.06890869140625,0.453857,absent,0.10931396484375,0.6,absent,0.10430908203125,0.28,absent,0.0213623046875,0.33,absent,0.0360107421875,0.42,absent,0.0083465576171875,0.39,absent,0.122314453125,0.62,absent,0.0199432373046875,0.35,absent,0.007755279541015625,0.45,absent
patient32862/study5,patient32862,test,1,patient32862/study5/view1_frontal.dcm,raddino_finetuned_v1,0.75927734375,0.56,present,0.779296875,0.5,present,0.34228515625,0.45,absent,0.85107421875,0.453857,present,0.5732421875,0.6,absent,0.04443359375,0.28,absent,0.097900390625,0.33,absent,0.1121826171875,0.42,absent,0.134033203125,0.39,absent,0.74169921875,0.62,present,0.892578125,0.35,present,0.04302978515625,0.45,absent
patient33252/study1,patient33252,test,1,patient33252/study1/view1_frontal.dcm,raddino_finetuned_v1,0.01363372802734375,0.56,absent,0.0311431884765625,0.5,absent,0.058990478515625,0.45,absent,0.024993896484375,0.453857,absent,0.0197601318359375,0.6,absent,0.0191650390625,0.28,absent,0.019378662109375,0.33,absent,0.039337158203125,0.42,absent,0.007373809814453125,0.39,absent,0.057281494140625,0.62,absent,0.0296478271484375,0.35,absent,0.03802490234375,0.45,absent
patient33252/study2,patient33252,test,2,patient33252/study2/view1_frontal.dcm|patient33252/study2/view2_lateral.dcm,raddino_finetuned_v1,0.43798828125,0.56,absent,0.67724609375,0.5,present,0.578125,0.45,present,0.337646484375,0.453857,absent,0.6494140625,0.6,present,0.27490234375,0.28,absent,0.301025390625,0.33,absent,0.60498046875,0.42,present,0.451416015625,0.39,present,0.76220703125,0.62,present,0.41796875,0.35,present,0.60302734375,0.45,present
patient33252/study3,patient33252,test,1,patient33252/study3/view1_frontal.dcm,raddino_finetuned_v1,0.06658935546875,0.56,absent,0.1644287109375,0.5,absent,0.251953125,0.45,absent,0.091064453125,0.453857,absent,0.0784912109375,0.6,absent,0.070068359375,0.28,absent,0.0169219970703125,0.33,absent,0.09332275390625,0.42,absent,0.0704345703125,0.39,absent,0.16845703125,0.62,absent,0.1041259765625,0.35,absent,0.292236328125,0.45,absent
patient33278/study1,patient33278,test,1,patient33278/study1/view1_frontal.dcm,raddino_finetuned_v1,0.90234375,0.56,present,0.8388671875,0.5,present,0.79296875,0.45,present,0.767578125,0.453857,present,0.78515625,0.6,present,0.716796875,0.28,present,0.2239990234375,0.33,absent,0.85400390625,0.42,present,0.52392578125,0.39,present,0.91162109375,0.62,present,0.66259765625,0.35,present,0.363037109375,0.45,absent
patient33278/study10,patient33278,test,1,patient33278/study10/view1_frontal.dcm,raddino_finetuned_v1,0.171875,0.56,absent,0.1478271484375,0.5,absent,0.279296875,0.45,absent,0.38916015625,0.453857,absent,0.361572265625,0.6,absent,0.08135986328125,0.28,absent,0.0323486328125,0.33,absent,0.219970703125,0.42,absent,0.07208251953125,0.39,absent,0.43994140625,0.62,absent,0.048492431640625,0.35,absent,0.0231475830078125,0.45,absent
patient33278/study2,patient33278,test,1,patient33278/study2/view1_frontal.dcm,raddino_finetuned_v1,0.751953125,0.56,present,0.6826171875,0.5,present,0.61865234375,0.45,present,0.61767578125,0.453857,present,0.64453125,0.6,present,0.3935546875,0.28,present,0.075439453125,0.33,absent,0.78076171875,0.42,present,0.32373046875,0.39,absent,0.74951171875,0.62,present,0.36962890625,0.35,present,0.08343505859375,0.45,absent
patient33278/study3,patient33278,test,1,patient33278/study3/view1_frontal.dcm,raddino_finetuned_v1,0.0323486328125,0.56,absent,0.0526123046875,0.5,absent,0.0147857666015625,0.45,absent,0.050811767578125,0.453857,absent,0.051666259765625,0.6,absent,0.0038394927978515625,0.28,absent,0.012054443359375,0.33,absent,0.07904052734375,0.42,absent,0.01287078857421875,0.39,absent,0.05072021484375,0.62,absent,0.015960693359375,0.35,absent,0.00867462158203125,0.45,absent
patient33584/study10,patient33584,test,1,patient33584/study10/view1_frontal.dcm,raddino_finetuned_v1,0.78662109375,0.56,present,0.7841796875,0.5,present,0.89892578125,0.45,present,0.72998046875,0.453857,present,0.767578125,0.6,present,0.80224609375,0.28,present,0.498046875,0.33,present,0.60107421875,0.42,present,0.40185546875,0.39,present,0.9072265625,0.62,present,0.423095703125,0.35,present,0.35205078125,0.45,absent
patient33584/study11,patient33584,test,1,patient33584/study11/view1_frontal.dcm,raddino_finetuned_v1,0.1483154296875,0.56,absent,0.0982666015625,0.5,absent,0.106689453125,0.45,absent,0.080810546875,0.453857,absent,0.313720703125,0.6,absent,0.106689453125,0.28,absent,0.287841796875,0.33,absent,0.05877685546875,0.42,absent,0.12139892578125,0.39,absent,0.34765625,0.62,absent,0.1949462890625,0.35,absent,0.0185089111328125,0.45,absent
patient33584/study12,patient33584,test,1,patient33584/study12/view1_frontal.dcm,raddino_finetuned_v1,0.10211181640625,0.56,absent,0.07989501953125,0.5,absent,0.1572265625,0.45,absent,0.08868408203125,0.453857,absent,0.114990234375,0.6,absent,0.1236572265625,0.28,absent,0.1463623046875,0.33,absent,0.1365966796875,0.42,absent,0.047943115234375,0.39,absent,0.195556640625,0.62,absent,0.1221923828125,0.35,absent,0.01751708984375,0.45,absent
patient33584/study13,patient33584,test,1,patient33584/study13/view1_frontal.dcm,raddino_finetuned_v1,0.058441162109375,0.56,absent,0.039947509765625,0.5,absent,0.039794921875,0.45,absent,0.057586669921875,0.453857,absent,0.12493896484375,0.6,absent,0.07489013671875,0.28,absent,0.0190887451171875,0.33,absent,0.2047119140625,0.42,absent,0.255615234375,0.39,absent,0.2060546875,0.62,absent,0.10595703125,0.35,absent,0.139404296875,0.45,absent
patient33642/study1,patient33642,test,1,patient33642/study1/view1_frontal.dcm,raddino_finetuned_v1,0.04327392578125,0.56,absent,0.0104522705078125,0.5,absent,0.057708740234375,0.45,absent,0.0147857666015625,0.453857,absent,0.0504150390625,0.6,absent,0.0211181640625,0.28,absent,0.11163330078125,0.33,absent,0.0112457275390625,0.42,absent,0.045867919921875,0.39,absent,0.047332763671875,0.62,absent,0.007904052734375,0.35,absent,0.01560211181640625,0.45,absent
patient33642/study10,patient33642,test,1,patient33642/study10/view1_frontal.dcm,raddino_finetuned_v1,0.024749755859375,0.56,absent,0.01129150390625,0.5,absent,0.304931640625,0.45,absent,0.048675537109375,0.453857,absent,0.03271484375,0.6,absent,0.2481689453125,0.28,absent,0.004680633544921875,0.33,absent,0.00661468505859375,0.42,absent,0.0872802734375,0.39,absent,0.236572265625,0.62,absent,0.00595855712890625,0.35,absent,0.033660888671875,0.45,absent
patient33642/study11,patient33642,test,2,patient33642/study11/view1_frontal.dcm|patient33642/study11/view2_lateral.dcm,raddino_finetuned_v1,0.1629638671875,0.56,absent,0.344970703125,0.5,absent,0.0966796875,0.45,absent,0.06951904296875,0.453857,absent,0.3681640625,0.6,absent,0.1683349609375,0.28,absent,0.08709716796875,0.33,absent,0.26025390625,0.42,absent,0.52392578125,0.39,present,0.5302734375,0.62,absent,0.1435546875,0.35,absent,0.8544921875,0.45,present
patient33642/study12,patient33642,test,1,patient33642/study12/view1_frontal.dcm,raddino_finetuned_v1,0.255615234375,0.56,absent,0.5029296875,0.5,present,0.37109375,0.45,absent,0.408447265625,0.453857,absent,0.43896484375,0.6,absent,0.44921875,0.28,present,0.08538818359375,0.33,absent,0.2239990234375,0.42,absent,0.25341796875,0.39,absent,0.822265625,0.62,present,0.219970703125,0.35,absent,0.48291015625,0.45,present
patient33753/study2,patient33753,test,1,patient33753/study2/view1_frontal.dcm,raddino_finetuned_v1,0.033905029296875,0.56,absent,0.0394287109375,0.5,absent,0.06451416015625,0.45,absent,0.06878662109375,0.453857,absent,0.1236572265625,0.6,absent,0.06982421875,0.28,absent,0.00257110595703125,0.33,absent,0.00260162353515625,0.42,absent,0.037322998046875,0.39,absent,0.12115478515625,0.62,absent,0.14404296875,0.35,absent,0.0154876708984375,0.45,absent
patient33879/study1,patient33879,test,2,patient33879/study1/view1_frontal.dcm|patient33879/study1/view2_lateral.dcm,raddino_finetuned_v1,0.3544921875,0.56,absent,0.1800537109375,0.5,absent,0.3935546875,0.45,absent,0.06536865234375,0.453857,absent,0.72412109375,0.6,present,0.63232421875,0.28,present,0.1517333984375,0.33,absent,0.288330078125,0.42,absent,0.265380859375,0.39,absent,0.765625,0.62,present,0.03662109375,0.35,absent,0.42529296875,0.45,absent
patient34037/study1,patient34037,test,1,patient34037/study1/view1_frontal.dcm,raddino_finetuned_v1,0.0136871337890625,0.56,absent,0.04132080078125,0.5,absent,0.0216217041015625,0.45,absent,0.038177490234375,0.453857,absent,0.06396484375,0.6,absent,0.008575439453125,0.28,absent,0.0162200927734375,0.33,absent,0.009674072265625,0.42,absent,0.0070648193359375,0.39,absent,0.03460693359375,0.62,absent,0.0210418701171875,0.35,absent,0.0090179443359375,0.45,absent
patient34037/study10,patient34037,test,1,patient34037/study10/view1_frontal.dcm,raddino_finetuned_v1,0.049407958984375,0.56,absent,0.03790283203125,0.5,absent,0.0869140625,0.45,absent,0.1165771484375,0.453857,absent,0.1217041015625,0.6,absent,0.037109375,0.28,absent,0.0836181640625,0.33,absent,0.070068359375,0.42,absent,0.01983642578125,0.39,absent,0.1318359375,0.62,absent,0.03607177734375,0.35,absent,0.005512237548828125,0.45,absent
patient34037/study11,patient34037,test,1,patient34037/study11/view1_frontal.dcm,raddino_finetuned_v1,0.03192138671875,0.56,absent,0.061187744140625,0.5,absent,0.1610107421875,0.45,absent,0.1505126953125,0.453857,absent,0.07354736328125,0.6,absent,0.1114501953125,0.28,absent,0.0203399658203125,0.33,absent,0.033599853515625,0.42,absent,0.0205230712890625,0.39,absent,0.1536865234375,0.62,absent,0.019561767578125,0.35,absent,0.01132965087890625,0.45,absent
patient34037/study12,patient34037,test,1,patient34037/study12/view1_frontal.dcm,raddino_finetuned_v1,0.08209228515625,0.56,absent,0.178955078125,0.5,absent,0.380615234375,0.45,absent,0.4443359375,0.453857,absent,0.342529296875,0.6,absent,0.1534423828125,0.28,absent,0.044189453125,0.33,absent,0.28173828125,0.42,absent,0.0207672119140625,0.39,absent,0.3984375,0.62,absent,0.05419921875,0.35,absent,0.0154266357421875,0.45,absent
patient34043/study11,patient34043,test,1,patient34043/study11/view1_frontal.dcm,raddino_finetuned_v1,0.014617919921875,0.56,absent,0.1094970703125,0.5,absent,0.1422119140625,0.45,absent,0.05389404296875,0.453857,absent,0.053802490234375,0.6,absent,0.03326416015625,0.28,absent,0.0030040740966796875,0.33,absent,0.02484130859375,0.42,absent,0.00867462158203125,0.39,absent,0.047149658203125,0.62,absent,0.0212860107421875,0.35,absent,0.00981903076171875,0.45,absent
patient34043/study3,patient34043,test,1,patient34043/study3/view1_frontal.dcm,raddino_finetuned_v1,0.021240234375,0.56,absent,0.0863037109375,0.5,absent,0.06817626953125,0.45,absent,0.01507568359375,0.453857,absent,0.09722900390625,0.6,absent,0.060302734375,0.28,absent,0.00989532470703125,0.33,absent,0.07666015625,0.42,absent,0.0101318359375,0.39,absent,0.080810546875,0.62,absent,0.018341064453125,0.35,absent,0.0217742919921875,0.45,absent
patient34043/study7,patient34043,test,1,patient34043/study7/view1_frontal.dcm,raddino_finetuned_v1,0.0016040802001953125,0.56,absent,0.0153045654296875,0.5,absent,0.002834320068359375,0.45,absent,0.007122039794921875,0.453857,absent,0.01467132568359375,0.6,absent,0.004486083984375,0.28,absent,0.003765106201171875,0.33,absent,0.00916290283203125,0.42,absent,0.00279998779296875,0.39,absent,0.010528564453125,0.62,absent,0.01111602783203125,0.35,absent,0.003650665283203125,0.45,absent
patient34043/study9,patient34043,test,1,patient34043/study9/view1_frontal.dcm,raddino_finetuned_v1,0.00547027587890625,0.56,absent,0.06561279296875,0.5,absent,0.043212890625,0.45,absent,0.0141143798828125,0.453857,absent,0.02691650390625,0.6,absent,0.0316162109375,0.28,absent,0.0018529891967773438,0.33,absent,0.00894927978515625,0.42,absent,0.01214599609375,0.39,absent,0.01450347900390625,0.62,absent,0.0165863037109375,0.35,absent,0.004329681396484375,0.45,absent
patient34213/study1,patient34213,test,1,patient34213/study1/view1_frontal.dcm,raddino_finetuned_v1,0.04327392578125,0.56,absent,0.01016998291015625,0.5,absent,0.0211639404296875,0.45,absent,0.03839111328125,0.453857,absent,0.157470703125,0.6,absent,0.0240478515625,0.28,absent,0.037322998046875,0.33,absent,0.1309814453125,0.42,absent,0.011871337890625,0.39,absent,0.1927490234375,0.62,absent,0.00933837890625,0.35,absent,0.034881591796875,0.45,absent
patient34213/study10,patient34213,test,1,patient34213/study10/view1_frontal.dcm,raddino_finetuned_v1,0.0262603759765625,0.56,absent,0.007289886474609375,0.5,absent,0.0069580078125,0.45,absent,0.05572509765625,0.453857,absent,0.1771240234375,0.6,absent,0.0191650390625,0.28,absent,0.0258636474609375,0.33,absent,0.0232391357421875,0.42,absent,0.01024627685546875,0.39,absent,0.0391845703125,0.62,absent,0.004070281982421875,0.35,absent,0.004756927490234375,0.45,absent
patient34213/study11,patient34213,test,1,patient34213/study11/view1_frontal.dcm,raddino_finetuned_v1,0.01116180419921875,0.56,absent,0.00766754150390625,0.5,absent,0.025177001953125,0.45,absent,0.050811767578125,0.453857,absent,0.050140380859375,0.6,absent,0.0221099853515625,0.28,absent,0.0300445556640625,0.33,absent,0.014007568359375,0.42,absent,0.00395965576171875,0.39,absent,0.039337158203125,0.62,absent,0.00482940673828125,0.35,absent,0.002208709716796875,0.45,absent
patient34213/study12,patient34213,test,1,patient34213/study12/view1_frontal.dcm,raddino_finetuned_v1,0.038330078125,0.56,absent,0.0222015380859375,0.5,absent,0.04534912109375,0.45,absent,0.1202392578125,0.453857,absent,0.31689453125,0.6,absent,0.01312255859375,0.28,absent,0.0120086669921875,0.33,absent,0.12103271484375,0.42,absent,0.0182952880859375,0.39,absent,0.097412109375,0.62,absent,0.01142120361328125,0.35,absent,0.0032863616943359375,0.45,absent
patient34475/study1,patient34475,test,1,patient34475/study1/view1_frontal.dcm,raddino_finetuned_v1,0.0194244384765625,0.56,absent,0.0023593902587890625,0.5,absent,0.0074615478515625,0.45,absent,0.01282501220703125,0.453857,absent,0.012054443359375,0.6,absent,0.0156707763671875,0.28,absent,0.07965087890625,0.33,absent,0.0150146484375,0.42,absent,0.01146697998046875,0.39,absent,0.03253173828125,0.62,absent,0.0027790069580078125,0.35,absent,0.0029582977294921875,0.45,absent
patient34475/study10,patient34475,test,2,patient34475/study10/view1_frontal.dcm|patient34475/study10/view2_lateral.dcm,raddino_finetuned_v1,0.2352294921875,0.56,absent,0.06243896484375,0.5,absent,0.306884765625,0.45,absent,0.1041259765625,0.453857,absent,0.58447265625,0.6,absent,0.52001953125,0.28,present,0.11932373046875,0.33,absent,0.35009765625,0.42,absent,0.693359375,0.39,present,0.767578125,0.62,present,0.064208984375,0.35,absent,0.68505859375,0.45,present
patient34475/study11,patient34475,test,1,patient34475/study11/view1_frontal.dcm,raddino_finetuned_v1,0.1304931640625,0.56,absent,0.047943115234375,0.5,absent,0.147216796875,0.45,absent,0.0953369140625,0.453857,absent,0.1275634765625,0.6,absent,0.10540771484375,0.28,absent,0.293212890625,0.33,absent,0.06671142578125,0.42,absent,0.10687255859375,0.39,absent,0.280029296875,0.62,absent,0.00473785400390625,0.35,absent,0.02203369140625,0.45,absent
patient34475/study12,patient34475,test,2,patient34475/study12/view1_frontal.dcm|patient34475/study12/view2_lateral.dcm,raddino_finetuned_v1,0.1416015625,0.56,absent,0.1795654296875,0.5,absent,0.43896484375,0.45,absent,0.2161865234375,0.453857,absent,0.740234375,0.6,present,0.63671875,0.28,present,0.14599609375,0.33,absent,0.302978515625,0.42,absent,0.289794921875,0.39,absent,0.78515625,0.62,present,0.060302734375,0.35,absent,0.51806640625,0.45,present
patient34654/study2,patient34654,test,1,patient34654/study2/view1_frontal.dcm,raddino_finetuned_v1,0.90576171875,0.56,present,0.6728515625,0.5,present,0.90576171875,0.45,present,0.7802734375,0.453857,present,0.75,0.6,present,0.7080078125,0.28,present,0.5537109375,0.33,present,0.84765625,0.42,present,0.7138671875,0.39,present,0.92822265625,0.62,present,0.7880859375,0.35,present,0.58447265625,0.45,present
patient34654/study3,patient34654,test,1,patient34654/study3/view1_frontal.dcm,raddino_finetuned_v1,0.56396484375,0.56,present,0.1995849609375,0.5,absent,0.45458984375,0.45,present,0.4521484375,0.453857,absent,0.458251953125,0.6,absent,0.4345703125,0.28,present,0.36083984375,0.33,present,0.6025390625,0.42,present,0.491455078125,0.39,present,0.6748046875,0.62,present,0.2410888671875,0.35,absent,0.2142333984375,0.45,absent
patient34654/study4,patient34654,test,1,patient34654/study4/view1_frontal.dcm,raddino_finetuned_v1,0.9345703125,0.56,present,0.76806640625,0.5,present,0.9501953125,0.45,present,0.91064453125,0.453857,present,0.89697265625,0.6,present,0.875,0.28,present,0.7099609375,0.33,present,0.78515625,0.42,present,0.76123046875,0.39,present,0.9560546875,0.62,present,0.83447265625,0.35,present,0.5869140625,0.45,present
patient34654/study5,patient34654,test,1,patient34654/study5/view1_frontal.dcm,raddino_finetuned_v1,0.8037109375,0.56,present,0.376708984375,0.5,absent,0.82421875,0.45,present,0.62451171875,0.453857,present,0.85400390625,0.6,present,0.74560546875,0.28,present,0.445068359375,0.33,present,0.6904296875,0.42,present,0.6884765625,0.39,present,0.92578125,0.62,present,0.361572265625,0.35,present,0.47509765625,0.45,present
patient34677/study1,patient34677,test,1,patient34677/study1/view1_frontal.dcm,raddino_finetuned_v1,0.0262603759765625,0.56,absent,0.11126708984375,0.5,absent,0.0228424072265625,0.45,absent,0.12335205078125,0.453857,absent,0.10467529296875,0.6,absent,0.0322265625,0.28,absent,0.0245208740234375,0.33,absent,0.007038116455078125,0.42,absent,0.01358795166015625,0.39,absent,0.31787109375,0.62,absent,0.10302734375,0.35,absent,0.07611083984375,0.45,absent
patient34677/study10,patient34677,test,1,patient34677/study10/view1_frontal.dcm,raddino_finetuned_v1,0.053985595703125,0.56,absent,0.0755615234375,0.5,absent,0.0782470703125,0.45,absent,0.1253662109375,0.453857,absent,0.2259521484375,0.6,absent,0.04296875,0.28,absent,0.00847625732421875,0.33,absent,0.042877197265625,0.42,absent,0.050048828125,0.39,absent,0.397705078125,0.62,absent,0.3701171875,0.35,present,0.044677734375,0.45,absent
patient34677/study11,patient34677,test,1,patient34677/study11/view1_frontal.dcm,raddino_finetuned_v1,0.387939453125,0.56,absent,0.447509765625,0.5,absent,0.22216796875,0.45,absent,0.34814453125,0.453857,absent,0.431640625,0.6,absent,0.155029296875,0.28,absent,0.053314208984375,0.33,absent,0.0537109375,0.42,absent,0.1405029296875,0.39,absent,0.8388671875,0.62,present,0.70556640625,0.35,present,0.05511474609375,0.45,absent
patient34677/study2,patient34677,test,1,patient34677/study2/view1_frontal.dcm,raddino_finetuned_v1,0.2059326171875,0.56,absent,0.64111328125,0.5,present,0.06878662109375,0.45,absent,0.277587890625,0.453857,absent,0.053314208984375,0.6,absent,0.1927490234375,0.28,absent,0.05780029296875,0.33,absent,0.095703125,0.42,absent,0.0289764404296875,0.39,absent,0.398681640625,0.62,absent,0.458984375,0.35,present,0.054107666015625,0.45,absent
patient34811/study2,patient34811,test,1,patient34811/study2/view1_frontal.dcm,raddino_finetuned_v1,0.10540771484375,0.56,absent,0.0169219970703125,0.5,absent,0.0310821533203125,0.45,absent,0.1568603515625,0.453857,absent,0.2469482421875,0.6,absent,0.040618896484375,0.28,absent,0.01337432861328125,0.33,absent,0.08660888671875,0.42,absent,0.08978271484375,0.39,absent,0.412109375,0.62,absent,0.01107025146484375,0.35,absent,0.12408447265625,0.45,absent
patient34811/study3,patient34811,test,1,patient34811/study3/view1_frontal.dcm,raddino_finetuned_v1,0.135498046875,0.56,absent,0.014007568359375,0.5,absent,0.06683349609375,0.45,absent,0.26611328125,0.453857,absent,0.341064453125,0.6,absent,0.08050537109375,0.28,absent,0.0050811767578125,0.33,absent,0.08587646484375,0.42,absent,0.058349609375,0.39,absent,0.572265625,0.62,absent,0.0144500732421875,0.35,absent,0.1134033203125,0.45,absent
patient34811/study4,patient34811,test,1,patient34811/study4/view1_frontal.dcm,raddino_finetuned_v1,0.0809326171875,0.56,absent,0.0121917724609375,0.5,absent,0.01337432861328125,0.45,absent,0.05291748046875,0.453857,absent,0.1353759765625,0.6,absent,0.0305023193359375,0.28,absent,0.005344390869140625,0.33,absent,0.02880859375,0.42,absent,0.01763916015625,0.39,absent,0.2091064453125,0.62,absent,0.0070953369140625,0.35,absent,0.05560302734375,0.45,absent
patient34811/study5,patient34811,test,1,patient34811/study5/view1_frontal.dcm,raddino_finetuned_v1,0.09271240234375,0.56,absent,0.00669097900390625,0.5,absent,0.01358795166015625,0.45,absent,0.036773681640625,0.453857,absent,0.1258544921875,0.6,absent,0.0360107421875,0.28,absent,0.006877899169921875,0.33,absent,0.0740966796875,0.42,absent,0.01433563232421875,0.39,absent,0.172119140625,0.62,absent,0.004230499267578125,0.35,absent,0.07305908203125,0.45,absent
patient34866/study2,patient34866,test,1,patient34866/study2/view1_frontal.dcm,raddino_finetuned_v1,0.1942138671875,0.56,absent,0.611328125,0.5,present,0.036285400390625,0.45,absent,0.72705078125,0.453857,present,0.4169921875,0.6,absent,0.0496826171875,0.28,absent,0.01107025146484375,0.33,absent,0.154052734375,0.42,absent,0.038909912109375,0.39,absent,0.40234375,0.62,absent,0.53369140625,0.35,present,0.0261077880859375,0.45,absent
patient34914/study1,patient34914,test,1,patient34914/study1/view1_frontal.dcm,raddino_finetuned_v1,0.98095703125,0.56,present,0.958984375,0.5,present,0.9794921875,0.45,present,0.9921875,0.453857,present,0.98193359375,0.6,present,0.78955078125,0.28,present,0.6328125,0.33,present,0.55615234375,0.42,present,0.4736328125,0.39,present,0.994140625,0.62,present,0.9521484375,0.35,present,0.4814453125,0.45,present
patient34914/study14,patient34914,test,1,patient34914/study14/view1_frontal.dcm,raddino_finetuned_v1,0.8447265625,0.56,present,0.8828125,0.5,present,0.779296875,0.45,present,0.9306640625,0.453857,present,0.7529296875,0.6,present,0.4814453125,0.28,present,0.08270263671875,0.33,absent,0.308349609375,0.42,absent,0.0794677734375,0.39,absent,0.85546875,0.62,present,0.80078125,0.35,present,0.160400390625,0.45,absent
patient34914/study2,patient34914,test,1,patient34914/study2/view1_frontal.dcm,raddino_finetuned_v1,0.9609375,0.56,present,0.708984375,0.5,present,0.9677734375,0.45,present,0.95263671875,0.453857,present,0.95068359375,0.6,present,0.59228515625,0.28,present,0.13232421875,0.33,absent,0.401611328125,0.42,absent,0.548828125,0.39,present,0.96533203125,0.62,present,0.8466796875,0.35,present,0.2548828125,0.45,absent
patient34914/study3,patient34914,test,1,patient34914/study3/view1_frontal.dcm,raddino_finetuned_v1,0.89892578125,0.56,present,0.93310546875,0.5,present,0.84228515625,0.45,present,0.9736328125,0.453857,present,0.947265625,0.6,present,0.379150390625,0.28,present,0.28271484375,0.33,absent,0.38623046875,0.42,absent,0.237548828125,0.39,absent,0.97314453125,0.62,present,0.93994140625,0.35,present,0.133544921875,0.45,absent
patient34954/study1,patient34954,test,1,patient34954/study1/view1_frontal.dcm,raddino_finetuned_v1,0.4140625,0.56,absent,0.38037109375,0.5,absent,0.59765625,0.45,present,0.7939453125,0.453857,present,0.60302734375,0.6,present,0.62451171875,0.28,present,0.3818359375,0.33,present,0.72021484375,0.42,present,0.88916015625,0.39,present,0.94970703125,0.62,present,0.63134765625,0.35,present,0.89111328125,0.45,present
patient34954/study2,patient34954,test,1,patient34954/study2/view1_frontal.dcm,raddino_finetuned_v1,0.83447265625,0.56,present,0.365234375,0.5,absent,0.77685546875,0.45,present,0.857421875,0.453857,present,0.810546875,0.6,present,0.86279296875,0.28,present,0.685546875,0.33,present,0.70751953125,0.42,present,0.970703125,0.39,present,0.97802734375,0.62,present,0.744140625,0.35,present,0.94873046875,0.45,present
patient34954/study3,patient34954,test,1,patient34954/study3/view1_frontal.dcm,raddino_finetuned_v1,0.428955078125,0.56,absent,0.5517578125,0.5,present,0.56884765625,0.45,present,0.6826171875,0.453857,present,0.50439453125,0.6,absent,0.595703125,0.28,present,0.5078125,0.33,present,0.5283203125,0.42,present,0.83447265625,0.39,present,0.935546875,0.62,present,0.69775390625,0.35,present,0.8525390625,0.45,present
patient35009/study1,patient35009,test,1,patient35009/study1/view1_frontal.dcm,raddino_finetuned_v1,0.047882080078125,0.56,absent,0.09234619140625,0.5,absent,0.12744140625,0.45,absent,0.38134765625,0.453857,absent,0.339111328125,0.6,absent,0.044769287109375,0.28,absent,0.197265625,0.33,absent,0.06842041015625,0.42,absent,0.233154296875,0.39,absent,0.59375,0.62,absent,0.193115234375,0.35,absent,0.1494140625,0.45,absent
patient35009/study10,patient35009,test,1,patient35009/study10/view1_frontal.dcm,raddino_finetuned_v1,0.03802490234375,0.56,absent,0.037109375,0.5,absent,0.09722900390625,0.45,absent,0.090576171875,0.453857,absent,0.463623046875,0.6,absent,0.07720947265625,0.28,absent,0.01090240478515625,0.33,absent,0.216064453125,0.42,absent,0.054107666015625,0.39,absent,0.3681640625,0.62,absent,0.042877197265625,0.35,absent,0.28076171875,0.45,absent
patient35009/study11,patient35009,test,1,patient35009/study11/view1_frontal.dcm,raddino_finetuned_v1,0.07708740234375,0.56,absent,0.2242431640625,0.5,absent,0.263427734375,0.45,absent,0.10540771484375,0.453857,absent,0.273193359375,0.6,absent,0.323486328125,0.28,present,0.017303466796875,0.33,absent,0.1781005859375,0.42,absent,0.0782470703125,0.39,absent,0.52587890625,0.62,absent,0.1553955078125,0.35,absent,0.11065673828125,0.45,absent
patient35009/study12,patient35009,test,1,patient35009/study12/view1_frontal.dcm,raddino_finetuned_v1,0.05718994140625,0.56,absent,0.0843505859375,0.5,absent,0.1337890625,0.45,absent,0.15087890625,0.453857,absent,0.359619140625,0.6,absent,0.0975341796875,0.28,absent,0.0246124267578125,0.33,absent,0.11981201171875,0.42,absent,0.100341796875,0.39,absent,0.53076171875,0.62,absent,0.1739501953125,0.35,absent,0.29150390625,0.45,absent
patient35104/study1,patient35104,test,1,patient35104/study1/view1_frontal.dcm,raddino_finetuned_v1,0.0021820068359375,0.56,absent,0.006412506103515625,0.5,absent,0.01337432861328125,0.45,absent,0.0119171142578125,0.453857,absent,0.00626373291015625,0.6,absent,0.017242431640625,0.28,absent,0.0041656494140625,0.33,absent,0.0025119781494140625,0.42,absent,0.072509765625,0.39,absent,0.01348114013671875,0.62,absent,0.004665374755859375,0.35,absent,0.00591278076171875,0.45,absent
patient35104/study10,patient35104,test,1,patient35104/study10/view1_frontal.dcm,raddino_finetuned_v1,0.00279998779296875,0.56,absent,0.051544189453125,0.5,absent,0.0775146484375,0.45,absent,0.07366943359375,0.453857,absent,0.0174407958984375,0.6,absent,0.03173828125,0.28,absent,0.00183868408203125,0.33,absent,0.007259368896484375,0.42,absent,0.0082550048828125,0.39,absent,0.0273284912109375,0.62,absent,0.017181396484375,0.35,absent,0.00428009033203125,0.45,absent
patient35104/study11,patient35104,test,1,patient35104/study11/view1_frontal.dcm,raddino_finetuned_v1,0.0147857666015625,0.56,absent,0.0273284912109375,0.5,absent,0.1754150390625,0.45,absent,0.038909912109375,0.453857,absent,0.040374755859375,0.6,absent,0.06268310546875,0.28,absent,0.0214080810546875,0.33,absent,0.00864410400390625,0.42,absent,0.035003662109375,0.39,absent,0.09088134765625,0.62,absent,0.01214599609375,0.35,absent,0.0185089111328125,0.45,absent
patient35104/study12,patient35104,test,1,patient35104/study12/view1_frontal.dcm,raddino_finetuned_v1,0.009521484375,0.56,absent,0.160400390625,0.5,absent,0.09979248046875,0.45,absent,0.1845703125,0.453857,absent,0.060638427734375,0.6,absent,0.11859130859375,0.28,absent,0.01406097412109375,0.33,absent,0.041473388671875,0.42,absent,0.05780029296875,0.39,absent,0.1104736328125,0.62,absent,0.029083251953125,0.35,absent,0.0112457275390625,0.45,absent
patient35139/study1,patient35139,test,1,patient35139/study1/view1_frontal.dcm,raddino_finetuned_v1,0.09222412109375,0.56,absent,0.1346435546875,0.5,absent,0.07879638671875,0.45,absent,0.167236328125,0.453857,absent,0.1763916015625,0.6,absent,0.10821533203125,0.28,absent,0.0248870849609375,0.33,absent,0.1263427734375,0.42,absent,0.133544921875,0.39,absent,0.432373046875,0.62,absent,0.1744384765625,0.35,absent,0.09912109375,0.45,absent
patient35139/study10,patient35139,test,1,patient35139/study10/view1_frontal.dcm,raddino_finetuned_v1,0.0292510986328125,0.56,absent,0.0289306640625,0.5,absent,0.01560211181640625,0.45,absent,0.07763671875,0.453857,absent,0.1181640625,0.6,absent,0.056243896484375,0.28,absent,0.041473388671875,0.33,absent,0.0411376953125,0.42,absent,0.05511474609375,0.39,absent,0.301513671875,0.62,absent,0.06878662109375,0.35,absent,0.0439453125,0.45,absent
patient35139/study11,patient35139,test,1,patient35139/study11/view1_frontal.dcm,raddino_finetuned_v1,0.048675537109375,0.56,absent,0.0205230712890625,0.5,absent,0.006168365478515625,0.45,absent,0.04486083984375,0.453857,absent,0.0863037109375,0.6,absent,0.024932861328125,0.28,absent,0.0174407958984375,0.33,absent,0.0294189453125,0.42,absent,0.05718994140625,0.39,absent,0.10650634765625,0.62,absent,0.04083251953125,0.35,absent,0.01467132568359375,0.45,absent
patient35139/study12,patient35139,test,1,patient35139/study12/view1_frontal.dcm,raddino_finetuned_v1,0.051666259765625,0.56,absent,0.06646728515625,0.5,absent,0.0115509033203125,0.45,absent,0.0738525390625,0.453857,absent,0.09320068359375,0.6,absent,0.0240478515625,0.28,absent,0.0252227783203125,0.33,absent,0.05877685546875,0.42,absent,0.0221099853515625,0.39,absent,0.1300048828125,0.62,absent,0.063232421875,0.35,absent,0.00948333740234375,0.45,absent
patient35167/study16,patient35167,test,1,patient35167/study16/view1_frontal.dcm,raddino_finetuned_v1,0.03271484375,0.56,absent,0.04486083984375,0.5,absent,0.00609588623046875,0.45,absent,0.07275390625,0.453857,absent,0.042572021484375,0.6,absent,0.0180206298828125,0.28,absent,0.0234222412109375,0.33,absent,0.0153045654296875,0.42,absent,0.01306915283203125,0.39,absent,0.05242919921875,0.62,absent,0.02386474609375,0.35,absent,0.004680633544921875,0.45,absent
patient35167/study24,patient35167,test,1,patient35167/study24/view1_frontal.dcm,raddino_finetuned_v1,0.1044921875,0.56,absent,0.0171051025390625,0.5,absent,0.07989501953125,0.45,absent,0.0849609375,0.453857,absent,0.1556396484375,0.6,absent,0.050323486328125,0.28,absent,0.00821685791015625,0.33,absent,0.0254669189453125,0.42,absent,0.1334228515625,0.39,absent,0.11517333984375,0.62,absent,0.0943603515625,0.35,absent,0.0036792755126953125,0.45,absent
patient35167/study25,patient35167,test,1,patient35167/study25/view1_frontal.dcm,raddino_finetuned_v1,0.11859130859375,0.56,absent,0.0127716064453125,0.5,absent,0.16259765625,0.45,absent,0.04840087890625,0.453857,absent,0.2235107421875,0.6,absent,0.05340576171875,0.28,absent,0.025665283203125,0.33,absent,0.0574951171875,0.42,absent,0.1063232421875,0.39,absent,0.2841796875,0.62,absent,0.0181884765625,0.35,absent,0.00847625732421875,0.45,absent
patient35167/study29,patient35167,test,1,patient35167/study29/view1_frontal.dcm,raddino_finetuned_v1,0.143310546875,0.56,absent,0.615234375,0.5,present,0.10430908203125,0.45,absent,0.3935546875,0.453857,absent,0.57080078125,0.6,absent,0.0855712890625,0.28,absent,0.060211181640625,0.33,absent,0.134765625,0.42,absent,0.012969970703125,0.39,absent,0.548828125,0.62,absent,0.68505859375,0.35,present,0.0274810791015625,0.45,absent
patient35240/study1,patient35240,test,1,patient35240/study1/view1_frontal.dcm,raddino_finetuned_v1,0.71826171875,0.56,present,0.52294921875,0.5,present,0.7001953125,0.45,present,0.62255859375,0.453857,present,0.84326171875,0.6,present,0.24658203125,0.28,absent,0.235107421875,0.33,absent,0.291748046875,0.42,absent,0.1798095703125,0.39,absent,0.85205078125,0.62,present,0.57666015625,0.35,present,0.30859375,0.45,absent
patient35240/study10,patient35240,test,1,patient35240/study10/view1_frontal.dcm,raddino_finetuned_v1,0.376220703125,0.56,absent,0.0171051025390625,0.5,absent,0.08758544921875,0.45,absent,0.141845703125,0.453857,absent,0.7373046875,0.6,present,0.10650634765625,0.28,absent,0.236328125,0.33,absent,0.1605224609375,0.42,absent,0.2347412109375,0.39,absent,0.66455078125,0.62,present,0.093994140625,0.35,absent,0.274169921875,0.45,absent
patient35240/study11,patient35240,test,1,patient35240/study11/view1_frontal.dcm,raddino_finetuned_v1,0.44921875,0.56,absent,0.0284881591796875,0.5,absent,0.134033203125,0.45,absent,0.160888671875,0.453857,absent,0.794921875,0.6,present,0.240234375,0.28,absent,0.41796875,0.33,present,0.123779296875,0.42,absent,0.6806640625,0.39,present,0.84619140625,0.62,present,0.0838623046875,0.35,absent,0.5595703125,0.45,present
patient35240/study12,patient35240,test,1,patient35240/study12/view1_frontal.dcm,raddino_finetuned_v1,0.1307373046875,0.56,absent,0.00279998779296875,0.5,absent,0.150146484375,0.45,absent,0.01898193359375,0.453857,absent,0.65380859375,0.6,present,0.0582275390625,0.28,absent,0.04913330078125,0.33,absent,0.1461181640625,0.42,absent,0.1834716796875,0.39,absent,0.73974609375,0.62,present,0.00955963134765625,0.35,absent,0.06243896484375,0.45,absent
patient35337/study1,patient35337,test,1,patient35337/study1/view1_frontal.dcm,raddino_finetuned_v1,0.0299224853515625,0.56,absent,0.0099334716796875,0.5,absent,0.0390625,0.45,absent,0.0170440673828125,0.453857,absent,0.0197601318359375,0.6,absent,0.012237548828125,0.28,absent,0.04052734375,0.33,absent,0.009124755859375,0.42,absent,0.01024627685546875,0.39,absent,0.08978271484375,0.62,absent,0.0236053466796875,0.35,absent,0.0266571044921875,0.45,absent
patient35337/study10,patient35337,test,1,patient35337/study10/view1_frontal.dcm,raddino_finetuned_v1,0.01029205322265625,0.56,absent,0.0289306640625,0.5,absent,0.0173797607421875,0.45,absent,0.0210418701171875,0.453857,absent,0.01306915283203125,0.6,absent,0.0087432861328125,0.28,absent,0.024932861328125,0.33,absent,0.005489349365234375,0.42,absent,0.006145477294921875,0.39,absent,0.0311431884765625,0.62,absent,0.0095977783203125,0.35,absent,0.0045928955078125,0.45,absent
patient35337/study11,patient35337,test,1,patient35337/study11/view1_frontal.dcm,raddino_finetuned_v1,0.266845703125,0.56,absent,0.09588623046875,0.5,absent,0.0802001953125,0.45,absent,0.10015869140625,0.453857,absent,0.1300048828125,0.6,absent,0.031982421875,0.28,absent,0.0966796875,0.33,absent,0.038177490234375,0.42,absent,0.050506591796875,0.39,absent,0.1810302734375,0.62,absent,0.09979248046875,0.35,absent,0.0224609375,0.45,absent
patient35337/study12,patient35337,test,1,patient35337/study12/view1_frontal.dcm,raddino_finetuned_v1,0.05242919921875,0.56,absent,0.10394287109375,0.5,absent,0.031982421875,0.45,absent,0.06890869140625,0.453857,absent,0.051177978515625,0.6,absent,0.034942626953125,0.28,absent,0.041473388671875,0.33,absent,0.007259368896484375,0.42,absent,0.0413818359375,0.39,absent,0.2191162109375,0.62,absent,0.095703125,0.35,absent,0.03143310546875,0.45,absent
patient35480/study17,patient35480,test,1,patient35480/study17/view1_frontal.dcm,raddino_finetuned_v1,0.06500244140625,0.56,absent,0.01384735107421875,0.5,absent,0.0738525390625,0.45,absent,0.11981201171875,0.453857,absent,0.409423828125,0.6,absent,0.00864410400390625,0.28,absent,0.060302734375,0.33,absent,0.03515625,0.42,absent,0.00690460205078125,0.39,absent,0.157470703125,0.62,absent,0.01473236083984375,0.35,absent,0.03759765625,0.45,absent
patient35480/study48,patient35480,test,1,patient35480/study48/view1_frontal.dcm,raddino_finetuned_v1,0.01322174072265625,0.56,absent,0.003124237060546875,0.5,absent,0.042022705078125,0.45,absent,0.037322998046875,0.453857,absent,0.18408203125,0.6,absent,0.02288818359375,0.28,absent,0.0885009765625,0.33,absent,0.0192413330078125,0.42,absent,0.0129241943359375,0.39,absent,0.0809326171875,0.62,absent,0.01763916015625,0.35,absent,0.045013427734375,0.45,absent
patient35492/study1,patient35492,test,1,patient35492/study1/view1_frontal.dcm,raddino_finetuned_v1,0.02630615234375,0.56,absent,0.0394287109375,0.5,absent,0.06256103515625,0.45,absent,0.1864013671875,0.453857,absent,0.118408203125,0.6,absent,0.040618896484375,0.28,absent,0.00885009765625,0.33,absent,0.021087646484375,0.42,absent,0.1019287109375,0.39,absent,0.1673583984375,0.62,absent,0.044677734375,0.35,absent,0.150146484375,0.45,absent
patient35492/study10,patient35492,test,1,patient35492/study10/view1_frontal.dcm,raddino_finetuned_v1,0.0177154541015625,0.56,absent,0.01306915283203125,0.5,absent,0.0299224853515625,0.45,absent,0.20751953125,0.453857,absent,0.040618896484375,0.6,absent,0.019500732421875,0.28,absent,0.0161590576171875,0.33,absent,0.04779052734375,0.42,absent,0.01450347900390625,0.39,absent,0.13525390625,0.62,absent,0.002758026123046875,0.35,absent,0.01512908935546875,0.45,absent
patient35492/study2,patient35492,test,1,patient35492/study2/view1_frontal.dcm,raddino_finetuned_v1,0.0127716064453125,0.56,absent,0.005535125732421875,0.5,absent,0.0169219970703125,0.45,absent,0.03985595703125,0.453857,absent,0.0200653076171875,0.6,absent,0.023773193359375,0.28,absent,0.00815582275390625,0.33,absent,0.00989532470703125,0.42,absent,0.06646728515625,0.39,absent,0.083740234375,0.62,absent,0.00815582275390625,0.35,absent,0.1368408203125,0.45,absent
patient35492/study3,patient35492,test,1,patient35492/study3/view1_frontal.dcm,raddino_finetuned_v1,0.0055999755859375,0.56,absent,0.00395965576171875,0.5,absent,0.0242767333984375,0.45,absent,0.01898193359375,0.453857,absent,0.0240020751953125,0.6,absent,0.0179901123046875,0.28,absent,0.0036220550537109375,0.33,absent,0.01337432861328125,0.42,absent,0.04052734375,0.39,absent,0.056854248046875,0.62,absent,0.007724761962890625,0.35,absent,0.07183837890625,0.45,absent
patient35507/study11,patient35507,test,1,patient35507/study11/view1_frontal.dcm,raddino_finetuned_v1,0.9013671875,0.56,present,0.8798828125,0.5,present,0.83203125,0.45,present,0.96923828125,0.453857,present,0.931640625,0.6,present,0.634765625,0.28,present,0.24072265625,0.33,absent,0.91943359375,0.42,present,0.634765625,0.39,present,0.96826171875,0.62,present,0.728515625,0.35,present,0.300048828125,0.45,absent
patient35548/study5,patient35548,test,1,patient35548/study5/view1_frontal.dcm,raddino_finetuned_v1,0.22802734375,0.56,absent,0.8359375,0.5,present,0.07684326171875,0.45,absent,0.28173828125,0.453857,absent,0.309814453125,0.6,absent,0.011505126953125,0.28,absent,0.06597900390625,0.33,absent,0.0279541015625,0.42,absent,0.046905517578125,0.39,absent,0.232177734375,0.62,absent,0.51904296875,0.35,present,0.0141143798828125,0.45,absent
patient35548/study6,patient35548,test,1,patient35548/study6/view1_frontal.dcm,raddino_finetuned_v1,0.77392578125,0.56,present,0.52734375,0.5,present,0.666015625,0.45,present,0.8466796875,0.453857,present,0.7958984375,0.6,present,0.337890625,0.28,present,0.6318359375,0.33,present,0.32470703125,0.42,absent,0.1177978515625,0.39,absent,0.8740234375,0.62,present,0.268310546875,0.35,absent,0.0867919921875,0.45,absent
patient35561/study3,patient35561,test,1,patient35561/study3/view1_frontal.dcm,raddino_finetuned_v1,0.015838623046875,0.56,absent,0.097900390625,0.5,absent,0.501953125,0.45,present,0.152099609375,0.453857,absent,0.033538818359375,0.6,absent,0.37939453125,0.28,present,0.0214080810546875,0.33,absent,0.011871337890625,0.42,absent,0.196044921875,0.39,absent,0.21240234375,0.62,absent,0.01107025146484375,0.35,absent,0.042724609375,0.45,absent
patient35561/study4,patient35561,test,1,patient35561/study4/view1_frontal.dcm,raddino_finetuned_v1,0.10174560546875,0.56,absent,0.281005859375,0.5,absent,0.92138671875,0.45,present,0.5517578125,0.453857,present,0.261962890625,0.6,absent,0.76708984375,0.28,present,0.07989501953125,0.33,absent,0.0439453125,0.42,absent,0.395751953125,0.39,present,0.7587890625,0.62,present,0.0794677734375,0.35,absent,0.27978515625,0.45,absent
patient35561/study5,patient35561,test,1,patient35561/study5/view1_frontal.dcm,raddino_finetuned_v1,0.0333251953125,0.56,absent,0.1273193359375,0.5,absent,0.65234375,0.45,present,0.33544921875,0.453857,absent,0.1611328125,0.6,absent,0.47705078125,0.28,present,0.039794921875,0.33,absent,0.0189361572265625,0.42,absent,0.381103515625,0.39,absent,0.402099609375,0.62,absent,0.01507568359375,0.35,absent,0.1181640625,0.45,absent
patient35561/study6,patient35561,test,1,patient35561/study6/view1_frontal.dcm,raddino_finetuned_v1,0.061309814453125,0.56,absent,0.075439453125,0.5,absent,0.63525390625,0.45,present,0.368896484375,0.453857,absent,0.2186279296875,0.6,absent,0.48681640625,0.28,present,0.0207977294921875,0.33,absent,0.05633544921875,0.42,absent,0.2430419921875,0.39,absent,0.5009765625,0.62,absent,0.038909912109375,0.35,absent,0.11279296875,0.45,absent
patient35587/study7,patient35587,test,1,patient35587/study7/view1_frontal.dcm,raddino_finetuned_v1,0.94580078125,0.56,present,0.892578125,0.5,present,0.9951171875,0.45,present,0.98583984375,0.453857,present,0.974609375,0.6,present,0.98388671875,0.28,present,0.728515625,0.33,present,0.6484375,0.42,present,0.99169921875,0.39,present,0.998046875,0.62,present,0.79638671875,0.35,present,0.837890625,0.45,present
patient35688/study2,patient35688,test,1,patient35688/study2/view1_frontal.dcm,raddino_finetuned_v1,0.92919921875,0.56,present,0.9462890625,0.5,present,0.96533203125,0.45,present,0.9951171875,0.453857,present,0.96240234375,0.6,present,0.96826171875,0.28,present,0.57763671875,0.33,present,0.96044921875,0.42,present,0.8056640625,0.39,present,0.99609375,0.62,present,0.8369140625,0.35,present,0.78466796875,0.45,present
patient35688/study3,patient35688,test,1,patient35688/study3/view1_frontal.dcm,raddino_finetuned_v1,0.77001953125,0.56,present,0.480712890625,0.5,absent,0.87890625,0.45,present,0.86083984375,0.453857,present,0.7646484375,0.6,present,0.9423828125,0.28,present,0.097412109375,0.33,absent,0.6953125,0.42,present,0.705078125,0.39,present,0.9677734375,0.62,present,0.55712890625,0.35,present,0.69482421875,0.45,present
patient35688/study6,patient35688,test,1,patient35688/study6/view1_frontal.dcm,raddino_finetuned_v1,0.95068359375,0.56,present,0.97412109375,0.5,present,0.84033203125,0.45,present,0.98486328125,0.453857,present,0.9892578125,0.6,present,0.85302734375,0.28,present,0.6708984375,0.33,present,0.9130859375,0.42,present,0.85009765625,0.39,present,0.9951171875,0.62,present,0.7900390625,0.35,present,0.7744140625,0.45,present
patient35688/study7,patient35688,test,1,patient35688/study7/view1_frontal.dcm,raddino_finetuned_v1,0.94970703125,0.56,present,0.900390625,0.5,present,0.89501953125,0.45,present,0.97119140625,0.453857,present,0.984375,0.6,present,0.86474609375,0.28,present,0.32373046875,0.33,absent,0.861328125,0.42,present,0.87548828125,0.39,present,0.99365234375,0.62,present,0.85693359375,0.35,present,0.77880859375,0.45,present
patient35753/study1,patient35753,test,1,patient35753/study1/view1_frontal.dcm,raddino_finetuned_v1,0.0181884765625,0.56,absent,0.040679931640625,0.5,absent,0.01267242431640625,0.45,absent,0.014007568359375,0.453857,absent,0.0241851806640625,0.6,absent,0.00766754150390625,0.28,absent,0.061431884765625,0.33,absent,0.040252685546875,0.42,absent,0.01233673095703125,0.39,absent,0.02191162109375,0.62,absent,0.053802490234375,0.35,absent,0.0129241943359375,0.45,absent
patient35753/study10,patient35753,test,1,patient35753/study10/view1_frontal.dcm,raddino_finetuned_v1,0.3271484375,0.56,absent,0.75,0.5,present,0.472900390625,0.45,present,0.86328125,0.453857,present,0.60986328125,0.6,present,0.3759765625,0.28,present,0.33447265625,0.33,present,0.1856689453125,0.42,absent,0.06744384765625,0.39,absent,0.791015625,0.62,present,0.78564453125,0.35,present,0.1319580078125,0.45,absent
patient35753/study11,patient35753,test,1,patient35753/study11/view1_frontal.dcm,raddino_finetuned_v1,0.249267578125,0.56,absent,0.54345703125,0.5,present,0.4228515625,0.45,absent,0.72216796875,0.453857,present,0.447998046875,0.6,absent,0.35498046875,0.28,present,0.253662109375,0.33,absent,0.110107421875,0.42,absent,0.046630859375,0.39,absent,0.61279296875,0.62,absent,0.5791015625,0.35,present,0.0171051025390625,0.45,absent
patient35753/study12,patient35753,test,1,patient35753/study12/view1_frontal.dcm,raddino_finetuned_v1,0.151123046875,0.56,absent,0.252685546875,0.5,absent,0.118408203125,0.45,absent,0.420166015625,0.453857,absent,0.34814453125,0.6,absent,0.09967041015625,0.28,absent,0.1588134765625,0.33,absent,0.091064453125,0.42,absent,0.01374053955078125,0.39,absent,0.55224609375,0.62,absent,0.49267578125,0.35,present,0.02886962890625,0.45,absent
patient35776/study1,patient35776,test,1,patient35776/study1/view1_frontal.dcm,raddino_finetuned_v1,0.324951171875,0.56,absent,0.35498046875,0.5,absent,0.74755859375,0.45,present,0.6142578125,0.453857,present,0.5673828125,0.6,absent,0.402587890625,0.28,present,0.040313720703125,0.33,absent,0.2393798828125,0.42,absent,0.12176513671875,0.39,absent,0.82470703125,0.62,present,0.39111328125,0.35,present,0.1834716796875,0.45,absent
patient35776/study10,patient35776,test,1,patient35776/study10/view1_frontal.dcm,raddino_finetuned_v1,0.2318115234375,0.56,absent,0.779296875,0.5,present,0.37451171875,0.45,absent,0.7373046875,0.453857,present,0.873046875,0.6,present,0.09283447265625,0.28,absent,0.26953125,0.33,absent,0.5439453125,0.42,present,0.042877197265625,0.39,absent,0.70458984375,0.62,present,0.2489013671875,0.35,absent,0.06256103515625,0.45,absent
patient35776/study11,patient35776,test,1,patient35776/study11/view1_frontal.dcm,raddino_finetuned_v1,0.6005859375,0.56,present,0.7255859375,0.5,present,0.3359375,0.45,absent,0.70263671875,0.453857,present,0.8447265625,0.6,present,0.284423828125,0.28,present,0.182861328125,0.33,absent,0.499267578125,0.42,present,0.155517578125,0.39,absent,0.77734375,0.62,present,0.61865234375,0.35,present,0.08282470703125,0.45,absent
patient35776/study12,patient35776,test,1,patient35776/study12/view1_frontal.dcm,raddino_finetuned_v1,0.137451171875,0.56,absent,0.450927734375,0.5,absent,0.0849609375,0.45,absent,0.2305908203125,0.453857,absent,0.336669921875,0.6,absent,0.0316162109375,0.28,absent,0.038116455078125,0.33,absent,0.191650390625,0.42,absent,0.0171051025390625,0.39,absent,0.2281494140625,0.62,absent,0.2342529296875,0.35,absent,0.0304412841796875,0.45,absent
patient35805/study1,patient35805,test,1,patient35805/study1/view1_frontal.dcm,raddino_finetuned_v1,0.1947021484375,0.56,absent,0.04327392578125,0.5,absent,0.07611083984375,0.45,absent,0.466064453125,0.453857,present,0.13671875,0.6,absent,0.1466064453125,0.28,absent,0.025177001953125,0.33,absent,0.02423095703125,0.42,absent,0.2122802734375,0.39,absent,0.2447509765625,0.62,absent,0.042083740234375,0.35,absent,0.29541015625,0.45,absent
patient35805/study10,patient35805,test,1,patient35805/study10/view1_frontal.dcm,raddino_finetuned_v1,0.395751953125,0.56,absent,0.259521484375,0.5,absent,0.287841796875,0.45,absent,0.521484375,0.453857,present,0.36328125,0.6,absent,0.300537109375,0.28,present,0.10107421875,0.33,absent,0.22509765625,0.42,absent,0.296142578125,0.39,absent,0.86767578125,0.62,present,0.08758544921875,0.35,absent,0.71728515625,0.45,present
patient35805/study11,patient35805,test,1,patient35805/study11/view1_frontal.dcm,raddino_finetuned_v1,0.37841796875,0.56,absent,0.373779296875,0.5,absent,0.31982421875,0.45,absent,0.6845703125,0.453857,present,0.484130859375,0.6,absent,0.74072265625,0.28,present,0.15185546875,0.33,absent,0.40576171875,0.42,absent,0.52294921875,0.39,present,0.84033203125,0.62,present,0.10125732421875,0.35,absent,0.4833984375,0.45,present
patient35805/study12,patient35805,test,1,patient35805/study12/view1_frontal.dcm,raddino_finetuned_v1,0.236328125,0.56,absent,0.1658935546875,0.5,absent,0.2193603515625,0.45,absent,0.57763671875,0.453857,present,0.3955078125,0.6,absent,0.521484375,0.28,present,0.02752685546875,0.33,absent,0.1705322265625,0.42,absent,0.55908203125,0.39,present,0.59619140625,0.62,absent,0.090087890625,0.35,absent,0.43408203125,0.45,absent
patient35842/study1,patient35842,test,1,patient35842/study1/view1_frontal.dcm,raddino_finetuned_v1,0.984375,0.56,present,0.82421875,0.5,present,0.94140625,0.45,present,0.96240234375,0.453857,present,0.94970703125,0.6,present,0.71484375,0.28,present,0.9873046875,0.33,present,0.9931640625,0.42,present,0.71875,0.39,present,0.98876953125,0.62,present,0.72705078125,0.35,present,0.202392578125,0.45,absent
patient35842/study2,patient35842,test,1,patient35842/study2/view1_frontal.dcm,raddino_finetuned_v1,0.97607421875,0.56,present,0.85205078125,0.5,present,0.95263671875,0.45,present,0.92138671875,0.453857,present,0.93115234375,0.6,present,0.6748046875,0.28,present,0.63134765625,0.33,present,0.94775390625,0.42,present,0.52685546875,0.39,present,0.96044921875,0.62,present,0.447265625,0.35,present,0.43505859375,0.45,absent
patient35842/study7,patient35842,test,1,patient35842/study7/view1_frontal.dcm,raddino_finetuned_v1,0.91259765625,0.56,present,0.81689453125,0.5,present,0.916015625,0.45,present,0.95458984375,0.453857,present,0.9404296875,0.6,present,0.8271484375,0.28,present,0.2685546875,0.33,absent,0.92041015625,0.42,present,0.62353515625,0.39,present,0.9814453125,0.62,present,0.34033203125,0.35,absent,0.6298828125,0.45,present
patient35842/study8,patient35842,test,1,patient35842/study8/view1_frontal.dcm,raddino_finetuned_v1,0.56201171875,0.56,present,0.83154296875,0.5,present,0.8427734375,0.45,present,0.70751953125,0.453857,present,0.87744140625,0.6,present,0.6875,0.28,present,0.1864013671875,0.33,absent,0.465576171875,0.42,present,0.1505126953125,0.39,absent,0.85693359375,0.62,present,0.39697265625,0.35,present,0.2666015625,0.45,absent
patient35877/study1,patient35877,test,1,patient35877/study1/view1_frontal.dcm,raddino_finetuned_v1,0.070068359375,0.56,absent,0.131591796875,0.5,absent,0.106689453125,0.45,absent,0.0537109375,0.453857,absent,0.1654052734375,0.6,absent,0.04052734375,0.28,absent,0.0256195068359375,0.33,absent,0.0179901123046875,0.42,absent,0.0287017822265625,0.39,absent,0.1474609375,0.62,absent,0.033477783203125,0.35,absent,0.0090179443359375,0.45,absent
patient35877/study10,patient35877,test,1,patient35877/study10/view1_frontal.dcm,raddino_finetuned_v1,0.032958984375,0.56,absent,0.00394439697265625,0.5,absent,0.053497314453125,0.45,absent,0.03143310546875,0.453857,absent,0.039947509765625,0.6,absent,0.0207672119140625,0.28,absent,0.010406494140625,0.33,absent,0.0211181640625,0.42,absent,0.00547027587890625,0.39,absent,0.148193359375,0.62,absent,0.00937652587890625,0.35,absent,0.00653839111328125,0.45,absent
patient35877/study2,patient35877,test,1,patient35877/study2/view1_frontal.dcm,raddino_finetuned_v1,0.06475830078125,0.56,absent,0.0207672119140625,0.5,absent,0.01666259765625,0.45,absent,0.06561279296875,0.453857,absent,0.10595703125,0.6,absent,0.0053863525390625,0.28,absent,0.0129241943359375,0.33,absent,0.08050537109375,0.42,absent,0.008514404296875,0.39,absent,0.1282958984375,0.62,absent,0.0257568359375,0.35,absent,0.007694244384765625,0.45,absent
patient35877/study3,patient35877,test,1,patient35877/study3/view1_frontal.dcm,raddino_finetuned_v1,0.192138671875,0.56,absent,0.034423828125,0.5,absent,0.1322021484375,0.45,absent,0.152099609375,0.453857,absent,0.179931640625,0.6,absent,0.07159423828125,0.28,absent,0.026458740234375,0.33,absent,0.0552978515625,0.42,absent,0.04351806640625,0.39,absent,0.38916015625,0.62,absent,0.0352783203125,0.35,absent,0.011505126953125,0.45,absent
patient35889/study1,patient35889,test,1,patient35889/study1/view1_frontal.dcm,raddino_finetuned_v1,0.02947998046875,0.56,absent,0.06658935546875,0.5,absent,0.00919342041015625,0.45,absent,0.03277587890625,0.453857,absent,0.0640869140625,0.6,absent,0.004199981689453125,0.28,absent,0.01560211181640625,0.33,absent,0.004150390625,0.42,absent,0.0038089752197265625,0.39,absent,0.045196533203125,0.62,absent,0.01971435546875,0.35,absent,0.0016546249389648438,0.45,absent
patient35889/study10,patient35889,test,1,patient35889/study10/view1_frontal.dcm,raddino_finetuned_v1,0.1568603515625,0.56,absent,0.52880859375,0.5,present,0.07421875,0.45,absent,0.0816650390625,0.453857,absent,0.2548828125,0.6,absent,0.008514404296875,0.28,absent,0.310302734375,0.33,absent,0.0849609375,0.42,absent,0.01132965087890625,0.39,absent,0.0830078125,0.62,absent,0.1295166015625,0.35,absent,0.038177490234375,0.45,absent
patient35889/study11,patient35889,test,1,patient35889/study11/view1_frontal.dcm,raddino_finetuned_v1,0.055206298828125,0.56,absent,0.270263671875,0.5,absent,0.0948486328125,0.45,absent,0.1876220703125,0.453857,absent,0.343505859375,0.6,absent,0.01751708984375,0.28,absent,0.406005859375,0.33,present,0.09637451171875,0.42,absent,0.0154266357421875,0.39,absent,0.1353759765625,0.62,absent,0.0728759765625,0.35,absent,0.0379638671875,0.45,absent
patient35889/study12,patient35889,test,1,patient35889/study12/view1_frontal.dcm,raddino_finetuned_v1,0.47900390625,0.56,absent,0.73974609375,0.5,present,0.35546875,0.45,absent,0.339599609375,0.453857,absent,0.4609375,0.6,absent,0.0640869140625,0.28,absent,0.57763671875,0.33,present,0.14013671875,0.42,absent,0.0743408203125,0.39,absent,0.42236328125,0.62,absent,0.390625,0.35,present,0.11920166015625,0.45,absent
patient35893/study1,patient35893,test,1,patient35893/study1/view1_frontal.dcm,raddino_finetuned_v1,0.0244293212890625,0.56,absent,0.004314422607421875,0.5,absent,0.011688232421875,0.45,absent,0.0104522705078125,0.453857,absent,0.00997161865234375,0.6,absent,0.01056671142578125,0.28,absent,0.005001068115234375,0.33,absent,0.024139404296875,0.42,absent,0.0153045654296875,0.39,absent,0.024993896484375,0.62,absent,0.0206451416015625,0.35,absent,0.00919342041015625,0.45,absent
patient35893/study10,patient35893,test,1,patient35893/study10/view1_frontal.dcm,raddino_finetuned_v1,0.0285491943359375,0.56,absent,0.003040313720703125,0.5,absent,0.0136871337890625,0.45,absent,0.02655029296875,0.453857,absent,0.0144500732421875,0.6,absent,0.0200958251953125,0.28,absent,0.01490020751953125,0.33,absent,0.07806396484375,0.42,absent,0.05889892578125,0.39,absent,0.035064697265625,0.62,absent,0.009521484375,0.35,absent,0.038238525390625,0.45,absent
patient35893/study11,patient35893,test,1,patient35893/study11/view1_frontal.dcm,raddino_finetuned_v1,0.0197906494140625,0.56,absent,0.005218505859375,0.5,absent,0.06243896484375,0.45,absent,0.03302001953125,0.453857,absent,0.0299224853515625,0.6,absent,0.10174560546875,0.28,absent,0.049407958984375,0.33,absent,0.1063232421875,0.42,absent,0.1539306640625,0.39,absent,0.12408447265625,0.62,absent,0.010650634765625,0.35,absent,0.049774169921875,0.45,absent
patient35893/study2,patient35893,test,1,patient35893/study2/view1_frontal.dcm,raddino_finetuned_v1,0.03253173828125,0.56,absent,0.0024814605712890625,0.5,absent,0.03143310546875,0.45,absent,0.0083465576171875,0.453857,absent,0.0255126953125,0.6,absent,0.01384735107421875,0.28,absent,0.01111602783203125,0.33,absent,0.045257568359375,0.42,absent,0.046539306640625,0.39,absent,0.033843994140625,0.62,absent,0.01137542724609375,0.35,absent,0.0287017822265625,0.45,absent
patient36022/study1,patient36022,test,1,patient36022/study1/view1_frontal.dcm,raddino_finetuned_v1,0.82861328125,0.56,present,0.0287017822265625,0.5,absent,0.52685546875,0.45,present,0.285400390625,0.453857,absent,0.62451171875,0.6,present,0.366943359375,0.28,present,0.499267578125,0.33,present,0.62841796875,0.42,present,0.64404296875,0.39,present,0.8515625,0.62,present,0.070556640625,0.35,absent,0.71826171875,0.45,present
patient36022/study10,patient36022,test,1,patient36022/study10/view1_frontal.dcm,raddino_finetuned_v1,0.8681640625,0.56,present,0.06866455078125,0.5,absent,0.529296875,0.45,present,0.412353515625,0.453857,absent,0.7177734375,0.6,present,0.445556640625,0.28,present,0.9052734375,0.33,present,0.60498046875,0.42,present,0.67724609375,0.39,present,0.85107421875,0.62,present,0.043853759765625,0.35,absent,0.7900390625,0.45,present
patient36022/study11,patient36022,test,1,patient36022/study11/view1_frontal.dcm,raddino_finetuned_v1,0.9033203125,0.56,present,0.0509033203125,0.5,absent,0.84130859375,0.45,present,0.658203125,0.453857,present,0.79296875,0.6,present,0.76904296875,0.28,present,0.58447265625,0.33,present,0.8310546875,0.42,present,0.89599609375,0.39,present,0.97314453125,0.62,present,0.0809326171875,0.35,absent,0.91064453125,0.45,present
patient36022/study2,patient36022,test,1,patient36022/study2/view1_frontal.dcm,raddino_finetuned_v1,0.88720703125,0.56,present,0.035491943359375,0.5,absent,0.802734375,0.45,present,0.313232421875,0.453857,absent,0.9013671875,0.6,present,0.460205078125,0.28,present,0.44970703125,0.33,present,0.78857421875,0.42,present,0.74072265625,0.39,present,0.9140625,0.62,present,0.0322265625,0.35,absent,0.755859375,0.45,present
patient36183/study1,patient36183,test,1,patient36183/study1/view1_frontal.dcm,raddino_finetuned_v1,0.494873046875,0.56,absent,0.6015625,0.5,present,0.357421875,0.45,absent,0.498046875,0.453857,present,0.417236328125,0.6,absent,0.330810546875,0.28,present,0.085693359375,0.33,absent,0.0328369140625,0.42,absent,0.370361328125,0.39,absent,0.6005859375,0.62,absent,0.329345703125,0.35,absent,0.337646484375,0.45,absent
patient36183/study10,patient36183,test,1,patient36183/study10/view1_frontal.dcm,raddino_finetuned_v1,0.141845703125,0.56,absent,0.0948486328125,0.5,absent,0.501953125,0.45,present,0.57421875,0.453857,present,0.140380859375,0.6,absent,0.140869140625,0.28,absent,0.050506591796875,0.33,absent,0.008880615234375,0.42,absent,0.060211181640625,0.39,absent,0.53515625,0.62,absent,0.29296875,0.35,absent,0.044342041015625,0.45,absent
patient36183/study11,patient36183,test,1,patient36183/study11/view1_frontal.dcm,raddino_finetuned_v1,0.09173583984375,0.56,absent,0.046722412109375,0.5,absent,0.141845703125,0.45,absent,0.208984375,0.453857,absent,0.06890869140625,0.6,absent,0.07421875,0.28,absent,0.0137939453125,0.33,absent,0.0208892822265625,0.42,absent,0.02838134765625,0.39,absent,0.321044921875,0.62,absent,0.1314697265625,0.35,absent,0.00605010986328125,0.45,absent
patient36183/study12,patient36183,test,1,patient36183/study12/view1_frontal.dcm,raddino_finetuned_v1,0.0782470703125,0.56,absent,0.06890869140625,0.5,absent,0.2242431640625,0.45,absent,0.2646484375,0.453857,absent,0.058563232421875,0.6,absent,0.07452392578125,0.28,absent,0.00818634033203125,0.33,absent,0.011688232421875,0.42,absent,0.021240234375,0.39,absent,0.3369140625,0.62,absent,0.194580078125,0.35,absent,0.00974273681640625,0.45,absent
patient36488/study5,patient36488,test,1,patient36488/study5/view1_frontal.dcm,raddino_finetuned_v1,0.44091796875,0.56,absent,0.2259521484375,0.5,absent,0.36328125,0.45,absent,0.11553955078125,0.453857,absent,0.2401123046875,0.6,absent,0.126708984375,0.28,absent,0.028106689453125,0.33,absent,0.042572021484375,0.42,absent,0.43896484375,0.39,present,0.304931640625,0.62,absent,0.16357421875,0.35,absent,0.11163330078125,0.45,absent
patient36573/study1,patient36573,test,1,patient36573/study1/view1_frontal.dcm,raddino_finetuned_v1,0.05059814453125,0.56,absent,0.012481689453125,0.5,absent,0.030792236328125,0.45,absent,0.019561767578125,0.453857,absent,0.03533935546875,0.6,absent,0.00395965576171875,0.28,absent,0.0552978515625,0.33,absent,0.0297088623046875,0.42,absent,0.023193359375,0.39,absent,0.0726318359375,0.62,absent,0.0836181640625,0.35,absent,0.037109375,0.45,absent
patient36573/study10,patient36573,test,1,patient36573/study10/view1_frontal.dcm,raddino_finetuned_v1,0.59130859375,0.56,present,0.114990234375,0.5,absent,0.37353515625,0.45,absent,0.67138671875,0.453857,present,0.72021484375,0.6,present,0.292724609375,0.28,present,0.1165771484375,0.33,absent,0.5205078125,0.42,present,0.085693359375,0.39,absent,0.81640625,0.62,present,0.060302734375,0.35,absent,0.293212890625,0.45,absent
patient36573/study11,patient36573,test,1,patient36573/study11/view1_frontal.dcm,raddino_finetuned_v1,0.390625,0.56,absent,0.06109619140625,0.5,absent,0.36669921875,0.45,absent,0.349853515625,0.453857,absent,0.64013671875,0.6,present,0.2469482421875,0.28,absent,0.015716552734375,0.33,absent,0.40771484375,0.42,absent,0.2384033203125,0.39,absent,0.8232421875,0.62,present,0.021942138671875,0.35,absent,0.486083984375,0.45,present
patient36573/study12,patient36573,test,1,patient36573/study12/view1_frontal.dcm,raddino_finetuned_v1,0.08404541015625,0.56,absent,0.06610107421875,0.5,absent,0.16845703125,0.45,absent,0.302490234375,0.453857,absent,0.414794921875,0.6,absent,0.1563720703125,0.28,absent,0.0182647705078125,0.33,absent,0.07879638671875,0.42,absent,0.048126220703125,0.39,absent,0.58056640625,0.62,absent,0.0391845703125,0.35,absent,0.2181396484375,0.45,absent
patient36691/study9,patient36691,test,1,patient36691/study9/view1_frontal.dcm,raddino_finetuned_v1,0.1483154296875,0.56,absent,0.06707763671875,0.5,absent,0.10577392578125,0.45,absent,0.08599853515625,0.453857,absent,0.21728515625,0.6,absent,0.1304931640625,0.28,absent,0.0186920166015625,0.33,absent,0.1981201171875,0.42,absent,0.095703125,0.39,absent,0.26904296875,0.62,absent,0.389404296875,0.35,present,0.0970458984375,0.45,absent
patient36708/study1,patient36708,test,1,patient36708/study1/view1_frontal.dcm,raddino_finetuned_v1,0.197021484375,0.56,absent,0.50390625,0.5,present,0.6630859375,0.45,present,0.775390625,0.453857,present,0.5947265625,0.6,absent,0.38037109375,0.28,present,0.06512451171875,0.33,absent,0.08038330078125,0.42,absent,0.2017822265625,0.39,absent,0.779296875,0.62,present,0.470703125,0.35,present,0.389892578125,0.45,absent
patient36708/study10,patient36708,test,1,patient36708/study10/view1_frontal.dcm,raddino_finetuned_v1,0.3408203125,0.56,absent,0.5908203125,0.5,present,0.7216796875,0.45,present,0.90625,0.453857,present,0.79638671875,0.6,present,0.59765625,0.28,present,0.23779296875,0.33,absent,0.2568359375,0.42,absent,0.499267578125,0.39,present,0.92529296875,0.62,present,0.483154296875,0.35,present,0.80810546875,0.45,present
patient36708/study11,patient36708,test,1,patient36708/study11/view1_frontal.dcm,raddino_finetuned_v1,0.5576171875,0.56,absent,0.8408203125,0.5,present,0.90673828125,0.45,present,0.94580078125,0.453857,present,0.94873046875,0.6,present,0.62158203125,0.28,present,0.2381591796875,0.33,absent,0.49072265625,0.42,present,0.615234375,0.39,present,0.97607421875,0.62,present,0.79638671875,0.35,present,0.8359375,0.45,present
patient36708/study12,patient36708,test,1,patient36708/study12/view1_frontal.dcm,raddino_finetuned_v1,0.0526123046875,0.56,absent,0.40673828125,0.5,absent,0.56787109375,0.45,present,0.6669921875,0.453857,present,0.2213134765625,0.6,absent,0.1131591796875,0.28,absent,0.04742431640625,0.33,absent,0.07861328125,0.42,absent,0.03125,0.39,absent,0.35888671875,0.62,absent,0.134521484375,0.35,absent,0.0782470703125,0.45,absent
patient36792/study4,patient36792,test,1,patient36792/study4/view1_frontal.dcm,raddino_finetuned_v1,0.0457763671875,0.56,absent,0.0106964111328125,0.5,absent,0.07781982421875,0.45,absent,0.053314208984375,0.453857,absent,0.2340087890625,0.6,absent,0.021087646484375,0.28,absent,0.2099609375,0.33,absent,0.0177154541015625,0.42,absent,0.119384765625,0.39,absent,0.1015625,0.62,absent,0.033966064453125,0.35,absent,0.0260009765625,0.45,absent
patient36800/study1,patient36800,test,1,patient36800/study1/view1_frontal.dcm,raddino_finetuned_v1,0.034820556640625,0.56,absent,0.11419677734375,0.5,absent,0.037200927734375,0.45,absent,0.06756591796875,0.453857,absent,0.114990234375,0.6,absent,0.012054443359375,0.28,absent,0.047943115234375,0.33,absent,0.049591064453125,0.42,absent,0.0200958251953125,0.39,absent,0.2406005859375,0.62,absent,0.1468505859375,0.35,absent,0.01085662841796875,0.45,absent
patient36800/study10,patient36800,test,1,patient36800/study10/view1_frontal.dcm,raddino_finetuned_v1,0.0289306640625,0.56,absent,0.027008056640625,0.5,absent,0.0074615478515625,0.45,absent,0.0070648193359375,0.453857,absent,0.04168701171875,0.6,absent,0.00582122802734375,0.28,absent,0.00605010986328125,0.33,absent,0.039703369140625,0.42,absent,0.02532958984375,0.39,absent,0.021820068359375,0.62,absent,0.01512908935546875,0.35,absent,0.020965576171875,0.45,absent
patient36800/study11,patient36800,test,1,patient36800/study11/view1_frontal.dcm,raddino_finetuned_v1,0.300537109375,0.56,absent,0.08038330078125,0.5,absent,0.07421875,0.45,absent,0.0706787109375,0.453857,absent,0.458251953125,0.6,absent,0.04486083984375,0.28,absent,0.057586669921875,0.33,absent,0.200927734375,0.42,absent,0.04345703125,0.39,absent,0.1285400390625,0.62,absent,0.266357421875,0.35,absent,0.056976318359375,0.45,absent
patient36800/study2,patient36800,test,1,patient36800/study2/view1_frontal.dcm,raddino_finetuned_v1,0.06524658203125,0.56,absent,0.0802001953125,0.5,absent,0.01837158203125,0.45,absent,0.1026611328125,0.453857,absent,0.185791015625,0.6,absent,0.01363372802734375,0.28,absent,0.005489349365234375,0.33,absent,0.05572509765625,0.42,absent,0.056243896484375,0.39,absent,0.2015380859375,0.62,absent,0.173828125,0.35,absent,0.04107666015625,0.45,absent
patient36838/study4,patient36838,test,1,patient36838/study4/view1_frontal.dcm,raddino_finetuned_v1,0.1708984375,0.56,absent,0.6845703125,0.5,present,0.451416015625,0.45,present,0.84814453125,0.453857,present,0.658203125,0.6,present,0.68505859375,0.28,present,0.03875732421875,0.33,absent,0.11260986328125,0.42,absent,0.47802734375,0.39,present,0.896484375,0.62,present,0.548828125,0.35,present,0.4921875,0.45,present
patient36856/study1,patient36856,test,3,patient36856/study1/view1_frontal.dcm|patient36856/study1/view2_lateral.dcm|patient36856/study1/view3_lateral.dcm,raddino_finetuned_v1,0.364013671875,0.56,absent,0.340576171875,0.5,absent,0.35009765625,0.45,absent,0.11968994140625,0.453857,absent,0.7216796875,0.6,present,0.509765625,0.28,present,0.0237274169921875,0.33,absent,0.15478515625,0.42,absent,0.304443359375,0.39,absent,0.76806640625,0.62,present,0.027587890625,0.35,absent,0.48291015625,0.45,present
patient36856/study10,patient36856,test,1,patient36856/study10/view1_frontal.dcm,raddino_finetuned_v1,0.097900390625,0.56,absent,0.2509765625,0.5,absent,0.36083984375,0.45,absent,0.70703125,0.453857,present,0.5400390625,0.6,absent,0.10595703125,0.28,absent,0.1551513671875,0.33,absent,0.2548828125,0.42,absent,0.0546875,0.39,absent,0.64111328125,0.62,present,0.047088623046875,0.35,absent,0.053497314453125,0.45,absent
patient36856/study11,patient36856,test,1,patient36856/study11/view1_frontal.dcm,raddino_finetuned_v1,0.1551513671875,0.56,absent,0.38671875,0.5,absent,0.39404296875,0.45,absent,0.65380859375,0.453857,present,0.413330078125,0.6,absent,0.050506591796875,0.28,absent,0.057708740234375,0.33,absent,0.41943359375,0.42,absent,0.011505126953125,0.39,absent,0.7080078125,0.62,present,0.1744384765625,0.35,absent,0.046905517578125,0.45,absent
patient36856/study2,patient36856,test,1,patient36856/study2/view1_frontal.dcm,raddino_finetuned_v1,0.5556640625,0.56,absent,0.7412109375,0.5,present,0.48583984375,0.45,present,0.7158203125,0.453857,present,0.84326171875,0.6,present,0.5419921875,0.28,present,0.1591796875,0.33,absent,0.67626953125,0.42,present,0.3349609375,0.39,absent,0.86376953125,0.62,present,0.3642578125,0.35,present,0.07208251953125,0.45,absent
patient36883/study1,patient36883,test,1,patient36883/study1/view1_frontal.dcm,raddino_finetuned_v1,0.06280517578125,0.56,absent,0.1842041015625,0.5,absent,0.1251220703125,0.45,absent,0.2138671875,0.453857,absent,0.1644287109375,0.6,absent,0.10357666015625,0.28,absent,0.62890625,0.33,present,0.1419677734375,0.42,absent,0.07781982421875,0.39,absent,0.378173828125,0.62,absent,0.1209716796875,0.35,absent,0.08929443359375,0.45,absent
patient36883/study10,patient36883,test,1,patient36883/study10/view1_frontal.dcm,raddino_finetuned_v1,0.059417724609375,0.56,absent,0.07421875,0.5,absent,0.06719970703125,0.45,absent,0.0943603515625,0.453857,absent,0.158203125,0.6,absent,0.050140380859375,0.28,absent,0.061431884765625,0.33,absent,0.04742431640625,0.42,absent,0.04296875,0.39,absent,0.10321044921875,0.62,absent,0.073974609375,0.35,absent,0.0293121337890625,0.45,absent
patient36883/study2,patient36883,test,1,patient36883/study2/view1_frontal.dcm,raddino_finetuned_v1,0.1900634765625,0.56,absent,0.0867919921875,0.5,absent,0.12103271484375,0.45,absent,0.219970703125,0.453857,absent,0.2034912109375,0.6,absent,0.1279296875,0.28,absent,0.5654296875,0.33,present,0.1478271484375,0.42,absent,0.055938720703125,0.39,absent,0.60498046875,0.62,absent,0.09808349609375,0.35,absent,0.1007080078125,0.45,absent
patient36883/study3,patient36883,test,1,patient36883/study3/view1_frontal.dcm,raddino_finetuned_v1,0.04248046875,0.56,absent,0.01049041748046875,0.5,absent,0.02191162109375,0.45,absent,0.01214599609375,0.453857,absent,0.046905517578125,0.6,absent,0.005279541015625,0.28,absent,0.1590576171875,0.33,absent,0.0254669189453125,0.42,absent,0.024932861328125,0.39,absent,0.053802490234375,0.62,absent,0.014556884765625,0.35,absent,0.00847625732421875,0.45,absent
patient37086/study1,patient37086,test,1,patient37086/study1/view1_frontal.dcm,raddino_finetuned_v1,0.0117340087890625,0.56,absent,0.0015544891357421875,0.5,absent,0.00395965576171875,0.45,absent,0.0032482147216796875,0.453857,absent,0.034942626953125,0.6,absent,0.00327301025390625,0.28,absent,0.030670166015625,0.33,absent,0.0231475830078125,0.42,absent,0.00547027587890625,0.39,absent,0.019500732421875,0.62,absent,0.00494384765625,0.35,absent,0.0032100677490234375,0.45,absent
patient37086/study10,patient37086,test,2,patient37086/study10/view1_frontal.dcm|patient37086/study10/view2_frontal.dcm,raddino_finetuned_v1,0.09466552734375,0.56,absent,0.057586669921875,0.5,absent,0.2318115234375,0.45,absent,0.33935546875,0.453857,absent,0.45751953125,0.6,absent,0.157470703125,0.28,absent,0.273193359375,0.33,absent,0.472412109375,0.42,present,0.07318115234375,0.39,absent,0.65380859375,0.62,present,0.0246124267578125,0.35,absent,0.038177490234375,0.45,absent
patient37086/study2,patient37086,test,1,patient37086/study2/view1_frontal.dcm,raddino_finetuned_v1,0.03656005859375,0.56,absent,0.01238250732421875,0.5,absent,0.044769287109375,0.45,absent,0.01433563232421875,0.453857,absent,0.034698486328125,0.6,absent,0.00669097900390625,0.28,absent,0.02880859375,0.33,absent,0.0266571044921875,0.42,absent,0.0115509033203125,0.39,absent,0.044677734375,0.62,absent,0.00926971435546875,0.35,absent,0.0010528564453125,0.45,absent
patient37086/study3,patient37086,test,1,patient37086/study3/view1_frontal.dcm,raddino_finetuned_v1,0.04107666015625,0.56,absent,0.00809478759765625,0.5,absent,0.01085662841796875,0.45,absent,0.00424957275390625,0.453857,absent,0.027069091796875,0.6,absent,0.0018177032470703125,0.28,absent,0.0762939453125,0.33,absent,0.044586181640625,0.42,absent,0.00605010986328125,0.39,absent,0.03192138671875,0.62,absent,0.005706787109375,0.35,absent,0.002132415771484375,0.45,absent
patient37190/study1,patient37190,test,1,patient37190/study1/view1_frontal.dcm,raddino_finetuned_v1,0.466796875,0.56,absent,0.11962890625,0.5,absent,0.77880859375,0.45,present,0.427490234375,0.453857,absent,0.45556640625,0.6,absent,0.71728515625,0.28,present,0.126708984375,0.33,absent,0.06854248046875,0.42,absent,0.44091796875,0.39,present,0.85888671875,0.62,present,0.039794921875,0.35,absent,0.1297607421875,0.45,absent
patient37190/study2,patient37190,test,1,patient37190/study2/view1_frontal.dcm,raddino_finetuned_v1,0.1727294921875,0.56,absent,0.45263671875,0.5,absent,0.07989501953125,0.45,absent,0.417236328125,0.453857,absent,0.273681640625,0.6,absent,0.2166748046875,0.28,absent,0.040771484375,0.33,absent,0.1943359375,0.42,absent,0.1883544921875,0.39,absent,0.5751953125,0.62,absent,0.118408203125,0.35,absent,0.133056640625,0.45,absent
patient37226/study1,patient37226,test,1,patient37226/study1/view1_frontal.dcm,raddino_finetuned_v1,0.0310211181640625,0.56,absent,0.04638671875,0.5,absent,0.01422882080078125,0.45,absent,0.047088623046875,0.453857,absent,0.04443359375,0.6,absent,0.01560211181640625,0.28,absent,0.016021728515625,0.33,absent,0.03155517578125,0.42,absent,0.0310211181640625,0.39,absent,0.077392578125,0.62,absent,0.0207977294921875,0.35,absent,0.020416259765625,0.45,absent
patient37226/study10,patient37226,test,1,patient37226/study10/view1_frontal.dcm,raddino_finetuned_v1,0.0121917724609375,0.56,absent,0.03802490234375,0.5,absent,0.01467132568359375,0.45,absent,0.09466552734375,0.453857,absent,0.1427001953125,0.6,absent,0.01473236083984375,0.28,absent,0.0038547515869140625,0.33,absent,0.03515625,0.42,absent,0.00511932373046875,0.39,absent,0.0726318359375,0.62,absent,0.006511688232421875,0.35,absent,0.0063629150390625,0.45,absent
patient37226/study11,patient37226,test,1,patient37226/study11/view1_frontal.dcm,raddino_finetuned_v1,0.01332855224609375,0.56,absent,0.022979736328125,0.5,absent,0.0121002197265625,0.45,absent,0.156005859375,0.453857,absent,0.07171630859375,0.6,absent,0.0099334716796875,0.28,absent,0.004024505615234375,0.33,absent,0.0266571044921875,0.42,absent,0.007232666015625,0.39,absent,0.0390625,0.62,absent,0.00861358642578125,0.35,absent,0.004810333251953125,0.45,absent
patient37226/study12,patient37226,test,1,patient37226/study12/view1_frontal.dcm,raddino_finetuned_v1,0.011688232421875,0.56,absent,0.01049041748046875,0.5,absent,0.034759521484375,0.45,absent,0.058563232421875,0.453857,absent,0.07464599609375,0.6,absent,0.026153564453125,0.28,absent,0.001438140869140625,0.33,absent,0.016845703125,0.42,absent,0.01332855224609375,0.39,absent,0.08819580078125,0.62,absent,0.0147857666015625,0.35,absent,0.01751708984375,0.45,absent
patient37298/study2,patient37298,test,1,patient37298/study2/view1_frontal.dcm,raddino_finetuned_v1,0.57568359375,0.56,present,0.349609375,0.5,absent,0.60546875,0.45,present,0.88134765625,0.453857,present,0.71875,0.6,present,0.40869140625,0.28,present,0.5439453125,0.33,present,0.2362060546875,0.42,absent,0.368408203125,0.39,absent,0.96875,0.62,present,0.7919921875,0.35,present,0.64501953125,0.45,present
patient37298/study3,patient37298,test,1,patient37298/study3/view1_frontal.dcm,raddino_finetuned_v1,0.37158203125,0.56,absent,0.240478515625,0.5,absent,0.461181640625,0.45,present,0.8076171875,0.453857,present,0.69970703125,0.6,present,0.2347412109375,0.28,absent,0.092041015625,0.33,absent,0.05560302734375,0.42,absent,0.1507568359375,0.39,absent,0.76708984375,0.62,present,0.6552734375,0.35,present,0.236572265625,0.45,absent
patient37298/study5,patient37298,test,1,patient37298/study5/view1_frontal.dcm,raddino_finetuned_v1,0.806640625,0.56,present,0.09136962890625,0.5,absent,0.72265625,0.45,present,0.7392578125,0.453857,present,0.76611328125,0.6,present,0.47998046875,0.28,present,0.59375,0.33,present,0.40869140625,0.42,absent,0.56396484375,0.39,present,0.90576171875,0.62,present,0.71142578125,0.35,present,0.474609375,0.45,present
patient37298/study6,patient37298,test,1,patient37298/study6/view1_frontal.dcm,raddino_finetuned_v1,0.6357421875,0.56,present,0.6025390625,0.5,present,0.6962890625,0.45,present,0.71826171875,0.453857,present,0.720703125,0.6,present,0.2489013671875,0.28,absent,0.2144775390625,0.33,absent,0.43896484375,0.42,present,0.32958984375,0.39,absent,0.8955078125,0.62,present,0.84228515625,0.35,present,0.82421875,0.45,present
patient37522/study1,patient37522,test,1,patient37522/study1/view1_frontal.dcm,raddino_finetuned_v1,0.04107666015625,0.56,absent,0.04803466796875,0.5,absent,0.0321044921875,0.45,absent,0.301025390625,0.453857,absent,0.262939453125,0.6,absent,0.06610107421875,0.28,absent,0.092041015625,0.33,absent,0.06793212890625,0.42,absent,0.07366943359375,0.39,absent,0.380615234375,0.62,absent,0.0305633544921875,0.35,absent,0.044342041015625,0.45,absent
patient37522/study10,patient37522,test,2,patient37522/study10/view1_frontal.dcm|patient37522/study10/view2_lateral.dcm,raddino_finetuned_v1,0.1385498046875,0.56,absent,0.08154296875,0.5,absent,0.11474609375,0.45,absent,0.07879638671875,0.453857,absent,0.55078125,0.6,absent,0.2447509765625,0.28,absent,0.019561767578125,0.33,absent,0.12335205078125,0.42,absent,0.4033203125,0.39,present,0.52001953125,0.62,absent,0.05072021484375,0.35,absent,0.337646484375,0.45,absent
patient37522/study2,patient37522,test,1,patient37522/study2/view1_frontal.dcm,raddino_finetuned_v1,0.04345703125,0.56,absent,0.073974609375,0.5,absent,0.2100830078125,0.45,absent,0.378173828125,0.453857,absent,0.468505859375,0.6,absent,0.06475830078125,0.28,absent,0.026702880859375,0.33,absent,0.040679931640625,0.42,absent,0.046539306640625,0.39,absent,0.336669921875,0.62,absent,0.048675537109375,0.35,absent,0.07342529296875,0.45,absent
patient37522/study3,patient37522,test,1,patient37522/study3/view1_frontal.dcm,raddino_finetuned_v1,0.097412109375,0.56,absent,0.04803466796875,0.5,absent,0.2451171875,0.45,absent,0.31494140625,0.453857,absent,0.3095703125,0.6,absent,0.06658935546875,0.28,absent,0.054412841796875,0.33,absent,0.04638671875,0.42,absent,0.07135009765625,0.39,absent,0.483154296875,0.62,absent,0.018402099609375,0.35,absent,0.09283447265625,0.45,absent
patient37527/study10,patient37527,test,1,patient37527/study10/view1_frontal.dcm,raddino_finetuned_v1,0.07305908203125,0.56,absent,0.00989532470703125,0.5,absent,0.1087646484375,0.45,absent,0.0966796875,0.453857,absent,0.119384765625,0.6,absent,0.0262603759765625,0.28,absent,0.029876708984375,0.33,absent,0.090576171875,0.42,absent,0.0139007568359375,0.39,absent,0.176513671875,0.62,absent,0.00394439697265625,0.35,absent,0.0386962890625,0.45,absent
patient37527/study11,patient37527,test,1,patient37527/study11/view1_frontal.dcm,raddino_finetuned_v1,0.070556640625,0.56,absent,0.005489349365234375,0.5,absent,0.07598876953125,0.45,absent,0.06683349609375,0.453857,absent,0.050048828125,0.6,absent,0.0266571044921875,0.28,absent,0.0225372314453125,0.33,absent,0.0726318359375,0.42,absent,0.015838623046875,0.39,absent,0.0999755859375,0.62,absent,0.0029697418212890625,0.35,absent,0.0203704833984375,0.45,absent
patient37527/study12,patient37527,test,1,patient37527/study12/view1_frontal.dcm,raddino_finetuned_v1,0.0316162109375,0.56,absent,0.004314422607421875,0.5,absent,0.0154266357421875,0.45,absent,0.005687713623046875,0.453857,absent,0.041778564453125,0.6,absent,0.003635406494140625,0.28,absent,0.00646209716796875,0.33,absent,0.0236053466796875,0.42,absent,0.00582122802734375,0.39,absent,0.01507568359375,0.62,absent,0.0037364959716796875,0.35,absent,0.005039215087890625,0.45,absent
patient37527/study7,patient37527,test,1,patient37527/study7/view1_frontal.dcm,raddino_finetuned_v1,0.1605224609375,0.56,absent,0.115966796875,0.5,absent,0.408447265625,0.45,absent,0.39013671875,0.453857,absent,0.20263671875,0.6,absent,0.2178955078125,0.28,absent,0.1568603515625,0.33,absent,0.09771728515625,0.42,absent,0.028106689453125,0.39,absent,0.45166015625,0.62,absent,0.02801513671875,0.35,absent,0.06268310546875,0.45,absent
patient37722/study1,patient37722,test,2,patient37722/study1/view1_frontal.dcm|patient37722/study1/view2_frontal.dcm,raddino_finetuned_v1,0.404541015625,0.56,absent,0.07598876953125,0.5,absent,0.39208984375,0.45,absent,0.0849609375,0.453857,absent,0.219482421875,0.6,absent,0.40478515625,0.28,present,0.08831787109375,0.33,absent,0.33544921875,0.42,absent,0.701171875,0.39,present,0.689453125,0.62,present,0.268310546875,0.35,absent,0.7216796875,0.45,present
patient37722/study2,patient37722,test,1,patient37722/study2/view1_frontal.dcm,raddino_finetuned_v1,0.3525390625,0.56,absent,0.06304931640625,0.5,absent,0.1927490234375,0.45,absent,0.04193115234375,0.453857,absent,0.1475830078125,0.6,absent,0.1553955078125,0.28,absent,0.181884765625,0.33,absent,0.2047119140625,0.42,absent,0.46728515625,0.39,present,0.3056640625,0.62,absent,0.1348876953125,0.35,absent,0.3505859375,0.45,absent
patient37722/study3,patient37722,test,1,patient37722/study3/view1_frontal.dcm,raddino_finetuned_v1,0.51123046875,0.56,absent,0.261474609375,0.5,absent,0.74365234375,0.45,present,0.1387939453125,0.453857,absent,0.151611328125,0.6,absent,0.52734375,0.28,present,0.2015380859375,0.33,absent,0.423095703125,0.42,present,0.68310546875,0.39,present,0.5693359375,0.62,absent,0.5498046875,0.35,present,0.7158203125,0.45,present
patient37795/study1,patient37795,test,1,patient37795/study1/view1_frontal.dcm,raddino_finetuned_v1,0.0345458984375,0.56,absent,0.00424957275390625,0.5,absent,0.03759765625,0.45,absent,0.0205230712890625,0.453857,absent,0.00971221923828125,0.6,absent,0.03582763671875,0.28,absent,0.0116424560546875,0.33,absent,0.01306915283203125,0.42,absent,0.0843505859375,0.39,absent,0.060516357421875,0.62,absent,0.001972198486328125,0.35,absent,0.07977294921875,0.45,absent
patient37795/study10,patient37795,test,1,patient37795/study10/view1_frontal.dcm,raddino_finetuned_v1,0.057281494140625,0.56,absent,0.00690460205078125,0.5,absent,0.03662109375,0.45,absent,0.03607177734375,0.453857,absent,0.03277587890625,0.6,absent,0.0638427734375,0.28,absent,0.031494140625,0.33,absent,0.08599853515625,0.42,absent,0.024749755859375,0.39,absent,0.08465576171875,0.62,absent,0.0374755859375,0.35,absent,0.0287628173828125,0.45,absent
patient37795/study11,patient37795,test,1,patient37795/study11/view1_frontal.dcm,raddino_finetuned_v1,0.047607421875,0.56,absent,0.01450347900390625,0.5,absent,0.053314208984375,0.45,absent,0.023101806640625,0.453857,absent,0.0173797607421875,0.6,absent,0.042022705078125,0.28,absent,0.01229095458984375,0.33,absent,0.06964111328125,0.42,absent,0.06939697265625,0.39,absent,0.07159423828125,0.62,absent,0.0284423828125,0.35,absent,0.03704833984375,0.45,absent
patient37795/study12,patient37795,test,1,patient37795/study12/view1_frontal.dcm,raddino_finetuned_v1,0.0190887451171875,0.56,absent,0.00963592529296875,0.5,absent,0.015960693359375,0.45,absent,0.01214599609375,0.453857,absent,0.01242828369140625,0.6,absent,0.011871337890625,0.28,absent,0.004199981689453125,0.33,absent,0.02069091796875,0.42,absent,0.03704833984375,0.39,absent,0.0189361572265625,0.62,absent,0.007289886474609375,0.35,absent,0.0211639404296875,0.45,absent
patient37803/study11,patient37803,test,1,patient37803/study11/view1_frontal.dcm,raddino_finetuned_v1,0.97412109375,0.56,present,0.9833984375,0.5,present,0.96337890625,0.45,present,0.97216796875,0.453857,present,0.982421875,0.6,present,0.677734375,0.28,present,0.52294921875,0.33,present,0.7099609375,0.42,present,0.340087890625,0.39,absent,0.98046875,0.62,present,0.95849609375,0.35,present,0.354248046875,0.45,absent
patient37803/study12,patient37803,test,1,patient37803/study12/view1_frontal.dcm,raddino_finetuned_v1,0.853515625,0.56,present,0.97021484375,0.5,present,0.90185546875,0.45,present,0.89306640625,0.453857,present,0.94873046875,0.6,present,0.47412109375,0.28,present,0.2247314453125,0.33,absent,0.69091796875,0.42,present,0.09588623046875,0.39,absent,0.95556640625,0.62,present,0.90380859375,0.35,present,0.282958984375,0.45,absent
patient37803/study13,patient37803,test,1,patient37803/study13/view1_frontal.dcm,raddino_finetuned_v1,0.81201171875,0.56,present,0.95947265625,0.5,present,0.6826171875,0.45,present,0.6796875,0.453857,present,0.921875,0.6,present,0.2763671875,0.28,absent,0.215576171875,0.33,absent,0.426025390625,0.42,present,0.05023193359375,0.39,absent,0.86376953125,0.62,present,0.6376953125,0.35,present,0.1121826171875,0.45,absent
patient37803/study6,patient37803,test,1,patient37803/study6/view1_frontal.dcm,raddino_finetuned_v1,0.85888671875,0.56,present,0.9111328125,0.5,present,0.72265625,0.45,present,0.60693359375,0.453857,present,0.87744140625,0.6,present,0.1737060546875,0.28,absent,0.3642578125,0.33,present,0.2127685546875,0.42,absent,0.12274169921875,0.39,absent,0.73046875,0.62,present,0.818359375,0.35,present,0.038543701171875,0.45,absent
patient37897/study1,patient37897,test,1,patient37897/study1/view1_frontal.dcm,raddino_finetuned_v1,0.75634765625,0.56,present,0.287109375,0.5,absent,0.5654296875,0.45,present,0.6103515625,0.453857,present,0.76611328125,0.6,present,0.489501953125,0.28,present,0.64794921875,0.33,present,0.81982421875,0.42,present,0.49951171875,0.39,present,0.80078125,0.62,present,0.1859130859375,0.35,absent,0.260498046875,0.45,absent
patient37897/study2,patient37897,test,1,patient37897/study2/view1_frontal.dcm,raddino_finetuned_v1,0.053985595703125,0.56,absent,0.07464599609375,0.5,absent,0.03948974609375,0.45,absent,0.08447265625,0.453857,absent,0.2445068359375,0.6,absent,0.048126220703125,0.28,absent,0.0728759765625,0.33,absent,0.15283203125,0.42,absent,0.06964111328125,0.39,absent,0.314208984375,0.62,absent,0.2088623046875,0.35,absent,0.024139404296875,0.45,absent
patient37897/study3,patient37897,test,1,patient37897/study3/view1_frontal.dcm,raddino_finetuned_v1,0.37353515625,0.56,absent,0.3193359375,0.5,absent,0.4404296875,0.45,absent,0.390869140625,0.453857,absent,0.6865234375,0.6,present,0.1431884765625,0.28,absent,0.59130859375,0.33,present,0.50634765625,0.42,present,0.12158203125,0.39,absent,0.65478515625,0.62,present,0.301513671875,0.35,absent,0.0831298828125,0.45,absent
patient37897/study4,patient37897,test,1,patient37897/study4/view1_frontal.dcm,raddino_finetuned_v1,0.7021484375,0.56,present,0.50927734375,0.5,present,0.576171875,0.45,present,0.73486328125,0.453857,present,0.876953125,0.6,present,0.430908203125,0.28,present,0.5751953125,0.33,present,0.70068359375,0.42,present,0.5244140625,0.39,present,0.87109375,0.62,present,0.45166015625,0.35,present,0.40478515625,0.45,absent
patient37912/study1,patient37912,test,1,patient37912/study1/view1_frontal.dcm,raddino_finetuned_v1,0.0592041015625,0.56,absent,0.03753662109375,0.5,absent,0.004756927490234375,0.45,absent,0.0635986328125,0.453857,absent,0.0271148681640625,0.6,absent,0.0287017822265625,0.28,absent,0.0633544921875,0.33,absent,0.042816162109375,0.42,absent,0.017852783203125,0.39,absent,0.130615234375,0.62,absent,0.00971221923828125,0.35,absent,0.004486083984375,0.45,absent
patient37912/study10,patient37912,test,1,patient37912/study10/view1_frontal.dcm,raddino_finetuned_v1,0.006122589111328125,0.56,absent,0.01433563232421875,0.5,absent,0.0255126953125,0.45,absent,0.007289886474609375,0.453857,absent,0.0164031982421875,0.6,absent,0.009857177734375,0.28,absent,0.045196533203125,0.33,absent,0.00609588623046875,0.42,absent,0.00821685791015625,0.39,absent,0.047698974609375,0.62,absent,0.006641387939453125,0.35,absent,0.006565093994140625,0.45,absent
patient37912/study11,patient37912,test,1,patient37912/study11/view1_frontal.dcm,raddino_finetuned_v1,0.027069091796875,0.56,absent,0.0029354095458984375,0.5,absent,0.04132080078125,0.45,absent,0.012237548828125,0.453857,absent,0.021942138671875,0.6,absent,0.0182342529296875,0.28,absent,0.1627197265625,0.33,absent,0.048492431640625,0.42,absent,0.0333251953125,0.39,absent,0.1297607421875,0.62,absent,0.0048675537109375,0.35,absent,0.0255584716796875,0.45,absent
patient37912/study12,patient37912,test,1,patient37912/study12/view1_frontal.dcm,raddino_finetuned_v1,0.004665374755859375,0.56,absent,0.003124237060546875,0.5,absent,0.047882080078125,0.45,absent,0.0141143798828125,0.453857,absent,0.006565093994140625,0.6,absent,0.01111602783203125,0.28,absent,0.0390625,0.33,absent,0.009521484375,0.42,absent,0.00536346435546875,0.39,absent,0.052337646484375,0.62,absent,0.005260467529296875,0.35,absent,0.00582122802734375,0.45,absent
patient37977/study1,patient37977,test,2,patient37977/study1/view1_frontal.dcm|patient37977/study1/view2_frontal.dcm,raddino_finetuned_v1,0.235595703125,0.56,absent,0.004810333251953125,0.5,absent,0.1654052734375,0.45,absent,0.0364990234375,0.453857,absent,0.2342529296875,0.6,absent,0.129638671875,0.28,absent,0.1558837890625,0.33,absent,0.270263671875,0.42,absent,0.021942138671875,0.39,absent,0.341064453125,0.62,absent,0.0028228759765625,0.35,absent,0.006824493408203125,0.45,absent
patient37977/study10,patient37977,test,1,patient37977/study10/view1_frontal.dcm,raddino_finetuned_v1,0.10760498046875,0.56,absent,0.11358642578125,0.5,absent,0.5830078125,0.45,present,0.198486328125,0.453857,absent,0.4833984375,0.6,absent,0.2020263671875,0.28,absent,0.06890869140625,0.33,absent,0.1533203125,0.42,absent,0.1856689453125,0.39,absent,0.3837890625,0.62,absent,0.09136962890625,0.35,absent,0.135986328125,0.45,absent
patient37977/study11,patient37977,test,1,patient37977/study11/view1_frontal.dcm,raddino_finetuned_v1,0.474609375,0.56,absent,0.184326171875,0.5,absent,0.78271484375,0.45,present,0.6474609375,0.453857,present,0.80615234375,0.6,present,0.44091796875,0.28,present,0.340087890625,0.33,present,0.372314453125,0.42,absent,0.11614990234375,0.39,absent,0.72509765625,0.62,present,0.06396484375,0.35,absent,0.149169921875,0.45,absent
patient37977/study12,patient37977,test,1,patient37977/study12/view1_frontal.dcm,raddino_finetuned_v1,0.1392822265625,0.56,absent,0.00955963134765625,0.5,absent,0.1295166015625,0.45,absent,0.041473388671875,0.453857,absent,0.2294921875,0.6,absent,0.09136962890625,0.28,absent,0.367919921875,0.33,present,0.271728515625,0.42,absent,0.17138671875,0.39,absent,0.44140625,0.62,absent,0.007785797119140625,0.35,absent,0.183837890625,0.45,absent
patient38117/study1,patient38117,test,1,patient38117/study1/view1_frontal.dcm,raddino_finetuned_v1,0.02655029296875,0.56,absent,0.037200927734375,0.5,absent,0.1292724609375,0.45,absent,0.0574951171875,0.453857,absent,0.17626953125,0.6,absent,0.0318603515625,0.28,absent,0.036163330078125,0.33,absent,0.01073455810546875,0.42,absent,0.048492431640625,0.39,absent,0.09808349609375,0.62,absent,0.0184783935546875,0.35,absent,0.01009368896484375,0.45,absent
patient38117/study10,patient38117,test,1,patient38117/study10/view1_frontal.dcm,raddino_finetuned_v1,0.0116424560546875,0.56,absent,0.00847625732421875,0.5,absent,0.03521728515625,0.45,absent,0.06622314453125,0.453857,absent,0.09136962890625,0.6,absent,0.015777587890625,0.28,absent,0.348876953125,0.33,present,0.042816162109375,0.42,absent,0.11065673828125,0.39,absent,0.09552001953125,0.62,absent,0.012237548828125,0.35,absent,0.038909912109375,0.45,absent
patient38117/study2,patient38117,test,1,patient38117/study2/view1_frontal.dcm,raddino_finetuned_v1,0.01525115966796875,0.56,absent,0.017303466796875,0.5,absent,0.044281005859375,0.45,absent,0.027008056640625,0.453857,absent,0.11279296875,0.6,absent,0.00891876220703125,0.28,absent,0.053314208984375,0.33,absent,0.00974273681640625,0.42,absent,0.0167236328125,0.39,absent,0.1083984375,0.62,absent,0.0082855224609375,0.35,absent,0.02838134765625,0.45,absent
patient38117/study3,patient38117,test,1,patient38117/study3/view1_frontal.dcm,raddino_finetuned_v1,0.026763916015625,0.56,absent,0.10174560546875,0.5,absent,0.0582275390625,0.45,absent,0.1561279296875,0.453857,absent,0.06427001953125,0.6,absent,0.02069091796875,0.28,absent,0.243408203125,0.33,absent,0.036163330078125,0.42,absent,0.0153045654296875,0.39,absent,0.10430908203125,0.62,absent,0.030914306640625,0.35,absent,0.0171051025390625,0.45,absent
patient38122/study1,patient38122,test,1,patient38122/study1/view1_frontal.dcm,raddino_finetuned_v1,0.73583984375,0.56,present,0.3701171875,0.5,absent,0.8310546875,0.45,present,0.82958984375,0.453857,present,0.560546875,0.6,absent,0.447021484375,0.28,present,0.05792236328125,0.33,absent,0.28125,0.42,absent,0.331298828125,0.39,absent,0.80126953125,0.62,present,0.54541015625,0.35,present,0.076416015625,0.45,absent
patient38122/study10,patient38122,test,1,patient38122/study10/view1_frontal.dcm,raddino_finetuned_v1,0.09075927734375,0.56,absent,0.1517333984375,0.5,absent,0.198486328125,0.45,absent,0.29345703125,0.453857,absent,0.1845703125,0.6,absent,0.0753173828125,0.28,absent,0.013427734375,0.33,absent,0.0289764404296875,0.42,absent,0.0265045166015625,0.39,absent,0.197021484375,0.62,absent,0.247802734375,0.35,absent,0.0258026123046875,0.45,absent
patient38122/study11,patient38122,test,1,patient38122/study11/view1_frontal.dcm,raddino_finetuned_v1,0.2125244140625,0.56,absent,0.233154296875,0.5,absent,0.281494140625,0.45,absent,0.299072265625,0.453857,absent,0.32958984375,0.6,absent,0.14501953125,0.28,absent,0.1087646484375,0.33,absent,0.077392578125,0.42,absent,0.08477783203125,0.39,absent,0.5380859375,0.62,absent,0.405029296875,0.35,present,0.07806396484375,0.45,absent
patient38122/study2,patient38122,test,1,patient38122/study2/view1_frontal.dcm,raddino_finetuned_v1,0.3349609375,0.56,absent,0.1104736328125,0.5,absent,0.427001953125,0.45,absent,0.6376953125,0.453857,present,0.12127685546875,0.6,absent,0.2587890625,0.28,absent,0.038818359375,0.33,absent,0.03582763671875,0.42,absent,0.1702880859375,0.39,absent,0.38720703125,0.62,absent,0.282958984375,0.35,absent,0.0204925537109375,0.45,absent
patient38261/study1,patient38261,test,1,patient38261/study1/view1_frontal.dcm,raddino_finetuned_v1,0.0604248046875,0.56,absent,0.007843017578125,0.5,absent,0.0112457275390625,0.45,absent,0.039642333984375,0.453857,absent,0.141845703125,0.6,absent,0.0115509033203125,0.28,absent,0.0050201416015625,0.33,absent,0.07196044921875,0.42,absent,0.00916290283203125,0.39,absent,0.0850830078125,0.62,absent,0.09637451171875,0.35,absent,0.0235595703125,0.45,absent
patient38261/study10,patient38261,test,1,patient38261/study10/view1_frontal.dcm,raddino_finetuned_v1,0.00803375244140625,0.56,absent,0.0035381317138671875,0.5,absent,0.0028553009033203125,0.45,absent,0.0116424560546875,0.453857,absent,0.034698486328125,0.6,absent,0.001964569091796875,0.28,absent,0.0068511962890625,0.33,absent,0.00937652587890625,0.42,absent,0.001483917236328125,0.39,absent,0.024383544921875,0.62,absent,0.0031719207763671875,0.35,absent,0.0015611648559570312,0.45,absent
patient38261/study11,patient38261,test,1,patient38261/study11/view1_frontal.dcm,raddino_finetuned_v1,0.04217529296875,0.56,absent,0.033538818359375,0.5,absent,0.01142120361328125,0.45,absent,0.00948333740234375,0.453857,absent,0.0638427734375,0.6,absent,0.0118255615234375,0.28,absent,0.0048675537109375,0.33,absent,0.0063629150390625,0.42,absent,0.00690460205078125,0.39,absent,0.09503173828125,0.62,absent,0.0210418701171875,0.35,absent,0.003765106201171875,0.45,absent
patient38261/study12,patient38261,test,1,patient38261/study12/view1_frontal.dcm,raddino_finetuned_v1,0.005344390869140625,0.56,absent,0.002620697021484375,0.5,absent,0.0005908012390136719,0.45,absent,0.0101318359375,0.453857,absent,0.00595855712890625,0.6,absent,0.0015363693237304688,0.28,absent,0.0010318756103515625,0.33,absent,0.002590179443359375,0.42,absent,0.0007948875427246094,0.39,absent,0.006290435791015625,0.62,absent,0.0035648345947265625,0.35,absent,0.00030541419982910156,0.45,absent
patient38293/study10,patient38293,test,1,patient38293/study10/view1_frontal.dcm,raddino_finetuned_v1,0.62646484375,0.56,present,0.08770751953125,0.5,absent,0.306396484375,0.45,absent,0.1539306640625,0.453857,absent,0.50732421875,0.6,absent,0.4326171875,0.28,present,0.40576171875,0.33,present,0.623046875,0.42,present,0.66650390625,0.39,present,0.9296875,0.62,present,0.1124267578125,0.35,absent,0.65380859375,0.45,present
patient38293/study4,patient38293,test,1,patient38293/study4/view1_frontal.dcm,raddino_finetuned_v1,0.6337890625,0.56,present,0.08770751953125,0.5,absent,0.446533203125,0.45,absent,0.3486328125,0.453857,absent,0.443359375,0.6,absent,0.5078125,0.28,present,0.8173828125,0.33,present,0.77197265625,0.42,present,0.307373046875,0.39,absent,0.9140625,0.62,present,0.057281494140625,0.35,absent,0.478515625,0.45,present
patient38293/study7,patient38293,test,1,patient38293/study7/view1_frontal.dcm,raddino_finetuned_v1,0.67529296875,0.56,present,0.145263671875,0.5,absent,0.281982421875,0.45,absent,0.300537109375,0.453857,absent,0.415283203125,0.6,absent,0.16845703125,0.28,absent,0.86181640625,0.33,present,0.65869140625,0.42,present,0.45947265625,0.39,present,0.90087890625,0.62,present,0.08660888671875,0.35,absent,0.533203125,0.45,present
patient38293/study9,patient38293,test,1,patient38293/study9/view1_frontal.dcm,raddino_finetuned_v1,0.69873046875,0.56,present,0.02056884765625,0.5,absent,0.291015625,0.45,absent,0.07501220703125,0.453857,absent,0.63818359375,0.6,present,0.1949462890625,0.28,absent,0.703125,0.33,present,0.5615234375,0.42,present,0.5244140625,0.39,present,0.859375,0.62,present,0.0411376953125,0.35,absent,0.50390625,0.45,present
patient38509/study1,patient38509,test,1,patient38509/study1/view1_frontal.dcm,raddino_finetuned_v1,0.23681640625,0.56,absent,0.078369140625,0.5,absent,0.380615234375,0.45,absent,0.07318115234375,0.453857,absent,0.380126953125,0.6,absent,0.34033203125,0.28,present,0.09771728515625,0.33,absent,0.5654296875,0.42,present,0.089599609375,0.39,absent,0.45703125,0.62,absent,0.055206298828125,0.35,absent,0.07794189453125,0.45,absent
patient38509/study10,patient38509,test,1,patient38509/study10/view1_frontal.dcm,raddino_finetuned_v1,0.12939453125,0.56,absent,0.1383056640625,0.5,absent,0.58984375,0.45,present,0.1246337890625,0.453857,absent,0.289794921875,0.6,absent,0.154296875,0.28,absent,0.279052734375,0.33,absent,0.1810302734375,0.42,absent,0.01512908935546875,0.39,absent,0.496826171875,0.62,absent,0.07318115234375,0.35,absent,0.03839111328125,0.45,absent
patient38509/study11,patient38509,test,1,patient38509/study11/view1_frontal.dcm,raddino_finetuned_v1,0.1463623046875,0.56,absent,0.1680908203125,0.5,absent,0.49609375,0.45,present,0.06396484375,0.453857,absent,0.37646484375,0.6,absent,0.09857177734375,0.28,absent,0.184814453125,0.33,absent,0.1961669921875,0.42,absent,0.056976318359375,0.39,absent,0.483154296875,0.62,absent,0.1407470703125,0.35,absent,0.043701171875,0.45,absent
patient38509/study12,patient38509,test,1,patient38509/study12/view1_frontal.dcm,raddino_finetuned_v1,0.4130859375,0.56,absent,0.266357421875,0.5,absent,0.6767578125,0.45,present,0.276123046875,0.453857,absent,0.2939453125,0.6,absent,0.355712890625,0.28,present,0.1358642578125,0.33,absent,0.36865234375,0.42,absent,0.03875732421875,0.39,absent,0.79638671875,0.62,present,0.2451171875,0.35,absent,0.05560302734375,0.45,absent
patient38570/study1,patient38570,test,1,patient38570/study1/view1_frontal.dcm,raddino_finetuned_v1,0.033843994140625,0.56,absent,0.11102294921875,0.5,absent,0.0141143798828125,0.45,absent,0.09771728515625,0.453857,absent,0.09027099609375,0.6,absent,0.0706787109375,0.28,absent,0.0257568359375,0.33,absent,0.0201416015625,0.42,absent,0.029876708984375,0.39,absent,0.093017578125,0.62,absent,0.08660888671875,0.35,absent,0.01348114013671875,0.45,absent
patient38570/study10,patient38570,test,1,patient38570/study10/view1_frontal.dcm,raddino_finetuned_v1,0.02386474609375,0.56,absent,0.10430908203125,0.5,absent,0.01061248779296875,0.45,absent,0.08819580078125,0.453857,absent,0.1865234375,0.6,absent,0.00464630126953125,0.28,absent,0.036773681640625,0.33,absent,0.037811279296875,0.42,absent,0.00157928466796875,0.39,absent,0.1346435546875,0.62,absent,0.0574951171875,0.35,absent,0.006290435791015625,0.45,absent
patient38570/study11,patient38570,test,1,patient38570/study11/view1_frontal.dcm,raddino_finetuned_v1,0.016845703125,0.56,absent,0.038238525390625,0.5,absent,0.01812744140625,0.45,absent,0.125244140625,0.453857,absent,0.1422119140625,0.6,absent,0.0256195068359375,0.28,absent,0.037811279296875,0.33,absent,0.056549072265625,0.42,absent,0.00572967529296875,0.39,absent,0.1834716796875,0.62,absent,0.031494140625,0.35,absent,0.0121002197265625,0.45,absent
patient38570/study2,patient38570,test,1,patient38570/study2/view1_frontal.dcm,raddino_finetuned_v1,0.029815673828125,0.56,absent,0.07208251953125,0.5,absent,0.054901123046875,0.45,absent,0.1953125,0.453857,absent,0.271240234375,0.6,absent,0.051177978515625,0.28,absent,0.011962890625,0.33,absent,0.03277587890625,0.42,absent,0.025421142578125,0.39,absent,0.23193359375,0.62,absent,0.130615234375,0.35,absent,0.0310211181640625,0.45,absent
patient38584/study1,patient38584,test,2,patient38584/study1/view1_frontal.dcm|patient38584/study1/view2_frontal.dcm,raddino_finetuned_v1,0.96435546875,0.56,present,0.40478515625,0.5,absent,0.671875,0.45,present,0.83935546875,0.453857,present,0.8759765625,0.6,present,0.330810546875,0.28,present,0.79052734375,0.33,present,0.96533203125,0.42,present,0.693359375,0.39,present,0.953125,0.62,present,0.5439453125,0.35,present,0.1739501953125,0.45,absent
patient38584/study3,patient38584,test,2,patient38584/study3/view1_frontal.dcm|patient38584/study3/view2_frontal.dcm,raddino_finetuned_v1,0.92236328125,0.56,present,0.2626953125,0.5,absent,0.7421875,0.45,present,0.80126953125,0.453857,present,0.7724609375,0.6,present,0.603515625,0.28,present,0.69921875,0.33,present,0.953125,0.42,present,0.68505859375,0.39,present,0.9697265625,0.62,present,0.375732421875,0.35,present,0.293212890625,0.45,absent
patient38584/study4,patient38584,test,1,patient38584/study4/view1_frontal.dcm,raddino_finetuned_v1,0.95166015625,0.56,present,0.5859375,0.5,present,0.92529296875,0.45,present,0.9736328125,0.453857,present,0.82861328125,0.6,present,0.9091796875,0.28,present,0.5869140625,0.33,present,0.90771484375,0.42,present,0.9150390625,0.39,present,0.99267578125,0.62,present,0.814453125,0.35,present,0.9111328125,0.45,present
patient38584/study5,patient38584,test,1,patient38584/study5/view1_frontal.dcm,raddino_finetuned_v1,0.84228515625,0.56,present,0.2264404296875,0.5,absent,0.67529296875,0.45,present,0.63134765625,0.453857,present,0.578125,0.6,absent,0.529296875,0.28,present,0.783203125,0.33,present,0.83837890625,0.42,present,0.67236328125,0.39,present,0.953125,0.62,present,0.30126953125,0.35,absent,0.29443359375,0.45,absent
patient38926/study1,patient38926,test,1,patient38926/study1/view1_frontal.dcm,raddino_finetuned_v1,0.120361328125,0.56,absent,0.0048675537109375,0.5,absent,0.1014404296875,0.45,absent,0.042083740234375,0.453857,absent,0.04595947265625,0.6,absent,0.04510498046875,0.28,absent,0.062225341796875,0.33,absent,0.41015625,0.42,absent,0.0703125,0.39,absent,0.29736328125,0.62,absent,0.03021240234375,0.35,absent,0.037750244140625,0.45,absent
patient38926/study10,patient38926,test,1,patient38926/study10/view1_frontal.dcm,raddino_finetuned_v1,0.196044921875,0.56,absent,0.017181396484375,0.5,absent,0.07147216796875,0.45,absent,0.03839111328125,0.453857,absent,0.0794677734375,0.6,absent,0.05194091796875,0.28,absent,0.09234619140625,0.33,absent,0.5029296875,0.42,present,0.047607421875,0.39,absent,0.276123046875,0.62,absent,0.032470703125,0.35,absent,0.042388916015625,0.45,absent
patient38926/study11,patient38926,test,1,patient38926/study11/view1_frontal.dcm,raddino_finetuned_v1,0.0301513671875,0.56,absent,0.010009765625,0.5,absent,0.02484130859375,0.45,absent,0.003765106201171875,0.453857,absent,0.0164642333984375,0.6,absent,0.034698486328125,0.28,absent,0.00307464599609375,0.33,absent,0.048309326171875,0.42,absent,0.0592041015625,0.39,absent,0.0615234375,0.62,absent,0.007404327392578125,0.35,absent,0.0083770751953125,0.45,absent
patient38926/study12,patient38926,test,1,patient38926/study12/view1_frontal.dcm,raddino_finetuned_v1,0.031982421875,0.56,absent,0.0106964111328125,0.5,absent,0.03302001953125,0.45,absent,0.006439208984375,0.453857,absent,0.022247314453125,0.6,absent,0.04620361328125,0.28,absent,0.006290435791015625,0.33,absent,0.051361083984375,0.42,absent,0.06109619140625,0.39,absent,0.09173583984375,0.62,absent,0.00818634033203125,0.35,absent,0.0102081298828125,0.45,absent
patient38999/study1,patient38999,test,1,patient38999/study1/view1_frontal.dcm,raddino_finetuned_v1,0.0177764892578125,0.56,absent,0.03955078125,0.5,absent,0.09271240234375,0.45,absent,0.2166748046875,0.453857,absent,0.0938720703125,0.6,absent,0.0189056396484375,0.28,absent,0.0115509033203125,0.33,absent,0.07861328125,0.42,absent,0.01061248779296875,0.39,absent,0.2161865234375,0.62,absent,0.0184783935546875,0.35,absent,0.009857177734375,0.45,absent
patient38999/study2,patient38999,test,1,patient38999/study2/view1_frontal.dcm,raddino_finetuned_v1,0.0704345703125,0.56,absent,0.355712890625,0.5,absent,0.346435546875,0.45,absent,0.6064453125,0.453857,present,0.33984375,0.6,absent,0.07861328125,0.28,absent,0.0301513671875,0.33,absent,0.08135986328125,0.42,absent,0.028594970703125,0.39,absent,0.546875,0.62,absent,0.20068359375,0.35,absent,0.07135009765625,0.45,absent
patient38999/study3,patient38999,test,1,patient38999/study3/view1_frontal.dcm,raddino_finetuned_v1,0.03790283203125,0.56,absent,0.060638427734375,0.5,absent,0.1202392578125,0.45,absent,0.167236328125,0.453857,absent,0.075439453125,0.6,absent,0.042327880859375,0.28,absent,0.0364990234375,0.33,absent,0.00937652587890625,0.42,absent,0.018646240234375,0.39,absent,0.1754150390625,0.62,absent,0.05792236328125,0.35,absent,0.018585205078125,0.45,absent
patient39096/study1,patient39096,test,1,patient39096/study1/view1_frontal.dcm,raddino_finetuned_v1,0.158447265625,0.56,absent,0.8203125,0.5,present,0.383544921875,0.45,absent,0.368896484375,0.453857,absent,0.455322265625,0.6,absent,0.12335205078125,0.28,absent,0.04534912109375,0.33,absent,0.1124267578125,0.42,absent,0.0260009765625,0.39,absent,0.51806640625,0.62,absent,0.57275390625,0.35,present,0.0703125,0.45,absent
patient39096/study10,patient39096,test,1,patient39096/study10/view1_frontal.dcm,raddino_finetuned_v1,0.546875,0.56,absent,0.461669921875,0.5,absent,0.6201171875,0.45,present,0.78271484375,0.453857,present,0.91845703125,0.6,present,0.603515625,0.28,present,0.485107421875,0.33,present,0.18212890625,0.42,absent,0.28076171875,0.39,absent,0.880859375,0.62,present,0.10089111328125,0.35,absent,0.43115234375,0.45,absent
patient39096/study11,patient39096,test,1,patient39096/study11/view1_frontal.dcm,raddino_finetuned_v1,0.8154296875,0.56,present,0.8603515625,0.5,present,0.86865234375,0.45,present,0.9013671875,0.453857,present,0.97216796875,0.6,present,0.669921875,0.28,present,0.3671875,0.33,present,0.377197265625,0.42,absent,0.28515625,0.39,absent,0.95556640625,0.62,present,0.62451171875,0.35,present,0.70361328125,0.45,present
patient39096/study12,patient39096,test,1,patient39096/study12/view1_frontal.dcm,raddino_finetuned_v1,0.76513671875,0.56,present,0.6474609375,0.5,present,0.74267578125,0.45,present,0.86669921875,0.453857,present,0.9326171875,0.6,present,0.654296875,0.28,present,0.3427734375,0.33,present,0.283447265625,0.42,absent,0.44873046875,0.39,present,0.9091796875,0.62,present,0.1285400390625,0.35,absent,0.529296875,0.45,present
patient39178/study1,patient39178,test,1,patient39178/study1/view1_frontal.dcm,raddino_finetuned_v1,0.0391845703125,0.56,absent,0.00955963134765625,0.5,absent,0.10211181640625,0.45,absent,0.04510498046875,0.453857,absent,0.03131103515625,0.6,absent,0.11260986328125,0.28,absent,0.0290374755859375,0.33,absent,0.006565093994140625,0.42,absent,0.0253753662109375,0.39,absent,0.07965087890625,0.62,absent,0.0226287841796875,0.35,absent,0.005001068115234375,0.45,absent
patient39178/study10,patient39178,test,1,patient39178/study10/view1_frontal.dcm,raddino_finetuned_v1,0.0227203369140625,0.56,absent,0.07806396484375,0.5,absent,0.062225341796875,0.45,absent,0.204833984375,0.453857,absent,0.1531982421875,0.6,absent,0.058013916015625,0.28,absent,0.0032863616943359375,0.33,absent,0.03948974609375,0.42,absent,0.0121002197265625,0.39,absent,0.1517333984375,0.62,absent,0.049774169921875,0.35,absent,0.01483917236328125,0.45,absent
patient39178/study11,patient39178,test,1,patient39178/study11/view1_frontal.dcm,raddino_finetuned_v1,0.0068511962890625,0.56,absent,0.012054443359375,0.5,absent,0.0300445556640625,0.45,absent,0.059326171875,0.453857,absent,0.029876708984375,0.6,absent,0.0108184814453125,0.28,absent,0.0019121170043945312,0.33,absent,0.00443267822265625,0.42,absent,0.00812530517578125,0.39,absent,0.04052734375,0.62,absent,0.00905609130859375,0.35,absent,0.0136871337890625,0.45,absent
patient39178/study12,patient39178,test,1,patient39178/study12/view1_frontal.dcm,raddino_finetuned_v1,0.0330810546875,0.56,absent,0.00690460205078125,0.5,absent,0.0885009765625,0.45,absent,0.02886962890625,0.453857,absent,0.063720703125,0.6,absent,0.0258636474609375,0.28,absent,0.00701141357421875,0.33,absent,0.01322174072265625,0.42,absent,0.0139007568359375,0.39,absent,0.053985595703125,0.62,absent,0.0191192626953125,0.35,absent,0.0173797607421875,0.45,absent
patient39225/study1,patient39225,test,1,patient39225/study1/view1_frontal.dcm,raddino_finetuned_v1,0.0245208740234375,0.56,absent,0.185302734375,0.5,absent,0.0531005859375,0.45,absent,0.062103271484375,0.453857,absent,0.039947509765625,0.6,absent,0.25390625,0.28,absent,0.04217529296875,0.33,absent,0.021453857421875,0.42,absent,0.06866455078125,0.39,absent,0.302978515625,0.62,absent,0.040374755859375,0.35,absent,0.16455078125,0.45,absent
patient39225/study10,patient39225,test,1,patient39225/study10/view1_frontal.dcm,raddino_finetuned_v1,0.06658935546875,0.56,absent,0.0635986328125,0.5,absent,0.06292724609375,0.45,absent,0.0289306640625,0.453857,absent,0.10821533203125,0.6,absent,0.0188751220703125,0.28,absent,0.01073455810546875,0.33,absent,0.0975341796875,0.42,absent,0.0033893585205078125,0.39,absent,0.07476806640625,0.62,absent,0.029541015625,0.35,absent,0.01049041748046875,0.45,absent
patient39225/study11,patient39225,test,1,patient39225/study11/view1_frontal.dcm,raddino_finetuned_v1,0.0253753662109375,0.56,absent,0.042236328125,0.5,absent,0.019683837890625,0.45,absent,0.0186920166015625,0.453857,absent,0.054595947265625,0.6,absent,0.00595855712890625,0.28,absent,0.013427734375,0.33,absent,0.02044677734375,0.42,absent,0.003650665283203125,0.39,absent,0.0369873046875,0.62,absent,0.01374053955078125,0.35,absent,0.004055023193359375,0.45,absent
patient39225/study12,patient39225,test,1,patient39225/study12/view1_frontal.dcm,raddino_finetuned_v1,0.01085662841796875,0.56,absent,0.0230712890625,0.5,absent,0.006122589111328125,0.45,absent,0.00763702392578125,0.453857,absent,0.00812530517578125,0.6,absent,0.006191253662109375,0.28,absent,0.00760650634765625,0.33,absent,0.0116424560546875,0.42,absent,0.0017957687377929688,0.39,absent,0.013275146484375,0.62,absent,0.006744384765625,0.35,absent,0.0016613006591796875,0.45,absent
patient39658/study1,patient39658,test,1,patient39658/study1/view1_frontal.dcm,raddino_finetuned_v1,0.0604248046875,0.56,absent,0.178955078125,0.5,absent,0.144287109375,0.45,absent,0.08868408203125,0.453857,absent,0.07275390625,0.6,absent,0.65478515625,0.28,present,0.2152099609375,0.33,absent,0.034942626953125,0.42,absent,0.12322998046875,0.39,absent,0.5166015625,0.62,absent,0.1026611328125,0.35,absent,0.060638427734375,0.45,absent
patient39658/study10,patient39658,test,1,patient39658/study10/view1_frontal.dcm,raddino_finetuned_v1,0.06805419921875,0.56,absent,0.03179931640625,0.5,absent,0.05389404296875,0.45,absent,0.02386474609375,0.453857,absent,0.09027099609375,0.6,absent,0.1688232421875,0.28,absent,0.054901123046875,0.33,absent,0.1199951171875,0.42,absent,0.1324462890625,0.39,absent,0.37548828125,0.62,absent,0.0244293212890625,0.35,absent,0.057586669921875,0.45,absent
patient39658/study11,patient39658,test,1,patient39658/study11/view1_frontal.dcm,raddino_finetuned_v1,0.0279541015625,0.56,absent,0.04400634765625,0.5,absent,0.021087646484375,0.45,absent,0.0154266357421875,0.453857,absent,0.029876708984375,0.6,absent,0.06719970703125,0.28,absent,0.032958984375,0.33,absent,0.0638427734375,0.42,absent,0.056549072265625,0.39,absent,0.197021484375,0.62,absent,0.012481689453125,0.35,absent,0.0299835205078125,0.45,absent
patient39658/study2,patient39658,test,1,patient39658/study2/view1_frontal.dcm,raddino_finetuned_v1,0.1187744140625,0.56,absent,0.015838623046875,0.5,absent,0.1993408203125,0.45,absent,0.050811767578125,0.453857,absent,0.1263427734375,0.6,absent,0.163330078125,0.28,absent,0.033203125,0.33,absent,0.060760498046875,0.42,absent,0.0740966796875,0.39,absent,0.358642578125,0.62,absent,0.0257568359375,0.35,absent,0.00760650634765625,0.45,absent
patient39809/study1,patient39809,test,1,patient39809/study1/view1_frontal.dcm,raddino_finetuned_v1,0.313232421875,0.56,absent,0.10015869140625,0.5,absent,0.0552978515625,0.45,absent,0.2315673828125,0.453857,absent,0.291015625,0.6,absent,0.034942626953125,0.28,absent,0.0823974609375,0.33,absent,0.285400390625,0.42,absent,0.013427734375,0.39,absent,0.513671875,0.62,absent,0.08477783203125,0.35,absent,0.010406494140625,0.45,absent
patient39809/study10,patient39809,test,1,patient39809/study10/view1_frontal.dcm,raddino_finetuned_v1,0.408935546875,0.56,absent,0.1844482421875,0.5,absent,0.0966796875,0.45,absent,0.302978515625,0.453857,absent,0.50634765625,0.6,absent,0.049591064453125,0.28,absent,0.1676025390625,0.33,absent,0.740234375,0.42,present,0.03228759765625,0.39,absent,0.775390625,0.62,present,0.3251953125,0.35,absent,0.0153045654296875,0.45,absent
patient39809/study11,patient39809,test,1,patient39809/study11/view1_frontal.dcm,raddino_finetuned_v1,0.35107421875,0.56,absent,0.06793212890625,0.5,absent,0.03460693359375,0.45,absent,0.08270263671875,0.453857,absent,0.12054443359375,0.6,absent,0.0322265625,0.28,absent,0.07354736328125,0.33,absent,0.537109375,0.42,present,0.00653839111328125,0.39,absent,0.343994140625,0.62,absent,0.07159423828125,0.35,absent,0.007785797119140625,0.45,absent
patient39809/study12,patient39809,test,1,patient39809/study12/view1_frontal.dcm,raddino_finetuned_v1,0.058013916015625,0.56,absent,0.0574951171875,0.5,absent,0.038543701171875,0.45,absent,0.230712890625,0.453857,absent,0.07598876953125,0.6,absent,0.0115966796875,0.28,absent,0.05145263671875,0.33,absent,0.11517333984375,0.42,absent,0.005100250244140625,0.39,absent,0.1964111328125,0.62,absent,0.04400634765625,0.35,absent,0.01302337646484375,0.45,absent
patient39850/study1,patient39850,test,1,patient39850/study1/view1_frontal.dcm,raddino_finetuned_v1,0.102294921875,0.56,absent,0.047943115234375,0.5,absent,0.376953125,0.45,absent,0.10595703125,0.453857,absent,0.0236053466796875,0.6,absent,0.463134765625,0.28,present,0.0247955322265625,0.33,absent,0.03515625,0.42,absent,0.07861328125,0.39,absent,0.33203125,0.62,absent,0.0125732421875,0.35,absent,0.04107666015625,0.45,absent
patient39850/study10,patient39850,test,1,patient39850/study10/view1_frontal.dcm,raddino_finetuned_v1,0.03204345703125,0.56,absent,0.173095703125,0.5,absent,0.072265625,0.45,absent,0.219482421875,0.453857,absent,0.083740234375,0.6,absent,0.014617919921875,0.28,absent,0.01306915283203125,0.33,absent,0.02215576171875,0.42,absent,0.013427734375,0.39,absent,0.11181640625,0.62,absent,0.1390380859375,0.35,absent,0.010986328125,0.45,absent
patient39850/study11,patient39850,test,1,patient39850/study11/view1_frontal.dcm,raddino_finetuned_v1,0.334716796875,0.56,absent,0.2149658203125,0.5,absent,0.18994140625,0.45,absent,0.452880859375,0.453857,absent,0.333740234375,0.6,absent,0.158935546875,0.28,absent,0.0289764404296875,0.33,absent,0.1163330078125,0.42,absent,0.042083740234375,0.39,absent,0.435791015625,0.62,absent,0.2301025390625,0.35,absent,0.1121826171875,0.45,absent
patient39850/study12,patient39850,test,1,patient39850/study12/view1_frontal.dcm,raddino_finetuned_v1,0.1104736328125,0.56,absent,0.399658203125,0.5,absent,0.2325439453125,0.45,absent,0.61083984375,0.453857,present,0.08062744140625,0.6,absent,0.04681396484375,0.28,absent,0.01233673095703125,0.33,absent,0.01348114013671875,0.42,absent,0.013427734375,0.39,absent,0.2451171875,0.62,absent,0.1925048828125,0.35,absent,0.0472412109375,0.45,absent
patient39917/study1,patient39917,test,1,patient39917/study1/view1_frontal.dcm,raddino_finetuned_v1,0.0103302001953125,0.56,absent,0.005218505859375,0.5,absent,0.052032470703125,0.45,absent,0.017852783203125,0.453857,absent,0.0216217041015625,0.6,absent,0.051361083984375,0.28,absent,0.0289764404296875,0.33,absent,0.0070953369140625,0.42,absent,0.0135345458984375,0.39,absent,0.055419921875,0.62,absent,0.0087127685546875,0.35,absent,0.045867919921875,0.45,absent
patient39917/study10,patient39917,test,1,patient39917/study10/view1_frontal.dcm,raddino_finetuned_v1,0.2027587890625,0.56,absent,0.42626953125,0.5,absent,0.408203125,0.45,absent,0.6962890625,0.453857,present,0.65625,0.6,present,0.1971435546875,0.28,absent,0.2093505859375,0.33,absent,0.159423828125,0.42,absent,0.0352783203125,0.39,absent,0.55517578125,0.62,absent,0.50048828125,0.35,present,0.025421142578125,0.45,absent
patient39917/study11,patient39917,test,1,patient39917/study11/view1_frontal.dcm,raddino_finetuned_v1,0.2215576171875,0.56,absent,0.255126953125,0.5,absent,0.1878662109375,0.45,absent,0.66259765625,0.453857,present,0.497314453125,0.6,absent,0.06866455078125,0.28,absent,0.379638671875,0.33,present,0.21533203125,0.42,absent,0.046295166015625,0.39,absent,0.495361328125,0.62,absent,0.422607421875,0.35,present,0.06781005859375,0.45,absent
patient39917/study12,patient39917,test,1,patient39917/study12/view1_frontal.dcm,raddino_finetuned_v1,0.39404296875,0.56,absent,0.11260986328125,0.5,absent,0.63623046875,0.45,present,0.82568359375,0.453857,present,0.83544921875,0.6,present,0.59228515625,0.28,present,0.71435546875,0.33,present,0.26318359375,0.42,absent,0.34033203125,0.39,absent,0.88916015625,0.62,present,0.30322265625,0.35,absent,0.34326171875,0.45,absent
patient39952/study1,patient39952,test,2,patient39952/study1/view1_frontal.dcm|patient39952/study1/view2_frontal.dcm,raddino_finetuned_v1,0.74169921875,0.56,present,0.87841796875,0.5,present,0.51171875,0.45,present,0.7890625,0.453857,present,0.853515625,0.6,present,0.40966796875,0.28,present,0.07464599609375,0.33,absent,0.42333984375,0.42,present,0.1590576171875,0.39,absent,0.7734375,0.62,present,0.57421875,0.35,present,0.062103271484375,0.45,absent
patient39952/study3,patient39952,test,1,patient39952/study3/view1_frontal.dcm,raddino_finetuned_v1,0.73828125,0.56,present,0.8310546875,0.5,present,0.55615234375,0.45,present,0.681640625,0.453857,present,0.68603515625,0.6,present,0.1392822265625,0.28,absent,0.08477783203125,0.33,absent,0.444580078125,0.42,present,0.09124755859375,0.39,absent,0.71728515625,0.62,present,0.64208984375,0.35,present,0.0321044921875,0.45,absent
patient39952/study6,patient39952,test,1,patient39952/study6/view1_frontal.dcm,raddino_finetuned_v1,0.67041015625,0.56,present,0.9521484375,0.5,present,0.357421875,0.45,absent,0.693359375,0.453857,present,0.763671875,0.6,present,0.189208984375,0.28,absent,0.053009033203125,0.33,absent,0.339599609375,0.42,absent,0.09515380859375,0.39,absent,0.8232421875,0.62,present,0.716796875,0.35,present,0.10284423828125,0.45,absent
patient40442/study1,patient40442,test,1,patient40442/study1/view1_frontal.dcm,raddino_finetuned_v1,0.0699462890625,0.56,absent,0.2254638671875,0.5,absent,0.199951171875,0.45,absent,0.43017578125,0.453857,absent,0.04638671875,0.6,absent,0.07586669921875,0.28,absent,0.0112457275390625,0.33,absent,0.04876708984375,0.42,absent,0.033966064453125,0.39,absent,0.352783203125,0.62,absent,0.0753173828125,0.35,absent,0.021575927734375,0.45,absent
patient40442/study10,patient40442,test,1,patient40442/study10/view1_frontal.dcm,raddino_finetuned_v1,0.03948974609375,0.56,absent,0.09588623046875,0.5,absent,0.20166015625,0.45,absent,0.1988525390625,0.453857,absent,0.109130859375,0.6,absent,0.02337646484375,0.28,absent,0.0125274658203125,0.33,absent,0.0333251953125,0.42,absent,0.02801513671875,0.39,absent,0.2890625,0.62,absent,0.1124267578125,0.35,absent,0.057586669921875,0.45,absent
patient40442/study11,patient40442,test,1,patient40442/study11/view1_frontal.dcm,raddino_finetuned_v1,0.0242767333984375,0.56,absent,0.047149658203125,0.5,absent,0.285400390625,0.45,absent,0.12432861328125,0.453857,absent,0.042724609375,0.6,absent,0.060638427734375,0.28,absent,0.021575927734375,0.33,absent,0.0313720703125,0.42,absent,0.01450347900390625,0.39,absent,0.12548828125,0.62,absent,0.01525115966796875,0.35,absent,0.03314208984375,0.45,absent
patient40442/study12,patient40442,test,1,patient40442/study12/view1_frontal.dcm,raddino_finetuned_v1,0.05023193359375,0.56,absent,0.12890625,0.5,absent,0.1055908203125,0.45,absent,0.1163330078125,0.453857,absent,0.1134033203125,0.6,absent,0.024658203125,0.28,absent,0.0259552001953125,0.33,absent,0.036712646484375,0.42,absent,0.02801513671875,0.39,absent,0.2100830078125,0.62,absent,0.1063232421875,0.35,absent,0.04620361328125,0.45,absent
patient40697/study1,patient40697,test,2,patient40697/study1/view1_frontal.dcm|patient40697/study1/view2_lateral.dcm,raddino_finetuned_v1,0.1201171875,0.56,absent,0.0108184814453125,0.5,absent,0.043701171875,0.45,absent,0.037109375,0.453857,absent,0.0775146484375,0.6,absent,0.190673828125,0.28,absent,0.03985595703125,0.33,absent,0.171630859375,0.42,absent,0.58642578125,0.39,present,0.6728515625,0.62,present,0.02056884765625,0.35,absent,0.7109375,0.45,present
patient40723/study1,patient40723,test,1,patient40723/study1/view1_frontal.dcm,raddino_finetuned_v1,0.2509765625,0.56,absent,0.0102081298828125,0.5,absent,0.2001953125,0.45,absent,0.00885009765625,0.453857,absent,0.05108642578125,0.6,absent,0.6015625,0.28,present,0.01214599609375,0.33,absent,0.2393798828125,0.42,absent,0.373046875,0.39,absent,0.393310546875,0.62,absent,0.057708740234375,0.35,absent,0.0975341796875,0.45,absent
patient40723/study2,patient40723,test,1,patient40723/study2/view1_frontal.dcm,raddino_finetuned_v1,0.4453125,0.56,absent,0.04248046875,0.5,absent,0.53076171875,0.45,present,0.03790283203125,0.453857,absent,0.06695556640625,0.6,absent,0.78662109375,0.28,present,0.047882080078125,0.33,absent,0.207275390625,0.42,absent,0.58203125,0.39,present,0.623046875,0.62,present,0.1414794921875,0.35,absent,0.1395263671875,0.45,absent
patient40723/study3,patient40723,test,1,patient40723/study3/view1_frontal.dcm,raddino_finetuned_v1,0.470947265625,0.56,absent,0.021240234375,0.5,absent,0.5615234375,0.45,present,0.0217437744140625,0.453857,absent,0.1131591796875,0.6,absent,0.74755859375,0.28,present,0.1429443359375,0.33,absent,0.4208984375,0.42,present,0.81689453125,0.39,present,0.63623046875,0.62,present,0.184326171875,0.35,absent,0.201171875,0.45,absent
patient40801/study1,patient40801,test,1,patient40801/study1/view1_frontal.dcm,raddino_finetuned_v1,0.29150390625,0.56,absent,0.1436767578125,0.5,absent,0.272705078125,0.45,absent,0.0751953125,0.453857,absent,0.1580810546875,0.6,absent,0.2100830078125,0.28,absent,0.09808349609375,0.33,absent,0.48583984375,0.42,present,0.271728515625,0.39,absent,0.37939453125,0.62,absent,0.4931640625,0.35,present,0.307373046875,0.45,absent
patient40801/study10,patient40801,test,1,patient40801/study10/view1_frontal.dcm,raddino_finetuned_v1,0.131591796875,0.56,absent,0.2156982421875,0.5,absent,0.29150390625,0.45,absent,0.0843505859375,0.453857,absent,0.2744140625,0.6,absent,0.152099609375,0.28,absent,0.08660888671875,0.33,absent,0.18896484375,0.42,absent,0.126953125,0.39,absent,0.58642578125,0.62,absent,0.250732421875,0.35,absent,0.2342529296875,0.45,absent
patient40801/study2,patient40801,test,1,patient40801/study2/view1_frontal.dcm,raddino_finetuned_v1,0.0592041015625,0.56,absent,0.0208892822265625,0.5,absent,0.04302978515625,0.45,absent,0.036834716796875,0.453857,absent,0.0292510986328125,0.6,absent,0.025177001953125,0.28,absent,0.029815673828125,0.33,absent,0.035400390625,0.42,absent,0.0220794677734375,0.39,absent,0.12445068359375,0.62,absent,0.00806427001953125,0.35,absent,0.093994140625,0.45,absent
patient40801/study3,patient40801,test,1,patient40801/study3/view1_frontal.dcm,raddino_finetuned_v1,0.03948974609375,0.56,absent,0.012237548828125,0.5,absent,0.0496826171875,0.45,absent,0.055938720703125,0.453857,absent,0.020599365234375,0.6,absent,0.0323486328125,0.28,absent,0.0341796875,0.33,absent,0.1285400390625,0.42,absent,0.033538818359375,0.39,absent,0.1929931640625,0.62,absent,0.035400390625,0.35,absent,0.09136962890625,0.45,absent
patient40985/study1,patient40985,test,1,patient40985/study1/view1_frontal.dcm,raddino_finetuned_v1,0.84521484375,0.56,present,0.35009765625,0.5,absent,0.84375,0.45,present,0.403076171875,0.453857,absent,0.453369140625,0.6,absent,0.951171875,0.28,present,0.15673828125,0.33,absent,0.62548828125,0.42,present,0.7578125,0.39,present,0.884765625,0.62,present,0.2437744140625,0.35,absent,0.3271484375,0.45,absent
patient41174/study4,patient41174,test,1,patient41174/study4/view1_frontal.dcm,raddino_finetuned_v1,0.9716796875,0.56,present,0.60009765625,0.5,present,0.93017578125,0.45,present,0.96142578125,0.453857,present,0.92431640625,0.6,present,0.625,0.28,present,0.86474609375,0.33,present,0.68701171875,0.42,present,0.30859375,0.39,absent,0.97900390625,0.62,present,0.91845703125,0.35,present,0.4453125,0.45,absent
patient41292/study1,patient41292,test,1,patient41292/study1/view1_frontal.dcm,raddino_finetuned_v1,0.0112457275390625,0.56,absent,0.0306243896484375,0.5,absent,0.01177978515625,0.45,absent,0.0222930908203125,0.453857,absent,0.0156707763671875,0.6,absent,0.0028553009033203125,0.28,absent,0.001239776611328125,0.33,absent,0.0087127685546875,0.42,absent,0.002349853515625,0.39,absent,0.01374053955078125,0.62,absent,0.0226287841796875,0.35,absent,0.006191253662109375,0.45,absent
patient41292/study10,patient41292,test,1,patient41292/study10/view1_frontal.dcm,raddino_finetuned_v1,0.021209716796875,0.56,absent,0.019683837890625,0.5,absent,0.019500732421875,0.45,absent,0.016021728515625,0.453857,absent,0.04046630859375,0.6,absent,0.005489349365234375,0.28,absent,0.0020580291748046875,0.33,absent,0.01116180419921875,0.42,absent,0.00621795654296875,0.39,absent,0.0217437744140625,0.62,absent,0.00997161865234375,0.35,absent,0.0030994415283203125,0.45,absent
patient41292/study11,patient41292,test,1,patient41292/study11/view1_frontal.dcm,raddino_finetuned_v1,0.0310211181640625,0.56,absent,0.042816162109375,0.5,absent,0.06915283203125,0.45,absent,0.09027099609375,0.453857,absent,0.0280609130859375,0.6,absent,0.0294189453125,0.28,absent,0.011199951171875,0.33,absent,0.03759765625,0.42,absent,0.004299163818359375,0.39,absent,0.130859375,0.62,absent,0.01473236083984375,0.35,absent,0.0034961700439453125,0.45,absent
patient41292/study12,patient41292,test,1,patient41292/study12/view1_frontal.dcm,raddino_finetuned_v1,0.267333984375,0.56,absent,0.28369140625,0.5,absent,0.1905517578125,0.45,absent,0.336669921875,0.453857,absent,0.18603515625,0.6,absent,0.06793212890625,0.28,absent,0.0171051025390625,0.33,absent,0.154052734375,0.42,absent,0.021331787109375,0.39,absent,0.38134765625,0.62,absent,0.116943359375,0.35,absent,0.01406097412109375,0.45,absent
patient41378/study1,patient41378,test,1,patient41378/study1/view1_frontal.dcm,raddino_finetuned_v1,0.0039005279541015625,0.56,absent,0.0045928955078125,0.5,absent,0.0030040740966796875,0.45,absent,0.04132080078125,0.453857,absent,0.0079345703125,0.6,absent,0.0161590576171875,0.28,absent,0.00621795654296875,0.33,absent,0.002811431884765625,0.42,absent,0.020172119140625,0.39,absent,0.0199432373046875,0.62,absent,0.0141143798828125,0.35,absent,0.01287078857421875,0.45,absent
patient41378/study10,patient41378,test,1,patient41378/study10/view1_frontal.dcm,raddino_finetuned_v1,0.0272674560546875,0.56,absent,0.218505859375,0.5,absent,0.10760498046875,0.45,absent,0.2410888671875,0.453857,absent,0.090576171875,0.6,absent,0.106689453125,0.28,absent,0.01554107666015625,0.33,absent,0.02752685546875,0.42,absent,0.0206451416015625,0.39,absent,0.15478515625,0.62,absent,0.036346435546875,0.35,absent,0.02203369140625,0.45,absent
patient41378/study11,patient41378,test,1,patient41378/study11/view1_frontal.dcm,raddino_finetuned_v1,0.0083160400390625,0.56,absent,0.0276947021484375,0.5,absent,0.007904052734375,0.45,absent,0.050048828125,0.453857,absent,0.03240966796875,0.6,absent,0.019989013671875,0.28,absent,0.006389617919921875,0.33,absent,0.0160980224609375,0.42,absent,0.0163421630859375,0.39,absent,0.041229248046875,0.62,absent,0.0247039794921875,0.35,absent,0.005062103271484375,0.45,absent
patient41378/study12,patient41378,test,1,patient41378/study12/view1_frontal.dcm,raddino_finetuned_v1,0.007694244384765625,0.56,absent,0.039276123046875,0.5,absent,0.0296478271484375,0.45,absent,0.050323486328125,0.453857,absent,0.018341064453125,0.6,absent,0.05059814453125,0.28,absent,0.01036834716796875,0.33,absent,0.0070648193359375,0.42,absent,0.005428314208984375,0.39,absent,0.04193115234375,0.62,absent,0.08062744140625,0.35,absent,0.016845703125,0.45,absent
patient41396/study1,patient41396,test,1,patient41396/study1/view1_frontal.dcm,raddino_finetuned_v1,0.57275390625,0.56,present,0.80615234375,0.5,present,0.6435546875,0.45,present,0.8671875,0.453857,present,0.77587890625,0.6,present,0.85302734375,0.28,present,0.471435546875,0.33,present,0.6220703125,0.42,present,0.734375,0.39,present,0.91796875,0.62,present,0.609375,0.35,present,0.59619140625,0.45,present
patient41770/study1,patient41770,test,1,patient41770/study1/view1_frontal.dcm,raddino_finetuned_v1,0.249267578125,0.56,absent,0.1114501953125,0.5,absent,0.3740234375,0.45,absent,0.1651611328125,0.453857,absent,0.280029296875,0.6,absent,0.173828125,0.28,absent,0.284423828125,0.33,absent,0.2039794921875,0.42,absent,0.58056640625,0.39,present,0.60009765625,0.62,absent,0.1546630859375,0.35,absent,0.41162109375,0.45,absent
patient42213/study1,patient42213,test,1,patient42213/study1/view1_frontal.dcm,raddino_finetuned_v1,0.056243896484375,0.56,absent,0.060638427734375,0.5,absent,0.2086181640625,0.45,absent,0.0836181640625,0.453857,absent,0.1121826171875,0.6,absent,0.1273193359375,0.28,absent,0.021575927734375,0.33,absent,0.10931396484375,0.42,absent,0.05340576171875,0.39,absent,0.1982421875,0.62,absent,0.107421875,0.35,absent,0.03839111328125,0.45,absent
patient42260/study1,patient42260,test,1,patient42260/study1/view1_frontal.dcm,raddino_finetuned_v1,0.1546630859375,0.56,absent,0.316650390625,0.5,absent,0.442138671875,0.45,absent,0.36181640625,0.453857,absent,0.349365234375,0.6,absent,0.243408203125,0.28,absent,0.269775390625,0.33,absent,0.054901123046875,0.42,absent,0.216796875,0.39,absent,0.51513671875,0.62,absent,0.281982421875,0.35,absent,0.09600830078125,0.45,absent
patient42260/study10,patient42260,test,1,patient42260/study10/view1_frontal.dcm,raddino_finetuned_v1,0.04351806640625,0.56,absent,0.03802490234375,0.5,absent,0.1375732421875,0.45,absent,0.06500244140625,0.453857,absent,0.07171630859375,0.6,absent,0.06793212890625,0.28,absent,0.00847625732421875,0.33,absent,0.01322174072265625,0.42,absent,0.009857177734375,0.39,absent,0.063720703125,0.62,absent,0.021209716796875,0.35,absent,0.0213623046875,0.45,absent
patient42260/study11,patient42260,test,1,patient42260/study11/view1_frontal.dcm,raddino_finetuned_v1,0.0309600830078125,0.56,absent,0.1707763671875,0.5,absent,0.07806396484375,0.45,absent,0.433837890625,0.453857,absent,0.424560546875,0.6,absent,0.0310821533203125,0.28,absent,0.00621795654296875,0.33,absent,0.078369140625,0.42,absent,0.0289764404296875,0.39,absent,0.278564453125,0.62,absent,0.11199951171875,0.35,absent,0.02056884765625,0.45,absent
patient42260/study12,patient42260,test,1,patient42260/study12/view1_frontal.dcm,raddino_finetuned_v1,0.03314208984375,0.56,absent,0.03155517578125,0.5,absent,0.1922607421875,0.45,absent,0.2568359375,0.453857,absent,0.1988525390625,0.6,absent,0.03326416015625,0.28,absent,0.007122039794921875,0.33,absent,0.03125,0.42,absent,0.01395416259765625,0.39,absent,0.303466796875,0.62,absent,0.042724609375,0.35,absent,0.0306243896484375,0.45,absent
patient42454/study1,patient42454,test,1,patient42454/study1/view1_frontal.dcm,raddino_finetuned_v1,0.0187225341796875,0.56,absent,0.1015625,0.5,absent,0.02685546875,0.45,absent,0.035736083984375,0.453857,absent,0.040374755859375,0.6,absent,0.01056671142578125,0.28,absent,0.005161285400390625,0.33,absent,0.03289794921875,0.42,absent,0.004756927490234375,0.39,absent,0.056243896484375,0.62,absent,0.04132080078125,0.35,absent,0.003765106201171875,0.45,absent
patient42454/study2,patient42454,test,1,patient42454/study2/view1_frontal.dcm,raddino_finetuned_v1,0.0136871337890625,0.56,absent,0.018646240234375,0.5,absent,0.00806427001953125,0.45,absent,0.034942626953125,0.453857,absent,0.037750244140625,0.6,absent,0.014007568359375,0.28,absent,0.00345611572265625,0.33,absent,0.048583984375,0.42,absent,0.00821685791015625,0.39,absent,0.06756591796875,0.62,absent,0.01812744140625,0.35,absent,0.0009851455688476562,0.45,absent
patient42454/study5,patient42454,test,1,patient42454/study5/view1_frontal.dcm,raddino_finetuned_v1,0.01262664794921875,0.56,absent,0.00621795654296875,0.5,absent,0.01238250732421875,0.45,absent,0.00867462158203125,0.453857,absent,0.0386962890625,0.6,absent,0.016845703125,0.28,absent,0.00933837890625,0.33,absent,0.00878143310546875,0.42,absent,0.00511932373046875,0.39,absent,0.0247039794921875,0.62,absent,0.014556884765625,0.35,absent,0.004505157470703125,0.45,absent
patient42454/study6,patient42454,test,1,patient42454/study6/view1_frontal.dcm,raddino_finetuned_v1,0.04595947265625,0.56,absent,0.08270263671875,0.5,absent,0.1990966796875,0.45,absent,0.180419921875,0.453857,absent,0.50146484375,0.6,absent,0.08648681640625,0.28,absent,0.2144775390625,0.33,absent,0.1318359375,0.42,absent,0.02484130859375,0.39,absent,0.314453125,0.62,absent,0.0206451416015625,0.35,absent,0.045257568359375,0.45,absent
patient42489/study1,patient42489,test,1,patient42489/study1/view1_frontal.dcm,raddino_finetuned_v1,0.042816162109375,0.56,absent,0.0015010833740234375,0.5,absent,0.0082855224609375,0.45,absent,0.01983642578125,0.453857,absent,0.0299224853515625,0.6,absent,0.014007568359375,0.28,absent,0.075439453125,0.33,absent,0.040008544921875,0.42,absent,0.01111602783203125,0.39,absent,0.10797119140625,0.62,absent,0.00646209716796875,0.35,absent,0.0160980224609375,0.45,absent
patient42489/study10,patient42489,test,1,patient42489/study10/view1_frontal.dcm,raddino_finetuned_v1,0.0171051025390625,0.56,absent,0.00154876708984375,0.5,absent,0.001956939697265625,0.45,absent,0.0026836395263671875,0.453857,absent,0.0066680908203125,0.6,absent,0.0028228759765625,0.28,absent,0.0017480850219726562,0.33,absent,0.0094146728515625,0.42,absent,0.0015916824340820312,0.39,absent,0.00881195068359375,0.62,absent,0.0024623870849609375,0.35,absent,0.0018672943115234375,0.45,absent
patient42489/study11,patient42489,test,1,patient42489/study11/view1_frontal.dcm,raddino_finetuned_v1,0.00930023193359375,0.56,absent,0.0027790069580078125,0.5,absent,0.0018243789672851562,0.45,absent,0.0016813278198242188,0.453857,absent,0.0074310302734375,0.6,absent,0.0029468536376953125,0.28,absent,0.005260467529296875,0.33,absent,0.010009765625,0.42,absent,0.002704620361328125,0.39,absent,0.00582122802734375,0.62,absent,0.0027370452880859375,0.35,absent,0.0030994415283203125,0.45,absent
patient42489/study12,patient42489,test,1,patient42489/study12/view1_frontal.dcm,raddino_finetuned_v1,0.0038700103759765625,0.56,absent,0.0018825531005859375,0.5,absent,0.0013561248779296875,0.45,absent,0.002010345458984375,0.453857,absent,0.00183868408203125,0.6,absent,0.0027675628662109375,0.28,absent,0.00234222412109375,0.33,absent,0.00945281982421875,0.42,absent,0.0033512115478515625,0.39,absent,0.00327301025390625,0.62,absent,0.0026531219482421875,0.35,absent,0.0028896331787109375,0.45,absent
patient42540/study1,patient42540,test,1,patient42540/study1/view1_frontal.dcm,raddino_finetuned_v1,0.810546875,0.56,present,0.08123779296875,0.5,absent,0.62841796875,0.45,present,0.281982421875,0.453857,absent,0.36669921875,0.6,absent,0.34765625,0.28,present,0.31689453125,0.33,absent,0.89013671875,0.42,present,0.30908203125,0.39,absent,0.796875,0.62,present,0.331787109375,0.35,absent,0.10614013671875,0.45,absent
patient42540/study2,patient42540,test,1,patient42540/study2/view1_frontal.dcm,raddino_finetuned_v1,0.75927734375,0.56,present,0.0305023193359375,0.5,absent,0.428955078125,0.45,absent,0.1822509765625,0.453857,absent,0.202880859375,0.6,absent,0.2161865234375,0.28,absent,0.373779296875,0.33,present,0.60986328125,0.42,present,0.478271484375,0.39,present,0.75732421875,0.62,present,0.1513671875,0.35,absent,0.20849609375,0.45,absent
patient42540/study3,patient42540,test,1,patient42540/study3/view1_frontal.dcm,raddino_finetuned_v1,0.90771484375,0.56,present,0.08477783203125,0.5,absent,0.67138671875,0.45,present,0.2548828125,0.453857,absent,0.4091796875,0.6,absent,0.25732421875,0.28,absent,0.59912109375,0.33,present,0.82080078125,0.42,present,0.53662109375,0.39,present,0.91748046875,0.62,present,0.40869140625,0.35,present,0.478515625,0.45,present
patient42540/study4,patient42540,test,1,patient42540/study4/view1_frontal.dcm,raddino_finetuned_v1,0.272216796875,0.56,absent,0.0369873046875,0.5,absent,0.0987548828125,0.45,absent,0.09844970703125,0.453857,absent,0.286865234375,0.6,absent,0.1683349609375,0.28,absent,0.204833984375,0.33,absent,0.223388671875,0.42,absent,0.05511474609375,0.39,absent,0.42822265625,0.62,absent,0.0869140625,0.35,absent,0.1453857421875,0.45,absent
patient42599/study1,patient42599,test,1,patient42599/study1/view1_frontal.dcm,raddino_finetuned_v1,0.010986328125,0.56,absent,0.0020351409912109375,0.5,absent,0.036285400390625,0.45,absent,0.007289886474609375,0.453857,absent,0.0401611328125,0.6,absent,0.00498199462890625,0.28,absent,0.0031604766845703125,0.33,absent,0.0015668869018554688,0.42,absent,0.00948333740234375,0.39,absent,0.01146697998046875,0.62,absent,0.004150390625,0.35,absent,0.013427734375,0.45,absent
patient42599/study10,patient42599,test,1,patient42599/study10/view1_frontal.dcm,raddino_finetuned_v1,0.0220794677734375,0.56,absent,0.00345611572265625,0.5,absent,0.0102081298828125,0.45,absent,0.0215301513671875,0.453857,absent,0.024932861328125,0.6,absent,0.00926971435546875,0.28,absent,0.009674072265625,0.33,absent,0.00441741943359375,0.42,absent,0.0037212371826171875,0.39,absent,0.017578125,0.62,absent,0.001949310302734375,0.35,absent,0.001506805419921875,0.45,absent
patient42599/study2,patient42599,test,1,patient42599/study2/view1_frontal.dcm,raddino_finetuned_v1,0.01111602783203125,0.56,absent,0.005428314208984375,0.5,absent,0.0216217041015625,0.45,absent,0.006313323974609375,0.453857,absent,0.036285400390625,0.6,absent,0.0036792755126953125,0.28,absent,0.00844573974609375,0.33,absent,0.0037078857421875,0.42,absent,0.005619049072265625,0.39,absent,0.0228424072265625,0.62,absent,0.0038394927978515625,0.35,absent,0.01116180419921875,0.45,absent
patient42599/study3,patient42599,test,1,patient42599/study3/view1_frontal.dcm,raddino_finetuned_v1,0.0160980224609375,0.56,absent,0.00127410888671875,0.5,absent,0.0207977294921875,0.45,absent,0.019195556640625,0.453857,absent,0.030731201171875,0.6,absent,0.003795623779296875,0.28,absent,0.0227203369140625,0.33,absent,0.00234222412109375,0.42,absent,0.0028667449951171875,0.39,absent,0.0282745361328125,0.62,absent,0.01312255859375,0.35,absent,0.0038700103759765625,0.45,absent
patient42676/study1,patient42676,test,1,patient42676/study1/view1_frontal.dcm,raddino_finetuned_v1,0.453125,0.56,absent,0.5068359375,0.5,present,0.30908203125,0.45,absent,0.40966796875,0.453857,absent,0.66748046875,0.6,present,0.35009765625,0.28,present,0.080078125,0.33,absent,0.1470947265625,0.42,absent,0.57470703125,0.39,present,0.63525390625,0.62,present,0.357666015625,0.35,present,0.4248046875,0.45,absent
patient42676/study10,patient42676,test,1,patient42676/study10/view1_frontal.dcm,raddino_finetuned_v1,0.48095703125,0.56,absent,0.2120361328125,0.5,absent,0.247802734375,0.45,absent,0.44775390625,0.453857,absent,0.82275390625,0.6,present,0.06964111328125,0.28,absent,0.58935546875,0.33,present,0.67333984375,0.42,present,0.1959228515625,0.39,absent,0.6328125,0.62,present,0.320068359375,0.35,absent,0.14892578125,0.45,absent
patient42676/study2,patient42676,test,1,patient42676/study2/view1_frontal.dcm,raddino_finetuned_v1,0.20556640625,0.56,absent,0.15234375,0.5,absent,0.45263671875,0.45,present,0.167236328125,0.453857,absent,0.42578125,0.6,absent,0.1444091796875,0.28,absent,0.019989013671875,0.33,absent,0.445556640625,0.42,present,0.0384521484375,0.39,absent,0.52587890625,0.62,absent,0.0723876953125,0.35,absent,0.0830078125,0.45,absent
patient42676/study3,patient42676,test,1,patient42676/study3/view1_frontal.dcm,raddino_finetuned_v1,0.20068359375,0.56,absent,0.2017822265625,0.5,absent,0.327392578125,0.45,absent,0.30615234375,0.453857,absent,0.438720703125,0.6,absent,0.34375,0.28,present,0.0136871337890625,0.33,absent,0.195556640625,0.42,absent,0.2379150390625,0.39,absent,0.363525390625,0.62,absent,0.232177734375,0.35,absent,0.1510009765625,0.45,absent
patient42772/study1,patient42772,test,1,patient42772/study1/view1_frontal.dcm,raddino_finetuned_v1,0.438720703125,0.56,absent,0.21533203125,0.5,absent,0.810546875,0.45,present,0.17919921875,0.453857,absent,0.30810546875,0.6,absent,0.6943359375,0.28,present,0.5390625,0.33,present,0.28076171875,0.42,absent,0.383544921875,0.39,absent,0.494140625,0.62,absent,0.03582763671875,0.35,absent,0.10797119140625,0.45,absent
patient42772/study10,patient42772,test,1,patient42772/study10/view1_frontal.dcm,raddino_finetuned_v1,0.193603515625,0.56,absent,0.1214599609375,0.5,absent,0.2191162109375,0.45,absent,0.198486328125,0.453857,absent,0.401123046875,0.6,absent,0.1505126953125,0.28,absent,0.5927734375,0.33,present,0.235107421875,0.42,absent,0.08758544921875,0.39,absent,0.6826171875,0.62,present,0.044189453125,0.35,absent,0.29736328125,0.45,absent
patient42772/study2,patient42772,test,1,patient42772/study2/view1_frontal.dcm,raddino_finetuned_v1,0.1737060546875,0.56,absent,0.016021728515625,0.5,absent,0.1153564453125,0.45,absent,0.1463623046875,0.453857,absent,0.0360107421875,0.6,absent,0.06396484375,0.28,absent,0.2939453125,0.33,absent,0.10614013671875,0.42,absent,0.0142822265625,0.39,absent,0.404541015625,0.62,absent,0.01495361328125,0.35,absent,0.0165863037109375,0.45,absent
patient42772/study3,patient42772,test,1,patient42772/study3/view1_frontal.dcm,raddino_finetuned_v1,0.0472412109375,0.56,absent,0.01358795166015625,0.5,absent,0.315673828125,0.45,absent,0.1688232421875,0.453857,absent,0.038909912109375,0.6,absent,0.2486572265625,0.28,absent,0.1884765625,0.33,absent,0.01490020751953125,0.42,absent,0.01242828369140625,0.39,absent,0.40673828125,0.62,absent,0.00821685791015625,0.35,absent,0.024658203125,0.45,absent
patient43126/study1,patient43126,test,1,patient43126/study1/view1_frontal.dcm,raddino_finetuned_v1,0.00490570068359375,0.56,absent,0.005535125732421875,0.5,absent,0.0010862350463867188,0.45,absent,0.0101318359375,0.453857,absent,0.0083770751953125,0.6,absent,0.0036220550537109375,0.28,absent,0.004299163818359375,0.33,absent,0.0074310302734375,0.42,absent,0.007694244384765625,0.39,absent,0.00894927978515625,0.62,absent,0.00400543212890625,0.35,absent,0.004055023193359375,0.45,absent
patient43148/study1,patient43148,test,1,patient43148/study1/view1_frontal.dcm,raddino_finetuned_v1,0.87255859375,0.56,present,0.7802734375,0.5,present,0.90283203125,0.45,present,0.90771484375,0.453857,present,0.92578125,0.6,present,0.638671875,0.28,present,0.2398681640625,0.33,absent,0.30517578125,0.42,absent,0.67041015625,0.39,present,0.97802734375,0.62,present,0.779296875,0.35,present,0.454833984375,0.45,present
patient43148/study2,patient43148,test,1,patient43148/study2/view1_frontal.dcm,raddino_finetuned_v1,0.72412109375,0.56,present,0.85986328125,0.5,present,0.88427734375,0.45,present,0.943359375,0.453857,present,0.8935546875,0.6,present,0.56201171875,0.28,present,0.05419921875,0.33,absent,0.406982421875,0.42,absent,0.351318359375,0.39,absent,0.9599609375,0.62,present,0.54931640625,0.35,present,0.26806640625,0.45,absent
patient43148/study5,patient43148,test,1,patient43148/study5/view1_frontal.dcm,raddino_finetuned_v1,0.669921875,0.56,present,0.7646484375,0.5,present,0.87646484375,0.45,present,0.81591796875,0.453857,present,0.83447265625,0.6,present,0.7451171875,0.28,present,0.06964111328125,0.33,absent,0.1561279296875,0.42,absent,0.266845703125,0.39,absent,0.93359375,0.62,present,0.58837890625,0.35,present,0.279541015625,0.45,absent
patient43148/study9,patient43148,test,1,patient43148/study9/view1_frontal.dcm,raddino_finetuned_v1,0.8486328125,0.56,present,0.83349609375,0.5,present,0.95849609375,0.45,present,0.91748046875,0.453857,present,0.927734375,0.6,present,0.671875,0.28,present,0.2861328125,0.33,absent,0.1505126953125,0.42,absent,0.716796875,0.39,present,0.94873046875,0.62,present,0.638671875,0.35,present,0.56982421875,0.45,present
patient43226/study1,patient43226,test,1,patient43226/study1/view1_frontal.dcm,raddino_finetuned_v1,0.75390625,0.56,present,0.486328125,0.5,absent,0.77294921875,0.45,present,0.399658203125,0.453857,absent,0.8984375,0.6,present,0.38330078125,0.28,present,0.6416015625,0.33,present,0.30859375,0.42,absent,0.607421875,0.39,present,0.85107421875,0.62,present,0.6328125,0.35,present,0.350341796875,0.45,absent
patient43226/study2,patient43226,test,1,patient43226/study2/view1_frontal.dcm,raddino_finetuned_v1,0.85302734375,0.56,present,0.8583984375,0.5,present,0.841796875,0.45,present,0.857421875,0.453857,present,0.94482421875,0.6,present,0.478759765625,0.28,present,0.6865234375,0.33,present,0.302978515625,0.42,absent,0.607421875,0.39,present,0.95166015625,0.62,present,0.92822265625,0.35,present,0.2939453125,0.45,absent
patient43226/study5,patient43226,test,1,patient43226/study5/view1_frontal.dcm,raddino_finetuned_v1,0.8134765625,0.56,present,0.84033203125,0.5,present,0.75634765625,0.45,present,0.6923828125,0.453857,present,0.92041015625,0.6,present,0.408203125,0.28,present,0.37939453125,0.33,present,0.174072265625,0.42,absent,0.443359375,0.39,present,0.9169921875,0.62,present,0.83837890625,0.35,present,0.42529296875,0.45,absent
patient43226/study9,patient43226,test,1,patient43226/study9/view1_frontal.dcm,raddino_finetuned_v1,0.53564453125,0.56,absent,0.8916015625,0.5,present,0.755859375,0.45,present,0.81201171875,0.453857,present,0.92236328125,0.6,present,0.72119140625,0.28,present,0.1639404296875,0.33,absent,0.2330322265625,0.42,absent,0.5126953125,0.39,present,0.955078125,0.62,present,0.93359375,0.35,present,0.51806640625,0.45,present
patient43372/study1,patient43372,test,1,patient43372/study1/view1_frontal.dcm,raddino_finetuned_v1,0.415771484375,0.56,absent,0.178955078125,0.5,absent,0.59619140625,0.45,present,0.8701171875,0.453857,present,0.63525390625,0.6,present,0.2890625,0.28,present,0.413818359375,0.33,present,0.483154296875,0.42,present,0.72998046875,0.39,present,0.89404296875,0.62,present,0.467529296875,0.35,present,0.61572265625,0.45,present
patient43372/study10,patient43372,test,1,patient43372/study10/view1_frontal.dcm,raddino_finetuned_v1,0.126708984375,0.56,absent,0.00763702392578125,0.5,absent,0.23193359375,0.45,absent,0.09368896484375,0.453857,absent,0.2027587890625,0.6,absent,0.044769287109375,0.28,absent,0.09930419921875,0.33,absent,0.1497802734375,0.42,absent,0.060211181640625,0.39,absent,0.306396484375,0.62,absent,0.0207977294921875,0.35,absent,0.056121826171875,0.45,absent
patient43372/study2,patient43372,test,1,patient43372/study2/view1_frontal.dcm,raddino_finetuned_v1,0.352783203125,0.56,absent,0.1536865234375,0.5,absent,0.5771484375,0.45,present,0.59814453125,0.453857,present,0.5546875,0.6,absent,0.275634765625,0.28,absent,0.28466796875,0.33,absent,0.1279296875,0.42,absent,0.38427734375,0.39,absent,0.744140625,0.62,present,0.218505859375,0.35,absent,0.30615234375,0.45,absent
patient43372/study5,patient43372,test,1,patient43372/study5/view1_frontal.dcm,raddino_finetuned_v1,0.282470703125,0.56,absent,0.1812744140625,0.5,absent,0.316162109375,0.45,absent,0.77294921875,0.453857,present,0.646484375,0.6,present,0.07763671875,0.28,absent,0.25634765625,0.33,absent,0.1318359375,0.42,absent,0.3076171875,0.39,absent,0.8525390625,0.62,present,0.2039794921875,0.35,absent,0.271484375,0.45,absent
patient43844/study1,patient43844,test,1,patient43844/study1/view1_frontal.dcm,raddino_finetuned_v1,0.60302734375,0.56,present,0.0217742919921875,0.5,absent,0.042327880859375,0.45,absent,0.04595947265625,0.453857,absent,0.1435546875,0.6,absent,0.0144500732421875,0.28,absent,0.5517578125,0.33,present,0.289794921875,0.42,absent,0.354736328125,0.39,absent,0.3974609375,0.62,absent,0.04083251953125,0.35,absent,0.195556640625,0.45,absent
patient43844/study2,patient43844,test,1,patient43844/study2/view1_frontal.dcm,raddino_finetuned_v1,0.9697265625,0.56,present,0.6162109375,0.5,present,0.888671875,0.45,present,0.89892578125,0.453857,present,0.98193359375,0.6,present,0.70703125,0.28,present,0.9287109375,0.33,present,0.85302734375,0.42,present,0.8740234375,0.39,present,0.98974609375,0.62,present,0.82373046875,0.35,present,0.93603515625,0.45,present
patient43844/study3,patient43844,test,1,patient43844/study3/view1_frontal.dcm,raddino_finetuned_v1,0.71484375,0.56,present,0.269775390625,0.5,absent,0.2152099609375,0.45,absent,0.52392578125,0.453857,present,0.87890625,0.6,present,0.326904296875,0.28,present,0.62646484375,0.33,present,0.34814453125,0.42,absent,0.29443359375,0.39,absent,0.86181640625,0.62,present,0.09466552734375,0.35,absent,0.68701171875,0.45,present
patient43844/study4,patient43844,test,1,patient43844/study4/view1_frontal.dcm,raddino_finetuned_v1,0.9375,0.56,present,0.186279296875,0.5,absent,0.63720703125,0.45,present,0.72412109375,0.453857,present,0.9619140625,0.6,present,0.55810546875,0.28,present,0.8818359375,0.33,present,0.8115234375,0.42,present,0.86181640625,0.39,present,0.9853515625,0.62,present,0.255859375,0.35,absent,0.96240234375,0.45,present
patient44421/study1,patient44421,test,1,patient44421/study1/view1_frontal.dcm,raddino_finetuned_v1,0.017303466796875,0.56,absent,0.0083160400390625,0.5,absent,0.057708740234375,0.45,absent,0.003185272216796875,0.453857,absent,0.06549072265625,0.6,absent,0.015899658203125,0.28,absent,0.01214599609375,0.33,absent,0.025665283203125,0.42,absent,0.007904052734375,0.39,absent,0.0182342529296875,0.62,absent,0.00600433349609375,0.35,absent,0.0100555419921875,0.45,absent
patient44421/study10,patient44421,test,1,patient44421/study10/view1_frontal.dcm,raddino_finetuned_v1,0.1505126953125,0.56,absent,0.09332275390625,0.5,absent,0.2900390625,0.45,absent,0.1680908203125,0.453857,absent,0.2281494140625,0.6,absent,0.15380859375,0.28,absent,0.2122802734375,0.33,absent,0.08251953125,0.42,absent,0.033721923828125,0.39,absent,0.54248046875,0.62,absent,0.06561279296875,0.35,absent,0.0885009765625,0.45,absent
patient44421/study11,patient44421,test,1,patient44421/study11/view1_frontal.dcm,raddino_finetuned_v1,0.1322021484375,0.56,absent,0.0782470703125,0.5,absent,0.169677734375,0.45,absent,0.07989501953125,0.453857,absent,0.28515625,0.6,absent,0.07879638671875,0.28,absent,0.1976318359375,0.33,absent,0.1566162109375,0.42,absent,0.02484130859375,0.39,absent,0.406494140625,0.62,absent,0.036224365234375,0.35,absent,0.011505126953125,0.45,absent
patient44421/study12,patient44421,test,1,patient44421/study12/view1_frontal.dcm,raddino_finetuned_v1,0.1143798828125,0.56,absent,0.12841796875,0.5,absent,0.464599609375,0.45,present,0.16259765625,0.453857,absent,0.322998046875,0.6,absent,0.1602783203125,0.28,absent,0.1207275390625,0.33,absent,0.12939453125,0.42,absent,0.0206451416015625,0.39,absent,0.61865234375,0.62,absent,0.05877685546875,0.35,absent,0.0618896484375,0.45,absent
patient44510/study1,patient44510,test,1,patient44510/study1/view1_frontal.dcm,raddino_finetuned_v1,0.25732421875,0.56,absent,0.080078125,0.5,absent,0.1405029296875,0.45,absent,0.385986328125,0.453857,absent,0.409912109375,0.6,absent,0.15625,0.28,absent,0.30322265625,0.33,absent,0.4853515625,0.42,present,0.02886962890625,0.39,absent,0.6455078125,0.62,present,0.36669921875,0.35,present,0.297607421875,0.45,absent
patient44510/study3,patient44510,test,1,patient44510/study3/view1_frontal.dcm,raddino_finetuned_v1,0.049041748046875,0.56,absent,0.004627227783203125,0.5,absent,0.0087432861328125,0.45,absent,0.0162200927734375,0.453857,absent,0.09027099609375,0.6,absent,0.01287078857421875,0.28,absent,0.2147216796875,0.33,absent,0.09466552734375,0.42,absent,0.056243896484375,0.39,absent,0.1273193359375,0.62,absent,0.053802490234375,0.35,absent,0.0223236083984375,0.45,absent
patient44510/study4,patient44510,test,1,patient44510/study4/view1_frontal.dcm,raddino_finetuned_v1,0.1417236328125,0.56,absent,0.01238250732421875,0.5,absent,0.051666259765625,0.45,absent,0.02801513671875,0.453857,absent,0.10540771484375,0.6,absent,0.034088134765625,0.28,absent,0.275146484375,0.33,absent,0.177490234375,0.42,absent,0.042327880859375,0.39,absent,0.1700439453125,0.62,absent,0.036895751953125,0.35,absent,0.016845703125,0.45,absent
patient44981/study4,patient44981,test,1,patient44981/study4/view1_frontal.dcm,raddino_finetuned_v1,0.4619140625,0.56,absent,0.046722412109375,0.5,absent,0.60546875,0.45,present,0.10760498046875,0.453857,absent,0.1656494140625,0.6,absent,0.681640625,0.28,present,0.05560302734375,0.33,absent,0.364013671875,0.42,absent,0.49365234375,0.39,present,0.5849609375,0.62,absent,0.037750244140625,0.35,absent,0.05987548828125,0.45,absent
patient45046/study3,patient45046,test,1,patient45046/study3/view1_frontal.dcm,raddino_finetuned_v1,0.53515625,0.56,absent,0.471923828125,0.5,absent,0.5966796875,0.45,present,0.68798828125,0.453857,present,0.8544921875,0.6,present,0.365966796875,0.28,present,0.042633056640625,0.33,absent,0.50146484375,0.42,present,0.10723876953125,0.39,absent,0.7705078125,0.62,present,0.44970703125,0.35,present,0.1605224609375,0.45,absent
patient45046/study4,patient45046,test,2,patient45046/study4/view1_frontal.dcm|patient45046/study4/view2_frontal.dcm,raddino_finetuned_v1,0.84423828125,0.56,present,0.54638671875,0.5,present,0.796875,0.45,present,0.85546875,0.453857,present,0.9599609375,0.6,present,0.42724609375,0.28,present,0.119384765625,0.33,absent,0.8408203125,0.42,present,0.1414794921875,0.39,absent,0.9345703125,0.62,present,0.70556640625,0.35,present,0.1790771484375,0.45,absent
patient45046/study5,patient45046,test,1,patient45046/study5/view1_frontal.dcm,raddino_finetuned_v1,0.66162109375,0.56,present,0.53515625,0.5,present,0.76611328125,0.45,present,0.78857421875,0.453857,present,0.92236328125,0.6,present,0.322021484375,0.28,present,0.053497314453125,0.33,absent,0.5556640625,0.42,present,0.0889892578125,0.39,absent,0.83740234375,0.62,present,0.37109375,0.35,present,0.11859130859375,0.45,absent
patient45046/study6,patient45046,test,1,patient45046/study6/view1_frontal.dcm,raddino_finetuned_v1,0.478271484375,0.56,absent,0.438720703125,0.5,absent,0.45654296875,0.45,present,0.73681640625,0.453857,present,0.87841796875,0.6,present,0.2108154296875,0.28,absent,0.09552001953125,0.33,absent,0.37548828125,0.42,absent,0.0460205078125,0.39,absent,0.72998046875,0.62,present,0.525390625,0.35,present,0.07806396484375,0.45,absent
patient45114/study1,patient45114,test,1,patient45114/study1/view1_frontal.dcm,raddino_finetuned_v1,0.0401611328125,0.56,absent,0.060302734375,0.5,absent,0.042388916015625,0.45,absent,0.12176513671875,0.453857,absent,0.10650634765625,0.6,absent,0.045440673828125,0.28,absent,0.0078125,0.33,absent,0.0182952880859375,0.42,absent,0.0280609130859375,0.39,absent,0.056640625,0.62,absent,0.076416015625,0.35,absent,0.0216217041015625,0.45,absent
patient45114/study10,patient45114,test,1,patient45114/study10/view1_frontal.dcm,raddino_finetuned_v1,0.015716552734375,0.56,absent,0.1019287109375,0.5,absent,0.0255126953125,0.45,absent,0.1588134765625,0.453857,absent,0.17919921875,0.6,absent,0.036773681640625,0.28,absent,0.00734710693359375,0.33,absent,0.0289764404296875,0.42,absent,0.0162811279296875,0.39,absent,0.1312255859375,0.62,absent,0.1556396484375,0.35,absent,0.059661865234375,0.45,absent
patient45114/study11,patient45114,test,1,patient45114/study11/view1_frontal.dcm,raddino_finetuned_v1,0.0535888671875,0.56,absent,0.055816650390625,0.5,absent,0.0203399658203125,0.45,absent,0.12335205078125,0.453857,absent,0.1939697265625,0.6,absent,0.059112548828125,0.28,absent,0.00394439697265625,0.33,absent,0.1378173828125,0.42,absent,0.0301055908203125,0.39,absent,0.300537109375,0.62,absent,0.0548095703125,0.35,absent,0.0306243896484375,0.45,absent
patient45114/study12,patient45114,test,1,patient45114/study12/view1_frontal.dcm,raddino_finetuned_v1,0.06396484375,0.56,absent,0.07476806640625,0.5,absent,0.044769287109375,0.45,absent,0.397705078125,0.453857,absent,0.259521484375,0.6,absent,0.1163330078125,0.28,absent,0.010528564453125,0.33,absent,0.055206298828125,0.42,absent,0.04248046875,0.39,absent,0.287353515625,0.62,absent,0.06610107421875,0.35,absent,0.029205322265625,0.45,absent
patient45436/study6,patient45436,test,1,patient45436/study6/view1_frontal.dcm,raddino_finetuned_v1,0.88623046875,0.56,present,0.244384765625,0.5,absent,0.86083984375,0.45,present,0.2237548828125,0.453857,absent,0.88427734375,0.6,present,0.6884765625,0.28,present,0.74267578125,0.33,present,0.382080078125,0.42,absent,0.59423828125,0.39,present,0.84375,0.62,present,0.4462890625,0.35,present,0.403564453125,0.45,absent
patient45575/study1,patient45575,test,1,patient45575/study1/view1_frontal.dcm,raddino_finetuned_v1,0.00547027587890625,0.56,absent,0.020599365234375,0.5,absent,0.0033626556396484375,0.45,absent,0.03436279296875,0.453857,absent,0.00937652587890625,0.6,absent,0.00392913818359375,0.28,absent,0.0030994415283203125,0.33,absent,0.002834320068359375,0.42,absent,0.00701141357421875,0.39,absent,0.038818359375,0.62,absent,0.0305633544921875,0.35,absent,0.0055999755859375,0.45,absent
patient45575/study10,patient45575,test,1,patient45575/study10/view1_frontal.dcm,raddino_finetuned_v1,0.0023136138916015625,0.56,absent,0.063232421875,0.5,absent,0.005344390869140625,0.45,absent,0.0118255615234375,0.453857,absent,0.006389617919921875,0.6,absent,0.00891876220703125,0.28,absent,0.004680633544921875,0.33,absent,0.001483917236328125,0.42,absent,0.0027141571044921875,0.39,absent,0.01073455810546875,0.62,absent,0.0279083251953125,0.35,absent,0.0009775161743164062,0.45,absent
patient45575/study11,patient45575,test,1,patient45575/study11/view1_frontal.dcm,raddino_finetuned_v1,0.002452850341796875,0.56,absent,0.02685546875,0.5,absent,0.00469970703125,0.45,absent,0.0055999755859375,0.453857,absent,0.00391387939453125,0.6,absent,0.004215240478515625,0.28,absent,0.01107025146484375,0.33,absent,0.0016231536865234375,0.42,absent,0.0017337799072265625,0.39,absent,0.006511688232421875,0.62,absent,0.01312255859375,0.35,absent,0.0007915496826171875,0.45,absent
patient45575/study12,patient45575,test,1,patient45575/study12/view1_frontal.dcm,raddino_finetuned_v1,0.003429412841796875,0.56,absent,0.0379638671875,0.5,absent,0.00536346435546875,0.45,absent,0.0070953369140625,0.453857,absent,0.004627227783203125,0.6,absent,0.005260467529296875,0.28,absent,0.0156707763671875,0.33,absent,0.0029468536376953125,0.42,absent,0.0018672943115234375,0.39,absent,0.010528564453125,0.62,absent,0.007373809814453125,0.35,absent,0.0014104843139648438,0.45,absent
patient45989/study1,patient45989,test,1,patient45989/study1/view1_frontal.dcm,raddino_finetuned_v1,0.03204345703125,0.56,absent,0.06573486328125,0.5,absent,0.0165252685546875,0.45,absent,0.10931396484375,0.453857,absent,0.059326171875,0.6,absent,0.034881591796875,0.28,absent,0.0322265625,0.33,absent,0.039703369140625,0.42,absent,0.01262664794921875,0.39,absent,0.133544921875,0.62,absent,0.0323486328125,0.35,absent,0.0129241943359375,0.45,absent
patient45989/study10,patient45989,test,1,patient45989/study10/view1_frontal.dcm,raddino_finetuned_v1,0.003147125244140625,0.56,absent,0.01898193359375,0.5,absent,0.004608154296875,0.45,absent,0.01332855224609375,0.453857,absent,0.01287078857421875,0.6,absent,0.004886627197265625,0.28,absent,0.004520416259765625,0.33,absent,0.0027675628662109375,0.42,absent,0.004924774169921875,0.39,absent,0.0169219970703125,0.62,absent,0.00815582275390625,0.35,absent,0.00424957275390625,0.45,absent
patient45989/study11,patient45989,test,1,patient45989/study11/view1_frontal.dcm,raddino_finetuned_v1,0.0083770751953125,0.56,absent,0.0295867919921875,0.5,absent,0.0116424560546875,0.45,absent,0.009124755859375,0.453857,absent,0.059112548828125,0.6,absent,0.0230255126953125,0.28,absent,0.0285491943359375,0.33,absent,0.00536346435546875,0.42,absent,0.004680633544921875,0.39,absent,0.037322998046875,0.62,absent,0.019561767578125,0.35,absent,0.00319671630859375,0.45,absent
patient45989/study2,patient45989,test,1,patient45989/study2/view1_frontal.dcm,raddino_finetuned_v1,0.03338623046875,0.56,absent,0.07318115234375,0.5,absent,0.040008544921875,0.45,absent,0.06890869140625,0.453857,absent,0.07763671875,0.6,absent,0.049957275390625,0.28,absent,0.055938720703125,0.33,absent,0.01132965087890625,0.42,absent,0.0282745361328125,0.39,absent,0.1019287109375,0.62,absent,0.013427734375,0.35,absent,0.0181884765625,0.45,absent
patient47498/study1,patient47498,test,2,patient47498/study1/view1_frontal.dcm|patient47498/study1/view2_frontal.dcm,raddino_finetuned_v1,0.77880859375,0.56,present,0.86767578125,0.5,present,0.62646484375,0.45,present,0.45556640625,0.453857,present,0.8369140625,0.6,present,0.494140625,0.28,present,0.242919921875,0.33,absent,0.294921875,0.42,absent,0.223388671875,0.39,absent,0.82763671875,0.62,present,0.73974609375,0.35,present,0.33740234375,0.45,absent
patient47498/study2,patient47498,test,1,patient47498/study2/view1_frontal.dcm,raddino_finetuned_v1,0.8544921875,0.56,present,0.9482421875,0.5,present,0.86474609375,0.45,present,0.8603515625,0.453857,present,0.83349609375,0.6,present,0.4375,0.28,present,0.330078125,0.33,present,0.49072265625,0.42,present,0.20654296875,0.39,absent,0.85400390625,0.62,present,0.89013671875,0.35,present,0.29541015625,0.45,absent
patient47498/study3,patient47498,test,1,patient47498/study3/view1_frontal.dcm,raddino_finetuned_v1,0.94873046875,0.56,present,0.8388671875,0.5,present,0.7822265625,0.45,present,0.79443359375,0.453857,present,0.7705078125,0.6,present,0.258056640625,0.28,absent,0.462158203125,0.33,present,0.332763671875,0.42,absent,0.450439453125,0.39,present,0.90234375,0.62,present,0.80224609375,0.35,present,0.2420654296875,0.45,absent
patient47498/study4,patient47498,test,1,patient47498/study4/view1_frontal.dcm,raddino_finetuned_v1,0.30029296875,0.56,absent,0.66748046875,0.5,present,0.1778564453125,0.45,absent,0.288818359375,0.453857,absent,0.31787109375,0.6,absent,0.059326171875,0.28,absent,0.11614990234375,0.33,absent,0.037322998046875,0.42,absent,0.0552978515625,0.39,absent,0.458740234375,0.62,absent,0.52392578125,0.35,present,0.0615234375,0.45,absent
patient48558/study1,patient48558,test,1,patient48558/study1/view1_frontal.dcm,raddino_finetuned_v1,0.78076171875,0.56,present,0.07684326171875,0.5,absent,0.525390625,0.45,present,0.375,0.453857,absent,0.57373046875,0.6,absent,0.284912109375,0.28,present,0.0272674560546875,0.33,absent,0.63671875,0.42,present,0.1905517578125,0.39,absent,0.6845703125,0.62,present,0.1435546875,0.35,absent,0.045684814453125,0.45,absent
patient48558/study4,patient48558,test,1,patient48558/study4/view1_frontal.dcm,raddino_finetuned_v1,0.7529296875,0.56,present,0.5478515625,0.5,present,0.81982421875,0.45,present,0.454345703125,0.453857,present,0.93798828125,0.6,present,0.826171875,0.28,present,0.74365234375,0.33,present,0.927734375,0.42,present,0.65771484375,0.39,present,0.95263671875,0.62,present,0.259521484375,0.35,absent,0.1663818359375,0.45,absent
patient48712/study1,patient48712,test,1,patient48712/study1/view1_frontal.dcm,raddino_finetuned_v1,0.3125,0.56,absent,0.0169219970703125,0.5,absent,0.0726318359375,0.45,absent,0.061309814453125,0.453857,absent,0.06982421875,0.6,absent,0.0330810546875,0.28,absent,0.488037109375,0.33,present,0.58544921875,0.42,present,0.177490234375,0.39,absent,0.62158203125,0.62,present,0.1187744140625,0.35,absent,0.10302734375,0.45,absent
patient48712/study10,patient48712,test,1,patient48712/study10/view1_frontal.dcm,raddino_finetuned_v1,0.1783447265625,0.56,absent,0.0235595703125,0.5,absent,0.058563232421875,0.45,absent,0.041778564453125,0.453857,absent,0.055938720703125,0.6,absent,0.0391845703125,0.28,absent,0.1815185546875,0.33,absent,0.1904296875,0.42,absent,0.04248046875,0.39,absent,0.1341552734375,0.62,absent,0.006511688232421875,0.35,absent,0.0121917724609375,0.45,absent
patient48712/study11,patient48712,test,1,patient48712/study11/view1_frontal.dcm,raddino_finetuned_v1,0.1466064453125,0.56,absent,0.049774169921875,0.5,absent,0.142822265625,0.45,absent,0.0867919921875,0.453857,absent,0.58984375,0.6,absent,0.2352294921875,0.28,absent,0.5400390625,0.33,present,0.16943359375,0.42,absent,0.0953369140625,0.39,absent,0.63623046875,0.62,present,0.03271484375,0.35,absent,0.242431640625,0.45,absent
patient48712/study2,patient48712,test,1,patient48712/study2/view1_frontal.dcm,raddino_finetuned_v1,0.1483154296875,0.56,absent,0.01322174072265625,0.5,absent,0.06488037109375,0.45,absent,0.08270263671875,0.453857,absent,0.0616455078125,0.6,absent,0.010650634765625,0.28,absent,0.330078125,0.33,present,0.4970703125,0.42,present,0.0364990234375,0.39,absent,0.52734375,0.62,absent,0.051666259765625,0.35,absent,0.12744140625,0.45,absent
patient49600/study1,patient49600,test,1,patient49600/study1/view1_frontal.dcm,raddino_finetuned_v1,0.94189453125,0.56,present,0.56494140625,0.5,present,0.958984375,0.45,present,0.7958984375,0.453857,present,0.7841796875,0.6,present,0.96240234375,0.28,present,0.317138671875,0.33,absent,0.80810546875,0.42,present,0.99267578125,0.39,present,0.97705078125,0.62,present,0.5166015625,0.35,present,0.8125,0.45,present
patient50245/study1,patient50245,test,2,patient50245/study1/view1_frontal.dcm|patient50245/study1/view2_frontal.dcm,raddino_finetuned_v1,0.38037109375,0.56,absent,0.2232666015625,0.5,absent,0.45166015625,0.45,present,0.386474609375,0.453857,absent,0.26904296875,0.6,absent,0.6416015625,0.28,present,0.12188720703125,0.33,absent,0.275634765625,0.42,absent,0.36083984375,0.39,absent,0.86279296875,0.62,present,0.06488037109375,0.35,absent,0.8095703125,0.45,present
patient50245/study2,patient50245,test,1,patient50245/study2/view1_frontal.dcm,raddino_finetuned_v1,0.401611328125,0.56,absent,0.363525390625,0.5,absent,0.32275390625,0.45,absent,0.25,0.453857,absent,0.28466796875,0.6,absent,0.58056640625,0.28,present,0.26513671875,0.33,absent,0.303955078125,0.42,absent,0.57373046875,0.39,present,0.8369140625,0.62,present,0.1300048828125,0.35,absent,0.7548828125,0.45,present
patient50513/study7,patient50513,test,2,patient50513/study7/view1_frontal.dcm|patient50513/study7/view2_frontal.dcm,raddino_finetuned_v1,0.619140625,0.56,present,0.75,0.5,present,0.80126953125,0.45,present,0.568359375,0.453857,present,0.80615234375,0.6,present,0.876953125,0.28,present,0.0802001953125,0.33,absent,0.552734375,0.42,present,0.47412109375,0.39,present,0.763671875,0.62,present,0.857421875,0.35,present,0.41748046875,0.45,absent
patient51453/study1,patient51453,test,1,patient51453/study1/view1_frontal.dcm,raddino_finetuned_v1,0.6845703125,0.56,present,0.1246337890625,0.5,absent,0.82177734375,0.45,present,0.85205078125,0.453857,present,0.65625,0.6,present,0.93359375,0.28,present,0.392578125,0.33,present,0.64892578125,0.42,present,0.98095703125,0.39,present,0.9697265625,0.62,present,0.58837890625,0.35,present,0.9072265625,0.45,present
patient51453/study2,patient51453,test,1,patient51453/study2/view1_frontal.dcm,raddino_finetuned_v1,0.83984375,0.56,present,0.284912109375,0.5,absent,0.587890625,0.45,present,0.91748046875,0.453857,present,0.85546875,0.6,present,0.77490234375,0.28,present,0.270263671875,0.33,absent,0.59130859375,0.42,present,0.9140625,0.39,present,0.97119140625,0.62,present,0.46875,0.35,present,0.52880859375,0.45,present
patient51453/study3,patient51453,test,1,patient51453/study3/view1_frontal.dcm,raddino_finetuned_v1,0.469970703125,0.56,absent,0.1580810546875,0.5,absent,0.55810546875,0.45,present,0.63232421875,0.453857,present,0.53076171875,0.6,absent,0.6318359375,0.28,present,0.172607421875,0.33,absent,0.365234375,0.42,absent,0.6904296875,0.39,present,0.80126953125,0.62,present,0.1583251953125,0.35,absent,0.314697265625,0.45,absent
patient51453/study5,patient51453,test,2,patient51453/study5/view1_frontal.dcm|patient51453/study5/view2_frontal.dcm,raddino_finetuned_v1,0.423828125,0.56,absent,0.1429443359375,0.5,absent,0.362548828125,0.45,absent,0.59228515625,0.453857,present,0.49951171875,0.6,absent,0.58935546875,0.28,present,0.0885009765625,0.33,absent,0.153076171875,0.42,absent,0.68603515625,0.39,present,0.84375,0.62,present,0.1070556640625,0.35,absent,0.326904296875,0.45,absent
patient52353/study1,patient52353,test,1,patient52353/study1/view1_frontal.dcm,raddino_finetuned_v1,0.2391357421875,0.56,absent,0.69287109375,0.5,present,0.5029296875,0.45,present,0.76318359375,0.453857,present,0.299560546875,0.6,absent,0.671875,0.28,present,0.0723876953125,0.33,absent,0.1512451171875,0.42,absent,0.346923828125,0.39,absent,0.7568359375,0.62,present,0.484130859375,0.35,present,0.2998046875,0.45,absent
patient54882/study1,patient54882,test,1,patient54882/study1/view1_frontal.dcm,raddino_finetuned_v1,0.1524658203125,0.56,absent,0.10284423828125,0.5,absent,0.1671142578125,0.45,absent,0.04638671875,0.453857,absent,0.1083984375,0.6,absent,0.0411376953125,0.28,absent,0.0889892578125,0.33,absent,0.0504150390625,0.42,absent,0.10247802734375,0.39,absent,0.308837890625,0.62,absent,0.058135986328125,0.35,absent,0.1055908203125,0.45,absent
patient54882/study2,patient54882,test,2,patient54882/study2/view1_frontal.dcm|patient54882/study2/view2_frontal.dcm,raddino_finetuned_v1,0.182373046875,0.56,absent,0.1663818359375,0.5,absent,0.11553955078125,0.45,absent,0.1331787109375,0.453857,absent,0.2568359375,0.6,absent,0.14404296875,0.28,absent,0.0640869140625,0.33,absent,0.178955078125,0.42,absent,0.12115478515625,0.39,absent,0.4912109375,0.62,absent,0.06488037109375,0.35,absent,0.04986572265625,0.45,absent
patient59447/study1,patient59447,test,1,patient59447/study1/view1_frontal.dcm,raddino_finetuned_v1,0.03521728515625,0.56,absent,0.0078125,0.5,absent,0.0869140625,0.45,absent,0.0165863037109375,0.453857,absent,0.05889892578125,0.6,absent,0.0171051025390625,0.28,absent,0.007289886474609375,0.33,absent,0.00577545166015625,0.42,absent,0.0567626953125,0.39,absent,0.058135986328125,0.62,absent,0.00919342041015625,0.35,absent,0.006931304931640625,0.45,absent
patient59987/study1,patient59987,test,1,patient59987/study1/view1_frontal.dcm,raddino_finetuned_v1,0.10821533203125,0.56,absent,0.0269622802734375,0.5,absent,0.21630859375,0.45,absent,0.0604248046875,0.453857,absent,0.021087646484375,0.6,absent,0.389892578125,0.28,present,0.08880615234375,0.33,absent,0.27685546875,0.42,absent,0.047607421875,0.39,absent,0.270263671875,0.62,absent,0.020416259765625,0.35,absent,0.038970947265625,0.45,absent
patient62874/study1,patient62874,test,1,patient62874/study1/view1_frontal.dcm,raddino_finetuned_v1,0.564453125,0.56,present,0.95654296875,0.5,present,0.615234375,0.45,present,0.8681640625,0.453857,present,0.46337890625,0.6,absent,0.36376953125,0.28,present,0.0802001953125,0.33,absent,0.1663818359375,0.42,absent,0.06268310546875,0.39,absent,0.78515625,0.62,present,0.83447265625,0.35,present,0.06683349609375,0.45,absent
