study_key,deid_patient_id,split,age,sex,dicom_path,local_path,feature_path,status,error,rows,columns,photometric,view_position,feature_map_shape,pooled_embedding_shape
patient00003/study1,patient00003,train,41.0,Male,patient00003/study1/view1_frontal.dcm,data/raw/chexpert_plus/dicom_train/patient00003/study1/view1_frontal.dcm,/home/jovyan/Desktop/MEDAGENT-X/outputs/chexpert_plus/convnext_features/patient00003_study1_view1_frontal.npz,ok,,2320,2828,MONOCHROME1,AP,"(768, 7, 7)","(768,)"
patient00007/study2,patient00007,train,69.0,Male,patient00007/study2/view1_frontal.dcm,data/raw/chexpert_plus/dicom_train/patient00007/study2/view1_frontal.dcm,/home/jovyan/Desktop/MEDAGENT-X/outputs/chexpert_plus/convnext_features/patient00007_study2_view1_frontal.npz,ok,,2320,2828,MONOCHROME1,AP,"(768, 7, 7)","(768,)"
patient00007/study1,patient00007,train,69.0,Male,patient00007/study1/view1_frontal.dcm,data/raw/chexpert_plus/dicom_train/patient00007/study1/view1_frontal.dcm,/home/jovyan/Desktop/MEDAGENT-X/outputs/chexpert_plus/convnext_features/patient00007_study1_view1_frontal.npz,ok,,2320,2828,MONOCHROME1,AP,"(768, 7, 7)","(768,)"
patient00009/study1,patient00009,train,76.0,Male,patient00009/study1/view2_lateral.dcm,data/raw/chexpert_plus/dicom_train/patient00009/study1/view2_lateral.dcm,/home/jovyan/Desktop/MEDAGENT-X/outputs/chexpert_plus/convnext_features/patient00009_study1_view2_lateral.npz,ok,,2021,1751,MONOCHROME2,LL,"(768, 7, 7)","(768,)"
patient00009/study1,patient00009,train,76.0,Male,patient00009/study1/view1_frontal.dcm,data/raw/chexpert_plus/dicom_train/patient00009/study1/view1_frontal.dcm,/home/jovyan/Desktop/MEDAGENT-X/outputs/chexpert_plus/convnext_features/patient00009_study1_view1_frontal.npz,ok,,1741,2012,MONOCHROME2,PA,"(768, 7, 7)","(768,)"
patient00016/study1,patient00016,train,54.0,Female,patient00016/study1/view2_lateral.dcm,data/raw/chexpert_plus/dicom_train/patient00016/study1/view2_lateral.dcm,/home/jovyan/Desktop/MEDAGENT-X/outputs/chexpert_plus/convnext_features/patient00016_study1_view2_lateral.npz,ok,,2022,2022,MONOCHROME2,LL,"(768, 7, 7)","(768,)"
patient00016/study1,patient00016,train,54.0,Female,patient00016/study1/view1_frontal.dcm,data/raw/chexpert_plus/dicom_train/patient00016/study1/view1_frontal.dcm,/home/jovyan/Desktop/MEDAGENT-X/outputs/chexpert_plus/convnext_features/patient00016_study1_view1_frontal.npz,ok,,2022,2022,MONOCHROME2,PA,"(768, 7, 7)","(768,)"
patient00021/study1,patient00021,train,36.0,Female,patient00021/study1/view1_frontal.dcm,data/raw/chexpert_plus/dicom_train/patient00021/study1/view1_frontal.dcm,/home/jovyan/Desktop/MEDAGENT-X/outputs/chexpert_plus/convnext_features/patient00021_study1_view1_frontal.npz,ok,,2022,2022,MONOCHROME2,PA,"(768, 7, 7)","(768,)"
patient00026/study1,patient00026,train,42.0,Female,patient00026/study1/view1_frontal.dcm,data/raw/chexpert_plus/dicom_train/patient00026/study1/view1_frontal.dcm,/home/jovyan/Desktop/MEDAGENT-X/outputs/chexpert_plus/convnext_features/patient00026_study1_view1_frontal.npz,ok,,1751,2022,MONOCHROME2,PA,"(768, 7, 7)","(768,)"
patient00026/study1,patient00026,train,42.0,Female,patient00026/study1/view2_lateral.dcm,data/raw/chexpert_plus/dicom_train/patient00026/study1/view2_lateral.dcm,/home/jovyan/Desktop/MEDAGENT-X/outputs/chexpert_plus/convnext_features/patient00026_study1_view2_lateral.npz,ok,,2021,1751,MONOCHROME2,LL,"(768, 7, 7)","(768,)"
patient00027/study1,patient00027,train,56.0,Male,patient00027/study1/view2_lateral.dcm,data/raw/chexpert_plus/dicom_train/patient00027/study1/view2_lateral.dcm,/home/jovyan/Desktop/MEDAGENT-X/outputs/chexpert_plus/convnext_features/patient00027_study1_view2_lateral.npz,ok,,2021,2021,MONOCHROME2,LL,"(768, 7, 7)","(768,)"
patient00027/study1,patient00027,train,56.0,Male,patient00027/study1/view1_frontal.dcm,data/raw/chexpert_plus/dicom_train/patient00027/study1/view1_frontal.dcm,/home/jovyan/Desktop/MEDAGENT-X/outputs/chexpert_plus/convnext_features/patient00027_study1_view1_frontal.npz,ok,,2021,2021,MONOCHROME2,PA,"(768, 7, 7)","(768,)"
patient00031/study1,patient00031,train,88.0,Male,patient00031/study1/view1_frontal.dcm,data/raw/chexpert_plus/dicom_train/patient00031/study1/view1_frontal.dcm,/home/jovyan/Desktop/MEDAGENT-X/outputs/chexpert_plus/convnext_features/patient00031_study1_view1_frontal.npz,ok,,2320,2828,MONOCHROME1,AP,"(768, 7, 7)","(768,)"
patient00031/study3,patient00031,train,88.0,Male,patient00031/study3/view1_frontal.dcm,data/raw/chexpert_plus/dicom_train/patient00031/study3/view1_frontal.dcm,/home/jovyan/Desktop/MEDAGENT-X/outputs/chexpert_plus/convnext_features/patient00031_study3_view1_frontal.npz,ok,,2320,2828,MONOCHROME1,AP,"(768, 7, 7)","(768,)"
patient00031/study2,patient00031,train,88.0,Male,patient00031/study2/view1_frontal.dcm,data/raw/chexpert_plus/dicom_train/patient00031/study2/view1_frontal.dcm,/home/jovyan/Desktop/MEDAGENT-X/outputs/chexpert_plus/convnext_features/patient00031_study2_view1_frontal.npz,ok,,2320,2828,MONOCHROME1,AP,"(768, 7, 7)","(768,)"
patient00034/study1,patient00034,train,45.0,Male,patient00034/study1/view1_frontal.dcm,data/raw/chexpert_plus/dicom_train/patient00034/study1/view1_frontal.dcm,/home/jovyan/Desktop/MEDAGENT-X/outputs/chexpert_plus/convnext_features/patient00034_study1_view1_frontal.npz,ok,,2800,3408,MONOCHROME1,AP,"(768, 7, 7)","(768,)"
patient00038/study1,patient00038,train,78.0,Male,patient00038/study1/view1_frontal.dcm,data/raw/chexpert_plus/dicom_train/patient00038/study1/view1_frontal.dcm,/home/jovyan/Desktop/MEDAGENT-X/outputs/chexpert_plus/convnext_features/patient00038_study1_view1_frontal.npz,ok,,2320,2828,MONOCHROME1,AP,"(768, 7, 7)","(768,)"
patient00038/study3,patient00038,train,78.0,Male,patient00038/study3/view1_frontal.dcm,data/raw/chexpert_plus/dicom_train/patient00038/study3/view1_frontal.dcm,/home/jovyan/Desktop/MEDAGENT-X/outputs/chexpert_plus/convnext_features/patient00038_study3_view1_frontal.npz,ok,,2320,2828,MONOCHROME1,AP,"(768, 7, 7)","(768,)"
patient00038/study2,patient00038,train,78.0,Male,patient00038/study2/view1_frontal.dcm,data/raw/chexpert_plus/dicom_train/patient00038/study2/view1_frontal.dcm,/home/jovyan/Desktop/MEDAGENT-X/outputs/chexpert_plus/convnext_features/patient00038_study2_view1_frontal.npz,ok,,2320,2828,MONOCHROME1,AP,"(768, 7, 7)","(768,)"
patient00044/study6,patient00044,train,49.0,Female,patient00044/study6/view2_lateral.dcm,data/raw/chexpert_plus/dicom_train/patient00044/study6/view2_lateral.dcm,/home/jovyan/Desktop/MEDAGENT-X/outputs/chexpert_plus/convnext_features/patient00044_study6_view2_lateral.npz,ok,,2022,2022,MONOCHROME2,LL,"(768, 7, 7)","(768,)"
patient00044/study6,patient00044,train,49.0,Female,patient00044/study6/view1_frontal.dcm,data/raw/chexpert_plus/dicom_train/patient00044/study6/view1_frontal.dcm,/home/jovyan/Desktop/MEDAGENT-X/outputs/chexpert_plus/convnext_features/patient00044_study6_view1_frontal.npz,ok,,2022,2022,MONOCHROME2,PA,"(768, 7, 7)","(768,)"
patient00044/study7,patient00044,train,49.0,Female,patient00044/study7/view2_lateral.dcm,data/raw/chexpert_plus/dicom_train/patient00044/study7/view2_lateral.dcm,/home/jovyan/Desktop/MEDAGENT-X/outputs/chexpert_plus/convnext_features/patient00044_study7_view2_lateral.npz,ok,,2022,2022,MONOCHROME2,LL,"(768, 7, 7)","(768,)"
patient00044/study7,patient00044,train,49.0,Female,patient00044/study7/view1_frontal.dcm,data/raw/chexpert_plus/dicom_train/patient00044/study7/view1_frontal.dcm,/home/jovyan/Desktop/MEDAGENT-X/outputs/chexpert_plus/convnext_features/patient00044_study7_view1_frontal.npz,ok,,2022,2022,MONOCHROME2,PA,"(768, 7, 7)","(768,)"
patient00044/study1,patient00044,train,49.0,Female,patient00044/study1/view1_frontal.dcm,data/raw/chexpert_plus/dicom_train/patient00044/study1/view1_frontal.dcm,/home/jovyan/Desktop/MEDAGENT-X/outputs/chexpert_plus/convnext_features/patient00044_study1_view1_frontal.npz,ok,,2048,2494,MONOCHROME1,AP,"(768, 7, 7)","(768,)"
patient00044/study3,patient00044,train,49.0,Female,patient00044/study3/view1_frontal.dcm,data/raw/chexpert_plus/dicom_train/patient00044/study3/view1_frontal.dcm,/home/jovyan/Desktop/MEDAGENT-X/outputs/chexpert_plus/convnext_features/patient00044_study3_view1_frontal.npz,ok,,2320,2828,MONOCHROME1,AP,"(768, 7, 7)","(768,)"
patient00044/study4,patient00044,train,49.0,Female,patient00044/study4/view1_frontal.dcm,data/raw/chexpert_plus/dicom_train/patient00044/study4/view1_frontal.dcm,/home/jovyan/Desktop/MEDAGENT-X/outputs/chexpert_plus/convnext_features/patient00044_study4_view1_frontal.npz,ok,,2048,2494,MONOCHROME1,AP,"(768, 7, 7)","(768,)"
patient00044/study2,patient00044,train,49.0,Female,patient00044/study2/view1_frontal.dcm,data/raw/chexpert_plus/dicom_train/patient00044/study2/view1_frontal.dcm,/home/jovyan/Desktop/MEDAGENT-X/outputs/chexpert_plus/convnext_features/patient00044_study2_view1_frontal.npz,ok,,2320,2828,MONOCHROME1,AP,"(768, 7, 7)","(768,)"
patient00044/study5,patient00044,train,49.0,Female,patient00044/study5/view1_frontal.dcm,data/raw/chexpert_plus/dicom_train/patient00044/study5/view1_frontal.dcm,/home/jovyan/Desktop/MEDAGENT-X/outputs/chexpert_plus/convnext_features/patient00044_study5_view1_frontal.npz,ok,,2320,2828,MONOCHROME1,AP,"(768, 7, 7)","(768,)"
patient00045/study1,patient00045,train,69.0,Female,patient00045/study1/view1_frontal.dcm,data/raw/chexpert_plus/dicom_train/patient00045/study1/view1_frontal.dcm,/home/jovyan/Desktop/MEDAGENT-X/outputs/chexpert_plus/convnext_features/patient00045_study1_view1_frontal.npz,ok,,2022,1931,MONOCHROME2,PA,"(768, 7, 7)","(768,)"
patient00045/study1,patient00045,train,69.0,Female,patient00045/study1/view2_lateral.dcm,data/raw/chexpert_plus/dicom_train/patient00045/study1/view2_lateral.dcm,/home/jovyan/Desktop/MEDAGENT-X/outputs/chexpert_plus/convnext_features/patient00045_study1_view2_lateral.npz,ok,,2021,2011,MONOCHROME2,LL,"(768, 7, 7)","(768,)"
patient00048/study1,patient00048,train,45.0,Female,patient00048/study1/view1_frontal.dcm,data/raw/chexpert_plus/dicom_train/patient00048/study1/view1_frontal.dcm,/home/jovyan/Desktop/MEDAGENT-X/outputs/chexpert_plus/convnext_features/patient00048_study1_view1_frontal.npz,ok,,2320,2828,MONOCHROME1,AP,"(768, 7, 7)","(768,)"
patient00049/study2,patient00049,train,63.0,Male,patient00049/study2/view1_frontal.dcm,data/raw/chexpert_plus/dicom_train/patient00049/study2/view1_frontal.dcm,/home/jovyan/Desktop/MEDAGENT-X/outputs/chexpert_plus/convnext_features/patient00049_study2_view1_frontal.npz,ok,,2320,2828,MONOCHROME1,AP,"(768, 7, 7)","(768,)"
patient00049/study1,patient00049,train,63.0,Male,patient00049/study1/view1_frontal.dcm,data/raw/chexpert_plus/dicom_train/patient00049/study1/view1_frontal.dcm,/home/jovyan/Desktop/MEDAGENT-X/outputs/chexpert_plus/convnext_features/patient00049_study1_view1_frontal.npz,ok,,2320,2828,MONOCHROME1,AP,"(768, 7, 7)","(768,)"
patient00049/study3,patient00049,train,63.0,Male,patient00049/study3/view1_frontal.dcm,data/raw/chexpert_plus/dicom_train/patient00049/study3/view1_frontal.dcm,/home/jovyan/Desktop/MEDAGENT-X/outputs/chexpert_plus/convnext_features/patient00049_study3_view1_frontal.npz,ok,,2320,2828,MONOCHROME1,AP,"(768, 7, 7)","(768,)"
patient00055/study2,patient00055,train,43.0,Female,patient00055/study2/view1_frontal.dcm,data/raw/chexpert_plus/dicom_train/patient00055/study2/view1_frontal.dcm,/home/jovyan/Desktop/MEDAGENT-X/outputs/chexpert_plus/convnext_features/patient00055_study2_view1_frontal.npz,ok,,1751,2021,MONOCHROME2,PA,"(768, 7, 7)","(768,)"
patient00055/study2,patient00055,train,43.0,Female,patient00055/study2/view2_lateral.dcm,data/raw/chexpert_plus/dicom_train/patient00055/study2/view2_lateral.dcm,/home/jovyan/Desktop/MEDAGENT-X/outputs/chexpert_plus/convnext_features/patient00055_study2_view2_lateral.npz,ok,,2021,1751,MONOCHROME2,LL,"(768, 7, 7)","(768,)"
patient00055/study3,patient00055,train,43.0,Female,patient00055/study3/view1_frontal.dcm,data/raw/chexpert_plus/dicom_train/patient00055/study3/view1_frontal.dcm,/home/jovyan/Desktop/MEDAGENT-X/outputs/chexpert_plus/convnext_features/patient00055_study3_view1_frontal.npz,ok,,2320,2828,MONOCHROME1,AP,"(768, 7, 7)","(768,)"
patient00055/study1,patient00055,train,43.0,Female,patient00055/study1/view1_frontal.dcm,data/raw/chexpert_plus/dicom_train/patient00055/study1/view1_frontal.dcm,/home/jovyan/Desktop/MEDAGENT-X/outputs/chexpert_plus/convnext_features/patient00055_study1_view1_frontal.npz,ok,,2320,2828,MONOCHROME1,AP,"(768, 7, 7)","(768,)"
patient00058/study1,patient00058,train,65.0,Male,patient00058/study1/view1_frontal.dcm,data/raw/chexpert_plus/dicom_train/patient00058/study1/view1_frontal.dcm,/home/jovyan/Desktop/MEDAGENT-X/outputs/chexpert_plus/convnext_features/patient00058_study1_view1_frontal.npz,ok,,1751,2021,MONOCHROME2,PA,"(768, 7, 7)","(768,)"
patient00058/study1,patient00058,train,65.0,Male,patient00058/study1/view2_lateral.dcm,data/raw/chexpert_plus/dicom_train/patient00058/study1/view2_lateral.dcm,/home/jovyan/Desktop/MEDAGENT-X/outputs/chexpert_plus/convnext_features/patient00058_study1_view2_lateral.npz,ok,,2022,1751,MONOCHROME2,LL,"(768, 7, 7)","(768,)"
patient00064/study1,patient00064,train,63.0,Male,patient00064/study1/view1_frontal.dcm,data/raw/chexpert_plus/dicom_train/patient00064/study1/view1_frontal.dcm,/home/jovyan/Desktop/MEDAGENT-X/outputs/chexpert_plus/convnext_features/patient00064_study1_view1_frontal.npz,ok,,2320,2828,MONOCHROME1,AP,"(768, 7, 7)","(768,)"
patient00067/study4,patient00067,train,56.0,Female,patient00067/study4/view1_frontal.dcm,data/raw/chexpert_plus/dicom_train/patient00067/study4/view1_frontal.dcm,/home/jovyan/Desktop/MEDAGENT-X/outputs/chexpert_plus/convnext_features/patient00067_study4_view1_frontal.npz,ok,,2320,2828,MONOCHROME1,AP,"(768, 7, 7)","(768,)"
patient00067/study3,patient00067,train,56.0,Female,patient00067/study3/view1_frontal.dcm,data/raw/chexpert_plus/dicom_train/patient00067/study3/view1_frontal.dcm,/home/jovyan/Desktop/MEDAGENT-X/outputs/chexpert_plus/convnext_features/patient00067_study3_view1_frontal.npz,ok,,2320,2828,MONOCHROME1,PA,"(768, 7, 7)","(768,)"
patient00067/study3,patient00067,train,56.0,Female,patient00067/study3/view2_lateral.dcm,data/raw/chexpert_plus/dicom_train/patient00067/study3/view2_lateral.dcm,/home/jovyan/Desktop/MEDAGENT-X/outputs/chexpert_plus/convnext_features/patient00067_study3_view2_lateral.npz,ok,,2828,2320,MONOCHROME1,PA,"(768, 7, 7)","(768,)"
patient00067/study1,patient00067,train,56.0,Female,patient00067/study1/view1_frontal.dcm,data/raw/chexpert_plus/dicom_train/patient00067/study1/view1_frontal.dcm,/home/jovyan/Desktop/MEDAGENT-X/outputs/chexpert_plus/convnext_features/patient00067_study1_view1_frontal.npz,ok,,2320,2828,MONOCHROME1,AP,"(768, 7, 7)","(768,)"
patient00067/study2,patient00067,train,56.0,Female,patient00067/study2/view1_frontal.dcm,data/raw/chexpert_plus/dicom_train/patient00067/study2/view1_frontal.dcm,/home/jovyan/Desktop/MEDAGENT-X/outputs/chexpert_plus/convnext_features/patient00067_study2_view1_frontal.npz,ok,,2320,2828,MONOCHROME1,AP,"(768, 7, 7)","(768,)"
patient00068/study1,patient00068,train,76.0,Male,patient00068/study1/view1_frontal.dcm,data/raw/chexpert_plus/dicom_train/patient00068/study1/view1_frontal.dcm,/home/jovyan/Desktop/MEDAGENT-X/outputs/chexpert_plus/convnext_features/patient00068_study1_view1_frontal.npz,ok,,2320,2828,MONOCHROME1,AP,"(768, 7, 7)","(768,)"
patient00070/study1,patient00070,train,42.0,Male,patient00070/study1/view1_frontal.dcm,data/raw/chexpert_plus/dicom_train/patient00070/study1/view1_frontal.dcm,/home/jovyan/Desktop/MEDAGENT-X/outputs/chexpert_plus/convnext_features/patient00070_study1_view1_frontal.npz,ok,,1752,2021,MONOCHROME2,PA,"(768, 7, 7)","(768,)"
patient00076/study1,patient00076,train,39.0,Female,patient00076/study1/view1_frontal.dcm,data/raw/chexpert_plus/dicom_train/patient00076/study1/view1_frontal.dcm,/home/jovyan/Desktop/MEDAGENT-X/outputs/chexpert_plus/convnext_features/patient00076_study1_view1_frontal.npz,ok,,2320,2828,MONOCHROME1,AP,"(768, 7, 7)","(768,)"
patient00078/study6,patient00078,train,25.0,Male,patient00078/study6/view1_frontal.dcm,data/raw/chexpert_plus/dicom_train/patient00078/study6/view1_frontal.dcm,/home/jovyan/Desktop/MEDAGENT-X/outputs/chexpert_plus/convnext_features/patient00078_study6_view1_frontal.npz,ok,,2320,2828,MONOCHROME1,AP,"(768, 7, 7)","(768,)"
patient00078/study7,patient00078,train,25.0,Male,patient00078/study7/view1_frontal.dcm,data/raw/chexpert_plus/dicom_train/patient00078/study7/view1_frontal.dcm,/home/jovyan/Desktop/MEDAGENT-X/outputs/chexpert_plus/convnext_features/patient00078_study7_view1_frontal.npz,ok,,2320,2828,MONOCHROME1,AP,"(768, 7, 7)","(768,)"
patient00078/study9,patient00078,train,25.0,Male,patient00078/study9/view1_frontal.dcm,data/raw/chexpert_plus/dicom_train/patient00078/study9/view1_frontal.dcm,/home/jovyan/Desktop/MEDAGENT-X/outputs/chexpert_plus/convnext_features/patient00078_study9_view1_frontal.npz,ok,,2320,2828,MONOCHROME1,AP,"(768, 7, 7)","(768,)"
patient00078/study5,patient00078,train,25.0,Male,patient00078/study5/view1_frontal.dcm,data/raw/chexpert_plus/dicom_train/patient00078/study5/view1_frontal.dcm,/home/jovyan/Desktop/MEDAGENT-X/outputs/chexpert_plus/convnext_features/patient00078_study5_view1_frontal.npz,ok,,2320,2828,MONOCHROME1,AP,"(768, 7, 7)","(768,)"
patient00078/study4,patient00078,train,25.0,Male,patient00078/study4/view1_frontal.dcm,data/raw/chexpert_plus/dicom_train/patient00078/study4/view1_frontal.dcm,/home/jovyan/Desktop/MEDAGENT-X/outputs/chexpert_plus/convnext_features/patient00078_study4_view1_frontal.npz,ok,,2320,2828,MONOCHROME1,AP,"(768, 7, 7)","(768,)"
patient00078/study1,patient00078,train,25.0,Male,patient00078/study1/view1_frontal.dcm,data/raw/chexpert_plus/dicom_train/patient00078/study1/view1_frontal.dcm,/home/jovyan/Desktop/MEDAGENT-X/outputs/chexpert_plus/convnext_features/patient00078_study1_view1_frontal.npz,ok,,2048,2494,MONOCHROME1,AP,"(768, 7, 7)","(768,)"
patient00078/study8,patient00078,train,25.0,Male,patient00078/study8/view1_frontal.dcm,data/raw/chexpert_plus/dicom_train/patient00078/study8/view1_frontal.dcm,/home/jovyan/Desktop/MEDAGENT-X/outputs/chexpert_plus/convnext_features/patient00078_study8_view1_frontal.npz,ok,,2320,2828,MONOCHROME1,AP,"(768, 7, 7)","(768,)"
patient00078/study3,patient00078,train,25.0,Male,patient00078/study3/view1_frontal.dcm,data/raw/chexpert_plus/dicom_train/patient00078/study3/view1_frontal.dcm,/home/jovyan/Desktop/MEDAGENT-X/outputs/chexpert_plus/convnext_features/patient00078_study3_view1_frontal.npz,ok,,2320,2828,MONOCHROME1,AP,"(768, 7, 7)","(768,)"
patient00078/study2,patient00078,train,25.0,Male,patient00078/study2/view1_frontal.dcm,data/raw/chexpert_plus/dicom_train/patient00078/study2/view1_frontal.dcm,/home/jovyan/Desktop/MEDAGENT-X/outputs/chexpert_plus/convnext_features/patient00078_study2_view1_frontal.npz,ok,,2320,2828,MONOCHROME1,AP,"(768, 7, 7)","(768,)"
patient00079/study1,patient00079,train,43.0,Male,patient00079/study1/view2_lateral.dcm,data/raw/chexpert_plus/dicom_train/patient00079/study1/view2_lateral.dcm,/home/jovyan/Desktop/MEDAGENT-X/outputs/chexpert_plus/convnext_features/patient00079_study1_view2_lateral.npz,ok,,2828,2320,MONOCHROME1,PA,"(768, 7, 7)","(768,)"
patient00079/study1,patient00079,train,43.0,Male,patient00079/study1/view1_frontal.dcm,data/raw/chexpert_plus/dicom_train/patient00079/study1/view1_frontal.dcm,/home/jovyan/Desktop/MEDAGENT-X/outputs/chexpert_plus/convnext_features/patient00079_study1_view1_frontal.npz,ok,,2320,2828,MONOCHROME1,PA,"(768, 7, 7)","(768,)"
patient00082/study1,patient00082,train,18.0,Male,patient00082/study1/view1_frontal.dcm,data/raw/chexpert_plus/dicom_train/patient00082/study1/view1_frontal.dcm,/home/jovyan/Desktop/MEDAGENT-X/outputs/chexpert_plus/convnext_features/patient00082_study1_view1_frontal.npz,ok,,2320,2828,MONOCHROME1,PA,"(768, 7, 7)","(768,)"
patient00082/study1,patient00082,train,18.0,Male,patient00082/study1/view2_lateral.dcm,data/raw/chexpert_plus/dicom_train/patient00082/study1/view2_lateral.dcm,/home/jovyan/Desktop/MEDAGENT-X/outputs/chexpert_plus/convnext_features/patient00082_study1_view2_lateral.npz,ok,,2828,2320,MONOCHROME1,LL,"(768, 7, 7)","(768,)"
patient00087/study3,patient00087,train,53.0,Male,patient00087/study3/view3_lateral.dcm,data/raw/chexpert_plus/dicom_train/patient00087/study3/view3_lateral.dcm,/home/jovyan/Desktop/MEDAGENT-X/outputs/chexpert_plus/convnext_features/patient00087_study3_view3_lateral.npz,ok,,2828,2320,MONOCHROME1,PA,"(768, 7, 7)","(768,)"
patient00087/study3,patient00087,train,53.0,Male,patient00087/study3/view2_frontal.dcm,data/raw/chexpert_plus/dicom_train/patient00087/study3/view2_frontal.dcm,/home/jovyan/Desktop/MEDAGENT-X/outputs/chexpert_plus/convnext_features/patient00087_study3_view2_frontal.npz,ok,,2320,2828,MONOCHROME1,PA,"(768, 7, 7)","(768,)"
patient00087/study3,patient00087,train,53.0,Male,patient00087/study3/view1_frontal.dcm,data/raw/chexpert_plus/dicom_train/patient00087/study3/view1_frontal.dcm,/home/jovyan/Desktop/MEDAGENT-X/outputs/chexpert_plus/convnext_features/patient00087_study3_view1_frontal.npz,ok,,2320,2828,MONOCHROME1,PA,"(768, 7, 7)","(768,)"
patient00087/study1,patient00087,train,53.0,Male,patient00087/study1/view1_frontal.dcm,data/raw/chexpert_plus/dicom_train/patient00087/study1/view1_frontal.dcm,/home/jovyan/Desktop/MEDAGENT-X/outputs/chexpert_plus/convnext_features/patient00087_study1_view1_frontal.npz,ok,,2320,2828,MONOCHROME1,AP,"(768, 7, 7)","(768,)"
patient00087/study2,patient00087,train,53.0,Male,patient00087/study2/view1_frontal.dcm,data/raw/chexpert_plus/dicom_train/patient00087/study2/view1_frontal.dcm,/home/jovyan/Desktop/MEDAGENT-X/outputs/chexpert_plus/convnext_features/patient00087_study2_view1_frontal.npz,ok,,2320,2828,MONOCHROME1,AP,"(768, 7, 7)","(768,)"
patient00089/study1,patient00089,train,62.0,Female,patient00089/study1/view1_frontal.dcm,data/raw/chexpert_plus/dicom_train/patient00089/study1/view1_frontal.dcm,/home/jovyan/Desktop/MEDAGENT-X/outputs/chexpert_plus/convnext_features/patient00089_study1_view1_frontal.npz,ok,,2320,2828,MONOCHROME1,PA,"(768, 7, 7)","(768,)"
patient00089/study1,patient00089,train,62.0,Female,patient00089/study1/view2_lateral.dcm,data/raw/chexpert_plus/dicom_train/patient00089/study1/view2_lateral.dcm,/home/jovyan/Desktop/MEDAGENT-X/outputs/chexpert_plus/convnext_features/patient00089_study1_view2_lateral.npz,ok,,2828,2320,MONOCHROME1,PA,"(768, 7, 7)","(768,)"
patient00095/study1,patient00095,train,89.0,Male,patient00095/study1/view1_frontal.dcm,data/raw/chexpert_plus/dicom_train/patient00095/study1/view1_frontal.dcm,/home/jovyan/Desktop/MEDAGENT-X/outputs/chexpert_plus/convnext_features/patient00095_study1_view1_frontal.npz,ok,,2800,3408,MONOCHROME1,AP,"(768, 7, 7)","(768,)"
patient00096/study1,patient00096,train,68.0,Male,patient00096/study1/view2_lateral.dcm,data/raw/chexpert_plus/dicom_train/patient00096/study1/view2_lateral.dcm,/home/jovyan/Desktop/MEDAGENT-X/outputs/chexpert_plus/convnext_features/patient00096_study1_view2_lateral.npz,ok,,2828,2320,MONOCHROME1,PA,"(768, 7, 7)","(768,)"
patient00096/study1,patient00096,train,68.0,Male,patient00096/study1/view1_frontal.dcm,data/raw/chexpert_plus/dicom_train/patient00096/study1/view1_frontal.dcm,/home/jovyan/Desktop/MEDAGENT-X/outputs/chexpert_plus/convnext_features/patient00096_study1_view1_frontal.npz,ok,,2320,2828,MONOCHROME1,PA,"(768, 7, 7)","(768,)"
patient00096/study2,patient00096,train,68.0,Male,patient00096/study2/view1_frontal.dcm,data/raw/chexpert_plus/dicom_train/patient00096/study2/view1_frontal.dcm,/home/jovyan/Desktop/MEDAGENT-X/outputs/chexpert_plus/convnext_features/patient00096_study2_view1_frontal.npz,ok,,2320,2828,MONOCHROME1,AP,"(768, 7, 7)","(768,)"
patient00102/study1,patient00102,train,55.0,Male,patient00102/study1/view1_frontal.dcm,data/raw/chexpert_plus/dicom_train/patient00102/study1/view1_frontal.dcm,/home/jovyan/Desktop/MEDAGENT-X/outputs/chexpert_plus/convnext_features/patient00102_study1_view1_frontal.npz,ok,,2048,2494,MONOCHROME1,AP,"(768, 7, 7)","(768,)"
patient00102/study3,patient00102,train,55.0,Male,patient00102/study3/view1_frontal.dcm,data/raw/chexpert_plus/dicom_train/patient00102/study3/view1_frontal.dcm,/home/jovyan/Desktop/MEDAGENT-X/outputs/chexpert_plus/convnext_features/patient00102_study3_view1_frontal.npz,ok,,2320,2828,MONOCHROME1,AP,"(768, 7, 7)","(768,)"
patient00102/study2,patient00102,train,55.0,Male,patient00102/study2/view1_frontal.dcm,data/raw/chexpert_plus/dicom_train/patient00102/study2/view1_frontal.dcm,/home/jovyan/Desktop/MEDAGENT-X/outputs/chexpert_plus/convnext_features/patient00102_study2_view1_frontal.npz,ok,,2048,2494,MONOCHROME1,AP,"(768, 7, 7)","(768,)"
patient00107/study1,patient00107,train,41.0,Female,patient00107/study1/view1_frontal.dcm,data/raw/chexpert_plus/dicom_train/patient00107/study1/view1_frontal.dcm,/home/jovyan/Desktop/MEDAGENT-X/outputs/chexpert_plus/convnext_features/patient00107_study1_view1_frontal.npz,ok,,2320,2828,MONOCHROME1,AP,"(768, 7, 7)","(768,)"
patient00113/study1,patient00113,train,78.0,Male,patient00113/study1/view1_frontal.dcm,data/raw/chexpert_plus/dicom_train/patient00113/study1/view1_frontal.dcm,/home/jovyan/Desktop/MEDAGENT-X/outputs/chexpert_plus/convnext_features/patient00113_study1_view1_frontal.npz,ok,,2320,2828,MONOCHROME1,AP,"(768, 7, 7)","(768,)"
patient00113/study2,patient00113,train,78.0,Male,patient00113/study2/view1_frontal.dcm,data/raw/chexpert_plus/dicom_train/patient00113/study2/view1_frontal.dcm,/home/jovyan/Desktop/MEDAGENT-X/outputs/chexpert_plus/convnext_features/patient00113_study2_view1_frontal.npz,ok,,2320,2828,MONOCHROME1,AP,"(768, 7, 7)","(768,)"
patient00114/study5,patient00114,train,55.0,Male,patient00114/study5/view1_frontal.dcm,data/raw/chexpert_plus/dicom_train/patient00114/study5/view1_frontal.dcm,/home/jovyan/Desktop/MEDAGENT-X/outputs/chexpert_plus/convnext_features/patient00114_study5_view1_frontal.npz,ok,,2320,2828,MONOCHROME1,AP,"(768, 7, 7)","(768,)"
patient00114/study10,patient00114,train,55.0,Male,patient00114/study10/view1_frontal.dcm,data/raw/chexpert_plus/dicom_train/patient00114/study10/view1_frontal.dcm,/home/jovyan/Desktop/MEDAGENT-X/outputs/chexpert_plus/convnext_features/patient00114_study10_view1_frontal.npz,ok,,2320,2828,MONOCHROME1,AP,"(768, 7, 7)","(768,)"
patient00114/study15,patient00114,train,55.0,Male,patient00114/study15/view1_frontal.dcm,data/raw/chexpert_plus/dicom_train/patient00114/study15/view1_frontal.dcm,/home/jovyan/Desktop/MEDAGENT-X/outputs/chexpert_plus/convnext_features/patient00114_study15_view1_frontal.npz,ok,,2048,2494,MONOCHROME1,AP,"(768, 7, 7)","(768,)"
patient00114/study16,patient00114,train,55.0,Male,patient00114/study16/view1_frontal.dcm,data/raw/chexpert_plus/dicom_train/patient00114/study16/view1_frontal.dcm,/home/jovyan/Desktop/MEDAGENT-X/outputs/chexpert_plus/convnext_features/patient00114_study16_view1_frontal.npz,ok,,2048,2494,MONOCHROME1,AP,"(768, 7, 7)","(768,)"
patient00114/study20,patient00114,train,55.0,Male,patient00114/study20/view1_frontal.dcm,data/raw/chexpert_plus/dicom_train/patient00114/study20/view1_frontal.dcm,/home/jovyan/Desktop/MEDAGENT-X/outputs/chexpert_plus/convnext_features/patient00114_study20_view1_frontal.npz,ok,,2320,2828,MONOCHROME1,AP,"(768, 7, 7)","(768,)"
patient00114/study3,patient00114,train,55.0,Male,patient00114/study3/view1_frontal.dcm,data/raw/chexpert_plus/dicom_train/patient00114/study3/view1_frontal.dcm,/home/jovyan/Desktop/MEDAGENT-X/outputs/chexpert_plus/convnext_features/patient00114_study3_view1_frontal.npz,ok,,2320,2828,MONOCHROME1,AP,"(768, 7, 7)","(768,)"
patient00114/study17,patient00114,train,55.0,Male,patient00114/study17/view1_frontal.dcm,data/raw/chexpert_plus/dicom_train/patient00114/study17/view1_frontal.dcm,/home/jovyan/Desktop/MEDAGENT-X/outputs/chexpert_plus/convnext_features/patient00114_study17_view1_frontal.npz,ok,,2048,2494,MONOCHROME1,AP,"(768, 7, 7)","(768,)"
patient00114/study13,patient00114,train,55.0,Male,patient00114/study13/view1_frontal.dcm,data/raw/chexpert_plus/dicom_train/patient00114/study13/view1_frontal.dcm,/home/jovyan/Desktop/MEDAGENT-X/outputs/chexpert_plus/convnext_features/patient00114_study13_view1_frontal.npz,ok,,2320,2828,MONOCHROME1,AP,"(768, 7, 7)","(768,)"
patient00114/study19,patient00114,train,55.0,Male,patient00114/study19/view1_frontal.dcm,data/raw/chexpert_plus/dicom_train/patient00114/study19/view1_frontal.dcm,/home/jovyan/Desktop/MEDAGENT-X/outputs/chexpert_plus/convnext_features/patient00114_study19_view1_frontal.npz,ok,,2320,2828,MONOCHROME1,AP,"(768, 7, 7)","(768,)"
patient00114/study7,patient00114,train,55.0,Male,patient00114/study7/view1_frontal.dcm,data/raw/chexpert_plus/dicom_train/patient00114/study7/view1_frontal.dcm,/home/jovyan/Desktop/MEDAGENT-X/outputs/chexpert_plus/convnext_features/patient00114_study7_view1_frontal.npz,ok,,2320,2828,MONOCHROME1,AP,"(768, 7, 7)","(768,)"
patient00114/study2,patient00114,train,55.0,Male,patient00114/study2/view1_frontal.dcm,data/raw/chexpert_plus/dicom_train/patient00114/study2/view1_frontal.dcm,/home/jovyan/Desktop/MEDAGENT-X/outputs/chexpert_plus/convnext_features/patient00114_study2_view1_frontal.npz,ok,,2320,2828,MONOCHROME1,AP,"(768, 7, 7)","(768,)"
patient00114/study12,patient00114,train,55.0,Male,patient00114/study12/view1_frontal.dcm,data/raw/chexpert_plus/dicom_train/patient00114/study12/view1_frontal.dcm,/home/jovyan/Desktop/MEDAGENT-X/outputs/chexpert_plus/convnext_features/patient00114_study12_view1_frontal.npz,ok,,2320,2828,MONOCHROME1,AP,"(768, 7, 7)","(768,)"
patient00114/study9,patient00114,train,55.0,Male,patient00114/study9/view1_frontal.dcm,data/raw/chexpert_plus/dicom_train/patient00114/study9/view1_frontal.dcm,/home/jovyan/Desktop/MEDAGENT-X/outputs/chexpert_plus/convnext_features/patient00114_study9_view1_frontal.npz,ok,,2320,2828,MONOCHROME1,AP,"(768, 7, 7)","(768,)"
patient00114/study1,patient00114,train,55.0,Male,patient00114/study1/view1_frontal.dcm,data/raw/chexpert_plus/dicom_train/patient00114/study1/view1_frontal.dcm,/home/jovyan/Desktop/MEDAGENT-X/outputs/chexpert_plus/convnext_features/patient00114_study1_view1_frontal.npz,ok,,2320,2828,MONOCHROME1,AP,"(768, 7, 7)","(768,)"
patient00114/study6,patient00114,train,55.0,Male,patient00114/study6/view1_frontal.dcm,data/raw/chexpert_plus/dicom_train/patient00114/study6/view1_frontal.dcm,/home/jovyan/Desktop/MEDAGENT-X/outputs/chexpert_plus/convnext_features/patient00114_study6_view1_frontal.npz,ok,,2320,2828,MONOCHROME1,AP,"(768, 7, 7)","(768,)"
patient00114/study18,patient00114,train,55.0,Male,patient00114/study18/view1_frontal.dcm,data/raw/chexpert_plus/dicom_train/patient00114/study18/view1_frontal.dcm,/home/jovyan/Desktop/MEDAGENT-X/outputs/chexpert_plus/convnext_features/patient00114_study18_view1_frontal.npz,ok,,2320,2828,MONOCHROME1,AP,"(768, 7, 7)","(768,)"
patient00114/study4,patient00114,train,55.0,Male,patient00114/study4/view1_frontal.dcm,data/raw/chexpert_plus/dicom_train/patient00114/study4/view1_frontal.dcm,/home/jovyan/Desktop/MEDAGENT-X/outputs/chexpert_plus/convnext_features/patient00114_study4_view1_frontal.npz,ok,,2320,2828,MONOCHROME1,AP,"(768, 7, 7)","(768,)"
patient00114/study8,patient00114,train,55.0,Male,patient00114/study8/view1_frontal.dcm,data/raw/chexpert_plus/dicom_train/patient00114/study8/view1_frontal.dcm,/home/jovyan/Desktop/MEDAGENT-X/outputs/chexpert_plus/convnext_features/patient00114_study8_view1_frontal.npz,ok,,2320,2828,MONOCHROME1,AP,"(768, 7, 7)","(768,)"
patient00114/study14,patient00114,train,55.0,Male,patient00114/study14/view1_frontal.dcm,data/raw/chexpert_plus/dicom_train/patient00114/study14/view1_frontal.dcm,/home/jovyan/Desktop/MEDAGENT-X/outputs/chexpert_plus/convnext_features/patient00114_study14_view1_frontal.npz,ok,,2320,2828,MONOCHROME1,AP,"(768, 7, 7)","(768,)"
patient00114/study11,patient00114,train,55.0,Male,patient00114/study11/view1_frontal.dcm,data/raw/chexpert_plus/dicom_train/patient00114/study11/view1_frontal.dcm,/home/jovyan/Desktop/MEDAGENT-X/outputs/chexpert_plus/convnext_features/patient00114_study11_view1_frontal.npz,ok,,2320,2828,MONOCHROME1,AP,"(768, 7, 7)","(768,)"
patient00115/study1,patient00115,train,64.0,Male,patient00115/study1/view1_frontal.dcm,data/raw/chexpert_plus/dicom_train/patient00115/study1/view1_frontal.dcm,/home/jovyan/Desktop/MEDAGENT-X/outputs/chexpert_plus/convnext_features/patient00115_study1_view1_frontal.npz,ok,,2320,2828,MONOCHROME1,AP,"(768, 7, 7)","(768,)"
patient00115/study2,patient00115,train,64.0,Male,patient00115/study2/view1_frontal.dcm,data/raw/chexpert_plus/dicom_train/patient00115/study2/view1_frontal.dcm,/home/jovyan/Desktop/MEDAGENT-X/outputs/chexpert_plus/convnext_features/patient00115_study2_view1_frontal.npz,ok,,2320,2828,MONOCHROME1,AP,"(768, 7, 7)","(768,)"
patient00120/study1,patient00120,train,68.0,Female,patient00120/study1/view1_frontal.dcm,data/raw/chexpert_plus/dicom_train/patient00120/study1/view1_frontal.dcm,/home/jovyan/Desktop/MEDAGENT-X/outputs/chexpert_plus/convnext_features/patient00120_study1_view1_frontal.npz,ok,,3480,4240,MONOCHROME1,AP,"(768, 7, 7)","(768,)"
patient00121/study1,patient00121,train,68.0,Male,patient00121/study1/view1_frontal.dcm,data/raw/chexpert_plus/dicom_train/patient00121/study1/view1_frontal.dcm,/home/jovyan/Desktop/MEDAGENT-X/outputs/chexpert_plus/convnext_features/patient00121_study1_view1_frontal.npz,ok,,2320,2828,MONOCHROME1,AP,"(768, 7, 7)","(768,)"
patient00122/study3,patient00122,train,72.0,Female,patient00122/study3/view2_lateral.dcm,data/raw/chexpert_plus/dicom_train/patient00122/study3/view2_lateral.dcm,/home/jovyan/Desktop/MEDAGENT-X/outputs/chexpert_plus/convnext_features/patient00122_study3_view2_lateral.npz,ok,,2021,1641,MONOCHROME2,LL,"(768, 7, 7)","(768,)"
patient00122/study3,patient00122,train,72.0,Female,patient00122/study3/view1_frontal.dcm,data/raw/chexpert_plus/dicom_train/patient00122/study3/view1_frontal.dcm,/home/jovyan/Desktop/MEDAGENT-X/outputs/chexpert_plus/convnext_features/patient00122_study3_view1_frontal.npz,ok,,1751,2012,MONOCHROME2,PA,"(768, 7, 7)","(768,)"
patient00122/study5,patient00122,train,72.0,Female,patient00122/study5/view1_frontal.dcm,data/raw/chexpert_plus/dicom_train/patient00122/study5/view1_frontal.dcm,/home/jovyan/Desktop/MEDAGENT-X/outputs/chexpert_plus/convnext_features/patient00122_study5_view1_frontal.npz,ok,,2320,2828,MONOCHROME1,AP,"(768, 7, 7)","(768,)"
patient00122/study1,patient00122,train,72.0,Female,patient00122/study1/view1_frontal.dcm,data/raw/chexpert_plus/dicom_train/patient00122/study1/view1_frontal.dcm,/home/jovyan/Desktop/MEDAGENT-X/outputs/chexpert_plus/convnext_features/patient00122_study1_view1_frontal.npz,ok,,2022,2022,MONOCHROME2,PA,"(768, 7, 7)","(768,)"
patient00122/study4,patient00122,train,72.0,Female,patient00122/study4/view1_frontal.dcm,data/raw/chexpert_plus/dicom_train/patient00122/study4/view1_frontal.dcm,/home/jovyan/Desktop/MEDAGENT-X/outputs/chexpert_plus/convnext_features/patient00122_study4_view1_frontal.npz,ok,,2320,2828,MONOCHROME1,AP,"(768, 7, 7)","(768,)"
patient00122/study8,patient00122,train,72.0,Female,patient00122/study8/view1_frontal.dcm,data/raw/chexpert_plus/dicom_train/patient00122/study8/view1_frontal.dcm,/home/jovyan/Desktop/MEDAGENT-X/outputs/chexpert_plus/convnext_features/patient00122_study8_view1_frontal.npz,ok,,2320,2828,MONOCHROME1,AP,"(768, 7, 7)","(768,)"
patient00122/study2,patient00122,train,72.0,Female,patient00122/study2/view1_frontal.dcm,data/raw/chexpert_plus/dicom_train/patient00122/study2/view1_frontal.dcm,/home/jovyan/Desktop/MEDAGENT-X/outputs/chexpert_plus/convnext_features/patient00122_study2_view1_frontal.npz,ok,,2048,2494,MONOCHROME1,AP,"(768, 7, 7)","(768,)"
patient00122/study7,patient00122,train,72.0,Female,patient00122/study7/view1_frontal.dcm,data/raw/chexpert_plus/dicom_train/patient00122/study7/view1_frontal.dcm,/home/jovyan/Desktop/MEDAGENT-X/outputs/chexpert_plus/convnext_features/patient00122_study7_view1_frontal.npz,ok,,2320,2828,MONOCHROME1,AP,"(768, 7, 7)","(768,)"
patient00122/study6,patient00122,train,72.0,Female,patient00122/study6/view1_frontal.dcm,data/raw/chexpert_plus/dicom_train/patient00122/study6/view1_frontal.dcm,/home/jovyan/Desktop/MEDAGENT-X/outputs/chexpert_plus/convnext_features/patient00122_study6_view1_frontal.npz,ok,,2320,2828,MONOCHROME1,AP,"(768, 7, 7)","(768,)"
patient00124/study6,patient00124,train,45.0,Female,patient00124/study6/view1_frontal.dcm,data/raw/chexpert_plus/dicom_train/patient00124/study6/view1_frontal.dcm,/home/jovyan/Desktop/MEDAGENT-X/outputs/chexpert_plus/convnext_features/patient00124_study6_view1_frontal.npz,ok,,2320,2828,MONOCHROME1,AP,"(768, 7, 7)","(768,)"
patient00124/study4,patient00124,train,45.0,Female,patient00124/study4/view1_frontal.dcm,data/raw/chexpert_plus/dicom_train/patient00124/study4/view1_frontal.dcm,/home/jovyan/Desktop/MEDAGENT-X/outputs/chexpert_plus/convnext_features/patient00124_study4_view1_frontal.npz,ok,,2320,2828,MONOCHROME1,AP,"(768, 7, 7)","(768,)"
patient00124/study2,patient00124,train,45.0,Female,patient00124/study2/view1_frontal.dcm,data/raw/chexpert_plus/dicom_train/patient00124/study2/view1_frontal.dcm,/home/jovyan/Desktop/MEDAGENT-X/outputs/chexpert_plus/convnext_features/patient00124_study2_view1_frontal.npz,ok,,2320,2828,MONOCHROME1,AP,"(768, 7, 7)","(768,)"
patient00124/study3,patient00124,train,45.0,Female,patient00124/study3/view1_frontal.dcm,data/raw/chexpert_plus/dicom_train/patient00124/study3/view1_frontal.dcm,/home/jovyan/Desktop/MEDAGENT-X/outputs/chexpert_plus/convnext_features/patient00124_study3_view1_frontal.npz,ok,,2320,2828,MONOCHROME1,AP,"(768, 7, 7)","(768,)"
patient00124/study5,patient00124,train,45.0,Female,patient00124/study5/view1_frontal.dcm,data/raw/chexpert_plus/dicom_train/patient00124/study5/view1_frontal.dcm,/home/jovyan/Desktop/MEDAGENT-X/outputs/chexpert_plus/convnext_features/patient00124_study5_view1_frontal.npz,ok,,2320,2828,MONOCHROME1,AP,"(768, 7, 7)","(768,)"
patient00124/study1,patient00124,train,45.0,Female,patient00124/study1/view1_frontal.dcm,data/raw/chexpert_plus/dicom_train/patient00124/study1/view1_frontal.dcm,/home/jovyan/Desktop/MEDAGENT-X/outputs/chexpert_plus/convnext_features/patient00124_study1_view1_frontal.npz,ok,,2320,2828,MONOCHROME1,AP,"(768, 7, 7)","(768,)"
patient00124/study7,patient00124,train,45.0,Female,patient00124/study7/view2_lateral.dcm,data/raw/chexpert_plus/dicom_train/patient00124/study7/view2_lateral.dcm,/home/jovyan/Desktop/MEDAGENT-X/outputs/chexpert_plus/convnext_features/patient00124_study7_view2_lateral.npz,ok,,2828,2320,MONOCHROME1,LL,"(768, 7, 7)","(768,)"
patient00124/study7,patient00124,train,45.0,Female,patient00124/study7/view1_frontal.dcm,data/raw/chexpert_plus/dicom_train/patient00124/study7/view1_frontal.dcm,/home/jovyan/Desktop/MEDAGENT-X/outputs/chexpert_plus/convnext_features/patient00124_study7_view1_frontal.npz,ok,,2320,2828,MONOCHROME1,PA,"(768, 7, 7)","(768,)"
patient00125/study1,patient00125,train,63.0,Male,patient00125/study1/view1_frontal.dcm,data/raw/chexpert_plus/dicom_train/patient00125/study1/view1_frontal.dcm,/home/jovyan/Desktop/MEDAGENT-X/outputs/chexpert_plus/convnext_features/patient00125_study1_view1_frontal.npz,ok,,2320,2828,MONOCHROME1,PA,"(768, 7, 7)","(768,)"
patient00125/study1,patient00125,train,63.0,Male,patient00125/study1/view2_lateral.dcm,data/raw/chexpert_plus/dicom_train/patient00125/study1/view2_lateral.dcm,/home/jovyan/Desktop/MEDAGENT-X/outputs/chexpert_plus/convnext_features/patient00125_study1_view2_lateral.npz,ok,,2828,2320,MONOCHROME1,PA,"(768, 7, 7)","(768,)"
patient00126/study1,patient00126,train,58.0,Female,patient00126/study1/view1_frontal.dcm,data/raw/chexpert_plus/dicom_train/patient00126/study1/view1_frontal.dcm,/home/jovyan/Desktop/MEDAGENT-X/outputs/chexpert_plus/convnext_features/patient00126_study1_view1_frontal.npz,ok,,2320,2828,MONOCHROME1,AP,"(768, 7, 7)","(768,)"
patient00127/study1,patient00127,train,40.0,Male,patient00127/study1/view1_frontal.dcm,data/raw/chexpert_plus/dicom_train/patient00127/study1/view1_frontal.dcm,/home/jovyan/Desktop/MEDAGENT-X/outputs/chexpert_plus/convnext_features/patient00127_study1_view1_frontal.npz,ok,,2320,2828,MONOCHROME1,AP,"(768, 7, 7)","(768,)"
patient00129/study1,patient00129,train,85.0,Female,patient00129/study1/view1_frontal.dcm,data/raw/chexpert_plus/dicom_train/patient00129/study1/view1_frontal.dcm,/home/jovyan/Desktop/MEDAGENT-X/outputs/chexpert_plus/convnext_features/patient00129_study1_view1_frontal.npz,ok,,2320,2828,MONOCHROME1,AP,"(768, 7, 7)","(768,)"
patient00133/study1,patient00133,train,19.0,Male,patient00133/study1/view2_lateral.dcm,data/raw/chexpert_plus/dicom_train/patient00133/study1/view2_lateral.dcm,/home/jovyan/Desktop/MEDAGENT-X/outputs/chexpert_plus/convnext_features/patient00133_study1_view2_lateral.npz,ok,,2016,1711,MONOCHROME2,LL,"(768, 7, 7)","(768,)"
patient00133/study1,patient00133,train,19.0,Male,patient00133/study1/view1_frontal.dcm,data/raw/chexpert_plus/dicom_train/patient00133/study1/view1_frontal.dcm,/home/jovyan/Desktop/MEDAGENT-X/outputs/chexpert_plus/convnext_features/patient00133_study1_view1_frontal.npz,ok,,2021,2011,MONOCHROME2,PA,"(768, 7, 7)","(768,)"
patient00134/study4,patient00134,train,71.0,Male,patient00134/study4/view1_frontal.dcm,data/raw/chexpert_plus/dicom_train/patient00134/study4/view1_frontal.dcm,/home/jovyan/Desktop/MEDAGENT-X/outputs/chexpert_plus/convnext_features/patient00134_study4_view1_frontal.npz,ok,,2320,2828,MONOCHROME1,AP,"(768, 7, 7)","(768,)"
patient00134/study2,patient00134,train,71.0,Male,patient00134/study2/view1_frontal.dcm,data/raw/chexpert_plus/dicom_train/patient00134/study2/view1_frontal.dcm,/home/jovyan/Desktop/MEDAGENT-X/outputs/chexpert_plus/convnext_features/patient00134_study2_view1_frontal.npz,ok,,2048,2494,MONOCHROME1,AP,"(768, 7, 7)","(768,)"
patient00134/study5,patient00134,train,71.0,Male,patient00134/study5/view1_frontal.dcm,data/raw/chexpert_plus/dicom_train/patient00134/study5/view1_frontal.dcm,/home/jovyan/Desktop/MEDAGENT-X/outputs/chexpert_plus/convnext_features/patient00134_study5_view1_frontal.npz,ok,,2022,1971,MONOCHROME2,PA,"(768, 7, 7)","(768,)"
patient00134/study5,patient00134,train,71.0,Male,patient00134/study5/view2_lateral.dcm,data/raw/chexpert_plus/dicom_train/patient00134/study5/view2_lateral.dcm,/home/jovyan/Desktop/MEDAGENT-X/outputs/chexpert_plus/convnext_features/patient00134_study5_view2_lateral.npz,ok,,2022,1731,MONOCHROME2,LL,"(768, 7, 7)","(768,)"
patient00134/study6,patient00134,train,71.0,Male,patient00134/study6/view1_frontal.dcm,data/raw/chexpert_plus/dicom_train/patient00134/study6/view1_frontal.dcm,/home/jovyan/Desktop/MEDAGENT-X/outputs/chexpert_plus/convnext_features/patient00134_study6_view1_frontal.npz,ok,,2048,2494,MONOCHROME1,AP,"(768, 7, 7)","(768,)"
patient00134/study1,patient00134,train,71.0,Male,patient00134/study1/view1_frontal.dcm,data/raw/chexpert_plus/dicom_train/patient00134/study1/view1_frontal.dcm,/home/jovyan/Desktop/MEDAGENT-X/outputs/chexpert_plus/convnext_features/patient00134_study1_view1_frontal.npz,ok,,2016,1981,MONOCHROME2,PA,"(768, 7, 7)","(768,)"
patient00134/study1,patient00134,train,71.0,Male,patient00134/study1/view2_lateral.dcm,data/raw/chexpert_plus/dicom_train/patient00134/study1/view2_lateral.dcm,/home/jovyan/Desktop/MEDAGENT-X/outputs/chexpert_plus/convnext_features/patient00134_study1_view2_lateral.npz,ok,,2016,1741,MONOCHROME2,LL,"(768, 7, 7)","(768,)"
patient00134/study7,patient00134,train,71.0,Male,patient00134/study7/view1_frontal.dcm,data/raw/chexpert_plus/dicom_train/patient00134/study7/view1_frontal.dcm,/home/jovyan/Desktop/MEDAGENT-X/outputs/chexpert_plus/convnext_features/patient00134_study7_view1_frontal.npz,ok,,2320,2828,MONOCHROME1,AP,"(768, 7, 7)","(768,)"
patient00134/study3,patient00134,train,71.0,Male,patient00134/study3/view1_frontal.dcm,data/raw/chexpert_plus/dicom_train/patient00134/study3/view1_frontal.dcm,/home/jovyan/Desktop/MEDAGENT-X/outputs/chexpert_plus/convnext_features/patient00134_study3_view1_frontal.npz,ok,,2320,2828,MONOCHROME1,AP,"(768, 7, 7)","(768,)"
patient00136/study3,patient00136,train,89.0,Male,patient00136/study3/view1_frontal.dcm,data/raw/chexpert_plus/dicom_train/patient00136/study3/view1_frontal.dcm,/home/jovyan/Desktop/MEDAGENT-X/outputs/chexpert_plus/convnext_features/patient00136_study3_view1_frontal.npz,ok,,2320,2828,MONOCHROME1,AP,"(768, 7, 7)","(768,)"
patient00136/study1,patient00136,train,89.0,Male,patient00136/study1/view1_frontal.dcm,data/raw/chexpert_plus/dicom_train/patient00136/study1/view1_frontal.dcm,/home/jovyan/Desktop/MEDAGENT-X/outputs/chexpert_plus/convnext_features/patient00136_study1_view1_frontal.npz,ok,,2022,2022,MONOCHROME2,PA,"(768, 7, 7)","(768,)"
patient00136/study1,patient00136,train,89.0,Male,patient00136/study1/view2_lateral.dcm,data/raw/chexpert_plus/dicom_train/patient00136/study1/view2_lateral.dcm,/home/jovyan/Desktop/MEDAGENT-X/outputs/chexpert_plus/convnext_features/patient00136_study1_view2_lateral.npz,ok,,2022,2022,MONOCHROME2,LL,"(768, 7, 7)","(768,)"
patient00136/study2,patient00136,train,89.0,Male,patient00136/study2/view1_frontal.dcm,data/raw/chexpert_plus/dicom_train/patient00136/study2/view1_frontal.dcm,/home/jovyan/Desktop/MEDAGENT-X/outputs/chexpert_plus/convnext_features/patient00136_study2_view1_frontal.npz,ok,,2320,2828,MONOCHROME1,AP,"(768, 7, 7)","(768,)"
patient00136/study2,patient00136,train,89.0,Male,patient00136/study2/view2_frontal.dcm,data/raw/chexpert_plus/dicom_train/patient00136/study2/view2_frontal.dcm,/home/jovyan/Desktop/MEDAGENT-X/outputs/chexpert_plus/convnext_features/patient00136_study2_view2_frontal.npz,ok,,2320,2828,MONOCHROME1,AP,"(768, 7, 7)","(768,)"
patient00138/study2,patient00138,train,61.0,Male,patient00138/study2/view1_frontal.dcm,data/raw/chexpert_plus/dicom_train/patient00138/study2/view1_frontal.dcm,/home/jovyan/Desktop/MEDAGENT-X/outputs/chexpert_plus/convnext_features/patient00138_study2_view1_frontal.npz,ok,,2320,2828,MONOCHROME1,AP,"(768, 7, 7)","(768,)"
patient00138/study6,patient00138,train,61.0,Male,patient00138/study6/view1_frontal.dcm,data/raw/chexpert_plus/dicom_train/patient00138/study6/view1_frontal.dcm,/home/jovyan/Desktop/MEDAGENT-X/outputs/chexpert_plus/convnext_features/patient00138_study6_view1_frontal.npz,ok,,2320,2828,MONOCHROME1,AP,"(768, 7, 7)","(768,)"
patient00138/study5,patient00138,train,61.0,Male,patient00138/study5/view2_lateral.dcm,data/raw/chexpert_plus/dicom_train/patient00138/study5/view2_lateral.dcm,/home/jovyan/Desktop/MEDAGENT-X/outputs/chexpert_plus/convnext_features/patient00138_study5_view2_lateral.npz,ok,,2016,1741,MONOCHROME2,LL,"(768, 7, 7)","(768,)"
patient00138/study5,patient00138,train,61.0,Male,patient00138/study5/view1_frontal.dcm,data/raw/chexpert_plus/dicom_train/patient00138/study5/view1_frontal.dcm,/home/jovyan/Desktop/MEDAGENT-X/outputs/chexpert_plus/convnext_features/patient00138_study5_view1_frontal.npz,ok,,1741,2022,MONOCHROME2,PA,"(768, 7, 7)","(768,)"
patient00138/study3,patient00138,train,61.0,Male,patient00138/study3/view1_frontal.dcm,data/raw/chexpert_plus/dicom_train/patient00138/study3/view1_frontal.dcm,/home/jovyan/Desktop/MEDAGENT-X/outputs/chexpert_plus/convnext_features/patient00138_study3_view1_frontal.npz,ok,,2320,2828,MONOCHROME1,AP,"(768, 7, 7)","(768,)"
patient00138/study1,patient00138,train,61.0,Male,patient00138/study1/view1_frontal.dcm,data/raw/chexpert_plus/dicom_train/patient00138/study1/view1_frontal.dcm,/home/jovyan/Desktop/MEDAGENT-X/outputs/chexpert_plus/convnext_features/patient00138_study1_view1_frontal.npz,ok,,2320,2828,MONOCHROME1,AP,"(768, 7, 7)","(768,)"
patient00138/study4,patient00138,train,61.0,Male,patient00138/study4/view1_frontal.dcm,data/raw/chexpert_plus/dicom_train/patient00138/study4/view1_frontal.dcm,/home/jovyan/Desktop/MEDAGENT-X/outputs/chexpert_plus/convnext_features/patient00138_study4_view1_frontal.npz,ok,,2320,2828,MONOCHROME1,AP,"(768, 7, 7)","(768,)"
patient00138/study8,patient00138,train,61.0,Male,patient00138/study8/view1_frontal.dcm,data/raw/chexpert_plus/dicom_train/patient00138/study8/view1_frontal.dcm,/home/jovyan/Desktop/MEDAGENT-X/outputs/chexpert_plus/convnext_features/patient00138_study8_view1_frontal.npz,ok,,2320,2828,MONOCHROME1,AP,"(768, 7, 7)","(768,)"
patient00138/study7,patient00138,train,61.0,Male,patient00138/study7/view1_frontal.dcm,data/raw/chexpert_plus/dicom_train/patient00138/study7/view1_frontal.dcm,/home/jovyan/Desktop/MEDAGENT-X/outputs/chexpert_plus/convnext_features/patient00138_study7_view1_frontal.npz,ok,,2320,2828,MONOCHROME1,AP,"(768, 7, 7)","(768,)"
patient00146/study18,patient00146,train,74.0,Female,patient00146/study18/view1_frontal.dcm,data/raw/chexpert_plus/dicom_train/patient00146/study18/view1_frontal.dcm,/home/jovyan/Desktop/MEDAGENT-X/outputs/chexpert_plus/convnext_features/patient00146_study18_view1_frontal.npz,ok,,2320,2828,MONOCHROME1,AP,"(768, 7, 7)","(768,)"
patient00146/study13,patient00146,train,74.0,Female,patient00146/study13/view1_frontal.dcm,data/raw/chexpert_plus/dicom_train/patient00146/study13/view1_frontal.dcm,/home/jovyan/Desktop/MEDAGENT-X/outputs/chexpert_plus/convnext_features/patient00146_study13_view1_frontal.npz,ok,,2320,2828,MONOCHROME1,AP,"(768, 7, 7)","(768,)"
patient00146/study30,patient00146,train,74.0,Female,patient00146/study30/view1_frontal.dcm,data/raw/chexpert_plus/dicom_train/patient00146/study30/view1_frontal.dcm,/home/jovyan/Desktop/MEDAGENT-X/outputs/chexpert_plus/convnext_features/patient00146_study30_view1_frontal.npz,ok,,2320,2828,MONOCHROME1,AP,"(768, 7, 7)","(768,)"
patient00146/study21,patient00146,train,74.0,Female,patient00146/study21/view1_frontal.dcm,data/raw/chexpert_plus/dicom_train/patient00146/study21/view1_frontal.dcm,/home/jovyan/Desktop/MEDAGENT-X/outputs/chexpert_plus/convnext_features/patient00146_study21_view1_frontal.npz,ok,,2320,2828,MONOCHROME1,AP,"(768, 7, 7)","(768,)"
patient00146/study16,patient00146,train,74.0,Female,patient00146/study16/view1_frontal.dcm,data/raw/chexpert_plus/dicom_train/patient00146/study16/view1_frontal.dcm,/home/jovyan/Desktop/MEDAGENT-X/outputs/chexpert_plus/convnext_features/patient00146_study16_view1_frontal.npz,ok,,2320,2828,MONOCHROME1,AP,"(768, 7, 7)","(768,)"
patient00146/study19,patient00146,train,74.0,Female,patient00146/study19/view1_frontal.dcm,data/raw/chexpert_plus/dicom_train/patient00146/study19/view1_frontal.dcm,/home/jovyan/Desktop/MEDAGENT-X/outputs/chexpert_plus/convnext_features/patient00146_study19_view1_frontal.npz,ok,,2320,2828,MONOCHROME1,AP,"(768, 7, 7)","(768,)"
patient00146/study2,patient00146,train,74.0,Female,patient00146/study2/view1_frontal.dcm,data/raw/chexpert_plus/dicom_train/patient00146/study2/view1_frontal.dcm,/home/jovyan/Desktop/MEDAGENT-X/outputs/chexpert_plus/convnext_features/patient00146_study2_view1_frontal.npz,ok,,2320,2828,MONOCHROME1,AP,"(768, 7, 7)","(768,)"
patient00146/study14,patient00146,train,74.0,Female,patient00146/study14/view1_frontal.dcm,data/raw/chexpert_plus/dicom_train/patient00146/study14/view1_frontal.dcm,/home/jovyan/Desktop/MEDAGENT-X/outputs/chexpert_plus/convnext_features/patient00146_study14_view1_frontal.npz,ok,,2320,2828,MONOCHROME1,AP,"(768, 7, 7)","(768,)"
patient00146/study27,patient00146,train,74.0,Female,patient00146/study27/view1_frontal.dcm,data/raw/chexpert_plus/dicom_train/patient00146/study27/view1_frontal.dcm,/home/jovyan/Desktop/MEDAGENT-X/outputs/chexpert_plus/convnext_features/patient00146_study27_view1_frontal.npz,ok,,2320,2828,MONOCHROME1,AP,"(768, 7, 7)","(768,)"
patient00146/study1,patient00146,train,74.0,Female,patient00146/study1/view1_frontal.dcm,data/raw/chexpert_plus/dicom_train/patient00146/study1/view1_frontal.dcm,/home/jovyan/Desktop/MEDAGENT-X/outputs/chexpert_plus/convnext_features/patient00146_study1_view1_frontal.npz,ok,,2320,2828,MONOCHROME1,AP,"(768, 7, 7)","(768,)"
patient00146/study9,patient00146,train,74.0,Female,patient00146/study9/view1_frontal.dcm,data/raw/chexpert_plus/dicom_train/patient00146/study9/view1_frontal.dcm,/home/jovyan/Desktop/MEDAGENT-X/outputs/chexpert_plus/convnext_features/patient00146_study9_view1_frontal.npz,ok,,2320,2828,MONOCHROME1,AP,"(768, 7, 7)","(768,)"
patient00146/study25,patient00146,train,74.0,Female,patient00146/study25/view1_frontal.dcm,data/raw/chexpert_plus/dicom_train/patient00146/study25/view1_frontal.dcm,/home/jovyan/Desktop/MEDAGENT-X/outputs/chexpert_plus/convnext_features/patient00146_study25_view1_frontal.npz,ok,,2320,2828,MONOCHROME1,AP,"(768, 7, 7)","(768,)"
patient00146/study31,patient00146,train,74.0,Female,patient00146/study31/view1_frontal.dcm,data/raw/chexpert_plus/dicom_train/patient00146/study31/view1_frontal.dcm,/home/jovyan/Desktop/MEDAGENT-X/outputs/chexpert_plus/convnext_features/patient00146_study31_view1_frontal.npz,ok,,2320,2828,MONOCHROME1,AP,"(768, 7, 7)","(768,)"
patient00146/study26,patient00146,train,74.0,Female,patient00146/study26/view1_frontal.dcm,data/raw/chexpert_plus/dicom_train/patient00146/study26/view1_frontal.dcm,/home/jovyan/Desktop/MEDAGENT-X/outputs/chexpert_plus/convnext_features/patient00146_study26_view1_frontal.npz,ok,,2320,2828,MONOCHROME1,AP,"(768, 7, 7)","(768,)"
patient00146/study29,patient00146,train,74.0,Female,patient00146/study29/view1_frontal.dcm,data/raw/chexpert_plus/dicom_train/patient00146/study29/view1_frontal.dcm,/home/jovyan/Desktop/MEDAGENT-X/outputs/chexpert_plus/convnext_features/patient00146_study29_view1_frontal.npz,ok,,2320,2828,MONOCHROME1,AP,"(768, 7, 7)","(768,)"
patient00146/study8,patient00146,train,74.0,Female,patient00146/study8/view1_frontal.dcm,data/raw/chexpert_plus/dicom_train/patient00146/study8/view1_frontal.dcm,/home/jovyan/Desktop/MEDAGENT-X/outputs/chexpert_plus/convnext_features/patient00146_study8_view1_frontal.npz,ok,,2048,2494,MONOCHROME1,AP,"(768, 7, 7)","(768,)"
patient00146/study4,patient00146,train,74.0,Female,patient00146/study4/view1_frontal.dcm,data/raw/chexpert_plus/dicom_train/patient00146/study4/view1_frontal.dcm,/home/jovyan/Desktop/MEDAGENT-X/outputs/chexpert_plus/convnext_features/patient00146_study4_view1_frontal.npz,ok,,2320,2828,MONOCHROME1,AP,"(768, 7, 7)","(768,)"
patient00146/study6,patient00146,train,74.0,Female,patient00146/study6/view1_frontal.dcm,data/raw/chexpert_plus/dicom_train/patient00146/study6/view1_frontal.dcm,/home/jovyan/Desktop/MEDAGENT-X/outputs/chexpert_plus/convnext_features/patient00146_study6_view1_frontal.npz,ok,,2320,2828,MONOCHROME1,AP,"(768, 7, 7)","(768,)"
patient00146/study12,patient00146,train,74.0,Female,patient00146/study12/view1_frontal.dcm,data/raw/chexpert_plus/dicom_train/patient00146/study12/view1_frontal.dcm,/home/jovyan/Desktop/MEDAGENT-X/outputs/chexpert_plus/convnext_features/patient00146_study12_view1_frontal.npz,ok,,2320,2828,MONOCHROME1,PA,"(768, 7, 7)","(768,)"
patient00146/study28,patient00146,train,74.0,Female,patient00146/study28/view1_frontal.dcm,data/raw/chexpert_plus/dicom_train/patient00146/study28/view1_frontal.dcm,/home/jovyan/Desktop/MEDAGENT-X/outputs/chexpert_plus/convnext_features/patient00146_study28_view1_frontal.npz,ok,,2320,2828,MONOCHROME1,AP,"(768, 7, 7)","(768,)"
patient00146/study3,patient00146,train,74.0,Female,patient00146/study3/view1_frontal.dcm,data/raw/chexpert_plus/dicom_train/patient00146/study3/view1_frontal.dcm,/home/jovyan/Desktop/MEDAGENT-X/outputs/chexpert_plus/convnext_features/patient00146_study3_view1_frontal.npz,ok,,2320,2828,MONOCHROME1,AP,"(768, 7, 7)","(768,)"
patient00146/study20,patient00146,train,74.0,Female,patient00146/study20/view1_frontal.dcm,data/raw/chexpert_plus/dicom_train/patient00146/study20/view1_frontal.dcm,/home/jovyan/Desktop/MEDAGENT-X/outputs/chexpert_plus/convnext_features/patient00146_study20_view1_frontal.npz,ok,,2320,2828,MONOCHROME1,AP,"(768, 7, 7)","(768,)"
patient00146/study22,patient00146,train,74.0,Female,patient00146/study22/view1_frontal.dcm,data/raw/chexpert_plus/dicom_train/patient00146/study22/view1_frontal.dcm,/home/jovyan/Desktop/MEDAGENT-X/outputs/chexpert_plus/convnext_features/patient00146_study22_view1_frontal.npz,ok,,2320,2828,MONOCHROME1,AP,"(768, 7, 7)","(768,)"
patient00146/study10,patient00146,train,74.0,Female,patient00146/study10/view1_frontal.dcm,data/raw/chexpert_plus/dicom_train/patient00146/study10/view1_frontal.dcm,/home/jovyan/Desktop/MEDAGENT-X/outputs/chexpert_plus/convnext_features/patient00146_study10_view1_frontal.npz,ok,,2320,2828,MONOCHROME1,AP,"(768, 7, 7)","(768,)"
patient00146/study7,patient00146,train,74.0,Female,patient00146/study7/view1_frontal.dcm,data/raw/chexpert_plus/dicom_train/patient00146/study7/view1_frontal.dcm,/home/jovyan/Desktop/MEDAGENT-X/outputs/chexpert_plus/convnext_features/patient00146_study7_view1_frontal.npz,ok,,2320,2828,MONOCHROME1,AP,"(768, 7, 7)","(768,)"
patient00146/study23,patient00146,train,74.0,Female,patient00146/study23/view1_frontal.dcm,data/raw/chexpert_plus/dicom_train/patient00146/study23/view1_frontal.dcm,/home/jovyan/Desktop/MEDAGENT-X/outputs/chexpert_plus/convnext_features/patient00146_study23_view1_frontal.npz,ok,,2320,2828,MONOCHROME1,AP,"(768, 7, 7)","(768,)"
patient00146/study5,patient00146,train,74.0,Female,patient00146/study5/view1_frontal.dcm,data/raw/chexpert_plus/dicom_train/patient00146/study5/view1_frontal.dcm,/home/jovyan/Desktop/MEDAGENT-X/outputs/chexpert_plus/convnext_features/patient00146_study5_view1_frontal.npz,ok,,2320,2828,MONOCHROME1,AP,"(768, 7, 7)","(768,)"
patient00146/study11,patient00146,train,74.0,Female,patient00146/study11/view1_frontal.dcm,data/raw/chexpert_plus/dicom_train/patient00146/study11/view1_frontal.dcm,/home/jovyan/Desktop/MEDAGENT-X/outputs/chexpert_plus/convnext_features/patient00146_study11_view1_frontal.npz,ok,,2320,2828,MONOCHROME1,AP,"(768, 7, 7)","(768,)"
patient00146/study15,patient00146,train,74.0,Female,patient00146/study15/view1_frontal.dcm,data/raw/chexpert_plus/dicom_train/patient00146/study15/view1_frontal.dcm,/home/jovyan/Desktop/MEDAGENT-X/outputs/chexpert_plus/convnext_features/patient00146_study15_view1_frontal.npz,ok,,2320,2828,MONOCHROME1,AP,"(768, 7, 7)","(768,)"
patient00146/study24,patient00146,train,74.0,Female,patient00146/study24/view1_frontal.dcm,data/raw/chexpert_plus/dicom_train/patient00146/study24/view1_frontal.dcm,/home/jovyan/Desktop/MEDAGENT-X/outputs/chexpert_plus/convnext_features/patient00146_study24_view1_frontal.npz,ok,,2320,2828,MONOCHROME1,AP,"(768, 7, 7)","(768,)"
patient00146/study17,patient00146,train,74.0,Female,patient00146/study17/view1_frontal.dcm,data/raw/chexpert_plus/dicom_train/patient00146/study17/view1_frontal.dcm,/home/jovyan/Desktop/MEDAGENT-X/outputs/chexpert_plus/convnext_features/patient00146_study17_view1_frontal.npz,ok,,2320,2828,MONOCHROME1,AP,"(768, 7, 7)","(768,)"
patient00147/study1,patient00147,train,52.0,Male,patient00147/study1/view1_frontal.dcm,data/raw/chexpert_plus/dicom_train/patient00147/study1/view1_frontal.dcm,/home/jovyan/Desktop/MEDAGENT-X/outputs/chexpert_plus/convnext_features/patient00147_study1_view1_frontal.npz,ok,,2048,2494,MONOCHROME1,AP,"(768, 7, 7)","(768,)"
patient00147/study9,patient00147,train,52.0,Male,patient00147/study9/view1_frontal.dcm,data/raw/chexpert_plus/dicom_train/patient00147/study9/view1_frontal.dcm,/home/jovyan/Desktop/MEDAGENT-X/outputs/chexpert_plus/convnext_features/patient00147_study9_view1_frontal.npz,ok,,2320,2828,MONOCHROME1,AP,"(768, 7, 7)","(768,)"
patient00147/study14,patient00147,train,52.0,Male,patient00147/study14/view1_frontal.dcm,data/raw/chexpert_plus/dicom_train/patient00147/study14/view1_frontal.dcm,/home/jovyan/Desktop/MEDAGENT-X/outputs/chexpert_plus/convnext_features/patient00147_study14_view1_frontal.npz,ok,,2320,2828,MONOCHROME1,AP,"(768, 7, 7)","(768,)"
patient00147/study11,patient00147,train,52.0,Male,patient00147/study11/view1_frontal.dcm,data/raw/chexpert_plus/dicom_train/patient00147/study11/view1_frontal.dcm,/home/jovyan/Desktop/MEDAGENT-X/outputs/chexpert_plus/convnext_features/patient00147_study11_view1_frontal.npz,ok,,2320,2828,MONOCHROME1,AP,"(768, 7, 7)","(768,)"
patient00147/study13,patient00147,train,52.0,Male,patient00147/study13/view1_frontal.dcm,data/raw/chexpert_plus/dicom_train/patient00147/study13/view1_frontal.dcm,/home/jovyan/Desktop/MEDAGENT-X/outputs/chexpert_plus/convnext_features/patient00147_study13_view1_frontal.npz,ok,,2320,2828,MONOCHROME1,AP,"(768, 7, 7)","(768,)"
patient00147/study6,patient00147,train,52.0,Male,patient00147/study6/view1_frontal.dcm,data/raw/chexpert_plus/dicom_train/patient00147/study6/view1_frontal.dcm,/home/jovyan/Desktop/MEDAGENT-X/outputs/chexpert_plus/convnext_features/patient00147_study6_view1_frontal.npz,ok,,2320,2828,MONOCHROME1,AP,"(768, 7, 7)","(768,)"
patient00147/study7,patient00147,train,52.0,Male,patient00147/study7/view1_frontal.dcm,data/raw/chexpert_plus/dicom_train/patient00147/study7/view1_frontal.dcm,/home/jovyan/Desktop/MEDAGENT-X/outputs/chexpert_plus/convnext_features/patient00147_study7_view1_frontal.npz,ok,,2320,2828,MONOCHROME1,AP,"(768, 7, 7)","(768,)"
patient00147/study3,patient00147,train,52.0,Male,patient00147/study3/view1_frontal.dcm,data/raw/chexpert_plus/dicom_train/patient00147/study3/view1_frontal.dcm,/home/jovyan/Desktop/MEDAGENT-X/outputs/chexpert_plus/convnext_features/patient00147_study3_view1_frontal.npz,ok,,2320,2828,MONOCHROME1,AP,"(768, 7, 7)","(768,)"
patient00147/study8,patient00147,train,52.0,Male,patient00147/study8/view1_frontal.dcm,data/raw/chexpert_plus/dicom_train/patient00147/study8/view1_frontal.dcm,/home/jovyan/Desktop/MEDAGENT-X/outputs/chexpert_plus/convnext_features/patient00147_study8_view1_frontal.npz,ok,,2320,2828,MONOCHROME1,AP,"(768, 7, 7)","(768,)"
patient00147/study12,patient00147,train,52.0,Male,patient00147/study12/view1_frontal.dcm,data/raw/chexpert_plus/dicom_train/patient00147/study12/view1_frontal.dcm,/home/jovyan/Desktop/MEDAGENT-X/outputs/chexpert_plus/convnext_features/patient00147_study12_view1_frontal.npz,ok,,2320,2828,MONOCHROME1,AP,"(768, 7, 7)","(768,)"
patient00147/study5,patient00147,train,52.0,Male,patient00147/study5/view1_frontal.dcm,data/raw/chexpert_plus/dicom_train/patient00147/study5/view1_frontal.dcm,/home/jovyan/Desktop/MEDAGENT-X/outputs/chexpert_plus/convnext_features/patient00147_study5_view1_frontal.npz,ok,,2320,2828,MONOCHROME1,AP,"(768, 7, 7)","(768,)"
patient00147/study15,patient00147,train,52.0,Male,patient00147/study15/view1_frontal.dcm,data/raw/chexpert_plus/dicom_train/patient00147/study15/view1_frontal.dcm,/home/jovyan/Desktop/MEDAGENT-X/outputs/chexpert_plus/convnext_features/patient00147_study15_view1_frontal.npz,ok,,2320,2828,MONOCHROME1,AP,"(768, 7, 7)","(768,)"
patient00147/study10,patient00147,train,52.0,Male,patient00147/study10/view1_frontal.dcm,data/raw/chexpert_plus/dicom_train/patient00147/study10/view1_frontal.dcm,/home/jovyan/Desktop/MEDAGENT-X/outputs/chexpert_plus/convnext_features/patient00147_study10_view1_frontal.npz,ok,,2320,2828,MONOCHROME1,AP,"(768, 7, 7)","(768,)"
patient00147/study2,patient00147,train,52.0,Male,patient00147/study2/view1_frontal.dcm,data/raw/chexpert_plus/dicom_train/patient00147/study2/view1_frontal.dcm,/home/jovyan/Desktop/MEDAGENT-X/outputs/chexpert_plus/convnext_features/patient00147_study2_view1_frontal.npz,ok,,2048,2494,MONOCHROME1,AP,"(768, 7, 7)","(768,)"
patient00147/study4,patient00147,train,52.0,Male,patient00147/study4/view1_frontal.dcm,data/raw/chexpert_plus/dicom_train/patient00147/study4/view1_frontal.dcm,/home/jovyan/Desktop/MEDAGENT-X/outputs/chexpert_plus/convnext_features/patient00147_study4_view1_frontal.npz,ok,,2048,2494,MONOCHROME1,AP,"(768, 7, 7)","(768,)"
patient00150/study1,patient00150,train,61.0,Male,patient00150/study1/view1_frontal.dcm,data/raw/chexpert_plus/dicom_train/patient00150/study1/view1_frontal.dcm,/home/jovyan/Desktop/MEDAGENT-X/outputs/chexpert_plus/convnext_features/patient00150_study1_view1_frontal.npz,ok,,2320,2828,MONOCHROME1,AP,"(768, 7, 7)","(768,)"
patient00150/study3,patient00150,train,61.0,Male,patient00150/study3/view1_frontal.dcm,data/raw/chexpert_plus/dicom_train/patient00150/study3/view1_frontal.dcm,/home/jovyan/Desktop/MEDAGENT-X/outputs/chexpert_plus/convnext_features/patient00150_study3_view1_frontal.npz,ok,,2320,2828,MONOCHROME1,AP,"(768, 7, 7)","(768,)"
patient00150/study2,patient00150,train,61.0,Male,patient00150/study2/view1_frontal.dcm,data/raw/chexpert_plus/dicom_train/patient00150/study2/view1_frontal.dcm,/home/jovyan/Desktop/MEDAGENT-X/outputs/chexpert_plus/convnext_features/patient00150_study2_view1_frontal.npz,ok,,2320,2828,MONOCHROME1,AP,"(768, 7, 7)","(768,)"
patient00157/study1,patient00157,train,61.0,Female,patient00157/study1/view1_frontal.dcm,data/raw/chexpert_plus/dicom_train/patient00157/study1/view1_frontal.dcm,/home/jovyan/Desktop/MEDAGENT-X/outputs/chexpert_plus/convnext_features/patient00157_study1_view1_frontal.npz,ok,,2320,2828,MONOCHROME1,PA,"(768, 7, 7)","(768,)"
patient00157/study1,patient00157,train,61.0,Female,patient00157/study1/view3_lateral.dcm,data/raw/chexpert_plus/dicom_train/patient00157/study1/view3_lateral.dcm,/home/jovyan/Desktop/MEDAGENT-X/outputs/chexpert_plus/convnext_features/patient00157_study1_view3_lateral.npz,ok,,2828,2320,MONOCHROME1,PA,"(768, 7, 7)","(768,)"
patient00157/study1,patient00157,train,61.0,Female,patient00157/study1/view2_lateral.dcm,data/raw/chexpert_plus/dicom_train/patient00157/study1/view2_lateral.dcm,/home/jovyan/Desktop/MEDAGENT-X/outputs/chexpert_plus/convnext_features/patient00157_study1_view2_lateral.npz,ok,,2828,2320,MONOCHROME1,PA,"(768, 7, 7)","(768,)"
patient00159/study1,patient00159,train,37.0,Male,patient00159/study1/view1_frontal.dcm,data/raw/chexpert_plus/dicom_train/patient00159/study1/view1_frontal.dcm,/home/jovyan/Desktop/MEDAGENT-X/outputs/chexpert_plus/convnext_features/patient00159_study1_view1_frontal.npz,ok,,2320,2828,MONOCHROME1,PA,"(768, 7, 7)","(768,)"
patient00159/study1,patient00159,train,37.0,Male,patient00159/study1/view2_lateral.dcm,data/raw/chexpert_plus/dicom_train/patient00159/study1/view2_lateral.dcm,/home/jovyan/Desktop/MEDAGENT-X/outputs/chexpert_plus/convnext_features/patient00159_study1_view2_lateral.npz,ok,,2828,2320,MONOCHROME1,LL,"(768, 7, 7)","(768,)"
patient00162/study1,patient00162,train,47.0,Female,patient00162/study1/view1_frontal.dcm,data/raw/chexpert_plus/dicom_train/patient00162/study1/view1_frontal.dcm,/home/jovyan/Desktop/MEDAGENT-X/outputs/chexpert_plus/convnext_features/patient00162_study1_view1_frontal.npz,ok,,2022,2022,MONOCHROME2,PA,"(768, 7, 7)","(768,)"
patient00162/study1,patient00162,train,47.0,Female,patient00162/study1/view2_lateral.dcm,data/raw/chexpert_plus/dicom_train/patient00162/study1/view2_lateral.dcm,/home/jovyan/Desktop/MEDAGENT-X/outputs/chexpert_plus/convnext_features/patient00162_study1_view2_lateral.npz,ok,,2022,2022,MONOCHROME2,PA,"(768, 7, 7)","(768,)"
patient00163/study1,patient00163,train,38.0,Male,patient00163/study1/view1_frontal.dcm,data/raw/chexpert_plus/dicom_train/patient00163/study1/view1_frontal.dcm,/home/jovyan/Desktop/MEDAGENT-X/outputs/chexpert_plus/convnext_features/patient00163_study1_view1_frontal.npz,ok,,2014,1998,MONOCHROME2,PA,"(768, 7, 7)","(768,)"
patient00163/study1,patient00163,train,38.0,Male,patient00163/study1/view2_lateral.dcm,data/raw/chexpert_plus/dicom_train/patient00163/study1/view2_lateral.dcm,/home/jovyan/Desktop/MEDAGENT-X/outputs/chexpert_plus/convnext_features/patient00163_study1_view2_lateral.npz,ok,,2014,2014,MONOCHROME2,LL,"(768, 7, 7)","(768,)"
patient00166/study1,patient00166,train,80.0,Male,patient00166/study1/view2_lateral.dcm,data/raw/chexpert_plus/dicom_train/patient00166/study1/view2_lateral.dcm,/home/jovyan/Desktop/MEDAGENT-X/outputs/chexpert_plus/convnext_features/patient00166_study1_view2_lateral.npz,ok,,2021,1751,MONOCHROME2,LL,"(768, 7, 7)","(768,)"
patient00166/study1,patient00166,train,80.0,Male,patient00166/study1/view1_frontal.dcm,data/raw/chexpert_plus/dicom_train/patient00166/study1/view1_frontal.dcm,/home/jovyan/Desktop/MEDAGENT-X/outputs/chexpert_plus/convnext_features/patient00166_study1_view1_frontal.npz,ok,,2022,1981,MONOCHROME2,PA,"(768, 7, 7)","(768,)"
patient00170/study5,patient00170,train,42.0,Male,patient00170/study5/view1_frontal.dcm,data/raw/chexpert_plus/dicom_train/patient00170/study5/view1_frontal.dcm,/home/jovyan/Desktop/MEDAGENT-X/outputs/chexpert_plus/convnext_features/patient00170_study5_view1_frontal.npz,ok,,2320,2828,MONOCHROME1,AP,"(768, 7, 7)","(768,)"
patient00170/study2,patient00170,train,42.0,Male,patient00170/study2/view1_frontal.dcm,data/raw/chexpert_plus/dicom_train/patient00170/study2/view1_frontal.dcm,/home/jovyan/Desktop/MEDAGENT-X/outputs/chexpert_plus/convnext_features/patient00170_study2_view1_frontal.npz,ok,,2320,2828,MONOCHROME1,AP,"(768, 7, 7)","(768,)"
patient00170/study4,patient00170,train,42.0,Male,patient00170/study4/view1_frontal.dcm,data/raw/chexpert_plus/dicom_train/patient00170/study4/view1_frontal.dcm,/home/jovyan/Desktop/MEDAGENT-X/outputs/chexpert_plus/convnext_features/patient00170_study4_view1_frontal.npz,ok,,2320,2828,MONOCHROME1,AP,"(768, 7, 7)","(768,)"
patient00170/study1,patient00170,train,42.0,Male,patient00170/study1/view1_frontal.dcm,data/raw/chexpert_plus/dicom_train/patient00170/study1/view1_frontal.dcm,/home/jovyan/Desktop/MEDAGENT-X/outputs/chexpert_plus/convnext_features/patient00170_study1_view1_frontal.npz,ok,,2320,2828,MONOCHROME1,AP,"(768, 7, 7)","(768,)"
patient00170/study7,patient00170,train,42.0,Male,patient00170/study7/view1_frontal.dcm,data/raw/chexpert_plus/dicom_train/patient00170/study7/view1_frontal.dcm,/home/jovyan/Desktop/MEDAGENT-X/outputs/chexpert_plus/convnext_features/patient00170_study7_view1_frontal.npz,ok,,2320,2828,MONOCHROME1,AP,"(768, 7, 7)","(768,)"
patient00170/study10,patient00170,train,42.0,Male,patient00170/study10/view1_frontal.dcm,data/raw/chexpert_plus/dicom_train/patient00170/study10/view1_frontal.dcm,/home/jovyan/Desktop/MEDAGENT-X/outputs/chexpert_plus/convnext_features/patient00170_study10_view1_frontal.npz,ok,,2320,2828,MONOCHROME1,AP,"(768, 7, 7)","(768,)"
patient00170/study3,patient00170,train,42.0,Male,patient00170/study3/view1_frontal.dcm,data/raw/chexpert_plus/dicom_train/patient00170/study3/view1_frontal.dcm,/home/jovyan/Desktop/MEDAGENT-X/outputs/chexpert_plus/convnext_features/patient00170_study3_view1_frontal.npz,ok,,2320,2828,MONOCHROME1,AP,"(768, 7, 7)","(768,)"
patient00170/study9,patient00170,train,42.0,Male,patient00170/study9/view1_frontal.dcm,data/raw/chexpert_plus/dicom_train/patient00170/study9/view1_frontal.dcm,/home/jovyan/Desktop/MEDAGENT-X/outputs/chexpert_plus/convnext_features/patient00170_study9_view1_frontal.npz,ok,,2320,2828,MONOCHROME1,AP,"(768, 7, 7)","(768,)"
patient00170/study8,patient00170,train,42.0,Male,patient00170/study8/view1_frontal.dcm,data/raw/chexpert_plus/dicom_train/patient00170/study8/view1_frontal.dcm,/home/jovyan/Desktop/MEDAGENT-X/outputs/chexpert_plus/convnext_features/patient00170_study8_view1_frontal.npz,ok,,2320,2828,MONOCHROME1,AP,"(768, 7, 7)","(768,)"
patient00170/study11,patient00170,train,42.0,Male,patient00170/study11/view1_frontal.dcm,data/raw/chexpert_plus/dicom_train/patient00170/study11/view1_frontal.dcm,/home/jovyan/Desktop/MEDAGENT-X/outputs/chexpert_plus/convnext_features/patient00170_study11_view1_frontal.npz,ok,,2320,2828,MONOCHROME1,PA,"(768, 7, 7)","(768,)"
patient00170/study11,patient00170,train,42.0,Male,patient00170/study11/view2_lateral.dcm,data/raw/chexpert_plus/dicom_train/patient00170/study11/view2_lateral.dcm,/home/jovyan/Desktop/MEDAGENT-X/outputs/chexpert_plus/convnext_features/patient00170_study11_view2_lateral.npz,ok,,2828,2320,MONOCHROME1,PA,"(768, 7, 7)","(768,)"
patient00170/study6,patient00170,train,42.0,Male,patient00170/study6/view1_frontal.dcm,data/raw/chexpert_plus/dicom_train/patient00170/study6/view1_frontal.dcm,/home/jovyan/Desktop/MEDAGENT-X/outputs/chexpert_plus/convnext_features/patient00170_study6_view1_frontal.npz,ok,,2320,2828,MONOCHROME1,AP,"(768, 7, 7)","(768,)"
patient00172/study3,patient00172,train,36.0,Male,patient00172/study3/view1_frontal.dcm,data/raw/chexpert_plus/dicom_train/patient00172/study3/view1_frontal.dcm,/home/jovyan/Desktop/MEDAGENT-X/outputs/chexpert_plus/convnext_features/patient00172_study3_view1_frontal.npz,ok,,2320,2828,MONOCHROME1,AP,"(768, 7, 7)","(768,)"
patient00172/study5,patient00172,train,36.0,Male,patient00172/study5/view1_frontal.dcm,data/raw/chexpert_plus/dicom_train/patient00172/study5/view1_frontal.dcm,/home/jovyan/Desktop/MEDAGENT-X/outputs/chexpert_plus/convnext_features/patient00172_study5_view1_frontal.npz,ok,,2320,2828,MONOCHROME1,AP,"(768, 7, 7)","(768,)"
patient00172/study4,patient00172,train,36.0,Male,patient00172/study4/view1_frontal.dcm,data/raw/chexpert_plus/dicom_train/patient00172/study4/view1_frontal.dcm,/home/jovyan/Desktop/MEDAGENT-X/outputs/chexpert_plus/convnext_features/patient00172_study4_view1_frontal.npz,ok,,2320,2828,MONOCHROME1,AP,"(768, 7, 7)","(768,)"
patient00172/study1,patient00172,train,36.0,Male,patient00172/study1/view1_frontal.dcm,data/raw/chexpert_plus/dicom_train/patient00172/study1/view1_frontal.dcm,/home/jovyan/Desktop/MEDAGENT-X/outputs/chexpert_plus/convnext_features/patient00172_study1_view1_frontal.npz,ok,,2320,2828,MONOCHROME1,AP,"(768, 7, 7)","(768,)"
patient00172/study2,patient00172,train,36.0,Male,patient00172/study2/view1_frontal.dcm,data/raw/chexpert_plus/dicom_train/patient00172/study2/view1_frontal.dcm,/home/jovyan/Desktop/MEDAGENT-X/outputs/chexpert_plus/convnext_features/patient00172_study2_view1_frontal.npz,ok,,2320,2828,MONOCHROME1,AP,"(768, 7, 7)","(768,)"
patient00177/study2,patient00177,train,84.0,Female,patient00177/study2/view1_frontal.dcm,data/raw/chexpert_plus/dicom_train/patient00177/study2/view1_frontal.dcm,/home/jovyan/Desktop/MEDAGENT-X/outputs/chexpert_plus/convnext_features/patient00177_study2_view1_frontal.npz,ok,,2320,2828,MONOCHROME1,AP,"(768, 7, 7)","(768,)"
patient00177/study3,patient00177,train,84.0,Female,patient00177/study3/view1_frontal.dcm,data/raw/chexpert_plus/dicom_train/patient00177/study3/view1_frontal.dcm,/home/jovyan/Desktop/MEDAGENT-X/outputs/chexpert_plus/convnext_features/patient00177_study3_view1_frontal.npz,ok,,2320,2828,MONOCHROME1,AP,"(768, 7, 7)","(768,)"
patient00177/study5,patient00177,train,84.0,Female,patient00177/study5/view1_frontal.dcm,data/raw/chexpert_plus/dicom_train/patient00177/study5/view1_frontal.dcm,/home/jovyan/Desktop/MEDAGENT-X/outputs/chexpert_plus/convnext_features/patient00177_study5_view1_frontal.npz,ok,,2320,2828,MONOCHROME1,AP,"(768, 7, 7)","(768,)"
patient00177/study4,patient00177,train,84.0,Female,patient00177/study4/view1_frontal.dcm,data/raw/chexpert_plus/dicom_train/patient00177/study4/view1_frontal.dcm,/home/jovyan/Desktop/MEDAGENT-X/outputs/chexpert_plus/convnext_features/patient00177_study4_view1_frontal.npz,ok,,2320,2828,MONOCHROME1,AP,"(768, 7, 7)","(768,)"
patient00177/study1,patient00177,train,84.0,Female,patient00177/study1/view1_frontal.dcm,data/raw/chexpert_plus/dicom_train/patient00177/study1/view1_frontal.dcm,/home/jovyan/Desktop/MEDAGENT-X/outputs/chexpert_plus/convnext_features/patient00177_study1_view1_frontal.npz,ok,,2048,2494,MONOCHROME1,AP,"(768, 7, 7)","(768,)"
patient00186/study1,patient00186,train,80.0,Male,patient00186/study1/view1_frontal.dcm,data/raw/chexpert_plus/dicom_train/patient00186/study1/view1_frontal.dcm,/home/jovyan/Desktop/MEDAGENT-X/outputs/chexpert_plus/convnext_features/patient00186_study1_view1_frontal.npz,ok,,2320,2828,MONOCHROME1,AP,"(768, 7, 7)","(768,)"
patient00186/study2,patient00186,train,80.0,Male,patient00186/study2/view1_frontal.dcm,data/raw/chexpert_plus/dicom_train/patient00186/study2/view1_frontal.dcm,/home/jovyan/Desktop/MEDAGENT-X/outputs/chexpert_plus/convnext_features/patient00186_study2_view1_frontal.npz,ok,,2320,2828,MONOCHROME1,AP,"(768, 7, 7)","(768,)"
patient00187/study1,patient00187,train,59.0,Female,patient00187/study1/view1_frontal.dcm,data/raw/chexpert_plus/dicom_train/patient00187/study1/view1_frontal.dcm,/home/jovyan/Desktop/MEDAGENT-X/outputs/chexpert_plus/convnext_features/patient00187_study1_view1_frontal.npz,ok,,2320,2828,MONOCHROME1,AP,"(768, 7, 7)","(768,)"
patient00190/study1,patient00190,train,76.0,Female,patient00190/study1/view1_frontal.dcm,data/raw/chexpert_plus/dicom_train/patient00190/study1/view1_frontal.dcm,/home/jovyan/Desktop/MEDAGENT-X/outputs/chexpert_plus/convnext_features/patient00190_study1_view1_frontal.npz,ok,,2320,2828,MONOCHROME1,AP,"(768, 7, 7)","(768,)"
patient00190/study1,patient00190,train,76.0,Female,patient00190/study1/view2_frontal.dcm,data/raw/chexpert_plus/dicom_train/patient00190/study1/view2_frontal.dcm,/home/jovyan/Desktop/MEDAGENT-X/outputs/chexpert_plus/convnext_features/patient00190_study1_view2_frontal.npz,ok,,2320,2828,MONOCHROME1,AP,"(768, 7, 7)","(768,)"
patient00190/study2,patient00190,train,76.0,Female,patient00190/study2/view1_frontal.dcm,data/raw/chexpert_plus/dicom_train/patient00190/study2/view1_frontal.dcm,/home/jovyan/Desktop/MEDAGENT-X/outputs/chexpert_plus/convnext_features/patient00190_study2_view1_frontal.npz,ok,,2320,2828,MONOCHROME1,AP,"(768, 7, 7)","(768,)"
patient00197/study1,patient00197,train,24.0,Male,patient00197/study1/view1_frontal.dcm,data/raw/chexpert_plus/dicom_train/patient00197/study1/view1_frontal.dcm,/home/jovyan/Desktop/MEDAGENT-X/outputs/chexpert_plus/convnext_features/patient00197_study1_view1_frontal.npz,ok,,2320,2828,MONOCHROME1,AP,"(768, 7, 7)","(768,)"
patient00201/study1,patient00201,train,45.0,Male,patient00201/study1/view1_frontal.dcm,data/raw/chexpert_plus/dicom_train/patient00201/study1/view1_frontal.dcm,/home/jovyan/Desktop/MEDAGENT-X/outputs/chexpert_plus/convnext_features/patient00201_study1_view1_frontal.npz,ok,,1751,2022,MONOCHROME2,PA,"(768, 7, 7)","(768,)"
patient00201/study1,patient00201,train,45.0,Male,patient00201/study1/view2_lateral.dcm,data/raw/chexpert_plus/dicom_train/patient00201/study1/view2_lateral.dcm,/home/jovyan/Desktop/MEDAGENT-X/outputs/chexpert_plus/convnext_features/patient00201_study1_view2_lateral.npz,ok,,2011,1751,MONOCHROME2,LL,"(768, 7, 7)","(768,)"
patient00201/study2,patient00201,train,45.0,Male,patient00201/study2/view1_frontal.dcm,data/raw/chexpert_plus/dicom_train/patient00201/study2/view1_frontal.dcm,/home/jovyan/Desktop/MEDAGENT-X/outputs/chexpert_plus/convnext_features/patient00201_study2_view1_frontal.npz,ok,,1751,2022,MONOCHROME2,PA,"(768, 7, 7)","(768,)"
patient00201/study2,patient00201,train,45.0,Male,patient00201/study2/view2_lateral.dcm,data/raw/chexpert_plus/dicom_train/patient00201/study2/view2_lateral.dcm,/home/jovyan/Desktop/MEDAGENT-X/outputs/chexpert_plus/convnext_features/patient00201_study2_view2_lateral.npz,ok,,2021,1751,MONOCHROME2,LL,"(768, 7, 7)","(768,)"
patient00203/study2,patient00203,train,28.0,Male,patient00203/study2/view1_frontal.dcm,data/raw/chexpert_plus/dicom_train/patient00203/study2/view1_frontal.dcm,/home/jovyan/Desktop/MEDAGENT-X/outputs/chexpert_plus/convnext_features/patient00203_study2_view1_frontal.npz,ok,,2022,2022,MONOCHROME2,PA,"(768, 7, 7)","(768,)"
patient00203/study2,patient00203,train,28.0,Male,patient00203/study2/view2_lateral.dcm,data/raw/chexpert_plus/dicom_train/patient00203/study2/view2_lateral.dcm,/home/jovyan/Desktop/MEDAGENT-X/outputs/chexpert_plus/convnext_features/patient00203_study2_view2_lateral.npz,ok,,2022,2022,MONOCHROME2,LL,"(768, 7, 7)","(768,)"
patient00203/study1,patient00203,train,28.0,Male,patient00203/study1/view1_frontal.dcm,data/raw/chexpert_plus/dicom_train/patient00203/study1/view1_frontal.dcm,/home/jovyan/Desktop/MEDAGENT-X/outputs/chexpert_plus/convnext_features/patient00203_study1_view1_frontal.npz,ok,,2320,2828,MONOCHROME1,PA,"(768, 7, 7)","(768,)"
patient00203/study1,patient00203,train,28.0,Male,patient00203/study1/view2_lateral.dcm,data/raw/chexpert_plus/dicom_train/patient00203/study1/view2_lateral.dcm,/home/jovyan/Desktop/MEDAGENT-X/outputs/chexpert_plus/convnext_features/patient00203_study1_view2_lateral.npz,ok,,2828,2320,MONOCHROME1,PA,"(768, 7, 7)","(768,)"
patient00207/study1,patient00207,train,36.0,Male,patient00207/study1/view1_frontal.dcm,data/raw/chexpert_plus/dicom_train/patient00207/study1/view1_frontal.dcm,/home/jovyan/Desktop/MEDAGENT-X/outputs/chexpert_plus/convnext_features/patient00207_study1_view1_frontal.npz,ok,,2320,2828,MONOCHROME1,AP,"(768, 7, 7)","(768,)"
patient00215/study1,patient00215,train,50.0,Male,patient00215/study1/view2_lateral.dcm,data/raw/chexpert_plus/dicom_train/patient00215/study1/view2_lateral.dcm,/home/jovyan/Desktop/MEDAGENT-X/outputs/chexpert_plus/convnext_features/patient00215_study1_view2_lateral.npz,ok,,2016,2017,MONOCHROME2,LL,"(768, 7, 7)","(768,)"
patient00215/study1,patient00215,train,50.0,Male,patient00215/study1/view1_frontal.dcm,data/raw/chexpert_plus/dicom_train/patient00215/study1/view1_frontal.dcm,/home/jovyan/Desktop/MEDAGENT-X/outputs/chexpert_plus/convnext_features/patient00215_study1_view1_frontal.npz,ok,,2016,2022,MONOCHROME2,PA,"(768, 7, 7)","(768,)"
patient00223/study1,patient00223,train,74.0,Male,patient00223/study1/view1_frontal.dcm,data/raw/chexpert_plus/dicom_train/patient00223/study1/view1_frontal.dcm,/home/jovyan/Desktop/MEDAGENT-X/outputs/chexpert_plus/convnext_features/patient00223_study1_view1_frontal.npz,ok,,2320,2828,MONOCHROME1,AP,"(768, 7, 7)","(768,)"
patient00224/study1,patient00224,train,,Unknown,patient00224/study1/view2_lateral.dcm,data/raw/chexpert_plus/dicom_train/patient00224/study1/view2_lateral.dcm,/home/jovyan/Desktop/MEDAGENT-X/outputs/chexpert_plus/convnext_features/patient00224_study1_view2_lateral.npz,ok,,2022,1751,MONOCHROME2,LL,"(768, 7, 7)","(768,)"
patient00224/study1,patient00224,train,,Unknown,patient00224/study1/view1_frontal.dcm,data/raw/chexpert_plus/dicom_train/patient00224/study1/view1_frontal.dcm,/home/jovyan/Desktop/MEDAGENT-X/outputs/chexpert_plus/convnext_features/patient00224_study1_view1_frontal.npz,ok,,1751,2022,MONOCHROME2,PA,"(768, 7, 7)","(768,)"
patient00228/study1,patient00228,train,72.0,Male,patient00228/study1/view1_frontal.dcm,data/raw/chexpert_plus/dicom_train/patient00228/study1/view1_frontal.dcm,/home/jovyan/Desktop/MEDAGENT-X/outputs/chexpert_plus/convnext_features/patient00228_study1_view1_frontal.npz,ok,,2320,2828,MONOCHROME1,AP,"(768, 7, 7)","(768,)"
patient00236/study2,patient00236,train,89.0,Female,patient00236/study2/view1_frontal.dcm,data/raw/chexpert_plus/dicom_train/patient00236/study2/view1_frontal.dcm,/home/jovyan/Desktop/MEDAGENT-X/outputs/chexpert_plus/convnext_features/patient00236_study2_view1_frontal.npz,ok,,2320,2828,MONOCHROME1,AP,"(768, 7, 7)","(768,)"
patient00236/study1,patient00236,train,89.0,Female,patient00236/study1/view1_frontal.dcm,data/raw/chexpert_plus/dicom_train/patient00236/study1/view1_frontal.dcm,/home/jovyan/Desktop/MEDAGENT-X/outputs/chexpert_plus/convnext_features/patient00236_study1_view1_frontal.npz,ok,,2320,2828,MONOCHROME1,AP,"(768, 7, 7)","(768,)"
patient00236/study1,patient00236,train,89.0,Female,patient00236/study1/view2_lateral.dcm,data/raw/chexpert_plus/dicom_train/patient00236/study1/view2_lateral.dcm,/home/jovyan/Desktop/MEDAGENT-X/outputs/chexpert_plus/convnext_features/patient00236_study1_view2_lateral.npz,ok,,2828,2320,MONOCHROME1,PA,"(768, 7, 7)","(768,)"
patient00238/study1,patient00238,train,46.0,Male,patient00238/study1/view1_frontal.dcm,data/raw/chexpert_plus/dicom_train/patient00238/study1/view1_frontal.dcm,/home/jovyan/Desktop/MEDAGENT-X/outputs/chexpert_plus/convnext_features/patient00238_study1_view1_frontal.npz,ok,,1788,2021,MONOCHROME2,PA,"(768, 7, 7)","(768,)"
patient00240/study1,patient00240,train,42.0,Female,patient00240/study1/view1_frontal.dcm,data/raw/chexpert_plus/dicom_train/patient00240/study1/view1_frontal.dcm,/home/jovyan/Desktop/MEDAGENT-X/outputs/chexpert_plus/convnext_features/patient00240_study1_view1_frontal.npz,ok,,1787,1838,MONOCHROME2,PA,"(768, 7, 7)","(768,)"
patient00240/study1,patient00240,train,42.0,Female,patient00240/study1/view2_lateral.dcm,data/raw/chexpert_plus/dicom_train/patient00240/study1/view2_lateral.dcm,/home/jovyan/Desktop/MEDAGENT-X/outputs/chexpert_plus/convnext_features/patient00240_study1_view2_lateral.npz,ok,,2021,1751,MONOCHROME2,LL,"(768, 7, 7)","(768,)"
patient00250/study4,patient00250,train,19.0,Male,patient00250/study4/view1_frontal.dcm,data/raw/chexpert_plus/dicom_train/patient00250/study4/view1_frontal.dcm,/home/jovyan/Desktop/MEDAGENT-X/outputs/chexpert_plus/convnext_features/patient00250_study4_view1_frontal.npz,ok,,2320,2828,MONOCHROME1,AP,"(768, 7, 7)","(768,)"
patient00250/study5,patient00250,train,19.0,Male,patient00250/study5/view1_frontal.dcm,data/raw/chexpert_plus/dicom_train/patient00250/study5/view1_frontal.dcm,/home/jovyan/Desktop/MEDAGENT-X/outputs/chexpert_plus/convnext_features/patient00250_study5_view1_frontal.npz,ok,,2320,2828,MONOCHROME1,AP,"(768, 7, 7)","(768,)"
patient00250/study3,patient00250,train,19.0,Male,patient00250/study3/view1_frontal.dcm,data/raw/chexpert_plus/dicom_train/patient00250/study3/view1_frontal.dcm,/home/jovyan/Desktop/MEDAGENT-X/outputs/chexpert_plus/convnext_features/patient00250_study3_view1_frontal.npz,ok,,2048,2494,MONOCHROME1,AP,"(768, 7, 7)","(768,)"
patient00250/study1,patient00250,train,19.0,Male,patient00250/study1/view1_frontal.dcm,data/raw/chexpert_plus/dicom_train/patient00250/study1/view1_frontal.dcm,/home/jovyan/Desktop/MEDAGENT-X/outputs/chexpert_plus/convnext_features/patient00250_study1_view1_frontal.npz,ok,,1751,2017,MONOCHROME2,PA,"(768, 7, 7)","(768,)"
patient00250/study1,patient00250,train,19.0,Male,patient00250/study1/view2_lateral.dcm,data/raw/chexpert_plus/dicom_train/patient00250/study1/view2_lateral.dcm,/home/jovyan/Desktop/MEDAGENT-X/outputs/chexpert_plus/convnext_features/patient00250_study1_view2_lateral.npz,ok,,1751,2007,MONOCHROME2,LL,"(768, 7, 7)","(768,)"
patient00250/study8,patient00250,train,19.0,Male,patient00250/study8/view1_frontal.dcm,data/raw/chexpert_plus/dicom_train/patient00250/study8/view1_frontal.dcm,/home/jovyan/Desktop/MEDAGENT-X/outputs/chexpert_plus/convnext_features/patient00250_study8_view1_frontal.npz,ok,,2320,2828,MONOCHROME1,AP,"(768, 7, 7)","(768,)"
patient00250/study10,patient00250,train,19.0,Male,patient00250/study10/view1_frontal.dcm,data/raw/chexpert_plus/dicom_train/patient00250/study10/view1_frontal.dcm,/home/jovyan/Desktop/MEDAGENT-X/outputs/chexpert_plus/convnext_features/patient00250_study10_view1_frontal.npz,ok,,2320,2828,MONOCHROME1,AP,"(768, 7, 7)","(768,)"
patient00250/study7,patient00250,train,19.0,Male,patient00250/study7/view1_frontal.dcm,data/raw/chexpert_plus/dicom_train/patient00250/study7/view1_frontal.dcm,/home/jovyan/Desktop/MEDAGENT-X/outputs/chexpert_plus/convnext_features/patient00250_study7_view1_frontal.npz,ok,,2320,2828,MONOCHROME1,AP,"(768, 7, 7)","(768,)"
patient00250/study11,patient00250,train,19.0,Male,patient00250/study11/view1_frontal.dcm,data/raw/chexpert_plus/dicom_train/patient00250/study11/view1_frontal.dcm,/home/jovyan/Desktop/MEDAGENT-X/outputs/chexpert_plus/convnext_features/patient00250_study11_view1_frontal.npz,ok,,2320,2828,MONOCHROME1,AP,"(768, 7, 7)","(768,)"
patient00250/study6,patient00250,train,19.0,Male,patient00250/study6/view1_frontal.dcm,data/raw/chexpert_plus/dicom_train/patient00250/study6/view1_frontal.dcm,/home/jovyan/Desktop/MEDAGENT-X/outputs/chexpert_plus/convnext_features/patient00250_study6_view1_frontal.npz,ok,,2320,2828,MONOCHROME1,AP,"(768, 7, 7)","(768,)"
patient00250/study2,patient00250,train,19.0,Male,patient00250/study2/view1_frontal.dcm,data/raw/chexpert_plus/dicom_train/patient00250/study2/view1_frontal.dcm,/home/jovyan/Desktop/MEDAGENT-X/outputs/chexpert_plus/convnext_features/patient00250_study2_view1_frontal.npz,ok,,2320,2828,MONOCHROME1,AP,"(768, 7, 7)","(768,)"
patient00250/study9,patient00250,train,19.0,Male,patient00250/study9/view1_frontal.dcm,data/raw/chexpert_plus/dicom_train/patient00250/study9/view1_frontal.dcm,/home/jovyan/Desktop/MEDAGENT-X/outputs/chexpert_plus/convnext_features/patient00250_study9_view1_frontal.npz,ok,,2320,2828,MONOCHROME1,AP,"(768, 7, 7)","(768,)"
patient00252/study1,patient00252,train,69.0,Male,patient00252/study1/view1_frontal.dcm,data/raw/chexpert_plus/dicom_train/patient00252/study1/view1_frontal.dcm,/home/jovyan/Desktop/MEDAGENT-X/outputs/chexpert_plus/convnext_features/patient00252_study1_view1_frontal.npz,ok,,2320,2828,MONOCHROME1,AP,"(768, 7, 7)","(768,)"
patient00252/study3,patient00252,train,69.0,Male,patient00252/study3/view1_frontal.dcm,data/raw/chexpert_plus/dicom_train/patient00252/study3/view1_frontal.dcm,/home/jovyan/Desktop/MEDAGENT-X/outputs/chexpert_plus/convnext_features/patient00252_study3_view1_frontal.npz,ok,,2320,2828,MONOCHROME1,AP,"(768, 7, 7)","(768,)"
patient00252/study4,patient00252,train,69.0,Male,patient00252/study4/view1_frontal.dcm,data/raw/chexpert_plus/dicom_train/patient00252/study4/view1_frontal.dcm,/home/jovyan/Desktop/MEDAGENT-X/outputs/chexpert_plus/convnext_features/patient00252_study4_view1_frontal.npz,ok,,2320,2828,MONOCHROME1,AP,"(768, 7, 7)","(768,)"
patient00252/study2,patient00252,train,69.0,Male,patient00252/study2/view1_frontal.dcm,data/raw/chexpert_plus/dicom_train/patient00252/study2/view1_frontal.dcm,/home/jovyan/Desktop/MEDAGENT-X/outputs/chexpert_plus/convnext_features/patient00252_study2_view1_frontal.npz,ok,,2320,2828,MONOCHROME1,AP,"(768, 7, 7)","(768,)"
patient00256/study3,patient00256,train,74.0,Female,patient00256/study3/view1_frontal.dcm,data/raw/chexpert_plus/dicom_train/patient00256/study3/view1_frontal.dcm,/home/jovyan/Desktop/MEDAGENT-X/outputs/chexpert_plus/convnext_features/patient00256_study3_view1_frontal.npz,ok,,2320,2828,MONOCHROME1,AP,"(768, 7, 7)","(768,)"
patient00256/study4,patient00256,train,74.0,Female,patient00256/study4/view1_frontal.dcm,data/raw/chexpert_plus/dicom_train/patient00256/study4/view1_frontal.dcm,/home/jovyan/Desktop/MEDAGENT-X/outputs/chexpert_plus/convnext_features/patient00256_study4_view1_frontal.npz,ok,,2320,2828,MONOCHROME1,AP,"(768, 7, 7)","(768,)"
patient00256/study2,patient00256,train,74.0,Female,patient00256/study2/view1_frontal.dcm,data/raw/chexpert_plus/dicom_train/patient00256/study2/view1_frontal.dcm,/home/jovyan/Desktop/MEDAGENT-X/outputs/chexpert_plus/convnext_features/patient00256_study2_view1_frontal.npz,ok,,2320,2828,MONOCHROME1,AP,"(768, 7, 7)","(768,)"
patient00256/study5,patient00256,train,74.0,Female,patient00256/study5/view1_frontal.dcm,data/raw/chexpert_plus/dicom_train/patient00256/study5/view1_frontal.dcm,/home/jovyan/Desktop/MEDAGENT-X/outputs/chexpert_plus/convnext_features/patient00256_study5_view1_frontal.npz,ok,,2320,2828,MONOCHROME1,AP,"(768, 7, 7)","(768,)"
patient00256/study1,patient00256,train,74.0,Female,patient00256/study1/view1_frontal.dcm,data/raw/chexpert_plus/dicom_train/patient00256/study1/view1_frontal.dcm,/home/jovyan/Desktop/MEDAGENT-X/outputs/chexpert_plus/convnext_features/patient00256_study1_view1_frontal.npz,ok,,2320,2828,MONOCHROME1,AP,"(768, 7, 7)","(768,)"
patient00258/study1,patient00258,train,27.0,Male,patient00258/study1/view1_frontal.dcm,data/raw/chexpert_plus/dicom_train/patient00258/study1/view1_frontal.dcm,/home/jovyan/Desktop/MEDAGENT-X/outputs/chexpert_plus/convnext_features/patient00258_study1_view1_frontal.npz,ok,,2320,2828,MONOCHROME1,AP,"(768, 7, 7)","(768,)"
patient00261/study5,patient00261,train,89.0,Male,patient00261/study5/view1_frontal.dcm,data/raw/chexpert_plus/dicom_train/patient00261/study5/view1_frontal.dcm,/home/jovyan/Desktop/MEDAGENT-X/outputs/chexpert_plus/convnext_features/patient00261_study5_view1_frontal.npz,ok,,2320,2828,MONOCHROME1,AP,"(768, 7, 7)","(768,)"
patient00261/study2,patient00261,train,89.0,Male,patient00261/study2/view1_frontal.dcm,data/raw/chexpert_plus/dicom_train/patient00261/study2/view1_frontal.dcm,/home/jovyan/Desktop/MEDAGENT-X/outputs/chexpert_plus/convnext_features/patient00261_study2_view1_frontal.npz,ok,,2320,2828,MONOCHROME1,PA,"(768, 7, 7)","(768,)"
patient00261/study2,patient00261,train,89.0,Male,patient00261/study2/view2_lateral.dcm,data/raw/chexpert_plus/dicom_train/patient00261/study2/view2_lateral.dcm,/home/jovyan/Desktop/MEDAGENT-X/outputs/chexpert_plus/convnext_features/patient00261_study2_view2_lateral.npz,ok,,2828,2320,MONOCHROME1,PA,"(768, 7, 7)","(768,)"
patient00261/study3,patient00261,train,89.0,Male,patient00261/study3/view1_frontal.dcm,data/raw/chexpert_plus/dicom_train/patient00261/study3/view1_frontal.dcm,/home/jovyan/Desktop/MEDAGENT-X/outputs/chexpert_plus/convnext_features/patient00261_study3_view1_frontal.npz,ok,,2320,2828,MONOCHROME1,AP,"(768, 7, 7)","(768,)"
patient00261/study1,patient00261,train,89.0,Male,patient00261/study1/view1_frontal.dcm,data/raw/chexpert_plus/dicom_train/patient00261/study1/view1_frontal.dcm,/home/jovyan/Desktop/MEDAGENT-X/outputs/chexpert_plus/convnext_features/patient00261_study1_view1_frontal.npz,ok,,2320,2828,MONOCHROME1,AP,"(768, 7, 7)","(768,)"
patient00261/study4,patient00261,train,89.0,Male,patient00261/study4/view1_frontal.dcm,data/raw/chexpert_plus/dicom_train/patient00261/study4/view1_frontal.dcm,/home/jovyan/Desktop/MEDAGENT-X/outputs/chexpert_plus/convnext_features/patient00261_study4_view1_frontal.npz,ok,,2320,2828,MONOCHROME1,PA,"(768, 7, 7)","(768,)"
patient00261/study4,patient00261,train,89.0,Male,patient00261/study4/view2_lateral.dcm,data/raw/chexpert_plus/dicom_train/patient00261/study4/view2_lateral.dcm,/home/jovyan/Desktop/MEDAGENT-X/outputs/chexpert_plus/convnext_features/patient00261_study4_view2_lateral.npz,ok,,2828,2320,MONOCHROME1,PA,"(768, 7, 7)","(768,)"
patient00270/study1,patient00270,train,82.0,Male,patient00270/study1/view1_frontal.dcm,data/raw/chexpert_plus/dicom_train/patient00270/study1/view1_frontal.dcm,/home/jovyan/Desktop/MEDAGENT-X/outputs/chexpert_plus/convnext_features/patient00270_study1_view1_frontal.npz,ok,,3480,4240,MONOCHROME1,AP,"(768, 7, 7)","(768,)"
patient00270/study2,patient00270,train,82.0,Male,patient00270/study2/view1_frontal.dcm,data/raw/chexpert_plus/dicom_train/patient00270/study2/view1_frontal.dcm,/home/jovyan/Desktop/MEDAGENT-X/outputs/chexpert_plus/convnext_features/patient00270_study2_view1_frontal.npz,ok,,2320,2828,MONOCHROME1,AP,"(768, 7, 7)","(768,)"
patient00270/study3,patient00270,train,82.0,Male,patient00270/study3/view1_frontal.dcm,data/raw/chexpert_plus/dicom_train/patient00270/study3/view1_frontal.dcm,/home/jovyan/Desktop/MEDAGENT-X/outputs/chexpert_plus/convnext_features/patient00270_study3_view1_frontal.npz,ok,,2320,2828,MONOCHROME1,AP,"(768, 7, 7)","(768,)"
patient00272/study1,patient00272,train,27.0,Male,patient00272/study1/view1_frontal.dcm,data/raw/chexpert_plus/dicom_train/patient00272/study1/view1_frontal.dcm,/home/jovyan/Desktop/MEDAGENT-X/outputs/chexpert_plus/convnext_features/patient00272_study1_view1_frontal.npz,ok,,2320,2828,MONOCHROME1,AP,"(768, 7, 7)","(768,)"
patient00277/study1,patient00277,train,73.0,Male,patient00277/study1/view1_frontal.dcm,data/raw/chexpert_plus/dicom_train/patient00277/study1/view1_frontal.dcm,/home/jovyan/Desktop/MEDAGENT-X/outputs/chexpert_plus/convnext_features/patient00277_study1_view1_frontal.npz,ok,,2048,2494,MONOCHROME1,AP,"(768, 7, 7)","(768,)"
patient00277/study13,patient00277,train,73.0,Male,patient00277/study13/view1_frontal.dcm,data/raw/chexpert_plus/dicom_train/patient00277/study13/view1_frontal.dcm,/home/jovyan/Desktop/MEDAGENT-X/outputs/chexpert_plus/convnext_features/patient00277_study13_view1_frontal.npz,ok,,2048,2494,MONOCHROME1,AP,"(768, 7, 7)","(768,)"
patient00277/study12,patient00277,train,73.0,Male,patient00277/study12/view1_frontal.dcm,data/raw/chexpert_plus/dicom_train/patient00277/study12/view1_frontal.dcm,/home/jovyan/Desktop/MEDAGENT-X/outputs/chexpert_plus/convnext_features/patient00277_study12_view1_frontal.npz,ok,,2320,2828,MONOCHROME1,AP,"(768, 7, 7)","(768,)"
patient00277/study4,patient00277,train,73.0,Male,patient00277/study4/view1_frontal.dcm,data/raw/chexpert_plus/dicom_train/patient00277/study4/view1_frontal.dcm,/home/jovyan/Desktop/MEDAGENT-X/outputs/chexpert_plus/convnext_features/patient00277_study4_view1_frontal.npz,ok,,2320,2828,MONOCHROME1,AP,"(768, 7, 7)","(768,)"
patient00277/study8,patient00277,train,73.0,Male,patient00277/study8/view1_frontal.dcm,data/raw/chexpert_plus/dicom_train/patient00277/study8/view1_frontal.dcm,/home/jovyan/Desktop/MEDAGENT-X/outputs/chexpert_plus/convnext_features/patient00277_study8_view1_frontal.npz,ok,,2048,2494,MONOCHROME1,AP,"(768, 7, 7)","(768,)"
patient00277/study5,patient00277,train,73.0,Male,patient00277/study5/view1_frontal.dcm,data/raw/chexpert_plus/dicom_train/patient00277/study5/view1_frontal.dcm,/home/jovyan/Desktop/MEDAGENT-X/outputs/chexpert_plus/convnext_features/patient00277_study5_view1_frontal.npz,ok,,2320,2828,MONOCHROME1,AP,"(768, 7, 7)","(768,)"
patient00277/study10,patient00277,train,73.0,Male,patient00277/study10/view1_frontal.dcm,data/raw/chexpert_plus/dicom_train/patient00277/study10/view1_frontal.dcm,/home/jovyan/Desktop/MEDAGENT-X/outputs/chexpert_plus/convnext_features/patient00277_study10_view1_frontal.npz,ok,,2320,2828,MONOCHROME1,AP,"(768, 7, 7)","(768,)"
patient00277/study9,patient00277,train,73.0,Male,patient00277/study9/view1_frontal.dcm,data/raw/chexpert_plus/dicom_train/patient00277/study9/view1_frontal.dcm,/home/jovyan/Desktop/MEDAGENT-X/outputs/chexpert_plus/convnext_features/patient00277_study9_view1_frontal.npz,ok,,2320,2828,MONOCHROME1,AP,"(768, 7, 7)","(768,)"
patient00277/study2,patient00277,train,73.0,Male,patient00277/study2/view1_frontal.dcm,data/raw/chexpert_plus/dicom_train/patient00277/study2/view1_frontal.dcm,/home/jovyan/Desktop/MEDAGENT-X/outputs/chexpert_plus/convnext_features/patient00277_study2_view1_frontal.npz,ok,,2320,2828,MONOCHROME1,AP,"(768, 7, 7)","(768,)"
patient00277/study3,patient00277,train,73.0,Male,patient00277/study3/view1_frontal.dcm,data/raw/chexpert_plus/dicom_train/patient00277/study3/view1_frontal.dcm,/home/jovyan/Desktop/MEDAGENT-X/outputs/chexpert_plus/convnext_features/patient00277_study3_view1_frontal.npz,ok,,2048,2494,MONOCHROME1,AP,"(768, 7, 7)","(768,)"
patient00277/study11,patient00277,train,73.0,Male,patient00277/study11/view1_frontal.dcm,data/raw/chexpert_plus/dicom_train/patient00277/study11/view1_frontal.dcm,/home/jovyan/Desktop/MEDAGENT-X/outputs/chexpert_plus/convnext_features/patient00277_study11_view1_frontal.npz,ok,,2048,2494,MONOCHROME1,AP,"(768, 7, 7)","(768,)"
patient00277/study6,patient00277,train,73.0,Male,patient00277/study6/view1_frontal.dcm,data/raw/chexpert_plus/dicom_train/patient00277/study6/view1_frontal.dcm,/home/jovyan/Desktop/MEDAGENT-X/outputs/chexpert_plus/convnext_features/patient00277_study6_view1_frontal.npz,ok,,2320,2828,MONOCHROME1,AP,"(768, 7, 7)","(768,)"
patient00277/study7,patient00277,train,73.0,Male,patient00277/study7/view1_frontal.dcm,data/raw/chexpert_plus/dicom_train/patient00277/study7/view1_frontal.dcm,/home/jovyan/Desktop/MEDAGENT-X/outputs/chexpert_plus/convnext_features/patient00277_study7_view1_frontal.npz,ok,,2320,2828,MONOCHROME1,AP,"(768, 7, 7)","(768,)"
patient00278/study1,patient00278,train,58.0,Male,patient00278/study1/view1_frontal.dcm,data/raw/chexpert_plus/dicom_train/patient00278/study1/view1_frontal.dcm,/home/jovyan/Desktop/MEDAGENT-X/outputs/chexpert_plus/convnext_features/patient00278_study1_view1_frontal.npz,ok,,2320,2828,MONOCHROME1,AP,"(768, 7, 7)","(768,)"
patient00278/study2,patient00278,train,58.0,Male,patient00278/study2/view1_frontal.dcm,data/raw/chexpert_plus/dicom_train/patient00278/study2/view1_frontal.dcm,/home/jovyan/Desktop/MEDAGENT-X/outputs/chexpert_plus/convnext_features/patient00278_study2_view1_frontal.npz,ok,,2320,2828,MONOCHROME1,AP,"(768, 7, 7)","(768,)"
patient00283/study4,patient00283,train,67.0,Female,patient00283/study4/view1_frontal.dcm,data/raw/chexpert_plus/dicom_train/patient00283/study4/view1_frontal.dcm,/home/jovyan/Desktop/MEDAGENT-X/outputs/chexpert_plus/convnext_features/patient00283_study4_view1_frontal.npz,ok,,2320,2828,MONOCHROME1,AP,"(768, 7, 7)","(768,)"
patient00283/study1,patient00283,train,67.0,Female,patient00283/study1/view1_frontal.dcm,data/raw/chexpert_plus/dicom_train/patient00283/study1/view1_frontal.dcm,/home/jovyan/Desktop/MEDAGENT-X/outputs/chexpert_plus/convnext_features/patient00283_study1_view1_frontal.npz,ok,,2320,2828,MONOCHROME1,AP,"(768, 7, 7)","(768,)"
patient00283/study1,patient00283,train,67.0,Female,patient00283/study1/view2_frontal.dcm,data/raw/chexpert_plus/dicom_train/patient00283/study1/view2_frontal.dcm,/home/jovyan/Desktop/MEDAGENT-X/outputs/chexpert_plus/convnext_features/patient00283_study1_view2_frontal.npz,ok,,2320,2828,MONOCHROME1,AP,"(768, 7, 7)","(768,)"
patient00283/study3,patient00283,train,67.0,Female,patient00283/study3/view1_frontal.dcm,data/raw/chexpert_plus/dicom_train/patient00283/study3/view1_frontal.dcm,/home/jovyan/Desktop/MEDAGENT-X/outputs/chexpert_plus/convnext_features/patient00283_study3_view1_frontal.npz,ok,,2320,2828,MONOCHROME1,AP,"(768, 7, 7)","(768,)"
patient00283/study2,patient00283,train,67.0,Female,patient00283/study2/view1_frontal.dcm,data/raw/chexpert_plus/dicom_train/patient00283/study2/view1_frontal.dcm,/home/jovyan/Desktop/MEDAGENT-X/outputs/chexpert_plus/convnext_features/patient00283_study2_view1_frontal.npz,ok,,2320,2828,MONOCHROME1,AP,"(768, 7, 7)","(768,)"
patient00284/study1,patient00284,train,39.0,Male,patient00284/study1/view1_frontal.dcm,data/raw/chexpert_plus/dicom_train/patient00284/study1/view1_frontal.dcm,/home/jovyan/Desktop/MEDAGENT-X/outputs/chexpert_plus/convnext_features/patient00284_study1_view1_frontal.npz,ok,,2021,2021,MONOCHROME2,PA,"(768, 7, 7)","(768,)"
patient00284/study1,patient00284,train,39.0,Male,patient00284/study1/view2_lateral.dcm,data/raw/chexpert_plus/dicom_train/patient00284/study1/view2_lateral.dcm,/home/jovyan/Desktop/MEDAGENT-X/outputs/chexpert_plus/convnext_features/patient00284_study1_view2_lateral.npz,ok,,2000,2021,MONOCHROME2,LL,"(768, 7, 7)","(768,)"
patient00285/study1,patient00285,train,41.0,Female,patient00285/study1/view1_frontal.dcm,data/raw/chexpert_plus/dicom_train/patient00285/study1/view1_frontal.dcm,/home/jovyan/Desktop/MEDAGENT-X/outputs/chexpert_plus/convnext_features/patient00285_study1_view1_frontal.npz,ok,,2048,2494,MONOCHROME1,AP,"(768, 7, 7)","(768,)"
patient00285/study2,patient00285,train,41.0,Female,patient00285/study2/view1_frontal.dcm,data/raw/chexpert_plus/dicom_train/patient00285/study2/view1_frontal.dcm,/home/jovyan/Desktop/MEDAGENT-X/outputs/chexpert_plus/convnext_features/patient00285_study2_view1_frontal.npz,ok,,2320,2828,MONOCHROME1,AP,"(768, 7, 7)","(768,)"
patient00285/study3,patient00285,train,41.0,Female,patient00285/study3/view1_frontal.dcm,data/raw/chexpert_plus/dicom_train/patient00285/study3/view1_frontal.dcm,/home/jovyan/Desktop/MEDAGENT-X/outputs/chexpert_plus/convnext_features/patient00285_study3_view1_frontal.npz,ok,,2320,2828,MONOCHROME1,AP,"(768, 7, 7)","(768,)"
patient00285/study4,patient00285,train,41.0,Female,patient00285/study4/view1_frontal.dcm,data/raw/chexpert_plus/dicom_train/patient00285/study4/view1_frontal.dcm,/home/jovyan/Desktop/MEDAGENT-X/outputs/chexpert_plus/convnext_features/patient00285_study4_view1_frontal.npz,ok,,2320,2828,MONOCHROME1,AP,"(768, 7, 7)","(768,)"
patient00286/study5,patient00286,train,69.0,Female,patient00286/study5/view1_frontal.dcm,data/raw/chexpert_plus/dicom_train/patient00286/study5/view1_frontal.dcm,/home/jovyan/Desktop/MEDAGENT-X/outputs/chexpert_plus/convnext_features/patient00286_study5_view1_frontal.npz,ok,,2320,2828,MONOCHROME1,AP,"(768, 7, 7)","(768,)"
patient00286/study7,patient00286,train,69.0,Female,patient00286/study7/view1_frontal.dcm,data/raw/chexpert_plus/dicom_train/patient00286/study7/view1_frontal.dcm,/home/jovyan/Desktop/MEDAGENT-X/outputs/chexpert_plus/convnext_features/patient00286_study7_view1_frontal.npz,ok,,2320,2828,MONOCHROME1,AP,"(768, 7, 7)","(768,)"
patient00286/study4,patient00286,train,69.0,Female,patient00286/study4/view1_frontal.dcm,data/raw/chexpert_plus/dicom_train/patient00286/study4/view1_frontal.dcm,/home/jovyan/Desktop/MEDAGENT-X/outputs/chexpert_plus/convnext_features/patient00286_study4_view1_frontal.npz,ok,,2320,2828,MONOCHROME1,AP,"(768, 7, 7)","(768,)"
patient00286/study6,patient00286,train,69.0,Female,patient00286/study6/view1_frontal.dcm,data/raw/chexpert_plus/dicom_train/patient00286/study6/view1_frontal.dcm,/home/jovyan/Desktop/MEDAGENT-X/outputs/chexpert_plus/convnext_features/patient00286_study6_view1_frontal.npz,ok,,2320,2828,MONOCHROME1,AP,"(768, 7, 7)","(768,)"
patient00286/study1,patient00286,train,69.0,Female,patient00286/study1/view1_frontal.dcm,data/raw/chexpert_plus/dicom_train/patient00286/study1/view1_frontal.dcm,/home/jovyan/Desktop/MEDAGENT-X/outputs/chexpert_plus/convnext_features/patient00286_study1_view1_frontal.npz,ok,,2048,2494,MONOCHROME1,AP,"(768, 7, 7)","(768,)"
patient00286/study2,patient00286,train,69.0,Female,patient00286/study2/view1_frontal.dcm,data/raw/chexpert_plus/dicom_train/patient00286/study2/view1_frontal.dcm,/home/jovyan/Desktop/MEDAGENT-X/outputs/chexpert_plus/convnext_features/patient00286_study2_view1_frontal.npz,ok,,2320,2828,MONOCHROME1,AP,"(768, 7, 7)","(768,)"
patient00286/study3,patient00286,train,69.0,Female,patient00286/study3/view1_frontal.dcm,data/raw/chexpert_plus/dicom_train/patient00286/study3/view1_frontal.dcm,/home/jovyan/Desktop/MEDAGENT-X/outputs/chexpert_plus/convnext_features/patient00286_study3_view1_frontal.npz,ok,,2320,2828,MONOCHROME1,AP,"(768, 7, 7)","(768,)"
patient00286/study8,patient00286,train,69.0,Female,patient00286/study8/view1_frontal.dcm,data/raw/chexpert_plus/dicom_train/patient00286/study8/view1_frontal.dcm,/home/jovyan/Desktop/MEDAGENT-X/outputs/chexpert_plus/convnext_features/patient00286_study8_view1_frontal.npz,ok,,2320,2828,MONOCHROME1,AP,"(768, 7, 7)","(768,)"
patient00286/study9,patient00286,train,69.0,Female,patient00286/study9/view1_frontal.dcm,data/raw/chexpert_plus/dicom_train/patient00286/study9/view1_frontal.dcm,/home/jovyan/Desktop/MEDAGENT-X/outputs/chexpert_plus/convnext_features/patient00286_study9_view1_frontal.npz,ok,,2320,2828,MONOCHROME1,AP,"(768, 7, 7)","(768,)"
patient00287/study5,patient00287,train,55.0,Male,patient00287/study5/view1_frontal.dcm,data/raw/chexpert_plus/dicom_train/patient00287/study5/view1_frontal.dcm,/home/jovyan/Desktop/MEDAGENT-X/outputs/chexpert_plus/convnext_features/patient00287_study5_view1_frontal.npz,ok,,2320,2828,MONOCHROME1,AP,"(768, 7, 7)","(768,)"
patient00287/study2,patient00287,train,55.0,Male,patient00287/study2/view1_frontal.dcm,data/raw/chexpert_plus/dicom_train/patient00287/study2/view1_frontal.dcm,/home/jovyan/Desktop/MEDAGENT-X/outputs/chexpert_plus/convnext_features/patient00287_study2_view1_frontal.npz,ok,,2320,2828,MONOCHROME1,AP,"(768, 7, 7)","(768,)"
patient00287/study3,patient00287,train,55.0,Male,patient00287/study3/view1_frontal.dcm,data/raw/chexpert_plus/dicom_train/patient00287/study3/view1_frontal.dcm,/home/jovyan/Desktop/MEDAGENT-X/outputs/chexpert_plus/convnext_features/patient00287_study3_view1_frontal.npz,ok,,2320,2828,MONOCHROME1,AP,"(768, 7, 7)","(768,)"
patient00287/study4,patient00287,train,55.0,Male,patient00287/study4/view1_frontal.dcm,data/raw/chexpert_plus/dicom_train/patient00287/study4/view1_frontal.dcm,/home/jovyan/Desktop/MEDAGENT-X/outputs/chexpert_plus/convnext_features/patient00287_study4_view1_frontal.npz,ok,,2320,2828,MONOCHROME1,AP,"(768, 7, 7)","(768,)"
patient00287/study1,patient00287,train,55.0,Male,patient00287/study1/view1_frontal.dcm,data/raw/chexpert_plus/dicom_train/patient00287/study1/view1_frontal.dcm,/home/jovyan/Desktop/MEDAGENT-X/outputs/chexpert_plus/convnext_features/patient00287_study1_view1_frontal.npz,ok,,2320,2828,MONOCHROME1,AP,"(768, 7, 7)","(768,)"
patient00287/study6,patient00287,train,55.0,Male,patient00287/study6/view1_frontal.dcm,data/raw/chexpert_plus/dicom_train/patient00287/study6/view1_frontal.dcm,/home/jovyan/Desktop/MEDAGENT-X/outputs/chexpert_plus/convnext_features/patient00287_study6_view1_frontal.npz,ok,,2320,2828,MONOCHROME1,AP,"(768, 7, 7)","(768,)"
patient00290/study2,patient00290,train,42.0,Male,patient00290/study2/view1_frontal.dcm,data/raw/chexpert_plus/dicom_train/patient00290/study2/view1_frontal.dcm,/home/jovyan/Desktop/MEDAGENT-X/outputs/chexpert_plus/convnext_features/patient00290_study2_view1_frontal.npz,ok,,2048,2494,MONOCHROME1,PA,"(768, 7, 7)","(768,)"
patient00290/study1,patient00290,train,42.0,Male,patient00290/study1/view1_frontal.dcm,data/raw/chexpert_plus/dicom_train/patient00290/study1/view1_frontal.dcm,/home/jovyan/Desktop/MEDAGENT-X/outputs/chexpert_plus/convnext_features/patient00290_study1_view1_frontal.npz,ok,,2320,2828,MONOCHROME1,AP,"(768, 7, 7)","(768,)"
patient00291/study2,patient00291,train,82.0,Male,patient00291/study2/view2_lateral.dcm,data/raw/chexpert_plus/dicom_train/patient00291/study2/view2_lateral.dcm,/home/jovyan/Desktop/MEDAGENT-X/outputs/chexpert_plus/convnext_features/patient00291_study2_view2_lateral.npz,ok,,2828,2320,MONOCHROME1,PA,"(768, 7, 7)","(768,)"
patient00291/study2,patient00291,train,82.0,Male,patient00291/study2/view1_frontal.dcm,data/raw/chexpert_plus/dicom_train/patient00291/study2/view1_frontal.dcm,/home/jovyan/Desktop/MEDAGENT-X/outputs/chexpert_plus/convnext_features/patient00291_study2_view1_frontal.npz,ok,,2320,2828,MONOCHROME1,AP,"(768, 7, 7)","(768,)"
patient00291/study3,patient00291,train,82.0,Male,patient00291/study3/view1_frontal.dcm,data/raw/chexpert_plus/dicom_train/patient00291/study3/view1_frontal.dcm,/home/jovyan/Desktop/MEDAGENT-X/outputs/chexpert_plus/convnext_features/patient00291_study3_view1_frontal.npz,ok,,2320,2828,MONOCHROME1,AP,"(768, 7, 7)","(768,)"
patient00291/study4,patient00291,train,82.0,Male,patient00291/study4/view1_frontal.dcm,data/raw/chexpert_plus/dicom_train/patient00291/study4/view1_frontal.dcm,/home/jovyan/Desktop/MEDAGENT-X/outputs/chexpert_plus/convnext_features/patient00291_study4_view1_frontal.npz,ok,,2022,2022,MONOCHROME2,PA,"(768, 7, 7)","(768,)"
patient00291/study4,patient00291,train,82.0,Male,patient00291/study4/view2_lateral.dcm,data/raw/chexpert_plus/dicom_train/patient00291/study4/view2_lateral.dcm,/home/jovyan/Desktop/MEDAGENT-X/outputs/chexpert_plus/convnext_features/patient00291_study4_view2_lateral.npz,ok,,2022,2022,MONOCHROME2,LL,"(768, 7, 7)","(768,)"
patient00291/study1,patient00291,train,82.0,Male,patient00291/study1/view2_lateral.dcm,data/raw/chexpert_plus/dicom_train/patient00291/study1/view2_lateral.dcm,/home/jovyan/Desktop/MEDAGENT-X/outputs/chexpert_plus/convnext_features/patient00291_study1_view2_lateral.npz,ok,,2021,1751,MONOCHROME2,LL,"(768, 7, 7)","(768,)"
patient00291/study1,patient00291,train,82.0,Male,patient00291/study1/view1_frontal.dcm,data/raw/chexpert_plus/dicom_train/patient00291/study1/view1_frontal.dcm,/home/jovyan/Desktop/MEDAGENT-X/outputs/chexpert_plus/convnext_features/patient00291_study1_view1_frontal.npz,ok,,1751,2022,MONOCHROME2,PA,"(768, 7, 7)","(768,)"
patient00291/study5,patient00291,train,82.0,Male,patient00291/study5/view1_frontal.dcm,data/raw/chexpert_plus/dicom_train/patient00291/study5/view1_frontal.dcm,/home/jovyan/Desktop/MEDAGENT-X/outputs/chexpert_plus/convnext_features/patient00291_study5_view1_frontal.npz,ok,,2320,2828,MONOCHROME1,AP,"(768, 7, 7)","(768,)"
patient00291/study6,patient00291,train,82.0,Male,patient00291/study6/view1_frontal.dcm,data/raw/chexpert_plus/dicom_train/patient00291/study6/view1_frontal.dcm,/home/jovyan/Desktop/MEDAGENT-X/outputs/chexpert_plus/convnext_features/patient00291_study6_view1_frontal.npz,ok,,2320,2828,MONOCHROME1,AP,"(768, 7, 7)","(768,)"
patient00298/study6,patient00298,train,50.0,Female,patient00298/study6/view1_frontal.dcm,data/raw/chexpert_plus/dicom_train/patient00298/study6/view1_frontal.dcm,/home/jovyan/Desktop/MEDAGENT-X/outputs/chexpert_plus/convnext_features/patient00298_study6_view1_frontal.npz,ok,,2320,2828,MONOCHROME1,AP,"(768, 7, 7)","(768,)"
patient00298/study5,patient00298,train,50.0,Female,patient00298/study5/view1_frontal.dcm,data/raw/chexpert_plus/dicom_train/patient00298/study5/view1_frontal.dcm,/home/jovyan/Desktop/MEDAGENT-X/outputs/chexpert_plus/convnext_features/patient00298_study5_view1_frontal.npz,ok,,2320,2828,MONOCHROME1,AP,"(768, 7, 7)","(768,)"
patient00298/study2,patient00298,train,50.0,Female,patient00298/study2/view1_frontal.dcm,data/raw/chexpert_plus/dicom_train/patient00298/study2/view1_frontal.dcm,/home/jovyan/Desktop/MEDAGENT-X/outputs/chexpert_plus/convnext_features/patient00298_study2_view1_frontal.npz,ok,,2320,2828,MONOCHROME1,AP,"(768, 7, 7)","(768,)"
patient00298/study4,patient00298,train,50.0,Female,patient00298/study4/view1_frontal.dcm,data/raw/chexpert_plus/dicom_train/patient00298/study4/view1_frontal.dcm,/home/jovyan/Desktop/MEDAGENT-X/outputs/chexpert_plus/convnext_features/patient00298_study4_view1_frontal.npz,ok,,2320,2828,MONOCHROME1,AP,"(768, 7, 7)","(768,)"
patient00298/study1,patient00298,train,50.0,Female,patient00298/study1/view2_lateral.dcm,data/raw/chexpert_plus/dicom_train/patient00298/study1/view2_lateral.dcm,/home/jovyan/Desktop/MEDAGENT-X/outputs/chexpert_plus/convnext_features/patient00298_study1_view2_lateral.npz,ok,,2022,2022,MONOCHROME2,LL,"(768, 7, 7)","(768,)"
patient00298/study1,patient00298,train,50.0,Female,patient00298/study1/view1_frontal.dcm,data/raw/chexpert_plus/dicom_train/patient00298/study1/view1_frontal.dcm,/home/jovyan/Desktop/MEDAGENT-X/outputs/chexpert_plus/convnext_features/patient00298_study1_view1_frontal.npz,ok,,2022,2022,MONOCHROME2,PA,"(768, 7, 7)","(768,)"
patient00298/study3,patient00298,train,50.0,Female,patient00298/study3/view1_frontal.dcm,data/raw/chexpert_plus/dicom_train/patient00298/study3/view1_frontal.dcm,/home/jovyan/Desktop/MEDAGENT-X/outputs/chexpert_plus/convnext_features/patient00298_study3_view1_frontal.npz,ok,,2048,2494,MONOCHROME1,AP,"(768, 7, 7)","(768,)"
patient00300/study1,patient00300,train,31.0,Male,patient00300/study1/view1_frontal.dcm,data/raw/chexpert_plus/dicom_train/patient00300/study1/view1_frontal.dcm,/home/jovyan/Desktop/MEDAGENT-X/outputs/chexpert_plus/convnext_features/patient00300_study1_view1_frontal.npz,ok,,2014,2014,MONOCHROME2,AP,"(768, 7, 7)","(768,)"
patient00303/study2,patient00303,train,79.0,Male,patient00303/study2/view1_frontal.dcm,data/raw/chexpert_plus/dicom_train/patient00303/study2/view1_frontal.dcm,/home/jovyan/Desktop/MEDAGENT-X/outputs/chexpert_plus/convnext_features/patient00303_study2_view1_frontal.npz,ok,,2320,2828,MONOCHROME1,AP,"(768, 7, 7)","(768,)"
patient00303/study1,patient00303,train,79.0,Male,patient00303/study1/view1_frontal.dcm,data/raw/chexpert_plus/dicom_train/patient00303/study1/view1_frontal.dcm,/home/jovyan/Desktop/MEDAGENT-X/outputs/chexpert_plus/convnext_features/patient00303_study1_view1_frontal.npz,ok,,3480,4240,MONOCHROME1,AP,"(768, 7, 7)","(768,)"
patient00306/study1,patient00306,train,60.0,Male,patient00306/study1/view1_frontal.dcm,data/raw/chexpert_plus/dicom_train/patient00306/study1/view1_frontal.dcm,/home/jovyan/Desktop/MEDAGENT-X/outputs/chexpert_plus/convnext_features/patient00306_study1_view1_frontal.npz,ok,,2320,2828,MONOCHROME1,AP,"(768, 7, 7)","(768,)"
patient00308/study4,patient00308,train,77.0,Male,patient00308/study4/view1_frontal.dcm,data/raw/chexpert_plus/dicom_train/patient00308/study4/view1_frontal.dcm,/home/jovyan/Desktop/MEDAGENT-X/outputs/chexpert_plus/convnext_features/patient00308_study4_view1_frontal.npz,ok,,2021,2022,MONOCHROME2,PA,"(768, 7, 7)","(768,)"
patient00308/study4,patient00308,train,77.0,Male,patient00308/study4/view2_lateral.dcm,data/raw/chexpert_plus/dicom_train/patient00308/study4/view2_lateral.dcm,/home/jovyan/Desktop/MEDAGENT-X/outputs/chexpert_plus/convnext_features/patient00308_study4_view2_lateral.npz,ok,,2017,1911,MONOCHROME2,LL,"(768, 7, 7)","(768,)"
patient00308/study3,patient00308,train,77.0,Male,patient00308/study3/view1_frontal.dcm,data/raw/chexpert_plus/dicom_train/patient00308/study3/view1_frontal.dcm,/home/jovyan/Desktop/MEDAGENT-X/outputs/chexpert_plus/convnext_features/patient00308_study3_view1_frontal.npz,ok,,2320,2828,MONOCHROME1,AP,"(768, 7, 7)","(768,)"
patient00308/study3,patient00308,train,77.0,Male,patient00308/study3/view2_lateral.dcm,data/raw/chexpert_plus/dicom_train/patient00308/study3/view2_lateral.dcm,/home/jovyan/Desktop/MEDAGENT-X/outputs/chexpert_plus/convnext_features/patient00308_study3_view2_lateral.npz,ok,,2828,2320,MONOCHROME1,PA,"(768, 7, 7)","(768,)"
patient00308/study2,patient00308,train,77.0,Male,patient00308/study2/view1_frontal.dcm,data/raw/chexpert_plus/dicom_train/patient00308/study2/view1_frontal.dcm,/home/jovyan/Desktop/MEDAGENT-X/outputs/chexpert_plus/convnext_features/patient00308_study2_view1_frontal.npz,ok,,2320,2828,MONOCHROME1,AP,"(768, 7, 7)","(768,)"
patient00308/study1,patient00308,train,77.0,Male,patient00308/study1/view1_frontal.dcm,data/raw/chexpert_plus/dicom_train/patient00308/study1/view1_frontal.dcm,/home/jovyan/Desktop/MEDAGENT-X/outputs/chexpert_plus/convnext_features/patient00308_study1_view1_frontal.npz,ok,,3480,4240,MONOCHROME1,AP,"(768, 7, 7)","(768,)"
patient00313/study1,patient00313,train,66.0,Male,patient00313/study1/view2_lateral.dcm,data/raw/chexpert_plus/dicom_train/patient00313/study1/view2_lateral.dcm,/home/jovyan/Desktop/MEDAGENT-X/outputs/chexpert_plus/convnext_features/patient00313_study1_view2_lateral.npz,ok,,2828,2320,MONOCHROME1,PA,"(768, 7, 7)","(768,)"
patient00313/study1,patient00313,train,66.0,Male,patient00313/study1/view1_frontal.dcm,data/raw/chexpert_plus/dicom_train/patient00313/study1/view1_frontal.dcm,/home/jovyan/Desktop/MEDAGENT-X/outputs/chexpert_plus/convnext_features/patient00313_study1_view1_frontal.npz,ok,,2320,2828,MONOCHROME1,PA,"(768, 7, 7)","(768,)"
patient00317/study5,patient00317,train,78.0,Female,patient00317/study5/view1_frontal.dcm,data/raw/chexpert_plus/dicom_train/patient00317/study5/view1_frontal.dcm,/home/jovyan/Desktop/MEDAGENT-X/outputs/chexpert_plus/convnext_features/patient00317_study5_view1_frontal.npz,ok,,2320,2828,MONOCHROME1,AP,"(768, 7, 7)","(768,)"
patient00317/study4,patient00317,train,78.0,Female,patient00317/study4/view1_frontal.dcm,data/raw/chexpert_plus/dicom_train/patient00317/study4/view1_frontal.dcm,/home/jovyan/Desktop/MEDAGENT-X/outputs/chexpert_plus/convnext_features/patient00317_study4_view1_frontal.npz,ok,,2320,2828,MONOCHROME1,AP,"(768, 7, 7)","(768,)"
patient00317/study1,patient00317,train,78.0,Female,patient00317/study1/view1_frontal.dcm,data/raw/chexpert_plus/dicom_train/patient00317/study1/view1_frontal.dcm,/home/jovyan/Desktop/MEDAGENT-X/outputs/chexpert_plus/convnext_features/patient00317_study1_view1_frontal.npz,ok,,2320,2828,MONOCHROME1,PA,"(768, 7, 7)","(768,)"
patient00317/study1,patient00317,train,78.0,Female,patient00317/study1/view2_lateral.dcm,data/raw/chexpert_plus/dicom_train/patient00317/study1/view2_lateral.dcm,/home/jovyan/Desktop/MEDAGENT-X/outputs/chexpert_plus/convnext_features/patient00317_study1_view2_lateral.npz,ok,,2828,2320,MONOCHROME1,PA,"(768, 7, 7)","(768,)"
patient00317/study8,patient00317,train,78.0,Female,patient00317/study8/view1_frontal.dcm,data/raw/chexpert_plus/dicom_train/patient00317/study8/view1_frontal.dcm,/home/jovyan/Desktop/MEDAGENT-X/outputs/chexpert_plus/convnext_features/patient00317_study8_view1_frontal.npz,ok,,2320,2828,MONOCHROME1,AP,"(768, 7, 7)","(768,)"
patient00317/study2,patient00317,train,78.0,Female,patient00317/study2/view1_frontal.dcm,data/raw/chexpert_plus/dicom_train/patient00317/study2/view1_frontal.dcm,/home/jovyan/Desktop/MEDAGENT-X/outputs/chexpert_plus/convnext_features/patient00317_study2_view1_frontal.npz,ok,,2320,2828,MONOCHROME1,AP,"(768, 7, 7)","(768,)"
patient00317/study6,patient00317,train,78.0,Female,patient00317/study6/view1_frontal.dcm,data/raw/chexpert_plus/dicom_train/patient00317/study6/view1_frontal.dcm,/home/jovyan/Desktop/MEDAGENT-X/outputs/chexpert_plus/convnext_features/patient00317_study6_view1_frontal.npz,ok,,2320,2828,MONOCHROME1,AP,"(768, 7, 7)","(768,)"
patient00317/study3,patient00317,train,78.0,Female,patient00317/study3/view1_frontal.dcm,data/raw/chexpert_plus/dicom_train/patient00317/study3/view1_frontal.dcm,/home/jovyan/Desktop/MEDAGENT-X/outputs/chexpert_plus/convnext_features/patient00317_study3_view1_frontal.npz,ok,,2320,2828,MONOCHROME1,AP,"(768, 7, 7)","(768,)"
patient00317/study7,patient00317,train,78.0,Female,patient00317/study7/view1_frontal.dcm,data/raw/chexpert_plus/dicom_train/patient00317/study7/view1_frontal.dcm,/home/jovyan/Desktop/MEDAGENT-X/outputs/chexpert_plus/convnext_features/patient00317_study7_view1_frontal.npz,ok,,2320,2828,MONOCHROME1,AP,"(768, 7, 7)","(768,)"
patient00319/study2,patient00319,train,80.0,Female,patient00319/study2/view1_frontal.dcm,data/raw/chexpert_plus/dicom_train/patient00319/study2/view1_frontal.dcm,/home/jovyan/Desktop/MEDAGENT-X/outputs/chexpert_plus/convnext_features/patient00319_study2_view1_frontal.npz,ok,,2320,2828,MONOCHROME1,AP,"(768, 7, 7)","(768,)"
patient00319/study1,patient00319,train,80.0,Female,patient00319/study1/view1_frontal.dcm,data/raw/chexpert_plus/dicom_train/patient00319/study1/view1_frontal.dcm,/home/jovyan/Desktop/MEDAGENT-X/outputs/chexpert_plus/convnext_features/patient00319_study1_view1_frontal.npz,ok,,2320,2828,MONOCHROME1,AP,"(768, 7, 7)","(768,)"
patient00319/study4,patient00319,train,80.0,Female,patient00319/study4/view1_frontal.dcm,data/raw/chexpert_plus/dicom_train/patient00319/study4/view1_frontal.dcm,/home/jovyan/Desktop/MEDAGENT-X/outputs/chexpert_plus/convnext_features/patient00319_study4_view1_frontal.npz,ok,,2320,2828,MONOCHROME1,AP,"(768, 7, 7)","(768,)"
patient00319/study3,patient00319,train,80.0,Female,patient00319/study3/view1_frontal.dcm,data/raw/chexpert_plus/dicom_train/patient00319/study3/view1_frontal.dcm,/home/jovyan/Desktop/MEDAGENT-X/outputs/chexpert_plus/convnext_features/patient00319_study3_view1_frontal.npz,ok,,2320,2828,MONOCHROME1,AP,"(768, 7, 7)","(768,)"
patient00322/study1,patient00322,train,36.0,Male,patient00322/study1/view1_frontal.dcm,data/raw/chexpert_plus/dicom_train/patient00322/study1/view1_frontal.dcm,/home/jovyan/Desktop/MEDAGENT-X/outputs/chexpert_plus/convnext_features/patient00322_study1_view1_frontal.npz,ok,,2022,2021,MONOCHROME2,PA,"(768, 7, 7)","(768,)"
patient00323/study1,patient00323,train,38.0,Male,patient00323/study1/view2_lateral.dcm,data/raw/chexpert_plus/dicom_train/patient00323/study1/view2_lateral.dcm,/home/jovyan/Desktop/MEDAGENT-X/outputs/chexpert_plus/convnext_features/patient00323_study1_view2_lateral.npz,ok,,2022,1741,MONOCHROME2,LL,"(768, 7, 7)","(768,)"
patient00323/study1,patient00323,train,38.0,Male,patient00323/study1/view1_frontal.dcm,data/raw/chexpert_plus/dicom_train/patient00323/study1/view1_frontal.dcm,/home/jovyan/Desktop/MEDAGENT-X/outputs/chexpert_plus/convnext_features/patient00323_study1_view1_frontal.npz,ok,,1741,2022,MONOCHROME2,PA,"(768, 7, 7)","(768,)"
patient00323/study2,patient00323,train,38.0,Male,patient00323/study2/view1_frontal.dcm,data/raw/chexpert_plus/dicom_train/patient00323/study2/view1_frontal.dcm,/home/jovyan/Desktop/MEDAGENT-X/outputs/chexpert_plus/convnext_features/patient00323_study2_view1_frontal.npz,ok,,2320,2828,MONOCHROME1,PA,"(768, 7, 7)","(768,)"
patient00323/study2,patient00323,train,38.0,Male,patient00323/study2/view2_lateral.dcm,data/raw/chexpert_plus/dicom_train/patient00323/study2/view2_lateral.dcm,/home/jovyan/Desktop/MEDAGENT-X/outputs/chexpert_plus/convnext_features/patient00323_study2_view2_lateral.npz,ok,,2828,2320,MONOCHROME1,PA,"(768, 7, 7)","(768,)"
patient00327/study2,patient00327,train,48.0,Male,patient00327/study2/view1_frontal.dcm,data/raw/chexpert_plus/dicom_train/patient00327/study2/view1_frontal.dcm,/home/jovyan/Desktop/MEDAGENT-X/outputs/chexpert_plus/convnext_features/patient00327_study2_view1_frontal.npz,ok,,2320,2828,MONOCHROME1,AP,"(768, 7, 7)","(768,)"
patient00327/study1,patient00327,train,48.0,Male,patient00327/study1/view1_frontal.dcm,data/raw/chexpert_plus/dicom_train/patient00327/study1/view1_frontal.dcm,/home/jovyan/Desktop/MEDAGENT-X/outputs/chexpert_plus/convnext_features/patient00327_study1_view1_frontal.npz,ok,,2320,2828,MONOCHROME1,AP,"(768, 7, 7)","(768,)"
patient00327/study1,patient00327,train,48.0,Male,patient00327/study1/view2_lateral.dcm,data/raw/chexpert_plus/dicom_train/patient00327/study1/view2_lateral.dcm,/home/jovyan/Desktop/MEDAGENT-X/outputs/chexpert_plus/convnext_features/patient00327_study1_view2_lateral.npz,ok,,2828,2320,MONOCHROME1,PA,"(768, 7, 7)","(768,)"
patient00327/study1,patient00327,train,48.0,Male,patient00327/study1/view3_lateral.dcm,data/raw/chexpert_plus/dicom_train/patient00327/study1/view3_lateral.dcm,/home/jovyan/Desktop/MEDAGENT-X/outputs/chexpert_plus/convnext_features/patient00327_study1_view3_lateral.npz,ok,,2828,2320,MONOCHROME1,PA,"(768, 7, 7)","(768,)"
patient00329/study1,patient00329,train,89.0,Male,patient00329/study1/view1_frontal.dcm,data/raw/chexpert_plus/dicom_train/patient00329/study1/view1_frontal.dcm,/home/jovyan/Desktop/MEDAGENT-X/outputs/chexpert_plus/convnext_features/patient00329_study1_view1_frontal.npz,ok,,2022,2022,MONOCHROME2,PA,"(768, 7, 7)","(768,)"
patient00329/study1,patient00329,train,89.0,Male,patient00329/study1/view2_lateral.dcm,data/raw/chexpert_plus/dicom_train/patient00329/study1/view2_lateral.dcm,/home/jovyan/Desktop/MEDAGENT-X/outputs/chexpert_plus/convnext_features/patient00329_study1_view2_lateral.npz,ok,,2022,2022,MONOCHROME2,LL,"(768, 7, 7)","(768,)"
patient00329/study3,patient00329,train,89.0,Male,patient00329/study3/view1_frontal.dcm,data/raw/chexpert_plus/dicom_train/patient00329/study3/view1_frontal.dcm,/home/jovyan/Desktop/MEDAGENT-X/outputs/chexpert_plus/convnext_features/patient00329_study3_view1_frontal.npz,ok,,2320,2828,MONOCHROME1,AP,"(768, 7, 7)","(768,)"
patient00329/study2,patient00329,train,89.0,Male,patient00329/study2/view1_frontal.dcm,data/raw/chexpert_plus/dicom_train/patient00329/study2/view1_frontal.dcm,/home/jovyan/Desktop/MEDAGENT-X/outputs/chexpert_plus/convnext_features/patient00329_study2_view1_frontal.npz,ok,,2320,2828,MONOCHROME1,AP,"(768, 7, 7)","(768,)"
patient00335/study3,patient00335,train,53.0,Male,patient00335/study3/view1_frontal.dcm,data/raw/chexpert_plus/dicom_train/patient00335/study3/view1_frontal.dcm,/home/jovyan/Desktop/MEDAGENT-X/outputs/chexpert_plus/convnext_features/patient00335_study3_view1_frontal.npz,ok,,2320,2828,MONOCHROME1,AP,"(768, 7, 7)","(768,)"
patient00335/study8,patient00335,train,53.0,Male,patient00335/study8/view1_frontal.dcm,data/raw/chexpert_plus/dicom_train/patient00335/study8/view1_frontal.dcm,/home/jovyan/Desktop/MEDAGENT-X/outputs/chexpert_plus/convnext_features/patient00335_study8_view1_frontal.npz,ok,,2320,2828,MONOCHROME1,AP,"(768, 7, 7)","(768,)"
patient00335/study6,patient00335,train,53.0,Male,patient00335/study6/view1_frontal.dcm,data/raw/chexpert_plus/dicom_train/patient00335/study6/view1_frontal.dcm,/home/jovyan/Desktop/MEDAGENT-X/outputs/chexpert_plus/convnext_features/patient00335_study6_view1_frontal.npz,ok,,2320,2828,MONOCHROME1,AP,"(768, 7, 7)","(768,)"
patient00335/study5,patient00335,train,53.0,Male,patient00335/study5/view1_frontal.dcm,data/raw/chexpert_plus/dicom_train/patient00335/study5/view1_frontal.dcm,/home/jovyan/Desktop/MEDAGENT-X/outputs/chexpert_plus/convnext_features/patient00335_study5_view1_frontal.npz,ok,,2320,2828,MONOCHROME1,AP,"(768, 7, 7)","(768,)"
patient00335/study1,patient00335,train,53.0,Male,patient00335/study1/view1_frontal.dcm,data/raw/chexpert_plus/dicom_train/patient00335/study1/view1_frontal.dcm,/home/jovyan/Desktop/MEDAGENT-X/outputs/chexpert_plus/convnext_features/patient00335_study1_view1_frontal.npz,ok,,2048,2494,MONOCHROME1,AP,"(768, 7, 7)","(768,)"
patient00335/study7,patient00335,train,53.0,Male,patient00335/study7/view1_frontal.dcm,data/raw/chexpert_plus/dicom_train/patient00335/study7/view1_frontal.dcm,/home/jovyan/Desktop/MEDAGENT-X/outputs/chexpert_plus/convnext_features/patient00335_study7_view1_frontal.npz,ok,,2320,2828,MONOCHROME1,AP,"(768, 7, 7)","(768,)"
patient00335/study2,patient00335,train,53.0,Male,patient00335/study2/view1_frontal.dcm,data/raw/chexpert_plus/dicom_train/patient00335/study2/view1_frontal.dcm,/home/jovyan/Desktop/MEDAGENT-X/outputs/chexpert_plus/convnext_features/patient00335_study2_view1_frontal.npz,ok,,2048,2494,MONOCHROME1,AP,"(768, 7, 7)","(768,)"
patient00335/study4,patient00335,train,53.0,Male,patient00335/study4/view1_frontal.dcm,data/raw/chexpert_plus/dicom_train/patient00335/study4/view1_frontal.dcm,/home/jovyan/Desktop/MEDAGENT-X/outputs/chexpert_plus/convnext_features/patient00335_study4_view1_frontal.npz,ok,,2320,2828,MONOCHROME1,AP,"(768, 7, 7)","(768,)"
patient00336/study1,patient00336,train,66.0,Male,patient00336/study1/view2_lateral.dcm,data/raw/chexpert_plus/dicom_train/patient00336/study1/view2_lateral.dcm,/home/jovyan/Desktop/MEDAGENT-X/outputs/chexpert_plus/convnext_features/patient00336_study1_view2_lateral.npz,ok,,2022,1751,MONOCHROME2,LL,"(768, 7, 7)","(768,)"
patient00336/study1,patient00336,train,66.0,Male,patient00336/study1/view1_frontal.dcm,data/raw/chexpert_plus/dicom_train/patient00336/study1/view1_frontal.dcm,/home/jovyan/Desktop/MEDAGENT-X/outputs/chexpert_plus/convnext_features/patient00336_study1_view1_frontal.npz,ok,,2022,2022,MONOCHROME2,PA,"(768, 7, 7)","(768,)"
patient00336/study2,patient00336,train,66.0,Male,patient00336/study2/view2_lateral.dcm,data/raw/chexpert_plus/dicom_train/patient00336/study2/view2_lateral.dcm,/home/jovyan/Desktop/MEDAGENT-X/outputs/chexpert_plus/convnext_features/patient00336_study2_view2_lateral.npz,ok,,2016,1751,MONOCHROME2,LL,"(768, 7, 7)","(768,)"
patient00336/study2,patient00336,train,66.0,Male,patient00336/study2/view1_frontal.dcm,data/raw/chexpert_plus/dicom_train/patient00336/study2/view1_frontal.dcm,/home/jovyan/Desktop/MEDAGENT-X/outputs/chexpert_plus/convnext_features/patient00336_study2_view1_frontal.npz,ok,,1751,2022,MONOCHROME2,PA,"(768, 7, 7)","(768,)"
patient00336/study3,patient00336,train,66.0,Male,patient00336/study3/view2_lateral.dcm,data/raw/chexpert_plus/dicom_train/patient00336/study3/view2_lateral.dcm,/home/jovyan/Desktop/MEDAGENT-X/outputs/chexpert_plus/convnext_features/patient00336_study3_view2_lateral.npz,ok,,2021,1751,MONOCHROME2,LL,"(768, 7, 7)","(768,)"
patient00336/study3,patient00336,train,66.0,Male,patient00336/study3/view1_frontal.dcm,data/raw/chexpert_plus/dicom_train/patient00336/study3/view1_frontal.dcm,/home/jovyan/Desktop/MEDAGENT-X/outputs/chexpert_plus/convnext_features/patient00336_study3_view1_frontal.npz,ok,,1751,2021,MONOCHROME2,PA,"(768, 7, 7)","(768,)"
patient00342/study1,patient00342,train,74.0,Female,patient00342/study1/view1_frontal.dcm,data/raw/chexpert_plus/dicom_train/patient00342/study1/view1_frontal.dcm,/home/jovyan/Desktop/MEDAGENT-X/outputs/chexpert_plus/convnext_features/patient00342_study1_view1_frontal.npz,ok,,2320,2828,MONOCHROME1,AP,"(768, 7, 7)","(768,)"
patient00343/study1,patient00343,train,42.0,Male,patient00343/study1/view1_frontal.dcm,data/raw/chexpert_plus/dicom_train/patient00343/study1/view1_frontal.dcm,/home/jovyan/Desktop/MEDAGENT-X/outputs/chexpert_plus/convnext_features/patient00343_study1_view1_frontal.npz,ok,,2320,2828,MONOCHROME1,AP,"(768, 7, 7)","(768,)"
patient00344/study1,patient00344,train,54.0,Male,patient00344/study1/view1_frontal.dcm,data/raw/chexpert_plus/dicom_train/patient00344/study1/view1_frontal.dcm,/home/jovyan/Desktop/MEDAGENT-X/outputs/chexpert_plus/convnext_features/patient00344_study1_view1_frontal.npz,ok,,2022,2022,MONOCHROME2,PA,"(768, 7, 7)","(768,)"
patient00344/study1,patient00344,train,54.0,Male,patient00344/study1/view2_lateral.dcm,data/raw/chexpert_plus/dicom_train/patient00344/study1/view2_lateral.dcm,/home/jovyan/Desktop/MEDAGENT-X/outputs/chexpert_plus/convnext_features/patient00344_study1_view2_lateral.npz,ok,,2022,1971,MONOCHROME2,LL,"(768, 7, 7)","(768,)"
patient00350/study2,patient00350,train,63.0,Male,patient00350/study2/view1_frontal.dcm,data/raw/chexpert_plus/dicom_train/patient00350/study2/view1_frontal.dcm,/home/jovyan/Desktop/MEDAGENT-X/outputs/chexpert_plus/convnext_features/patient00350_study2_view1_frontal.npz,ok,,2320,2828,MONOCHROME1,AP,"(768, 7, 7)","(768,)"
patient00350/study1,patient00350,train,63.0,Male,patient00350/study1/view1_frontal.dcm,data/raw/chexpert_plus/dicom_train/patient00350/study1/view1_frontal.dcm,/home/jovyan/Desktop/MEDAGENT-X/outputs/chexpert_plus/convnext_features/patient00350_study1_view1_frontal.npz,ok,,1741,2022,MONOCHROME2,PA,"(768, 7, 7)","(768,)"
patient00350/study1,patient00350,train,63.0,Male,patient00350/study1/view2_lateral.dcm,data/raw/chexpert_plus/dicom_train/patient00350/study1/view2_lateral.dcm,/home/jovyan/Desktop/MEDAGENT-X/outputs/chexpert_plus/convnext_features/patient00350_study1_view2_lateral.npz,ok,,2022,1751,MONOCHROME2,RL,"(768, 7, 7)","(768,)"
patient00352/study1,patient00352,train,28.0,Female,patient00352/study1/view1_frontal.dcm,data/raw/chexpert_plus/dicom_train/patient00352/study1/view1_frontal.dcm,/home/jovyan/Desktop/MEDAGENT-X/outputs/chexpert_plus/convnext_features/patient00352_study1_view1_frontal.npz,ok,,1851,1941,MONOCHROME2,PA,"(768, 7, 7)","(768,)"
patient00358/study1,patient00358,train,60.0,Male,patient00358/study1/view1_frontal.dcm,data/raw/chexpert_plus/dicom_train/patient00358/study1/view1_frontal.dcm,/home/jovyan/Desktop/MEDAGENT-X/outputs/chexpert_plus/convnext_features/patient00358_study1_view1_frontal.npz,ok,,2048,2494,MONOCHROME1,AP,"(768, 7, 7)","(768,)"
patient00360/study1,patient00360,train,89.0,Male,patient00360/study1/view1_frontal.dcm,data/raw/chexpert_plus/dicom_train/patient00360/study1/view1_frontal.dcm,/home/jovyan/Desktop/MEDAGENT-X/outputs/chexpert_plus/convnext_features/patient00360_study1_view1_frontal.npz,ok,,2320,2828,MONOCHROME1,AP,"(768, 7, 7)","(768,)"
patient00361/study1,patient00361,train,73.0,Male,patient00361/study1/view1_frontal.dcm,data/raw/chexpert_plus/dicom_train/patient00361/study1/view1_frontal.dcm,/home/jovyan/Desktop/MEDAGENT-X/outputs/chexpert_plus/convnext_features/patient00361_study1_view1_frontal.npz,ok,,2320,2828,MONOCHROME1,AP,"(768, 7, 7)","(768,)"
patient00365/study1,patient00365,train,51.0,Male,patient00365/study1/view1_frontal.dcm,data/raw/chexpert_plus/dicom_train/patient00365/study1/view1_frontal.dcm,/home/jovyan/Desktop/MEDAGENT-X/outputs/chexpert_plus/convnext_features/patient00365_study1_view1_frontal.npz,ok,,2021,2021,MONOCHROME2,PA,"(768, 7, 7)","(768,)"
patient00368/study1,patient00368,train,36.0,Male,patient00368/study1/view1_frontal.dcm,data/raw/chexpert_plus/dicom_train/patient00368/study1/view1_frontal.dcm,/home/jovyan/Desktop/MEDAGENT-X/outputs/chexpert_plus/convnext_features/patient00368_study1_view1_frontal.npz,ok,,2800,3408,MONOCHROME1,AP,"(768, 7, 7)","(768,)"
patient00369/study1,patient00369,train,33.0,Male,patient00369/study1/view1_frontal.dcm,data/raw/chexpert_plus/dicom_train/patient00369/study1/view1_frontal.dcm,/home/jovyan/Desktop/MEDAGENT-X/outputs/chexpert_plus/convnext_features/patient00369_study1_view1_frontal.npz,ok,,2022,1941,MONOCHROME2,PA,"(768, 7, 7)","(768,)"
patient00369/study2,patient00369,train,33.0,Male,patient00369/study2/view1_frontal.dcm,data/raw/chexpert_plus/dicom_train/patient00369/study2/view1_frontal.dcm,/home/jovyan/Desktop/MEDAGENT-X/outputs/chexpert_plus/convnext_features/patient00369_study2_view1_frontal.npz,ok,,1741,2022,MONOCHROME2,PA,"(768, 7, 7)","(768,)"
patient00377/study1,patient00377,train,53.0,Male,patient00377/study1/view1_frontal.dcm,data/raw/chexpert_plus/dicom_train/patient00377/study1/view1_frontal.dcm,/home/jovyan/Desktop/MEDAGENT-X/outputs/chexpert_plus/convnext_features/patient00377_study1_view1_frontal.npz,ok,,2320,2828,MONOCHROME1,AP,"(768, 7, 7)","(768,)"
patient00381/study1,patient00381,train,52.0,Female,patient00381/study1/view1_frontal.dcm,data/raw/chexpert_plus/dicom_train/patient00381/study1/view1_frontal.dcm,/home/jovyan/Desktop/MEDAGENT-X/outputs/chexpert_plus/convnext_features/patient00381_study1_view1_frontal.npz,ok,,2320,2828,MONOCHROME1,AP,"(768, 7, 7)","(768,)"
patient00381/study1,patient00381,train,52.0,Female,patient00381/study1/view2_lateral.dcm,data/raw/chexpert_plus/dicom_train/patient00381/study1/view2_lateral.dcm,/home/jovyan/Desktop/MEDAGENT-X/outputs/chexpert_plus/convnext_features/patient00381_study1_view2_lateral.npz,ok,,2828,2320,MONOCHROME1,LL,"(768, 7, 7)","(768,)"
patient00383/study1,patient00383,train,49.0,Male,patient00383/study1/view1_frontal.dcm,data/raw/chexpert_plus/dicom_train/patient00383/study1/view1_frontal.dcm,/home/jovyan/Desktop/MEDAGENT-X/outputs/chexpert_plus/convnext_features/patient00383_study1_view1_frontal.npz,ok,,2320,2828,MONOCHROME1,AP,"(768, 7, 7)","(768,)"
patient00384/study1,patient00384,train,56.0,Female,patient00384/study1/view1_frontal.dcm,data/raw/chexpert_plus/dicom_train/patient00384/study1/view1_frontal.dcm,/home/jovyan/Desktop/MEDAGENT-X/outputs/chexpert_plus/convnext_features/patient00384_study1_view1_frontal.npz,ok,,2320,2828,MONOCHROME1,AP,"(768, 7, 7)","(768,)"
patient00386/study1,patient00386,train,81.0,Male,patient00386/study1/view1_frontal.dcm,data/raw/chexpert_plus/dicom_train/patient00386/study1/view1_frontal.dcm,/home/jovyan/Desktop/MEDAGENT-X/outputs/chexpert_plus/convnext_features/patient00386_study1_view1_frontal.npz,ok,,2320,2828,MONOCHROME1,AP,"(768, 7, 7)","(768,)"
patient00387/study1,patient00387,train,80.0,Female,patient00387/study1/view2_lateral.dcm,data/raw/chexpert_plus/dicom_train/patient00387/study1/view2_lateral.dcm,/home/jovyan/Desktop/MEDAGENT-X/outputs/chexpert_plus/convnext_features/patient00387_study1_view2_lateral.npz,ok,,2022,1741,MONOCHROME2,LL,"(768, 7, 7)","(768,)"
patient00387/study1,patient00387,train,80.0,Female,patient00387/study1/view1_frontal.dcm,data/raw/chexpert_plus/dicom_train/patient00387/study1/view1_frontal.dcm,/home/jovyan/Desktop/MEDAGENT-X/outputs/chexpert_plus/convnext_features/patient00387_study1_view1_frontal.npz,ok,,2022,2022,MONOCHROME2,PA,"(768, 7, 7)","(768,)"
patient00388/study1,patient00388,train,55.0,Male,patient00388/study1/view1_frontal.dcm,data/raw/chexpert_plus/dicom_train/patient00388/study1/view1_frontal.dcm,/home/jovyan/Desktop/MEDAGENT-X/outputs/chexpert_plus/convnext_features/patient00388_study1_view1_frontal.npz,ok,,2320,2828,MONOCHROME1,AP,"(768, 7, 7)","(768,)"
patient00391/study1,patient00391,train,58.0,Male,patient00391/study1/view1_frontal.dcm,data/raw/chexpert_plus/dicom_train/patient00391/study1/view1_frontal.dcm,/home/jovyan/Desktop/MEDAGENT-X/outputs/chexpert_plus/convnext_features/patient00391_study1_view1_frontal.npz,ok,,2320,2828,MONOCHROME1,AP,"(768, 7, 7)","(768,)"
patient00391/study2,patient00391,train,58.0,Male,patient00391/study2/view1_frontal.dcm,data/raw/chexpert_plus/dicom_train/patient00391/study2/view1_frontal.dcm,/home/jovyan/Desktop/MEDAGENT-X/outputs/chexpert_plus/convnext_features/patient00391_study2_view1_frontal.npz,ok,,2048,2494,MONOCHROME1,AP,"(768, 7, 7)","(768,)"
patient00391/study3,patient00391,train,58.0,Male,patient00391/study3/view1_frontal.dcm,data/raw/chexpert_plus/dicom_train/patient00391/study3/view1_frontal.dcm,/home/jovyan/Desktop/MEDAGENT-X/outputs/chexpert_plus/convnext_features/patient00391_study3_view1_frontal.npz,ok,,2320,2828,MONOCHROME1,AP,"(768, 7, 7)","(768,)"
patient00391/study4,patient00391,train,58.0,Male,patient00391/study4/view2_lateral.dcm,data/raw/chexpert_plus/dicom_train/patient00391/study4/view2_lateral.dcm,/home/jovyan/Desktop/MEDAGENT-X/outputs/chexpert_plus/convnext_features/patient00391_study4_view2_lateral.npz,ok,,2828,2320,MONOCHROME1,PA,"(768, 7, 7)","(768,)"
patient00391/study4,patient00391,train,58.0,Male,patient00391/study4/view1_frontal.dcm,data/raw/chexpert_plus/dicom_train/patient00391/study4/view1_frontal.dcm,/home/jovyan/Desktop/MEDAGENT-X/outputs/chexpert_plus/convnext_features/patient00391_study4_view1_frontal.npz,ok,,2320,2828,MONOCHROME1,PA,"(768, 7, 7)","(768,)"
patient00401/study1,patient00401,train,19.0,Male,patient00401/study1/view1_frontal.dcm,data/raw/chexpert_plus/dicom_train/patient00401/study1/view1_frontal.dcm,/home/jovyan/Desktop/MEDAGENT-X/outputs/chexpert_plus/convnext_features/patient00401_study1_view1_frontal.npz,ok,,2320,2828,MONOCHROME1,AP,"(768, 7, 7)","(768,)"
patient00403/study4,patient00403,train,80.0,Male,patient00403/study4/view1_frontal.dcm,data/raw/chexpert_plus/dicom_train/patient00403/study4/view1_frontal.dcm,/home/jovyan/Desktop/MEDAGENT-X/outputs/chexpert_plus/convnext_features/patient00403_study4_view1_frontal.npz,ok,,2320,2828,MONOCHROME1,AP,"(768, 7, 7)","(768,)"
patient00403/study5,patient00403,train,80.0,Male,patient00403/study5/view1_frontal.dcm,data/raw/chexpert_plus/dicom_train/patient00403/study5/view1_frontal.dcm,/home/jovyan/Desktop/MEDAGENT-X/outputs/chexpert_plus/convnext_features/patient00403_study5_view1_frontal.npz,ok,,3480,4240,MONOCHROME1,AP,"(768, 7, 7)","(768,)"
patient00403/study1,patient00403,train,80.0,Male,patient00403/study1/view1_frontal.dcm,data/raw/chexpert_plus/dicom_train/patient00403/study1/view1_frontal.dcm,/home/jovyan/Desktop/MEDAGENT-X/outputs/chexpert_plus/convnext_features/patient00403_study1_view1_frontal.npz,ok,,3480,4240,MONOCHROME1,AP,"(768, 7, 7)","(768,)"
patient00403/study3,patient00403,train,80.0,Male,patient00403/study3/view1_frontal.dcm,data/raw/chexpert_plus/dicom_train/patient00403/study3/view1_frontal.dcm,/home/jovyan/Desktop/MEDAGENT-X/outputs/chexpert_plus/convnext_features/patient00403_study3_view1_frontal.npz,ok,,3480,4240,MONOCHROME1,AP,"(768, 7, 7)","(768,)"
patient00403/study2,patient00403,train,80.0,Male,patient00403/study2/view1_frontal.dcm,data/raw/chexpert_plus/dicom_train/patient00403/study2/view1_frontal.dcm,/home/jovyan/Desktop/MEDAGENT-X/outputs/chexpert_plus/convnext_features/patient00403_study2_view1_frontal.npz,ok,,3480,4240,MONOCHROME1,AP,"(768, 7, 7)","(768,)"
patient00405/study1,patient00405,train,69.0,Male,patient00405/study1/view1_frontal.dcm,data/raw/chexpert_plus/dicom_train/patient00405/study1/view1_frontal.dcm,/home/jovyan/Desktop/MEDAGENT-X/outputs/chexpert_plus/convnext_features/patient00405_study1_view1_frontal.npz,ok,,1741,2011,MONOCHROME2,PA,"(768, 7, 7)","(768,)"
patient00405/study1,patient00405,train,69.0,Male,patient00405/study1/view2_frontal.dcm,data/raw/chexpert_plus/dicom_train/patient00405/study1/view2_frontal.dcm,/home/jovyan/Desktop/MEDAGENT-X/outputs/chexpert_plus/convnext_features/patient00405_study1_view2_frontal.npz,ok,,1746,2011,MONOCHROME2,PA,"(768, 7, 7)","(768,)"
patient00408/study1,patient00408,train,45.0,Male,patient00408/study1/view1_frontal.dcm,data/raw/chexpert_plus/dicom_train/patient00408/study1/view1_frontal.dcm,/home/jovyan/Desktop/MEDAGENT-X/outputs/chexpert_plus/convnext_features/patient00408_study1_view1_frontal.npz,ok,,2320,2828,MONOCHROME1,AP,"(768, 7, 7)","(768,)"
patient00408/study4,patient00408,train,45.0,Male,patient00408/study4/view1_frontal.dcm,data/raw/chexpert_plus/dicom_train/patient00408/study4/view1_frontal.dcm,/home/jovyan/Desktop/MEDAGENT-X/outputs/chexpert_plus/convnext_features/patient00408_study4_view1_frontal.npz,ok,,2048,2494,MONOCHROME1,AP,"(768, 7, 7)","(768,)"
patient00408/study5,patient00408,train,45.0,Male,patient00408/study5/view1_frontal.dcm,data/raw/chexpert_plus/dicom_train/patient00408/study5/view1_frontal.dcm,/home/jovyan/Desktop/MEDAGENT-X/outputs/chexpert_plus/convnext_features/patient00408_study5_view1_frontal.npz,ok,,2320,2828,MONOCHROME1,AP,"(768, 7, 7)","(768,)"
patient00408/study6,patient00408,train,45.0,Male,patient00408/study6/view1_frontal.dcm,data/raw/chexpert_plus/dicom_train/patient00408/study6/view1_frontal.dcm,/home/jovyan/Desktop/MEDAGENT-X/outputs/chexpert_plus/convnext_features/patient00408_study6_view1_frontal.npz,ok,,2320,2828,MONOCHROME1,AP,"(768, 7, 7)","(768,)"
patient00408/study2,patient00408,train,45.0,Male,patient00408/study2/view1_frontal.dcm,data/raw/chexpert_plus/dicom_train/patient00408/study2/view1_frontal.dcm,/home/jovyan/Desktop/MEDAGENT-X/outputs/chexpert_plus/convnext_features/patient00408_study2_view1_frontal.npz,ok,,2320,2828,MONOCHROME1,AP,"(768, 7, 7)","(768,)"
patient00408/study3,patient00408,train,45.0,Male,patient00408/study3/view1_frontal.dcm,data/raw/chexpert_plus/dicom_train/patient00408/study3/view1_frontal.dcm,/home/jovyan/Desktop/MEDAGENT-X/outputs/chexpert_plus/convnext_features/patient00408_study3_view1_frontal.npz,ok,,2320,2828,MONOCHROME1,AP,"(768, 7, 7)","(768,)"
patient00412/study6,patient00412,train,75.0,Female,patient00412/study6/view1_frontal.dcm,data/raw/chexpert_plus/dicom_train/patient00412/study6/view1_frontal.dcm,/home/jovyan/Desktop/MEDAGENT-X/outputs/chexpert_plus/convnext_features/patient00412_study6_view1_frontal.npz,ok,,2320,2828,MONOCHROME1,AP,"(768, 7, 7)","(768,)"
patient00412/study4,patient00412,train,75.0,Female,patient00412/study4/view1_frontal.dcm,data/raw/chexpert_plus/dicom_train/patient00412/study4/view1_frontal.dcm,/home/jovyan/Desktop/MEDAGENT-X/outputs/chexpert_plus/convnext_features/patient00412_study4_view1_frontal.npz,ok,,2320,2828,MONOCHROME1,AP,"(768, 7, 7)","(768,)"
patient00412/study2,patient00412,train,75.0,Female,patient00412/study2/view1_frontal.dcm,data/raw/chexpert_plus/dicom_train/patient00412/study2/view1_frontal.dcm,/home/jovyan/Desktop/MEDAGENT-X/outputs/chexpert_plus/convnext_features/patient00412_study2_view1_frontal.npz,ok,,2320,2828,MONOCHROME1,AP,"(768, 7, 7)","(768,)"
patient00412/study7,patient00412,train,75.0,Female,patient00412/study7/view1_frontal.dcm,data/raw/chexpert_plus/dicom_train/patient00412/study7/view1_frontal.dcm,/home/jovyan/Desktop/MEDAGENT-X/outputs/chexpert_plus/convnext_features/patient00412_study7_view1_frontal.npz,ok,,2320,2828,MONOCHROME1,AP,"(768, 7, 7)","(768,)"
patient00412/study1,patient00412,train,75.0,Female,patient00412/study1/view1_frontal.dcm,data/raw/chexpert_plus/dicom_train/patient00412/study1/view1_frontal.dcm,/home/jovyan/Desktop/MEDAGENT-X/outputs/chexpert_plus/convnext_features/patient00412_study1_view1_frontal.npz,ok,,2320,2828,MONOCHROME1,AP,"(768, 7, 7)","(768,)"
patient00412/study3,patient00412,train,75.0,Female,patient00412/study3/view1_frontal.dcm,data/raw/chexpert_plus/dicom_train/patient00412/study3/view1_frontal.dcm,/home/jovyan/Desktop/MEDAGENT-X/outputs/chexpert_plus/convnext_features/patient00412_study3_view1_frontal.npz,ok,,2320,2828,MONOCHROME1,AP,"(768, 7, 7)","(768,)"
patient00412/study8,patient00412,train,75.0,Female,patient00412/study8/view1_frontal.dcm,data/raw/chexpert_plus/dicom_train/patient00412/study8/view1_frontal.dcm,/home/jovyan/Desktop/MEDAGENT-X/outputs/chexpert_plus/convnext_features/patient00412_study8_view1_frontal.npz,ok,,2320,2828,MONOCHROME1,AP,"(768, 7, 7)","(768,)"
patient00412/study5,patient00412,train,75.0,Female,patient00412/study5/view1_frontal.dcm,data/raw/chexpert_plus/dicom_train/patient00412/study5/view1_frontal.dcm,/home/jovyan/Desktop/MEDAGENT-X/outputs/chexpert_plus/convnext_features/patient00412_study5_view1_frontal.npz,ok,,2320,2828,MONOCHROME1,AP,"(768, 7, 7)","(768,)"
patient00413/study1,patient00413,train,59.0,Male,patient00413/study1/view1_frontal.dcm,data/raw/chexpert_plus/dicom_train/patient00413/study1/view1_frontal.dcm,/home/jovyan/Desktop/MEDAGENT-X/outputs/chexpert_plus/convnext_features/patient00413_study1_view1_frontal.npz,ok,,3408,4200,MONOCHROME1,PA,"(768, 7, 7)","(768,)"
patient00413/study1,patient00413,train,59.0,Male,patient00413/study1/view2_lateral.dcm,data/raw/chexpert_plus/dicom_train/patient00413/study1/view2_lateral.dcm,/home/jovyan/Desktop/MEDAGENT-X/outputs/chexpert_plus/convnext_features/patient00413_study1_view2_lateral.npz,ok,,4200,3408,MONOCHROME1,LL,"(768, 7, 7)","(768,)"
patient00422/study1,patient00422,train,64.0,Male,patient00422/study1/view1_frontal.dcm,data/raw/chexpert_plus/dicom_train/patient00422/study1/view1_frontal.dcm,/home/jovyan/Desktop/MEDAGENT-X/outputs/chexpert_plus/convnext_features/patient00422_study1_view1_frontal.npz,ok,,2320,2828,MONOCHROME1,AP,"(768, 7, 7)","(768,)"
patient00422/study2,patient00422,train,64.0,Male,patient00422/study2/view1_frontal.dcm,data/raw/chexpert_plus/dicom_train/patient00422/study2/view1_frontal.dcm,/home/jovyan/Desktop/MEDAGENT-X/outputs/chexpert_plus/convnext_features/patient00422_study2_view1_frontal.npz,ok,,2320,2828,MONOCHROME1,AP,"(768, 7, 7)","(768,)"
patient00425/study1,patient00425,train,66.0,Male,patient00425/study1/view1_frontal.dcm,data/raw/chexpert_plus/dicom_train/patient00425/study1/view1_frontal.dcm,/home/jovyan/Desktop/MEDAGENT-X/outputs/chexpert_plus/convnext_features/patient00425_study1_view1_frontal.npz,ok,,2320,2828,MONOCHROME1,AP,"(768, 7, 7)","(768,)"
patient00427/study1,patient00427,train,46.0,Female,patient00427/study1/view1_frontal.dcm,data/raw/chexpert_plus/dicom_train/patient00427/study1/view1_frontal.dcm,/home/jovyan/Desktop/MEDAGENT-X/outputs/chexpert_plus/convnext_features/patient00427_study1_view1_frontal.npz,ok,,2021,1924,MONOCHROME2,PA,"(768, 7, 7)","(768,)"
patient00427/study1,patient00427,train,46.0,Female,patient00427/study1/view2_lateral.dcm,data/raw/chexpert_plus/dicom_train/patient00427/study1/view2_lateral.dcm,/home/jovyan/Desktop/MEDAGENT-X/outputs/chexpert_plus/convnext_features/patient00427_study1_view2_lateral.npz,ok,,2021,1932,MONOCHROME2,LL,"(768, 7, 7)","(768,)"
patient00429/study1,patient00429,train,60.0,Female,patient00429/study1/view3_lateral.dcm,data/raw/chexpert_plus/dicom_train/patient00429/study1/view3_lateral.dcm,/home/jovyan/Desktop/MEDAGENT-X/outputs/chexpert_plus/convnext_features/patient00429_study1_view3_lateral.npz,ok,,1819,1756,MONOCHROME2,LL,"(768, 7, 7)","(768,)"
patient00429/study1,patient00429,train,60.0,Female,patient00429/study1/view2_frontal.dcm,data/raw/chexpert_plus/dicom_train/patient00429/study1/view2_frontal.dcm,/home/jovyan/Desktop/MEDAGENT-X/outputs/chexpert_plus/convnext_features/patient00429_study1_view2_frontal.npz,ok,,1778,1914,MONOCHROME2,PA,"(768, 7, 7)","(768,)"
patient00429/study1,patient00429,train,60.0,Female,patient00429/study1/view1_frontal.dcm,data/raw/chexpert_plus/dicom_train/patient00429/study1/view1_frontal.dcm,/home/jovyan/Desktop/MEDAGENT-X/outputs/chexpert_plus/convnext_features/patient00429_study1_view1_frontal.npz,ok,,1847,1928,MONOCHROME2,PA,"(768, 7, 7)","(768,)"
patient00441/study4,patient00441,train,88.0,Female,patient00441/study4/view1_frontal.dcm,data/raw/chexpert_plus/dicom_train/patient00441/study4/view1_frontal.dcm,/home/jovyan/Desktop/MEDAGENT-X/outputs/chexpert_plus/convnext_features/patient00441_study4_view1_frontal.npz,ok,,2320,2828,MONOCHROME1,AP,"(768, 7, 7)","(768,)"
patient00441/study6,patient00441,train,88.0,Female,patient00441/study6/view1_frontal.dcm,data/raw/chexpert_plus/dicom_train/patient00441/study6/view1_frontal.dcm,/home/jovyan/Desktop/MEDAGENT-X/outputs/chexpert_plus/convnext_features/patient00441_study6_view1_frontal.npz,ok,,2320,2828,MONOCHROME1,AP,"(768, 7, 7)","(768,)"
patient00441/study3,patient00441,train,88.0,Female,patient00441/study3/view1_frontal.dcm,data/raw/chexpert_plus/dicom_train/patient00441/study3/view1_frontal.dcm,/home/jovyan/Desktop/MEDAGENT-X/outputs/chexpert_plus/convnext_features/patient00441_study3_view1_frontal.npz,ok,,2320,2828,MONOCHROME1,AP,"(768, 7, 7)","(768,)"
patient00441/study5,patient00441,train,88.0,Female,patient00441/study5/view1_frontal.dcm,data/raw/chexpert_plus/dicom_train/patient00441/study5/view1_frontal.dcm,/home/jovyan/Desktop/MEDAGENT-X/outputs/chexpert_plus/convnext_features/patient00441_study5_view1_frontal.npz,ok,,2320,2828,MONOCHROME1,AP,"(768, 7, 7)","(768,)"
patient00441/study2,patient00441,train,88.0,Female,patient00441/study2/view1_frontal.dcm,data/raw/chexpert_plus/dicom_train/patient00441/study2/view1_frontal.dcm,/home/jovyan/Desktop/MEDAGENT-X/outputs/chexpert_plus/convnext_features/patient00441_study2_view1_frontal.npz,ok,,2320,2828,MONOCHROME1,AP,"(768, 7, 7)","(768,)"
patient00441/study1,patient00441,train,88.0,Female,patient00441/study1/view1_frontal.dcm,data/raw/chexpert_plus/dicom_train/patient00441/study1/view1_frontal.dcm,/home/jovyan/Desktop/MEDAGENT-X/outputs/chexpert_plus/convnext_features/patient00441_study1_view1_frontal.npz,ok,,2320,2828,MONOCHROME1,AP,"(768, 7, 7)","(768,)"
patient00445/study1,patient00445,train,72.0,Female,patient00445/study1/view1_frontal.dcm,data/raw/chexpert_plus/dicom_train/patient00445/study1/view1_frontal.dcm,/home/jovyan/Desktop/MEDAGENT-X/outputs/chexpert_plus/convnext_features/patient00445_study1_view1_frontal.npz,ok,,2320,2828,MONOCHROME1,AP,"(768, 7, 7)","(768,)"
patient00448/study1,patient00448,train,69.0,Female,patient00448/study1/view1_frontal.dcm,data/raw/chexpert_plus/dicom_train/patient00448/study1/view1_frontal.dcm,/home/jovyan/Desktop/MEDAGENT-X/outputs/chexpert_plus/convnext_features/patient00448_study1_view1_frontal.npz,ok,,2320,2828,MONOCHROME1,AP,"(768, 7, 7)","(768,)"
patient00448/study1,patient00448,train,69.0,Female,patient00448/study1/view2_lateral.dcm,data/raw/chexpert_plus/dicom_train/patient00448/study1/view2_lateral.dcm,/home/jovyan/Desktop/MEDAGENT-X/outputs/chexpert_plus/convnext_features/patient00448_study1_view2_lateral.npz,ok,,2828,2320,MONOCHROME1,PA,"(768, 7, 7)","(768,)"
patient00450/study1,patient00450,train,23.0,Male,patient00450/study1/view1_frontal.dcm,data/raw/chexpert_plus/dicom_train/patient00450/study1/view1_frontal.dcm,/home/jovyan/Desktop/MEDAGENT-X/outputs/chexpert_plus/convnext_features/patient00450_study1_view1_frontal.npz,ok,,2022,2022,MONOCHROME2,PA,"(768, 7, 7)","(768,)"
patient00450/study1,patient00450,train,23.0,Male,patient00450/study1/view2_lateral.dcm,data/raw/chexpert_plus/dicom_train/patient00450/study1/view2_lateral.dcm,/home/jovyan/Desktop/MEDAGENT-X/outputs/chexpert_plus/convnext_features/patient00450_study1_view2_lateral.npz,ok,,2022,2022,MONOCHROME2,LL,"(768, 7, 7)","(768,)"
patient00452/study1,patient00452,train,32.0,Male,patient00452/study1/view1_frontal.dcm,data/raw/chexpert_plus/dicom_train/patient00452/study1/view1_frontal.dcm,/home/jovyan/Desktop/MEDAGENT-X/outputs/chexpert_plus/convnext_features/patient00452_study1_view1_frontal.npz,ok,,2021,2022,MONOCHROME2,PA,"(768, 7, 7)","(768,)"
patient00455/study1,patient00455,train,26.0,Male,patient00455/study1/view1_frontal.dcm,data/raw/chexpert_plus/dicom_train/patient00455/study1/view1_frontal.dcm,/home/jovyan/Desktop/MEDAGENT-X/outputs/chexpert_plus/convnext_features/patient00455_study1_view1_frontal.npz,ok,,2021,2021,MONOCHROME2,PA,"(768, 7, 7)","(768,)"
patient00455/study1,patient00455,train,26.0,Male,patient00455/study1/view2_lateral.dcm,data/raw/chexpert_plus/dicom_train/patient00455/study1/view2_lateral.dcm,/home/jovyan/Desktop/MEDAGENT-X/outputs/chexpert_plus/convnext_features/patient00455_study1_view2_lateral.npz,ok,,2021,2021,MONOCHROME2,LL,"(768, 7, 7)","(768,)"
patient00457/study4,patient00457,train,69.0,Female,patient00457/study4/view1_frontal.dcm,data/raw/chexpert_plus/dicom_train/patient00457/study4/view1_frontal.dcm,/home/jovyan/Desktop/MEDAGENT-X/outputs/chexpert_plus/convnext_features/patient00457_study4_view1_frontal.npz,ok,,2320,2828,MONOCHROME1,AP,"(768, 7, 7)","(768,)"
patient00457/study5,patient00457,train,69.0,Female,patient00457/study5/view1_frontal.dcm,data/raw/chexpert_plus/dicom_train/patient00457/study5/view1_frontal.dcm,/home/jovyan/Desktop/MEDAGENT-X/outputs/chexpert_plus/convnext_features/patient00457_study5_view1_frontal.npz,ok,,2320,2828,MONOCHROME1,AP,"(768, 7, 7)","(768,)"
patient00457/study3,patient00457,train,69.0,Female,patient00457/study3/view1_frontal.dcm,data/raw/chexpert_plus/dicom_train/patient00457/study3/view1_frontal.dcm,/home/jovyan/Desktop/MEDAGENT-X/outputs/chexpert_plus/convnext_features/patient00457_study3_view1_frontal.npz,ok,,2320,2828,MONOCHROME1,AP,"(768, 7, 7)","(768,)"
patient00457/study9,patient00457,train,69.0,Female,patient00457/study9/view1_frontal.dcm,data/raw/chexpert_plus/dicom_train/patient00457/study9/view1_frontal.dcm,/home/jovyan/Desktop/MEDAGENT-X/outputs/chexpert_plus/convnext_features/patient00457_study9_view1_frontal.npz,ok,,1751,2022,MONOCHROME2,PA,"(768, 7, 7)","(768,)"
patient00457/study2,patient00457,train,69.0,Female,patient00457/study2/view1_frontal.dcm,data/raw/chexpert_plus/dicom_train/patient00457/study2/view1_frontal.dcm,/home/jovyan/Desktop/MEDAGENT-X/outputs/chexpert_plus/convnext_features/patient00457_study2_view1_frontal.npz,ok,,2320,2828,MONOCHROME1,AP,"(768, 7, 7)","(768,)"
patient00457/study6,patient00457,train,69.0,Female,patient00457/study6/view1_frontal.dcm,data/raw/chexpert_plus/dicom_train/patient00457/study6/view1_frontal.dcm,/home/jovyan/Desktop/MEDAGENT-X/outputs/chexpert_plus/convnext_features/patient00457_study6_view1_frontal.npz,ok,,2048,2494,MONOCHROME1,AP,"(768, 7, 7)","(768,)"
patient00457/study8,patient00457,train,69.0,Female,patient00457/study8/view1_frontal.dcm,data/raw/chexpert_plus/dicom_train/patient00457/study8/view1_frontal.dcm,/home/jovyan/Desktop/MEDAGENT-X/outputs/chexpert_plus/convnext_features/patient00457_study8_view1_frontal.npz,ok,,2320,2828,MONOCHROME1,AP,"(768, 7, 7)","(768,)"
patient00457/study7,patient00457,train,69.0,Female,patient00457/study7/view1_frontal.dcm,data/raw/chexpert_plus/dicom_train/patient00457/study7/view1_frontal.dcm,/home/jovyan/Desktop/MEDAGENT-X/outputs/chexpert_plus/convnext_features/patient00457_study7_view1_frontal.npz,ok,,2320,2828,MONOCHROME1,AP,"(768, 7, 7)","(768,)"
patient00459/study1,patient00459,train,25.0,Male,patient00459/study1/view2_lateral.dcm,data/raw/chexpert_plus/dicom_train/patient00459/study1/view2_lateral.dcm,/home/jovyan/Desktop/MEDAGENT-X/outputs/chexpert_plus/convnext_features/patient00459_study1_view2_lateral.npz,ok,,2828,2320,MONOCHROME1,PA,"(768, 7, 7)","(768,)"
patient00459/study1,patient00459,train,25.0,Male,patient00459/study1/view1_frontal.dcm,data/raw/chexpert_plus/dicom_train/patient00459/study1/view1_frontal.dcm,/home/jovyan/Desktop/MEDAGENT-X/outputs/chexpert_plus/convnext_features/patient00459_study1_view1_frontal.npz,ok,,2320,2828,MONOCHROME1,PA,"(768, 7, 7)","(768,)"
patient00462/study1,patient00462,train,18.0,Male,patient00462/study1/view1_frontal.dcm,data/raw/chexpert_plus/dicom_train/patient00462/study1/view1_frontal.dcm,/home/jovyan/Desktop/MEDAGENT-X/outputs/chexpert_plus/convnext_features/patient00462_study1_view1_frontal.npz,ok,,2320,2828,MONOCHROME1,AP,"(768, 7, 7)","(768,)"
patient00464/study1,patient00464,train,85.0,Female,patient00464/study1/view1_frontal.dcm,data/raw/chexpert_plus/dicom_train/patient00464/study1/view1_frontal.dcm,/home/jovyan/Desktop/MEDAGENT-X/outputs/chexpert_plus/convnext_features/patient00464_study1_view1_frontal.npz,ok,,2320,2828,MONOCHROME1,AP,"(768, 7, 7)","(768,)"
patient00472/study1,patient00472,train,88.0,Male,patient00472/study1/view1_frontal.dcm,data/raw/chexpert_plus/dicom_train/patient00472/study1/view1_frontal.dcm,/home/jovyan/Desktop/MEDAGENT-X/outputs/chexpert_plus/convnext_features/patient00472_study1_view1_frontal.npz,ok,,2048,2494,MONOCHROME1,AP,"(768, 7, 7)","(768,)"
patient00472/study2,patient00472,train,88.0,Male,patient00472/study2/view2_lateral.dcm,data/raw/chexpert_plus/dicom_train/patient00472/study2/view2_lateral.dcm,/home/jovyan/Desktop/MEDAGENT-X/outputs/chexpert_plus/convnext_features/patient00472_study2_view2_lateral.npz,ok,,2021,1751,MONOCHROME2,LL,"(768, 7, 7)","(768,)"
patient00472/study2,patient00472,train,88.0,Male,patient00472/study2/view1_frontal.dcm,data/raw/chexpert_plus/dicom_train/patient00472/study2/view1_frontal.dcm,/home/jovyan/Desktop/MEDAGENT-X/outputs/chexpert_plus/convnext_features/patient00472_study2_view1_frontal.npz,ok,,1751,2022,MONOCHROME2,PA,"(768, 7, 7)","(768,)"
patient00475/study1,patient00475,train,89.0,Female,patient00475/study1/view1_frontal.dcm,data/raw/chexpert_plus/dicom_train/patient00475/study1/view1_frontal.dcm,/home/jovyan/Desktop/MEDAGENT-X/outputs/chexpert_plus/convnext_features/patient00475_study1_view1_frontal.npz,ok,,2320,2828,MONOCHROME1,AP,"(768, 7, 7)","(768,)"
patient00475/study2,patient00475,train,89.0,Female,patient00475/study2/view1_frontal.dcm,data/raw/chexpert_plus/dicom_train/patient00475/study2/view1_frontal.dcm,/home/jovyan/Desktop/MEDAGENT-X/outputs/chexpert_plus/convnext_features/patient00475_study2_view1_frontal.npz,ok,,2320,2828,MONOCHROME1,AP,"(768, 7, 7)","(768,)"
patient00476/study1,patient00476,train,40.0,Male,patient00476/study1/view1_frontal.dcm,data/raw/chexpert_plus/dicom_train/patient00476/study1/view1_frontal.dcm,/home/jovyan/Desktop/MEDAGENT-X/outputs/chexpert_plus/convnext_features/patient00476_study1_view1_frontal.npz,ok,,2021,2021,MONOCHROME2,PA,"(768, 7, 7)","(768,)"
patient00476/study1,patient00476,train,40.0,Male,patient00476/study1/view2_lateral.dcm,data/raw/chexpert_plus/dicom_train/patient00476/study1/view2_lateral.dcm,/home/jovyan/Desktop/MEDAGENT-X/outputs/chexpert_plus/convnext_features/patient00476_study1_view2_lateral.npz,ok,,2021,1794,MONOCHROME2,LL,"(768, 7, 7)","(768,)"
patient00479/study1,patient00479,train,66.0,Male,patient00479/study1/view1_frontal.dcm,data/raw/chexpert_plus/dicom_train/patient00479/study1/view1_frontal.dcm,/home/jovyan/Desktop/MEDAGENT-X/outputs/chexpert_plus/convnext_features/patient00479_study1_view1_frontal.npz,ok,,2320,2828,MONOCHROME1,PA,"(768, 7, 7)","(768,)"
patient00479/study1,patient00479,train,66.0,Male,patient00479/study1/view2_lateral.dcm,data/raw/chexpert_plus/dicom_train/patient00479/study1/view2_lateral.dcm,/home/jovyan/Desktop/MEDAGENT-X/outputs/chexpert_plus/convnext_features/patient00479_study1_view2_lateral.npz,ok,,2828,2320,MONOCHROME1,LL,"(768, 7, 7)","(768,)"
patient00485/study2,patient00485,train,56.0,Male,patient00485/study2/view1_frontal.dcm,data/raw/chexpert_plus/dicom_train/patient00485/study2/view1_frontal.dcm,/home/jovyan/Desktop/MEDAGENT-X/outputs/chexpert_plus/convnext_features/patient00485_study2_view1_frontal.npz,ok,,2320,2828,MONOCHROME1,AP,"(768, 7, 7)","(768,)"
patient00485/study1,patient00485,train,56.0,Male,patient00485/study1/view1_frontal.dcm,data/raw/chexpert_plus/dicom_train/patient00485/study1/view1_frontal.dcm,/home/jovyan/Desktop/MEDAGENT-X/outputs/chexpert_plus/convnext_features/patient00485_study1_view1_frontal.npz,ok,,2048,2494,MONOCHROME1,AP,"(768, 7, 7)","(768,)"
patient00491/study1,patient00491,train,89.0,Female,patient00491/study1/view1_frontal.dcm,data/raw/chexpert_plus/dicom_train/patient00491/study1/view1_frontal.dcm,/home/jovyan/Desktop/MEDAGENT-X/outputs/chexpert_plus/convnext_features/patient00491_study1_view1_frontal.npz,ok,,2320,2828,MONOCHROME1,AP,"(768, 7, 7)","(768,)"
patient00491/study4,patient00491,train,89.0,Female,patient00491/study4/view1_frontal.dcm,data/raw/chexpert_plus/dicom_train/patient00491/study4/view1_frontal.dcm,/home/jovyan/Desktop/MEDAGENT-X/outputs/chexpert_plus/convnext_features/patient00491_study4_view1_frontal.npz,ok,,2320,2828,MONOCHROME1,AP,"(768, 7, 7)","(768,)"
patient00491/study3,patient00491,train,89.0,Female,patient00491/study3/view1_frontal.dcm,data/raw/chexpert_plus/dicom_train/patient00491/study3/view1_frontal.dcm,/home/jovyan/Desktop/MEDAGENT-X/outputs/chexpert_plus/convnext_features/patient00491_study3_view1_frontal.npz,ok,,2320,2828,MONOCHROME1,AP,"(768, 7, 7)","(768,)"
patient00491/study2,patient00491,train,89.0,Female,patient00491/study2/view1_frontal.dcm,data/raw/chexpert_plus/dicom_train/patient00491/study2/view1_frontal.dcm,/home/jovyan/Desktop/MEDAGENT-X/outputs/chexpert_plus/convnext_features/patient00491_study2_view1_frontal.npz,ok,,2320,2828,MONOCHROME1,AP,"(768, 7, 7)","(768,)"
patient00493/study1,patient00493,train,31.0,Male,patient00493/study1/view2_lateral.dcm,data/raw/chexpert_plus/dicom_train/patient00493/study1/view2_lateral.dcm,/home/jovyan/Desktop/MEDAGENT-X/outputs/chexpert_plus/convnext_features/patient00493_study1_view2_lateral.npz,ok,,2022,1751,MONOCHROME2,LL,"(768, 7, 7)","(768,)"
patient00493/study1,patient00493,train,31.0,Male,patient00493/study1/view1_frontal.dcm,data/raw/chexpert_plus/dicom_train/patient00493/study1/view1_frontal.dcm,/home/jovyan/Desktop/MEDAGENT-X/outputs/chexpert_plus/convnext_features/patient00493_study1_view1_frontal.npz,ok,,1751,2022,MONOCHROME2,PA,"(768, 7, 7)","(768,)"
patient00496/study1,patient00496,train,30.0,Male,patient00496/study1/view1_frontal.dcm,data/raw/chexpert_plus/dicom_train/patient00496/study1/view1_frontal.dcm,/home/jovyan/Desktop/MEDAGENT-X/outputs/chexpert_plus/convnext_features/patient00496_study1_view1_frontal.npz,ok,,2320,2828,MONOCHROME1,AP,"(768, 7, 7)","(768,)"
patient00496/study2,patient00496,train,30.0,Male,patient00496/study2/view1_frontal.dcm,data/raw/chexpert_plus/dicom_train/patient00496/study2/view1_frontal.dcm,/home/jovyan/Desktop/MEDAGENT-X/outputs/chexpert_plus/convnext_features/patient00496_study2_view1_frontal.npz,ok,,2320,2828,MONOCHROME1,AP,"(768, 7, 7)","(768,)"
patient00496/study4,patient00496,train,30.0,Male,patient00496/study4/view1_frontal.dcm,data/raw/chexpert_plus/dicom_train/patient00496/study4/view1_frontal.dcm,/home/jovyan/Desktop/MEDAGENT-X/outputs/chexpert_plus/convnext_features/patient00496_study4_view1_frontal.npz,ok,,2320,2828,MONOCHROME1,AP,"(768, 7, 7)","(768,)"
patient00496/study6,patient00496,train,30.0,Male,patient00496/study6/view1_frontal.dcm,data/raw/chexpert_plus/dicom_train/patient00496/study6/view1_frontal.dcm,/home/jovyan/Desktop/MEDAGENT-X/outputs/chexpert_plus/convnext_features/patient00496_study6_view1_frontal.npz,ok,,2320,2828,MONOCHROME1,AP,"(768, 7, 7)","(768,)"
patient00496/study3,patient00496,train,30.0,Male,patient00496/study3/view1_frontal.dcm,data/raw/chexpert_plus/dicom_train/patient00496/study3/view1_frontal.dcm,/home/jovyan/Desktop/MEDAGENT-X/outputs/chexpert_plus/convnext_features/patient00496_study3_view1_frontal.npz,ok,,2320,2828,MONOCHROME1,AP,"(768, 7, 7)","(768,)"
patient00496/study7,patient00496,train,30.0,Male,patient00496/study7/view1_frontal.dcm,data/raw/chexpert_plus/dicom_train/patient00496/study7/view1_frontal.dcm,/home/jovyan/Desktop/MEDAGENT-X/outputs/chexpert_plus/convnext_features/patient00496_study7_view1_frontal.npz,ok,,2320,2828,MONOCHROME1,AP,"(768, 7, 7)","(768,)"
patient00496/study5,patient00496,train,30.0,Male,patient00496/study5/view1_frontal.dcm,data/raw/chexpert_plus/dicom_train/patient00496/study5/view1_frontal.dcm,/home/jovyan/Desktop/MEDAGENT-X/outputs/chexpert_plus/convnext_features/patient00496_study5_view1_frontal.npz,ok,,2320,2828,MONOCHROME1,AP,"(768, 7, 7)","(768,)"
patient00500/study1,patient00500,train,21.0,Male,patient00500/study1/view1_frontal.dcm,data/raw/chexpert_plus/dicom_train/patient00500/study1/view1_frontal.dcm,/home/jovyan/Desktop/MEDAGENT-X/outputs/chexpert_plus/convnext_features/patient00500_study1_view1_frontal.npz,ok,,2320,2828,MONOCHROME1,AP,"(768, 7, 7)","(768,)"
patient00500/study2,patient00500,train,21.0,Male,patient00500/study2/view1_frontal.dcm,data/raw/chexpert_plus/dicom_train/patient00500/study2/view1_frontal.dcm,/home/jovyan/Desktop/MEDAGENT-X/outputs/chexpert_plus/convnext_features/patient00500_study2_view1_frontal.npz,ok,,3480,4240,MONOCHROME1,PA,"(768, 7, 7)","(768,)"
patient00500/study2,patient00500,train,21.0,Male,patient00500/study2/view2_lateral.dcm,data/raw/chexpert_plus/dicom_train/patient00500/study2/view2_lateral.dcm,/home/jovyan/Desktop/MEDAGENT-X/outputs/chexpert_plus/convnext_features/patient00500_study2_view2_lateral.npz,ok,,2828,2320,MONOCHROME1,PA,"(768, 7, 7)","(768,)"
patient00503/study1,patient00503,train,56.0,Female,patient00503/study1/view1_frontal.dcm,data/raw/chexpert_plus/dicom_train/patient00503/study1/view1_frontal.dcm,/home/jovyan/Desktop/MEDAGENT-X/outputs/chexpert_plus/convnext_features/patient00503_study1_view1_frontal.npz,ok,,2320,2828,MONOCHROME1,AP,"(768, 7, 7)","(768,)"
patient00506/study1,patient00506,train,62.0,Male,patient00506/study1/view1_frontal.dcm,data/raw/chexpert_plus/dicom_train/patient00506/study1/view1_frontal.dcm,/home/jovyan/Desktop/MEDAGENT-X/outputs/chexpert_plus/convnext_features/patient00506_study1_view1_frontal.npz,ok,,2320,2828,MONOCHROME1,AP,"(768, 7, 7)","(768,)"
patient00507/study1,patient00507,train,35.0,Female,patient00507/study1/view1_frontal.dcm,data/raw/chexpert_plus/dicom_train/patient00507/study1/view1_frontal.dcm,/home/jovyan/Desktop/MEDAGENT-X/outputs/chexpert_plus/convnext_features/patient00507_study1_view1_frontal.npz,ok,,2048,2494,MONOCHROME1,AP,"(768, 7, 7)","(768,)"
patient00508/study4,patient00508,train,77.0,Male,patient00508/study4/view1_frontal.dcm,data/raw/chexpert_plus/dicom_train/patient00508/study4/view1_frontal.dcm,/home/jovyan/Desktop/MEDAGENT-X/outputs/chexpert_plus/convnext_features/patient00508_study4_view1_frontal.npz,ok,,2320,2828,MONOCHROME1,AP,"(768, 7, 7)","(768,)"
patient00508/study1,patient00508,train,77.0,Male,patient00508/study1/view1_frontal.dcm,data/raw/chexpert_plus/dicom_train/patient00508/study1/view1_frontal.dcm,/home/jovyan/Desktop/MEDAGENT-X/outputs/chexpert_plus/convnext_features/patient00508_study1_view1_frontal.npz,ok,,2048,2494,MONOCHROME1,AP,"(768, 7, 7)","(768,)"
patient00508/study2,patient00508,train,77.0,Male,patient00508/study2/view1_frontal.dcm,data/raw/chexpert_plus/dicom_train/patient00508/study2/view1_frontal.dcm,/home/jovyan/Desktop/MEDAGENT-X/outputs/chexpert_plus/convnext_features/patient00508_study2_view1_frontal.npz,ok,,2320,2828,MONOCHROME1,AP,"(768, 7, 7)","(768,)"
patient00508/study3,patient00508,train,77.0,Male,patient00508/study3/view1_frontal.dcm,data/raw/chexpert_plus/dicom_train/patient00508/study3/view1_frontal.dcm,/home/jovyan/Desktop/MEDAGENT-X/outputs/chexpert_plus/convnext_features/patient00508_study3_view1_frontal.npz,ok,,2048,2494,MONOCHROME1,AP,"(768, 7, 7)","(768,)"
patient00511/study1,patient00511,train,77.0,Female,patient00511/study1/view1_frontal.dcm,data/raw/chexpert_plus/dicom_train/patient00511/study1/view1_frontal.dcm,/home/jovyan/Desktop/MEDAGENT-X/outputs/chexpert_plus/convnext_features/patient00511_study1_view1_frontal.npz,ok,,2320,2828,MONOCHROME1,AP,"(768, 7, 7)","(768,)"
patient00515/study3,patient00515,train,59.0,Female,patient00515/study3/view1_frontal.dcm,data/raw/chexpert_plus/dicom_train/patient00515/study3/view1_frontal.dcm,/home/jovyan/Desktop/MEDAGENT-X/outputs/chexpert_plus/convnext_features/patient00515_study3_view1_frontal.npz,ok,,2320,2828,MONOCHROME1,AP,"(768, 7, 7)","(768,)"
patient00515/study9,patient00515,train,59.0,Female,patient00515/study9/view2_lateral.dcm,data/raw/chexpert_plus/dicom_train/patient00515/study9/view2_lateral.dcm,/home/jovyan/Desktop/MEDAGENT-X/outputs/chexpert_plus/convnext_features/patient00515_study9_view2_lateral.npz,ok,,2828,2320,MONOCHROME1,PA,"(768, 7, 7)","(768,)"
patient00515/study9,patient00515,train,59.0,Female,patient00515/study9/view1_frontal.dcm,data/raw/chexpert_plus/dicom_train/patient00515/study9/view1_frontal.dcm,/home/jovyan/Desktop/MEDAGENT-X/outputs/chexpert_plus/convnext_features/patient00515_study9_view1_frontal.npz,ok,,2320,2828,MONOCHROME1,AP,"(768, 7, 7)","(768,)"
patient00515/study6,patient00515,train,59.0,Female,patient00515/study6/view1_frontal.dcm,data/raw/chexpert_plus/dicom_train/patient00515/study6/view1_frontal.dcm,/home/jovyan/Desktop/MEDAGENT-X/outputs/chexpert_plus/convnext_features/patient00515_study6_view1_frontal.npz,ok,,2320,2828,MONOCHROME1,AP,"(768, 7, 7)","(768,)"
patient00515/study1,patient00515,train,59.0,Female,patient00515/study1/view1_frontal.dcm,data/raw/chexpert_plus/dicom_train/patient00515/study1/view1_frontal.dcm,/home/jovyan/Desktop/MEDAGENT-X/outputs/chexpert_plus/convnext_features/patient00515_study1_view1_frontal.npz,ok,,2320,2828,MONOCHROME1,AP,"(768, 7, 7)","(768,)"
patient00515/study2,patient00515,train,59.0,Female,patient00515/study2/view1_frontal.dcm,data/raw/chexpert_plus/dicom_train/patient00515/study2/view1_frontal.dcm,/home/jovyan/Desktop/MEDAGENT-X/outputs/chexpert_plus/convnext_features/patient00515_study2_view1_frontal.npz,ok,,2320,2828,MONOCHROME1,AP,"(768, 7, 7)","(768,)"
patient00515/study7,patient00515,train,59.0,Female,patient00515/study7/view1_frontal.dcm,data/raw/chexpert_plus/dicom_train/patient00515/study7/view1_frontal.dcm,/home/jovyan/Desktop/MEDAGENT-X/outputs/chexpert_plus/convnext_features/patient00515_study7_view1_frontal.npz,ok,,2320,2828,MONOCHROME1,AP,"(768, 7, 7)","(768,)"
patient00515/study11,patient00515,train,59.0,Female,patient00515/study11/view1_frontal.dcm,data/raw/chexpert_plus/dicom_train/patient00515/study11/view1_frontal.dcm,/home/jovyan/Desktop/MEDAGENT-X/outputs/chexpert_plus/convnext_features/patient00515_study11_view1_frontal.npz,ok,,2048,2494,MONOCHROME1,AP,"(768, 7, 7)","(768,)"
patient00515/study8,patient00515,train,59.0,Female,patient00515/study8/view1_frontal.dcm,data/raw/chexpert_plus/dicom_train/patient00515/study8/view1_frontal.dcm,/home/jovyan/Desktop/MEDAGENT-X/outputs/chexpert_plus/convnext_features/patient00515_study8_view1_frontal.npz,ok,,2320,2828,MONOCHROME1,AP,"(768, 7, 7)","(768,)"
patient00515/study5,patient00515,train,59.0,Female,patient00515/study5/view1_frontal.dcm,data/raw/chexpert_plus/dicom_train/patient00515/study5/view1_frontal.dcm,/home/jovyan/Desktop/MEDAGENT-X/outputs/chexpert_plus/convnext_features/patient00515_study5_view1_frontal.npz,ok,,2320,2828,MONOCHROME1,AP,"(768, 7, 7)","(768,)"
patient00515/study4,patient00515,train,59.0,Female,patient00515/study4/view1_frontal.dcm,data/raw/chexpert_plus/dicom_train/patient00515/study4/view1_frontal.dcm,/home/jovyan/Desktop/MEDAGENT-X/outputs/chexpert_plus/convnext_features/patient00515_study4_view1_frontal.npz,ok,,2048,2494,MONOCHROME1,AP,"(768, 7, 7)","(768,)"
patient00515/study13,patient00515,train,59.0,Female,patient00515/study13/view1_frontal.dcm,data/raw/chexpert_plus/dicom_train/patient00515/study13/view1_frontal.dcm,/home/jovyan/Desktop/MEDAGENT-X/outputs/chexpert_plus/convnext_features/patient00515_study13_view1_frontal.npz,ok,,2048,2494,MONOCHROME1,AP,"(768, 7, 7)","(768,)"
patient00515/study10,patient00515,train,59.0,Female,patient00515/study10/view1_frontal.dcm,data/raw/chexpert_plus/dicom_train/patient00515/study10/view1_frontal.dcm,/home/jovyan/Desktop/MEDAGENT-X/outputs/chexpert_plus/convnext_features/patient00515_study10_view1_frontal.npz,ok,,2320,2828,MONOCHROME1,AP,"(768, 7, 7)","(768,)"
patient00515/study12,patient00515,train,59.0,Female,patient00515/study12/view1_frontal.dcm,data/raw/chexpert_plus/dicom_train/patient00515/study12/view1_frontal.dcm,/home/jovyan/Desktop/MEDAGENT-X/outputs/chexpert_plus/convnext_features/patient00515_study12_view1_frontal.npz,ok,,2048,2494,MONOCHROME1,AP,"(768, 7, 7)","(768,)"
patient00521/study2,patient00521,train,34.0,Male,patient00521/study2/view1_frontal.dcm,data/raw/chexpert_plus/dicom_train/patient00521/study2/view1_frontal.dcm,/home/jovyan/Desktop/MEDAGENT-X/outputs/chexpert_plus/convnext_features/patient00521_study2_view1_frontal.npz,ok,,2320,2828,MONOCHROME1,AP,"(768, 7, 7)","(768,)"
patient00521/study1,patient00521,train,34.0,Male,patient00521/study1/view1_frontal.dcm,data/raw/chexpert_plus/dicom_train/patient00521/study1/view1_frontal.dcm,/home/jovyan/Desktop/MEDAGENT-X/outputs/chexpert_plus/convnext_features/patient00521_study1_view1_frontal.npz,ok,,2320,2828,MONOCHROME1,AP,"(768, 7, 7)","(768,)"
patient00521/study3,patient00521,train,34.0,Male,patient00521/study3/view1_frontal.dcm,data/raw/chexpert_plus/dicom_train/patient00521/study3/view1_frontal.dcm,/home/jovyan/Desktop/MEDAGENT-X/outputs/chexpert_plus/convnext_features/patient00521_study3_view1_frontal.npz,ok,,2320,2828,MONOCHROME1,AP,"(768, 7, 7)","(768,)"
patient00521/study4,patient00521,train,34.0,Male,patient00521/study4/view1_frontal.dcm,data/raw/chexpert_plus/dicom_train/patient00521/study4/view1_frontal.dcm,/home/jovyan/Desktop/MEDAGENT-X/outputs/chexpert_plus/convnext_features/patient00521_study4_view1_frontal.npz,ok,,2320,2828,MONOCHROME1,AP,"(768, 7, 7)","(768,)"
patient00525/study1,patient00525,train,80.0,Male,patient00525/study1/view1_frontal.dcm,data/raw/chexpert_plus/dicom_train/patient00525/study1/view1_frontal.dcm,/home/jovyan/Desktop/MEDAGENT-X/outputs/chexpert_plus/convnext_features/patient00525_study1_view1_frontal.npz,ok,,2320,2828,MONOCHROME1,AP,"(768, 7, 7)","(768,)"
patient00525/study2,patient00525,train,80.0,Male,patient00525/study2/view1_frontal.dcm,data/raw/chexpert_plus/dicom_train/patient00525/study2/view1_frontal.dcm,/home/jovyan/Desktop/MEDAGENT-X/outputs/chexpert_plus/convnext_features/patient00525_study2_view1_frontal.npz,ok,,2320,2828,MONOCHROME1,AP,"(768, 7, 7)","(768,)"
patient00529/study1,patient00529,train,69.0,Male,patient00529/study1/view1_frontal.dcm,data/raw/chexpert_plus/dicom_train/patient00529/study1/view1_frontal.dcm,/home/jovyan/Desktop/MEDAGENT-X/outputs/chexpert_plus/convnext_features/patient00529_study1_view1_frontal.npz,ok,,2320,2828,MONOCHROME1,AP,"(768, 7, 7)","(768,)"
patient00529/study2,patient00529,train,69.0,Male,patient00529/study2/view1_frontal.dcm,data/raw/chexpert_plus/dicom_train/patient00529/study2/view1_frontal.dcm,/home/jovyan/Desktop/MEDAGENT-X/outputs/chexpert_plus/convnext_features/patient00529_study2_view1_frontal.npz,ok,,2320,2828,MONOCHROME1,AP,"(768, 7, 7)","(768,)"
patient00530/study1,patient00530,train,57.0,Male,patient00530/study1/view1_frontal.dcm,data/raw/chexpert_plus/dicom_train/patient00530/study1/view1_frontal.dcm,/home/jovyan/Desktop/MEDAGENT-X/outputs/chexpert_plus/convnext_features/patient00530_study1_view1_frontal.npz,ok,,2320,2828,MONOCHROME1,AP,"(768, 7, 7)","(768,)"
patient00533/study2,patient00533,train,75.0,Male,patient00533/study2/view1_frontal.dcm,data/raw/chexpert_plus/dicom_train/patient00533/study2/view1_frontal.dcm,/home/jovyan/Desktop/MEDAGENT-X/outputs/chexpert_plus/convnext_features/patient00533_study2_view1_frontal.npz,ok,,2320,2828,MONOCHROME1,AP,"(768, 7, 7)","(768,)"
patient00533/study1,patient00533,train,75.0,Male,patient00533/study1/view1_frontal.dcm,data/raw/chexpert_plus/dicom_train/patient00533/study1/view1_frontal.dcm,/home/jovyan/Desktop/MEDAGENT-X/outputs/chexpert_plus/convnext_features/patient00533_study1_view1_frontal.npz,ok,,2320,2828,MONOCHROME1,AP,"(768, 7, 7)","(768,)"
patient00533/study4,patient00533,train,75.0,Male,patient00533/study4/view1_frontal.dcm,data/raw/chexpert_plus/dicom_train/patient00533/study4/view1_frontal.dcm,/home/jovyan/Desktop/MEDAGENT-X/outputs/chexpert_plus/convnext_features/patient00533_study4_view1_frontal.npz,ok,,2320,2828,MONOCHROME1,AP,"(768, 7, 7)","(768,)"
patient00533/study3,patient00533,train,75.0,Male,patient00533/study3/view1_frontal.dcm,data/raw/chexpert_plus/dicom_train/patient00533/study3/view1_frontal.dcm,/home/jovyan/Desktop/MEDAGENT-X/outputs/chexpert_plus/convnext_features/patient00533_study3_view1_frontal.npz,ok,,2320,2828,MONOCHROME1,AP,"(768, 7, 7)","(768,)"
patient00535/study1,patient00535,train,57.0,Male,patient00535/study1/view2_lateral.dcm,data/raw/chexpert_plus/dicom_train/patient00535/study1/view2_lateral.dcm,/home/jovyan/Desktop/MEDAGENT-X/outputs/chexpert_plus/convnext_features/patient00535_study1_view2_lateral.npz,ok,,2022,2022,MONOCHROME2,LL,"(768, 7, 7)","(768,)"
patient00535/study1,patient00535,train,57.0,Male,patient00535/study1/view1_frontal.dcm,data/raw/chexpert_plus/dicom_train/patient00535/study1/view1_frontal.dcm,/home/jovyan/Desktop/MEDAGENT-X/outputs/chexpert_plus/convnext_features/patient00535_study1_view1_frontal.npz,ok,,2022,2022,MONOCHROME2,PA,"(768, 7, 7)","(768,)"
patient00535/study2,patient00535,train,57.0,Male,patient00535/study2/view2_lateral.dcm,data/raw/chexpert_plus/dicom_train/patient00535/study2/view2_lateral.dcm,/home/jovyan/Desktop/MEDAGENT-X/outputs/chexpert_plus/convnext_features/patient00535_study2_view2_lateral.npz,ok,,2021,1751,MONOCHROME2,LL,"(768, 7, 7)","(768,)"
patient00535/study2,patient00535,train,57.0,Male,patient00535/study2/view1_frontal.dcm,data/raw/chexpert_plus/dicom_train/patient00535/study2/view1_frontal.dcm,/home/jovyan/Desktop/MEDAGENT-X/outputs/chexpert_plus/convnext_features/patient00535_study2_view1_frontal.npz,ok,,1741,2022,MONOCHROME2,PA,"(768, 7, 7)","(768,)"
patient00539/study1,patient00539,train,83.0,Female,patient00539/study1/view1_frontal.dcm,data/raw/chexpert_plus/dicom_train/patient00539/study1/view1_frontal.dcm,/home/jovyan/Desktop/MEDAGENT-X/outputs/chexpert_plus/convnext_features/patient00539_study1_view1_frontal.npz,ok,,2320,2828,MONOCHROME1,AP,"(768, 7, 7)","(768,)"
patient00542/study3,patient00542,train,89.0,Male,patient00542/study3/view2_lateral.dcm,data/raw/chexpert_plus/dicom_train/patient00542/study3/view2_lateral.dcm,/home/jovyan/Desktop/MEDAGENT-X/outputs/chexpert_plus/convnext_features/patient00542_study3_view2_lateral.npz,ok,,2828,2320,MONOCHROME1,PA,"(768, 7, 7)","(768,)"
patient00542/study3,patient00542,train,89.0,Male,patient00542/study3/view1_frontal.dcm,data/raw/chexpert_plus/dicom_train/patient00542/study3/view1_frontal.dcm,/home/jovyan/Desktop/MEDAGENT-X/outputs/chexpert_plus/convnext_features/patient00542_study3_view1_frontal.npz,ok,,2320,2828,MONOCHROME1,AP,"(768, 7, 7)","(768,)"
patient00542/study1,patient00542,train,89.0,Male,patient00542/study1/view1_frontal.dcm,data/raw/chexpert_plus/dicom_train/patient00542/study1/view1_frontal.dcm,/home/jovyan/Desktop/MEDAGENT-X/outputs/chexpert_plus/convnext_features/patient00542_study1_view1_frontal.npz,ok,,2320,2828,MONOCHROME1,AP,"(768, 7, 7)","(768,)"
patient00542/study5,patient00542,train,89.0,Male,patient00542/study5/view1_frontal.dcm,data/raw/chexpert_plus/dicom_train/patient00542/study5/view1_frontal.dcm,/home/jovyan/Desktop/MEDAGENT-X/outputs/chexpert_plus/convnext_features/patient00542_study5_view1_frontal.npz,ok,,2320,2828,MONOCHROME1,AP,"(768, 7, 7)","(768,)"
patient00542/study2,patient00542,train,89.0,Male,patient00542/study2/view1_frontal.dcm,data/raw/chexpert_plus/dicom_train/patient00542/study2/view1_frontal.dcm,/home/jovyan/Desktop/MEDAGENT-X/outputs/chexpert_plus/convnext_features/patient00542_study2_view1_frontal.npz,ok,,2320,2828,MONOCHROME1,AP,"(768, 7, 7)","(768,)"
patient00542/study4,patient00542,train,89.0,Male,patient00542/study4/view1_frontal.dcm,data/raw/chexpert_plus/dicom_train/patient00542/study4/view1_frontal.dcm,/home/jovyan/Desktop/MEDAGENT-X/outputs/chexpert_plus/convnext_features/patient00542_study4_view1_frontal.npz,ok,,2320,2828,MONOCHROME1,AP,"(768, 7, 7)","(768,)"
patient00545/study2,patient00545,train,60.0,Male,patient00545/study2/view1_frontal.dcm,data/raw/chexpert_plus/dicom_train/patient00545/study2/view1_frontal.dcm,/home/jovyan/Desktop/MEDAGENT-X/outputs/chexpert_plus/convnext_features/patient00545_study2_view1_frontal.npz,ok,,1751,2022,MONOCHROME2,PA,"(768, 7, 7)","(768,)"
patient00545/study2,patient00545,train,60.0,Male,patient00545/study2/view2_lateral.dcm,data/raw/chexpert_plus/dicom_train/patient00545/study2/view2_lateral.dcm,/home/jovyan/Desktop/MEDAGENT-X/outputs/chexpert_plus/convnext_features/patient00545_study2_view2_lateral.npz,ok,,2022,1751,MONOCHROME2,LL,"(768, 7, 7)","(768,)"
patient00545/study1,patient00545,train,60.0,Male,patient00545/study1/view1_frontal.dcm,data/raw/chexpert_plus/dicom_train/patient00545/study1/view1_frontal.dcm,/home/jovyan/Desktop/MEDAGENT-X/outputs/chexpert_plus/convnext_features/patient00545_study1_view1_frontal.npz,ok,,2320,2828,MONOCHROME1,AP,"(768, 7, 7)","(768,)"
patient00546/study3,patient00546,train,81.0,Male,patient00546/study3/view1_frontal.dcm,data/raw/chexpert_plus/dicom_train/patient00546/study3/view1_frontal.dcm,/home/jovyan/Desktop/MEDAGENT-X/outputs/chexpert_plus/convnext_features/patient00546_study3_view1_frontal.npz,ok,,2320,2828,MONOCHROME1,AP,"(768, 7, 7)","(768,)"
patient00546/study4,patient00546,train,81.0,Male,patient00546/study4/view1_frontal.dcm,data/raw/chexpert_plus/dicom_train/patient00546/study4/view1_frontal.dcm,/home/jovyan/Desktop/MEDAGENT-X/outputs/chexpert_plus/convnext_features/patient00546_study4_view1_frontal.npz,ok,,2320,2828,MONOCHROME1,AP,"(768, 7, 7)","(768,)"
patient00546/study1,patient00546,train,81.0,Male,patient00546/study1/view1_frontal.dcm,data/raw/chexpert_plus/dicom_train/patient00546/study1/view1_frontal.dcm,/home/jovyan/Desktop/MEDAGENT-X/outputs/chexpert_plus/convnext_features/patient00546_study1_view1_frontal.npz,ok,,2320,2828,MONOCHROME1,AP,"(768, 7, 7)","(768,)"
patient00546/study2,patient00546,train,81.0,Male,patient00546/study2/view1_frontal.dcm,data/raw/chexpert_plus/dicom_train/patient00546/study2/view1_frontal.dcm,/home/jovyan/Desktop/MEDAGENT-X/outputs/chexpert_plus/convnext_features/patient00546_study2_view1_frontal.npz,ok,,2048,2494,MONOCHROME1,AP,"(768, 7, 7)","(768,)"
patient00554/study1,patient00554,train,74.0,Female,patient00554/study1/view1_frontal.dcm,data/raw/chexpert_plus/dicom_train/patient00554/study1/view1_frontal.dcm,/home/jovyan/Desktop/MEDAGENT-X/outputs/chexpert_plus/convnext_features/patient00554_study1_view1_frontal.npz,ok,,2320,2828,MONOCHROME1,AP,"(768, 7, 7)","(768,)"
patient00564/study1,patient00564,train,89.0,Female,patient00564/study1/view1_frontal.dcm,data/raw/chexpert_plus/dicom_train/patient00564/study1/view1_frontal.dcm,/home/jovyan/Desktop/MEDAGENT-X/outputs/chexpert_plus/convnext_features/patient00564_study1_view1_frontal.npz,ok,,2320,2828,MONOCHROME1,AP,"(768, 7, 7)","(768,)"
patient00571/study1,patient00571,train,83.0,Male,patient00571/study1/view1_frontal.dcm,data/raw/chexpert_plus/dicom_train/patient00571/study1/view1_frontal.dcm,/home/jovyan/Desktop/MEDAGENT-X/outputs/chexpert_plus/convnext_features/patient00571_study1_view1_frontal.npz,ok,,2320,2828,MONOCHROME1,AP,"(768, 7, 7)","(768,)"
patient00575/study2,patient00575,train,81.0,Male,patient00575/study2/view1_frontal.dcm,data/raw/chexpert_plus/dicom_train/patient00575/study2/view1_frontal.dcm,/home/jovyan/Desktop/MEDAGENT-X/outputs/chexpert_plus/convnext_features/patient00575_study2_view1_frontal.npz,ok,,2320,2828,MONOCHROME1,AP,"(768, 7, 7)","(768,)"
patient00575/study3,patient00575,train,81.0,Male,patient00575/study3/view1_frontal.dcm,data/raw/chexpert_plus/dicom_train/patient00575/study3/view1_frontal.dcm,/home/jovyan/Desktop/MEDAGENT-X/outputs/chexpert_plus/convnext_features/patient00575_study3_view1_frontal.npz,ok,,2320,2828,MONOCHROME1,AP,"(768, 7, 7)","(768,)"
patient00575/study1,patient00575,train,81.0,Male,patient00575/study1/view1_frontal.dcm,data/raw/chexpert_plus/dicom_train/patient00575/study1/view1_frontal.dcm,/home/jovyan/Desktop/MEDAGENT-X/outputs/chexpert_plus/convnext_features/patient00575_study1_view1_frontal.npz,ok,,2320,2828,MONOCHROME1,AP,"(768, 7, 7)","(768,)"
patient00582/study1,patient00582,train,89.0,Male,patient00582/study1/view1_frontal.dcm,data/raw/chexpert_plus/dicom_train/patient00582/study1/view1_frontal.dcm,/home/jovyan/Desktop/MEDAGENT-X/outputs/chexpert_plus/convnext_features/patient00582_study1_view1_frontal.npz,ok,,2320,2828,MONOCHROME1,AP,"(768, 7, 7)","(768,)"
patient00585/study1,patient00585,train,48.0,Male,patient00585/study1/view1_frontal.dcm,data/raw/chexpert_plus/dicom_train/patient00585/study1/view1_frontal.dcm,/home/jovyan/Desktop/MEDAGENT-X/outputs/chexpert_plus/convnext_features/patient00585_study1_view1_frontal.npz,ok,,2320,2828,MONOCHROME1,AP,"(768, 7, 7)","(768,)"
patient00586/study2,patient00586,train,88.0,Female,patient00586/study2/view1_frontal.dcm,data/raw/chexpert_plus/dicom_train/patient00586/study2/view1_frontal.dcm,/home/jovyan/Desktop/MEDAGENT-X/outputs/chexpert_plus/convnext_features/patient00586_study2_view1_frontal.npz,ok,,2320,2828,MONOCHROME1,AP,"(768, 7, 7)","(768,)"
patient00586/study3,patient00586,train,88.0,Female,patient00586/study3/view1_frontal.dcm,data/raw/chexpert_plus/dicom_train/patient00586/study3/view1_frontal.dcm,/home/jovyan/Desktop/MEDAGENT-X/outputs/chexpert_plus/convnext_features/patient00586_study3_view1_frontal.npz,ok,,2320,2828,MONOCHROME1,AP,"(768, 7, 7)","(768,)"
patient00586/study1,patient00586,train,88.0,Female,patient00586/study1/view1_frontal.dcm,data/raw/chexpert_plus/dicom_train/patient00586/study1/view1_frontal.dcm,/home/jovyan/Desktop/MEDAGENT-X/outputs/chexpert_plus/convnext_features/patient00586_study1_view1_frontal.npz,ok,,2320,2828,MONOCHROME1,AP,"(768, 7, 7)","(768,)"
patient00589/study2,patient00589,train,57.0,Male,patient00589/study2/view2_lateral.dcm,data/raw/chexpert_plus/dicom_train/patient00589/study2/view2_lateral.dcm,/home/jovyan/Desktop/MEDAGENT-X/outputs/chexpert_plus/convnext_features/patient00589_study2_view2_lateral.npz,ok,,2021,1751,MONOCHROME2,LL,"(768, 7, 7)","(768,)"
patient00589/study2,patient00589,train,57.0,Male,patient00589/study2/view1_frontal.dcm,data/raw/chexpert_plus/dicom_train/patient00589/study2/view1_frontal.dcm,/home/jovyan/Desktop/MEDAGENT-X/outputs/chexpert_plus/convnext_features/patient00589_study2_view1_frontal.npz,ok,,1741,2022,MONOCHROME2,PA,"(768, 7, 7)","(768,)"
patient00589/study1,patient00589,train,57.0,Male,patient00589/study1/view2_lateral.dcm,data/raw/chexpert_plus/dicom_train/patient00589/study1/view2_lateral.dcm,/home/jovyan/Desktop/MEDAGENT-X/outputs/chexpert_plus/convnext_features/patient00589_study1_view2_lateral.npz,ok,,2021,2000,MONOCHROME2,LL,"(768, 7, 7)","(768,)"
patient00589/study1,patient00589,train,57.0,Male,patient00589/study1/view1_frontal.dcm,data/raw/chexpert_plus/dicom_train/patient00589/study1/view1_frontal.dcm,/home/jovyan/Desktop/MEDAGENT-X/outputs/chexpert_plus/convnext_features/patient00589_study1_view1_frontal.npz,ok,,2021,2000,MONOCHROME2,PA,"(768, 7, 7)","(768,)"
patient00597/study1,patient00597,train,67.0,Male,patient00597/study1/view1_frontal.dcm,data/raw/chexpert_plus/dicom_train/patient00597/study1/view1_frontal.dcm,/home/jovyan/Desktop/MEDAGENT-X/outputs/chexpert_plus/convnext_features/patient00597_study1_view1_frontal.npz,ok,,3480,4240,MONOCHROME1,AP,"(768, 7, 7)","(768,)"
patient00597/study2,patient00597,train,67.0,Male,patient00597/study2/view1_frontal.dcm,data/raw/chexpert_plus/dicom_train/patient00597/study2/view1_frontal.dcm,/home/jovyan/Desktop/MEDAGENT-X/outputs/chexpert_plus/convnext_features/patient00597_study2_view1_frontal.npz,ok,,2320,2828,MONOCHROME1,AP,"(768, 7, 7)","(768,)"
