dicom_path,local_path,status,error,preview_path,metadata_path,rows,columns,photometric,view_position,bits_stored,bits_allocated,pixel_representation,modality,normalized_shape,convnext_tensor_shape,intensity_min,intensity_max,intensity_mean,intensity_std,contrast_proxy,noise_proxy,blur_proxy,sharpness_proxy,edge_density,entropy
patient00003/study1/view1_frontal.dcm,data/raw/chexpert_plus/dicom_train/patient00003/study1/view1_frontal.dcm,ok,,/home/jovyan/Desktop/MEDAGENT-X/outputs/chexpert_plus/dicom_preprocessing_preview/patient00003_study1_view1_frontal.png,/home/jovyan/Desktop/MEDAGENT-X/outputs/chexpert_plus/dicom_preprocessing_metadata/patient00003_study1_view1_frontal.txt,2320,2828,MONOCHROME1,AP,12,16,0,,"(2320, 2828)","(3, 224, 224)",0.0,1.0,0.33402520418167114,0.07624461501836777,0.26446886360645294,0.008425516076385975,0.9989347590275985,0.0010663769207894802,0.0010246976052285031,4.169795036315918
patient00007/study2/view1_frontal.dcm,data/raw/chexpert_plus/dicom_train/patient00007/study2/view1_frontal.dcm,ok,,/home/jovyan/Desktop/MEDAGENT-X/outputs/chexpert_plus/dicom_preprocessing_preview/patient00007_study2_view1_frontal.png,/home/jovyan/Desktop/MEDAGENT-X/outputs/chexpert_plus/dicom_preprocessing_metadata/patient00007_study2_view1_frontal.txt,2320,2828,MONOCHROME1,AP,12,16,0,,"(2320, 2828)","(3, 224, 224)",0.0,1.0,0.43914365768432617,0.09941060841083527,0.2764356732368469,0.0068414341658353806,0.9990920622432574,0.0009087628568522632,0.0045299773203921374,4.417574405670166
patient00007/study1/view1_frontal.dcm,data/raw/chexpert_plus/dicom_train/patient00007/study1/view1_frontal.dcm,ok,,/home/jovyan/Desktop/MEDAGENT-X/outputs/chexpert_plus/dicom_preprocessing_preview/patient00007_study1_view1_frontal.png,/home/jovyan/Desktop/MEDAGENT-X/outputs/chexpert_plus/dicom_preprocessing_metadata/patient00007_study1_view1_frontal.txt,2320,2828,MONOCHROME1,AP,15,16,0,,"(2320, 2828)","(3, 224, 224)",0.0,1.0,0.41493433713912964,0.18415102362632751,0.6473717559129,0.011944852769374847,0.9971820548917819,0.002825908362865448,0.001504200604789543,5.332072734832764
patient00009/study1/view2_lateral.dcm,data/raw/chexpert_plus/dicom_train/patient00009/study1/view2_lateral.dcm,ok,,/home/jovyan/Desktop/MEDAGENT-X/outputs/chexpert_plus/dicom_preprocessing_preview/patient00009_study1_view2_lateral.png,/home/jovyan/Desktop/MEDAGENT-X/outputs/chexpert_plus/dicom_preprocessing_metadata/patient00009_study1_view2_lateral.txt,2021,1751,MONOCHROME2,LL,14,16,0,,"(2021, 1751)","(3, 224, 224)",0.0,1.0,0.24728402495384216,0.11391445249319077,0.35884758085012436,0.005095678381621838,0.9996874141895674,0.0003126835508737713,0.001989956400117442,3.945399522781372
patient00009/study1/view1_frontal.dcm,data/raw/chexpert_plus/dicom_train/patient00009/study1/view1_frontal.dcm,ok,,/home/jovyan/Desktop/MEDAGENT-X/outputs/chexpert_plus/dicom_preprocessing_preview/patient00009_study1_view1_frontal.png,/home/jovyan/Desktop/MEDAGENT-X/outputs/chexpert_plus/dicom_preprocessing_metadata/patient00009_study1_view1_frontal.txt,1741,2012,MONOCHROME2,PA,14,16,0,,"(1741, 2012)","(3, 224, 224)",0.0,1.0,0.3128986358642578,0.061239514499902725,0.22865165770053864,0.004293948877602816,0.9997565376872541,0.0002435216010781005,0.0014279629517552925,3.5736074447631836
patient00016/study1/view2_lateral.dcm,data/raw/chexpert_plus/dicom_train/patient00016/study1/view2_lateral.dcm,ok,,/home/jovyan/Desktop/MEDAGENT-X/outputs/chexpert_plus/dicom_preprocessing_preview/patient00016_study1_view2_lateral.png,/home/jovyan/Desktop/MEDAGENT-X/outputs/chexpert_plus/dicom_preprocessing_metadata/patient00016_study1_view2_lateral.txt,2022,2022,MONOCHROME2,LL,14,16,0,,"(2022, 2022)","(3, 224, 224)",0.0,1.0,0.24947470426559448,0.11167988926172256,0.3566501997411251,0.0025100207421928644,0.9998921972030889,0.0001078144196071662,0.0007090647780448694,3.790513038635254
patient00016/study1/view1_frontal.dcm,data/raw/chexpert_plus/dicom_train/patient00016/study1/view1_frontal.dcm,ok,,/home/jovyan/Desktop/MEDAGENT-X/outputs/chexpert_plus/dicom_preprocessing_preview/patient00016_study1_view1_frontal.png,/home/jovyan/Desktop/MEDAGENT-X/outputs/chexpert_plus/dicom_preprocessing_metadata/patient00016_study1_view1_frontal.txt,2022,2022,MONOCHROME2,PA,14,16,0,,"(2022, 2022)","(3, 224, 224)",0.0,1.0,0.24253714084625244,0.0611037015914917,0.19026252627372742,0.0034214595798403025,0.9997921426637874,0.00020790054986719042,0.0006782465089749648,3.4246163368225098
patient00021/study1/view1_frontal.dcm,data/raw/chexpert_plus/dicom_train/patient00021/study1/view1_frontal.dcm,ok,,/home/jovyan/Desktop/MEDAGENT-X/outputs/chexpert_plus/dicom_preprocessing_preview/patient00021_study1_view1_frontal.png,/home/jovyan/Desktop/MEDAGENT-X/outputs/chexpert_plus/dicom_preprocessing_metadata/patient00021_study1_view1_frontal.txt,2022,2022,MONOCHROME2,PA,14,16,0,,"(2022, 2022)","(3, 224, 224)",0.0,1.0,0.5222415924072266,0.21310454607009888,0.7320541776716709,0.007891308516263962,0.9987895416917214,0.0012119252933189273,0.010429782775229155,5.231813430786133
patient00026/study1/view1_frontal.dcm,data/raw/chexpert_plus/dicom_train/patient00026/study1/view1_frontal.dcm,ok,,/home/jovyan/Desktop/MEDAGENT-X/outputs/chexpert_plus/dicom_preprocessing_preview/patient00026_study1_view1_frontal.png,/home/jovyan/Desktop/MEDAGENT-X/outputs/chexpert_plus/dicom_preprocessing_metadata/patient00026_study1_view1_frontal.txt,1751,2022,MONOCHROME2,PA,14,16,0,,"(1751, 2022)","(3, 224, 224)",0.0,1.0,0.30694863200187683,0.04688441380858421,0.13208813965320587,0.0045973071828484535,0.9996942580580529,0.0003058354486711323,0.0016977722494027716,3.3188717365264893
patient00026/study1/view2_lateral.dcm,data/raw/chexpert_plus/dicom_train/patient00026/study1/view2_lateral.dcm,ok,,/home/jovyan/Desktop/MEDAGENT-X/outputs/chexpert_plus/dicom_preprocessing_preview/patient00026_study1_view2_lateral.png,/home/jovyan/Desktop/MEDAGENT-X/outputs/chexpert_plus/dicom_preprocessing_metadata/patient00026_study1_view2_lateral.txt,2021,1751,MONOCHROME2,LL,14,16,0,,"(2021, 1751)","(3, 224, 224)",0.0,1.0,0.3018030524253845,0.07282625138759613,0.18317769467830658,0.005548520945012569,0.9996163987372216,0.0003837484691757709,0.0022312831206088217,3.5402145385742188
patient00027/study1/view2_lateral.dcm,data/raw/chexpert_plus/dicom_train/patient00027/study1/view2_lateral.dcm,ok,,/home/jovyan/Desktop/MEDAGENT-X/outputs/chexpert_plus/dicom_preprocessing_preview/patient00027_study1_view2_lateral.png,/home/jovyan/Desktop/MEDAGENT-X/outputs/chexpert_plus/dicom_preprocessing_metadata/patient00027_study1_view2_lateral.txt,2021,2021,MONOCHROME2,LL,14,16,0,,"(2021, 2021)","(3, 224, 224)",0.0,1.0,0.20765171945095062,0.12951654195785522,0.3404748737812042,0.0035977375227957964,0.9997736873546175,0.00022636387438979,0.0007344946346391097,3.6185858249664307
patient00027/study1/view1_frontal.dcm,data/raw/chexpert_plus/dicom_train/patient00027/study1/view1_frontal.dcm,ok,,/home/jovyan/Desktop/MEDAGENT-X/outputs/chexpert_plus/dicom_preprocessing_preview/patient00027_study1_view1_frontal.png,/home/jovyan/Desktop/MEDAGENT-X/outputs/chexpert_plus/dicom_preprocessing_metadata/patient00027_study1_view1_frontal.txt,2021,2021,MONOCHROME2,PA,14,16,0,,"(2021, 2021)","(3, 224, 224)",0.0,1.0,0.24869504570960999,0.06615281850099564,0.18507112562656403,0.0041075944900512695,0.9996827508236579,0.0003173498553223908,0.0011560945549219587,3.8498051166534424
patient00031/study1/view1_frontal.dcm,data/raw/chexpert_plus/dicom_train/patient00031/study1/view1_frontal.dcm,ok,,/home/jovyan/Desktop/MEDAGENT-X/outputs/chexpert_plus/dicom_preprocessing_preview/patient00031_study1_view1_frontal.png,/home/jovyan/Desktop/MEDAGENT-X/outputs/chexpert_plus/dicom_preprocessing_metadata/patient00031_study1_view1_frontal.txt,2320,2828,MONOCHROME1,AP,12,16,0,,"(2320, 2828)","(3, 224, 224)",0.0,1.0,0.18459399044513702,0.08593127131462097,0.29450550489127636,0.010915757156908512,0.998194200185006,0.0018090666271746159,0.001549315953762864,4.196253776550293
patient00031/study3/view1_frontal.dcm,data/raw/chexpert_plus/dicom_train/patient00031/study3/view1_frontal.dcm,ok,,/home/jovyan/Desktop/MEDAGENT-X/outputs/chexpert_plus/dicom_preprocessing_preview/patient00031_study3_view1_frontal.png,/home/jovyan/Desktop/MEDAGENT-X/outputs/chexpert_plus/dicom_preprocessing_metadata/patient00031_study3_view1_frontal.txt,2320,2828,MONOCHROME1,AP,12,16,0,,"(2320, 2828)","(3, 224, 224)",0.0,1.0,0.28950831294059753,0.10337349027395248,0.34163614362478256,0.009263106621801853,0.9986963898159149,0.0013053118018433452,0.001193270497000439,4.660272598266602
patient00031/study2/view1_frontal.dcm,data/raw/chexpert_plus/dicom_train/patient00031/study2/view1_frontal.dcm,ok,,/home/jovyan/Desktop/MEDAGENT-X/outputs/chexpert_plus/dicom_preprocessing_preview/patient00031_study2_view1_frontal.png,/home/jovyan/Desktop/MEDAGENT-X/outputs/chexpert_plus/dicom_preprocessing_metadata/patient00031_study2_view1_frontal.txt,2320,2828,MONOCHROME1,AP,12,16,0,,"(2320, 2828)","(3, 224, 224)",0.0,1.0,0.2734358012676239,0.09337159246206284,0.3191697224974632,0.009750597178936005,0.9985956204587851,0.001406354596838355,0.0009951287616446374,4.402679443359375
patient00034/study1/view1_frontal.dcm,data/raw/chexpert_plus/dicom_train/patient00034/study1/view1_frontal.dcm,ok,,/home/jovyan/Desktop/MEDAGENT-X/outputs/chexpert_plus/dicom_preprocessing_preview/patient00034_study1_view1_frontal.png,/home/jovyan/Desktop/MEDAGENT-X/outputs/chexpert_plus/dicom_preprocessing_metadata/patient00034_study1_view1_frontal.txt,2800,3408,MONOCHROME1,AP,15,16,0,,"(2800, 3408)","(3, 224, 224)",0.0,1.0,0.41238346695899963,0.12123769521713257,0.4511527717113495,0.007191384211182594,0.9991558547129231,0.0008448584703728557,0.003513476693494299,4.688244342803955
patient00038/study1/view1_frontal.dcm,data/raw/chexpert_plus/dicom_train/patient00038/study1/view1_frontal.dcm,ok,,/home/jovyan/Desktop/MEDAGENT-X/outputs/chexpert_plus/dicom_preprocessing_preview/patient00038_study1_view1_frontal.png,/home/jovyan/Desktop/MEDAGENT-X/outputs/chexpert_plus/dicom_preprocessing_metadata/patient00038_study1_view1_frontal.txt,2320,2828,MONOCHROME1,AP,12,16,0,,"(2320, 2828)","(3, 224, 224)",0.0,1.0,0.32389524579048157,0.10392288118600845,0.40141914784908295,0.005658973008394241,0.9994107474739518,0.0005895999493077397,0.003683912110422865,4.5102057456970215
patient00038/study3/view1_frontal.dcm,data/raw/chexpert_plus/dicom_train/patient00038/study3/view1_frontal.dcm,ok,,/home/jovyan/Desktop/MEDAGENT-X/outputs/chexpert_plus/dicom_preprocessing_preview/patient00038_study3_view1_frontal.png,/home/jovyan/Desktop/MEDAGENT-X/outputs/chexpert_plus/dicom_preprocessing_metadata/patient00038_study3_view1_frontal.txt,2320,2828,MONOCHROME1,AP,12,16,0,,"(2320, 2828)","(3, 224, 224)",0.0,1.0,0.32228049635887146,0.08461379259824753,0.2529914528131485,0.005179951898753643,0.9995460761981627,0.00045412994222715497,0.0036476369311808027,4.283571243286133
patient00038/study2/view1_frontal.dcm,data/raw/chexpert_plus/dicom_train/patient00038/study2/view1_frontal.dcm,ok,,/home/jovyan/Desktop/MEDAGENT-X/outputs/chexpert_plus/dicom_preprocessing_preview/patient00038_study2_view1_frontal.png,/home/jovyan/Desktop/MEDAGENT-X/outputs/chexpert_plus/dicom_preprocessing_metadata/patient00038_study2_view1_frontal.txt,2320,2828,MONOCHROME1,AP,12,16,0,,"(2320, 2828)","(3, 224, 224)",0.0,1.0,0.3362910747528076,0.10054999589920044,0.3484107702970505,0.006248419173061848,0.9992627146822249,0.0007378293084912002,0.006821562698141735,4.492324352264404
patient00044/study6/view2_lateral.dcm,data/raw/chexpert_plus/dicom_train/patient00044/study6/view2_lateral.dcm,ok,,/home/jovyan/Desktop/MEDAGENT-X/outputs/chexpert_plus/dicom_preprocessing_preview/patient00044_study6_view2_lateral.png,/home/jovyan/Desktop/MEDAGENT-X/outputs/chexpert_plus/dicom_preprocessing_metadata/patient00044_study6_view2_lateral.txt,2022,2022,MONOCHROME2,LL,14,16,0,,"(2022, 2022)","(3, 224, 224)",0.0,1.0,0.639206051826477,0.2787477374076843,0.8907480435445905,0.005404633469879627,0.9994543560727286,0.0005459418171085417,0.0044444346608669616,4.984482765197754
patient00044/study6/view1_frontal.dcm,data/raw/chexpert_plus/dicom_train/patient00044/study6/view1_frontal.dcm,ok,,/home/jovyan/Desktop/MEDAGENT-X/outputs/chexpert_plus/dicom_preprocessing_preview/patient00044_study6_view1_frontal.png,/home/jovyan/Desktop/MEDAGENT-X/outputs/chexpert_plus/dicom_preprocessing_metadata/patient00044_study6_view1_frontal.txt,2022,2022,MONOCHROME2,PA,14,16,0,,"(2022, 2022)","(3, 224, 224)",0.0,1.0,0.49934643507003784,0.11408022046089172,0.33815881609916687,0.0044789621606469154,0.9995815491404899,0.00041862603393383324,0.004658939597170981,4.275547027587891
patient00044/study7/view2_lateral.dcm,data/raw/chexpert_plus/dicom_train/patient00044/study7/view2_lateral.dcm,ok,,/home/jovyan/Desktop/MEDAGENT-X/outputs/chexpert_plus/dicom_preprocessing_preview/patient00044_study7_view2_lateral.png,/home/jovyan/Desktop/MEDAGENT-X/outputs/chexpert_plus/dicom_preprocessing_metadata/patient00044_study7_view2_lateral.txt,2022,2022,MONOCHROME2,LL,14,16,0,,"(2022, 2022)","(3, 224, 224)",0.0,1.0,0.24974794685840607,0.10071612894535065,0.3374229483306408,0.0043264939449727535,0.9997607287249801,0.00023932853946462274,0.00020790102150332495,3.7606921195983887
patient00044/study7/view1_frontal.dcm,data/raw/chexpert_plus/dicom_train/patient00044/study7/view1_frontal.dcm,ok,,/home/jovyan/Desktop/MEDAGENT-X/outputs/chexpert_plus/dicom_preprocessing_preview/patient00044_study7_view1_frontal.png,/home/jovyan/Desktop/MEDAGENT-X/outputs/chexpert_plus/dicom_preprocessing_metadata/patient00044_study7_view1_frontal.txt,2022,2022,MONOCHROME2,PA,14,16,0,,"(2022, 2022)","(3, 224, 224)",0.0,1.0,0.284102201461792,0.05763954669237137,0.1475229263305664,0.0038534067571163177,0.9997806745869736,0.00021937352721579373,0.00017610439468516937,3.4242594242095947
patient00044/study1/view1_frontal.dcm,data/raw/chexpert_plus/dicom_train/patient00044/study1/view1_frontal.dcm,ok,,/home/jovyan/Desktop/MEDAGENT-X/outputs/chexpert_plus/dicom_preprocessing_preview/patient00044_study1_view1_frontal.png,/home/jovyan/Desktop/MEDAGENT-X/outputs/chexpert_plus/dicom_preprocessing_metadata/patient00044_study1_view1_frontal.txt,2048,2494,MONOCHROME1,AP,12,16,0,,"(2048, 2494)","(3, 224, 224)",0.0,1.0,0.2941475510597229,0.07856881618499756,0.2332112342119217,0.010336893610656261,0.9983392389891796,0.0016635237261652946,0.0012171790422012831,4.091963291168213
patient00044/study3/view1_frontal.dcm,data/raw/chexpert_plus/dicom_train/patient00044/study3/view1_frontal.dcm,ok,,/home/jovyan/Desktop/MEDAGENT-X/outputs/chexpert_plus/dicom_preprocessing_preview/patient00044_study3_view1_frontal.png,/home/jovyan/Desktop/MEDAGENT-X/outputs/chexpert_plus/dicom_preprocessing_metadata/patient00044_study3_view1_frontal.txt,2320,2828,MONOCHROME1,AP,12,16,0,,"(2320, 2828)","(3, 224, 224)",0.0,1.0,0.3967343866825104,0.09413331001996994,0.2744810879230499,0.011049037799239159,0.9980835376691972,0.0019201422110199928,0.0015115166073257573,4.433133125305176
patient00044/study4/view1_frontal.dcm,data/raw/chexpert_plus/dicom_train/patient00044/study4/view1_frontal.dcm,ok,,,,2048,2494,MONOCHROME1,AP,12,16,0,,"(2048, 2494)","(3, 224, 224)",0.0,1.0,0.4716230034828186,0.12062409520149231,0.48644690960645676,0.011770340614020824,0.9975676407526725,0.0024382900446653366,0.0014309733986567763,4.364177703857422
patient00044/study2/view1_frontal.dcm,data/raw/chexpert_plus/dicom_train/patient00044/study2/view1_frontal.dcm,ok,,,,2320,2828,MONOCHROME1,AP,12,16,0,,"(2320, 2828)","(3, 224, 224)",0.0,1.0,0.39206281304359436,0.07868918776512146,0.2271062135696411,0.010670367628335953,0.9982421753446348,0.0017609200440347195,0.0015173084426669268,4.146928310394287
patient00044/study5/view1_frontal.dcm,data/raw/chexpert_plus/dicom_train/patient00044/study5/view1_frontal.dcm,ok,,,,2320,2828,MONOCHROME1,AP,12,16,0,,"(2320, 2828)","(3, 224, 224)",0.0,1.0,0.41793006658554077,0.07223087549209595,0.21367523074150085,0.010780083015561104,0.9981909636958693,0.001812314847484231,0.0015730929620055602,4.108728885650635
patient00045/study1/view1_frontal.dcm,data/raw/chexpert_plus/dicom_train/patient00045/study1/view1_frontal.dcm,ok,,,,2022,1931,MONOCHROME2,PA,14,16,0,,"(2022, 1931)","(3, 224, 224)",0.0,1.0,0.55051589012146,0.07944786548614502,0.20827928185462952,0.006910440977662802,0.9993400770905182,0.0006603586953133345,0.0019662019187180273,4.063468933105469
patient00045/study1/view2_lateral.dcm,data/raw/chexpert_plus/dicom_train/patient00045/study1/view2_lateral.dcm,ok,,,,2021,2011,MONOCHROME2,LL,14,16,0,,"(2021, 2011)","(3, 224, 224)",0.0,1.0,0.2560509443283081,0.1015469878911972,0.3449917696416378,0.004156135488301516,0.9997881984803942,0.00021184638899285346,0.001849304333341289,3.7223658561706543
patient00048/study1/view1_frontal.dcm,data/raw/chexpert_plus/dicom_train/patient00048/study1/view1_frontal.dcm,ok,,,,2320,2828,MONOCHROME1,AP,12,16,0,,"(2320, 2828)","(3, 224, 224)",0.0,1.0,0.2615649104118347,0.09970323741436005,0.32014652341604233,0.010331975296139717,0.9984150431037752,0.0015874729724600911,0.0012833487782275765,4.438599109649658
patient00049/study2/view1_frontal.dcm,data/raw/chexpert_plus/dicom_train/patient00049/study2/view1_frontal.dcm,ok,,,,2320,2828,MONOCHROME1,AP,12,16,0,,"(2320, 2828)","(3, 224, 224)",0.0,1.0,0.34991374611854553,0.10571373999118805,0.4178266152739525,0.006124997511506081,0.9993601082241478,0.0006403014995157719,0.002890887918841145,4.425431251525879
patient00049/study1/view1_frontal.dcm,data/raw/chexpert_plus/dicom_train/patient00049/study1/view1_frontal.dcm,ok,,,,2320,2828,MONOCHROME1,AP,12,16,0,,"(2320, 2828)","(3, 224, 224)",0.0,1.0,0.31262287497520447,0.10223977267742157,0.3242979198694229,0.009787945076823235,0.9983769313778293,0.0016257072566077113,0.0011134041359801006,4.6062822341918945
patient00049/study3/view1_frontal.dcm,data/raw/chexpert_plus/dicom_train/patient00049/study3/view1_frontal.dcm,ok,,,,2320,2828,MONOCHROME1,AP,12,16,0,,"(2320, 2828)","(3, 224, 224)",0.0,1.0,0.3323451280593872,0.09182193875312805,0.2808302789926529,0.005915122572332621,0.9993959112397209,0.0006044539040885866,0.005035086328829927,4.445760726928711
patient00055/study2/view1_frontal.dcm,data/raw/chexpert_plus/dicom_train/patient00055/study2/view1_frontal.dcm,ok,,,,1751,2021,MONOCHROME2,PA,14,16,0,,"(1751, 2021)","(3, 224, 224)",0.0,1.0,0.6104081869125366,0.07871365547180176,0.22057801485061646,0.011225230060517788,0.9986272618651311,0.0013746251352131367,0.002448025034680119,4.142398357391357
patient00055/study2/view2_lateral.dcm,data/raw/chexpert_plus/dicom_train/patient00055/study2/view2_lateral.dcm,ok,,,,2021,1751,MONOCHROME2,LL,14,16,0,,"(2021, 1751)","(3, 224, 224)",0.0,1.0,0.23654161393642426,0.1315857321023941,0.37044496834278107,0.006845324300229549,0.9994334797911049,0.0005668413359671831,0.0031250962551688144,4.047204494476318
patient00055/study3/view1_frontal.dcm,data/raw/chexpert_plus/dicom_train/patient00055/study3/view1_frontal.dcm,ok,,,,2320,2828,MONOCHROME1,AP,12,16,0,,"(2320, 2828)","(3, 224, 224)",0.0,1.0,0.3152044713497162,0.0974845141172409,0.28034187853336334,0.011004069820046425,0.9981940069369472,0.0018092605751007795,0.0013443154660293616,4.4576592445373535
patient00055/study1/view1_frontal.dcm,data/raw/chexpert_plus/dicom_train/patient00055/study1/view1_frontal.dcm,ok,,,,2320,2828,MONOCHROME1,AP,12,16,0,,"(2320, 2828)","(3, 224, 224)",0.0,1.0,0.2535015940666199,0.07700357586145401,0.20512820780277252,0.012154867872595787,0.9978846781750231,0.002119805896654725,0.0019160305808906015,4.009774208068848
patient00058/study1/view1_frontal.dcm,data/raw/chexpert_plus/dicom_train/patient00058/study1/view1_frontal.dcm,ok,,,,1751,2021,MONOCHROME2,PA,14,16,0,,"(1751, 2021)","(3, 224, 224)",0.0,1.0,0.28612247109413147,0.03988902270793915,0.10968688130378723,0.005746147129684687,0.9995842739532127,0.0004158989468123764,0.00282668757034575,3.208505868911743
patient00058/study1/view2_lateral.dcm,data/raw/chexpert_plus/dicom_train/patient00058/study1/view2_lateral.dcm,ok,,,,2022,1751,MONOCHROME2,LL,14,16,0,,"(2022, 1751)","(3, 224, 224)",0.0,1.0,0.26436686515808105,0.08695141971111298,0.30037233233451843,0.0058512999676167965,0.9995742806613724,0.00042590065277181566,0.001437923560424141,4.042646408081055
patient00064/study1/view1_frontal.dcm,data/raw/chexpert_plus/dicom_train/patient00064/study1/view1_frontal.dcm,ok,,,,2320,2828,MONOCHROME1,AP,12,16,0,,"(2320, 2828)","(3, 224, 224)",0.0,1.0,0.24746695160865784,0.07914616167545319,0.3074481151998043,0.009497047401964664,0.9986431871133131,0.0013586563291028142,0.0010772813734575427,4.070577621459961
patient00067/study4/view1_frontal.dcm,data/raw/chexpert_plus/dicom_train/patient00067/study4/view1_frontal.dcm,ok,,,,2320,2828,MONOCHROME1,AP,12,16,0,,"(2320, 2828)","(3, 224, 224)",0.0,1.0,0.1915704756975174,0.10947389155626297,0.3474969556555152,0.008930385112762451,0.9987490246496215,0.0012525422498583794,0.0008724333024435449,4.503548622131348
patient00067/study3/view1_frontal.dcm,data/raw/chexpert_plus/dicom_train/patient00067/study3/view1_frontal.dcm,ok,,,,2320,2828,MONOCHROME1,PA,12,16,0,,"(2320, 2828)","(3, 224, 224)",0.0,1.0,0.2261432558298111,0.12239869683980942,0.3909645937383175,0.008819428272545338,0.9988827764579551,0.001118473126552999,0.0010070172657659854,4.777625560760498
patient00067/study3/view2_lateral.dcm,data/raw/chexpert_plus/dicom_train/patient00067/study3/view2_lateral.dcm,ok,,,,2828,2320,MONOCHROME1,PA,12,16,0,,"(2828, 2320)","(3, 224, 224)",0.0,1.0,0.3692174553871155,0.20243388414382935,0.5870020724833012,0.005372399929910898,0.999376929113706,0.0006234593456611037,0.03692310271667561,5.000576019287109
patient00067/study1/view1_frontal.dcm,data/raw/chexpert_plus/dicom_train/patient00067/study1/view1_frontal.dcm,ok,,,,2320,2828,MONOCHROME1,AP,12,16,0,,"(2320, 2828)","(3, 224, 224)",0.0,1.0,0.30069053173065186,0.1243259385228157,0.4095238372683525,0.009558266960084438,0.99862080708948,0.0013810977106913924,0.0012549992683997464,4.899693012237549
patient00067/study2/view1_frontal.dcm,data/raw/chexpert_plus/dicom_train/patient00067/study2/view1_frontal.dcm,ok,,,,2320,2828,MONOCHROME1,AP,12,16,0,,"(2320, 2828)","(3, 224, 224)",0.0,1.0,0.29451483488082886,0.13135381042957306,0.438339464366436,0.010674268938601017,0.9982971719072652,0.00170573266223073,0.0014456725844998292,4.941018581390381
patient00068/study1/view1_frontal.dcm,data/raw/chexpert_plus/dicom_train/patient00068/study1/view1_frontal.dcm,ok,,,,2320,2828,MONOCHROME1,AP,12,16,0,,"(2320, 2828)","(3, 224, 224)",0.0,1.0,0.27283039689064026,0.10489042103290558,0.3714285772293806,0.011275666765868664,0.9980043989097168,0.00199959147721529,0.0014234197434521776,4.359979152679443
patient00070/study1/view1_frontal.dcm,data/raw/chexpert_plus/dicom_train/patient00070/study1/view1_frontal.dcm,ok,,,,1752,2021,MONOCHROME2,PA,14,16,0,,"(1752, 2021)","(3, 224, 224)",0.0,1.0,0.25016242265701294,0.07374969124794006,0.19291439652442932,0.005966114811599255,0.9994641378181269,0.0005361494841054082,0.0010873273550098396,4.023042678833008
patient00076/study1/view1_frontal.dcm,data/raw/chexpert_plus/dicom_train/patient00076/study1/view1_frontal.dcm,ok,,,,2320,2828,MONOCHROME1,AP,12,16,0,,"(2320, 2828)","(3, 224, 224)",0.0,1.0,0.3453100323677063,0.07680332660675049,0.2202686220407486,0.011213854886591434,0.9979654823519664,0.002038665348663926,0.0015913829683460957,4.158990383148193
patient00078/study6/view1_frontal.dcm,data/raw/chexpert_plus/dicom_train/patient00078/study6/view1_frontal.dcm,ok,,,,2320,2828,MONOCHROME1,AP,12,16,0,,"(2320, 2828)","(3, 224, 224)",0.0,1.0,0.33697807788848877,0.08345114439725876,0.2947496920824051,0.009286989457905293,0.9986805447272218,0.0013211985351517797,0.001502219187435985,4.141282081604004
patient00078/study7/view1_frontal.dcm,data/raw/chexpert_plus/dicom_train/patient00078/study7/view1_frontal.dcm,ok,,,,2320,2828,MONOCHROME1,AP,12,16,0,,"(2320, 2828)","(3, 224, 224)",0.0,1.0,0.2583647072315216,0.09598731994628906,0.33064713701605797,0.009181912988424301,0.9987274349495148,0.0012741865357384086,0.0012646015217285275,4.215091228485107
patient00078/study9/view1_frontal.dcm,data/raw/chexpert_plus/dicom_train/patient00078/study9/view1_frontal.dcm,ok,,,,2320,2828,MONOCHROME1,AP,12,16,0,,"(2320, 2828)","(3, 224, 224)",0.0,1.0,0.3334624469280243,0.0998767539858818,0.325274720788002,0.009653066284954548,0.9985794498151848,0.0014225710183382034,0.0011967760815490417,4.352313995361328
patient00078/study5/view1_frontal.dcm,data/raw/chexpert_plus/dicom_train/patient00078/study5/view1_frontal.dcm,ok,,,,2320,2828,MONOCHROME1,AP,12,16,0,,"(2320, 2828)","(3, 224, 224)",0.0,1.0,0.3144814968109131,0.1105663850903511,0.4065934084355831,0.01015962939709425,0.9984141471088753,0.0015883718151599169,0.0011179766375652345,4.561262130737305
patient00078/study4/view1_frontal.dcm,data/raw/chexpert_plus/dicom_train/patient00078/study4/view1_frontal.dcm,ok,,,,2320,2828,MONOCHROME1,AP,12,16,0,,"(2320, 2828)","(3, 224, 224)",0.0,1.0,0.19115687906742096,0.08907753974199295,0.2913309019058943,0.011037934571504593,0.9982322698879227,0.0017708605155348778,0.001318404623713603,4.23169469833374
patient00078/study1/view1_frontal.dcm,data/raw/chexpert_plus/dicom_train/patient00078/study1/view1_frontal.dcm,ok,,,,2048,2494,MONOCHROME1,AP,12,16,0,,"(2048, 2494)","(3, 224, 224)",0.0,1.0,0.296951025724411,0.09389029443264008,0.3025641068816185,0.012043815106153488,0.9976689625171774,0.0023364839144051075,0.002004615765336808,4.427300453186035
patient00078/study8/view1_frontal.dcm,data/raw/chexpert_plus/dicom_train/patient00078/study8/view1_frontal.dcm,ok,,,,2320,2828,MONOCHROME1,AP,12,16,0,,"(2320, 2828)","(3, 224, 224)",0.0,1.0,0.3712899386882782,0.10187087208032608,0.30329670011997223,0.009366833604872227,0.9986397778593603,0.0013620748650282621,0.0015273679461542213,4.31876802444458
patient00078/study3/view1_frontal.dcm,data/raw/chexpert_plus/dicom_train/patient00078/study3/view1_frontal.dcm,ok,,,,2320,2828,MONOCHROME1,AP,12,16,0,,"(2320, 2828)","(3, 224, 224)",0.0,1.0,0.2668072283267975,0.09912727028131485,0.35164835676550865,0.011558576487004757,0.9980512246153249,0.0019525805255398154,0.0014161037409159635,4.330826282501221
patient00078/study2/view1_frontal.dcm,data/raw/chexpert_plus/dicom_train/patient00078/study2/view1_frontal.dcm,ok,,,,2320,2828,MONOCHROME1,AP,12,16,0,,"(2320, 2828)","(3, 224, 224)",0.0,1.0,0.22513064742088318,0.09714984148740768,0.31330892257392406,0.013205760158598423,0.9975308941235422,0.0024752174504101276,0.002397362581085695,4.292982578277588
patient00079/study1/view2_lateral.dcm,data/raw/chexpert_plus/dicom_train/patient00079/study1/view2_lateral.dcm,ok,,,,2828,2320,MONOCHROME1,PA,12,16,0,,"(2828, 2320)","(3, 224, 224)",0.0,1.0,0.2461206167936325,0.15461917221546173,0.44126984383910894,0.0037850053049623966,0.9996939921535765,0.0003061015158891678,0.009916689021118861,4.575003623962402
patient00079/study1/view1_frontal.dcm,data/raw/chexpert_plus/dicom_train/patient00079/study1/view1_frontal.dcm,ok,,,,2320,2828,MONOCHROME1,PA,12,16,0,,"(2320, 2828)","(3, 224, 224)",0.0,1.0,0.44172143936157227,0.1610260009765625,0.4739099442958832,0.005961824674159288,0.999276763921684,0.0007237595273181796,0.025340041701214455,5.233305931091309
patient00082/study1/view1_frontal.dcm,data/raw/chexpert_plus/dicom_train/patient00082/study1/view1_frontal.dcm,ok,,,,2320,2828,MONOCHROME1,PA,15,16,0,,"(2320, 2828)","(3, 224, 224)",0.0,1.0,0.5426168441772461,0.21403992176055908,0.6552188396453857,0.013853686861693859,0.9962794062407233,0.00373448827303946,0.001199519582500122,5.616303443908691
patient00082/study1/view2_lateral.dcm,data/raw/chexpert_plus/dicom_train/patient00082/study1/view2_lateral.dcm,ok,,,,2828,2320,MONOCHROME1,LL,15,16,0,,"(2828, 2320)","(3, 224, 224)",0.0,1.0,0.321184903383255,0.21172596514225006,0.5736753232777119,0.009777020663022995,0.9980187401857282,0.001985192997381091,0.0013571184704677364,4.917245388031006
patient00087/study3/view3_lateral.dcm,data/raw/chexpert_plus/dicom_train/patient00087/study3/view3_lateral.dcm,ok,,,,2828,2320,MONOCHROME1,PA,12,16,0,,"(2828, 2320)","(3, 224, 224)",0.0,1.0,0.28252214193344116,0.12892739474773407,0.42857143096625805,0.005217111669480801,0.9995631172202865,0.00043707372969947755,0.00015942788860166804,4.632401943206787
patient00087/study3/view2_frontal.dcm,data/raw/chexpert_plus/dicom_train/patient00087/study3/view2_frontal.dcm,ok,,,,2320,2828,MONOCHROME1,PA,12,16,0,,"(2320, 2828)","(3, 224, 224)",0.0,1.0,0.40883487462997437,0.10377782583236694,0.3096459209918976,0.005474281031638384,0.9994876144742978,0.0005126481992192566,0.00020820123884309613,4.6509623527526855
patient00087/study3/view1_frontal.dcm,data/raw/chexpert_plus/dicom_train/patient00087/study3/view1_frontal.dcm,ok,,,,2320,2828,MONOCHROME1,PA,12,16,0,,"(2320, 2828)","(3, 224, 224)",0.0,1.0,0.4080357551574707,0.10547766089439392,0.3401709645986557,0.00557943107560277,0.9994483213271191,0.0005519831902347505,0.00019174023313661416,4.656731605529785
patient00087/study1/view1_frontal.dcm,data/raw/chexpert_plus/dicom_train/patient00087/study1/view1_frontal.dcm,ok,,,,2320,2828,MONOCHROME1,AP,12,16,0,,"(2320, 2828)","(3, 224, 224)",0.0,1.0,0.3029371201992035,0.08248992264270782,0.25641025602817535,0.009332746267318726,0.9986004698501207,0.0014014915795996785,0.0012126274203775058,4.287574768066406
patient00087/study2/view1_frontal.dcm,data/raw/chexpert_plus/dicom_train/patient00087/study2/view1_frontal.dcm,ok,,,,2320,2828,MONOCHROME1,AP,12,16,0,,"(2320, 2828)","(3, 224, 224)",0.0,1.0,0.27658921480178833,0.09002972394227982,0.26251526176929474,0.009988588280975819,0.9984615075346575,0.0015408630715683103,0.001238081012534751,4.392165660858154
patient00089/study1/view1_frontal.dcm,data/raw/chexpert_plus/dicom_train/patient00089/study1/view1_frontal.dcm,ok,,,,2320,2828,MONOCHROME1,PA,12,16,0,,"(2320, 2828)","(3, 224, 224)",0.0,1.0,0.3389574885368347,0.13610532879829407,0.4673539474606514,0.004648654721677303,0.9995494841409293,0.00045071891508996487,0.01704095132419646,5.0246405601501465
patient00089/study1/view2_lateral.dcm,data/raw/chexpert_plus/dicom_train/patient00089/study1/view2_lateral.dcm,ok,,,,2828,2320,MONOCHROME1,PA,12,16,0,,"(2828, 2320)","(3, 224, 224)",0.0,1.0,0.43626299500465393,0.275182843208313,0.7564986757934093,0.005726857576519251,0.9993002090486809,0.0007002810016274452,0.05128060527727649,5.107707500457764
patient00095/study1/view1_frontal.dcm,data/raw/chexpert_plus/dicom_train/patient00095/study1/view1_frontal.dcm,ok,,,,2800,3408,MONOCHROME1,AP,15,16,0,,"(2800, 3408)","(3, 224, 224)",0.0,1.0,0.39887720346450806,0.11523870378732681,0.3531780391931534,0.007160767447203398,0.9990982212687005,0.0009025926701724529,0.0018794014084507042,4.640887260437012
patient00096/study1/view2_lateral.dcm,data/raw/chexpert_plus/dicom_train/patient00096/study1/view2_lateral.dcm,ok,,,,2828,2320,MONOCHROME1,PA,12,16,0,,"(2828, 2320)","(3, 224, 224)",0.0,1.0,0.38077273964881897,0.1609998196363449,0.514774139970541,0.007693166844546795,0.9989284359580669,0.001072713523171842,0.00027572184558357314,4.665341377258301
patient00096/study1/view1_frontal.dcm,data/raw/chexpert_plus/dicom_train/patient00096/study1/view1_frontal.dcm,ok,,,,2320,2828,MONOCHROME1,PA,12,16,0,,"(2320, 2828)","(3, 224, 224)",0.0,1.0,0.4829169511795044,0.11014127731323242,0.35457876324653625,0.006929778028279543,0.9991193366528045,0.0008814395987428725,0.00031977027752036285,4.8260722160339355
patient00096/study2/view1_frontal.dcm,data/raw/chexpert_plus/dicom_train/patient00096/study2/view1_frontal.dcm,ok,,,,2320,2828,MONOCHROME1,AP,12,16,0,,"(2320, 2828)","(3, 224, 224)",0.0,1.0,0.3377015292644501,0.08469647169113159,0.26617826521396637,0.009774558246135712,0.998444105380628,0.0015583191998302937,0.0013336462956640492,4.352694511413574
patient00102/study1/view1_frontal.dcm,data/raw/chexpert_plus/dicom_train/patient00102/study1/view1_frontal.dcm,ok,,,,2048,2494,MONOCHROME1,AP,12,16,0,,"(2048, 2494)","(3, 224, 224)",0.0,1.0,0.38040271401405334,0.1013924777507782,0.30378513038158417,0.007331908214837313,0.998841545452328,0.0011597981210798025,0.0018701132718524458,4.58159875869751
patient00102/study3/view1_frontal.dcm,data/raw/chexpert_plus/dicom_train/patient00102/study3/view1_frontal.dcm,ok,,,,2320,2828,MONOCHROME1,AP,12,16,0,,"(2320, 2828)","(3, 224, 224)",0.0,1.0,0.4188932478427887,0.12599900364875793,0.524542149156332,0.012112102471292019,0.9973788044506512,0.002628084272146225,0.0016776508315856217,4.6633501052856445
patient00102/study2/view1_frontal.dcm,data/raw/chexpert_plus/dicom_train/patient00102/study2/view1_frontal.dcm,ok,,,,2048,2494,MONOCHROME1,AP,12,16,0,,"(2048, 2494)","(3, 224, 224)",0.0,1.0,0.2415301352739334,0.09624677896499634,0.2815628871321678,0.010532749816775322,0.9982257962048853,0.0017773571889847517,0.0010910951909583,4.509154796600342
patient00107/study1/view1_frontal.dcm,data/raw/chexpert_plus/dicom_train/patient00107/study1/view1_frontal.dcm,ok,,,,2320,2828,MONOCHROME1,AP,12,16,0,,"(2320, 2828)","(3, 224, 224)",0.0,1.0,0.3939734697341919,0.13015088438987732,0.4017094224691391,0.009386490099132061,0.9985399769683919,0.001462157815694809,0.0009853740915963518,4.782317161560059
patient00113/study1/view1_frontal.dcm,data/raw/chexpert_plus/dicom_train/patient00113/study1/view1_frontal.dcm,ok,,,,2320,2828,MONOCHROME1,AP,12,16,0,,"(2320, 2828)","(3, 224, 224)",0.0,1.0,0.25102055072784424,0.08420195430517197,0.2686202749609947,0.010241923853754997,0.9983553431413191,0.0016473662108182907,0.0012578951860703312,4.2688469886779785
patient00113/study2/view1_frontal.dcm,data/raw/chexpert_plus/dicom_train/patient00113/study2/view1_frontal.dcm,ok,,,,2320,2828,MONOCHROME1,AP,12,16,0,,"(2320, 2828)","(3, 224, 224)",0.0,1.0,0.3666827380657196,0.07325399667024612,0.2329670488834381,0.009073459543287754,0.9987357056093223,0.0012658948544412851,0.0011284933912110422,4.067343711853027
patient00114/study5/view1_frontal.dcm,data/raw/chexpert_plus/dicom_train/patient00114/study5/view1_frontal.dcm,ok,,,,2320,2828,MONOCHROME1,AP,12,16,0,,"(2320, 2828)","(3, 224, 224)",0.0,1.0,0.24906396865844727,0.09692475944757462,0.35213675908744335,0.008592765778303146,0.9988594487120862,0.0011418536305427551,0.0010288128566551236,4.355348587036133
patient00114/study10/view1_frontal.dcm,data/raw/chexpert_plus/dicom_train/patient00114/study10/view1_frontal.dcm,ok,,,,2320,2828,MONOCHROME1,AP,12,16,0,,"(2320, 2828)","(3, 224, 224)",0.0,1.0,0.21945534646511078,0.08995676785707474,0.3120879214257002,0.009014357812702656,0.9987238042631177,0.0012778264936059713,0.0011960139979515193,4.173832893371582
patient00114/study15/view1_frontal.dcm,data/raw/chexpert_plus/dicom_train/patient00114/study15/view1_frontal.dcm,ok,,,,2048,2494,MONOCHROME1,AP,12,16,0,,"(2048, 2494)","(3, 224, 224)",0.0,1.0,0.2216552346944809,0.09078435599803925,0.3054945133626461,0.010287916287779808,0.9983799935068357,0.0016226351726800203,0.001398865088712911,4.312661647796631
patient00114/study16/view1_frontal.dcm,data/raw/chexpert_plus/dicom_train/patient00114/study16/view1_frontal.dcm,ok,,,,2048,2494,MONOCHROME1,AP,12,16,0,,"(2048, 2494)","(3, 224, 224)",0.0,1.0,0.15962763130664825,0.07693695276975632,0.2583638709038496,0.008634551428258419,0.9988710776611093,0.0011301982449367642,0.0007578735841018444,4.138875484466553
patient00114/study20/view1_frontal.dcm,data/raw/chexpert_plus/dicom_train/patient00114/study20/view1_frontal.dcm,ok,,,,2320,2828,MONOCHROME1,AP,12,16,0,,"(2320, 2828)","(3, 224, 224)",0.0,1.0,0.2514722943305969,0.0949966311454773,0.3245421312749386,0.008400894701480865,0.9989259580280664,0.0010751967784017324,0.0010524374481783155,4.3774919509887695
patient00114/study3/view1_frontal.dcm,data/raw/chexpert_plus/dicom_train/patient00114/study3/view1_frontal.dcm,ok,,,,2320,2828,MONOCHROME1,AP,12,16,0,,"(2320, 2828)","(3, 224, 224)",0.0,1.0,0.2574390172958374,0.1069527193903923,0.3675213735550642,0.009082979522645473,0.9987202831019603,0.0012813566718250513,0.0010827683753597034,4.397181034088135
patient00114/study17/view1_frontal.dcm,data/raw/chexpert_plus/dicom_train/patient00114/study17/view1_frontal.dcm,ok,,,,2048,2494,MONOCHROME1,AP,12,16,0,,"(2048, 2494)","(3, 224, 224)",0.0,1.0,0.11365476250648499,0.06645863503217697,0.20146520342677832,0.008226926438510418,0.9989869182565926,0.0010141091188415885,0.0007220454089815557,3.77754545211792
patient00114/study13/view1_frontal.dcm,data/raw/chexpert_plus/dicom_train/patient00114/study13/view1_frontal.dcm,ok,,,,2320,2828,MONOCHROME1,AP,12,16,0,,"(2320, 2828)","(3, 224, 224)",0.0,1.0,0.24646614491939545,0.09531547874212265,0.3294261358678341,0.009091612882912159,0.9987062854429906,0.0012953904224559665,0.0011589767351119348,4.339692115783691
patient00114/study19/view1_frontal.dcm,data/raw/chexpert_plus/dicom_train/patient00114/study19/view1_frontal.dcm,ok,,,,2320,2828,MONOCHROME1,AP,12,16,0,,"(2320, 2828)","(3, 224, 224)",0.0,1.0,0.30024972558021545,0.11493632942438126,0.362881563603878,0.010065793991088867,0.9984419274122777,0.0015605039661750197,0.0014825574306199093,4.605024337768555
patient00114/study7/view1_frontal.dcm,data/raw/chexpert_plus/dicom_train/patient00114/study7/view1_frontal.dcm,ok,,,,2320,2828,MONOCHROME1,AP,12,16,0,,"(2320, 2828)","(3, 224, 224)",0.0,1.0,0.2567400634288788,0.08139320462942123,0.2547008618712425,0.00971812754869461,0.9985102219829144,0.0014920007670298219,0.001175132907379408,4.175488471984863
patient00114/study2/view1_frontal.dcm,data/raw/chexpert_plus/dicom_train/patient00114/study2/view1_frontal.dcm,ok,,,,2320,2828,MONOCHROME1,AP,12,16,0,,"(2320, 2828)","(3, 224, 224)",0.0,1.0,0.20882433652877808,0.08468397706747055,0.29133090004324913,0.009397560730576515,0.9986435775565164,0.0013582648243755102,0.001096485880115105,4.232575416564941
patient00114/study12/view1_frontal.dcm,data/raw/chexpert_plus/dicom_train/patient00114/study12/view1_frontal.dcm,ok,,,,2320,2828,MONOCHROME1,AP,12,16,0,,"(2320, 2828)","(3, 224, 224)",0.0,1.0,0.2442036271095276,0.08557812869548798,0.2710622809827328,0.009028546512126923,0.9987504681921181,0.0012510950909927487,0.001164920987172609,3.8547074794769287
patient00114/study9/view1_frontal.dcm,data/raw/chexpert_plus/dicom_train/patient00114/study9/view1_frontal.dcm,ok,,,,2320,2828,MONOCHROME1,AP,12,16,0,,"(2320, 2828)","(3, 224, 224)",0.0,1.0,0.25281232595443726,0.09004328399896622,0.3006105050444603,0.008736195974051952,0.9988192763941794,0.0011821193620562553,0.001054571282251378,4.446798801422119
patient00114/study1/view1_frontal.dcm,data/raw/chexpert_plus/dicom_train/patient00114/study1/view1_frontal.dcm,ok,,,,2320,2828,MONOCHROME1,AP,12,16,0,,"(2320, 2828)","(3, 224, 224)",0.0,1.0,0.1657109260559082,0.07590172439813614,0.2385836523026228,0.011344158090651035,0.9981407757456146,0.0018626874079927802,0.0014532934204750524,3.9850409030914307
patient00114/study6/view1_frontal.dcm,data/raw/chexpert_plus/dicom_train/patient00114/study6/view1_frontal.dcm,ok,,,,2320,2828,MONOCHROME1,AP,12,16,0,,"(2320, 2828)","(3, 224, 224)",0.0,1.0,0.26532745361328125,0.10685762763023376,0.3658119700849056,0.008933139964938164,0.9987533523864989,0.0012482036836445332,0.0011638540701360777,4.6253981590271
patient00114/study18/view1_frontal.dcm,data/raw/chexpert_plus/dicom_train/patient00114/study18/view1_frontal.dcm,ok,,,,2320,2828,MONOCHROME1,AP,12,16,0,,"(2320, 2828)","(3, 224, 224)",0.0,1.0,0.2287074476480484,0.10542525351047516,0.3418803494423628,0.00829068198800087,0.9989297755857436,0.0010713710216805339,0.0009478795785982539,4.404531478881836
patient00114/study4/view1_frontal.dcm,data/raw/chexpert_plus/dicom_train/patient00114/study4/view1_frontal.dcm,ok,,,,2320,2828,MONOCHROME1,AP,12,16,0,,"(2320, 2828)","(3, 224, 224)",0.0,1.0,0.27775901556015015,0.10316601395606995,0.331379733979702,0.011565843597054482,0.998042527422954,0.0019613117910921574,0.001547334536409306,4.4412665367126465
patient00114/study8/view1_frontal.dcm,data/raw/chexpert_plus/dicom_train/patient00114/study8/view1_frontal.dcm,ok,,,,2320,2828,MONOCHROME1,AP,12,16,0,,"(2320, 2828)","(3, 224, 224)",0.0,1.0,0.15154603123664856,0.07321011275053024,0.22344322316348553,0.009400584734976292,0.9986724745679018,0.0013292900985106826,0.001063563868702141,3.952890634536743
patient00114/study14/view1_frontal.dcm,data/raw/chexpert_plus/dicom_train/patient00114/study14/view1_frontal.dcm,ok,,,,2320,2828,MONOCHROME1,AP,12,16,0,,"(2320, 2828)","(3, 224, 224)",0.0,1.0,0.21036851406097412,0.08849220722913742,0.3181929271668196,0.008256630040705204,0.9989615279742143,0.0010395515710115433,0.0009257791542701068,4.36216926574707
patient00114/study11/view1_frontal.dcm,data/raw/chexpert_plus/dicom_train/patient00114/study11/view1_frontal.dcm,ok,,,,2320,2828,MONOCHROME1,AP,12,16,0,,"(2320, 2828)","(3, 224, 224)",0.0,1.0,0.22998446226119995,0.09962627291679382,0.3328449409455061,0.008701439015567303,0.9988353004503083,0.001166057656519115,0.001029574940252646,4.269359111785889
patient00115/study1/view1_frontal.dcm,data/raw/chexpert_plus/dicom_train/patient00115/study1/view1_frontal.dcm,ok,,,,2320,2828,MONOCHROME1,AP,15,16,0,,"(2320, 2828)","(3, 224, 224)",0.0,1.0,0.5233871340751648,0.23918898403644562,0.7517315298318863,0.016420815140008926,0.99423002418115,0.005803461652249098,0.011699507389162561,5.759745121002197
patient00115/study2/view1_frontal.dcm,data/raw/chexpert_plus/dicom_train/patient00115/study2/view1_frontal.dcm,ok,,,,2320,2828,MONOCHROME1,AP,12,16,0,,"(2320, 2828)","(3, 224, 224)",0.0,1.0,0.3842979669570923,0.08254046738147736,0.2445470690727234,0.00603999150916934,0.9993717013378227,0.0006286936695687473,0.0022836597083353656,4.279232025146484
patient00120/study1/view1_frontal.dcm,data/raw/chexpert_plus/dicom_train/patient00120/study1/view1_frontal.dcm,ok,,,,3480,4240,MONOCHROME1,AP,12,16,0,,"(3480, 4240)","(3, 224, 224)",0.0,1.0,0.2676362991333008,0.09764840453863144,0.34844332933425903,0.005918094422668219,0.999355645591494,0.0006447698688134551,0.0010735198438516591,4.520546913146973
patient00121/study1/view1_frontal.dcm,data/raw/chexpert_plus/dicom_train/patient00121/study1/view1_frontal.dcm,ok,,,,2320,2828,MONOCHROME1,AP,12,16,0,,"(2320, 2828)","(3, 224, 224)",0.0,1.0,0.25466373562812805,0.07767842710018158,0.22100122272968292,0.009036795236170292,0.9988072264902841,0.0011941979173570871,0.0021210310686241036,4.108553409576416
patient00122/study3/view2_lateral.dcm,data/raw/chexpert_plus/dicom_train/patient00122/study3/view2_lateral.dcm,ok,,,,2021,1641,MONOCHROME2,LL,14,16,0,,"(2021, 1641)","(3, 224, 224)",0.0,1.0,0.27119752764701843,0.09305040538311005,0.3421839810907841,0.007416659500449896,0.999380735759595,0.0006196479662321508,0.0028262054038928845,3.627915382385254
patient00122/study3/view1_frontal.dcm,data/raw/chexpert_plus/dicom_train/patient00122/study3/view1_frontal.dcm,ok,,,,1751,2012,MONOCHROME2,PA,14,16,0,,"(1751, 2012)","(3, 224, 224)",0.0,1.0,0.6474664211273193,0.09713896363973618,0.28498008847236633,0.009505510330200195,0.9988874869278035,0.0011137521360069513,0.0012639752575353135,4.450324535369873
patient00122/study5/view1_frontal.dcm,data/raw/chexpert_plus/dicom_train/patient00122/study5/view1_frontal.dcm,ok,,,,2320,2828,MONOCHROME1,AP,12,16,0,,"(2320, 2828)","(3, 224, 224)",0.0,1.0,0.3870697617530823,0.12820814549922943,0.47960930690169334,0.010628916323184967,0.9981966060484075,0.0018066520569846034,0.0013726649758571917,4.408243656158447
patient00122/study1/view1_frontal.dcm,data/raw/chexpert_plus/dicom_train/patient00122/study1/view1_frontal.dcm,ok,,,,2022,2022,MONOCHROME2,PA,14,16,0,,"(2022, 2022)","(3, 224, 224)",0.0,1.0,0.2443120926618576,0.055745963007211685,0.13161307573318481,0.00449302326887846,0.9996963359979166,0.0003037562419194728,0.00017610439468516937,3.4260854721069336
patient00122/study4/view1_frontal.dcm,data/raw/chexpert_plus/dicom_train/patient00122/study4/view1_frontal.dcm,ok,,,,2320,2828,MONOCHROME1,AP,12,16,0,,"(2320, 2828)","(3, 224, 224)",0.0,1.0,0.24264280498027802,0.1018281802535057,0.359951164573431,0.009790022857487202,0.9985482835257844,0.0014538270188495517,0.001025307272106521,4.542555332183838
patient00122/study8/view1_frontal.dcm,data/raw/chexpert_plus/dicom_train/patient00122/study8/view1_frontal.dcm,ok,,,,2320,2828,MONOCHROME1,AP,12,16,0,,"(2320, 2828)","(3, 224, 224)",0.0,1.0,0.34490612149238586,0.11408283561468124,0.34456656873226166,0.010119348764419556,0.99841973314865,0.0015827680472284555,0.0017817514510071696,4.7503581047058105
patient00122/study2/view1_frontal.dcm,data/raw/chexpert_plus/dicom_train/patient00122/study2/view1_frontal.dcm,ok,,,,2048,2494,MONOCHROME1,AP,12,16,0,,"(2048, 2494)","(3, 224, 224)",0.0,1.0,0.22889962792396545,0.10033538937568665,0.331868140026927,0.01727357693016529,0.9954106920808347,0.00461046677082777,0.003119204841619888,4.316728591918945
patient00122/study7/view1_frontal.dcm,data/raw/chexpert_plus/dicom_train/patient00122/study7/view1_frontal.dcm,ok,,,,2320,2828,MONOCHROME1,AP,12,16,0,,"(2320, 2828)","(3, 224, 224)",0.0,1.0,0.39315053820610046,0.11700601130723953,0.46446888893842697,0.009668931365013123,0.9985170942266444,0.0014851080486550927,0.0010815490416036678,4.641035079956055
patient00122/study6/view1_frontal.dcm,data/raw/chexpert_plus/dicom_train/patient00122/study6/view1_frontal.dcm,ok,,,,2320,2828,MONOCHROME1,AP,12,16,0,,"(2320, 2828)","(3, 224, 224)",0.0,1.0,0.4168361723423004,0.09742768108844757,0.2854700982570648,0.011046001687645912,0.9980681792477987,0.0019355599069967866,0.001514717358435351,4.483218669891357
patient00124/study6/view1_frontal.dcm,data/raw/chexpert_plus/dicom_train/patient00124/study6/view1_frontal.dcm,ok,,,,2320,2828,MONOCHROME1,AP,12,16,0,,"(2320, 2828)","(3, 224, 224)",0.0,1.0,0.14260931313037872,0.06898006051778793,0.208791209384799,0.008740710094571114,0.9989138278372409,0.0010873532155528665,0.0007962249426913135,3.8726766109466553
patient00124/study4/view1_frontal.dcm,data/raw/chexpert_plus/dicom_train/patient00124/study4/view1_frontal.dcm,ok,,,,2320,2828,MONOCHROME1,AP,12,16,0,,"(2320, 2828)","(3, 224, 224)",0.0,1.0,0.2008691430091858,0.0949237048625946,0.30842491798102856,0.009440377354621887,0.9986286987864711,0.0013731842627748847,0.0012060735014388139,4.273351192474365
patient00124/study2/view1_frontal.dcm,data/raw/chexpert_plus/dicom_train/patient00124/study2/view1_frontal.dcm,ok,,,,2320,2828,MONOCHROME1,AP,12,16,0,,"(2320, 2828)","(3, 224, 224)",0.0,1.0,0.23685921728610992,0.08670955896377563,0.29010989516973495,0.008448668755590916,0.9988886143434708,0.001112622208893299,0.0010234782714724675,4.309414863586426
patient00124/study3/view1_frontal.dcm,data/raw/chexpert_plus/dicom_train/patient00124/study3/view1_frontal.dcm,ok,,,,2320,2828,MONOCHROME1,AP,12,16,0,,"(2320, 2828)","(3, 224, 224)",0.0,1.0,0.26491424441337585,0.10516969859600067,0.3811965864151716,0.009065717458724976,0.9987339918964576,0.001267612911760807,0.0009579390820855484,4.463823318481445
patient00124/study5/view1_frontal.dcm,data/raw/chexpert_plus/dicom_train/patient00124/study5/view1_frontal.dcm,ok,,,,2320,2828,MONOCHROME1,AP,12,16,0,,"(2320, 2828)","(3, 224, 224)",0.0,1.0,0.26298972964286804,0.10675232112407684,0.36459096893668175,0.009265615604817867,0.9986332671951931,0.0013686033198609948,0.001141906062527435,4.48043966293335
patient00124/study1/view1_frontal.dcm,data/raw/chexpert_plus/dicom_train/patient00124/study1/view1_frontal.dcm,ok,,,,2320,2828,MONOCHROME1,AP,12,16,0,,"(2320, 2828)","(3, 224, 224)",0.0,1.0,0.263102650642395,0.08289831876754761,0.27838828414678574,0.008875486440956593,0.9987800464616319,0.0012214436428621411,0.0010393296103009316,4.230724334716797
patient00124/study7/view2_lateral.dcm,data/raw/chexpert_plus/dicom_train/patient00124/study7/view2_lateral.dcm,ok,,,,2828,2320,MONOCHROME1,LL,15,16,0,,"(2828, 2320)","(3, 224, 224)",0.0,1.0,0.33768221735954285,0.18286387622356415,0.5224125795066357,0.00802141334861517,0.9986508402272753,0.0013509824639186263,0.010225332878115398,4.976366996765137
patient00124/study7/view1_frontal.dcm,data/raw/chexpert_plus/dicom_train/patient00124/study7/view1_frontal.dcm,ok,,,,2320,2828,MONOCHROME1,PA,15,16,0,,"(2320, 2828)","(3, 224, 224)",0.0,1.0,0.4071732759475708,0.19280993938446045,0.633818868547678,0.012258805334568024,0.9969219516030788,0.0030875520315021276,0.002774289128420231,5.360798358917236
patient00125/study1/view1_frontal.dcm,data/raw/chexpert_plus/dicom_train/patient00125/study1/view1_frontal.dcm,ok,,,,2320,2828,MONOCHROME1,PA,12,16,0,,"(2320, 2828)","(3, 224, 224)",0.0,1.0,0.4640755355358124,0.16555935144424438,0.5267857313156128,0.006211825180798769,0.9992161018452851,0.0007845131331123412,0.05047340633078086,5.391340732574463
patient00125/study1/view2_lateral.dcm,data/raw/chexpert_plus/dicom_train/patient00125/study1/view2_lateral.dcm,ok,,,,2828,2320,MONOCHROME1,PA,12,16,0,,"(2828, 2320)","(3, 224, 224)",0.0,1.0,0.3835146725177765,0.21160337328910828,0.6381507199257612,0.005556021351367235,0.9993727861876569,0.0006276074564084411,0.05196404184753451,5.091162204742432
patient00126/study1/view1_frontal.dcm,data/raw/chexpert_plus/dicom_train/patient00126/study1/view1_frontal.dcm,ok,,,,2320,2828,MONOCHROME1,AP,12,16,0,,"(2320, 2828)","(3, 224, 224)",0.0,1.0,0.2827291190624237,0.10178439319133759,0.31184371560811996,0.007911872118711472,0.9990030823486273,0.0009979124879464507,0.0018119299614690533,4.620734691619873
patient00127/study1/view1_frontal.dcm,data/raw/chexpert_plus/dicom_train/patient00127/study1/view1_frontal.dcm,ok,,,,2320,2828,MONOCHROME1,AP,15,16,0,,"(2320, 2828)","(3, 224, 224)",0.0,1.0,0.46269428730010986,0.1815168857574463,0.5462288558483124,0.012111016549170017,0.9970102533821245,0.002998712006956339,0.016067160903282446,5.355473518371582
patient00129/study1/view1_frontal.dcm,data/raw/chexpert_plus/dicom_train/patient00129/study1/view1_frontal.dcm,ok,,,,2320,2828,MONOCHROME1,AP,12,16,0,,"(2320, 2828)","(3, 224, 224)",0.0,1.0,0.2970331013202667,0.10051514953374863,0.37435897812247276,0.005679946392774582,0.9993873572729188,0.0006130182882770896,0.004844108179290835,4.419883728027344
patient00133/study1/view2_lateral.dcm,data/raw/chexpert_plus/dicom_train/patient00133/study1/view2_lateral.dcm,ok,,,,2016,1711,MONOCHROME2,LL,14,16,0,,"(2016, 1711)","(3, 224, 224)",0.0,1.0,0.24214611947536469,0.12766966223716736,0.374168336391449,0.006538186687976122,0.9994752839884751,0.0005249914829619229,0.0021548825062851946,3.869135856628418
patient00133/study1/view1_frontal.dcm,data/raw/chexpert_plus/dicom_train/patient00133/study1/view1_frontal.dcm,ok,,,,2021,2011,MONOCHROME2,PA,14,16,0,,"(2021, 2011)","(3, 224, 224)",0.0,1.0,0.6627873182296753,0.14358803629875183,0.5384284555912018,0.012148106470704079,0.9984152877300421,0.00158722756896168,0.0021425947491665706,4.601499080657959
patient00134/study4/view1_frontal.dcm,data/raw/chexpert_plus/dicom_train/patient00134/study4/view1_frontal.dcm,ok,,,,2320,2828,MONOCHROME1,AP,12,16,0,,"(2320, 2828)","(3, 224, 224)",0.0,1.0,0.40082716941833496,0.1498923897743225,0.5654521025717258,0.008697210811078548,0.9987078789981902,0.0012937927385792136,0.00364138784568112,4.906190395355225
patient00134/study2/view1_frontal.dcm,data/raw/chexpert_plus/dicom_train/patient00134/study2/view1_frontal.dcm,ok,,,,2048,2494,MONOCHROME1,AP,12,16,0,,"(2048, 2494)","(3, 224, 224)",0.0,1.0,0.2695065438747406,0.08984925597906113,0.31086691468954086,0.005567586049437523,0.9993851279809636,0.0006152503192424774,0.005483081270048116,4.44110631942749
patient00134/study5/view1_frontal.dcm,data/raw/chexpert_plus/dicom_train/patient00134/study5/view1_frontal.dcm,ok,,,,2022,1971,MONOCHROME2,PA,14,16,0,,"(2022, 1971)","(3, 224, 224)",0.0,1.0,0.3110218644142151,0.044572338461875916,0.13568943738937378,0.0038254885002970695,0.99979960950552,0.00020043065887875855,0.0013544566340523145,3.285313367843628
patient00134/study5/view2_lateral.dcm,data/raw/chexpert_plus/dicom_train/patient00134/study5/view2_lateral.dcm,ok,,,,2022,1731,MONOCHROME2,LL,14,16,0,,"(2022, 1731)","(3, 224, 224)",0.0,1.0,0.23124121129512787,0.1293249875307083,0.3567112386226654,0.005455516744405031,0.9996123716918729,0.0003877786220982671,0.0006919837878084,3.801647901535034
patient00134/study6/view1_frontal.dcm,data/raw/chexpert_plus/dicom_train/patient00134/study6/view1_frontal.dcm,ok,,,,2048,2494,MONOCHROME1,AP,12,16,0,,"(2048, 2494)","(3, 224, 224)",0.0,1.0,0.24777573347091675,0.09057572484016418,0.3362637422978878,0.006167654413729906,0.9993149748969181,0.0006854946841485798,0.005284557939053729,4.3929548263549805
patient00134/study1/view1_frontal.dcm,data/raw/chexpert_plus/dicom_train/patient00134/study1/view1_frontal.dcm,ok,,,,2016,1981,MONOCHROME2,PA,14,16,0,,"(2016, 1981)","(3, 224, 224)",0.0,1.0,0.7737573981285095,0.1214148998260498,0.37048643827438354,0.012749647721648216,0.9981443152064896,0.0018591347616165876,0.0020111696032947927,4.577595233917236
patient00134/study1/view2_lateral.dcm,data/raw/chexpert_plus/dicom_train/patient00134/study1/view2_lateral.dcm,ok,,,,2016,1741,MONOCHROME2,LL,14,16,0,,"(2016, 1741)","(3, 224, 224)",0.0,1.0,0.23764927685260773,0.1304461658000946,0.36373069882392883,0.00671719154343009,0.9994376554893117,0.0005626609199680388,0.0028907168841114847,3.817574977874756
patient00134/study7/view1_frontal.dcm,data/raw/chexpert_plus/dicom_train/patient00134/study7/view1_frontal.dcm,ok,,,,2320,2828,MONOCHROME1,AP,12,16,0,,"(2320, 2828)","(3, 224, 224)",0.0,1.0,0.3436849117279053,0.11132215708494186,0.3670300394296646,0.006496642716228962,0.9992639309998959,0.0007366111967712641,0.005019539823440472,4.749400615692139
patient00134/study3/view1_frontal.dcm,data/raw/chexpert_plus/dicom_train/patient00134/study3/view1_frontal.dcm,ok,,,,2320,2828,MONOCHROME1,AP,12,16,0,,"(2320, 2828)","(3, 224, 224)",0.0,1.0,0.28762808442115784,0.09079385548830032,0.3511599563062191,0.004984104540199041,0.9995632080321569,0.0004369828384369612,0.005733764571038385,4.321108341217041
patient00136/study3/view1_frontal.dcm,data/raw/chexpert_plus/dicom_train/patient00136/study3/view1_frontal.dcm,ok,,,,2320,2828,MONOCHROME1,AP,12,16,0,,"(2320, 2828)","(3, 224, 224)",0.0,1.0,0.2617315351963043,0.11842895299196243,0.39682540111243725,0.010842942632734776,0.9982436392316201,0.0017594509990885854,0.001199519582500122,4.4934773445129395
patient00136/study1/view1_frontal.dcm,data/raw/chexpert_plus/dicom_train/patient00136/study1/view1_frontal.dcm,ok,,,,2022,2022,MONOCHROME2,PA,14,16,0,,"(2022, 2022)","(3, 224, 224)",0.0,1.0,0.48400986194610596,0.15522606670856476,0.5710907727479935,0.00640969118103385,0.9991984652121659,0.0008021777612157166,0.010937550446571393,4.895506858825684
patient00136/study1/view2_lateral.dcm,data/raw/chexpert_plus/dicom_train/patient00136/study1/view2_lateral.dcm,ok,,,,2022,2022,MONOCHROME2,LL,14,16,0,,"(2022, 2022)","(3, 224, 224)",0.0,1.0,0.24801957607269287,0.10915148258209229,0.35573461651802063,0.006465733051300049,0.9993257762313711,0.0006746786530129611,0.0009998816187124617,4.03570032119751
patient00136/study2/view1_frontal.dcm,data/raw/chexpert_plus/dicom_train/patient00136/study2/view1_frontal.dcm,ok,,,,2320,2828,MONOCHROME1,AP,12,16,0,,"(2320, 2828)","(3, 224, 224)",0.0,1.0,0.18078838288784027,0.08381011337041855,0.26422467455267906,0.008383659645915031,0.9989418464529821,0.001059274422004819,0.0008524667121884602,4.13545560836792
patient00136/study2/view2_frontal.dcm,data/raw/chexpert_plus/dicom_train/patient00136/study2/view2_frontal.dcm,ok,,,,2320,2828,MONOCHROME1,AP,12,16,0,,"(2320, 2828)","(3, 224, 224)",0.0,1.0,0.31179651618003845,0.12350485473871231,0.39633702486753464,0.008251930586993694,0.9988823889638804,0.0011188614880666137,0.0008030836950690143,4.9239068031311035
patient00138/study2/view1_frontal.dcm,data/raw/chexpert_plus/dicom_train/patient00138/study2/view1_frontal.dcm,ok,,,,2320,2828,MONOCHROME1,AP,12,16,0,,"(2320, 2828)","(3, 224, 224)",0.0,1.0,0.23727665841579437,0.06345772743225098,0.22637363523244858,0.008528628386557102,0.9989100345630852,0.001091154757887125,0.000859325464566161,3.6305477619171143
patient00138/study6/view1_frontal.dcm,data/raw/chexpert_plus/dicom_train/patient00138/study6/view1_frontal.dcm,ok,,,,2320,2828,MONOCHROME1,AP,12,16,0,,"(2320, 2828)","(3, 224, 224)",0.0,1.0,0.3574505150318146,0.09607800096273422,0.2957265228033066,0.008405125699937344,0.9988749029300746,0.0011263643391430378,0.0009048980636979955,4.566828727722168
patient00138/study5/view2_lateral.dcm,data/raw/chexpert_plus/dicom_train/patient00138/study5/view2_lateral.dcm,ok,,,,2016,1741,MONOCHROME2,LL,14,16,0,,"(2016, 1741)","(3, 224, 224)",0.0,1.0,0.26824769377708435,0.09934889525175095,0.3539644815027714,0.0075031546875834465,0.9991766268257265,0.0008240516763180494,0.0022952508592945123,3.7747209072113037
patient00138/study5/view1_frontal.dcm,data/raw/chexpert_plus/dicom_train/patient00138/study5/view1_frontal.dcm,ok,,,,1741,2022,MONOCHROME2,PA,14,16,0,,"(1741, 2022)","(3, 224, 224)",0.0,1.0,0.30447643995285034,0.03637704998254776,0.10590246319770813,0.004384817089885473,0.9997564119763007,0.00024364737328141928,0.0018441599612760496,3.0879979133605957
patient00138/study3/view1_frontal.dcm,data/raw/chexpert_plus/dicom_train/patient00138/study3/view1_frontal.dcm,ok,,,,2320,2828,MONOCHROME1,AP,12,16,0,,"(2320, 2828)","(3, 224, 224)",0.0,1.0,0.42574748396873474,0.08669809252023697,0.26715508103370667,0.007479038089513779,0.9989853239269688,0.0010157066863030195,0.0005496146905330928,4.4014129638671875
patient00138/study1/view1_frontal.dcm,data/raw/chexpert_plus/dicom_train/patient00138/study1/view1_frontal.dcm,ok,,,,2320,2828,MONOCHROME1,AP,12,16,0,,"(2320, 2828)","(3, 224, 224)",0.0,1.0,0.3342365324497223,0.10979583114385605,0.42222222313284874,0.01123224850744009,0.9980007517956244,0.0020032532047480345,0.0012225345071452958,4.553029537200928
patient00138/study4/view1_frontal.dcm,data/raw/chexpert_plus/dicom_train/patient00138/study4/view1_frontal.dcm,ok,,,,2320,2828,MONOCHROME1,AP,12,16,0,,"(2320, 2828)","(3, 224, 224)",0.0,1.0,0.3238504230976105,0.08901636302471161,0.2808302789926529,0.009833026677370071,0.9984962945118171,0.001505970023572445,0.001280910110715505,4.4021148681640625
patient00138/study8/view1_frontal.dcm,data/raw/chexpert_plus/dicom_train/patient00138/study8/view1_frontal.dcm,ok,,,,2320,2828,MONOCHROME1,AP,12,16,0,,"(2320, 2828)","(3, 224, 224)",0.0,1.0,0.3332507312297821,0.12157522141933441,0.4256410226225853,0.010312281548976898,0.9983939279453307,0.0016086556715890765,0.0014717358435350925,4.776158332824707
patient00138/study7/view1_frontal.dcm,data/raw/chexpert_plus/dicom_train/patient00138/study7/view1_frontal.dcm,ok,,,,2320,2828,MONOCHROME1,AP,12,16,0,,"(2320, 2828)","(3, 224, 224)",0.0,1.0,0.36078011989593506,0.09654483944177628,0.2857143133878708,0.00899673905223608,0.9987736798275942,0.0012278258800506592,0.0010873408769448373,4.536725044250488
patient00146/study18/view1_frontal.dcm,data/raw/chexpert_plus/dicom_train/patient00146/study18/view1_frontal.dcm,ok,,,,2320,2828,MONOCHROME1,AP,12,16,0,,"(2320, 2828)","(3, 224, 224)",0.0,1.0,0.19197462499141693,0.090218186378479,0.26813187450170517,0.009994211606681347,0.9984935044216277,0.0015087685314938426,0.001121787055552846,4.362396240234375
patient00146/study13/view1_frontal.dcm,data/raw/chexpert_plus/dicom_train/patient00146/study13/view1_frontal.dcm,ok,,,,2320,2828,MONOCHROME1,AP,12,16,0,,"(2320, 2828)","(3, 224, 224)",0.0,1.0,0.22487109899520874,0.08976280689239502,0.3052503131330013,0.01140226237475872,0.9981061885416554,0.0018974047852680087,0.0013868397307711068,4.277681350708008
patient00146/study30/view1_frontal.dcm,data/raw/chexpert_plus/dicom_train/patient00146/study30/view1_frontal.dcm,ok,,,,2320,2828,MONOCHROME1,AP,12,16,0,,"(2320, 2828)","(3, 224, 224)",0.0,1.0,0.3371173143386841,0.09066157042980194,0.279609277844429,0.0100173931568861,0.9983473301027003,0.001655405736528337,0.0013840962298200263,4.4194817543029785
patient00146/study21/view1_frontal.dcm,data/raw/chexpert_plus/dicom_train/patient00146/study21/view1_frontal.dcm,ok,,,,2320,2828,MONOCHROME1,AP,12,16,0,,"(2320, 2828)","(3, 224, 224)",0.0,1.0,0.24260513484477997,0.0798824205994606,0.2390720471739769,0.009076866321265697,0.9987138555721778,0.0012878007255494595,0.0013209957079451788,4.2568840980529785
patient00146/study16/view1_frontal.dcm,data/raw/chexpert_plus/dicom_train/patient00146/study16/view1_frontal.dcm,ok,,,,2320,2828,MONOCHROME1,AP,12,16,0,,"(2320, 2828)","(3, 224, 224)",0.0,1.0,0.14571547508239746,0.07892096042633057,0.25250306632369757,0.009986482560634613,0.998555805756771,0.0014462829567492008,0.0010015302638638247,4.1118059158325195
patient00146/study19/view1_frontal.dcm,data/raw/chexpert_plus/dicom_train/patient00146/study19/view1_frontal.dcm,ok,,,,2320,2828,MONOCHROME1,AP,12,16,0,,"(2320, 2828)","(3, 224, 224)",0.0,1.0,0.2514609098434448,0.08487526327371597,0.2537240609526634,0.008629935793578625,0.9988034205538201,0.0011980129638686776,0.0011835158269521532,4.359152317047119
patient00146/study2/view1_frontal.dcm,data/raw/chexpert_plus/dicom_train/patient00146/study2/view1_frontal.dcm,ok,,,,2320,2828,MONOCHROME1,AP,12,16,0,,"(2320, 2828)","(3, 224, 224)",0.0,1.0,0.2804601788520813,0.11023339629173279,0.40341880545020103,0.010298156179487705,0.9983635569323859,0.0016391254030168056,0.0014644198409988782,4.625837326049805
patient00146/study14/view1_frontal.dcm,data/raw/chexpert_plus/dicom_train/patient00146/study14/view1_frontal.dcm,ok,,,,2320,2828,MONOCHROME1,AP,12,16,0,,"(2320, 2828)","(3, 224, 224)",0.0,1.0,0.1754576861858368,0.07987803965806961,0.2691086810082197,0.00892672874033451,0.9987785547553522,0.0012229389976710081,0.0009780580890601375,4.168262481689453
patient00146/study27/view1_frontal.dcm,data/raw/chexpert_plus/dicom_train/patient00146/study27/view1_frontal.dcm,ok,,,,2320,2828,MONOCHROME1,AP,12,16,0,,"(2320, 2828)","(3, 224, 224)",0.0,1.0,0.1860157698392868,0.08648394048213959,0.26300367526710033,0.010299147106707096,0.998366866482774,0.0016358050052076578,0.0013209957079451788,4.036733150482178
patient00146/study1/view1_frontal.dcm,data/raw/chexpert_plus/dicom_train/patient00146/study1/view1_frontal.dcm,ok,,,,2320,2828,MONOCHROME1,AP,12,16,0,,"(2320, 2828)","(3, 224, 224)",0.0,1.0,0.2730749845504761,0.09163085371255875,0.2691086679697037,0.009087085723876953,0.9986693498051026,0.0013324231840670109,0.0010498463639467394,4.408708572387695
patient00146/study9/view1_frontal.dcm,data/raw/chexpert_plus/dicom_train/patient00146/study9/view1_frontal.dcm,ok,,,,2320,2828,MONOCHROME1,AP,12,16,0,,"(2320, 2828)","(3, 224, 224)",0.0,1.0,0.28858402371406555,0.07261873781681061,0.22271062433719635,0.008829298429191113,0.9987471242800725,0.0012544473866000772,0.0011358093937472566,4.056550979614258
patient00146/study25/view1_frontal.dcm,data/raw/chexpert_plus/dicom_train/patient00146/study25/view1_frontal.dcm,ok,,,,2320,2828,MONOCHROME1,AP,12,16,0,,"(2320, 2828)","(3, 224, 224)",0.0,1.0,0.2284313142299652,0.0889049619436264,0.3103785179555416,0.009503564797341824,0.9985794790685576,0.001422541681677103,0.0012920365312393308,4.325577735900879
patient00146/study31/view1_frontal.dcm,data/raw/chexpert_plus/dicom_train/patient00146/study31/view1_frontal.dcm,ok,,,,2320,2828,MONOCHROME1,AP,12,16,0,,"(2320, 2828)","(3, 224, 224)",0.0,1.0,0.3055182993412018,0.0800112783908844,0.24273504316806793,0.010023665614426136,0.9985293585985787,0.0014728073729202151,0.0023072842998585574,4.2201433181762695
patient00146/study26/view1_frontal.dcm,data/raw/chexpert_plus/dicom_train/patient00146/study26/view1_frontal.dcm,ok,,,,2320,2828,MONOCHROME1,AP,12,16,0,,"(2320, 2828)","(3, 224, 224)",0.0,1.0,0.23453079164028168,0.08860132098197937,0.30402931198477745,0.009425551630556583,0.9985876866807589,0.0014143107691779733,0.0013764753938448032,4.249520301818848
patient00146/study29/view1_frontal.dcm,data/raw/chexpert_plus/dicom_train/patient00146/study29/view1_frontal.dcm,ok,,,,2320,2828,MONOCHROME1,AP,12,16,0,,"(2320, 2828)","(3, 224, 224)",0.0,1.0,0.18588434159755707,0.0790136456489563,0.2390720508992672,0.011217704974114895,0.9980946249440936,0.0019090124405920506,0.0014257059942447447,4.099265098571777
patient00146/study8/view1_frontal.dcm,data/raw/chexpert_plus/dicom_train/patient00146/study8/view1_frontal.dcm,ok,,,,2048,2494,MONOCHROME1,AP,12,16,0,,"(2048, 2494)","(3, 224, 224)",0.0,1.0,0.14507901668548584,0.07148192822933197,0.22100122179836035,0.010082947090268135,0.9984339424606604,0.001568513922393322,0.0010858090667602246,3.844782829284668
patient00146/study4/view1_frontal.dcm,data/raw/chexpert_plus/dicom_train/patient00146/study4/view1_frontal.dcm,ok,,,,2320,2828,MONOCHROME1,AP,12,16,0,,"(2320, 2828)","(3, 224, 224)",0.0,1.0,0.22352907061576843,0.08108724653720856,0.2778998874127865,0.010280802845954895,0.9984447169821239,0.0015577056910842657,0.0012191813393161977,4.135697841644287
patient00146/study6/view1_frontal.dcm,data/raw/chexpert_plus/dicom_train/patient00146/study6/view1_frontal.dcm,ok,,,,2320,2828,MONOCHROME1,AP,12,16,0,,"(2320, 2828)","(3, 224, 224)",0.0,1.0,0.3257446587085724,0.09521610289812088,0.2908424884080887,0.009868932887911797,0.9983349273713922,0.0016678497195243835,0.001229545676242501,4.478403568267822
patient00146/study12/view1_frontal.dcm,data/raw/chexpert_plus/dicom_train/patient00146/study12/view1_frontal.dcm,ok,,,,2320,2828,MONOCHROME1,PA,12,16,0,,"(2320, 2828)","(3, 224, 224)",0.0,1.0,0.31559860706329346,0.09704769402742386,0.2886446863412857,0.009389077313244343,0.9986412921387722,0.0013605564599856734,0.0014523789201580256,4.502402305603027
patient00146/study28/view1_frontal.dcm,data/raw/chexpert_plus/dicom_train/patient00146/study28/view1_frontal.dcm,ok,,,,2320,2828,MONOCHROME1,AP,12,16,0,,"(2320, 2828)","(3, 224, 224)",0.0,1.0,0.17408372461795807,0.07664525508880615,0.2332112453877926,0.00902631226927042,0.998657805895935,0.0013439980102702975,0.0010897795444569087,4.130817413330078
patient00146/study3/view1_frontal.dcm,data/raw/chexpert_plus/dicom_train/patient00146/study3/view1_frontal.dcm,ok,,,,2320,2828,MONOCHROME1,AP,12,16,0,,"(2320, 2828)","(3, 224, 224)",0.0,1.0,0.2653385400772095,0.10159678757190704,0.33382173627614975,0.009931526146829128,0.9983894938964144,0.0016131040174514055,0.002290366043993562,4.569639205932617
patient00146/study20/view1_frontal.dcm,data/raw/chexpert_plus/dicom_train/patient00146/study20/view1_frontal.dcm,ok,,,,2320,2828,MONOCHROME1,AP,12,16,0,,"(2320, 2828)","(3, 224, 224)",0.0,1.0,0.2161511480808258,0.0881684422492981,0.30451771430671215,0.010488473810255527,0.9983057347769437,0.0016971406294032931,0.0010103704335950837,4.284914016723633
patient00146/study22/view1_frontal.dcm,data/raw/chexpert_plus/dicom_train/patient00146/study22/view1_frontal.dcm,ok,,,,2320,2828,MONOCHROME1,AP,12,16,0,,"(2320, 2828)","(3, 224, 224)",0.0,1.0,0.21195369958877563,0.07931095361709595,0.23980464786291122,0.009252559393644333,0.9986666525605963,0.0013351276284083724,0.001220248256352729,4.25823974609375
patient00146/study10/view1_frontal.dcm,data/raw/chexpert_plus/dicom_train/patient00146/study10/view1_frontal.dcm,ok,,,,2320,2828,MONOCHROME1,AP,12,16,0,,"(2320, 2828)","(3, 224, 224)",0.0,1.0,0.2719682455062866,0.08173798024654388,0.2517704516649246,0.009263724088668823,0.9986170166208946,0.0013848986709490418,0.0013452299663463884,4.193879127502441
patient00146/study7/view1_frontal.dcm,data/raw/chexpert_plus/dicom_train/patient00146/study7/view1_frontal.dcm,ok,,,,2320,2828,MONOCHROME1,AP,12,16,0,,"(2320, 2828)","(3, 224, 224)",0.0,1.0,0.306206613779068,0.11632496118545532,0.4063670486211777,0.005320320371538401,0.9994255782183203,0.0005747519317083061,0.007826750963273668,4.767096996307373
patient00146/study23/view1_frontal.dcm,data/raw/chexpert_plus/dicom_train/patient00146/study23/view1_frontal.dcm,ok,,,,2320,2828,MONOCHROME1,AP,12,16,0,,"(2320, 2828)","(3, 224, 224)",0.0,1.0,0.16962942481040955,0.07000388950109482,0.21391942724585533,0.008946295827627182,0.9987822631837174,0.0012192215071991086,0.0009076415646490757,3.9997122287750244
patient00146/study5/view1_frontal.dcm,data/raw/chexpert_plus/dicom_train/patient00146/study5/view1_frontal.dcm,ok,,,,2320,2828,MONOCHROME1,AP,12,16,0,,"(2320, 2828)","(3, 224, 224)",0.0,1.0,0.15884684026241302,0.07408411055803299,0.240537254139781,0.009319860488176346,0.9986760337073484,0.0013257215032353997,0.0009585487489635663,3.9838433265686035
patient00146/study11/view1_frontal.dcm,data/raw/chexpert_plus/dicom_train/patient00146/study11/view1_frontal.dcm,ok,,,,2320,2828,MONOCHROME1,AP,12,16,0,,"(2320, 2828)","(3, 224, 224)",0.0,1.0,0.28210294246673584,0.09075469523668289,0.260073259472847,0.00914857629686594,0.9986473205093959,0.0013545117108151317,0.0010382626932644004,4.323528289794922
patient00146/study15/view1_frontal.dcm,data/raw/chexpert_plus/dicom_train/patient00146/study15/view1_frontal.dcm,ok,,,,2320,2828,MONOCHROME1,AP,12,16,0,,"(2320, 2828)","(3, 224, 224)",0.0,1.0,0.16616234183311462,0.07424421608448029,0.2473748605698347,0.009417254477739334,0.9986676201813093,0.0013341574231162667,0.0010669170365312393,3.9869697093963623
patient00146/study24/view1_frontal.dcm,data/raw/chexpert_plus/dicom_train/patient00146/study24/view1_frontal.dcm,ok,,,,2320,2828,MONOCHROME1,AP,12,16,0,,"(2320, 2828)","(3, 224, 224)",0.0,1.0,0.31956934928894043,0.08005554974079132,0.23687423765659332,0.009861906990408897,0.9983725681462351,0.0016300847055390477,0.001492616934107204,4.281144142150879
patient00146/study17/view1_frontal.dcm,data/raw/chexpert_plus/dicom_train/patient00146/study17/view1_frontal.dcm,ok,,,,2320,2828,MONOCHROME1,AP,12,16,0,,"(2320, 2828)","(3, 224, 224)",0.0,1.0,0.17379267513751984,0.08001554757356644,0.23247864469885826,0.009382066316902637,0.998640430915739,0.0013614200288429856,0.0010268314393015656,4.148229598999023
patient00147/study1/view1_frontal.dcm,data/raw/chexpert_plus/dicom_train/patient00147/study1/view1_frontal.dcm,ok,,,,2048,2494,MONOCHROME1,AP,12,16,0,,"(2048, 2494)","(3, 224, 224)",0.0,1.0,0.2745424211025238,0.05902351066470146,0.15897436439990997,0.009121747687458992,0.998608528861879,0.0013934100279584527,0.001043715855553328,3.572467088699341
patient00147/study9/view1_frontal.dcm,data/raw/chexpert_plus/dicom_train/patient00147/study9/view1_frontal.dcm,ok,,,,2320,2828,MONOCHROME1,AP,12,16,0,,"(2320, 2828)","(3, 224, 224)",0.0,1.0,0.31675422191619873,0.08539295196533203,0.2520146518945694,0.008761723525822163,0.9987385244579866,0.0012630688725039363,0.0010699653709213286,4.186710834503174
patient00147/study14/view1_frontal.dcm,data/raw/chexpert_plus/dicom_train/patient00147/study14/view1_frontal.dcm,ok,,,,2320,2828,MONOCHROME1,AP,12,16,0,,"(2320, 2828)","(3, 224, 224)",0.0,1.0,0.1692759394645691,0.07346579432487488,0.2356532495468855,0.008466150611639023,0.9988886545336909,0.001112581929191947,0.0009134333999902453,3.9322128295898438
patient00147/study11/view1_frontal.dcm,data/raw/chexpert_plus/dicom_train/patient00147/study11/view1_frontal.dcm,ok,,,,2320,2828,MONOCHROME1,AP,12,16,0,,"(2320, 2828)","(3, 224, 224)",0.0,1.0,0.22720783948898315,0.09709005057811737,0.31330892257392406,0.009784054942429066,0.9985037228736315,0.0014985193265601993,0.0011647685704531045,4.285326957702637
patient00147/study13/view1_frontal.dcm,data/raw/chexpert_plus/dicom_train/patient00147/study13/view1_frontal.dcm,ok,,,,2320,2828,MONOCHROME1,AP,12,16,0,,"(2320, 2828)","(3, 224, 224)",0.0,1.0,0.19953247904777527,0.08676311373710632,0.29474970512092113,0.008936765603721142,0.9987139519485174,0.001287704100832343,0.0014093974052577672,4.203708171844482
patient00147/study6/view1_frontal.dcm,data/raw/chexpert_plus/dicom_train/patient00147/study6/view1_frontal.dcm,ok,,,,2320,2828,MONOCHROME1,AP,12,16,0,,"(2320, 2828)","(3, 224, 224)",0.0,1.0,0.21117939054965973,0.08171204477548599,0.28766789846122265,0.00871220137923956,0.9988116266214826,0.00118978729005903,0.0012418914305223625,4.078803062438965
patient00147/study7/view1_frontal.dcm,data/raw/chexpert_plus/dicom_train/patient00147/study7/view1_frontal.dcm,ok,,,,2320,2828,MONOCHROME1,AP,12,16,0,,"(2320, 2828)","(3, 224, 224)",0.0,1.0,0.22019381821155548,0.07981536537408829,0.2510378584265709,0.008564429357647896,0.9988369600389971,0.00116439419798553,0.001348125884016973,4.143881320953369
patient00147/study3/view1_frontal.dcm,data/raw/chexpert_plus/dicom_train/patient00147/study3/view1_frontal.dcm,ok,,,,2320,2828,MONOCHROME1,AP,12,16,0,,"(2320, 2828)","(3, 224, 224)",0.0,1.0,0.19324281811714172,0.07353236526250839,0.24249085411429405,0.009546021930873394,0.9986088158403228,0.0013931222492828965,0.0009117568160756963,4.048943519592285
patient00147/study8/view1_frontal.dcm,data/raw/chexpert_plus/dicom_train/patient00147/study8/view1_frontal.dcm,ok,,,,2320,2828,MONOCHROME1,AP,12,16,0,,"(2320, 2828)","(3, 224, 224)",0.0,1.0,0.22186292707920074,0.08339158445596695,0.2578754648566246,0.0097179701551795,0.9985304839291644,0.001471678726375103,0.000976229088426084,4.20927619934082
patient00147/study12/view1_frontal.dcm,data/raw/chexpert_plus/dicom_train/patient00147/study12/view1_frontal.dcm,ok,,,,2320,2828,MONOCHROME1,AP,12,16,0,,"(2320, 2828)","(3, 224, 224)",0.0,1.0,0.3099358081817627,0.07812218368053436,0.2500610500574112,0.008648081682622433,0.9988017668834077,0.0011996706016361713,0.0009939094278886016,4.2244672775268555
patient00147/study5/view1_frontal.dcm,data/raw/chexpert_plus/dicom_train/patient00147/study5/view1_frontal.dcm,ok,,,,2320,2828,MONOCHROME1,AP,12,16,0,,"(2320, 2828)","(3, 224, 224)",0.0,1.0,0.3515363931655884,0.08745671063661575,0.2568986564874649,0.009498984552919865,0.9984387686961427,0.0015636725584045053,0.001177114324732966,4.338202953338623
patient00147/study15/view1_frontal.dcm,data/raw/chexpert_plus/dicom_train/patient00147/study15/view1_frontal.dcm,ok,,,,2320,2828,MONOCHROME1,AP,12,16,0,,"(2320, 2828)","(3, 224, 224)",0.0,1.0,0.1740805059671402,0.09316987544298172,0.278144090436399,0.008555411361157894,0.9988681067181681,0.0011331759160384536,0.0012540847680827195,4.205897808074951
patient00147/study10/view1_frontal.dcm,data/raw/chexpert_plus/dicom_train/patient00147/study10/view1_frontal.dcm,ok,,,,2320,2828,MONOCHROME1,AP,12,16,0,,"(2320, 2828)","(3, 224, 224)",0.0,1.0,0.15848669409751892,0.06765417009592056,0.22100122086703777,0.00860294047743082,0.9988455720095714,0.0011557622347027063,0.0012040920840852558,3.922719955444336
patient00147/study2/view1_frontal.dcm,data/raw/chexpert_plus/dicom_train/patient00147/study2/view1_frontal.dcm,ok,,,,2048,2494,MONOCHROME1,AP,12,16,0,,"(2048, 2494)","(3, 224, 224)",0.0,1.0,0.16628308594226837,0.07592927664518356,0.2505494635552168,0.012072856537997723,0.9977501918525034,0.0022548811975866556,0.0014787442988171613,4.020512580871582
patient00147/study4/view1_frontal.dcm,data/raw/chexpert_plus/dicom_train/patient00147/study4/view1_frontal.dcm,ok,,,,2048,2494,MONOCHROME1,AP,12,16,0,,"(2048, 2494)","(3, 224, 224)",0.0,1.0,0.2523138225078583,0.06556074321269989,0.19511599838733673,0.011029605753719807,0.9980531546910733,0.001950642908923328,0.0014742413041299118,3.873612880706787
patient00150/study1/view1_frontal.dcm,data/raw/chexpert_plus/dicom_train/patient00150/study1/view1_frontal.dcm,ok,,,,2320,2828,MONOCHROME1,AP,12,16,0,,"(2320, 2828)","(3, 224, 224)",0.0,1.0,0.20657889544963837,0.0803183764219284,0.26715507730841637,0.00940873846411705,0.9986606589037835,0.0013411373365670443,0.0009588535824025752,4.206106185913086
patient00150/study3/view1_frontal.dcm,data/raw/chexpert_plus/dicom_train/patient00150/study3/view1_frontal.dcm,ok,,,,2320,2828,MONOCHROME1,AP,12,16,0,,"(2320, 2828)","(3, 224, 224)",0.0,1.0,0.21958956122398376,0.07677144557237625,0.23076923936605453,0.009669915772974491,0.9985520655792696,0.0014500339748337865,0.0010972479637126275,4.179649353027344
patient00150/study2/view1_frontal.dcm,data/raw/chexpert_plus/dicom_train/patient00150/study2/view1_frontal.dcm,ok,,,,2320,2828,MONOCHROME1,AP,12,16,0,,"(2320, 2828)","(3, 224, 224)",0.0,1.0,0.27970099449157715,0.08542852848768234,0.2815628871321678,0.010346137918531895,0.9983858291141026,0.0016167806461453438,0.001293103448275862,4.263129234313965
patient00157/study1/view1_frontal.dcm,data/raw/chexpert_plus/dicom_train/patient00157/study1/view1_frontal.dcm,ok,,,,2320,2828,MONOCHROME1,PA,12,16,0,,"(2320, 2828)","(3, 224, 224)",0.0,1.0,0.42065495252609253,0.10702171921730042,0.3264957368373871,0.008145702071487904,0.9988959314561351,0.001105288858525455,0.0010759096229820027,4.654777526855469
patient00157/study1/view3_lateral.dcm,data/raw/chexpert_plus/dicom_train/patient00157/study1/view3_lateral.dcm,ok,,,,2828,2320,MONOCHROME1,PA,12,16,0,,"(2828, 2320)","(3, 224, 224)",0.0,1.0,0.29274481534957886,0.12172094732522964,0.40293040685355663,0.005422556307166815,0.9995196125842303,0.0004806182987522334,0.0001755840608691411,4.52101993560791
patient00157/study1/view2_lateral.dcm,data/raw/chexpert_plus/dicom_train/patient00157/study1/view2_lateral.dcm,ok,,,,2828,2320,MONOCHROME1,PA,12,16,0,,"(2828, 2320)","(3, 224, 224)",0.0,1.0,0.3406980037689209,0.10139749944210052,0.29914529621601105,0.005234681069850922,0.9995542389348071,0.00044595985673367977,0.00021216407355021216,4.466076850891113
patient00159/study1/view1_frontal.dcm,data/raw/chexpert_plus/dicom_train/patient00159/study1/view1_frontal.dcm,ok,,,,2320,2828,MONOCHROME1,PA,12,16,0,,"(2320, 2828)","(3, 224, 224)",0.0,1.0,0.543174684047699,0.1609378159046173,0.4905247390270233,0.007465682458132505,0.9988114327858688,0.0011899815872311592,0.015539341803638492,5.319387435913086
patient00159/study1/view2_lateral.dcm,data/raw/chexpert_plus/dicom_train/patient00159/study1/view2_lateral.dcm,ok,,,,2828,2320,MONOCHROME1,LL,12,16,0,,"(2828, 2320)","(3, 224, 224)",0.0,1.0,0.2493465691804886,0.11799527704715729,0.3667887728661299,0.0030960252042859793,0.9997980316070368,0.00020200919243507087,0.0013094120372628395,4.447569370269775
patient00162/study1/view1_frontal.dcm,data/raw/chexpert_plus/dicom_train/patient00162/study1/view1_frontal.dcm,ok,,,,2022,2022,MONOCHROME2,PA,14,16,0,,"(2022, 2022)","(3, 224, 224)",0.0,1.0,0.2450496107339859,0.050244975835084915,0.13161718845367432,0.004447150509804487,0.9997042142784691,0.00029587323660962284,0.00017610439468516937,3.3306376934051514
patient00162/study1/view2_lateral.dcm,data/raw/chexpert_plus/dicom_train/patient00162/study1/view2_lateral.dcm,ok,,,,2022,2022,MONOCHROME2,PA,14,16,0,,"(2022, 2022)","(3, 224, 224)",0.0,1.0,0.22998307645320892,0.11206572502851486,0.324543721973896,0.004724264144897461,0.9996967425934786,0.00030334939947351813,0.00017610439468516937,3.5642311573028564
patient00163/study1/view1_frontal.dcm,data/raw/chexpert_plus/dicom_train/patient00163/study1/view1_frontal.dcm,ok,,,,2014,1998,MONOCHROME2,PA,14,16,0,,"(2014, 1998)","(3, 224, 224)",0.0,1.0,0.29757189750671387,0.07414636015892029,0.1869010478258133,0.004198066424578428,0.9997634614090073,0.00023659455473534763,0.001368548290097446,3.9454269409179688
patient00163/study1/view2_lateral.dcm,data/raw/chexpert_plus/dicom_train/patient00163/study1/view2_lateral.dcm,ok,,,,2014,2014,MONOCHROME2,LL,14,16,0,,"(2014, 2014)","(3, 224, 224)",0.0,1.0,0.22879455983638763,0.11874664574861526,0.356650173664093,0.0047014434821903706,0.9996736726359067,0.0003264338884036988,0.0007295012371197053,4.1209635734558105
patient00166/study1/view2_lateral.dcm,data/raw/chexpert_plus/dicom_train/patient00166/study1/view2_lateral.dcm,ok,,,,2021,1751,MONOCHROME2,LL,14,16,0,,"(2021, 1751)","(3, 224, 224)",0.0,1.0,0.21935148537158966,0.10856977105140686,0.33083075284957886,0.00765191437676549,0.9992568802694931,0.0007436723681166768,0.0031160535677499336,3.758236885070801
patient00166/study1/view1_frontal.dcm,data/raw/chexpert_plus/dicom_train/patient00166/study1/view1_frontal.dcm,ok,,,,2022,1981,MONOCHROME2,PA,14,16,0,,"(2022, 1981)","(3, 224, 224)",0.0,1.0,0.2843438982963562,0.0391528494656086,0.11481413245201111,0.004292192403227091,0.9997673282643194,0.00023272588441614062,0.0015960227502520234,3.277521848678589
patient00170/study5/view1_frontal.dcm,data/raw/chexpert_plus/dicom_train/patient00170/study5/view1_frontal.dcm,ok,,,,2320,2828,MONOCHROME1,AP,12,16,0,,"(2320, 2828)","(3, 224, 224)",0.0,1.0,0.2871183156967163,0.09137793630361557,0.30793651193380356,0.009164860472083092,0.9986924801079815,0.0013092317385599017,0.0011249878066624396,4.322648525238037
patient00170/study2/view1_frontal.dcm,data/raw/chexpert_plus/dicom_train/patient00170/study2/view1_frontal.dcm,ok,,,,2320,2828,MONOCHROME1,AP,12,16,0,,"(2320, 2828)","(3, 224, 224)",0.0,1.0,0.30963557958602905,0.08573702722787857,0.2590964585542679,0.010218813084065914,0.9984460167828578,0.001556401839479804,0.001446891918255865,4.2256083488464355
patient00170/study4/view1_frontal.dcm,data/raw/chexpert_plus/dicom_train/patient00170/study4/view1_frontal.dcm,ok,,,,2320,2828,MONOCHROME1,AP,12,16,0,,"(2320, 2828)","(3, 224, 224)",0.0,1.0,0.21551954746246338,0.09031224250793457,0.30671551637351513,0.009318853728473186,0.9986699717837881,0.001331799547187984,0.0012664305223625812,4.2814741134643555
patient00170/study1/view1_frontal.dcm,data/raw/chexpert_plus/dicom_train/patient00170/study1/view1_frontal.dcm,ok,,,,2320,2828,MONOCHROME1,AP,12,16,0,,"(2320, 2828)","(3, 224, 224)",0.0,1.0,0.27568283677101135,0.08107481896877289,0.24566544592380524,0.008230266161262989,0.9989396035815594,0.0010615220526233315,0.0009303516558552407,4.113863468170166
patient00170/study7/view1_frontal.dcm,data/raw/chexpert_plus/dicom_train/patient00170/study7/view1_frontal.dcm,ok,,,,2320,2828,MONOCHROME1,AP,12,16,0,,"(2320, 2828)","(3, 224, 224)",0.0,1.0,0.2709038555622101,0.07191453874111176,0.22344323247671127,0.010313610546290874,0.998430783214797,0.0015716830966994166,0.0012946276154709067,3.609381675720215
patient00170/study10/view1_frontal.dcm,data/raw/chexpert_plus/dicom_train/patient00170/study10/view1_frontal.dcm,ok,,,,2320,2828,MONOCHROME1,AP,12,16,0,,"(2320, 2828)","(3, 224, 224)",0.0,1.0,0.2247040569782257,0.07923132926225662,0.24444445222616196,0.008398388512432575,0.9989172587103821,0.001083914889022708,0.001074385455786958,4.179121971130371
patient00170/study3/view1_frontal.dcm,data/raw/chexpert_plus/dicom_train/patient00170/study3/view1_frontal.dcm,ok,,,,2320,2828,MONOCHROME1,AP,12,16,0,,"(2320, 2828)","(3, 224, 224)",0.0,1.0,0.17108900845050812,0.08490128815174103,0.2708180835470557,0.009415972977876663,0.9986521022511751,0.0013497170293703675,0.0011935753304394478,4.0828728675842285
patient00170/study9/view1_frontal.dcm,data/raw/chexpert_plus/dicom_train/patient00170/study9/view1_frontal.dcm,ok,,,,2320,2828,MONOCHROME1,AP,12,16,0,,"(2320, 2828)","(3, 224, 224)",0.0,1.0,0.3440019190311432,0.10042286664247513,0.3494505509734154,0.010880449786782265,0.9981961273339084,0.0018071325030177832,0.001377694727600839,4.204699516296387
patient00170/study8/view1_frontal.dcm,data/raw/chexpert_plus/dicom_train/patient00170/study8/view1_frontal.dcm,ok,,,,2320,2828,MONOCHROME1,AP,12,16,0,,"(2320, 2828)","(3, 224, 224)",0.0,1.0,0.2598279118537903,0.09038843959569931,0.29230769723653793,0.009240074083209038,0.9986847977929083,0.001316934241913259,0.0011504413988196848,4.343601703643799
patient00170/study11/view1_frontal.dcm,data/raw/chexpert_plus/dicom_train/patient00170/study11/view1_frontal.dcm,ok,,,,2320,2828,MONOCHROME1,PA,12,16,0,,"(2320, 2828)","(3, 224, 224)",0.0,1.0,0.35362717509269714,0.09655396640300751,0.2923077195882797,0.005401168949902058,0.9994774950756723,0.0005227780784480274,0.0002299968297322343,4.569077014923096
patient00170/study11/view2_lateral.dcm,data/raw/chexpert_plus/dicom_train/patient00170/study11/view2_lateral.dcm,ok,,,,2828,2320,MONOCHROME1,PA,12,16,0,,"(2828, 2320)","(3, 224, 224)",0.0,1.0,0.2663211524486542,0.1608198881149292,0.4537240546196699,0.005820166319608688,0.9994209209286893,0.0005794145981781185,0.0001865580646734624,4.582089900970459
patient00170/study6/view1_frontal.dcm,data/raw/chexpert_plus/dicom_train/patient00170/study6/view1_frontal.dcm,ok,,,,2320,2828,MONOCHROME1,AP,12,16,0,,"(2320, 2828)","(3, 224, 224)",0.0,1.0,0.22348704934120178,0.08960941433906555,0.3113553188741207,0.008422253653407097,0.9989530263420093,0.0010480709606781602,0.0017863239525923035,4.32797908782959
patient00172/study3/view1_frontal.dcm,data/raw/chexpert_plus/dicom_train/patient00172/study3/view1_frontal.dcm,ok,,,,2320,2828,MONOCHROME1,AP,12,16,0,,"(2320, 2828)","(3, 224, 224)",0.0,1.0,0.29271990060806274,0.09292563796043396,0.28717948496341705,0.011629011482000351,0.998051538524637,0.00195226538926363,0.001901398575818173,4.383354663848877
patient00172/study5/view1_frontal.dcm,data/raw/chexpert_plus/dicom_train/patient00172/study5/view1_frontal.dcm,ok,,,,2320,2828,MONOCHROME1,AP,12,16,0,,"(2320, 2828)","(3, 224, 224)",0.0,1.0,0.3068200945854187,0.09227952361106873,0.27643467485904694,0.010868123732507229,0.9982469723485851,0.0017561061540618539,0.0015514497878359264,4.379816055297852
patient00172/study4/view1_frontal.dcm,data/raw/chexpert_plus/dicom_train/patient00172/study4/view1_frontal.dcm,ok,,,,2320,2828,MONOCHROME1,AP,12,16,0,,"(2320, 2828)","(3, 224, 224)",0.0,1.0,0.34651830792427063,0.10862638056278229,0.41001220792531967,0.010374074801802635,0.9983143272634051,0.0016885190270841122,0.0013956799005023655,4.465378284454346
patient00172/study1/view1_frontal.dcm,data/raw/chexpert_plus/dicom_train/patient00172/study1/view1_frontal.dcm,ok,,,,2320,2828,MONOCHROME1,AP,12,16,0,,"(2320, 2828)","(3, 224, 224)",0.0,1.0,0.3665250837802887,0.07909338921308517,0.22002440690994263,0.01138415839523077,0.998016764093379,0.0019871769472956657,0.0018203128810417987,4.115378379821777
patient00172/study2/view1_frontal.dcm,data/raw/chexpert_plus/dicom_train/patient00172/study2/view1_frontal.dcm,ok,,,,2320,2828,MONOCHROME1,AP,12,16,0,,"(2320, 2828)","(3, 224, 224)",0.0,1.0,0.35123929381370544,0.08260516822338104,0.26544566452503204,0.010023077018558979,0.9984772442361934,0.0015250780852511525,0.0014235721601716822,4.1806559562683105
patient00177/study2/view1_frontal.dcm,data/raw/chexpert_plus/dicom_train/patient00177/study2/view1_frontal.dcm,ok,,,,2320,2828,MONOCHROME1,AP,12,16,0,,"(2320, 2828)","(3, 224, 224)",0.0,1.0,0.31556522846221924,0.0884968712925911,0.2659340649843216,0.00948396883904934,0.9985021558527791,0.0015000910498201847,0.0009137382334292542,4.392145156860352
patient00177/study3/view1_frontal.dcm,data/raw/chexpert_plus/dicom_train/patient00177/study3/view1_frontal.dcm,ok,,,,2320,2828,MONOCHROME1,AP,12,16,0,,"(2320, 2828)","(3, 224, 224)",0.0,1.0,0.3075300455093384,0.1010051965713501,0.3216117173433304,0.01095871813595295,0.9980917765611117,0.001911871717311442,0.0014825574306199093,4.5335845947265625
patient00177/study5/view1_frontal.dcm,data/raw/chexpert_plus/dicom_train/patient00177/study5/view1_frontal.dcm,ok,,,,2320,2828,MONOCHROME1,AP,12,16,0,,"(2320, 2828)","(3, 224, 224)",0.0,1.0,0.3396775722503662,0.12212035804986954,0.44175824150443077,0.012906080111861229,0.9972819297795903,0.0027254782617092133,0.003169200848656294,4.698779582977295
patient00177/study4/view1_frontal.dcm,data/raw/chexpert_plus/dicom_train/patient00177/study4/view1_frontal.dcm,ok,,,,2320,2828,MONOCHROME1,AP,12,16,0,,"(2320, 2828)","(3, 224, 224)",0.0,1.0,0.3077523410320282,0.10058318823575974,0.31575091928243637,0.01144482009112835,0.9979287560271304,0.0020755429286509752,0.00130499195239721,4.470508575439453
patient00177/study1/view1_frontal.dcm,data/raw/chexpert_plus/dicom_train/patient00177/study1/view1_frontal.dcm,ok,,,,2048,2494,MONOCHROME1,AP,12,16,0,,"(2048, 2494)","(3, 224, 224)",0.0,1.0,0.26482582092285156,0.0965176522731781,0.3054945096373558,0.012901302427053452,0.9974048355006065,0.002601916901767254,0.0018501434693263834,4.441784858703613
patient00186/study1/view1_frontal.dcm,data/raw/chexpert_plus/dicom_train/patient00186/study1/view1_frontal.dcm,ok,,,,2320,2828,MONOCHROME1,AP,12,16,0,,"(2320, 2828)","(3, 224, 224)",0.0,1.0,0.3029495179653168,0.11618569493293762,0.42417582497000694,0.005068403203040361,0.9995510755030611,0.00044912612065672874,0.005874445203141004,4.771673202514648
patient00186/study2/view1_frontal.dcm,data/raw/chexpert_plus/dicom_train/patient00186/study2/view1_frontal.dcm,ok,,,,2320,2828,MONOCHROME1,AP,12,16,0,,"(2320, 2828)","(3, 224, 224)",0.0,1.0,0.28493693470954895,0.11980526894330978,0.43731343373656273,0.005967786069959402,0.9993476174758018,0.0006528084049932659,0.004822160171682193,4.798412322998047
patient00187/study1/view1_frontal.dcm,data/raw/chexpert_plus/dicom_train/patient00187/study1/view1_frontal.dcm,ok,,,,2320,2828,MONOCHROME1,AP,12,16,0,,"(2320, 2828)","(3, 224, 224)",0.0,1.0,0.2849718928337097,0.09306304156780243,0.29792430251836777,0.005339892581105232,0.9994451170515993,0.0005551910144276917,0.005096357850070721,4.450849533081055
patient00190/study1/view1_frontal.dcm,data/raw/chexpert_plus/dicom_train/patient00190/study1/view1_frontal.dcm,ok,,,,2320,2828,MONOCHROME1,AP,12,16,0,,"(2320, 2828)","(3, 224, 224)",0.0,1.0,0.2490895837545395,0.07904701679944992,0.18290598690509796,0.011288543231785297,0.9981034167515848,0.0019001871114596725,0.0027401477832512317,3.818958044052124
patient00190/study1/view2_frontal.dcm,data/raw/chexpert_plus/dicom_train/patient00190/study1/view2_frontal.dcm,ok,,,,2320,2828,MONOCHROME1,AP,12,16,0,,"(2320, 2828)","(3, 224, 224)",0.0,1.0,0.26754331588745117,0.08187046647071838,0.21001221239566803,0.01139919739216566,0.9980859331417284,0.0019177375361323357,0.0025997719845876214,4.066330432891846
patient00190/study2/view1_frontal.dcm,data/raw/chexpert_plus/dicom_train/patient00190/study2/view1_frontal.dcm,ok,,,,2320,2828,MONOCHROME1,AP,12,16,0,,"(2320, 2828)","(3, 224, 224)",0.0,1.0,0.32721593976020813,0.08288852870464325,0.2590964585542679,0.009377687238156796,0.9985651389689244,0.0014369228156283498,0.001029270106813637,4.338789939880371
patient00197/study1/view1_frontal.dcm,data/raw/chexpert_plus/dicom_train/patient00197/study1/view1_frontal.dcm,ok,,,,2320,2828,MONOCHROME1,AP,12,16,0,,"(2320, 2828)","(3, 224, 224)",0.0,1.0,0.3259572386741638,0.06938369572162628,0.22299136221408844,0.004726300947368145,0.9995385678554858,0.0004616451624315232,0.008697507681802663,3.586348056793213
patient00201/study1/view1_frontal.dcm,data/raw/chexpert_plus/dicom_train/patient00201/study1/view1_frontal.dcm,ok,,,,1751,2022,MONOCHROME2,PA,14,16,0,,"(1751, 2022)","(3, 224, 224)",0.0,1.0,0.4819605350494385,0.06355033814907074,0.1894235610961914,0.007078301161527634,0.9993485828705134,0.0006518417503684759,0.0015305652669295657,3.887277126312256
patient00201/study1/view2_lateral.dcm,data/raw/chexpert_plus/dicom_train/patient00201/study1/view2_lateral.dcm,ok,,,,2011,1751,MONOCHROME2,LL,14,16,0,,"(2011, 1751)","(3, 224, 224)",0.0,1.0,0.18962953984737396,0.07786191999912262,0.2776658684015274,0.0033646041993051767,0.9998698733655952,0.00013014356954954565,0.001888528001758461,3.6519579887390137
patient00201/study2/view1_frontal.dcm,data/raw/chexpert_plus/dicom_train/patient00201/study2/view1_frontal.dcm,ok,,,,1751,2022,MONOCHROME2,PA,14,16,0,,"(1751, 2022)","(3, 224, 224)",0.0,1.0,0.2894349992275238,0.04918951168656349,0.14228162169456482,0.004294033627957106,0.9997713569364624,0.00022869535314384848,0.0019720255939660873,3.3858964443206787
patient00201/study2/view2_lateral.dcm,data/raw/chexpert_plus/dicom_train/patient00201/study2/view2_lateral.dcm,ok,,,,2021,1751,MONOCHROME2,LL,14,16,0,,"(2021, 1751)","(3, 224, 224)",0.0,1.0,0.2991780936717987,0.10335760563611984,0.3539644777774811,0.008632776327431202,0.9990576488521963,0.0009432400111109018,0.003094859769111932,3.97882080078125
patient00203/study2/view1_frontal.dcm,data/raw/chexpert_plus/dicom_train/patient00203/study2/view1_frontal.dcm,ok,,,,2022,2022,MONOCHROME2,PA,14,16,0,,"(2022, 2022)","(3, 224, 224)",0.0,1.0,0.44326451420783997,0.1435941606760025,0.47717058658599854,0.00567674869671464,0.9993629015899425,0.0006375045632012188,0.012034778661234825,5.058267593383789
patient00203/study2/view2_lateral.dcm,data/raw/chexpert_plus/dicom_train/patient00203/study2/view2_lateral.dcm,ok,,,,2022,2022,MONOCHROME2,LL,14,16,0,,"(2022, 2022)","(3, 224, 224)",0.0,1.0,0.22436994314193726,0.1234455481171608,0.35962952114641666,0.003854684764519334,0.9997692099731891,0.0002308433031430468,0.00018270830948586322,4.2085747718811035
patient00203/study1/view1_frontal.dcm,data/raw/chexpert_plus/dicom_train/patient00203/study1/view1_frontal.dcm,ok,,,,2320,2828,MONOCHROME1,PA,12,16,0,,"(2320, 2828)","(3, 224, 224)",0.0,1.0,0.34626060724258423,0.13779890537261963,0.47994019091129303,0.005698820576071739,0.9994070800740474,0.0005932716885581613,0.0029341742671804127,4.9479146003723145
patient00203/study1/view2_lateral.dcm,data/raw/chexpert_plus/dicom_train/patient00203/study1/view2_lateral.dcm,ok,,,,2828,2320,MONOCHROME1,PA,12,16,0,,"(2828, 2320)","(3, 224, 224)",0.0,1.0,0.2532252371311188,0.15502646565437317,0.46520146541297436,0.004805522505193949,0.9996146211333158,0.0003855274408124387,0.002097711310539921,4.827565670013428
patient00207/study1/view1_frontal.dcm,data/raw/chexpert_plus/dicom_train/patient00207/study1/view1_frontal.dcm,ok,,,,2320,2828,MONOCHROME1,AP,12,16,0,,"(2320, 2828)","(3, 224, 224)",0.0,1.0,0.47742128372192383,0.11908291280269623,0.3700081706047058,0.008911829441785812,0.9984795865857503,0.0015227285912260413,0.0021461798273423403,4.68053674697876
patient00215/study1/view2_lateral.dcm,data/raw/chexpert_plus/dicom_train/patient00215/study1/view2_lateral.dcm,ok,,,,2016,2017,MONOCHROME2,LL,14,16,0,,"(2016, 2017)","(3, 224, 224)",0.0,1.0,0.25660791993141174,0.1188662201166153,0.37935665249824524,0.005705379880964756,0.999575214914144,0.0004249656049069017,0.0014157931392685978,4.010159015655518
patient00215/study1/view1_frontal.dcm,data/raw/chexpert_plus/dicom_train/patient00215/study1/view1_frontal.dcm,ok,,,,2016,2022,MONOCHROME2,PA,14,16,0,,"(2016, 2022)","(3, 224, 224)",0.0,1.0,0.7373924851417542,0.09194845706224442,0.24739015102386475,0.008809644728899002,0.9988767178319989,0.001124545349739492,0.0011424430471166376,4.332423686981201
patient00223/study1/view1_frontal.dcm,data/raw/chexpert_plus/dicom_train/patient00223/study1/view1_frontal.dcm,ok,,,,2320,2828,MONOCHROME1,AP,12,16,0,,"(2320, 2828)","(3, 224, 224)",0.0,1.0,0.37363141775131226,0.14713150262832642,0.5294602140784264,0.007955683395266533,0.9989196433175893,0.0010815251152962446,0.003796243232697654,5.064985275268555
patient00224/study1/view2_lateral.dcm,data/raw/chexpert_plus/dicom_train/patient00224/study1/view2_lateral.dcm,ok,,,,2022,1751,MONOCHROME2,LL,14,16,0,,"(2022, 1751)","(3, 224, 224)",0.0,1.0,0.2649727761745453,0.10745500773191452,0.3603735640645027,0.0051571824587881565,0.9996589827395601,0.00034113359288312495,0.0019327658463921423,3.799116373062134
patient00224/study1/view1_frontal.dcm,data/raw/chexpert_plus/dicom_train/patient00224/study1/view1_frontal.dcm,ok,,,,1751,2022,MONOCHROME2,PA,14,16,0,,"(1751, 2022)","(3, 224, 224)",0.0,1.0,0.5728729963302612,0.08368644118309021,0.21400779485702515,0.007065164390951395,0.999323966033314,0.0006764912977814674,0.0015785807855451823,4.069238662719727
patient00228/study1/view1_frontal.dcm,data/raw/chexpert_plus/dicom_train/patient00228/study1/view1_frontal.dcm,ok,,,,2320,2828,MONOCHROME1,AP,12,16,0,,"(2320, 2828)","(3, 224, 224)",0.0,1.0,0.2703918218612671,0.12531933188438416,0.39878788217902184,0.006869510747492313,0.9991781690584176,0.0008225069032050669,0.0031486245915231916,4.712356090545654
patient00236/study2/view1_frontal.dcm,data/raw/chexpert_plus/dicom_train/patient00236/study2/view1_frontal.dcm,ok,,,,2320,2828,MONOCHROME1,AP,12,16,0,,"(2320, 2828)","(3, 224, 224)",0.0,1.0,0.18475349247455597,0.09053891897201538,0.2891330998390913,0.009560767561197281,0.9985749758106012,0.0014270577812567353,0.0010096083499975613,4.193667411804199
patient00236/study1/view1_frontal.dcm,data/raw/chexpert_plus/dicom_train/patient00236/study1/view1_frontal.dcm,ok,,,,2320,2828,MONOCHROME1,AP,12,16,0,,"(2320, 2828)","(3, 224, 224)",0.0,1.0,0.18175409734249115,0.08981673419475555,0.29157510306686163,0.009520960040390491,0.9986869117994779,0.001314814668148756,0.0009567197483295128,4.268328666687012
patient00236/study1/view2_lateral.dcm,data/raw/chexpert_plus/dicom_train/patient00236/study1/view2_lateral.dcm,ok,,,,2828,2320,MONOCHROME1,PA,12,16,0,,"(2828, 2320)","(3, 224, 224)",0.0,1.0,0.2702252268791199,0.14129312336444855,0.4170940201729536,0.0040256064385175705,0.9996531112121002,0.0003470091614872217,0.03662985294834902,4.692521095275879
patient00238/study1/view1_frontal.dcm,data/raw/chexpert_plus/dicom_train/patient00238/study1/view1_frontal.dcm,ok,,,,1788,2021,MONOCHROME2,PA,14,16,0,,"(1788, 2021)","(3, 224, 224)",0.0,1.0,0.2435341477394104,0.06525752693414688,0.1818532645702362,0.0026403453666716814,0.9998800751046032,0.00011993927910225466,0.020176015373256424,3.9508469104766846
patient00240/study1/view1_frontal.dcm,data/raw/chexpert_plus/dicom_train/patient00240/study1/view1_frontal.dcm,ok,,,,1787,1838,MONOCHROME2,PA,14,16,0,,"(1787, 1838)","(3, 224, 224)",0.0,1.0,0.25832587480545044,0.04974697530269623,0.15284135937690735,0.005082548595964909,0.9996552718114783,0.00034484706702642143,0.002569640609577209,3.447316884994507
patient00240/study1/view2_lateral.dcm,data/raw/chexpert_plus/dicom_train/patient00240/study1/view2_lateral.dcm,ok,,,,2021,1751,MONOCHROME2,LL,14,16,0,,"(2021, 1751)","(3, 224, 224)",0.0,1.0,0.1976439356803894,0.12144352495670319,0.3258255422115326,0.005704520735889673,0.9994350932848024,0.0005652260151691735,0.001707655002259259,3.674384355545044
patient00250/study4/view1_frontal.dcm,data/raw/chexpert_plus/dicom_train/patient00250/study4/view1_frontal.dcm,ok,,,,2320,2828,MONOCHROME1,AP,12,16,0,,"(2320, 2828)","(3, 224, 224)",0.0,1.0,0.2701275944709778,0.11891403794288635,0.39438339695334435,0.009459240362048149,0.9986622412834955,0.001339550712145865,0.0011048687996878506,4.697971820831299
patient00250/study5/view1_frontal.dcm,data/raw/chexpert_plus/dicom_train/patient00250/study5/view1_frontal.dcm,ok,,,,2320,2828,MONOCHROME1,AP,12,16,0,,"(2320, 2828)","(3, 224, 224)",0.0,1.0,0.276602566242218,0.13043555617332458,0.4153846185654402,0.010403565131127834,0.9983804336408334,0.0016221936093643308,0.001170560405794274,4.732295989990234
patient00250/study3/view1_frontal.dcm,data/raw/chexpert_plus/dicom_train/patient00250/study3/view1_frontal.dcm,ok,,,,2048,2494,MONOCHROME1,AP,12,16,0,,"(2048, 2494)","(3, 224, 224)",0.0,1.0,0.2632485628128052,0.13750053942203522,0.4332112353295088,0.010433865711092949,0.9983057048434805,0.0016971706645563245,0.001287856480553328,4.789115905761719
patient00250/study1/view1_frontal.dcm,data/raw/chexpert_plus/dicom_train/patient00250/study1/view1_frontal.dcm,ok,,,,1751,2017,MONOCHROME2,PA,14,16,0,,"(1751, 2017)","(3, 224, 224)",0.0,1.0,0.2793937623500824,0.06488509476184845,0.2301165759563446,0.004677176475524902,0.9997390592519594,0.0002610088558867574,0.0016538463607593593,3.730633497238159
patient00250/study1/view2_lateral.dcm,data/raw/chexpert_plus/dicom_train/patient00250/study1/view2_lateral.dcm,ok,,,,1751,2007,MONOCHROME2,LL,14,16,0,,"(1751, 2007)","(3, 224, 224)",0.0,1.0,0.2578211724758148,0.09024357795715332,0.26368796080350876,0.006790360435843468,0.9993988233484169,0.000601538282353431,0.0017591200643549973,4.1781182289123535
patient00250/study8/view1_frontal.dcm,data/raw/chexpert_plus/dicom_train/patient00250/study8/view1_frontal.dcm,ok,,,,2320,2828,MONOCHROME1,AP,12,16,0,,"(2320, 2828)","(3, 224, 224)",0.0,1.0,0.2657471299171448,0.14142605662345886,0.43247863464057446,0.009906738065183163,0.9985039157773608,0.001498325844295323,0.0011364190606252744,4.845780849456787
patient00250/study10/view1_frontal.dcm,data/raw/chexpert_plus/dicom_train/patient00250/study10/view1_frontal.dcm,ok,,,,2320,2828,MONOCHROME1,AP,12,16,0,,"(2320, 2828)","(3, 224, 224)",0.0,1.0,0.29081350564956665,0.12601976096630096,0.3965811990201473,0.010289962403476238,0.9984069526333313,0.0015955892158672214,0.0017796176169341071,4.803098201751709
patient00250/study7/view1_frontal.dcm,data/raw/chexpert_plus/dicom_train/patient00250/study7/view1_frontal.dcm,ok,,,,2320,2828,MONOCHROME1,AP,12,16,0,,"(2320, 2828)","(3, 224, 224)",0.0,1.0,0.3588021397590637,0.13641883432865143,0.41123323142528534,0.01124934758991003,0.998121567501259,0.0018819676479324698,0.0017982124567136517,4.8190836906433105
patient00250/study11/view1_frontal.dcm,data/raw/chexpert_plus/dicom_train/patient00250/study11/view1_frontal.dcm,ok,,,,2320,2828,MONOCHROME1,AP,12,16,0,,"(2320, 2828)","(3, 224, 224)",0.0,1.0,0.31743520498275757,0.14115284383296967,0.44273506850004196,0.010242226533591747,0.9984049469206445,0.001597601338289678,0.0018674096473686778,4.976707458496094
patient00250/study6/view1_frontal.dcm,data/raw/chexpert_plus/dicom_train/patient00250/study6/view1_frontal.dcm,ok,,,,2320,2828,MONOCHROME1,AP,12,16,0,,"(2320, 2828)","(3, 224, 224)",0.0,1.0,0.22560332715511322,0.11792849004268646,0.357509165070951,0.010711234994232655,0.9982198275588334,0.001783347106538713,0.0012440252645954252,4.450336456298828
patient00250/study2/view1_frontal.dcm,data/raw/chexpert_plus/dicom_train/patient00250/study2/view1_frontal.dcm,ok,,,,2320,2828,MONOCHROME1,AP,12,16,0,,"(2320, 2828)","(3, 224, 224)",0.0,1.0,0.34874287247657776,0.14711642265319824,0.4334554523229599,0.011842742562294006,0.9979504226272408,0.0020537867676466703,0.0018902721552943472,4.815323829650879
patient00250/study9/view1_frontal.dcm,data/raw/chexpert_plus/dicom_train/patient00250/study9/view1_frontal.dcm,ok,,,,2320,2828,MONOCHROME1,AP,12,16,0,,"(2320, 2828)","(3, 224, 224)",0.0,1.0,0.20068185031414032,0.11366456001996994,0.3374847462400794,0.0107658039778471,0.9983355795650076,0.0016671953490003943,0.0014487209188899185,4.421179294586182
patient00252/study1/view1_frontal.dcm,data/raw/chexpert_plus/dicom_train/patient00252/study1/view1_frontal.dcm,ok,,,,2320,2828,MONOCHROME1,AP,12,16,0,,"(2320, 2828)","(3, 224, 224)",0.0,1.0,0.216056689620018,0.09169302135705948,0.2757020853459835,0.009788800030946732,0.9985237382515773,0.0014784443192183971,0.0012079025020728673,4.301107883453369
patient00252/study3/view1_frontal.dcm,data/raw/chexpert_plus/dicom_train/patient00252/study3/view1_frontal.dcm,ok,,,,2320,2828,MONOCHROME1,AP,12,16,0,,"(2320, 2828)","(3, 224, 224)",0.0,1.0,0.3310253322124481,0.1216849833726883,0.46178266033530235,0.010366513393819332,0.9981261045959501,0.0018774134805426002,0.0015433717017021898,4.720170974731445
patient00252/study4/view1_frontal.dcm,data/raw/chexpert_plus/dicom_train/patient00252/study4/view1_frontal.dcm,ok,,,,2320,2828,MONOCHROME1,AP,12,16,0,,"(2320, 2828)","(3, 224, 224)",0.0,1.0,0.25695979595184326,0.09342583268880844,0.27326007932424545,0.009908054955303669,0.99845558562544,0.0015468032797798514,0.0011829061600741354,4.392798900604248
patient00252/study2/view1_frontal.dcm,data/raw/chexpert_plus/dicom_train/patient00252/study2/view1_frontal.dcm,ok,,,,2320,2828,MONOCHROME1,AP,12,16,0,,"(2320, 2828)","(3, 224, 224)",0.0,1.0,0.12952691316604614,0.07160558551549911,0.21147741191089153,0.009547918103635311,0.9986195075301788,0.0013824008638039231,0.0010246976052285031,3.9032142162323
patient00256/study3/view1_frontal.dcm,data/raw/chexpert_plus/dicom_train/patient00256/study3/view1_frontal.dcm,ok,,,,2320,2828,MONOCHROME1,AP,12,16,0,,"(2320, 2828)","(3, 224, 224)",0.0,1.0,0.3683129549026489,0.09884945303201675,0.30305252969264984,0.011094215326011181,0.9979730562115555,0.0020310606341809034,0.0017567551090084377,4.564364433288574
patient00256/study4/view1_frontal.dcm,data/raw/chexpert_plus/dicom_train/patient00256/study4/view1_frontal.dcm,ok,,,,2320,2828,MONOCHROME1,AP,12,16,0,,"(2320, 2828)","(3, 224, 224)",0.0,1.0,0.32694369554519653,0.07816018164157867,0.22881563007831573,0.011082255281507969,0.9981144073956268,0.0018891547806560993,0.0016061673901380286,4.17193078994751
patient00256/study2/view1_frontal.dcm,data/raw/chexpert_plus/dicom_train/patient00256/study2/view1_frontal.dcm,ok,,,,2320,2828,MONOCHROME1,AP,12,16,0,,"(2320, 2828)","(3, 224, 224)",0.0,1.0,0.21044328808784485,0.08881297707557678,0.2725274823606014,0.012337923049926758,0.9977851449713938,0.0022197715006768703,0.001587877383797493,4.239738464355469
patient00256/study5/view1_frontal.dcm,data/raw/chexpert_plus/dicom_train/patient00256/study5/view1_frontal.dcm,ok,,,,2320,2828,MONOCHROME1,AP,12,16,0,,"(2320, 2828)","(3, 224, 224)",0.0,1.0,0.3507152795791626,0.09570777416229248,0.3543345481157303,0.005049922503530979,0.9995663155062486,0.0004338726575952023,0.0001886918987465249,4.3963165283203125
patient00256/study1/view1_frontal.dcm,data/raw/chexpert_plus/dicom_train/patient00256/study1/view1_frontal.dcm,ok,,,,2320,2828,MONOCHROME1,AP,12,16,0,,"(2320, 2828)","(3, 224, 224)",0.0,1.0,0.2926828861236572,0.10036454349756241,0.26251526176929474,0.011631184257566929,0.9980392462293466,0.0019646058790385723,0.002695489684436424,4.381810188293457
patient00258/study1/view1_frontal.dcm,data/raw/chexpert_plus/dicom_train/patient00258/study1/view1_frontal.dcm,ok,,,,2320,2828,MONOCHROME1,AP,12,16,0,,"(2320, 2828)","(3, 224, 224)",0.0,1.0,0.2345249205827713,0.0832044705748558,0.28083623200654984,0.004767175298184156,0.999531943320623,0.0004682758590206504,0.01024209871726089,4.041608810424805
patient00261/study5/view1_frontal.dcm,data/raw/chexpert_plus/dicom_train/patient00261/study5/view1_frontal.dcm,ok,,,,2320,2828,MONOCHROME1,AP,12,16,0,,"(2320, 2828)","(3, 224, 224)",0.0,1.0,0.24499429762363434,0.11254822462797165,0.36996337585151196,0.011129647493362427,0.998166695451852,0.0018366717267781496,0.0013987282348924548,4.548820972442627
patient00261/study2/view1_frontal.dcm,data/raw/chexpert_plus/dicom_train/patient00261/study2/view1_frontal.dcm,ok,,,,2320,2828,MONOCHROME1,PA,12,16,0,,"(2320, 2828)","(3, 224, 224)",0.0,1.0,0.1953904628753662,0.08553575724363327,0.2695970758795738,0.007194650359451771,0.9992012096135333,0.000799428962636739,0.0008864556406379554,4.373843193054199
patient00261/study2/view2_lateral.dcm,data/raw/chexpert_plus/dicom_train/patient00261/study2/view2_lateral.dcm,ok,,,,2828,2320,MONOCHROME1,PA,12,16,0,,"(2828, 2320)","(3, 224, 224)",0.0,1.0,0.3513393998146057,0.1453576683998108,0.5135531388223171,0.007811686489731073,0.9989074658863993,0.001093729049898684,0.0005020606740477004,5.040641784667969
patient00261/study3/view1_frontal.dcm,data/raw/chexpert_plus/dicom_train/patient00261/study3/view1_frontal.dcm,ok,,,,2320,2828,MONOCHROME1,AP,12,16,0,,"(2320, 2828)","(3, 224, 224)",0.0,1.0,0.21214187145233154,0.0743357315659523,0.22466423362493515,0.0095465537160635,0.9986380319681195,0.0013638255186378956,0.0010300321904111594,4.083768844604492
patient00261/study1/view1_frontal.dcm,data/raw/chexpert_plus/dicom_train/patient00261/study1/view1_frontal.dcm,ok,,,,2320,2828,MONOCHROME1,AP,12,16,0,,"(2320, 2828)","(3, 224, 224)",0.0,1.0,0.36562034487724304,0.0942830964922905,0.3152625113725662,0.01111295074224472,0.9980541730745927,0.0019496205495670438,0.0013825720626249817,4.407680511474609
patient00261/study4/view1_frontal.dcm,data/raw/chexpert_plus/dicom_train/patient00261/study4/view1_frontal.dcm,ok,,,,2320,2828,MONOCHROME1,PA,12,16,0,,"(2320, 2828)","(3, 224, 224)",0.0,1.0,0.12825016677379608,0.07436291873455048,0.22539682500064373,0.008176462724804878,0.9990875539542587,0.0009132793638855219,0.0006951726576598546,3.892042875289917
patient00261/study4/view2_lateral.dcm,data/raw/chexpert_plus/dicom_train/patient00261/study4/view2_lateral.dcm,ok,,,,2828,2320,MONOCHROME1,PA,12,16,0,,"(2828, 2320)","(3, 224, 224)",0.0,1.0,0.30118000507354736,0.14925740659236908,0.45421245507895947,0.00561278872191906,0.999397232005942,0.0006031315424479544,0.0002246622445495781,4.780942916870117
patient00270/study1/view1_frontal.dcm,data/raw/chexpert_plus/dicom_train/patient00270/study1/view1_frontal.dcm,ok,,,,3480,4240,MONOCHROME1,AP,12,16,0,,"(3480, 4240)","(3, 224, 224)",0.0,1.0,0.23352935910224915,0.07563744485378265,0.2202686294913292,0.0069492575712502,0.9992326367688211,0.0007679525297135115,0.0006249322272825851,4.082729816436768
patient00270/study2/view1_frontal.dcm,data/raw/chexpert_plus/dicom_train/patient00270/study2/view1_frontal.dcm,ok,,,,2320,2828,MONOCHROME1,AP,12,16,0,,"(2320, 2828)","(3, 224, 224)",0.0,1.0,0.26298654079437256,0.08026575297117233,0.24664224684238434,0.010372490622103214,0.99839500864266,0.0016075714956969023,0.0013783043944788568,4.2546916007995605
patient00270/study3/view1_frontal.dcm,data/raw/chexpert_plus/dicom_train/patient00270/study3/view1_frontal.dcm,ok,,,,2320,2828,MONOCHROME1,AP,12,16,0,,"(2320, 2828)","(3, 224, 224)",0.0,1.0,0.24969784915447235,0.08231323957443237,0.2974359057843685,0.010958295315504074,0.9982439768113661,0.001759112230502069,0.0013577281373457542,4.034402370452881
patient00272/study1/view1_frontal.dcm,data/raw/chexpert_plus/dicom_train/patient00272/study1/view1_frontal.dcm,ok,,,,2320,2828,MONOCHROME1,AP,15,16,0,,"(2320, 2828)","(3, 224, 224)",0.0,1.0,0.41150733828544617,0.13777180016040802,0.4354230910539627,0.012166297063231468,0.9968831867486372,0.0031265581492334604,0.007285824025752329,5.038822650909424
patient00277/study1/view1_frontal.dcm,data/raw/chexpert_plus/dicom_train/patient00277/study1/view1_frontal.dcm,ok,,,,2048,2494,MONOCHROME1,AP,12,16,0,,"(2048, 2494)","(3, 224, 224)",0.0,1.0,0.19279038906097412,0.06556064635515213,0.19658120721578598,0.009992714039981365,0.998422024167166,0.0015804697759449482,0.0010507640211507617,3.862865924835205
patient00277/study13/view1_frontal.dcm,data/raw/chexpert_plus/dicom_train/patient00277/study13/view1_frontal.dcm,ok,,,,2048,2494,MONOCHROME1,AP,12,16,0,,"(2048, 2494)","(3, 224, 224)",0.0,1.0,0.33689621090888977,0.09345937520265579,0.29230768978595734,0.011100838892161846,0.9978219798804846,0.002182774245738983,0.0012156127831796312,4.499610900878906
patient00277/study12/view1_frontal.dcm,data/raw/chexpert_plus/dicom_train/patient00277/study12/view1_frontal.dcm,ok,,,,2320,2828,MONOCHROME1,AP,12,16,0,,"(2320, 2828)","(3, 224, 224)",0.0,1.0,0.2541925311088562,0.07501168549060822,0.2222222238779068,0.008558779954910278,0.9988154307622503,0.0011859741061925888,0.0010317087743257085,4.146648406982422
patient00277/study4/view1_frontal.dcm,data/raw/chexpert_plus/dicom_train/patient00277/study4/view1_frontal.dcm,ok,,,,2320,2828,MONOCHROME1,AP,12,16,0,,"(2320, 2828)","(3, 224, 224)",0.0,1.0,0.29619213938713074,0.07716049253940582,0.22735042870044708,0.009559521451592445,0.9985152078554986,0.001487000030465424,0.0010974003804321319,4.169625282287598
patient00277/study8/view1_frontal.dcm,data/raw/chexpert_plus/dicom_train/patient00277/study8/view1_frontal.dcm,ok,,,,2048,2494,MONOCHROME1,AP,12,16,0,,"(2048, 2494)","(3, 224, 224)",0.0,1.0,0.26875039935112,0.08001293241977692,0.23296703398227692,0.011541970074176788,0.9977740543720814,0.0022309115156531334,0.0013424797639334403,4.0872344970703125
patient00277/study5/view1_frontal.dcm,data/raw/chexpert_plus/dicom_train/patient00277/study5/view1_frontal.dcm,ok,,,,2320,2828,MONOCHROME1,AP,12,16,0,,"(2320, 2828)","(3, 224, 224)",0.0,1.0,0.3168300688266754,0.0915321484208107,0.2617826610803604,0.00987454317510128,0.9983853785317753,0.0016172326868399978,0.0012021106667316978,4.3268961906433105
patient00277/study10/view1_frontal.dcm,data/raw/chexpert_plus/dicom_train/patient00277/study10/view1_frontal.dcm,ok,,,,2320,2828,MONOCHROME1,AP,12,16,0,,"(2320, 2828)","(3, 224, 224)",0.0,1.0,0.3797072470188141,0.08482711017131805,0.24884004890918732,0.009515752084553242,0.9983570069371235,0.0016456969315186143,0.0011841254938301713,4.301905155181885
patient00277/study9/view1_frontal.dcm,data/raw/chexpert_plus/dicom_train/patient00277/study9/view1_frontal.dcm,ok,,,,2320,2828,MONOCHROME1,AP,12,16,0,,"(2320, 2828)","(3, 224, 224)",0.0,1.0,0.3351519703865051,0.07862517982721329,0.23589743673801422,0.009286613203585148,0.9985789438017582,0.001423078472726047,0.00087807272106521,4.236225605010986
patient00277/study2/view1_frontal.dcm,data/raw/chexpert_plus/dicom_train/patient00277/study2/view1_frontal.dcm,ok,,,,2320,2828,MONOCHROME1,AP,12,16,0,,"(2320, 2828)","(3, 224, 224)",0.0,1.0,0.2374100536108017,0.08288294821977615,0.2566544637084007,0.008449799381196499,0.9988671339466888,0.0011341508943587542,0.0009457457445251914,4.202265739440918
patient00277/study3/view1_frontal.dcm,data/raw/chexpert_plus/dicom_train/patient00277/study3/view1_frontal.dcm,ok,,,,2048,2494,MONOCHROME1,AP,12,16,0,,"(2048, 2494)","(3, 224, 224)",0.0,1.0,0.21164901554584503,0.07805182784795761,0.28669109754264355,0.00927036628127098,0.998611770149037,0.0013901597121730447,0.001181938214214114,3.9713120460510254
patient00277/study11/view1_frontal.dcm,data/raw/chexpert_plus/dicom_train/patient00277/study11/view1_frontal.dcm,ok,,,,2048,2494,MONOCHROME1,AP,12,16,0,,"(2048, 2494)","(3, 224, 224)",0.0,1.0,0.2766675055027008,0.07729701697826385,0.23956044018268585,0.009103056974709034,0.9985580539859469,0.0014440282247960567,0.001176456307638332,4.223905563354492
patient00277/study6/view1_frontal.dcm,data/raw/chexpert_plus/dicom_train/patient00277/study6/view1_frontal.dcm,ok,,,,2320,2828,MONOCHROME1,AP,12,16,0,,"(2320, 2828)","(3, 224, 224)",0.0,1.0,0.32198312878608704,0.08895283937454224,0.2500610500574112,0.010619995184242725,0.9982082873116686,0.0017949286848306656,0.001328921377359411,4.292922496795654
patient00277/study7/view1_frontal.dcm,data/raw/chexpert_plus/dicom_train/patient00277/study7/view1_frontal.dcm,ok,,,,2320,2828,MONOCHROME1,AP,12,16,0,,"(2320, 2828)","(3, 224, 224)",0.0,1.0,0.37737610936164856,0.09734711796045303,0.3062271326780319,0.010337878949940205,0.9980518590439906,0.0019519436173141003,0.0010304894405696726,4.501271724700928
patient00278/study1/view1_frontal.dcm,data/raw/chexpert_plus/dicom_train/patient00278/study1/view1_frontal.dcm,ok,,,,2320,2828,MONOCHROME1,AP,12,16,0,,"(2320, 2828)","(3, 224, 224)",0.0,1.0,0.37593168020248413,0.1066419929265976,0.36263738572597504,0.009979363530874252,0.9984416675700424,0.0015607646200805902,0.0016194276447349168,4.589520454406738
patient00278/study2/view1_frontal.dcm,data/raw/chexpert_plus/dicom_train/patient00278/study2/view1_frontal.dcm,ok,,,,2320,2828,MONOCHROME1,AP,12,16,0,,"(2320, 2828)","(3, 224, 224)",0.0,1.0,0.2575358748435974,0.07566593587398529,0.22539682686328888,0.008861609734594822,0.9988022152866494,0.0011992211220785975,0.0010961810466760963,4.127872467041016
patient00283/study4/view1_frontal.dcm,data/raw/chexpert_plus/dicom_train/patient00283/study4/view1_frontal.dcm,ok,,,,2320,2828,MONOCHROME1,AP,12,16,0,,"(2320, 2828)","(3, 224, 224)",0.0,1.0,0.23583318293094635,0.09834766387939453,0.3499389570206404,0.010738824494183064,0.9983089594800131,0.0016939049819484353,0.0024193105886943372,4.400384426116943
patient00283/study1/view1_frontal.dcm,data/raw/chexpert_plus/dicom_train/patient00283/study1/view1_frontal.dcm,ok,,,,2320,2828,MONOCHROME1,AP,12,16,0,,"(2320, 2828)","(3, 224, 224)",0.0,1.0,0.5404461622238159,0.22058875858783722,0.7835080437362194,0.006206451915204525,0.9992358067287151,0.0007647777092643082,0.003185661854362776,5.4991254806518555
patient00283/study1/view2_frontal.dcm,data/raw/chexpert_plus/dicom_train/patient00283/study1/view2_frontal.dcm,ok,,,,2320,2828,MONOCHROME1,AP,12,16,0,,"(2320, 2828)","(3, 224, 224)",0.0,1.0,0.5655982494354248,0.22761161625385284,0.819316491484642,0.0066650910302996635,0.9991216518592,0.0008791203144937754,0.0033408220748183193,5.569522857666016
patient00283/study3/view1_frontal.dcm,data/raw/chexpert_plus/dicom_train/patient00283/study3/view1_frontal.dcm,ok,,,,2320,2828,MONOCHROME1,AP,12,16,0,,"(2320, 2828)","(3, 224, 224)",0.0,1.0,0.532526433467865,0.2551071345806122,0.8807388544082642,0.007008010521531105,0.9989891419384133,0.001011880929581821,0.005039049163537044,5.457119941711426
patient00283/study2/view1_frontal.dcm,data/raw/chexpert_plus/dicom_train/patient00283/study2/view1_frontal.dcm,ok,,,,2320,2828,MONOCHROME1,AP,12,16,0,,"(2320, 2828)","(3, 224, 224)",0.0,1.0,0.5140296816825867,0.23531219363212585,0.8306701183319092,0.005979105830192566,0.9992588465129673,0.0007417032029479742,0.007913323659952202,5.4038472175598145
patient00284/study1/view1_frontal.dcm,data/raw/chexpert_plus/dicom_train/patient00284/study1/view1_frontal.dcm,ok,,,,2021,2021,MONOCHROME2,PA,14,16,0,,"(2021, 2021)","(3, 224, 224)",0.0,1.0,0.2683272361755371,0.06815829128026962,0.17994192242622375,0.005356367211788893,0.9994825429454415,0.0005177249549888074,0.0007496741904216513,3.8725805282592773
patient00284/study1/view2_lateral.dcm,data/raw/chexpert_plus/dicom_train/patient00284/study1/view2_lateral.dcm,ok,,,,2000,2021,MONOCHROME2,LL,14,16,0,,"(2000, 2021)","(3, 224, 224)",0.0,1.0,0.24474062025547028,0.10038831830024719,0.3488372042775154,0.0031078816391527653,0.9998388342680762,0.0001611917105037719,0.0007278574962889658,3.916858673095703
patient00285/study1/view1_frontal.dcm,data/raw/chexpert_plus/dicom_train/patient00285/study1/view1_frontal.dcm,ok,,,,2048,2494,MONOCHROME1,AP,12,16,0,,"(2048, 2494)","(3, 224, 224)",0.0,1.0,0.25035470724105835,0.0980251133441925,0.331868140026927,0.01271975226700306,0.9973810049978316,0.0026258721482008696,0.0019043751879510827,4.279921054840088
patient00285/study2/view1_frontal.dcm,data/raw/chexpert_plus/dicom_train/patient00285/study2/view1_frontal.dcm,ok,,,,2320,2828,MONOCHROME1,AP,12,16,0,,"(2320, 2828)","(3, 224, 224)",0.0,1.0,0.26385191082954407,0.09128015488386154,0.31892552599310875,0.010321169160306454,0.9984377028747656,0.0015647417167201638,0.0012402148466078135,4.221103668212891
patient00285/study3/view1_frontal.dcm,data/raw/chexpert_plus/dicom_train/patient00285/study3/view1_frontal.dcm,ok,,,,2320,2828,MONOCHROME1,AP,12,16,0,,"(2320, 2828)","(3, 224, 224)",0.0,1.0,0.25043022632598877,0.10345419496297836,0.38998779468238354,0.009003487415611744,0.9987829628793149,0.0012185201048851013,0.0013356277130176072,4.530959606170654
patient00285/study4/view1_frontal.dcm,data/raw/chexpert_plus/dicom_train/patient00285/study4/view1_frontal.dcm,ok,,,,2320,2828,MONOCHROME1,AP,12,16,0,,"(2320, 2828)","(3, 224, 224)",0.0,1.0,0.30994105339050293,0.10645610094070435,0.30989010632038116,0.010333678685128689,0.9983881457379794,0.0016144565306603909,0.00144262425010974,4.617644309997559
patient00286/study5/view1_frontal.dcm,data/raw/chexpert_plus/dicom_train/patient00286/study5/view1_frontal.dcm,ok,,,,2320,2828,MONOCHROME1,AP,12,16,0,,"(2320, 2828)","(3, 224, 224)",0.0,1.0,0.15510806441307068,0.09080637246370316,0.28327229525893927,0.009414316155016422,0.9986767701762794,0.0013249830808490515,0.0012200958396332243,4.268763542175293
patient00286/study7/view1_frontal.dcm,data/raw/chexpert_plus/dicom_train/patient00286/study7/view1_frontal.dcm,ok,,,,2320,2828,MONOCHROME1,AP,12,16,0,,"(2320, 2828)","(3, 224, 224)",0.0,1.0,0.27734920382499695,0.08477844297885895,0.24566544592380524,0.008936451748013496,0.9988310560909717,0.0011703119380399585,0.0011106606350290201,4.271850109100342
patient00286/study4/view1_frontal.dcm,data/raw/chexpert_plus/dicom_train/patient00286/study4/view1_frontal.dcm,ok,,,,2320,2828,MONOCHROME1,AP,12,16,0,,"(2320, 2828)","(3, 224, 224)",0.0,1.0,0.21751534938812256,0.08697602897882462,0.3267399352043867,0.009636309929192066,0.9985745777595162,0.0014274569693952799,0.0011489172316246402,4.229097843170166
patient00286/study6/view1_frontal.dcm,data/raw/chexpert_plus/dicom_train/patient00286/study6/view1_frontal.dcm,ok,,,,2320,2828,MONOCHROME1,AP,12,16,0,,"(2320, 2828)","(3, 224, 224)",0.0,1.0,0.2413015365600586,0.10053344070911407,0.316483523696661,0.009710472077131271,0.9986081580655418,0.001393781858496368,0.0012664305223625812,4.351441383361816
patient00286/study1/view1_frontal.dcm,data/raw/chexpert_plus/dicom_train/patient00286/study1/view1_frontal.dcm,ok,,,,2048,2494,MONOCHROME1,AP,12,16,0,,"(2048, 2494)","(3, 224, 224)",0.0,1.0,0.2651333510875702,0.08945919573307037,0.32673992961645126,0.009885301813483238,0.9983247210758248,0.0016780901933088899,0.001107345128307939,4.249579429626465
patient00286/study2/view1_frontal.dcm,data/raw/chexpert_plus/dicom_train/patient00286/study2/view1_frontal.dcm,ok,,,,2320,2828,MONOCHROME1,AP,12,16,0,,"(2320, 2828)","(3, 224, 224)",0.0,1.0,0.2917935848236084,0.09211038053035736,0.3509157560765743,0.009728662669658661,0.9984940206782482,0.0015082507161423564,0.0012085121689508853,4.176249980926514
patient00286/study3/view1_frontal.dcm,data/raw/chexpert_plus/dicom_train/patient00286/study3/view1_frontal.dcm,ok,,,,2320,2828,MONOCHROME1,AP,12,16,0,,"(2320, 2828)","(3, 224, 224)",0.0,1.0,0.2872236371040344,0.10219814628362656,0.30818071216344833,0.010652316734194756,0.9982929973222698,0.0017099215183407068,0.0012162854216456128,4.489914417266846
patient00286/study8/view1_frontal.dcm,data/raw/chexpert_plus/dicom_train/patient00286/study8/view1_frontal.dcm,ok,,,,2320,2828,MONOCHROME1,AP,12,16,0,,"(2320, 2828)","(3, 224, 224)",0.0,1.0,0.30921417474746704,0.11891539394855499,0.3731379732489586,0.010195700451731682,0.9984378014028005,0.0015646428801119328,0.001121787055552846,4.572635650634766
patient00286/study9/view1_frontal.dcm,data/raw/chexpert_plus/dicom_train/patient00286/study9/view1_frontal.dcm,ok,,,,2320,2828,MONOCHROME1,AP,12,16,0,,"(2320, 2828)","(3, 224, 224)",0.0,1.0,0.2161199301481247,0.09905387461185455,0.3235653331503272,0.00991647969931364,0.9986226849203337,0.0013792146928608418,0.001199824415939131,4.246535778045654
patient00287/study5/view1_frontal.dcm,data/raw/chexpert_plus/dicom_train/patient00287/study5/view1_frontal.dcm,ok,,,,2320,2828,MONOCHROME1,AP,12,16,0,,"(2320, 2828)","(3, 224, 224)",0.0,1.0,0.26635754108428955,0.0977768823504448,0.3301587328314781,0.010487820021808147,0.9983310870925906,0.0016717028338462114,0.0011629395698190509,4.427579402923584
patient00287/study2/view1_frontal.dcm,data/raw/chexpert_plus/dicom_train/patient00287/study2/view1_frontal.dcm,ok,,,,2320,2828,MONOCHROME1,AP,12,16,0,,"(2320, 2828)","(3, 224, 224)",0.0,1.0,0.2911171019077301,0.10785137861967087,0.3897435925900936,0.010889203287661076,0.998171820794075,0.001831527566537261,0.001035824025752329,4.523798942565918
patient00287/study3/view1_frontal.dcm,data/raw/chexpert_plus/dicom_train/patient00287/study3/view1_frontal.dcm,ok,,,,2320,2828,MONOCHROME1,AP,12,16,0,,"(2320, 2828)","(3, 224, 224)",0.0,1.0,0.2507856488227844,0.09401264041662216,0.3023199066519737,0.010114111006259918,0.9984179186304545,0.0015845883172005415,0.0010047310149734186,4.442219257354736
patient00287/study4/view1_frontal.dcm,data/raw/chexpert_plus/dicom_train/patient00287/study4/view1_frontal.dcm,ok,,,,2320,2828,MONOCHROME1,AP,12,16,0,,"(2320, 2828)","(3, 224, 224)",0.0,1.0,0.29729464650154114,0.08484748750925064,0.2769230827689171,0.00888722576200962,0.9987187395536851,0.0012829041806980968,0.001122091888991855,4.1255693435668945
patient00287/study1/view1_frontal.dcm,data/raw/chexpert_plus/dicom_train/patient00287/study1/view1_frontal.dcm,ok,,,,2320,2828,MONOCHROME1,AP,12,16,0,,"(2320, 2828)","(3, 224, 224)",0.0,1.0,0.18998630344867706,0.08816755563020706,0.2859584968537092,0.008870147168636322,0.9988074607402276,0.0011939631076529622,0.0008756340535531385,4.1662092208862305
patient00287/study6/view1_frontal.dcm,data/raw/chexpert_plus/dicom_train/patient00287/study6/view1_frontal.dcm,ok,,,,2320,2828,MONOCHROME1,AP,12,16,0,,"(2320, 2828)","(3, 224, 224)",0.0,1.0,0.28527337312698364,0.12378621101379395,0.4200244229286909,0.009518072009086609,0.9985200007517855,0.0014821928925812244,0.00144262425010974,4.674635887145996
patient00290/study2/view1_frontal.dcm,data/raw/chexpert_plus/dicom_train/patient00290/study2/view1_frontal.dcm,ok,,,,2048,2494,MONOCHROME1,PA,12,16,0,,"(2048, 2494)","(3, 224, 224)",0.0,1.0,0.2388491928577423,0.09281649440526962,0.32625153474509716,0.013042541220784187,0.9974588343195081,0.0025476396549493074,0.0019016342346631916,4.17688512802124
patient00290/study1/view1_frontal.dcm,data/raw/chexpert_plus/dicom_train/patient00290/study1/view1_frontal.dcm,ok,,,,2320,2828,MONOCHROME1,AP,12,16,0,,"(2320, 2828)","(3, 224, 224)",0.0,1.0,0.3511410355567932,0.08344542980194092,0.22686202824115753,0.010095246136188507,0.9983370181996941,0.0016657519154250622,0.0014296688289518608,4.1410088539123535
patient00291/study2/view2_lateral.dcm,data/raw/chexpert_plus/dicom_train/patient00291/study2/view2_lateral.dcm,ok,,,,2828,2320,MONOCHROME1,PA,12,16,0,,"(2828, 2320)","(3, 224, 224)",0.0,1.0,0.25169244408607483,0.10513927787542343,0.34920635633170605,0.00462016835808754,0.9996369232280644,0.00036320864455774426,0.00015363605326049846,4.233268737792969
patient00291/study2/view1_frontal.dcm,data/raw/chexpert_plus/dicom_train/patient00291/study2/view1_frontal.dcm,ok,,,,2320,2828,MONOCHROME1,AP,12,16,0,,"(2320, 2828)","(3, 224, 224)",0.0,1.0,0.3770957589149475,0.11625021696090698,0.3379731625318527,0.009340543299913406,0.9985528059281241,0.0014492914779111743,0.0012691740233136614,4.709639072418213
patient00291/study3/view1_frontal.dcm,data/raw/chexpert_plus/dicom_train/patient00291/study3/view1_frontal.dcm,ok,,,,2320,2828,MONOCHROME1,AP,12,16,0,,"(2320, 2828)","(3, 224, 224)",0.0,1.0,0.3456605076789856,0.12503108382225037,0.44468867033720016,0.013359757140278816,0.9972973166955258,0.0027100075967609882,0.0019286811686094719,4.758731365203857
patient00291/study4/view1_frontal.dcm,data/raw/chexpert_plus/dicom_train/patient00291/study4/view1_frontal.dcm,ok,,,,2022,2022,MONOCHROME2,PA,14,16,0,,"(2022, 2022)","(3, 224, 224)",0.0,1.0,0.28749576210975647,0.11120860278606415,0.4293474853038788,0.00607534684240818,0.9995555343273866,0.00044466331019066274,0.0036050037128676545,4.2848734855651855
patient00291/study4/view2_lateral.dcm,data/raw/chexpert_plus/dicom_train/patient00291/study4/view2_lateral.dcm,ok,,,,2022,2022,MONOCHROME2,LL,14,16,0,,"(2022, 2022)","(3, 224, 224)",0.0,1.0,0.21878351271152496,0.14492449164390564,0.3844839036464691,0.006522915791720152,0.9993664121690702,0.0006339895189739764,0.0009531650362334792,3.8076601028442383
patient00291/study1/view2_lateral.dcm,data/raw/chexpert_plus/dicom_train/patient00291/study1/view2_lateral.dcm,ok,,,,2021,1751,MONOCHROME2,LL,14,16,0,,"(2021, 1751)","(3, 224, 224)",0.0,1.0,0.26549628376960754,0.11756191402673721,0.3689800500869751,0.007772502489387989,0.9991531031227266,0.0008476147195324302,0.002048168700376487,3.6992063522338867
patient00291/study1/view1_frontal.dcm,data/raw/chexpert_plus/dicom_train/patient00291/study1/view1_frontal.dcm,ok,,,,1751,2022,MONOCHROME2,PA,14,16,0,,"(1751, 2022)","(3, 224, 224)",0.0,1.0,0.284753680229187,0.049538251012563705,0.13617774844169617,0.0035008629783988,0.9998075804883666,0.00019245654402766377,0.0020016822378169097,3.5306050777435303
patient00291/study5/view1_frontal.dcm,data/raw/chexpert_plus/dicom_train/patient00291/study5/view1_frontal.dcm,ok,,,,2320,2828,MONOCHROME1,AP,12,16,0,,"(2320, 2828)","(3, 224, 224)",0.0,1.0,0.33397358655929565,0.11563150584697723,0.34358976781368256,0.009174556471407413,0.9986394440753189,0.0013624095590785146,0.0010792627908111007,4.7587971687316895
patient00291/study6/view1_frontal.dcm,data/raw/chexpert_plus/dicom_train/patient00291/study6/view1_frontal.dcm,ok,,,,2320,2828,MONOCHROME1,AP,12,16,0,,"(2320, 2828)","(3, 224, 224)",0.0,1.0,0.38126862049102783,0.09381187707185745,0.2630036920309067,0.009550034068524837,0.9985443233232706,0.0014577987603843212,0.001189002828854314,4.414340019226074
patient00298/study6/view1_frontal.dcm,data/raw/chexpert_plus/dicom_train/patient00298/study6/view1_frontal.dcm,ok,,,,2320,2828,MONOCHROME1,AP,12,16,0,,"(2320, 2828)","(3, 224, 224)",0.0,1.0,0.46381568908691406,0.13139860332012177,0.4791208952665329,0.011439381167292595,0.997409857591913,0.0025968686677515507,0.0013837913963810175,4.729833126068115
patient00298/study5/view1_frontal.dcm,data/raw/chexpert_plus/dicom_train/patient00298/study5/view1_frontal.dcm,ok,,,,2320,2828,MONOCHROME1,AP,12,16,0,,"(2320, 2828)","(3, 224, 224)",0.0,1.0,0.2617989778518677,0.10455629974603653,0.35873016342520714,0.010159737430512905,0.998377099052375,0.0016255390364676714,0.0013209957079451788,4.538142204284668
patient00298/study2/view1_frontal.dcm,data/raw/chexpert_plus/dicom_train/patient00298/study2/view1_frontal.dcm,ok,,,,2320,2828,MONOCHROME1,AP,12,16,0,,"(2320, 2828)","(3, 224, 224)",0.0,1.0,0.2903674840927124,0.09989269822835922,0.3321123346686363,0.011013714596629143,0.9982014471572278,0.0018017934635281563,0.002583158562161635,4.349933624267578
patient00298/study4/view1_frontal.dcm,data/raw/chexpert_plus/dicom_train/patient00298/study4/view1_frontal.dcm,ok,,,,2320,2828,MONOCHROME1,AP,12,16,0,,"(2320, 2828)","(3, 224, 224)",0.0,1.0,0.2934345602989197,0.11859272420406342,0.40097680501639843,0.010309398174285889,0.9982587779935788,0.0017442591488361359,0.0013874493976491246,4.477992057800293
patient00298/study1/view2_lateral.dcm,data/raw/chexpert_plus/dicom_train/patient00298/study1/view2_lateral.dcm,ok,,,,2022,2022,MONOCHROME2,LL,14,16,0,,"(2022, 2022)","(3, 224, 224)",0.0,1.0,0.19771724939346313,0.13015425205230713,0.34340474009513855,0.004450385458767414,0.9997501390355118,0.0002499234105926007,0.00017610439468516937,4.154519081115723
patient00298/study1/view1_frontal.dcm,data/raw/chexpert_plus/dicom_train/patient00298/study1/view1_frontal.dcm,ok,,,,2022,2022,MONOCHROME2,PA,14,16,0,,"(2022, 2022)","(3, 224, 224)",0.0,1.0,0.25239577889442444,0.08981375396251678,0.3325919955968857,0.004458472598344088,0.9997151662365411,0.0002849149168469012,0.00017610439468516937,4.236729145050049
patient00298/study3/view1_frontal.dcm,data/raw/chexpert_plus/dicom_train/patient00298/study3/view1_frontal.dcm,ok,,,,2048,2494,MONOCHROME1,AP,12,16,0,,"(2048, 2494)","(3, 224, 224)",0.0,1.0,0.19414196908473969,0.08367311209440231,0.2732600849121809,0.00923112966120243,0.9986716092273662,0.0013301577419042587,0.0011455226919607057,4.142879009246826
patient00300/study1/view1_frontal.dcm,data/raw/chexpert_plus/dicom_train/patient00300/study1/view1_frontal.dcm,ok,,,,2014,2014,MONOCHROME2,AP,14,16,0,,"(2014, 2014)","(3, 224, 224)",0.0,1.0,0.2661082148551941,0.027850110083818436,0.07704117894172668,0.0025672651827335358,0.999920978031161,7.902821380412206e-05,0.0002687246868741057,2.3627049922943115
patient00303/study2/view1_frontal.dcm,data/raw/chexpert_plus/dicom_train/patient00303/study2/view1_frontal.dcm,ok,,,,2320,2828,MONOCHROME1,AP,12,16,0,,"(2320, 2828)","(3, 224, 224)",0.0,1.0,0.2824116349220276,0.09352848678827286,0.2695970684289932,0.010071812197566032,0.9982964836819116,0.0017064232379198074,0.0013851631468565575,4.385068893432617
patient00303/study1/view1_frontal.dcm,data/raw/chexpert_plus/dicom_train/patient00303/study1/view1_frontal.dcm,ok,,,,3480,4240,MONOCHROME1,AP,12,16,0,,"(3480, 4240)","(3, 224, 224)",0.0,1.0,0.24892649054527283,0.07586076855659485,0.2170940265059471,0.00851454958319664,0.9988120044211305,0.001189408591017127,0.0008525807850791585,4.067061901092529
patient00306/study1/view1_frontal.dcm,data/raw/chexpert_plus/dicom_train/patient00306/study1/view1_frontal.dcm,ok,,,,2320,2828,MONOCHROME1,AP,12,16,0,,"(2320, 2828)","(3, 224, 224)",0.0,1.0,0.2603338658809662,0.07677966356277466,0.23980464041233063,0.00857236236333847,0.9988345241423972,0.0011668357765302062,0.0008407306247866166,4.177151679992676
patient00308/study4/view1_frontal.dcm,data/raw/chexpert_plus/dicom_train/patient00308/study4/view1_frontal.dcm,ok,,,,2021,2022,MONOCHROME2,PA,14,16,0,,"(2021, 2022)","(3, 224, 224)",0.0,1.0,0.7404428720474243,0.10403543710708618,0.2666666507720947,0.009096870198845863,0.9988482018098673,0.0011531263589859009,0.0013001466794503411,4.289121627807617
patient00308/study4/view2_lateral.dcm,data/raw/chexpert_plus/dicom_train/patient00308/study4/view2_lateral.dcm,ok,,,,2017,1911,MONOCHROME2,LL,14,16,0,,"(2017, 1911)","(3, 224, 224)",0.0,1.0,0.2539616525173187,0.09261683374643326,0.342061884701252,0.004096935037523508,0.9997595306732356,0.00024052716617006809,0.0012333677607422207,4.004754066467285
patient00308/study3/view1_frontal.dcm,data/raw/chexpert_plus/dicom_train/patient00308/study3/view1_frontal.dcm,ok,,,,2320,2828,MONOCHROME1,AP,12,16,0,,"(2320, 2828)","(3, 224, 224)",0.0,1.0,0.4197465479373932,0.07615316659212112,0.21489623188972473,0.00884531531482935,0.9987017545674349,0.0012999330647289753,0.0011569953177583768,4.144397258758545
patient00308/study3/view2_lateral.dcm,data/raw/chexpert_plus/dicom_train/patient00308/study3/view2_lateral.dcm,ok,,,,2828,2320,MONOCHROME1,PA,12,16,0,,"(2828, 2320)","(3, 224, 224)",0.0,1.0,0.25889816880226135,0.10693446546792984,0.3516483586281538,0.006499346811324358,0.9993751497162485,0.0006252409657463431,0.00034720528703116615,4.36290979385376
patient00308/study2/view1_frontal.dcm,data/raw/chexpert_plus/dicom_train/patient00308/study2/view1_frontal.dcm,ok,,,,2320,2828,MONOCHROME1,AP,12,16,0,,"(2320, 2828)","(3, 224, 224)",0.0,1.0,0.3686527907848358,0.078521728515625,0.21782661974430084,0.010498503223061562,0.9982690935009109,0.0017339077312499285,0.0015360556991659757,4.116063594818115
patient00308/study1/view1_frontal.dcm,data/raw/chexpert_plus/dicom_train/patient00308/study1/view1_frontal.dcm,ok,,,,3480,4240,MONOCHROME1,AP,12,16,0,,"(3480, 4240)","(3, 224, 224)",0.0,1.0,0.31685927510261536,0.0800137147307396,0.22539682686328888,0.009830186143517494,0.9985126229861103,0.00148959259968251,0.0010974436130991108,4.128232002258301
patient00313/study1/view2_lateral.dcm,data/raw/chexpert_plus/dicom_train/patient00313/study1/view2_lateral.dcm,ok,,,,2828,2320,MONOCHROME1,PA,12,16,0,,"(2828, 2320)","(3, 224, 224)",0.0,1.0,0.41716715693473816,0.17380550503730774,0.5667887888848782,0.007988828234374523,0.998925362796982,0.0010757932905107737,0.001469297176023021,4.856109142303467
patient00313/study1/view1_frontal.dcm,data/raw/chexpert_plus/dicom_train/patient00313/study1/view1_frontal.dcm,ok,,,,2320,2828,MONOCHROME1,PA,12,16,0,,"(2320, 2828)","(3, 224, 224)",0.0,1.0,0.42643916606903076,0.162633016705513,0.5634218230843544,0.00768717797473073,0.9987526930277931,0.0012488646898418665,0.002496890698922109,5.2701029777526855
patient00317/study5/view1_frontal.dcm,data/raw/chexpert_plus/dicom_train/patient00317/study5/view1_frontal.dcm,ok,,,,2320,2828,MONOCHROME1,AP,12,16,0,,"(2320, 2828)","(3, 224, 224)",0.0,1.0,0.3065347671508789,0.08726227283477783,0.26837606728076935,0.008982363156974316,0.9987954561818124,0.0012059964938089252,0.0011044115495293372,4.311755657196045
patient00317/study4/view1_frontal.dcm,data/raw/chexpert_plus/dicom_train/patient00317/study4/view1_frontal.dcm,ok,,,,2320,2828,MONOCHROME1,AP,12,16,0,,"(2320, 2828)","(3, 224, 224)",0.0,1.0,0.22080406546592712,0.07569592446088791,0.2556776665151119,0.010165235958993435,0.9985046057976278,0.0014976337552070618,0.001299352533775545,4.019486904144287
patient00317/study1/view1_frontal.dcm,data/raw/chexpert_plus/dicom_train/patient00317/study1/view1_frontal.dcm,ok,,,,2320,2828,MONOCHROME1,PA,12,16,0,,"(2320, 2828)","(3, 224, 224)",0.0,1.0,0.20273007452487946,0.10189751535654068,0.3418803494423628,0.006965242326259613,0.9992602539830449,0.0007402936462312937,0.0004493244890991562,4.4635138511657715
patient00317/study1/view2_lateral.dcm,data/raw/chexpert_plus/dicom_train/patient00317/study1/view2_lateral.dcm,ok,,,,2828,2320,MONOCHROME1,PA,12,16,0,,"(2828, 2320)","(3, 224, 224)",0.0,1.0,0.48658356070518494,0.22979415953159332,0.7328660413622856,0.007320002187043428,0.9988329676974508,0.001168395858258009,0.052792579134760764,5.4296040534973145
patient00317/study8/view1_frontal.dcm,data/raw/chexpert_plus/dicom_train/patient00317/study8/view1_frontal.dcm,ok,,,,2320,2828,MONOCHROME1,AP,12,16,0,,"(2320, 2828)","(3, 224, 224)",0.0,1.0,0.25917404890060425,0.09000197052955627,0.3213675282895565,0.008492088876664639,0.9989117759459075,0.0010894095757976174,0.001068746037165293,4.256433963775635
patient00317/study2/view1_frontal.dcm,data/raw/chexpert_plus/dicom_train/patient00317/study2/view1_frontal.dcm,ok,,,,2320,2828,MONOCHROME1,AP,12,16,0,,"(2320, 2828)","(3, 224, 224)",0.0,1.0,0.34847524762153625,0.09468461573123932,0.29914529621601105,0.009666206315159798,0.9986016492067388,0.0014003089163452387,0.0011717797395503096,4.400984287261963
patient00317/study6/view1_frontal.dcm,data/raw/chexpert_plus/dicom_train/patient00317/study6/view1_frontal.dcm,ok,,,,2320,2828,MONOCHROME1,AP,12,16,0,,"(2320, 2828)","(3, 224, 224)",0.0,1.0,0.24893595278263092,0.08988995850086212,0.29206349700689316,0.010490978136658669,0.9983909114509905,0.0016116818878799677,0.0012354899283031752,4.352564334869385
patient00317/study3/view1_frontal.dcm,data/raw/chexpert_plus/dicom_train/patient00317/study3/view1_frontal.dcm,ok,,,,2320,2828,MONOCHROME1,AP,12,16,0,,"(2320, 2828)","(3, 224, 224)",0.0,1.0,0.20499879121780396,0.08563143759965897,0.30842491798102856,0.009718985296785831,0.9986763641487366,0.0013253901852294803,0.001170560405794274,4.1839165687561035
patient00317/study7/view1_frontal.dcm,data/raw/chexpert_plus/dicom_train/patient00317/study7/view1_frontal.dcm,ok,,,,2320,2828,MONOCHROME1,AP,12,16,0,,"(2320, 2828)","(3, 224, 224)",0.0,1.0,0.23364482820034027,0.08601245284080505,0.2688644751906395,0.009954961948096752,0.9985563681613542,0.0014457189245149493,0.0013127652050919378,4.319033622741699
patient00319/study2/view1_frontal.dcm,data/raw/chexpert_plus/dicom_train/patient00319/study2/view1_frontal.dcm,ok,,,,2320,2828,MONOCHROME1,AP,12,16,0,,"(2320, 2828)","(3, 224, 224)",0.0,1.0,0.493734210729599,0.1844579428434372,0.6061050146818161,0.0093862134963274,0.9982115028012761,0.001791701652109623,0.0011983002487440863,5.382770538330078
patient00319/study1/view1_frontal.dcm,data/raw/chexpert_plus/dicom_train/patient00319/study1/view1_frontal.dcm,ok,,,,2320,2828,MONOCHROME1,AP,12,16,0,,"(2320, 2828)","(3, 224, 224)",0.0,1.0,0.536643385887146,0.16379980742931366,0.5548229664564133,0.007724697235971689,0.9989791113993837,0.001021931879222393,0.0006322245525045116,5.244296550750732
patient00319/study4/view1_frontal.dcm,data/raw/chexpert_plus/dicom_train/patient00319/study4/view1_frontal.dcm,ok,,,,2320,2828,MONOCHROME1,AP,12,16,0,,"(2320, 2828)","(3, 224, 224)",0.0,1.0,0.5456911325454712,0.1875234693288803,0.5531135499477386,0.008725154213607311,0.9985828721231718,0.0014191389782354236,0.0006118007120909135,5.472281455993652
patient00319/study3/view1_frontal.dcm,data/raw/chexpert_plus/dicom_train/patient00319/study3/view1_frontal.dcm,ok,,,,2320,2828,MONOCHROME1,AP,12,16,0,,"(2320, 2828)","(3, 224, 224)",0.0,1.0,0.5319599509239197,0.16506940126419067,0.5213675200939178,0.009492645040154457,0.9982687762063798,0.0017342261271551251,0.0006509718090035604,5.273739337921143
patient00322/study1/view1_frontal.dcm,data/raw/chexpert_plus/dicom_train/patient00322/study1/view1_frontal.dcm,ok,,,,2022,2021,MONOCHROME2,PA,14,16,0,,"(2022, 2021)","(3, 224, 224)",0.0,1.0,0.2858884930610657,0.05141712352633476,0.1979490965604782,0.003714410588145256,0.999827588982256,0.00017244074842892587,0.0014787853160019597,3.2759156227111816
patient00323/study1/view2_lateral.dcm,data/raw/chexpert_plus/dicom_train/patient00323/study1/view2_lateral.dcm,ok,,,,2022,1741,MONOCHROME2,LL,14,16,0,,"(2022, 1741)","(3, 224, 224)",0.0,1.0,0.21548248827457428,0.08307629823684692,0.29951779544353485,0.0026977877132594585,0.999893624185636,0.00010638713138177991,0.0010385472610020391,3.6097607612609863
patient00323/study1/view1_frontal.dcm,data/raw/chexpert_plus/dicom_train/patient00323/study1/view1_frontal.dcm,ok,,,,1741,2022,MONOCHROME2,PA,14,16,0,,"(1741, 2022)","(3, 224, 224)",0.0,1.0,0.47110411524772644,0.060988910496234894,0.18336817622184753,0.007296846713870764,0.9993654143012448,0.000634988653473556,0.0015174834431818634,3.8837108612060547
patient00323/study2/view1_frontal.dcm,data/raw/chexpert_plus/dicom_train/patient00323/study2/view1_frontal.dcm,ok,,,,2320,2828,MONOCHROME1,PA,12,16,0,,"(2320, 2828)","(3, 224, 224)",0.0,1.0,0.3830716013908386,0.11592564731836319,0.42710625380277634,0.010992597788572311,0.9980774559157621,0.0019262473797425628,0.0015279776130322391,4.54566764831543
patient00323/study2/view2_lateral.dcm,data/raw/chexpert_plus/dicom_train/patient00323/study2/view2_lateral.dcm,ok,,,,2828,2320,MONOCHROME1,PA,12,16,0,,"(2828, 2320)","(3, 224, 224)",0.0,1.0,0.40310242772102356,0.13453221321105957,0.5064713321626186,0.010993764735758305,0.9980366313552042,0.0019672310445457697,0.0013110886211773886,4.5639448165893555
patient00327/study2/view1_frontal.dcm,data/raw/chexpert_plus/dicom_train/patient00327/study2/view1_frontal.dcm,ok,,,,2320,2828,MONOCHROME1,AP,12,16,0,,"(2320, 2828)","(3, 224, 224)",0.0,1.0,0.26933106780052185,0.05546196177601814,0.15555556118488312,0.008647392503917217,0.9988813421738361,0.001119910622946918,0.0021989160122908844,3.5923049449920654
patient00327/study1/view1_frontal.dcm,data/raw/chexpert_plus/dicom_train/patient00327/study1/view1_frontal.dcm,ok,,,,2320,2828,MONOCHROME1,AP,12,16,0,,"(2320, 2828)","(3, 224, 224)",0.0,1.0,0.22215574979782104,0.05960971489548683,0.18803419917821884,0.00516883609816432,0.9995861923405504,0.00041397896711714566,0.0016814612495732332,3.4513721466064453
patient00327/study1/view2_lateral.dcm,data/raw/chexpert_plus/dicom_train/patient00327/study1/view2_lateral.dcm,ok,,,,2828,2320,MONOCHROME1,PA,12,16,0,,"(2828, 2320)","(3, 224, 224)",0.0,1.0,0.37528228759765625,0.09333427250385284,0.3225885480642319,0.005964830983430147,0.9994738207897772,0.0005264562205411494,0.0014247914939277179,4.3767900466918945
patient00327/study1/view3_lateral.dcm,data/raw/chexpert_plus/dicom_train/patient00327/study1/view3_lateral.dcm,ok,,,,2828,2320,MONOCHROME1,PA,12,16,0,,"(2828, 2320)","(3, 224, 224)",0.0,1.0,0.35524991154670715,0.1203349232673645,0.43589746206998825,0.006649356335401535,0.9993580465347631,0.000642365834210068,0.0016753645807930546,4.6193952560424805
patient00329/study1/view1_frontal.dcm,data/raw/chexpert_plus/dicom_train/patient00329/study1/view1_frontal.dcm,ok,,,,2022,2022,MONOCHROME2,PA,14,16,0,,"(2022, 2022)","(3, 224, 224)",0.0,1.0,0.24317370355129242,0.04793207719922066,0.13386401534080505,0.0033175514545291662,0.9998168070251303,0.0001832265406847,0.00033215245553119447,3.3274147510528564
patient00329/study1/view2_lateral.dcm,data/raw/chexpert_plus/dicom_train/patient00329/study1/view2_lateral.dcm,ok,,,,2022,2022,MONOCHROME2,LL,14,16,0,,"(2022, 2022)","(3, 224, 224)",0.0,1.0,0.24413582682609558,0.11185194551944733,0.3567112386226654,0.004165750462561846,0.9997897234302312,0.00021032079530414194,0.0004786615283317729,3.9260952472686768
patient00329/study3/view1_frontal.dcm,data/raw/chexpert_plus/dicom_train/patient00329/study3/view1_frontal.dcm,ok,,,,2320,2828,MONOCHROME1,AP,12,16,0,,"(2320, 2828)","(3, 224, 224)",0.0,1.0,0.3531743586063385,0.0976308137178421,0.2876678854227066,0.010735169053077698,0.9980841815324889,0.0019194958731532097,0.0013275496268838707,4.523841857910156
patient00329/study2/view1_frontal.dcm,data/raw/chexpert_plus/dicom_train/patient00329/study2/view1_frontal.dcm,ok,,,,2320,2828,MONOCHROME1,AP,12,16,0,,"(2320, 2828)","(3, 224, 224)",0.0,1.0,0.32489684224128723,0.10825687646865845,0.3326007276773453,0.01052231714129448,0.9981856075624058,0.0018176904413849115,0.0012107984197434521,4.636876106262207
patient00335/study3/view1_frontal.dcm,data/raw/chexpert_plus/dicom_train/patient00335/study3/view1_frontal.dcm,ok,,,,2320,2828,MONOCHROME1,AP,12,16,0,,"(2320, 2828)","(3, 224, 224)",0.0,1.0,0.27612292766571045,0.08517155051231384,0.28424908965826035,0.009509449824690819,0.9985223982037916,0.001479788334108889,0.0018282385504560308,4.120335578918457
patient00335/study8/view1_frontal.dcm,data/raw/chexpert_plus/dicom_train/patient00335/study8/view1_frontal.dcm,ok,,,,2320,2828,MONOCHROME1,AP,12,16,0,,"(2320, 2828)","(3, 224, 224)",0.0,1.0,0.276821106672287,0.10741915553808212,0.3934065978974104,0.009972871281206608,0.9984337231243542,0.001568733947351575,0.0012612483538994293,4.488374710083008
patient00335/study6/view1_frontal.dcm,data/raw/chexpert_plus/dicom_train/patient00335/study6/view1_frontal.dcm,ok,,,,2320,2828,MONOCHROME1,AP,12,16,0,,"(2320, 2828)","(3, 224, 224)",0.0,1.0,0.28967806696891785,0.0898892730474472,0.27155067026615143,0.009298860095441341,0.9985693995257325,0.0014326500240713358,0.0010711847046773642,4.400725841522217
patient00335/study5/view1_frontal.dcm,data/raw/chexpert_plus/dicom_train/patient00335/study5/view1_frontal.dcm,ok,,,,2320,2828,MONOCHROME1,AP,12,16,0,,"(2320, 2828)","(3, 224, 224)",0.0,1.0,0.3251175582408905,0.11070062965154648,0.427350427955389,0.010409092530608177,0.998235005504197,0.001768115209415555,0.0014846912646929718,4.5397725105285645
patient00335/study1/view1_frontal.dcm,data/raw/chexpert_plus/dicom_train/patient00335/study1/view1_frontal.dcm,ok,,,,2048,2494,MONOCHROME1,AP,12,16,0,,"(2048, 2494)","(3, 224, 224)",0.0,1.0,0.2572752833366394,0.08401201665401459,0.24639805406332016,0.010649026371538639,0.9981978988234408,0.0018053546082228422,0.001336410510224539,4.246458053588867
patient00335/study7/view1_frontal.dcm,data/raw/chexpert_plus/dicom_train/patient00335/study7/view1_frontal.dcm,ok,,,,2320,2828,MONOCHROME1,AP,12,16,0,,"(2320, 2828)","(3, 224, 224)",0.0,1.0,0.4157028794288635,0.12564566731452942,0.41741742193698883,0.007876093499362469,0.9986391704306208,0.0013626839499920607,0.028320245817685216,4.806671619415283
patient00335/study2/view1_frontal.dcm,data/raw/chexpert_plus/dicom_train/patient00335/study2/view1_frontal.dcm,ok,,,,2048,2494,MONOCHROME1,AP,12,16,0,,"(2048, 2494)","(3, 224, 224)",0.0,1.0,0.2648383677005768,0.08406325429677963,0.24786324799060822,0.01288760919123888,0.9973565248336741,0.0026504816487431526,0.001799827398255814,4.170068740844727
patient00335/study4/view1_frontal.dcm,data/raw/chexpert_plus/dicom_train/patient00335/study4/view1_frontal.dcm,ok,,,,2320,2828,MONOCHROME1,AP,12,16,0,,"(2320, 2828)","(3, 224, 224)",0.0,1.0,0.3577316701412201,0.10536103695631027,0.37435897439718246,0.010205382481217384,0.9983247266450533,0.0016780846053734422,0.0014055869872701555,4.509149074554443
patient00336/study1/view2_lateral.dcm,data/raw/chexpert_plus/dicom_train/patient00336/study1/view2_lateral.dcm,ok,,,,2022,1751,MONOCHROME2,LL,14,16,0,,"(2022, 1751)","(3, 224, 224)",0.0,1.0,0.28862127661705017,0.08392104506492615,0.3253982812166214,0.0058532170951366425,0.9995466332635823,0.00045357237104326487,0.00132635809069962,3.794213056564331
patient00336/study1/view1_frontal.dcm,data/raw/chexpert_plus/dicom_train/patient00336/study1/view1_frontal.dcm,ok,,,,2022,2022,MONOCHROME2,PA,14,16,0,,"(2022, 2022)","(3, 224, 224)",0.0,1.0,0.46978631615638733,0.13000795245170593,0.5459794290363789,0.00547370919957757,0.9993839093334711,0.0006164704682305455,0.003208524235388961,4.398738384246826
patient00336/study2/view2_lateral.dcm,data/raw/chexpert_plus/dicom_train/patient00336/study2/view2_lateral.dcm,ok,,,,2016,1751,MONOCHROME2,LL,14,16,0,,"(2016, 1751)","(3, 224, 224)",0.0,1.0,0.22919513285160065,0.0913093313574791,0.3210645318031311,0.005242730025202036,0.9996575421246556,0.00034257519291713834,0.002662027594209205,3.6535942554473877
patient00336/study2/view1_frontal.dcm,data/raw/chexpert_plus/dicom_train/patient00336/study2/view1_frontal.dcm,ok,,,,1751,2022,MONOCHROME2,PA,14,16,0,,"(1751, 2022)","(3, 224, 224)",0.0,1.0,0.6691267490386963,0.08490627259016037,0.268394410610199,0.008168183267116547,0.9990908634840041,0.0009099637973122299,0.0015144659459819768,4.437329292297363
patient00336/study3/view2_lateral.dcm,data/raw/chexpert_plus/dicom_train/patient00336/study3/view2_lateral.dcm,ok,,,,2021,1751,MONOCHROME2,LL,14,16,0,,"(2021, 1751)","(3, 224, 224)",0.0,1.0,0.23220160603523254,0.0889311358332634,0.3208813965320587,0.003797680139541626,0.9998297137066697,0.0001703152956906706,0.0018466863213245502,3.65262508392334
patient00336/study3/view1_frontal.dcm,data/raw/chexpert_plus/dicom_train/patient00336/study3/view1_frontal.dcm,ok,,,,1751,2021,MONOCHROME2,PA,14,16,0,,"(1751, 2021)","(3, 224, 224)",0.0,1.0,0.6492937803268433,0.07358905673027039,0.2356560230255127,0.011425088159739971,0.9985693569234669,0.0014326927484944463,0.0025474945962878073,4.168555736541748
patient00342/study1/view1_frontal.dcm,data/raw/chexpert_plus/dicom_train/patient00342/study1/view1_frontal.dcm,ok,,,,2320,2828,MONOCHROME1,AP,12,16,0,,"(2320, 2828)","(3, 224, 224)",0.0,1.0,0.20774872601032257,0.09798473119735718,0.3120879214257002,0.010260922834277153,0.9984819328924098,0.001520375139079988,0.0021679754182314785,4.366363525390625
patient00343/study1/view1_frontal.dcm,data/raw/chexpert_plus/dicom_train/patient00343/study1/view1_frontal.dcm,ok,,,,2320,2828,MONOCHROME1,AP,12,16,0,,"(2320, 2828)","(3, 224, 224)",0.0,1.0,0.1961793452501297,0.07368126511573792,0.19584860652685165,0.01224116887897253,0.9977845172562687,0.002220402006059885,0.001770320197044335,3.9484243392944336
patient00344/study1/view1_frontal.dcm,data/raw/chexpert_plus/dicom_train/patient00344/study1/view1_frontal.dcm,ok,,,,2022,2022,MONOCHROME2,PA,14,16,0,,"(2022, 2022)","(3, 224, 224)",0.0,1.0,0.23759563267230988,0.055514637380838394,0.15111517906188965,0.002161018317565322,0.9999120519290228,8.795580652076751e-05,0.0021621706236345795,3.59895658493042
patient00344/study1/view2_lateral.dcm,data/raw/chexpert_plus/dicom_train/patient00344/study1/view2_lateral.dcm,ok,,,,2022,1971,MONOCHROME2,LL,14,16,0,,"(2022, 1971)","(3, 224, 224)",0.0,1.0,0.6834147572517395,0.236495703458786,0.8756240606307983,0.009103778749704361,0.998908131025217,0.001093062455765903,0.00203770698872524,5.294253826141357
patient00350/study2/view1_frontal.dcm,data/raw/chexpert_plus/dicom_train/patient00350/study2/view1_frontal.dcm,ok,,,,2320,2828,MONOCHROME1,AP,12,16,0,,"(2320, 2828)","(3, 224, 224)",0.0,1.0,0.27217090129852295,0.10311368107795715,0.3785103838890791,0.010459713637828827,0.9982759437476026,0.0017270337557420135,0.0013241964590547724,4.377910137176514
patient00350/study1/view1_frontal.dcm,data/raw/chexpert_plus/dicom_train/patient00350/study1/view1_frontal.dcm,ok,,,,1741,2022,MONOCHROME2,PA,14,16,0,,"(1741, 2022)","(3, 224, 224)",0.0,1.0,0.3036218285560608,0.049956440925598145,0.12207776308059692,0.007189836353063583,0.9992139289925915,0.0007866894011385739,0.0019563662435779657,3.1997671127319336
patient00350/study1/view2_lateral.dcm,data/raw/chexpert_plus/dicom_train/patient00350/study1/view2_lateral.dcm,ok,,,,2022,1751,MONOCHROME2,RL,14,16,0,,"(2022, 1751)","(3, 224, 224)",0.0,1.0,0.2628256380558014,0.09122774749994278,0.34010864049196243,0.005867105443030596,0.9993693023055071,0.0006310957251116633,0.0015424279244698946,3.741570234298706
patient00352/study1/view1_frontal.dcm,data/raw/chexpert_plus/dicom_train/patient00352/study1/view1_frontal.dcm,ok,,,,1851,1941,MONOCHROME2,PA,14,16,0,,"(1851, 1941)","(3, 224, 224)",0.0,1.0,0.6747477054595947,0.08005833625793457,0.21905601024627686,0.011065428145229816,0.9986309027627313,0.0013709742343053222,0.0021593240464029217,4.172255992889404
patient00358/study1/view1_frontal.dcm,data/raw/chexpert_plus/dicom_train/patient00358/study1/view1_frontal.dcm,ok,,,,2048,2494,MONOCHROME1,AP,12,16,0,,"(2048, 2494)","(3, 224, 224)",0.0,1.0,0.2984086871147156,0.08555640280246735,0.25641025602817535,0.012823604978621006,0.9972786855411856,0.002728740219026804,0.0023617228222734565,4.357917785644531
patient00360/study1/view1_frontal.dcm,data/raw/chexpert_plus/dicom_train/patient00360/study1/view1_frontal.dcm,ok,,,,2320,2828,MONOCHROME1,AP,12,16,0,,"(2320, 2828)","(3, 224, 224)",0.0,1.0,0.2611335217952728,0.08576446771621704,0.31184371560811996,0.008086442947387695,0.9989149842369143,0.0010861943010240793,0.0012880736965322148,4.289644718170166
patient00361/study1/view1_frontal.dcm,data/raw/chexpert_plus/dicom_train/patient00361/study1/view1_frontal.dcm,ok,,,,2320,2828,MONOCHROME1,AP,12,16,0,,"(2320, 2828)","(3, 224, 224)",0.0,1.0,0.256605327129364,0.08609769493341446,0.2610500678420067,0.010402289219200611,0.9984846939022352,0.001517605734989047,0.0025313368775301175,4.166363716125488
patient00365/study1/view1_frontal.dcm,data/raw/chexpert_plus/dicom_train/patient00365/study1/view1_frontal.dcm,ok,,,,2021,2021,MONOCHROME2,PA,14,16,0,,"(2021, 2021)","(3, 224, 224)",0.0,1.0,0.2473304271697998,0.07122591882944107,0.192332461476326,0.0027381854597479105,0.9998729924794828,0.00012702365347649902,0.006084063890260625,4.035248279571533
patient00368/study1/view1_frontal.dcm,data/raw/chexpert_plus/dicom_train/patient00368/study1/view1_frontal.dcm,ok,,,,2800,3408,MONOCHROME1,AP,15,16,0,,"(2800, 3408)","(3, 224, 224)",0.0,1.0,0.5505285859107971,0.1461154818534851,0.4878198802471161,0.012147139757871628,0.9972436882431029,0.002763930009678006,0.0017867622401073105,5.138105869293213
patient00369/study1/view1_frontal.dcm,data/raw/chexpert_plus/dicom_train/patient00369/study1/view1_frontal.dcm,ok,,,,2022,1941,MONOCHROME2,PA,14,16,0,,"(2022, 1941)","(3, 224, 224)",0.0,1.0,0.7540782690048218,0.11014296859502792,0.34122729301452637,0.010049108415842056,0.9987106751634071,0.0012909893412142992,0.0011718087131201299,4.471224784851074
patient00369/study2/view1_frontal.dcm,data/raw/chexpert_plus/dicom_train/patient00369/study2/view1_frontal.dcm,ok,,,,1741,2022,MONOCHROME2,PA,14,16,0,,"(1741, 2022)","(3, 224, 224)",0.0,1.0,0.5286984443664551,0.06783214211463928,0.20136186480522156,0.008504909463226795,0.9991559006193758,0.000844812486320734,0.0018918831395715481,3.973968267440796
patient00377/study1/view1_frontal.dcm,data/raw/chexpert_plus/dicom_train/patient00377/study1/view1_frontal.dcm,ok,,,,2320,2828,MONOCHROME1,AP,12,16,0,,"(2320, 2828)","(3, 224, 224)",0.0,1.0,0.3249485194683075,0.11270718276500702,0.3301587551832199,0.011825518682599068,0.9978936310141985,0.002110815141350031,0.002416871921182266,4.706202507019043
patient00381/study1/view1_frontal.dcm,data/raw/chexpert_plus/dicom_train/patient00381/study1/view1_frontal.dcm,ok,,,,2320,2828,MONOCHROME1,AP,12,16,0,,"(2320, 2828)","(3, 224, 224)",0.0,1.0,0.2794540226459503,0.10480794310569763,0.3326007351279259,0.004680928308516741,0.999660407885893,0.00033970747608691454,0.0002755694288640687,4.646206855773926
patient00381/study1/view2_lateral.dcm,data/raw/chexpert_plus/dicom_train/patient00381/study1/view2_lateral.dcm,ok,,,,2828,2320,MONOCHROME1,LL,12,16,0,,"(2828, 2320)","(3, 224, 224)",0.0,1.0,0.30630746483802795,0.09586647897958755,0.350915752351284,0.005206972360610962,0.999579643565896,0.000420533207943663,0.00017284055991806076,4.3760223388671875
patient00383/study1/view1_frontal.dcm,data/raw/chexpert_plus/dicom_train/patient00383/study1/view1_frontal.dcm,ok,,,,2320,2828,MONOCHROME1,AP,12,16,0,,"(2320, 2828)","(3, 224, 224)",0.0,1.0,0.22293749451637268,0.0970912054181099,0.3389499466866255,0.010078690946102142,0.9984064033940352,0.0015961402095854282,0.00131215553821392,4.347423076629639
patient00384/study1/view1_frontal.dcm,data/raw/chexpert_plus/dicom_train/patient00384/study1/view1_frontal.dcm,ok,,,,2320,2828,MONOCHROME1,AP,12,16,0,,"(2320, 2828)","(3, 224, 224)",0.0,1.0,0.3169931173324585,0.110169418156147,0.3965811990201473,0.01197856292128563,0.9976901566423708,0.002315191086381674,0.0025224967077988585,4.467737674713135
patient00386/study1/view1_frontal.dcm,data/raw/chexpert_plus/dicom_train/patient00386/study1/view1_frontal.dcm,ok,,,,2320,2828,MONOCHROME1,AP,12,16,0,,"(2320, 2828)","(3, 224, 224)",0.0,1.0,0.5191589593887329,0.19697535037994385,0.6656898558139801,0.009390818886458874,0.9984484324483005,0.0015539786545559764,0.0014129029898063698,5.400209426879883
patient00387/study1/view2_lateral.dcm,data/raw/chexpert_plus/dicom_train/patient00387/study1/view2_lateral.dcm,ok,,,,2022,1741,MONOCHROME2,LL,14,16,0,,"(2022, 1741)","(3, 224, 224)",0.0,1.0,0.2870185971260071,0.07787632942199707,0.20741012692451477,0.007263587787747383,0.9992485391938498,0.0007520259241573513,0.002101524244226774,3.725620746612549
patient00387/study1/view1_frontal.dcm,data/raw/chexpert_plus/dicom_train/patient00387/study1/view1_frontal.dcm,ok,,,,2022,2022,MONOCHROME2,PA,14,16,0,,"(2022, 2022)","(3, 224, 224)",0.0,1.0,0.6246305704116821,0.15207690000534058,0.4244118928909302,0.007357411086559296,0.9988720452133918,0.0011292285053059459,0.01582126773640303,4.940994739532471
patient00388/study1/view1_frontal.dcm,data/raw/chexpert_plus/dicom_train/patient00388/study1/view1_frontal.dcm,ok,,,,2320,2828,MONOCHROME1,AP,12,16,0,,"(2320, 2828)","(3, 224, 224)",0.0,1.0,0.3020882308483124,0.07821045815944672,0.21611721813678741,0.011049920693039894,0.9981936231089414,0.0018096457934007049,0.0017178888455347998,3.944561243057251
patient00391/study1/view1_frontal.dcm,data/raw/chexpert_plus/dicom_train/patient00391/study1/view1_frontal.dcm,ok,,,,2320,2828,MONOCHROME1,AP,12,16,0,,"(2320, 2828)","(3, 224, 224)",0.0,1.0,0.3461798131465912,0.10534977912902832,0.3321123570203781,0.011998848058283329,0.9977963570515865,0.0022085097152739763,0.001841498805052919,4.530311584472656
patient00391/study2/view1_frontal.dcm,data/raw/chexpert_plus/dicom_train/patient00391/study2/view1_frontal.dcm,ok,,,,2048,2494,MONOCHROME1,AP,12,16,0,,"(2048, 2494)","(3, 224, 224)",0.0,1.0,0.2497616559267044,0.10047461837530136,0.3374847397208214,0.009729340672492981,0.9985787509851228,0.0014232718385756016,0.0012394982332598237,4.56884241104126
patient00391/study3/view1_frontal.dcm,data/raw/chexpert_plus/dicom_train/patient00391/study3/view1_frontal.dcm,ok,,,,2320,2828,MONOCHROME1,AP,12,16,0,,"(2320, 2828)","(3, 224, 224)",0.0,1.0,0.34217569231987,0.10648345947265625,0.331135556101799,0.010187816806137562,0.998365207411542,0.0016374695114791393,0.001401471735843535,4.6831536293029785
patient00391/study4/view2_lateral.dcm,data/raw/chexpert_plus/dicom_train/patient00391/study4/view2_lateral.dcm,ok,,,,2828,2320,MONOCHROME1,PA,12,16,0,,"(2828, 2320)","(3, 224, 224)",0.0,1.0,0.32972943782806396,0.16463813185691833,0.5150183420628309,0.007499628700315952,0.9989603768107512,0.0010407051304355264,0.0004084768082719602,4.878166675567627
patient00391/study4/view1_frontal.dcm,data/raw/chexpert_plus/dicom_train/patient00391/study4/view1_frontal.dcm,ok,,,,2320,2828,MONOCHROME1,PA,12,16,0,,"(2320, 2828)","(3, 224, 224)",0.0,1.0,0.36721816658973694,0.08981591463088989,0.27619050443172455,0.010691138915717602,0.9981899605764093,0.0018133216071873903,0.0012627725210944739,4.431128978729248
patient00401/study1/view1_frontal.dcm,data/raw/chexpert_plus/dicom_train/patient00401/study1/view1_frontal.dcm,ok,,,,2320,2828,MONOCHROME1,AP,12,16,0,,"(2320, 2828)","(3, 224, 224)",0.0,1.0,0.2297799289226532,0.08796361088752747,0.30134311132133007,0.008892222307622433,0.9987986578027482,0.0012027871562168002,0.0010833780422377212,4.120670318603516
patient00403/study4/view1_frontal.dcm,data/raw/chexpert_plus/dicom_train/patient00403/study4/view1_frontal.dcm,ok,,,,2320,2828,MONOCHROME1,AP,12,16,0,,"(2320, 2828)","(3, 224, 224)",0.0,1.0,0.3452085852622986,0.07678409665822983,0.24649791419506073,0.005456490442156792,0.9994642968455343,0.0005359902861528099,0.006501487587182364,4.269442558288574
patient00403/study5/view1_frontal.dcm,data/raw/chexpert_plus/dicom_train/patient00403/study5/view1_frontal.dcm,ok,,,,3480,4240,MONOCHROME1,AP,12,16,0,,"(3480, 4240)","(3, 224, 224)",0.0,1.0,0.26130247116088867,0.07885929197072983,0.326251532882452,0.004918321501463652,0.9995587259640829,0.0004414688446559012,0.0022806874864454564,4.0011677742004395
patient00403/study1/view1_frontal.dcm,data/raw/chexpert_plus/dicom_train/patient00403/study1/view1_frontal.dcm,ok,,,,3480,4240,MONOCHROME1,AP,12,16,0,,"(3480, 4240)","(3, 224, 224)",0.0,1.0,0.2313062846660614,0.08997808396816254,0.32820513658225536,0.008794250898063183,0.9988399935151697,0.001161353662610054,0.0008098839731077857,4.223869800567627
patient00403/study3/view1_frontal.dcm,data/raw/chexpert_plus/dicom_train/patient00403/study3/view1_frontal.dcm,ok,,,,3480,4240,MONOCHROME1,AP,12,16,0,,"(3480, 4240)","(3, 224, 224)",0.0,1.0,0.33995330333709717,0.0962136760354042,0.34456653892993927,0.006152300629764795,0.9992818842791422,0.0007186317816376686,0.0026694995662546084,4.424117088317871
patient00403/study2/view1_frontal.dcm,data/raw/chexpert_plus/dicom_train/patient00403/study2/view1_frontal.dcm,ok,,,,3480,4240,MONOCHROME1,AP,12,16,0,,"(3480, 4240)","(3, 224, 224)",0.0,1.0,0.4038032293319702,0.0969555452466011,0.31150001287460327,0.007533698342740536,0.9988165502338918,0.001184851978905499,0.0036277380177835612,4.585940361022949
patient00405/study1/view1_frontal.dcm,data/raw/chexpert_plus/dicom_train/patient00405/study1/view1_frontal.dcm,ok,,,,1741,2011,MONOCHROME2,PA,14,16,0,,"(1741, 2011)","(3, 224, 224)",0.0,1.0,0.3060409724712372,0.057757921516895294,0.20875295996665955,0.006541935261338949,0.9994799664391689,0.0005203041364438832,0.0027542371065972303,3.460249423980713
patient00405/study1/view2_frontal.dcm,data/raw/chexpert_plus/dicom_train/patient00405/study1/view2_frontal.dcm,ok,,,,1746,2011,MONOCHROME2,PA,14,16,0,,"(1746, 2011)","(3, 224, 224)",0.0,1.0,0.8094161152839661,0.0997537150979042,0.2646808624267578,0.013591079972684383,0.9979410094286977,0.002063238760456443,0.0022206045444214894,4.321661472320557
patient00408/study1/view1_frontal.dcm,data/raw/chexpert_plus/dicom_train/patient00408/study1/view1_frontal.dcm,ok,,,,2320,2828,MONOCHROME1,AP,12,16,0,,"(2320, 2828)","(3, 224, 224)",0.0,1.0,0.3421841859817505,0.10297612845897675,0.37851037830114365,0.010803155601024628,0.9982494848457991,0.0017535848310217261,0.00278587279910257,4.367951393127441
patient00408/study4/view1_frontal.dcm,data/raw/chexpert_plus/dicom_train/patient00408/study4/view1_frontal.dcm,ok,,,,2048,2494,MONOCHROME1,AP,12,16,0,,"(2048, 2494)","(3, 224, 224)",0.0,1.0,0.20633061230182648,0.0928029716014862,0.3255189349874854,0.010245375335216522,0.9983368993865748,0.001665871124714613,0.0018274327135124298,4.366415023803711
patient00408/study5/view1_frontal.dcm,data/raw/chexpert_plus/dicom_train/patient00408/study5/view1_frontal.dcm,ok,,,,2320,2828,MONOCHROME1,AP,12,16,0,,"(2320, 2828)","(3, 224, 224)",0.0,1.0,0.2628973424434662,0.09951487183570862,0.3452991507947445,0.011812055483460426,0.9978513529532504,0.0021532736718654633,0.0021134102326488807,4.447524070739746
patient00408/study6/view1_frontal.dcm,data/raw/chexpert_plus/dicom_train/patient00408/study6/view1_frontal.dcm,ok,,,,2320,2828,MONOCHROME1,AP,12,16,0,,"(2320, 2828)","(3, 224, 224)",0.0,1.0,0.28295090794563293,0.10448745638132095,0.3851037882268429,0.011228708550333977,0.9979469878419084,0.002057235687971115,0.001387906647807638,4.480988502502441
patient00408/study2/view1_frontal.dcm,data/raw/chexpert_plus/dicom_train/patient00408/study2/view1_frontal.dcm,ok,,,,2320,2828,MONOCHROME1,AP,12,16,0,,"(2320, 2828)","(3, 224, 224)",0.0,1.0,0.30613622069358826,0.11226264387369156,0.3235653191804886,0.011162623763084412,0.9980330111396513,0.0019708655308932066,0.0011986050821830951,4.649378776550293
patient00408/study3/view1_frontal.dcm,data/raw/chexpert_plus/dicom_train/patient00408/study3/view1_frontal.dcm,ok,,,,2320,2828,MONOCHROME1,AP,12,16,0,,"(2320, 2828)","(3, 224, 224)",0.0,1.0,0.21479617059230804,0.09582199901342392,0.32161173038184643,0.010096210055053234,0.9984540911744038,0.0015483023598790169,0.0012200958396332243,4.364026069641113
patient00412/study6/view1_frontal.dcm,data/raw/chexpert_plus/dicom_train/patient00412/study6/view1_frontal.dcm,ok,,,,2320,2828,MONOCHROME1,AP,12,16,0,,"(2320, 2828)","(3, 224, 224)",0.0,1.0,0.29010146856307983,0.10875283926725388,0.31184371560811996,0.009418555535376072,0.9985455052170421,0.0014566134195774794,0.0012728320245817685,4.4771833419799805
patient00412/study4/view1_frontal.dcm,data/raw/chexpert_plus/dicom_train/patient00412/study4/view1_frontal.dcm,ok,,,,2320,2828,MONOCHROME1,AP,12,16,0,,"(2320, 2828)","(3, 224, 224)",0.0,1.0,0.24544256925582886,0.09534252434968948,0.285714291036129,0.008388937450945377,0.998887697171002,0.0011135414242744446,0.0010711847046773642,4.434274673461914
patient00412/study2/view1_frontal.dcm,data/raw/chexpert_plus/dicom_train/patient00412/study2/view1_frontal.dcm,ok,,,,2320,2828,MONOCHROME1,AP,12,16,0,,"(2320, 2828)","(3, 224, 224)",0.0,1.0,0.2876535654067993,0.05896148085594177,0.13528694212436676,0.011525625362992287,0.9980522709418124,0.001951530110090971,0.0028386089840511143,3.295681953430176
patient00412/study7/view1_frontal.dcm,data/raw/chexpert_plus/dicom_train/patient00412/study7/view1_frontal.dcm,ok,,,,2320,2828,MONOCHROME1,AP,12,16,0,,"(2320, 2828)","(3, 224, 224)",0.0,1.0,0.25529563426971436,0.10928239673376083,0.31111111491918564,0.009200436994433403,0.9986050728277978,0.0013968757120892406,0.0014676205921084718,4.581135272979736
patient00412/study1/view1_frontal.dcm,data/raw/chexpert_plus/dicom_train/patient00412/study1/view1_frontal.dcm,ok,,,,2320,2828,MONOCHROME1,AP,12,16,0,,"(2320, 2828)","(3, 224, 224)",0.0,1.0,0.28188931941986084,0.09072045981884003,0.2827838882803917,0.007805132307112217,0.9990720474891539,0.0009288144065067172,0.004060381407598888,4.3543195724487305
patient00412/study3/view1_frontal.dcm,data/raw/chexpert_plus/dicom_train/patient00412/study3/view1_frontal.dcm,ok,,,,2320,2828,MONOCHROME1,AP,12,16,0,,"(2320, 2828)","(3, 224, 224)",0.0,1.0,0.3062213063240051,0.09550641477108002,0.3023198992013931,0.009428484365344048,0.9985444223366563,0.0014576994581148028,0.0009939094278886016,4.501463890075684
patient00412/study8/view1_frontal.dcm,data/raw/chexpert_plus/dicom_train/patient00412/study8/view1_frontal.dcm,ok,,,,2320,2828,MONOCHROME1,AP,12,16,0,,"(2320, 2828)","(3, 224, 224)",0.0,1.0,0.29148000478744507,0.12105464190244675,0.37948717921972275,0.009926400147378445,0.9983945243999187,0.001608057296834886,0.0014691447593035165,4.676666736602783
patient00412/study5/view1_frontal.dcm,data/raw/chexpert_plus/dicom_train/patient00412/study5/view1_frontal.dcm,ok,,,,2320,2828,MONOCHROME1,AP,12,16,0,,"(2320, 2828)","(3, 224, 224)",0.0,1.0,0.2238147109746933,0.09658060222864151,0.3223443292081356,0.009469304233789444,0.998608945514698,0.0013929922133684158,0.0025506938009071845,4.498199939727783
patient00413/study1/view1_frontal.dcm,data/raw/chexpert_plus/dicom_train/patient00413/study1/view1_frontal.dcm,ok,,,,3408,4200,MONOCHROME1,PA,12,16,0,,"(3408, 4200)","(3, 224, 224)",0.0,1.0,0.5540347099304199,0.14744536578655243,0.43031632900238037,0.008086096495389938,0.9983605162544431,0.0016421760665252805,0.06557309132573218,5.158113956451416
patient00413/study1/view2_lateral.dcm,data/raw/chexpert_plus/dicom_train/patient00413/study1/view2_lateral.dcm,ok,,,,4200,3408,MONOCHROME1,LL,12,16,0,,"(4200, 3408)","(3, 224, 224)",0.0,1.0,0.34123924374580383,0.12848249077796936,0.45273134857416153,0.004413091577589512,0.999527756541475,0.0004724665777757764,0.02169586966241896,4.675805568695068
patient00422/study1/view1_frontal.dcm,data/raw/chexpert_plus/dicom_train/patient00422/study1/view1_frontal.dcm,ok,,,,2320,2828,MONOCHROME1,AP,12,16,0,,"(2320, 2828)","(3, 224, 224)",0.0,1.0,0.42799514532089233,0.1317976862192154,0.4369879364967346,0.0044639683328568935,0.9995750865880483,0.0004250940401107073,0.006596748036872653,4.991450309753418
patient00422/study2/view1_frontal.dcm,data/raw/chexpert_plus/dicom_train/patient00422/study2/view1_frontal.dcm,ok,,,,2320,2828,MONOCHROME1,AP,12,16,0,,"(2320, 2828)","(3, 224, 224)",0.0,1.0,0.4746030569076538,0.18466024100780487,0.6124999970197678,0.006038539111614227,0.9992745272183329,0.0007259994745254517,0.020686606838023702,5.50071907043457
patient00425/study1/view1_frontal.dcm,data/raw/chexpert_plus/dicom_train/patient00425/study1/view1_frontal.dcm,ok,,,,2320,2828,MONOCHROME1,AP,12,16,0,,"(2320, 2828)","(3, 224, 224)",0.0,1.0,0.3175981342792511,0.08452097326517105,0.25641025602817535,0.009877968579530716,0.9983698489492818,0.0016328127821907401,0.001446282251377847,4.365632057189941
patient00427/study1/view1_frontal.dcm,data/raw/chexpert_plus/dicom_train/patient00427/study1/view1_frontal.dcm,ok,,,,2021,1924,MONOCHROME2,PA,14,16,0,,"(2021, 1924)","(3, 224, 224)",0.0,1.0,0.4247457683086395,0.13986138999462128,0.4406086802482605,0.004056998994201422,0.9997079642554179,0.0002921210543718189,0.03141648861589485,4.849758625030518
patient00427/study1/view2_lateral.dcm,data/raw/chexpert_plus/dicom_train/patient00427/study1/view2_lateral.dcm,ok,,,,2021,1932,MONOCHROME2,LL,14,16,0,,"(2021, 1932)","(3, 224, 224)",0.0,1.0,0.23987799882888794,0.1244049221277237,0.37520601600408554,0.0017064097337424755,0.999944876149314,5.512688949238509e-05,0.004967509883285543,4.077248573303223
patient00429/study1/view3_lateral.dcm,data/raw/chexpert_plus/dicom_train/patient00429/study1/view3_lateral.dcm,ok,,,,1819,1756,MONOCHROME2,LL,14,16,0,,"(1819, 1756)","(3, 224, 224)",0.0,1.0,0.1947370320558548,0.12126987427473068,0.3255814015865326,0.0077700307592749596,0.9991884129771386,0.0008122462313622236,0.0031078554513794534,3.7946929931640625
patient00429/study1/view2_frontal.dcm,data/raw/chexpert_plus/dicom_train/patient00429/study1/view2_frontal.dcm,ok,,,,1778,1914,MONOCHROME2,PA,14,16,0,,"(1778, 1914)","(3, 224, 224)",0.0,1.0,0.2550385296344757,0.060544468462467194,0.21674905717372894,0.0066393716260790825,0.9993795839204503,0.0006208012346178293,0.0030560443267475578,3.6660571098327637
patient00429/study1/view1_frontal.dcm,data/raw/chexpert_plus/dicom_train/patient00429/study1/view1_frontal.dcm,ok,,,,1847,1928,MONOCHROME2,PA,14,16,0,,"(1847, 1928)","(3, 224, 224)",0.0,1.0,0.2605249285697937,0.061181388795375824,0.22083868831396103,0.006763426121324301,0.9993949538346436,0.0006054124678485096,0.003098834714587073,3.648869752883911
patient00441/study4/view1_frontal.dcm,data/raw/chexpert_plus/dicom_train/patient00441/study4/view1_frontal.dcm,ok,,,,2320,2828,MONOCHROME1,AP,12,16,0,,"(2320, 2828)","(3, 224, 224)",0.0,1.0,0.2866126000881195,0.08018115162849426,0.2507936507463455,0.008765533566474915,0.9988459578490271,0.0011553755030035973,0.0008453031263717505,4.098556995391846
patient00441/study6/view1_frontal.dcm,data/raw/chexpert_plus/dicom_train/patient00441/study6/view1_frontal.dcm,ok,,,,2320,2828,MONOCHROME1,AP,12,16,0,,"(2320, 2828)","(3, 224, 224)",0.0,1.0,0.20701652765274048,0.09743016958236694,0.3377289455384016,0.004554821643978357,0.9996650043820529,0.0003351078776177019,0.0028482112373798955,4.409556865692139
patient00441/study3/view1_frontal.dcm,data/raw/chexpert_plus/dicom_train/patient00441/study3/view1_frontal.dcm,ok,,,,2320,2828,MONOCHROME1,AP,12,16,0,,"(2320, 2828)","(3, 224, 224)",0.0,1.0,0.2608305513858795,0.09801825881004333,0.3521367572247982,0.008455037139356136,0.998905935698766,0.0010952625889331102,0.000873805052919085,4.449026107788086
patient00441/study5/view1_frontal.dcm,data/raw/chexpert_plus/dicom_train/patient00441/study5/view1_frontal.dcm,ok,,,,2320,2828,MONOCHROME1,AP,12,16,0,,"(2320, 2828)","(3, 224, 224)",0.0,1.0,0.29923200607299805,0.08366045355796814,0.2559218555688858,0.009723333641886711,0.9986373590620734,0.0013645002618432045,0.0012978283665805003,4.193665504455566
patient00441/study2/view1_frontal.dcm,data/raw/chexpert_plus/dicom_train/patient00441/study2/view1_frontal.dcm,ok,,,,2320,2828,MONOCHROME1,AP,12,16,0,,"(2320, 2828)","(3, 224, 224)",0.0,1.0,0.2874104976654053,0.09949423372745514,0.3589743599295616,0.010150575079023838,0.9985135457376788,0.0014886670978739858,0.0011832109935131444,4.452253818511963
patient00441/study1/view1_frontal.dcm,data/raw/chexpert_plus/dicom_train/patient00441/study1/view1_frontal.dcm,ok,,,,2320,2828,MONOCHROME1,AP,12,16,0,,"(2320, 2828)","(3, 224, 224)",0.0,1.0,0.23804441094398499,0.09308683127164841,0.31477412208914757,0.011554055847227573,0.9979473613936667,0.0020568605978041887,0.0018732014827098473,4.3161749839782715
patient00445/study1/view1_frontal.dcm,data/raw/chexpert_plus/dicom_train/patient00445/study1/view1_frontal.dcm,ok,,,,2320,2828,MONOCHROME1,AP,12,16,0,,"(2320, 2828)","(3, 224, 224)",0.0,1.0,0.5286149978637695,0.19964510202407837,0.6745200753211975,0.006978691555559635,0.9990114908389641,0.0009894872782751918,0.03552833731649027,5.63029670715332
patient00448/study1/view1_frontal.dcm,data/raw/chexpert_plus/dicom_train/patient00448/study1/view1_frontal.dcm,ok,,,,2320,2828,MONOCHROME1,AP,12,16,0,,"(2320, 2828)","(3, 224, 224)",0.0,1.0,0.3241162896156311,0.09249196946620941,0.3450549468398094,0.009017763659358025,0.9987216920743625,0.0012799440883100033,0.0008172584499829294,4.37952995300293
patient00448/study1/view2_lateral.dcm,data/raw/chexpert_plus/dicom_train/patient00448/study1/view2_lateral.dcm,ok,,,,2828,2320,MONOCHROME1,PA,12,16,0,,"(2828, 2320)","(3, 224, 224)",0.0,1.0,0.2556006908416748,0.12356460094451904,0.3694749753922224,0.006026388145983219,0.9993878237593034,0.0006125512300059199,0.00039140613568746036,4.222543239593506
patient00450/study1/view1_frontal.dcm,data/raw/chexpert_plus/dicom_train/patient00450/study1/view1_frontal.dcm,ok,,,,2022,2022,MONOCHROME2,PA,14,16,0,,"(2022, 2022)","(3, 224, 224)",0.0,1.0,0.2439994215965271,0.0980696901679039,0.32729047536849976,0.005850330926477909,0.9995425719167491,0.0004576374194584787,0.0034619188921859545,3.285875082015991
patient00450/study1/view2_lateral.dcm,data/raw/chexpert_plus/dicom_train/patient00450/study1/view2_lateral.dcm,ok,,,,2022,2022,MONOCHROME2,LL,14,16,0,,"(2022, 2022)","(3, 224, 224)",0.0,1.0,0.19388918578624725,0.1292734593153,0.3541475832462311,0.004360457882285118,0.9997325445435945,0.00026752700796350837,0.0004052846972129523,4.095470428466797
patient00452/study1/view1_frontal.dcm,data/raw/chexpert_plus/dicom_train/patient00452/study1/view1_frontal.dcm,ok,,,,2021,2022,MONOCHROME2,PA,14,16,0,,"(2021, 2022)","(3, 224, 224)",0.0,1.0,0.7225204110145569,0.13306543231010437,0.46305349469184875,0.008815943263471127,0.9989116263291609,0.0010895595187321305,0.0011704501351046455,4.834872245788574
patient00455/study1/view1_frontal.dcm,data/raw/chexpert_plus/dicom_train/patient00455/study1/view1_frontal.dcm,ok,,,,2021,2021,MONOCHROME2,PA,14,16,0,,"(2021, 2021)","(3, 224, 224)",0.0,1.0,0.23858009278774261,0.07355055212974548,0.1923763006925583,0.004878504201769829,0.9995643309253519,0.00043585896492004395,0.0008263064639689985,4.051844120025635
patient00455/study1/view2_lateral.dcm,data/raw/chexpert_plus/dicom_train/patient00455/study1/view2_lateral.dcm,ok,,,,2021,2021,MONOCHROME2,LL,14,16,0,,"(2021, 2021)","(3, 224, 224)",0.0,1.0,0.21421419084072113,0.15260067582130432,0.39150339365005493,0.004179677926003933,0.9996991577121992,0.00030093282111920416,0.0006750005692333418,3.858313798904419
patient00457/study4/view1_frontal.dcm,data/raw/chexpert_plus/dicom_train/patient00457/study4/view1_frontal.dcm,ok,,,,2320,2828,MONOCHROME1,AP,12,16,0,,"(2320, 2828)","(3, 224, 224)",0.0,1.0,0.2622777819633484,0.10350369662046432,0.3152625188231468,0.009775902144610882,0.998576703256155,0.0014253254048526287,0.001189307662293323,4.516044616699219
patient00457/study5/view1_frontal.dcm,data/raw/chexpert_plus/dicom_train/patient00457/study5/view1_frontal.dcm,ok,,,,2320,2828,MONOCHROME1,AP,12,16,0,,"(2320, 2828)","(3, 224, 224)",0.0,1.0,0.33007970452308655,0.1168309822678566,0.4124542102217674,0.011588948778808117,0.9979829954824697,0.0020210810471326113,0.0014935314344242305,4.6181321144104
patient00457/study3/view1_frontal.dcm,data/raw/chexpert_plus/dicom_train/patient00457/study3/view1_frontal.dcm,ok,,,,2320,2828,MONOCHROME1,AP,12,16,0,,"(2320, 2828)","(3, 224, 224)",0.0,1.0,0.29248687624931335,0.12368465214967728,0.4158730171620846,0.010066530667245388,0.9984559918216491,0.0015463958261534572,0.00130362020192167,4.567805767059326
patient00457/study9/view1_frontal.dcm,data/raw/chexpert_plus/dicom_train/patient00457/study9/view1_frontal.dcm,ok,,,,1751,2022,MONOCHROME2,PA,14,16,0,,"(1751, 2022)","(3, 224, 224)",0.0,1.0,0.2812633216381073,0.06173085793852806,0.20435819029808044,0.005972444545477629,0.9995389871747581,0.00046122545609250665,0.0015090995056661137,3.5670268535614014
patient00457/study2/view1_frontal.dcm,data/raw/chexpert_plus/dicom_train/patient00457/study2/view1_frontal.dcm,ok,,,,2320,2828,MONOCHROME1,AP,12,16,0,,"(2320, 2828)","(3, 224, 224)",0.0,1.0,0.2993004322052002,0.10636913031339645,0.3658119663596153,0.009793377481400967,0.9985135906565723,0.0014886220451444387,0.0013723601424181827,4.581495761871338
patient00457/study6/view1_frontal.dcm,data/raw/chexpert_plus/dicom_train/patient00457/study6/view1_frontal.dcm,ok,,,,2048,2494,MONOCHROME1,AP,12,16,0,,"(2048, 2494)","(3, 224, 224)",0.0,1.0,0.16721467673778534,0.0777927041053772,0.24493285920470953,0.012659567408263683,0.9975417619950885,0.002464295830577612,0.001818035159382518,3.979545831680298
patient00457/study8/view1_frontal.dcm,data/raw/chexpert_plus/dicom_train/patient00457/study8/view1_frontal.dcm,ok,,,,2320,2828,MONOCHROME1,AP,12,16,0,,"(2320, 2828)","(3, 224, 224)",0.0,1.0,0.35323792695999146,0.09911833703517914,0.29230768978595734,0.011580433696508408,0.9979937651432054,0.0020102679263800383,0.0018315917182851291,4.483030319213867
patient00457/study7/view1_frontal.dcm,data/raw/chexpert_plus/dicom_train/patient00457/study7/view1_frontal.dcm,ok,,,,2320,2828,MONOCHROME1,AP,12,16,0,,"(2320, 2828)","(3, 224, 224)",0.0,1.0,0.2822611331939697,0.08445847034454346,0.2698412761092186,0.009839098900556564,0.9985578795179858,0.0014442031970247626,0.0011120323855045603,4.199015140533447
patient00459/study1/view2_lateral.dcm,data/raw/chexpert_plus/dicom_train/patient00459/study1/view2_lateral.dcm,ok,,,,2828,2320,MONOCHROME1,PA,12,16,0,,"(2828, 2320)","(3, 224, 224)",0.0,1.0,0.30807414650917053,0.1612437665462494,0.4639804642647505,0.005901439115405083,0.9994437541214738,0.0005565554602071643,0.001645186070331171,4.589044094085693
patient00459/study1/view1_frontal.dcm,data/raw/chexpert_plus/dicom_train/patient00459/study1/view1_frontal.dcm,ok,,,,2320,2828,MONOCHROME1,PA,12,16,0,,"(2320, 2828)","(3, 224, 224)",0.0,1.0,0.3947094976902008,0.12888595461845398,0.37435899674892426,0.005860153120011091,0.9994056930620464,0.0005946603487245739,0.0015929071355411403,4.9059529304504395
patient00462/study1/view1_frontal.dcm,data/raw/chexpert_plus/dicom_train/patient00462/study1/view1_frontal.dcm,ok,,,,2320,2828,MONOCHROME1,AP,12,16,0,,"(2320, 2828)","(3, 224, 224)",0.0,1.0,0.32433828711509705,0.10890588164329529,0.3450549393892288,0.010018200613558292,0.9984656639152384,0.0015366938896477222,0.0010455786958006145,4.637331962585449
patient00464/study1/view1_frontal.dcm,data/raw/chexpert_plus/dicom_train/patient00464/study1/view1_frontal.dcm,ok,,,,2320,2828,MONOCHROME1,AP,12,16,0,,"(2320, 2828)","(3, 224, 224)",0.0,1.0,0.27499330043792725,0.12832768261432648,0.4358974378556013,0.0092519111931324,0.99863890804764,0.0013629470486193895,0.0010303370238501682,4.7501068115234375
patient00472/study1/view1_frontal.dcm,data/raw/chexpert_plus/dicom_train/patient00472/study1/view1_frontal.dcm,ok,,,,2048,2494,MONOCHROME1,AP,12,16,0,,"(2048, 2494)","(3, 224, 224)",0.0,1.0,0.4425559341907501,0.134530708193779,0.4840041399002075,0.008302138186991215,0.9986577911508506,0.0013440127950161695,0.006744898694366479,4.791302680969238
patient00472/study2/view2_lateral.dcm,data/raw/chexpert_plus/dicom_train/patient00472/study2/view2_lateral.dcm,ok,,,,2021,1751,MONOCHROME2,LL,14,16,0,,"(2021, 1751)","(3, 224, 224)",0.0,1.0,0.24765554070472717,0.09447254240512848,0.32661905512213707,0.0076242471113801,0.9992501279704975,0.0007504347595386207,0.0032505635431057845,3.994715929031372
patient00472/study2/view1_frontal.dcm,data/raw/chexpert_plus/dicom_train/patient00472/study2/view1_frontal.dcm,ok,,,,1751,2022,MONOCHROME2,PA,14,16,0,,"(1751, 2022)","(3, 224, 224)",0.0,1.0,0.6992472410202026,0.08358828723430634,0.22575759887695312,0.010908898897469044,0.9986285309113077,0.0013733525993302464,0.0013690071689993735,4.265336513519287
patient00475/study1/view1_frontal.dcm,data/raw/chexpert_plus/dicom_train/patient00475/study1/view1_frontal.dcm,ok,,,,2320,2828,MONOCHROME1,AP,12,16,0,,"(2320, 2828)","(3, 224, 224)",0.0,1.0,0.18249958753585815,0.08462033420801163,0.26471307687461376,0.009990186430513859,0.9985783282050188,0.0014236958231776953,0.0020516814612495733,4.214026927947998
patient00475/study2/view1_frontal.dcm,data/raw/chexpert_plus/dicom_train/patient00475/study2/view1_frontal.dcm,ok,,,,2320,2828,MONOCHROME1,AP,12,16,0,,"(2320, 2828)","(3, 224, 224)",0.0,1.0,0.18843133747577667,0.09466970711946487,0.28083029203116894,0.00934960599988699,0.9987424013153475,0.0012591822305694222,0.0019288335853289763,4.255579948425293
patient00476/study1/view1_frontal.dcm,data/raw/chexpert_plus/dicom_train/patient00476/study1/view1_frontal.dcm,ok,,,,2021,2021,MONOCHROME2,PA,14,16,0,,"(2021, 2021)","(3, 224, 224)",0.0,1.0,0.24590055644512177,0.08889094740152359,0.3037075027823448,0.0038844875525683165,0.9997789738825447,0.00022107498080004007,0.000433107002892195,4.061476707458496
patient00476/study1/view2_lateral.dcm,data/raw/chexpert_plus/dicom_train/patient00476/study1/view2_lateral.dcm,ok,,,,2021,1794,MONOCHROME2,LL,14,16,0,,"(2021, 1794)","(3, 224, 224)",0.0,1.0,0.5399583578109741,0.27950581908226013,0.8157700621522963,0.004209897015243769,0.9997409294807152,0.00025913765421137214,0.008012303367594549,4.999628067016602
patient00479/study1/view1_frontal.dcm,data/raw/chexpert_plus/dicom_train/patient00479/study1/view1_frontal.dcm,ok,,,,2320,2828,MONOCHROME1,PA,12,16,0,,"(2320, 2828)","(3, 224, 224)",0.0,1.0,0.3959185481071472,0.1345101296901703,0.4133799225091934,0.006167733110487461,0.9991873037713762,0.000813357240986079,0.020583877969077697,5.067716121673584
patient00479/study1/view2_lateral.dcm,data/raw/chexpert_plus/dicom_train/patient00479/study1/view2_lateral.dcm,ok,,,,2828,2320,MONOCHROME1,LL,12,16,0,,"(2828, 2320)","(3, 224, 224)",0.0,1.0,0.2878892719745636,0.1514093279838562,0.4517704527825117,0.004434935282915831,0.9996261595166214,0.00037398029235191643,0.0014648770911573916,4.612082004547119
patient00485/study2/view1_frontal.dcm,data/raw/chexpert_plus/dicom_train/patient00485/study2/view1_frontal.dcm,ok,,,,2320,2828,MONOCHROME1,AP,12,16,0,,"(2320, 2828)","(3, 224, 224)",0.0,1.0,0.2709238529205322,0.09933940321207047,0.31404151767492294,0.010654481127858162,0.9981792771544548,0.0018240439239889383,0.0014603045895722577,4.5265679359436035
patient00485/study1/view1_frontal.dcm,data/raw/chexpert_plus/dicom_train/patient00485/study1/view1_frontal.dcm,ok,,,,2048,2494,MONOCHROME1,AP,12,16,0,,"(2048, 2494)","(3, 224, 224)",0.0,1.0,0.24008166790008545,0.09278270602226257,0.297680102288723,0.009524721652269363,0.9985161935218363,0.0014860114315524697,0.0009902672664394547,4.453333854675293
patient00491/study1/view1_frontal.dcm,data/raw/chexpert_plus/dicom_train/patient00491/study1/view1_frontal.dcm,ok,,,,2320,2828,MONOCHROME1,AP,12,16,0,,"(2320, 2828)","(3, 224, 224)",0.0,1.0,0.31262606382369995,0.1093221977353096,0.37435897812247276,0.010751469992101192,0.9981060671160525,0.0018975266721099615,0.0020818599717114567,4.370551109313965
patient00491/study4/view1_frontal.dcm,data/raw/chexpert_plus/dicom_train/patient00491/study4/view1_frontal.dcm,ok,,,,2320,2828,MONOCHROME1,AP,12,16,0,,"(2320, 2828)","(3, 224, 224)",0.0,1.0,0.1752602458000183,0.09002584218978882,0.2603174727410078,0.003944968804717064,0.9997393219515696,0.0002607460191939026,0.013148533141491489,3.9616105556488037
patient00491/study3/view1_frontal.dcm,data/raw/chexpert_plus/dicom_train/patient00491/study3/view1_frontal.dcm,ok,,,,2320,2828,MONOCHROME1,AP,12,16,0,,"(2320, 2828)","(3, 224, 224)",0.0,1.0,0.3083246350288391,0.10149083286523819,0.3621489629149437,0.005351072642952204,0.999416921824583,0.0005834183539263904,0.005825062186021558,4.569114685058594
patient00491/study2/view1_frontal.dcm,data/raw/chexpert_plus/dicom_train/patient00491/study2/view1_frontal.dcm,ok,,,,2320,2828,MONOCHROME1,AP,12,16,0,,"(2320, 2828)","(3, 224, 224)",0.0,1.0,0.17615412175655365,0.08267167210578918,0.26764347963035107,0.00923395249992609,0.9987160671235645,0.0012855834793299437,0.00108231112520119,4.187355995178223
patient00493/study1/view2_lateral.dcm,data/raw/chexpert_plus/dicom_train/patient00493/study1/view2_lateral.dcm,ok,,,,2022,1751,MONOCHROME2,LL,14,16,0,,"(2022, 1751)","(3, 224, 224)",0.0,1.0,0.2907888889312744,0.0979766994714737,0.3578709550201893,0.005976016633212566,0.9994989815542705,0.0005012695910409093,0.0016308329675680591,3.7880356311798096
patient00493/study1/view1_frontal.dcm,data/raw/chexpert_plus/dicom_train/patient00493/study1/view1_frontal.dcm,ok,,,,1751,2022,MONOCHROME2,PA,14,16,0,,"(1751, 2022)","(3, 224, 224)",0.0,1.0,0.33129817247390747,0.03902573883533478,0.10639077425003052,0.005444593261927366,0.9996046370639984,0.00039551930967718363,0.0017037035781729362,3.0898046493530273
patient00496/study1/view1_frontal.dcm,data/raw/chexpert_plus/dicom_train/patient00496/study1/view1_frontal.dcm,ok,,,,2320,2828,MONOCHROME1,AP,12,16,0,,"(2320, 2828)","(3, 224, 224)",0.0,1.0,0.27592703700065613,0.06729608029127121,0.19072039425373077,0.008754688315093517,0.9987816568590805,0.001219829311594367,0.0009555004145734771,3.8367860317230225
patient00496/study2/view1_frontal.dcm,data/raw/chexpert_plus/dicom_train/patient00496/study2/view1_frontal.dcm,ok,,,,2320,2828,MONOCHROME1,AP,12,16,0,,"(2320, 2828)","(3, 224, 224)",0.0,1.0,0.2620849311351776,0.09002115577459335,0.3045177087187767,0.009529495611786842,0.9985245061835708,0.0014776741154491901,0.0013321221284690046,4.323712348937988
patient00496/study4/view1_frontal.dcm,data/raw/chexpert_plus/dicom_train/patient00496/study4/view1_frontal.dcm,ok,,,,2320,2828,MONOCHROME1,AP,12,16,0,,"(2320, 2828)","(3, 224, 224)",0.0,1.0,0.3001497983932495,0.08317246288061142,0.25054945051670074,0.009543481282889843,0.9985007422767482,0.001501508872024715,0.0012691740233136614,4.295668601989746
patient00496/study6/view1_frontal.dcm,data/raw/chexpert_plus/dicom_train/patient00496/study6/view1_frontal.dcm,ok,,,,2320,2828,MONOCHROME1,AP,12,16,0,,"(2320, 2828)","(3, 224, 224)",0.0,1.0,0.1979321390390396,0.09790719300508499,0.32796093728393316,0.009070292115211487,0.9987181480530377,0.0012834972003474832,0.0008634407159927816,4.413507461547852
patient00496/study3/view1_frontal.dcm,data/raw/chexpert_plus/dicom_train/patient00496/study3/view1_frontal.dcm,ok,,,,2320,2828,MONOCHROME1,AP,12,16,0,,"(2320, 2828)","(3, 224, 224)",0.0,1.0,0.2942408323287964,0.08634260296821594,0.2710622698068619,0.009196305647492409,0.9986570019992188,0.0013448040699586272,0.0010606679510315564,4.265169620513916
patient00496/study7/view1_frontal.dcm,data/raw/chexpert_plus/dicom_train/patient00496/study7/view1_frontal.dcm,ok,,,,2320,2828,MONOCHROME1,AP,12,16,0,,"(2320, 2828)","(3, 224, 224)",0.0,1.0,0.29430076479911804,0.11744961142539978,0.3492063507437706,0.009619263000786304,0.9984249502153226,0.0015775344800204039,0.0016482344047212604,4.685418605804443
patient00496/study5/view1_frontal.dcm,data/raw/chexpert_plus/dicom_train/patient00496/study5/view1_frontal.dcm,ok,,,,2320,2828,MONOCHROME1,AP,12,16,0,,"(2320, 2828)","(3, 224, 224)",0.0,1.0,0.218492791056633,0.08627818524837494,0.29597070440649986,0.01156687643378973,0.9980505414834778,0.001953266328200698,0.002249975613324879,4.188189506530762
patient00500/study1/view1_frontal.dcm,data/raw/chexpert_plus/dicom_train/patient00500/study1/view1_frontal.dcm,ok,,,,2320,2828,MONOCHROME1,AP,12,16,0,,"(2320, 2828)","(3, 224, 224)",0.0,1.0,0.2193673849105835,0.0752558559179306,0.237118449062109,0.00904733594506979,0.9987514958956581,0.0012500648153945804,0.0011848875774276935,3.69464111328125
patient00500/study2/view1_frontal.dcm,data/raw/chexpert_plus/dicom_train/patient00500/study2/view1_frontal.dcm,ok,,,,3480,4240,MONOCHROME1,PA,12,16,0,,"(3480, 4240)","(3, 224, 224)",0.0,1.0,0.32687652111053467,0.09490767866373062,0.3499389514327049,0.004814737010747194,0.9995679012807098,0.0004322855093050748,0.00010497993927564519,4.452382564544678
patient00500/study2/view2_lateral.dcm,data/raw/chexpert_plus/dicom_train/patient00500/study2/view2_lateral.dcm,ok,,,,2828,2320,MONOCHROME1,PA,12,16,0,,"(2828, 2320)","(3, 224, 224)",0.0,1.0,0.24564367532730103,0.13637636601924896,0.3782661836594343,0.004635770805180073,0.9996517050199695,0.0003484163316898048,0.00016796322489391797,4.258023738861084
patient00503/study1/view1_frontal.dcm,data/raw/chexpert_plus/dicom_train/patient00503/study1/view1_frontal.dcm,ok,,,,2320,2828,MONOCHROME1,AP,12,16,0,,"(2320, 2828)","(3, 224, 224)",0.0,1.0,0.37417367100715637,0.10526075214147568,0.30793653428554535,0.009573942050337791,0.9984312891941292,0.0015711755258962512,0.0022496707798858703,4.6215715408325195
patient00506/study1/view1_frontal.dcm,data/raw/chexpert_plus/dicom_train/patient00506/study1/view1_frontal.dcm,ok,,,,2320,2828,MONOCHROME1,AP,12,16,0,,"(2320, 2828)","(3, 224, 224)",0.0,1.0,0.34776633977890015,0.09348564594984055,0.2908424884080887,0.010297114960849285,0.998402354847168,0.0016002017073333263,0.0014272301614397893,4.162456035614014
patient00507/study1/view1_frontal.dcm,data/raw/chexpert_plus/dicom_train/patient00507/study1/view1_frontal.dcm,ok,,,,2048,2494,MONOCHROME1,AP,12,16,0,,"(2048, 2494)","(3, 224, 224)",0.0,1.0,0.1974450945854187,0.07492700964212418,0.24737485870718956,0.009977644309401512,0.9984440452649995,0.001558379502967,0.001260642730052125,3.983576774597168
patient00508/study4/view1_frontal.dcm,data/raw/chexpert_plus/dicom_train/patient00508/study4/view1_frontal.dcm,ok,,,,2320,2828,MONOCHROME1,AP,12,16,0,,"(2320, 2828)","(3, 224, 224)",0.0,1.0,0.3643046021461487,0.09481749683618546,0.3142857104539871,0.00939157698303461,0.9985894369233675,0.0014125555753707886,0.001131998975759645,4.4031596183776855
patient00508/study1/view1_frontal.dcm,data/raw/chexpert_plus/dicom_train/patient00508/study1/view1_frontal.dcm,ok,,,,2048,2494,MONOCHROME1,AP,12,16,0,,"(2048, 2494)","(3, 224, 224)",0.0,1.0,0.21026897430419922,0.08149999380111694,0.282783892005682,0.009144993498921394,0.9986824919835675,0.0013192461337894201,0.0011684292301523656,4.229666709899902
patient00508/study2/view1_frontal.dcm,data/raw/chexpert_plus/dicom_train/patient00508/study2/view1_frontal.dcm,ok,,,,2320,2828,MONOCHROME1,AP,12,16,0,,"(2320, 2828)","(3, 224, 224)",0.0,1.0,0.33405545353889465,0.0929766595363617,0.31794871389865875,0.008748380467295647,0.9988070787630584,0.001194345997646451,0.0010102180168755793,4.285743713378906
patient00508/study3/view1_frontal.dcm,data/raw/chexpert_plus/dicom_train/patient00508/study3/view1_frontal.dcm,ok,,,,2048,2494,MONOCHROME1,AP,12,16,0,,"(2048, 2494)","(3, 224, 224)",0.0,1.0,0.2789836525917053,0.08210905641317368,0.26715507358312607,0.008927957154810429,0.9987359618887472,0.001265637925826013,0.0010583995338813153,4.182837963104248
patient00511/study1/view1_frontal.dcm,data/raw/chexpert_plus/dicom_train/patient00511/study1/view1_frontal.dcm,ok,,,,2320,2828,MONOCHROME1,AP,12,16,0,,"(2320, 2828)","(3, 224, 224)",0.0,1.0,0.23308531939983368,0.0982738733291626,0.30183150991797447,0.00935638789087534,0.9987420143946661,0.0012595701264217496,0.0020836889723455103,4.317889213562012
patient00515/study3/view1_frontal.dcm,data/raw/chexpert_plus/dicom_train/patient00515/study3/view1_frontal.dcm,ok,,,,2320,2828,MONOCHROME1,AP,12,16,0,,"(2320, 2828)","(3, 224, 224)",0.0,1.0,0.4082775115966797,0.10175440460443497,0.3658119887113571,0.00979948416352272,0.9984943621414412,0.0015079082222655416,0.0010798724576891188,4.577399730682373
patient00515/study9/view2_lateral.dcm,data/raw/chexpert_plus/dicom_train/patient00515/study9/view2_lateral.dcm,ok,,,,2828,2320,MONOCHROME1,PA,12,16,0,,"(2828, 2320)","(3, 224, 224)",0.0,1.0,0.2326064109802246,0.10956130176782608,0.32942613773047924,0.0064304061233997345,0.9993984886498145,0.0006018733838573098,0.000362294542262108,4.234503746032715
patient00515/study9/view1_frontal.dcm,data/raw/chexpert_plus/dicom_train/patient00515/study9/view1_frontal.dcm,ok,,,,2320,2828,MONOCHROME1,AP,12,16,0,,"(2320, 2828)","(3, 224, 224)",0.0,1.0,0.36190128326416016,0.08827207237482071,0.2561660557985306,0.009422298520803452,0.9986010360198908,0.0014009238220751286,0.0010109801004731015,4.351748466491699
patient00515/study6/view1_frontal.dcm,data/raw/chexpert_plus/dicom_train/patient00515/study6/view1_frontal.dcm,ok,,,,2320,2828,MONOCHROME1,AP,12,16,0,,"(2320, 2828)","(3, 224, 224)",0.0,1.0,0.2909674048423767,0.10192277282476425,0.32283272594213486,0.010820691473782063,0.9982575457340657,0.0017454957123845816,0.001471888260254597,4.508650302886963
patient00515/study1/view1_frontal.dcm,data/raw/chexpert_plus/dicom_train/patient00515/study1/view1_frontal.dcm,ok,,,,2320,2828,MONOCHROME1,AP,12,16,0,,"(2320, 2828)","(3, 224, 224)",0.0,1.0,0.2893754243850708,0.09657767415046692,0.31208791583776474,0.009859798476099968,0.9984230934365234,0.0015793971251696348,0.000998329512754231,4.446154594421387
patient00515/study2/view1_frontal.dcm,data/raw/chexpert_plus/dicom_train/patient00515/study2/view1_frontal.dcm,ok,,,,2320,2828,MONOCHROME1,AP,12,16,0,,"(2320, 2828)","(3, 224, 224)",0.0,1.0,0.23556087911128998,0.0751018077135086,0.2341880425810814,0.008919423446059227,0.9988203001744017,0.001181093160994351,0.0010510656977027752,4.171348571777344
patient00515/study7/view1_frontal.dcm,data/raw/chexpert_plus/dicom_train/patient00515/study7/view1_frontal.dcm,ok,,,,2320,2828,MONOCHROME1,AP,12,16,0,,"(2320, 2828)","(3, 224, 224)",0.0,1.0,0.2749427556991577,0.07644711434841156,0.2371184378862381,0.010078171268105507,0.9985153205593584,0.00148688699118793,0.001223906257620836,4.152384281158447
patient00515/study11/view1_frontal.dcm,data/raw/chexpert_plus/dicom_train/patient00515/study11/view1_frontal.dcm,ok,,,,2048,2494,MONOCHROME1,AP,12,16,0,,"(2048, 2494)","(3, 224, 224)",0.0,1.0,0.1894942820072174,0.07670462876558304,0.21562882512807846,0.012709811329841614,0.9977273171332871,0.0022778597194701433,0.0018348724438652768,4.0648603439331055
patient00515/study8/view1_frontal.dcm,data/raw/chexpert_plus/dicom_train/patient00515/study8/view1_frontal.dcm,ok,,,,2320,2828,MONOCHROME1,AP,12,16,0,,"(2320, 2828)","(3, 224, 224)",0.0,1.0,0.2968015670776367,0.08493512868881226,0.2678876668214798,0.008609723299741745,0.9989469687225626,0.0010541413212195039,0.0008649648831878262,4.371574401855469
patient00515/study5/view1_frontal.dcm,data/raw/chexpert_plus/dicom_train/patient00515/study5/view1_frontal.dcm,ok,,,,2320,2828,MONOCHROME1,AP,12,16,0,,"(2320, 2828)","(3, 224, 224)",0.0,1.0,0.5367507338523865,0.0899265855550766,0.28620269894599915,0.010614574886858463,0.9980424109991192,0.0019614286720752716,0.0012879212798127104,4.500248908996582
patient00515/study4/view1_frontal.dcm,data/raw/chexpert_plus/dicom_train/patient00515/study4/view1_frontal.dcm,ok,,,,2048,2494,MONOCHROME1,AP,12,16,0,,"(2048, 2494)","(3, 224, 224)",0.0,1.0,0.35596269369125366,0.07474028319120407,0.22979243099689484,0.01186868455260992,0.9975844621785632,0.0024213867727667093,0.0016776591945669606,4.171010494232178
patient00515/study13/view1_frontal.dcm,data/raw/chexpert_plus/dicom_train/patient00515/study13/view1_frontal.dcm,ok,,,,2048,2494,MONOCHROME1,AP,12,16,0,,"(2048, 2494)","(3, 224, 224)",0.0,1.0,0.2726231813430786,0.0719406008720398,0.19365079700946808,0.011241544969379902,0.9981620431602158,0.001841341145336628,0.0016161835279671212,4.012298583984375
patient00515/study10/view1_frontal.dcm,data/raw/chexpert_plus/dicom_train/patient00515/study10/view1_frontal.dcm,ok,,,,2320,2828,MONOCHROME1,AP,12,16,0,,"(2320, 2828)","(3, 224, 224)",0.0,1.0,0.3454069495201111,0.08565153181552887,0.25543345510959625,0.010157442651689053,0.9984573756765862,0.0015450076898559928,0.001267040189240599,4.339735507965088
patient00515/study12/view1_frontal.dcm,data/raw/chexpert_plus/dicom_train/patient00515/study12/view1_frontal.dcm,ok,,,,2048,2494,MONOCHROME1,AP,12,16,0,,"(2048, 2494)","(3, 224, 224)",0.0,1.0,0.2567814588546753,0.0756097063422203,0.21953602135181427,0.010074827820062637,0.9984175341660428,0.0015849740011617541,0.0013090009773456296,4.148441314697266
patient00521/study2/view1_frontal.dcm,data/raw/chexpert_plus/dicom_train/patient00521/study2/view1_frontal.dcm,ok,,,,2320,2828,MONOCHROME1,AP,12,16,0,,"(2320, 2828)","(3, 224, 224)",0.0,1.0,0.14859271049499512,0.08023960143327713,0.24761906079947948,0.012512009590864182,0.997683545838252,0.0023218325804919004,0.0016387845681119836,4.015519142150879
patient00521/study1/view1_frontal.dcm,data/raw/chexpert_plus/dicom_train/patient00521/study1/view1_frontal.dcm,ok,,,,2320,2828,MONOCHROME1,AP,12,16,0,,"(2320, 2828)","(3, 224, 224)",0.0,1.0,0.2699587643146515,0.09075567871332169,0.2705738693475723,0.010411262512207031,0.9982636635577764,0.0017393565503880382,0.0012047017509632736,4.418786525726318
patient00521/study3/view1_frontal.dcm,data/raw/chexpert_plus/dicom_train/patient00521/study3/view1_frontal.dcm,ok,,,,2320,2828,MONOCHROME1,AP,12,16,0,,"(2320, 2828)","(3, 224, 224)",0.0,1.0,0.34371447563171387,0.09134432673454285,0.281807079911232,0.009744012728333473,0.9984498440193504,0.0015525626949965954,0.0017021899234258401,4.4139814376831055
patient00521/study4/view1_frontal.dcm,data/raw/chexpert_plus/dicom_train/patient00521/study4/view1_frontal.dcm,ok,,,,2320,2828,MONOCHROME1,AP,12,16,0,,"(2320, 2828)","(3, 224, 224)",0.0,1.0,0.19894449412822723,0.08672494441270828,0.3091575186699629,0.011102528311312199,0.9981221186308058,0.0018814144423231483,0.0012902075306052772,4.220864772796631
patient00525/study1/view1_frontal.dcm,data/raw/chexpert_plus/dicom_train/patient00525/study1/view1_frontal.dcm,ok,,,,2320,2828,MONOCHROME1,AP,12,16,0,,"(2320, 2828)","(3, 224, 224)",0.0,1.0,0.31281477212905884,0.088184654712677,0.2561660557985306,0.012970583513379097,0.9974928257731742,0.002513475948944688,0.001909933912110423,4.302022933959961
patient00525/study2/view1_frontal.dcm,data/raw/chexpert_plus/dicom_train/patient00525/study2/view1_frontal.dcm,ok,,,,2320,2828,MONOCHROME1,AP,12,16,0,,"(2320, 2828)","(3, 224, 224)",0.0,1.0,0.36509793996810913,0.10036812722682953,0.29499392211437225,0.010297049768269062,0.9982108283819339,0.0017923784907907248,0.0013307503779934643,4.492297172546387
patient00529/study1/view1_frontal.dcm,data/raw/chexpert_plus/dicom_train/patient00529/study1/view1_frontal.dcm,ok,,,,2320,2828,MONOCHROME1,AP,12,16,0,,"(2320, 2828)","(3, 224, 224)",0.0,1.0,0.2913874089717865,0.08425910770893097,0.2639804631471634,0.010376008227467537,0.9983125486312805,0.001690303673967719,0.0013456872165049018,4.157814025878906
patient00529/study2/view1_frontal.dcm,data/raw/chexpert_plus/dicom_train/patient00529/study2/view1_frontal.dcm,ok,,,,2320,2828,MONOCHROME1,AP,12,16,0,,"(2320, 2828)","(3, 224, 224)",0.0,1.0,0.28274744749069214,0.08596229553222656,0.3064713105559349,0.009655964560806751,0.9985548294146328,0.0014472621260210872,0.0017273386821440764,4.240933418273926
patient00530/study1/view1_frontal.dcm,data/raw/chexpert_plus/dicom_train/patient00530/study1/view1_frontal.dcm,ok,,,,2320,2828,MONOCHROME1,AP,12,16,0,,"(2320, 2828)","(3, 224, 224)",0.0,1.0,0.17472989857196808,0.060653336346149445,0.20683760568499565,0.007315993309020996,0.9991746985621365,0.0008259831229224801,0.0005165402624006244,3.6913020610809326
patient00533/study2/view1_frontal.dcm,data/raw/chexpert_plus/dicom_train/patient00533/study2/view1_frontal.dcm,ok,,,,2320,2828,MONOCHROME1,AP,12,16,0,,"(2320, 2828)","(3, 224, 224)",0.0,1.0,0.28980982303619385,0.07873236387968063,0.23858363926410675,0.01003339421004057,0.9984880210850203,0.0015142684569582343,0.001408330488221236,4.18942928314209
patient00533/study1/view1_frontal.dcm,data/raw/chexpert_plus/dicom_train/patient00533/study1/view1_frontal.dcm,ok,,,,2320,2828,MONOCHROME1,AP,12,16,0,,"(2320, 2828)","(3, 224, 224)",0.0,1.0,0.3918895721435547,0.07926454395055771,0.2380952537059784,0.010116053745150566,0.9984158079674209,0.0015867056790739298,0.0014026910695995709,4.222989082336426
patient00533/study4/view1_frontal.dcm,data/raw/chexpert_plus/dicom_train/patient00533/study4/view1_frontal.dcm,ok,,,,2320,2828,MONOCHROME1,AP,12,16,0,,"(2320, 2828)","(3, 224, 224)",0.0,1.0,0.3688267767429352,0.09054870158433914,0.26642249524593353,0.011660777032375336,0.9980011318808556,0.002002871595323086,0.0015543457055065112,4.4285993576049805
patient00533/study3/view1_frontal.dcm,data/raw/chexpert_plus/dicom_train/patient00533/study3/view1_frontal.dcm,ok,,,,2320,2828,MONOCHROME1,AP,12,16,0,,"(2320, 2828)","(3, 224, 224)",0.0,1.0,0.2353454977273941,0.07564011961221695,0.22857143729925156,0.010241711512207985,0.9984617976782147,0.001540572033263743,0.0011701031556357606,4.1217360496521
patient00535/study1/view2_lateral.dcm,data/raw/chexpert_plus/dicom_train/patient00535/study1/view2_lateral.dcm,ok,,,,2022,2022,MONOCHROME2,LL,14,16,0,,"(2022, 2022)","(3, 224, 224)",0.0,1.0,0.2227725237607956,0.1160309836268425,0.344381358474493,0.004542629234492779,0.9997416530639579,0.0002584136964287609,0.0003130744794403011,3.8189330101013184
patient00535/study1/view1_frontal.dcm,data/raw/chexpert_plus/dicom_train/patient00535/study1/view1_frontal.dcm,ok,,,,2022,2022,MONOCHROME2,PA,14,16,0,,"(2022, 2022)","(3, 224, 224)",0.0,1.0,0.23590119183063507,0.05453575775027275,0.13547609746456146,0.004120489116758108,0.9997683869046835,0.0002316667523700744,0.00017610439468516937,3.4512150287628174
patient00535/study2/view2_lateral.dcm,data/raw/chexpert_plus/dicom_train/patient00535/study2/view2_lateral.dcm,ok,,,,2021,1751,MONOCHROME2,LL,14,16,0,,"(2021, 1751)","(3, 224, 224)",0.0,1.0,0.22335928678512573,0.10481291264295578,0.31496062874794006,0.00602778559550643,0.9996047804615514,0.0003953757986892015,0.0020724709228147286,3.4691579341888428
patient00535/study2/view1_frontal.dcm,data/raw/chexpert_plus/dicom_train/patient00535/study2/view1_frontal.dcm,ok,,,,1741,2022,MONOCHROME2,PA,14,16,0,,"(1741, 2022)","(3, 224, 224)",0.0,1.0,0.2643422782421112,0.048332005739212036,0.12042972445487976,0.006527249235659838,0.9994080530254098,0.0005922975833527744,0.0022446937791132694,3.304544448852539
patient00539/study1/view1_frontal.dcm,data/raw/chexpert_plus/dicom_train/patient00539/study1/view1_frontal.dcm,ok,,,,2320,2828,MONOCHROME1,AP,12,16,0,,"(2320, 2828)","(3, 224, 224)",0.0,1.0,0.3206406235694885,0.11105773597955704,0.3245421200990677,0.00913308933377266,0.9986889938846694,0.0013127271085977554,0.001065850119494708,4.677435398101807
patient00542/study3/view2_lateral.dcm,data/raw/chexpert_plus/dicom_train/patient00542/study3/view2_lateral.dcm,ok,,,,2828,2320,MONOCHROME1,PA,12,16,0,,"(2828, 2320)","(3, 224, 224)",0.0,1.0,0.26027897000312805,0.13147611916065216,0.38705739192664623,0.007395688910037279,0.9991212082242661,0.0008795647299848497,0.00046898624591523193,4.384672164916992
patient00542/study3/view1_frontal.dcm,data/raw/chexpert_plus/dicom_train/patient00542/study3/view1_frontal.dcm,ok,,,,2320,2828,MONOCHROME1,AP,12,16,0,,"(2320, 2828)","(3, 224, 224)",0.0,1.0,0.3128228187561035,0.1557244509458542,0.507887527346611,0.005732733756303787,0.9993334957321574,0.0006669487920589745,0.006645673803833585,4.982169151306152
patient00542/study1/view1_frontal.dcm,data/raw/chexpert_plus/dicom_train/patient00542/study1/view1_frontal.dcm,ok,,,,2320,2828,MONOCHROME1,AP,12,16,0,,"(2320, 2828)","(3, 224, 224)",0.0,1.0,0.09387214481830597,0.07004374265670776,0.17997558321803808,0.010521690361201763,0.998477914489193,0.001524405786767602,0.0012175047554016485,3.6857168674468994
patient00542/study5/view1_frontal.dcm,data/raw/chexpert_plus/dicom_train/patient00542/study5/view1_frontal.dcm,ok,,,,2320,2828,MONOCHROME1,AP,12,16,0,,"(2320, 2828)","(3, 224, 224)",0.0,1.0,0.19868727028369904,0.08343368023633957,0.2771672885864973,0.009983894415199757,0.9985181970118958,0.001484001986682415,0.001066459786372726,4.147918224334717
patient00542/study2/view1_frontal.dcm,data/raw/chexpert_plus/dicom_train/patient00542/study2/view1_frontal.dcm,ok,,,,2320,2828,MONOCHROME1,AP,12,16,0,,"(2320, 2828)","(3, 224, 224)",0.0,1.0,0.36712461709976196,0.12934191524982452,0.43954915553331375,0.006526954472064972,0.9991705193660378,0.0008301692432723939,0.0035051272984441303,4.946532726287842
patient00542/study4/view1_frontal.dcm,data/raw/chexpert_plus/dicom_train/patient00542/study4/view1_frontal.dcm,ok,,,,2320,2828,MONOCHROME1,AP,12,16,0,,"(2320, 2828)","(3, 224, 224)",0.0,1.0,0.29692476987838745,0.13280175626277924,0.44762683659791946,0.005965193267911673,0.9993152570500224,0.0006852121441625059,0.00989443618007121,4.979369640350342
patient00545/study2/view1_frontal.dcm,data/raw/chexpert_plus/dicom_train/patient00545/study2/view1_frontal.dcm,ok,,,,1751,2022,MONOCHROME2,PA,14,16,0,,"(1751, 2022)","(3, 224, 224)",0.0,1.0,0.32815811038017273,0.043922312557697296,0.13245438039302826,0.004440321587026119,0.9997495554756368,0.00025050726253539324,0.0014461144430115108,3.303689956665039
patient00545/study2/view2_lateral.dcm,data/raw/chexpert_plus/dicom_train/patient00545/study2/view2_lateral.dcm,ok,,,,2022,1751,MONOCHROME2,LL,14,16,0,,"(2022, 1751)","(3, 224, 224)",0.0,1.0,0.28322240710258484,0.0902647003531456,0.34255021810531616,0.005808799061924219,0.9995563168451126,0.0004438800970092416,0.001652581173058662,3.901789903640747
patient00545/study1/view1_frontal.dcm,data/raw/chexpert_plus/dicom_train/patient00545/study1/view1_frontal.dcm,ok,,,,2320,2828,MONOCHROME1,AP,12,16,0,,"(2320, 2828)","(3, 224, 224)",0.0,1.0,0.3628956973552704,0.0957534909248352,0.2849816828966141,0.011744408868253231,0.9978495312271889,0.0021551032550632954,0.0013519363020045847,4.468010425567627
patient00546/study3/view1_frontal.dcm,data/raw/chexpert_plus/dicom_train/patient00546/study3/view1_frontal.dcm,ok,,,,2320,2828,MONOCHROME1,AP,12,16,0,,"(2320, 2828)","(3, 224, 224)",0.0,1.0,0.31032586097717285,0.09404261410236359,0.2769230753183365,0.009063214994966984,0.998649662844285,0.0013521630316972733,0.0016736879968785056,4.39727258682251
patient00546/study4/view1_frontal.dcm,data/raw/chexpert_plus/dicom_train/patient00546/study4/view1_frontal.dcm,ok,,,,2320,2828,MONOCHROME1,AP,12,16,0,,"(2320, 2828)","(3, 224, 224)",0.0,1.0,0.326900839805603,0.11724738776683807,0.3609279543161392,0.009831284172832966,0.9983841741572652,0.0016184409614652395,0.0025316417109691263,4.66015625
patient00546/study1/view1_frontal.dcm,data/raw/chexpert_plus/dicom_train/patient00546/study1/view1_frontal.dcm,ok,,,,2320,2828,MONOCHROME1,AP,12,16,0,,"(2320, 2828)","(3, 224, 224)",0.0,1.0,0.23672261834144592,0.07283300906419754,0.22759463638067245,0.008914326317608356,0.9987381717962139,0.0012634224258363247,0.0013473638004194508,4.007247447967529
patient00546/study2/view1_frontal.dcm,data/raw/chexpert_plus/dicom_train/patient00546/study2/view1_frontal.dcm,ok,,,,2048,2494,MONOCHROME1,AP,12,16,0,,"(2048, 2494)","(3, 224, 224)",0.0,1.0,0.21991530060768127,0.06867500394582748,0.20097681134939194,0.009256353601813316,0.998625071952487,0.0013768210774287581,0.0011378871792301524,3.994492769241333
patient00554/study1/view1_frontal.dcm,data/raw/chexpert_plus/dicom_train/patient00554/study1/view1_frontal.dcm,ok,,,,2320,2828,MONOCHROME1,AP,12,16,0,,"(2320, 2828)","(3, 224, 224)",0.0,1.0,0.19993875920772552,0.09509183466434479,0.30109890922904015,0.010169442743062973,0.998491291534527,0.001510988106019795,0.0011350473101497342,4.438071250915527
patient00564/study1/view1_frontal.dcm,data/raw/chexpert_plus/dicom_train/patient00564/study1/view1_frontal.dcm,ok,,,,2320,2828,MONOCHROME1,AP,12,16,0,,"(2320, 2828)","(3, 224, 224)",0.0,1.0,0.18546070158481598,0.09539774805307388,0.3089133184403181,0.009448382072150707,0.9986429661757689,0.0013588778674602509,0.0010073220992049944,4.342011451721191
patient00571/study1/view1_frontal.dcm,data/raw/chexpert_plus/dicom_train/patient00571/study1/view1_frontal.dcm,ok,,,,2320,2828,MONOCHROME1,AP,12,16,0,,"(2320, 2828)","(3, 224, 224)",0.0,1.0,0.42212527990341187,0.11042200028896332,0.347537562251091,0.0069313072599470615,0.9991921582137429,0.0008084949222393334,0.001907952494756865,4.680996894836426
patient00575/study2/view1_frontal.dcm,data/raw/chexpert_plus/dicom_train/patient00575/study2/view1_frontal.dcm,ok,,,,2320,2828,MONOCHROME1,AP,12,16,0,,"(2320, 2828)","(3, 224, 224)",0.0,1.0,0.2880244255065918,0.08517799526453018,0.26520146429538727,0.00963288452476263,0.9985124507393398,0.001489765360020101,0.00130362020192167,4.325666904449463
patient00575/study3/view1_frontal.dcm,data/raw/chexpert_plus/dicom_train/patient00575/study3/view1_frontal.dcm,ok,,,,2320,2828,MONOCHROME1,AP,12,16,0,,"(2320, 2828)","(3, 224, 224)",0.0,1.0,0.3320528566837311,0.09990064799785614,0.2905982881784439,0.010786185041069984,0.9980760002859808,0.0019277086248621345,0.0016358886504413987,4.5365166664123535
patient00575/study1/view1_frontal.dcm,data/raw/chexpert_plus/dicom_train/patient00575/study1/view1_frontal.dcm,ok,,,,2320,2828,MONOCHROME1,AP,12,16,0,,"(2320, 2828)","(3, 224, 224)",0.0,1.0,0.2556605339050293,0.08480416983366013,0.25347985327243805,0.010556302033364773,0.998328625120221,0.0016741730505600572,0.0014854533482904942,4.288931846618652
patient00582/study1/view1_frontal.dcm,data/raw/chexpert_plus/dicom_train/patient00582/study1/view1_frontal.dcm,ok,,,,2320,2828,MONOCHROME1,AP,12,16,0,,"(2320, 2828)","(3, 224, 224)",0.0,1.0,0.2950277328491211,0.09265563637018204,0.3145299181342125,0.0057952250353991985,0.9994662580326638,0.0005340269999578595,0.003861477588645564,4.396073341369629
patient00585/study1/view1_frontal.dcm,data/raw/chexpert_plus/dicom_train/patient00585/study1/view1_frontal.dcm,ok,,,,2320,2828,MONOCHROME1,AP,12,16,0,,"(2320, 2828)","(3, 224, 224)",0.0,1.0,0.3069254755973816,0.08838266879320145,0.27228327095508575,0.009652024134993553,0.998493809440088,0.0015084625920280814,0.0012495122664975856,4.378373622894287
patient00586/study2/view1_frontal.dcm,data/raw/chexpert_plus/dicom_train/patient00586/study2/view1_frontal.dcm,ok,,,,2320,2828,MONOCHROME1,AP,12,16,0,,"(2320, 2828)","(3, 224, 224)",0.0,1.0,0.29311037063598633,0.1057761162519455,0.3699633739888668,0.010683800093829632,0.998209718387584,0.0017934924690052867,0.0013712932253816515,4.5289306640625
patient00586/study3/view1_frontal.dcm,data/raw/chexpert_plus/dicom_train/patient00586/study3/view1_frontal.dcm,ok,,,,2320,2828,MONOCHROME1,AP,12,16,0,,"(2320, 2828)","(3, 224, 224)",0.0,1.0,0.23713497817516327,0.10501066595315933,0.3582417629659176,0.00884165894240141,0.9987682302261337,0.0012332889018580317,0.001821684631517339,4.658923149108887
patient00586/study1/view1_frontal.dcm,data/raw/chexpert_plus/dicom_train/patient00586/study1/view1_frontal.dcm,ok,,,,2320,2828,MONOCHROME1,AP,12,16,0,,"(2320, 2828)","(3, 224, 224)",0.0,1.0,0.23576633632183075,0.10455688089132309,0.3526251595467329,0.010865134187042713,0.9983436973061119,0.0016590505838394165,0.002126670487245769,4.447266578674316
patient00589/study2/view2_lateral.dcm,data/raw/chexpert_plus/dicom_train/patient00589/study2/view2_lateral.dcm,ok,,,,2021,1751,MONOCHROME2,LL,14,16,0,,"(2021, 1751)","(3, 224, 224)",0.0,1.0,0.24727065861225128,0.12062382698059082,0.3644021227955818,0.007871527224779129,0.9991712137364929,0.0008294737199321389,0.0027721488618506255,4.0549540519714355
patient00589/study2/view1_frontal.dcm,data/raw/chexpert_plus/dicom_train/patient00589/study2/view1_frontal.dcm,ok,,,,1741,2022,MONOCHROME2,PA,14,16,0,,"(1741, 2022)","(3, 224, 224)",0.0,1.0,0.29568812251091003,0.044987600296735764,0.14417383074760437,0.005136100109666586,0.9996638249845996,0.0003362880670465529,0.0019748305685137243,3.311187267303467
patient00589/study1/view2_lateral.dcm,data/raw/chexpert_plus/dicom_train/patient00589/study1/view2_lateral.dcm,ok,,,,2021,2000,MONOCHROME2,LL,14,16,0,,"(2021, 2000)","(3, 224, 224)",0.0,1.0,0.17933590710163116,0.14105090498924255,0.3572605848312378,0.005054998677223921,0.9995745712775386,0.00042560978909023106,0.0004977733795150915,3.663879871368408
patient00589/study1/view1_frontal.dcm,data/raw/chexpert_plus/dicom_train/patient00589/study1/view1_frontal.dcm,ok,,,,2021,2000,MONOCHROME2,PA,14,16,0,,"(2021, 2000)","(3, 224, 224)",0.0,1.0,0.22806115448474884,0.08272211253643036,0.24833281338214874,0.005378194153308868,0.9994920416520662,0.0005082165007479489,0.0008090054428500742,4.247616767883301
patient00597/study1/view1_frontal.dcm,data/raw/chexpert_plus/dicom_train/patient00597/study1/view1_frontal.dcm,ok,,,,3480,4240,MONOCHROME1,AP,12,16,0,,"(3480, 4240)","(3, 224, 224)",0.0,1.0,0.35360288619995117,0.08677297830581665,0.2510378509759903,0.009219091385602951,0.9986493053690206,0.0013525214744731784,0.0011762632834526133,4.28456449508667
patient00597/study2/view1_frontal.dcm,data/raw/chexpert_plus/dicom_train/patient00597/study2/view1_frontal.dcm,ok,,,,2320,2828,MONOCHROME1,AP,12,16,0,,"(2320, 2828)","(3, 224, 224)",0.0,1.0,0.32029202580451965,0.09846974164247513,0.3157509118318558,0.010770393535494804,0.9982328219517583,0.0017703064950183034,0.0018139113788226114,4.387050151824951
