study_key,dicom_path,image_path,classifier_model,classifier_weights,classifier_device,present_threshold,absent_threshold,model_pathologies_json,classifier_prob_atelectasis,classifier_status_atelectasis,classifier_source_label_atelectasis,classifier_prob_cardiomegaly,classifier_status_cardiomegaly,classifier_source_label_cardiomegaly,classifier_prob_consolidation,classifier_status_consolidation,classifier_source_label_consolidation,classifier_prob_edema,classifier_status_edema,classifier_source_label_edema,classifier_prob_pleural_effusion,classifier_status_pleural_effusion,classifier_source_label_pleural_effusion,classifier_prob_pneumonia,classifier_status_pneumonia,classifier_source_label_pneumonia,classifier_prob_pneumothorax,classifier_status_pneumothorax,classifier_source_label_pneumothorax,classifier_prob_fracture,classifier_status_fracture,classifier_source_label_fracture,classifier_prob_lung_lesion,classifier_status_lung_lesion,classifier_source_label_lung_lesion,classifier_prob_lung_opacity,classifier_status_lung_opacity,classifier_source_label_lung_opacity,classifier_prob_enlarged_cardiomediastinum,classifier_status_enlarged_cardiomediastinum,classifier_source_label_enlarged_cardiomediastinum,classifier_prob_pleural_other,classifier_status_pleural_other,classifier_source_label_pleural_other,classifier_prob_support_devices,classifier_status_support_devices,classifier_source_label_support_devices,classifier_prob_no_finding,classifier_status_no_finding,classifier_source_label_no_finding,classifier_present_labels_json,classifier_raw_predictions_json,route_next
patient00003/study1,patient00003/study1/view1_frontal.dcm,/home/jovyan/Desktop/MEDAGENT-X/data/raw/chexpert_plus/dicom_train/patient00003/study1/view1_frontal.dcm,torchxrayvision.DenseNet,densenet121-res224-all,cuda,0.5,0.2,"[""Atelectasis"", ""Consolidation"", ""Infiltration"", ""Pneumothorax"", ""Edema"", ""Emphysema"", ""Fibrosis"", ""Effusion"", ""Pneumonia"", ""Pleural_Thickening"", ""Cardiomegaly"", ""Nodule"", ""Mass"", ""Hernia"", ""Lung Lesion"", ""Fracture"", ""Lung Opacity"", ""Enlarged Cardiomediastinum""]",0.08475550264120102,absent,Atelectasis,0.07573316246271133,absent,Cardiomegaly,0.15981753170490265,absent,Consolidation,0.04352809116244316,absent,Edema,0.03126092255115509,absent,Effusion,0.00835671741515398,absent,Pneumonia,0.037994634360075,absent,Pneumothorax,0.1304149180650711,absent,Fracture,0.0017752166604623199,absent,Lung Lesion,0.20071443915367126,uncertain,Lung Opacity,0.0791327953338623,absent,Enlarged Cardiomediastinum,0.039768483489751816,absent,Pleural_Thickening,,unavailable,,,not_computed,,[],"{""Atelectasis"": 0.08475550264120102, ""Cardiomegaly"": 0.07573316246271133, ""Consolidation"": 0.15981753170490265, ""Edema"": 0.04352809116244316, ""Effusion"": 0.03126092255115509, ""Emphysema"": 0.0448681116104126, ""Enlarged Cardiomediastinum"": 0.0791327953338623, ""Fibrosis"": 0.13754548132419586, ""Fracture"": 0.1304149180650711, ""Hernia"": 0.0028626793064177036, ""Infiltration"": 0.38942575454711914, ""Lung Lesion"": 0.0017752166604623199, ""Lung Opacity"": 0.20071443915367126, ""Mass"": 0.15268054604530334, ""Nodule"": 0.3325725495815277, ""Pleural_Thickening"": 0.039768483489751816, ""Pneumonia"": 0.00835671741515398, ""Pneumothorax"": 0.037994634360075}",retrieval_agent
patient00009/study1,patient00009/study1/view1_frontal.dcm,/home/jovyan/Desktop/MEDAGENT-X/data/raw/chexpert_plus/dicom_train/patient00009/study1/view1_frontal.dcm,torchxrayvision.DenseNet,densenet121-res224-all,cuda,0.5,0.2,"[""Atelectasis"", ""Consolidation"", ""Infiltration"", ""Pneumothorax"", ""Edema"", ""Emphysema"", ""Fibrosis"", ""Effusion"", ""Pneumonia"", ""Pleural_Thickening"", ""Cardiomegaly"", ""Nodule"", ""Mass"", ""Hernia"", ""Lung Lesion"", ""Fracture"", ""Lung Opacity"", ""Enlarged Cardiomediastinum""]",0.5817482471466064,present,Atelectasis,0.8009607195854187,present,Cardiomegaly,0.5265816450119019,present,Consolidation,0.5153176784515381,present,Edema,0.5370782017707825,present,Effusion,0.31336358189582825,uncertain,Pneumonia,0.04308047145605087,absent,Pneumothorax,0.5033484101295471,present,Fracture,0.06028846278786659,absent,Lung Lesion,0.5639337301254272,present,Lung Opacity,0.5186219215393066,present,Enlarged Cardiomediastinum,0.2551020681858063,uncertain,Pleural_Thickening,,unavailable,,,not_computed,,"[""Atelectasis"", ""Cardiomegaly"", ""Consolidation"", ""Edema"", ""Pleural Effusion"", ""Fracture"", ""Lung Opacity"", ""Enlarged Cardiomediastinum""]","{""Atelectasis"": 0.5817482471466064, ""Cardiomegaly"": 0.8009607195854187, ""Consolidation"": 0.5265816450119019, ""Edema"": 0.5153176784515381, ""Effusion"": 0.5370782017707825, ""Emphysema"": 0.5029131174087524, ""Enlarged Cardiomediastinum"": 0.5186219215393066, ""Fibrosis"": 0.5060491561889648, ""Fracture"": 0.5033484101295471, ""Hernia"": 0.12023482471704483, ""Infiltration"": 0.49575844407081604, ""Lung Lesion"": 0.06028846278786659, ""Lung Opacity"": 0.5639337301254272, ""Mass"": 0.5086584091186523, ""Nodule"": 0.5046861171722412, ""Pleural_Thickening"": 0.2551020681858063, ""Pneumonia"": 0.31336358189582825, ""Pneumothorax"": 0.04308047145605087}",retrieval_agent
patient00009/study1,patient00009/study1/view2_lateral.dcm,/home/jovyan/Desktop/MEDAGENT-X/data/raw/chexpert_plus/dicom_train/patient00009/study1/view2_lateral.dcm,torchxrayvision.DenseNet,densenet121-res224-all,cuda,0.5,0.2,"[""Atelectasis"", ""Consolidation"", ""Infiltration"", ""Pneumothorax"", ""Edema"", ""Emphysema"", ""Fibrosis"", ""Effusion"", ""Pneumonia"", ""Pleural_Thickening"", ""Cardiomegaly"", ""Nodule"", ""Mass"", ""Hernia"", ""Lung Lesion"", ""Fracture"", ""Lung Opacity"", ""Enlarged Cardiomediastinum""]",0.5514889359474182,present,Atelectasis,0.5120745897293091,present,Cardiomegaly,0.5851236581802368,present,Consolidation,0.5329886674880981,present,Edema,0.6555731296539307,present,Effusion,0.8146117925643921,present,Pneumonia,0.29484543204307556,uncertain,Pneumothorax,0.28041568398475647,uncertain,Fracture,0.2595681846141815,uncertain,Lung Lesion,0.926572859287262,present,Lung Opacity,0.6041063070297241,present,Enlarged Cardiomediastinum,0.14237220585346222,absent,Pleural_Thickening,,unavailable,,,not_computed,,"[""Atelectasis"", ""Cardiomegaly"", ""Consolidation"", ""Edema"", ""Pleural Effusion"", ""Pneumonia"", ""Lung Opacity"", ""Enlarged Cardiomediastinum""]","{""Atelectasis"": 0.5514889359474182, ""Cardiomegaly"": 0.5120745897293091, ""Consolidation"": 0.5851236581802368, ""Edema"": 0.5329886674880981, ""Effusion"": 0.6555731296539307, ""Emphysema"": 0.5095252990722656, ""Enlarged Cardiomediastinum"": 0.6041063070297241, ""Fibrosis"": 0.3416244685649872, ""Fracture"": 0.28041568398475647, ""Hernia"": 0.001993935788050294, ""Infiltration"": 0.5450464487075806, ""Lung Lesion"": 0.2595681846141815, ""Lung Opacity"": 0.926572859287262, ""Mass"": 0.5217858552932739, ""Nodule"": 0.515963077545166, ""Pleural_Thickening"": 0.14237220585346222, ""Pneumonia"": 0.8146117925643921, ""Pneumothorax"": 0.29484543204307556}",retrieval_agent
patient00016/study1,patient00016/study1/view1_frontal.dcm,/home/jovyan/Desktop/MEDAGENT-X/data/raw/chexpert_plus/dicom_train/patient00016/study1/view1_frontal.dcm,torchxrayvision.DenseNet,densenet121-res224-all,cuda,0.5,0.2,"[""Atelectasis"", ""Consolidation"", ""Infiltration"", ""Pneumothorax"", ""Edema"", ""Emphysema"", ""Fibrosis"", ""Effusion"", ""Pneumonia"", ""Pleural_Thickening"", ""Cardiomegaly"", ""Nodule"", ""Mass"", ""Hernia"", ""Lung Lesion"", ""Fracture"", ""Lung Opacity"", ""Enlarged Cardiomediastinum""]",0.5186754465103149,present,Atelectasis,0.5449658632278442,present,Cardiomegaly,0.4967823922634125,uncertain,Consolidation,0.09470736980438232,absent,Edema,0.15386240184307098,absent,Effusion,0.05140219256281853,absent,Pneumonia,0.027722757309675217,absent,Pneumothorax,0.43489837646484375,uncertain,Fracture,0.007634190376847982,absent,Lung Lesion,0.3127630650997162,uncertain,Lung Opacity,0.19954922795295715,absent,Enlarged Cardiomediastinum,0.15715362131595612,absent,Pleural_Thickening,,unavailable,,,not_computed,,"[""Atelectasis"", ""Cardiomegaly""]","{""Atelectasis"": 0.5186754465103149, ""Cardiomegaly"": 0.5449658632278442, ""Consolidation"": 0.4967823922634125, ""Edema"": 0.09470736980438232, ""Effusion"": 0.15386240184307098, ""Emphysema"": 0.5005091428756714, ""Enlarged Cardiomediastinum"": 0.19954922795295715, ""Fibrosis"": 0.5023819208145142, ""Fracture"": 0.43489837646484375, ""Hernia"": 0.07732517272233963, ""Infiltration"": 0.13752934336662292, ""Lung Lesion"": 0.007634190376847982, ""Lung Opacity"": 0.3127630650997162, ""Mass"": 0.505449652671814, ""Nodule"": 0.5003577470779419, ""Pleural_Thickening"": 0.15715362131595612, ""Pneumonia"": 0.05140219256281853, ""Pneumothorax"": 0.027722757309675217}",retrieval_agent
patient00016/study1,patient00016/study1/view2_lateral.dcm,/home/jovyan/Desktop/MEDAGENT-X/data/raw/chexpert_plus/dicom_train/patient00016/study1/view2_lateral.dcm,torchxrayvision.DenseNet,densenet121-res224-all,cuda,0.5,0.2,"[""Atelectasis"", ""Consolidation"", ""Infiltration"", ""Pneumothorax"", ""Edema"", ""Emphysema"", ""Fibrosis"", ""Effusion"", ""Pneumonia"", ""Pleural_Thickening"", ""Cardiomegaly"", ""Nodule"", ""Mass"", ""Hernia"", ""Lung Lesion"", ""Fracture"", ""Lung Opacity"", ""Enlarged Cardiomediastinum""]",0.5191638469696045,present,Atelectasis,0.5202401876449585,present,Cardiomegaly,0.5149873495101929,present,Consolidation,0.5129560828208923,present,Edema,0.5182021856307983,present,Effusion,0.6269632577896118,present,Pneumonia,0.06761036068201065,absent,Pneumothorax,0.19567710161209106,absent,Fracture,0.09291812032461166,absent,Lung Lesion,0.7961653470993042,present,Lung Opacity,0.5086632966995239,present,Enlarged Cardiomediastinum,0.04148588702082634,absent,Pleural_Thickening,,unavailable,,,not_computed,,"[""Atelectasis"", ""Cardiomegaly"", ""Consolidation"", ""Edema"", ""Pleural Effusion"", ""Pneumonia"", ""Lung Opacity"", ""Enlarged Cardiomediastinum""]","{""Atelectasis"": 0.5191638469696045, ""Cardiomegaly"": 0.5202401876449585, ""Consolidation"": 0.5149873495101929, ""Edema"": 0.5129560828208923, ""Effusion"": 0.5182021856307983, ""Emphysema"": 0.5047188401222229, ""Enlarged Cardiomediastinum"": 0.5086632966995239, ""Fibrosis"": 0.101702019572258, ""Fracture"": 0.19567710161209106, ""Hernia"": 0.0032654455862939358, ""Infiltration"": 0.5146148204803467, ""Lung Lesion"": 0.09291812032461166, ""Lung Opacity"": 0.7961653470993042, ""Mass"": 0.29257622361183167, ""Nodule"": 0.5001814365386963, ""Pleural_Thickening"": 0.04148588702082634, ""Pneumonia"": 0.6269632577896118, ""Pneumothorax"": 0.06761036068201065}",retrieval_agent
patient00026/study1,patient00026/study1/view1_frontal.dcm,/home/jovyan/Desktop/MEDAGENT-X/data/raw/chexpert_plus/dicom_train/patient00026/study1/view1_frontal.dcm,torchxrayvision.DenseNet,densenet121-res224-all,cuda,0.5,0.2,"[""Atelectasis"", ""Consolidation"", ""Infiltration"", ""Pneumothorax"", ""Edema"", ""Emphysema"", ""Fibrosis"", ""Effusion"", ""Pneumonia"", ""Pleural_Thickening"", ""Cardiomegaly"", ""Nodule"", ""Mass"", ""Hernia"", ""Lung Lesion"", ""Fracture"", ""Lung Opacity"", ""Enlarged Cardiomediastinum""]",0.5730047225952148,present,Atelectasis,0.5178204774856567,present,Cardiomegaly,0.5313116908073425,present,Consolidation,0.14852727949619293,absent,Edema,0.5107772350311279,present,Effusion,0.12880966067314148,absent,Pneumonia,0.02349119819700718,absent,Pneumothorax,0.3826129734516144,uncertain,Fracture,0.011324934661388397,absent,Lung Lesion,0.5270439386367798,present,Lung Opacity,0.1864883303642273,absent,Enlarged Cardiomediastinum,0.2158714085817337,uncertain,Pleural_Thickening,,unavailable,,,not_computed,,"[""Atelectasis"", ""Cardiomegaly"", ""Consolidation"", ""Pleural Effusion"", ""Lung Opacity""]","{""Atelectasis"": 0.5730047225952148, ""Cardiomegaly"": 0.5178204774856567, ""Consolidation"": 0.5313116908073425, ""Edema"": 0.14852727949619293, ""Effusion"": 0.5107772350311279, ""Emphysema"": 0.28820446133613586, ""Enlarged Cardiomediastinum"": 0.1864883303642273, ""Fibrosis"": 0.5044203996658325, ""Fracture"": 0.3826129734516144, ""Hernia"": 0.09006126970052719, ""Infiltration"": 0.38405224680900574, ""Lung Lesion"": 0.011324934661388397, ""Lung Opacity"": 0.5270439386367798, ""Mass"": 0.5245835781097412, ""Nodule"": 0.5011202692985535, ""Pleural_Thickening"": 0.2158714085817337, ""Pneumonia"": 0.12880966067314148, ""Pneumothorax"": 0.02349119819700718}",retrieval_agent
patient00026/study1,patient00026/study1/view2_lateral.dcm,/home/jovyan/Desktop/MEDAGENT-X/data/raw/chexpert_plus/dicom_train/patient00026/study1/view2_lateral.dcm,torchxrayvision.DenseNet,densenet121-res224-all,cuda,0.5,0.2,"[""Atelectasis"", ""Consolidation"", ""Infiltration"", ""Pneumothorax"", ""Edema"", ""Emphysema"", ""Fibrosis"", ""Effusion"", ""Pneumonia"", ""Pleural_Thickening"", ""Cardiomegaly"", ""Nodule"", ""Mass"", ""Hernia"", ""Lung Lesion"", ""Fracture"", ""Lung Opacity"", ""Enlarged Cardiomediastinum""]",0.6268710494041443,present,Atelectasis,0.628461480140686,present,Cardiomegaly,0.5921072959899902,present,Consolidation,0.5742694139480591,present,Edema,0.7759796380996704,present,Effusion,0.6348593831062317,present,Pneumonia,0.21564491093158722,uncertain,Pneumothorax,0.50582355260849,present,Fracture,0.5049421191215515,present,Lung Lesion,0.8261875510215759,present,Lung Opacity,0.5476775169372559,present,Enlarged Cardiomediastinum,0.1445028930902481,absent,Pleural_Thickening,,unavailable,,,not_computed,,"[""Atelectasis"", ""Cardiomegaly"", ""Consolidation"", ""Edema"", ""Pleural Effusion"", ""Pneumonia"", ""Fracture"", ""Lung Lesion"", ""Lung Opacity"", ""Enlarged Cardiomediastinum""]","{""Atelectasis"": 0.6268710494041443, ""Cardiomegaly"": 0.628461480140686, ""Consolidation"": 0.5921072959899902, ""Edema"": 0.5742694139480591, ""Effusion"": 0.7759796380996704, ""Emphysema"": 0.5032203793525696, ""Enlarged Cardiomediastinum"": 0.5476775169372559, ""Fibrosis"": 0.40780723094940186, ""Fracture"": 0.50582355260849, ""Hernia"": 0.014127731323242188, ""Infiltration"": 0.5177737474441528, ""Lung Lesion"": 0.5049421191215515, ""Lung Opacity"": 0.8261875510215759, ""Mass"": 0.5148730874061584, ""Nodule"": 0.5088787078857422, ""Pleural_Thickening"": 0.1445028930902481, ""Pneumonia"": 0.6348593831062317, ""Pneumothorax"": 0.21564491093158722}",retrieval_agent
patient00027/study1,patient00027/study1/view1_frontal.dcm,/home/jovyan/Desktop/MEDAGENT-X/data/raw/chexpert_plus/dicom_train/patient00027/study1/view1_frontal.dcm,torchxrayvision.DenseNet,densenet121-res224-all,cuda,0.5,0.2,"[""Atelectasis"", ""Consolidation"", ""Infiltration"", ""Pneumothorax"", ""Edema"", ""Emphysema"", ""Fibrosis"", ""Effusion"", ""Pneumonia"", ""Pleural_Thickening"", ""Cardiomegaly"", ""Nodule"", ""Mass"", ""Hernia"", ""Lung Lesion"", ""Fracture"", ""Lung Opacity"", ""Enlarged Cardiomediastinum""]",0.7843425273895264,present,Atelectasis,0.5673372149467468,present,Cardiomegaly,0.5391665697097778,present,Consolidation,0.5022038221359253,present,Edema,0.6960165500640869,present,Effusion,0.5252395272254944,present,Pneumonia,0.5365575551986694,present,Pneumothorax,0.5163965225219727,present,Fracture,0.2915196120738983,uncertain,Lung Lesion,0.6252949833869934,present,Lung Opacity,0.5047664642333984,present,Enlarged Cardiomediastinum,0.49614274501800537,uncertain,Pleural_Thickening,,unavailable,,,not_computed,,"[""Atelectasis"", ""Cardiomegaly"", ""Consolidation"", ""Edema"", ""Pleural Effusion"", ""Pneumonia"", ""Pneumothorax"", ""Fracture"", ""Lung Opacity"", ""Enlarged Cardiomediastinum""]","{""Atelectasis"": 0.7843425273895264, ""Cardiomegaly"": 0.5673372149467468, ""Consolidation"": 0.5391665697097778, ""Edema"": 0.5022038221359253, ""Effusion"": 0.6960165500640869, ""Emphysema"": 0.2873685657978058, ""Enlarged Cardiomediastinum"": 0.5047664642333984, ""Fibrosis"": 0.5149686336517334, ""Fracture"": 0.5163965225219727, ""Hernia"": 0.036086224019527435, ""Infiltration"": 0.5616921186447144, ""Lung Lesion"": 0.2915196120738983, ""Lung Opacity"": 0.6252949833869934, ""Mass"": 0.4750269651412964, ""Nodule"": 0.5012344121932983, ""Pleural_Thickening"": 0.49614274501800537, ""Pneumonia"": 0.5252395272254944, ""Pneumothorax"": 0.5365575551986694}",retrieval_agent
patient00027/study1,patient00027/study1/view2_lateral.dcm,/home/jovyan/Desktop/MEDAGENT-X/data/raw/chexpert_plus/dicom_train/patient00027/study1/view2_lateral.dcm,torchxrayvision.DenseNet,densenet121-res224-all,cuda,0.5,0.2,"[""Atelectasis"", ""Consolidation"", ""Infiltration"", ""Pneumothorax"", ""Edema"", ""Emphysema"", ""Fibrosis"", ""Effusion"", ""Pneumonia"", ""Pleural_Thickening"", ""Cardiomegaly"", ""Nodule"", ""Mass"", ""Hernia"", ""Lung Lesion"", ""Fracture"", ""Lung Opacity"", ""Enlarged Cardiomediastinum""]",0.5037612915039062,present,Atelectasis,0.48307904601097107,uncertain,Cardiomegaly,0.518128514289856,present,Consolidation,0.4906909763813019,uncertain,Edema,0.6625182628631592,present,Effusion,0.6774975657463074,present,Pneumonia,0.2295006364583969,uncertain,Pneumothorax,0.1548953801393509,absent,Fracture,0.03412596508860588,absent,Lung Lesion,0.7758252024650574,present,Lung Opacity,0.5148296356201172,present,Enlarged Cardiomediastinum,0.124838687479496,absent,Pleural_Thickening,,unavailable,,,not_computed,,"[""Atelectasis"", ""Consolidation"", ""Pleural Effusion"", ""Pneumonia"", ""Lung Opacity"", ""Enlarged Cardiomediastinum""]","{""Atelectasis"": 0.5037612915039062, ""Cardiomegaly"": 0.48307904601097107, ""Consolidation"": 0.518128514289856, ""Edema"": 0.4906909763813019, ""Effusion"": 0.6625182628631592, ""Emphysema"": 0.5044482946395874, ""Enlarged Cardiomediastinum"": 0.5148296356201172, ""Fibrosis"": 0.19273041188716888, ""Fracture"": 0.1548953801393509, ""Hernia"": 0.003323517506942153, ""Infiltration"": 0.5154157280921936, ""Lung Lesion"": 0.03412596508860588, ""Lung Opacity"": 0.7758252024650574, ""Mass"": 0.5005120635032654, ""Nodule"": 0.5001062750816345, ""Pleural_Thickening"": 0.124838687479496, ""Pneumonia"": 0.6774975657463074, ""Pneumothorax"": 0.2295006364583969}",retrieval_agent
patient00031/study1,patient00031/study1/view1_frontal.dcm,/home/jovyan/Desktop/MEDAGENT-X/data/raw/chexpert_plus/dicom_train/patient00031/study1/view1_frontal.dcm,torchxrayvision.DenseNet,densenet121-res224-all,cuda,0.5,0.2,"[""Atelectasis"", ""Consolidation"", ""Infiltration"", ""Pneumothorax"", ""Edema"", ""Emphysema"", ""Fibrosis"", ""Effusion"", ""Pneumonia"", ""Pleural_Thickening"", ""Cardiomegaly"", ""Nodule"", ""Mass"", ""Hernia"", ""Lung Lesion"", ""Fracture"", ""Lung Opacity"", ""Enlarged Cardiomediastinum""]",0.5338014364242554,present,Atelectasis,0.23261743783950806,uncertain,Cardiomegaly,0.5346154570579529,present,Consolidation,0.5189959406852722,present,Edema,0.39423948526382446,uncertain,Effusion,0.2181762009859085,uncertain,Pneumonia,0.5077906847000122,present,Pneumothorax,0.5189172029495239,present,Fracture,0.46829867362976074,uncertain,Lung Lesion,0.7829065918922424,present,Lung Opacity,0.5648677349090576,present,Enlarged Cardiomediastinum,0.5170570611953735,present,Pleural_Thickening,,unavailable,,,not_computed,,"[""Atelectasis"", ""Consolidation"", ""Edema"", ""Pneumothorax"", ""Fracture"", ""Lung Opacity"", ""Enlarged Cardiomediastinum"", ""Pleural Other""]","{""Atelectasis"": 0.5338014364242554, ""Cardiomegaly"": 0.23261743783950806, ""Consolidation"": 0.5346154570579529, ""Edema"": 0.5189959406852722, ""Effusion"": 0.39423948526382446, ""Emphysema"": 0.5071835517883301, ""Enlarged Cardiomediastinum"": 0.5648677349090576, ""Fibrosis"": 0.5459651947021484, ""Fracture"": 0.5189172029495239, ""Hernia"": 0.022584613412618637, ""Infiltration"": 0.5776516199111938, ""Lung Lesion"": 0.46829867362976074, ""Lung Opacity"": 0.7829065918922424, ""Mass"": 0.598984956741333, ""Nodule"": 0.5608430504798889, ""Pleural_Thickening"": 0.5170570611953735, ""Pneumonia"": 0.2181762009859085, ""Pneumothorax"": 0.5077906847000122}",retrieval_agent
patient00031/study3,patient00031/study3/view1_frontal.dcm,/home/jovyan/Desktop/MEDAGENT-X/data/raw/chexpert_plus/dicom_train/patient00031/study3/view1_frontal.dcm,torchxrayvision.DenseNet,densenet121-res224-all,cuda,0.5,0.2,"[""Atelectasis"", ""Consolidation"", ""Infiltration"", ""Pneumothorax"", ""Edema"", ""Emphysema"", ""Fibrosis"", ""Effusion"", ""Pneumonia"", ""Pleural_Thickening"", ""Cardiomegaly"", ""Nodule"", ""Mass"", ""Hernia"", ""Lung Lesion"", ""Fracture"", ""Lung Opacity"", ""Enlarged Cardiomediastinum""]",0.6943821907043457,present,Atelectasis,0.5144263505935669,present,Cardiomegaly,0.6027106642723083,present,Consolidation,0.5159344673156738,present,Edema,0.8029460906982422,present,Effusion,0.28941264748573303,uncertain,Pneumonia,0.5274392366409302,present,Pneumothorax,0.5520975589752197,present,Fracture,0.47352537512779236,uncertain,Lung Lesion,0.7569330930709839,present,Lung Opacity,0.5257490873336792,present,Enlarged Cardiomediastinum,0.5491558313369751,present,Pleural_Thickening,,unavailable,,,not_computed,,"[""Atelectasis"", ""Cardiomegaly"", ""Consolidation"", ""Edema"", ""Pleural Effusion"", ""Pneumothorax"", ""Fracture"", ""Lung Opacity"", ""Enlarged Cardiomediastinum"", ""Pleural Other""]","{""Atelectasis"": 0.6943821907043457, ""Cardiomegaly"": 0.5144263505935669, ""Consolidation"": 0.6027106642723083, ""Edema"": 0.5159344673156738, ""Effusion"": 0.8029460906982422, ""Emphysema"": 0.5050276517868042, ""Enlarged Cardiomediastinum"": 0.5257490873336792, ""Fibrosis"": 0.5132743120193481, ""Fracture"": 0.5520975589752197, ""Hernia"": 0.14391644299030304, ""Infiltration"": 0.5962575674057007, ""Lung Lesion"": 0.47352537512779236, ""Lung Opacity"": 0.7569330930709839, ""Mass"": 0.5605729818344116, ""Nodule"": 0.5359475612640381, ""Pleural_Thickening"": 0.5491558313369751, ""Pneumonia"": 0.28941264748573303, ""Pneumothorax"": 0.5274392366409302}",retrieval_agent
patient00031/study2,patient00031/study2/view1_frontal.dcm,/home/jovyan/Desktop/MEDAGENT-X/data/raw/chexpert_plus/dicom_train/patient00031/study2/view1_frontal.dcm,torchxrayvision.DenseNet,densenet121-res224-all,cuda,0.5,0.2,"[""Atelectasis"", ""Consolidation"", ""Infiltration"", ""Pneumothorax"", ""Edema"", ""Emphysema"", ""Fibrosis"", ""Effusion"", ""Pneumonia"", ""Pleural_Thickening"", ""Cardiomegaly"", ""Nodule"", ""Mass"", ""Hernia"", ""Lung Lesion"", ""Fracture"", ""Lung Opacity"", ""Enlarged Cardiomediastinum""]",0.5403009057044983,present,Atelectasis,0.11360087245702744,absent,Cardiomegaly,0.5217574834823608,present,Consolidation,0.27097660303115845,uncertain,Edema,0.5433902740478516,present,Effusion,0.03588844835758209,absent,Pneumonia,0.5114142298698425,present,Pneumothorax,0.531325101852417,present,Fracture,0.13308995962142944,absent,Lung Lesion,0.7404274940490723,present,Lung Opacity,0.4706682562828064,uncertain,Enlarged Cardiomediastinum,0.5169936418533325,present,Pleural_Thickening,,unavailable,,,not_computed,,"[""Atelectasis"", ""Consolidation"", ""Pleural Effusion"", ""Pneumothorax"", ""Fracture"", ""Lung Opacity"", ""Pleural Other""]","{""Atelectasis"": 0.5403009057044983, ""Cardiomegaly"": 0.11360087245702744, ""Consolidation"": 0.5217574834823608, ""Edema"": 0.27097660303115845, ""Effusion"": 0.5433902740478516, ""Emphysema"": 0.5085707902908325, ""Enlarged Cardiomediastinum"": 0.4706682562828064, ""Fibrosis"": 0.5161738991737366, ""Fracture"": 0.531325101852417, ""Hernia"": 0.03188193216919899, ""Infiltration"": 0.5406787395477295, ""Lung Lesion"": 0.13308995962142944, ""Lung Opacity"": 0.7404274940490723, ""Mass"": 0.5825004577636719, ""Nodule"": 0.5607019662857056, ""Pleural_Thickening"": 0.5169936418533325, ""Pneumonia"": 0.03588844835758209, ""Pneumothorax"": 0.5114142298698425}",retrieval_agent
patient00034/study1,patient00034/study1/view1_frontal.dcm,/home/jovyan/Desktop/MEDAGENT-X/data/raw/chexpert_plus/dicom_train/patient00034/study1/view1_frontal.dcm,torchxrayvision.DenseNet,densenet121-res224-all,cuda,0.5,0.2,"[""Atelectasis"", ""Consolidation"", ""Infiltration"", ""Pneumothorax"", ""Edema"", ""Emphysema"", ""Fibrosis"", ""Effusion"", ""Pneumonia"", ""Pleural_Thickening"", ""Cardiomegaly"", ""Nodule"", ""Mass"", ""Hernia"", ""Lung Lesion"", ""Fracture"", ""Lung Opacity"", ""Enlarged Cardiomediastinum""]",0.512184739112854,present,Atelectasis,0.24810069799423218,uncertain,Cardiomegaly,0.4050821363925934,uncertain,Consolidation,0.2056920975446701,uncertain,Edema,0.08855978399515152,absent,Effusion,0.12020658701658249,absent,Pneumonia,0.1278885453939438,absent,Pneumothorax,0.44356656074523926,uncertain,Fracture,0.014634104445576668,absent,Lung Lesion,0.5360217690467834,present,Lung Opacity,0.23769603669643402,uncertain,Enlarged Cardiomediastinum,0.22616009414196014,uncertain,Pleural_Thickening,,unavailable,,,not_computed,,"[""Atelectasis"", ""Lung Opacity""]","{""Atelectasis"": 0.512184739112854, ""Cardiomegaly"": 0.24810069799423218, ""Consolidation"": 0.4050821363925934, ""Edema"": 0.2056920975446701, ""Effusion"": 0.08855978399515152, ""Emphysema"": 0.5033315420150757, ""Enlarged Cardiomediastinum"": 0.23769603669643402, ""Fibrosis"": 0.5148589611053467, ""Fracture"": 0.44356656074523926, ""Hernia"": 0.010330712422728539, ""Infiltration"": 0.4067964255809784, ""Lung Lesion"": 0.014634104445576668, ""Lung Opacity"": 0.5360217690467834, ""Mass"": 0.5348929166793823, ""Nodule"": 0.5192626118659973, ""Pleural_Thickening"": 0.22616009414196014, ""Pneumonia"": 0.12020658701658249, ""Pneumothorax"": 0.1278885453939438}",retrieval_agent
patient00038/study1,patient00038/study1/view1_frontal.dcm,/home/jovyan/Desktop/MEDAGENT-X/data/raw/chexpert_plus/dicom_train/patient00038/study1/view1_frontal.dcm,torchxrayvision.DenseNet,densenet121-res224-all,cuda,0.5,0.2,"[""Atelectasis"", ""Consolidation"", ""Infiltration"", ""Pneumothorax"", ""Edema"", ""Emphysema"", ""Fibrosis"", ""Effusion"", ""Pneumonia"", ""Pleural_Thickening"", ""Cardiomegaly"", ""Nodule"", ""Mass"", ""Hernia"", ""Lung Lesion"", ""Fracture"", ""Lung Opacity"", ""Enlarged Cardiomediastinum""]",0.6430847644805908,present,Atelectasis,0.5764604806900024,present,Cardiomegaly,0.5591840744018555,present,Consolidation,0.49518337845802307,uncertain,Edema,0.6983861327171326,present,Effusion,0.1483498513698578,absent,Pneumonia,0.5034576654434204,present,Pneumothorax,0.5211426615715027,present,Fracture,0.04524383693933487,absent,Lung Lesion,0.7297296524047852,present,Lung Opacity,0.5174208879470825,present,Enlarged Cardiomediastinum,0.21833737194538116,uncertain,Pleural_Thickening,,unavailable,,,not_computed,,"[""Atelectasis"", ""Cardiomegaly"", ""Consolidation"", ""Pleural Effusion"", ""Pneumothorax"", ""Fracture"", ""Lung Opacity"", ""Enlarged Cardiomediastinum""]","{""Atelectasis"": 0.6430847644805908, ""Cardiomegaly"": 0.5764604806900024, ""Consolidation"": 0.5591840744018555, ""Edema"": 0.49518337845802307, ""Effusion"": 0.6983861327171326, ""Emphysema"": 0.5042544603347778, ""Enlarged Cardiomediastinum"": 0.5174208879470825, ""Fibrosis"": 0.503197431564331, ""Fracture"": 0.5211426615715027, ""Hernia"": 0.09430349618196487, ""Infiltration"": 0.5444395542144775, ""Lung Lesion"": 0.04524383693933487, ""Lung Opacity"": 0.7297296524047852, ""Mass"": 0.5709217190742493, ""Nodule"": 0.5391280651092529, ""Pleural_Thickening"": 0.21833737194538116, ""Pneumonia"": 0.1483498513698578, ""Pneumothorax"": 0.5034576654434204}",retrieval_agent
patient00038/study3,patient00038/study3/view1_frontal.dcm,/home/jovyan/Desktop/MEDAGENT-X/data/raw/chexpert_plus/dicom_train/patient00038/study3/view1_frontal.dcm,torchxrayvision.DenseNet,densenet121-res224-all,cuda,0.5,0.2,"[""Atelectasis"", ""Consolidation"", ""Infiltration"", ""Pneumothorax"", ""Edema"", ""Emphysema"", ""Fibrosis"", ""Effusion"", ""Pneumonia"", ""Pleural_Thickening"", ""Cardiomegaly"", ""Nodule"", ""Mass"", ""Hernia"", ""Lung Lesion"", ""Fracture"", ""Lung Opacity"", ""Enlarged Cardiomediastinum""]",0.7251856327056885,present,Atelectasis,0.5802773237228394,present,Cardiomegaly,0.706222653388977,present,Consolidation,0.5672086477279663,present,Edema,0.8175495266914368,present,Effusion,0.5193886756896973,present,Pneumonia,0.5152397155761719,present,Pneumothorax,0.530754804611206,present,Fracture,0.3312874436378479,uncertain,Lung Lesion,0.8058578372001648,present,Lung Opacity,0.5438346862792969,present,Enlarged Cardiomediastinum,0.5161626935005188,present,Pleural_Thickening,,unavailable,,,not_computed,,"[""Atelectasis"", ""Cardiomegaly"", ""Consolidation"", ""Edema"", ""Pleural Effusion"", ""Pneumonia"", ""Pneumothorax"", ""Fracture"", ""Lung Opacity"", ""Enlarged Cardiomediastinum"", ""Pleural Other""]","{""Atelectasis"": 0.7251856327056885, ""Cardiomegaly"": 0.5802773237228394, ""Consolidation"": 0.706222653388977, ""Edema"": 0.5672086477279663, ""Effusion"": 0.8175495266914368, ""Emphysema"": 0.5037375092506409, ""Enlarged Cardiomediastinum"": 0.5438346862792969, ""Fibrosis"": 0.5148991346359253, ""Fracture"": 0.530754804611206, ""Hernia"": 0.044072847813367844, ""Infiltration"": 0.560591459274292, ""Lung Lesion"": 0.3312874436378479, ""Lung Opacity"": 0.8058578372001648, ""Mass"": 0.5900084972381592, ""Nodule"": 0.5386029481887817, ""Pleural_Thickening"": 0.5161626935005188, ""Pneumonia"": 0.5193886756896973, ""Pneumothorax"": 0.5152397155761719}",retrieval_agent
patient00044/study7,patient00044/study7/view1_frontal.dcm,/home/jovyan/Desktop/MEDAGENT-X/data/raw/chexpert_plus/dicom_train/patient00044/study7/view1_frontal.dcm,torchxrayvision.DenseNet,densenet121-res224-all,cuda,0.5,0.2,"[""Atelectasis"", ""Consolidation"", ""Infiltration"", ""Pneumothorax"", ""Edema"", ""Emphysema"", ""Fibrosis"", ""Effusion"", ""Pneumonia"", ""Pleural_Thickening"", ""Cardiomegaly"", ""Nodule"", ""Mass"", ""Hernia"", ""Lung Lesion"", ""Fracture"", ""Lung Opacity"", ""Enlarged Cardiomediastinum""]",0.6456539630889893,present,Atelectasis,0.5415182709693909,present,Cardiomegaly,0.6279128789901733,present,Consolidation,0.5160714387893677,present,Edema,0.7139179110527039,present,Effusion,0.5648449659347534,present,Pneumonia,0.5039937496185303,present,Pneumothorax,0.5235341787338257,present,Fracture,0.11208555102348328,absent,Lung Lesion,0.8134169578552246,present,Lung Opacity,0.5653504133224487,present,Enlarged Cardiomediastinum,0.5229291915893555,present,Pleural_Thickening,,unavailable,,,not_computed,,"[""Atelectasis"", ""Cardiomegaly"", ""Consolidation"", ""Edema"", ""Pleural Effusion"", ""Pneumonia"", ""Pneumothorax"", ""Fracture"", ""Lung Opacity"", ""Enlarged Cardiomediastinum"", ""Pleural Other""]","{""Atelectasis"": 0.6456539630889893, ""Cardiomegaly"": 0.5415182709693909, ""Consolidation"": 0.6279128789901733, ""Edema"": 0.5160714387893677, ""Effusion"": 0.7139179110527039, ""Emphysema"": 0.5029288530349731, ""Enlarged Cardiomediastinum"": 0.5653504133224487, ""Fibrosis"": 0.5420358180999756, ""Fracture"": 0.5235341787338257, ""Hernia"": 0.06039237976074219, ""Infiltration"": 0.5272300243377686, ""Lung Lesion"": 0.11208555102348328, ""Lung Opacity"": 0.8134169578552246, ""Mass"": 0.6390615701675415, ""Nodule"": 0.537661075592041, ""Pleural_Thickening"": 0.5229291915893555, ""Pneumonia"": 0.5648449659347534, ""Pneumothorax"": 0.5039937496185303}",retrieval_agent
patient00044/study7,patient00044/study7/view2_lateral.dcm,/home/jovyan/Desktop/MEDAGENT-X/data/raw/chexpert_plus/dicom_train/patient00044/study7/view2_lateral.dcm,torchxrayvision.DenseNet,densenet121-res224-all,cuda,0.5,0.2,"[""Atelectasis"", ""Consolidation"", ""Infiltration"", ""Pneumothorax"", ""Edema"", ""Emphysema"", ""Fibrosis"", ""Effusion"", ""Pneumonia"", ""Pleural_Thickening"", ""Cardiomegaly"", ""Nodule"", ""Mass"", ""Hernia"", ""Lung Lesion"", ""Fracture"", ""Lung Opacity"", ""Enlarged Cardiomediastinum""]",0.622238039970398,present,Atelectasis,0.5972514748573303,present,Cardiomegaly,0.594230055809021,present,Consolidation,0.5265001058578491,present,Edema,0.836753249168396,present,Effusion,0.6325176954269409,present,Pneumonia,0.5023414492607117,present,Pneumothorax,0.5168736577033997,present,Fracture,0.338602215051651,uncertain,Lung Lesion,0.7685751914978027,present,Lung Opacity,0.5680567026138306,present,Enlarged Cardiomediastinum,0.3859792649745941,uncertain,Pleural_Thickening,,unavailable,,,not_computed,,"[""Atelectasis"", ""Cardiomegaly"", ""Consolidation"", ""Edema"", ""Pleural Effusion"", ""Pneumonia"", ""Pneumothorax"", ""Fracture"", ""Lung Opacity"", ""Enlarged Cardiomediastinum""]","{""Atelectasis"": 0.622238039970398, ""Cardiomegaly"": 0.5972514748573303, ""Consolidation"": 0.594230055809021, ""Edema"": 0.5265001058578491, ""Effusion"": 0.836753249168396, ""Emphysema"": 0.5052245855331421, ""Enlarged Cardiomediastinum"": 0.5680567026138306, ""Fibrosis"": 0.5126762390136719, ""Fracture"": 0.5168736577033997, ""Hernia"": 0.04753217473626137, ""Infiltration"": 0.5024983286857605, ""Lung Lesion"": 0.338602215051651, ""Lung Opacity"": 0.7685751914978027, ""Mass"": 0.5441453456878662, ""Nodule"": 0.514866828918457, ""Pleural_Thickening"": 0.3859792649745941, ""Pneumonia"": 0.6325176954269409, ""Pneumothorax"": 0.5023414492607117}",retrieval_agent
patient00044/study1,patient00044/study1/view1_frontal.dcm,/home/jovyan/Desktop/MEDAGENT-X/data/raw/chexpert_plus/dicom_train/patient00044/study1/view1_frontal.dcm,torchxrayvision.DenseNet,densenet121-res224-all,cuda,0.5,0.2,"[""Atelectasis"", ""Consolidation"", ""Infiltration"", ""Pneumothorax"", ""Edema"", ""Emphysema"", ""Fibrosis"", ""Effusion"", ""Pneumonia"", ""Pleural_Thickening"", ""Cardiomegaly"", ""Nodule"", ""Mass"", ""Hernia"", ""Lung Lesion"", ""Fracture"", ""Lung Opacity"", ""Enlarged Cardiomediastinum""]",0.666607141494751,present,Atelectasis,0.6642864942550659,present,Cardiomegaly,0.6398264169692993,present,Consolidation,0.5695119500160217,present,Edema,0.709574818611145,present,Effusion,0.558749258518219,present,Pneumonia,0.5043498277664185,present,Pneumothorax,0.5185531377792358,present,Fracture,0.12029363214969635,absent,Lung Lesion,0.8717408776283264,present,Lung Opacity,0.6942338347434998,present,Enlarged Cardiomediastinum,0.41091591119766235,uncertain,Pleural_Thickening,,unavailable,,,not_computed,,"[""Atelectasis"", ""Cardiomegaly"", ""Consolidation"", ""Edema"", ""Pleural Effusion"", ""Pneumonia"", ""Pneumothorax"", ""Fracture"", ""Lung Opacity"", ""Enlarged Cardiomediastinum""]","{""Atelectasis"": 0.666607141494751, ""Cardiomegaly"": 0.6642864942550659, ""Consolidation"": 0.6398264169692993, ""Edema"": 0.5695119500160217, ""Effusion"": 0.709574818611145, ""Emphysema"": 0.5008869767189026, ""Enlarged Cardiomediastinum"": 0.6942338347434998, ""Fibrosis"": 0.5028975009918213, ""Fracture"": 0.5185531377792358, ""Hernia"": 0.04513886570930481, ""Infiltration"": 0.5371710062026978, ""Lung Lesion"": 0.12029363214969635, ""Lung Opacity"": 0.8717408776283264, ""Mass"": 0.5597560405731201, ""Nodule"": 0.5086979269981384, ""Pleural_Thickening"": 0.41091591119766235, ""Pneumonia"": 0.558749258518219, ""Pneumothorax"": 0.5043498277664185}",retrieval_agent
patient00044/study3,patient00044/study3/view1_frontal.dcm,/home/jovyan/Desktop/MEDAGENT-X/data/raw/chexpert_plus/dicom_train/patient00044/study3/view1_frontal.dcm,torchxrayvision.DenseNet,densenet121-res224-all,cuda,0.5,0.2,"[""Atelectasis"", ""Consolidation"", ""Infiltration"", ""Pneumothorax"", ""Edema"", ""Emphysema"", ""Fibrosis"", ""Effusion"", ""Pneumonia"", ""Pleural_Thickening"", ""Cardiomegaly"", ""Nodule"", ""Mass"", ""Hernia"", ""Lung Lesion"", ""Fracture"", ""Lung Opacity"", ""Enlarged Cardiomediastinum""]",0.7015741467475891,present,Atelectasis,0.6857794523239136,present,Cardiomegaly,0.6467065811157227,present,Consolidation,0.61463463306427,present,Edema,0.8239152431488037,present,Effusion,0.5517088174819946,present,Pneumonia,0.41138049960136414,uncertain,Pneumothorax,0.5206508636474609,present,Fracture,0.18161794543266296,absent,Lung Lesion,0.7751580476760864,present,Lung Opacity,0.5950537323951721,present,Enlarged Cardiomediastinum,0.5076978206634521,present,Pleural_Thickening,,unavailable,,,not_computed,,"[""Atelectasis"", ""Cardiomegaly"", ""Consolidation"", ""Edema"", ""Pleural Effusion"", ""Pneumonia"", ""Fracture"", ""Lung Opacity"", ""Enlarged Cardiomediastinum"", ""Pleural Other""]","{""Atelectasis"": 0.7015741467475891, ""Cardiomegaly"": 0.6857794523239136, ""Consolidation"": 0.6467065811157227, ""Edema"": 0.61463463306427, ""Effusion"": 0.8239152431488037, ""Emphysema"": 0.39153265953063965, ""Enlarged Cardiomediastinum"": 0.5950537323951721, ""Fibrosis"": 0.5137463212013245, ""Fracture"": 0.5206508636474609, ""Hernia"": 0.14487749338150024, ""Infiltration"": 0.6095545291900635, ""Lung Lesion"": 0.18161794543266296, ""Lung Opacity"": 0.7751580476760864, ""Mass"": 0.5300899147987366, ""Nodule"": 0.505008339881897, ""Pleural_Thickening"": 0.5076978206634521, ""Pneumonia"": 0.5517088174819946, ""Pneumothorax"": 0.41138049960136414}",retrieval_agent
patient00044/study4,patient00044/study4/view1_frontal.dcm,/home/jovyan/Desktop/MEDAGENT-X/data/raw/chexpert_plus/dicom_train/patient00044/study4/view1_frontal.dcm,torchxrayvision.DenseNet,densenet121-res224-all,cuda,0.5,0.2,"[""Atelectasis"", ""Consolidation"", ""Infiltration"", ""Pneumothorax"", ""Edema"", ""Emphysema"", ""Fibrosis"", ""Effusion"", ""Pneumonia"", ""Pleural_Thickening"", ""Cardiomegaly"", ""Nodule"", ""Mass"", ""Hernia"", ""Lung Lesion"", ""Fracture"", ""Lung Opacity"", ""Enlarged Cardiomediastinum""]",0.7052969932556152,present,Atelectasis,0.597550094127655,present,Cardiomegaly,0.6410917043685913,present,Consolidation,0.5828450322151184,present,Edema,0.7728186845779419,present,Effusion,0.5982347726821899,present,Pneumonia,0.5028390884399414,present,Pneumothorax,0.5550044775009155,present,Fracture,0.24317437410354614,uncertain,Lung Lesion,0.7688483595848083,present,Lung Opacity,0.5411192774772644,present,Enlarged Cardiomediastinum,0.5044524669647217,present,Pleural_Thickening,,unavailable,,,not_computed,,"[""Atelectasis"", ""Cardiomegaly"", ""Consolidation"", ""Edema"", ""Pleural Effusion"", ""Pneumonia"", ""Pneumothorax"", ""Fracture"", ""Lung Opacity"", ""Enlarged Cardiomediastinum"", ""Pleural Other""]","{""Atelectasis"": 0.7052969932556152, ""Cardiomegaly"": 0.597550094127655, ""Consolidation"": 0.6410917043685913, ""Edema"": 0.5828450322151184, ""Effusion"": 0.7728186845779419, ""Emphysema"": 0.5012381076812744, ""Enlarged Cardiomediastinum"": 0.5411192774772644, ""Fibrosis"": 0.5351616144180298, ""Fracture"": 0.5550044775009155, ""Hernia"": 0.13194860517978668, ""Infiltration"": 0.5507398843765259, ""Lung Lesion"": 0.24317437410354614, ""Lung Opacity"": 0.7688483595848083, ""Mass"": 0.5561854243278503, ""Nodule"": 0.519535481929779, ""Pleural_Thickening"": 0.5044524669647217, ""Pneumonia"": 0.5982347726821899, ""Pneumothorax"": 0.5028390884399414}",retrieval_agent
patient00044/study2,patient00044/study2/view1_frontal.dcm,/home/jovyan/Desktop/MEDAGENT-X/data/raw/chexpert_plus/dicom_train/patient00044/study2/view1_frontal.dcm,torchxrayvision.DenseNet,densenet121-res224-all,cuda,0.5,0.2,"[""Atelectasis"", ""Consolidation"", ""Infiltration"", ""Pneumothorax"", ""Edema"", ""Emphysema"", ""Fibrosis"", ""Effusion"", ""Pneumonia"", ""Pleural_Thickening"", ""Cardiomegaly"", ""Nodule"", ""Mass"", ""Hernia"", ""Lung Lesion"", ""Fracture"", ""Lung Opacity"", ""Enlarged Cardiomediastinum""]",0.7995001673698425,present,Atelectasis,0.7929445505142212,present,Cardiomegaly,0.7777532935142517,present,Consolidation,0.7915387153625488,present,Edema,0.9209187626838684,present,Effusion,0.7353890538215637,present,Pneumonia,0.4241957366466522,uncertain,Pneumothorax,0.5241886377334595,present,Fracture,0.5325182676315308,present,Lung Lesion,0.9357049465179443,present,Lung Opacity,0.6639604568481445,present,Enlarged Cardiomediastinum,0.28999459743499756,uncertain,Pleural_Thickening,,unavailable,,,not_computed,,"[""Atelectasis"", ""Cardiomegaly"", ""Consolidation"", ""Edema"", ""Pleural Effusion"", ""Pneumonia"", ""Fracture"", ""Lung Lesion"", ""Lung Opacity"", ""Enlarged Cardiomediastinum""]","{""Atelectasis"": 0.7995001673698425, ""Cardiomegaly"": 0.7929445505142212, ""Consolidation"": 0.7777532935142517, ""Edema"": 0.7915387153625488, ""Effusion"": 0.9209187626838684, ""Emphysema"": 0.38335296511650085, ""Enlarged Cardiomediastinum"": 0.6639604568481445, ""Fibrosis"": 0.5071492195129395, ""Fracture"": 0.5241886377334595, ""Hernia"": 0.07146956771612167, ""Infiltration"": 0.6063766479492188, ""Lung Lesion"": 0.5325182676315308, ""Lung Opacity"": 0.9357049465179443, ""Mass"": 0.5472899675369263, ""Nodule"": 0.5141159892082214, ""Pleural_Thickening"": 0.28999459743499756, ""Pneumonia"": 0.7353890538215637, ""Pneumothorax"": 0.4241957366466522}",retrieval_agent
patient00044/study5,patient00044/study5/view1_frontal.dcm,/home/jovyan/Desktop/MEDAGENT-X/data/raw/chexpert_plus/dicom_train/patient00044/study5/view1_frontal.dcm,torchxrayvision.DenseNet,densenet121-res224-all,cuda,0.5,0.2,"[""Atelectasis"", ""Consolidation"", ""Infiltration"", ""Pneumothorax"", ""Edema"", ""Emphysema"", ""Fibrosis"", ""Effusion"", ""Pneumonia"", ""Pleural_Thickening"", ""Cardiomegaly"", ""Nodule"", ""Mass"", ""Hernia"", ""Lung Lesion"", ""Fracture"", ""Lung Opacity"", ""Enlarged Cardiomediastinum""]",0.7559630870819092,present,Atelectasis,0.8157373666763306,present,Cardiomegaly,0.798971951007843,present,Consolidation,0.7359572649002075,present,Edema,0.8951420187950134,present,Effusion,0.5726479291915894,present,Pneumonia,0.5148187875747681,present,Pneumothorax,0.5339499115943909,present,Fracture,0.5620056390762329,present,Lung Lesion,0.920036792755127,present,Lung Opacity,0.6914774775505066,present,Enlarged Cardiomediastinum,0.5531327724456787,present,Pleural_Thickening,,unavailable,,,not_computed,,"[""Atelectasis"", ""Cardiomegaly"", ""Consolidation"", ""Edema"", ""Pleural Effusion"", ""Pneumonia"", ""Pneumothorax"", ""Fracture"", ""Lung Lesion"", ""Lung Opacity"", ""Enlarged Cardiomediastinum"", ""Pleural Other""]","{""Atelectasis"": 0.7559630870819092, ""Cardiomegaly"": 0.8157373666763306, ""Consolidation"": 0.798971951007843, ""Edema"": 0.7359572649002075, ""Effusion"": 0.8951420187950134, ""Emphysema"": 0.5001382231712341, ""Enlarged Cardiomediastinum"": 0.6914774775505066, ""Fibrosis"": 0.5560106039047241, ""Fracture"": 0.5339499115943909, ""Hernia"": 0.18413427472114563, ""Infiltration"": 0.6834219694137573, ""Lung Lesion"": 0.5620056390762329, ""Lung Opacity"": 0.920036792755127, ""Mass"": 0.6758126020431519, ""Nodule"": 0.5524400472640991, ""Pleural_Thickening"": 0.5531327724456787, ""Pneumonia"": 0.5726479291915894, ""Pneumothorax"": 0.5148187875747681}",retrieval_agent
patient00045/study1,patient00045/study1/view1_frontal.dcm,/home/jovyan/Desktop/MEDAGENT-X/data/raw/chexpert_plus/dicom_train/patient00045/study1/view1_frontal.dcm,torchxrayvision.DenseNet,densenet121-res224-all,cuda,0.5,0.2,"[""Atelectasis"", ""Consolidation"", ""Infiltration"", ""Pneumothorax"", ""Edema"", ""Emphysema"", ""Fibrosis"", ""Effusion"", ""Pneumonia"", ""Pleural_Thickening"", ""Cardiomegaly"", ""Nodule"", ""Mass"", ""Hernia"", ""Lung Lesion"", ""Fracture"", ""Lung Opacity"", ""Enlarged Cardiomediastinum""]",0.38290297985076904,uncertain,Atelectasis,0.7561132311820984,present,Cardiomegaly,0.1654779314994812,absent,Consolidation,0.051643338054418564,absent,Edema,0.07295738160610199,absent,Effusion,0.014866822399199009,absent,Pneumonia,0.012403484433889389,absent,Pneumothorax,0.18100132048130035,absent,Fracture,0.010344140231609344,absent,Lung Lesion,0.16310100257396698,absent,Lung Opacity,0.3018943667411804,uncertain,Enlarged Cardiomediastinum,0.06889120489358902,absent,Pleural_Thickening,,unavailable,,,not_computed,,"[""Cardiomegaly""]","{""Atelectasis"": 0.38290297985076904, ""Cardiomegaly"": 0.7561132311820984, ""Consolidation"": 0.1654779314994812, ""Edema"": 0.051643338054418564, ""Effusion"": 0.07295738160610199, ""Emphysema"": 0.5026922225952148, ""Enlarged Cardiomediastinum"": 0.3018943667411804, ""Fibrosis"": 0.38079285621643066, ""Fracture"": 0.18100132048130035, ""Hernia"": 0.03681473061442375, ""Infiltration"": 0.07637511938810349, ""Lung Lesion"": 0.010344140231609344, ""Lung Opacity"": 0.16310100257396698, ""Mass"": 0.5043627023696899, ""Nodule"": 0.49616700410842896, ""Pleural_Thickening"": 0.06889120489358902, ""Pneumonia"": 0.014866822399199009, ""Pneumothorax"": 0.012403484433889389}",retrieval_agent
patient00045/study1,patient00045/study1/view2_lateral.dcm,/home/jovyan/Desktop/MEDAGENT-X/data/raw/chexpert_plus/dicom_train/patient00045/study1/view2_lateral.dcm,torchxrayvision.DenseNet,densenet121-res224-all,cuda,0.5,0.2,"[""Atelectasis"", ""Consolidation"", ""Infiltration"", ""Pneumothorax"", ""Edema"", ""Emphysema"", ""Fibrosis"", ""Effusion"", ""Pneumonia"", ""Pleural_Thickening"", ""Cardiomegaly"", ""Nodule"", ""Mass"", ""Hernia"", ""Lung Lesion"", ""Fracture"", ""Lung Opacity"", ""Enlarged Cardiomediastinum""]",0.5970430374145508,present,Atelectasis,0.5642894506454468,present,Cardiomegaly,0.5791407823562622,present,Consolidation,0.5285047292709351,present,Edema,0.7696736454963684,present,Effusion,0.6216621398925781,present,Pneumonia,0.4660979211330414,uncertain,Pneumothorax,0.5032573938369751,present,Fracture,0.5179882049560547,present,Lung Lesion,0.7937005162239075,present,Lung Opacity,0.5692321062088013,present,Enlarged Cardiomediastinum,0.2421916127204895,uncertain,Pleural_Thickening,,unavailable,,,not_computed,,"[""Atelectasis"", ""Cardiomegaly"", ""Consolidation"", ""Edema"", ""Pleural Effusion"", ""Pneumonia"", ""Fracture"", ""Lung Lesion"", ""Lung Opacity"", ""Enlarged Cardiomediastinum""]","{""Atelectasis"": 0.5970430374145508, ""Cardiomegaly"": 0.5642894506454468, ""Consolidation"": 0.5791407823562622, ""Edema"": 0.5285047292709351, ""Effusion"": 0.7696736454963684, ""Emphysema"": 0.5056800842285156, ""Enlarged Cardiomediastinum"": 0.5692321062088013, ""Fibrosis"": 0.48019975423812866, ""Fracture"": 0.5032573938369751, ""Hernia"": 0.010504954494535923, ""Infiltration"": 0.5143030881881714, ""Lung Lesion"": 0.5179882049560547, ""Lung Opacity"": 0.7937005162239075, ""Mass"": 0.5352036952972412, ""Nodule"": 0.5157653093338013, ""Pleural_Thickening"": 0.2421916127204895, ""Pneumonia"": 0.6216621398925781, ""Pneumothorax"": 0.4660979211330414}",retrieval_agent
patient00048/study1,patient00048/study1/view1_frontal.dcm,/home/jovyan/Desktop/MEDAGENT-X/data/raw/chexpert_plus/dicom_train/patient00048/study1/view1_frontal.dcm,torchxrayvision.DenseNet,densenet121-res224-all,cuda,0.5,0.2,"[""Atelectasis"", ""Consolidation"", ""Infiltration"", ""Pneumothorax"", ""Edema"", ""Emphysema"", ""Fibrosis"", ""Effusion"", ""Pneumonia"", ""Pleural_Thickening"", ""Cardiomegaly"", ""Nodule"", ""Mass"", ""Hernia"", ""Lung Lesion"", ""Fracture"", ""Lung Opacity"", ""Enlarged Cardiomediastinum""]",0.5991432666778564,present,Atelectasis,0.2291327714920044,uncertain,Cardiomegaly,0.5422180891036987,present,Consolidation,0.5031264424324036,present,Edema,0.5875812768936157,present,Effusion,0.12495717406272888,absent,Pneumonia,0.5064758062362671,present,Pneumothorax,0.5126311779022217,present,Fracture,0.11996324360370636,absent,Lung Lesion,0.6914210319519043,present,Lung Opacity,0.31360772252082825,uncertain,Enlarged Cardiomediastinum,0.4893725514411926,uncertain,Pleural_Thickening,,unavailable,,,not_computed,,"[""Atelectasis"", ""Consolidation"", ""Edema"", ""Pleural Effusion"", ""Pneumothorax"", ""Fracture"", ""Lung Opacity""]","{""Atelectasis"": 0.5991432666778564, ""Cardiomegaly"": 0.2291327714920044, ""Consolidation"": 0.5422180891036987, ""Edema"": 0.5031264424324036, ""Effusion"": 0.5875812768936157, ""Emphysema"": 0.14847570657730103, ""Enlarged Cardiomediastinum"": 0.31360772252082825, ""Fibrosis"": 0.5073109269142151, ""Fracture"": 0.5126311779022217, ""Hernia"": 0.5134655237197876, ""Infiltration"": 0.590997040271759, ""Lung Lesion"": 0.11996324360370636, ""Lung Opacity"": 0.6914210319519043, ""Mass"": 0.5137343406677246, ""Nodule"": 0.5042160749435425, ""Pleural_Thickening"": 0.4893725514411926, ""Pneumonia"": 0.12495717406272888, ""Pneumothorax"": 0.5064758062362671}",retrieval_agent
patient00049/study2,patient00049/study2/view1_frontal.dcm,/home/jovyan/Desktop/MEDAGENT-X/data/raw/chexpert_plus/dicom_train/patient00049/study2/view1_frontal.dcm,torchxrayvision.DenseNet,densenet121-res224-all,cuda,0.5,0.2,"[""Atelectasis"", ""Consolidation"", ""Infiltration"", ""Pneumothorax"", ""Edema"", ""Emphysema"", ""Fibrosis"", ""Effusion"", ""Pneumonia"", ""Pleural_Thickening"", ""Cardiomegaly"", ""Nodule"", ""Mass"", ""Hernia"", ""Lung Lesion"", ""Fracture"", ""Lung Opacity"", ""Enlarged Cardiomediastinum""]",0.5185716152191162,present,Atelectasis,0.5359384417533875,present,Cardiomegaly,0.5249048471450806,present,Consolidation,0.5291398763656616,present,Edema,0.21327517926692963,uncertain,Effusion,0.204941526055336,uncertain,Pneumonia,0.30203524231910706,uncertain,Pneumothorax,0.4834747910499573,uncertain,Fracture,0.0802408829331398,absent,Lung Lesion,0.8557100892066956,present,Lung Opacity,0.5472055673599243,present,Enlarged Cardiomediastinum,0.20733648538589478,uncertain,Pleural_Thickening,,unavailable,,,not_computed,,"[""Atelectasis"", ""Cardiomegaly"", ""Consolidation"", ""Edema"", ""Lung Opacity"", ""Enlarged Cardiomediastinum""]","{""Atelectasis"": 0.5185716152191162, ""Cardiomegaly"": 0.5359384417533875, ""Consolidation"": 0.5249048471450806, ""Edema"": 0.5291398763656616, ""Effusion"": 0.21327517926692963, ""Emphysema"": 0.5009729862213135, ""Enlarged Cardiomediastinum"": 0.5472055673599243, ""Fibrosis"": 0.5164538621902466, ""Fracture"": 0.4834747910499573, ""Hernia"": 0.0035505632404237986, ""Infiltration"": 0.5908082723617554, ""Lung Lesion"": 0.0802408829331398, ""Lung Opacity"": 0.8557100892066956, ""Mass"": 0.5432742834091187, ""Nodule"": 0.5493415594100952, ""Pleural_Thickening"": 0.20733648538589478, ""Pneumonia"": 0.204941526055336, ""Pneumothorax"": 0.30203524231910706}",retrieval_agent
patient00049/study1,patient00049/study1/view1_frontal.dcm,/home/jovyan/Desktop/MEDAGENT-X/data/raw/chexpert_plus/dicom_train/patient00049/study1/view1_frontal.dcm,torchxrayvision.DenseNet,densenet121-res224-all,cuda,0.5,0.2,"[""Atelectasis"", ""Consolidation"", ""Infiltration"", ""Pneumothorax"", ""Edema"", ""Emphysema"", ""Fibrosis"", ""Effusion"", ""Pneumonia"", ""Pleural_Thickening"", ""Cardiomegaly"", ""Nodule"", ""Mass"", ""Hernia"", ""Lung Lesion"", ""Fracture"", ""Lung Opacity"", ""Enlarged Cardiomediastinum""]",0.27306032180786133,uncertain,Atelectasis,0.05323801189661026,absent,Cardiomegaly,0.13929277658462524,absent,Consolidation,0.054002754390239716,absent,Edema,0.022177953273057938,absent,Effusion,0.04958345368504524,absent,Pneumonia,0.03563760593533516,absent,Pneumothorax,0.27756989002227783,uncertain,Fracture,0.008296458050608635,absent,Lung Lesion,0.24785080552101135,uncertain,Lung Opacity,0.07346167415380478,absent,Enlarged Cardiomediastinum,0.061568986624479294,absent,Pleural_Thickening,,unavailable,,,not_computed,,[],"{""Atelectasis"": 0.27306032180786133, ""Cardiomegaly"": 0.05323801189661026, ""Consolidation"": 0.13929277658462524, ""Edema"": 0.054002754390239716, ""Effusion"": 0.022177953273057938, ""Emphysema"": 0.21311649680137634, ""Enlarged Cardiomediastinum"": 0.07346167415380478, ""Fibrosis"": 0.27125146985054016, ""Fracture"": 0.27756989002227783, ""Hernia"": 0.0026690317317843437, ""Infiltration"": 0.3624562621116638, ""Lung Lesion"": 0.008296458050608635, ""Lung Opacity"": 0.24785080552101135, ""Mass"": 0.3225669860839844, ""Nodule"": 0.5095093846321106, ""Pleural_Thickening"": 0.061568986624479294, ""Pneumonia"": 0.04958345368504524, ""Pneumothorax"": 0.03563760593533516}",retrieval_agent
patient00055/study2,patient00055/study2/view1_frontal.dcm,/home/jovyan/Desktop/MEDAGENT-X/data/raw/chexpert_plus/dicom_train/patient00055/study2/view1_frontal.dcm,torchxrayvision.DenseNet,densenet121-res224-all,cuda,0.5,0.2,"[""Atelectasis"", ""Consolidation"", ""Infiltration"", ""Pneumothorax"", ""Edema"", ""Emphysema"", ""Fibrosis"", ""Effusion"", ""Pneumonia"", ""Pleural_Thickening"", ""Cardiomegaly"", ""Nodule"", ""Mass"", ""Hernia"", ""Lung Lesion"", ""Fracture"", ""Lung Opacity"", ""Enlarged Cardiomediastinum""]",0.3920053243637085,uncertain,Atelectasis,0.29041916131973267,uncertain,Cardiomegaly,0.5024197101593018,present,Consolidation,0.0009117312729358673,absent,Edema,0.2709239423274994,uncertain,Effusion,0.003785171313211322,absent,Pneumonia,0.11375197023153305,absent,Pneumothorax,0.13401922583580017,absent,Fracture,0.0051408433355391026,absent,Lung Lesion,0.20881396532058716,uncertain,Lung Opacity,0.2010192722082138,uncertain,Enlarged Cardiomediastinum,0.16803905367851257,absent,Pleural_Thickening,,unavailable,,,not_computed,,"[""Consolidation""]","{""Atelectasis"": 0.3920053243637085, ""Cardiomegaly"": 0.29041916131973267, ""Consolidation"": 0.5024197101593018, ""Edema"": 0.0009117312729358673, ""Effusion"": 0.2709239423274994, ""Emphysema"": 0.5027110576629639, ""Enlarged Cardiomediastinum"": 0.2010192722082138, ""Fibrosis"": 0.4214283525943756, ""Fracture"": 0.13401922583580017, ""Hernia"": 0.1364334374666214, ""Infiltration"": 0.1335800588130951, ""Lung Lesion"": 0.0051408433355391026, ""Lung Opacity"": 0.20881396532058716, ""Mass"": 0.6385352611541748, ""Nodule"": 0.5043769478797913, ""Pleural_Thickening"": 0.16803905367851257, ""Pneumonia"": 0.003785171313211322, ""Pneumothorax"": 0.11375197023153305}",retrieval_agent
patient00055/study2,patient00055/study2/view2_lateral.dcm,/home/jovyan/Desktop/MEDAGENT-X/data/raw/chexpert_plus/dicom_train/patient00055/study2/view2_lateral.dcm,torchxrayvision.DenseNet,densenet121-res224-all,cuda,0.5,0.2,"[""Atelectasis"", ""Consolidation"", ""Infiltration"", ""Pneumothorax"", ""Edema"", ""Emphysema"", ""Fibrosis"", ""Effusion"", ""Pneumonia"", ""Pleural_Thickening"", ""Cardiomegaly"", ""Nodule"", ""Mass"", ""Hernia"", ""Lung Lesion"", ""Fracture"", ""Lung Opacity"", ""Enlarged Cardiomediastinum""]",0.5464255809783936,present,Atelectasis,0.4611216187477112,uncertain,Cardiomegaly,0.5719239115715027,present,Consolidation,0.5017085075378418,present,Edema,0.7338039875030518,present,Effusion,0.6461391448974609,present,Pneumonia,0.5004726052284241,present,Pneumothorax,0.17356301844120026,absent,Fracture,0.5033808946609497,present,Lung Lesion,0.8833923935890198,present,Lung Opacity,0.694085955619812,present,Enlarged Cardiomediastinum,0.1941739022731781,absent,Pleural_Thickening,,unavailable,,,not_computed,,"[""Atelectasis"", ""Consolidation"", ""Edema"", ""Pleural Effusion"", ""Pneumonia"", ""Pneumothorax"", ""Lung Lesion"", ""Lung Opacity"", ""Enlarged Cardiomediastinum""]","{""Atelectasis"": 0.5464255809783936, ""Cardiomegaly"": 0.4611216187477112, ""Consolidation"": 0.5719239115715027, ""Edema"": 0.5017085075378418, ""Effusion"": 0.7338039875030518, ""Emphysema"": 0.5087279081344604, ""Enlarged Cardiomediastinum"": 0.694085955619812, ""Fibrosis"": 0.16606056690216064, ""Fracture"": 0.17356301844120026, ""Hernia"": 0.00013254067744128406, ""Infiltration"": 0.47829756140708923, ""Lung Lesion"": 0.5033808946609497, ""Lung Opacity"": 0.8833923935890198, ""Mass"": 0.5594642758369446, ""Nodule"": 0.5181699991226196, ""Pleural_Thickening"": 0.1941739022731781, ""Pneumonia"": 0.6461391448974609, ""Pneumothorax"": 0.5004726052284241}",retrieval_agent
patient00055/study3,patient00055/study3/view1_frontal.dcm,/home/jovyan/Desktop/MEDAGENT-X/data/raw/chexpert_plus/dicom_train/patient00055/study3/view1_frontal.dcm,torchxrayvision.DenseNet,densenet121-res224-all,cuda,0.5,0.2,"[""Atelectasis"", ""Consolidation"", ""Infiltration"", ""Pneumothorax"", ""Edema"", ""Emphysema"", ""Fibrosis"", ""Effusion"", ""Pneumonia"", ""Pleural_Thickening"", ""Cardiomegaly"", ""Nodule"", ""Mass"", ""Hernia"", ""Lung Lesion"", ""Fracture"", ""Lung Opacity"", ""Enlarged Cardiomediastinum""]",0.6829981803894043,present,Atelectasis,0.34183236956596375,uncertain,Cardiomegaly,0.6829919815063477,present,Consolidation,0.06703571230173111,absent,Edema,0.7297407388687134,present,Effusion,0.11278922110795975,absent,Pneumonia,0.5109303593635559,present,Pneumothorax,0.5123013257980347,present,Fracture,0.07851336151361465,absent,Lung Lesion,0.7644296884536743,present,Lung Opacity,0.5060218572616577,present,Enlarged Cardiomediastinum,0.5078206062316895,present,Pleural_Thickening,,unavailable,,,not_computed,,"[""Atelectasis"", ""Consolidation"", ""Pleural Effusion"", ""Pneumothorax"", ""Fracture"", ""Lung Opacity"", ""Enlarged Cardiomediastinum"", ""Pleural Other""]","{""Atelectasis"": 0.6829981803894043, ""Cardiomegaly"": 0.34183236956596375, ""Consolidation"": 0.6829919815063477, ""Edema"": 0.06703571230173111, ""Effusion"": 0.7297407388687134, ""Emphysema"": 0.104307159781456, ""Enlarged Cardiomediastinum"": 0.5060218572616577, ""Fibrosis"": 0.502881646156311, ""Fracture"": 0.5123013257980347, ""Hernia"": 0.041342929005622864, ""Infiltration"": 0.5535639524459839, ""Lung Lesion"": 0.07851336151361465, ""Lung Opacity"": 0.7644296884536743, ""Mass"": 0.5931738615036011, ""Nodule"": 0.5121209621429443, ""Pleural_Thickening"": 0.5078206062316895, ""Pneumonia"": 0.11278922110795975, ""Pneumothorax"": 0.5109303593635559}",retrieval_agent
patient00055/study1,patient00055/study1/view1_frontal.dcm,/home/jovyan/Desktop/MEDAGENT-X/data/raw/chexpert_plus/dicom_train/patient00055/study1/view1_frontal.dcm,torchxrayvision.DenseNet,densenet121-res224-all,cuda,0.5,0.2,"[""Atelectasis"", ""Consolidation"", ""Infiltration"", ""Pneumothorax"", ""Edema"", ""Emphysema"", ""Fibrosis"", ""Effusion"", ""Pneumonia"", ""Pleural_Thickening"", ""Cardiomegaly"", ""Nodule"", ""Mass"", ""Hernia"", ""Lung Lesion"", ""Fracture"", ""Lung Opacity"", ""Enlarged Cardiomediastinum""]",0.27303802967071533,uncertain,Atelectasis,0.3267495930194855,uncertain,Cardiomegaly,0.20870885252952576,uncertain,Consolidation,0.029423953965306282,absent,Edema,0.05022900179028511,absent,Effusion,0.009325552731752396,absent,Pneumonia,0.0607793964445591,absent,Pneumothorax,0.16741229593753815,absent,Fracture,0.0026791628915816545,absent,Lung Lesion,0.28100502490997314,uncertain,Lung Opacity,0.11217722296714783,absent,Enlarged Cardiomediastinum,0.08397509157657623,absent,Pleural_Thickening,,unavailable,,,not_computed,,[],"{""Atelectasis"": 0.27303802967071533, ""Cardiomegaly"": 0.3267495930194855, ""Consolidation"": 0.20870885252952576, ""Edema"": 0.029423953965306282, ""Effusion"": 0.05022900179028511, ""Emphysema"": 0.23794059455394745, ""Enlarged Cardiomediastinum"": 0.11217722296714783, ""Fibrosis"": 0.3460722863674164, ""Fracture"": 0.16741229593753815, ""Hernia"": 0.30343589186668396, ""Infiltration"": 0.19827601313591003, ""Lung Lesion"": 0.0026791628915816545, ""Lung Opacity"": 0.28100502490997314, ""Mass"": 0.5097132921218872, ""Nodule"": 0.41633298993110657, ""Pleural_Thickening"": 0.08397509157657623, ""Pneumonia"": 0.009325552731752396, ""Pneumothorax"": 0.0607793964445591}",retrieval_agent
patient00058/study1,patient00058/study1/view1_frontal.dcm,/home/jovyan/Desktop/MEDAGENT-X/data/raw/chexpert_plus/dicom_train/patient00058/study1/view1_frontal.dcm,torchxrayvision.DenseNet,densenet121-res224-all,cuda,0.5,0.2,"[""Atelectasis"", ""Consolidation"", ""Infiltration"", ""Pneumothorax"", ""Edema"", ""Emphysema"", ""Fibrosis"", ""Effusion"", ""Pneumonia"", ""Pleural_Thickening"", ""Cardiomegaly"", ""Nodule"", ""Mass"", ""Hernia"", ""Lung Lesion"", ""Fracture"", ""Lung Opacity"", ""Enlarged Cardiomediastinum""]",0.3850371837615967,uncertain,Atelectasis,0.09025921672582626,absent,Cardiomegaly,0.49689650535583496,uncertain,Consolidation,0.0030662757344543934,absent,Edema,0.12126663327217102,absent,Effusion,0.03834680840373039,absent,Pneumonia,0.06315706670284271,absent,Pneumothorax,0.20632068812847137,uncertain,Fracture,0.001344845979474485,absent,Lung Lesion,0.212442547082901,uncertain,Lung Opacity,0.11796893179416656,absent,Enlarged Cardiomediastinum,0.5107166171073914,present,Pleural_Thickening,,unavailable,,,not_computed,,"[""Pleural Other""]","{""Atelectasis"": 0.3850371837615967, ""Cardiomegaly"": 0.09025921672582626, ""Consolidation"": 0.49689650535583496, ""Edema"": 0.0030662757344543934, ""Effusion"": 0.12126663327217102, ""Emphysema"": 0.5075455904006958, ""Enlarged Cardiomediastinum"": 0.11796893179416656, ""Fibrosis"": 0.5130088925361633, ""Fracture"": 0.20632068812847137, ""Hernia"": 0.07578036189079285, ""Infiltration"": 0.21025265753269196, ""Lung Lesion"": 0.001344845979474485, ""Lung Opacity"": 0.212442547082901, ""Mass"": 0.5207918882369995, ""Nodule"": 0.5039868354797363, ""Pleural_Thickening"": 0.5107166171073914, ""Pneumonia"": 0.03834680840373039, ""Pneumothorax"": 0.06315706670284271}",retrieval_agent
patient00058/study1,patient00058/study1/view2_lateral.dcm,/home/jovyan/Desktop/MEDAGENT-X/data/raw/chexpert_plus/dicom_train/patient00058/study1/view2_lateral.dcm,torchxrayvision.DenseNet,densenet121-res224-all,cuda,0.5,0.2,"[""Atelectasis"", ""Consolidation"", ""Infiltration"", ""Pneumothorax"", ""Edema"", ""Emphysema"", ""Fibrosis"", ""Effusion"", ""Pneumonia"", ""Pleural_Thickening"", ""Cardiomegaly"", ""Nodule"", ""Mass"", ""Hernia"", ""Lung Lesion"", ""Fracture"", ""Lung Opacity"", ""Enlarged Cardiomediastinum""]",0.4204384386539459,uncertain,Atelectasis,0.13318908214569092,absent,Cardiomegaly,0.5084978342056274,present,Consolidation,0.3458191156387329,uncertain,Edema,0.19288253784179688,absent,Effusion,0.6907878518104553,present,Pneumonia,0.09560107439756393,absent,Pneumothorax,0.149145245552063,absent,Fracture,0.002316631842404604,absent,Lung Lesion,0.805107057094574,present,Lung Opacity,0.3135873079299927,uncertain,Enlarged Cardiomediastinum,0.08761736005544662,absent,Pleural_Thickening,,unavailable,,,not_computed,,"[""Consolidation"", ""Pneumonia"", ""Lung Opacity""]","{""Atelectasis"": 0.4204384386539459, ""Cardiomegaly"": 0.13318908214569092, ""Consolidation"": 0.5084978342056274, ""Edema"": 0.3458191156387329, ""Effusion"": 0.19288253784179688, ""Emphysema"": 0.5048434138298035, ""Enlarged Cardiomediastinum"": 0.3135873079299927, ""Fibrosis"": 0.10770981758832932, ""Fracture"": 0.149145245552063, ""Hernia"": 0.008355826139450073, ""Infiltration"": 0.5107132196426392, ""Lung Lesion"": 0.002316631842404604, ""Lung Opacity"": 0.805107057094574, ""Mass"": 0.4878675639629364, ""Nodule"": 0.5021497011184692, ""Pleural_Thickening"": 0.08761736005544662, ""Pneumonia"": 0.6907878518104553, ""Pneumothorax"": 0.09560107439756393}",retrieval_agent
patient00064/study1,patient00064/study1/view1_frontal.dcm,/home/jovyan/Desktop/MEDAGENT-X/data/raw/chexpert_plus/dicom_train/patient00064/study1/view1_frontal.dcm,torchxrayvision.DenseNet,densenet121-res224-all,cuda,0.5,0.2,"[""Atelectasis"", ""Consolidation"", ""Infiltration"", ""Pneumothorax"", ""Edema"", ""Emphysema"", ""Fibrosis"", ""Effusion"", ""Pneumonia"", ""Pleural_Thickening"", ""Cardiomegaly"", ""Nodule"", ""Mass"", ""Hernia"", ""Lung Lesion"", ""Fracture"", ""Lung Opacity"", ""Enlarged Cardiomediastinum""]",0.2305462509393692,uncertain,Atelectasis,0.016643207520246506,absent,Cardiomegaly,0.5053901672363281,present,Consolidation,0.0896109938621521,absent,Edema,0.18904361128807068,absent,Effusion,0.012211821973323822,absent,Pneumonia,0.4221891760826111,uncertain,Pneumothorax,0.5023678541183472,present,Fracture,0.5102920532226562,present,Lung Lesion,0.6126947402954102,present,Lung Opacity,0.5132308006286621,present,Enlarged Cardiomediastinum,0.45825308561325073,uncertain,Pleural_Thickening,,unavailable,,,not_computed,,"[""Consolidation"", ""Fracture"", ""Lung Lesion"", ""Lung Opacity"", ""Enlarged Cardiomediastinum""]","{""Atelectasis"": 0.2305462509393692, ""Cardiomegaly"": 0.016643207520246506, ""Consolidation"": 0.5053901672363281, ""Edema"": 0.0896109938621521, ""Effusion"": 0.18904361128807068, ""Emphysema"": 0.5043319463729858, ""Enlarged Cardiomediastinum"": 0.5132308006286621, ""Fibrosis"": 0.5118237137794495, ""Fracture"": 0.5023678541183472, ""Hernia"": 0.03177636116743088, ""Infiltration"": 0.5189388990402222, ""Lung Lesion"": 0.5102920532226562, ""Lung Opacity"": 0.6126947402954102, ""Mass"": 0.745690107345581, ""Nodule"": 0.7460058927536011, ""Pleural_Thickening"": 0.45825308561325073, ""Pneumonia"": 0.012211821973323822, ""Pneumothorax"": 0.4221891760826111}",retrieval_agent
patient00067/study4,patient00067/study4/view1_frontal.dcm,/home/jovyan/Desktop/MEDAGENT-X/data/raw/chexpert_plus/dicom_train/patient00067/study4/view1_frontal.dcm,torchxrayvision.DenseNet,densenet121-res224-all,cuda,0.5,0.2,"[""Atelectasis"", ""Consolidation"", ""Infiltration"", ""Pneumothorax"", ""Edema"", ""Emphysema"", ""Fibrosis"", ""Effusion"", ""Pneumonia"", ""Pleural_Thickening"", ""Cardiomegaly"", ""Nodule"", ""Mass"", ""Hernia"", ""Lung Lesion"", ""Fracture"", ""Lung Opacity"", ""Enlarged Cardiomediastinum""]",0.6288091540336609,present,Atelectasis,0.17305834591388702,absent,Cardiomegaly,0.5251330137252808,present,Consolidation,0.04008326306939125,absent,Edema,0.6132420301437378,present,Effusion,0.05891094356775284,absent,Pneumonia,0.505047082901001,present,Pneumothorax,0.5064907073974609,present,Fracture,0.15597690641880035,absent,Lung Lesion,0.6499118804931641,present,Lung Opacity,0.31350189447402954,uncertain,Enlarged Cardiomediastinum,0.28510695695877075,uncertain,Pleural_Thickening,,unavailable,,,not_computed,,"[""Atelectasis"", ""Consolidation"", ""Pleural Effusion"", ""Pneumothorax"", ""Fracture"", ""Lung Opacity""]","{""Atelectasis"": 0.6288091540336609, ""Cardiomegaly"": 0.17305834591388702, ""Consolidation"": 0.5251330137252808, ""Edema"": 0.04008326306939125, ""Effusion"": 0.6132420301437378, ""Emphysema"": 0.15255612134933472, ""Enlarged Cardiomediastinum"": 0.31350189447402954, ""Fibrosis"": 0.3785533607006073, ""Fracture"": 0.5064907073974609, ""Hernia"": 0.15497168898582458, ""Infiltration"": 0.5843105912208557, ""Lung Lesion"": 0.15597690641880035, ""Lung Opacity"": 0.6499118804931641, ""Mass"": 0.5271555781364441, ""Nodule"": 0.35787907242774963, ""Pleural_Thickening"": 0.28510695695877075, ""Pneumonia"": 0.05891094356775284, ""Pneumothorax"": 0.505047082901001}",retrieval_agent
patient00067/study3,patient00067/study3/view1_frontal.dcm,/home/jovyan/Desktop/MEDAGENT-X/data/raw/chexpert_plus/dicom_train/patient00067/study3/view1_frontal.dcm,torchxrayvision.DenseNet,densenet121-res224-all,cuda,0.5,0.2,"[""Atelectasis"", ""Consolidation"", ""Infiltration"", ""Pneumothorax"", ""Edema"", ""Emphysema"", ""Fibrosis"", ""Effusion"", ""Pneumonia"", ""Pleural_Thickening"", ""Cardiomegaly"", ""Nodule"", ""Mass"", ""Hernia"", ""Lung Lesion"", ""Fracture"", ""Lung Opacity"", ""Enlarged Cardiomediastinum""]",0.5093798637390137,present,Atelectasis,0.07374259829521179,absent,Cardiomegaly,0.5076438188552856,present,Consolidation,0.02724597044289112,absent,Edema,0.47234299778938293,uncertain,Effusion,0.17079423367977142,absent,Pneumonia,0.5086380243301392,present,Pneumothorax,0.3272409737110138,uncertain,Fracture,0.3892107903957367,uncertain,Lung Lesion,0.5025206804275513,present,Lung Opacity,0.5106561183929443,present,Enlarged Cardiomediastinum,0.3303286135196686,uncertain,Pleural_Thickening,,unavailable,,,not_computed,,"[""Atelectasis"", ""Consolidation"", ""Pneumothorax"", ""Lung Opacity"", ""Enlarged Cardiomediastinum""]","{""Atelectasis"": 0.5093798637390137, ""Cardiomegaly"": 0.07374259829521179, ""Consolidation"": 0.5076438188552856, ""Edema"": 0.02724597044289112, ""Effusion"": 0.47234299778938293, ""Emphysema"": 0.5001001954078674, ""Enlarged Cardiomediastinum"": 0.5106561183929443, ""Fibrosis"": 0.505567193031311, ""Fracture"": 0.3272409737110138, ""Hernia"": 0.006153326481580734, ""Infiltration"": 0.5299302339553833, ""Lung Lesion"": 0.3892107903957367, ""Lung Opacity"": 0.5025206804275513, ""Mass"": 0.6031451225280762, ""Nodule"": 0.5067348480224609, ""Pleural_Thickening"": 0.3303286135196686, ""Pneumonia"": 0.17079423367977142, ""Pneumothorax"": 0.5086380243301392}",retrieval_agent
patient00067/study1,patient00067/study1/view1_frontal.dcm,/home/jovyan/Desktop/MEDAGENT-X/data/raw/chexpert_plus/dicom_train/patient00067/study1/view1_frontal.dcm,torchxrayvision.DenseNet,densenet121-res224-all,cuda,0.5,0.2,"[""Atelectasis"", ""Consolidation"", ""Infiltration"", ""Pneumothorax"", ""Edema"", ""Emphysema"", ""Fibrosis"", ""Effusion"", ""Pneumonia"", ""Pleural_Thickening"", ""Cardiomegaly"", ""Nodule"", ""Mass"", ""Hernia"", ""Lung Lesion"", ""Fracture"", ""Lung Opacity"", ""Enlarged Cardiomediastinum""]",0.3691766560077667,uncertain,Atelectasis,0.14389780163764954,absent,Cardiomegaly,0.506624698638916,present,Consolidation,0.17416009306907654,absent,Edema,0.5009087324142456,present,Effusion,0.23343826830387115,uncertain,Pneumonia,0.5207600593566895,present,Pneumothorax,0.43065008521080017,uncertain,Fracture,0.014944501221179962,absent,Lung Lesion,0.6396307945251465,present,Lung Opacity,0.5259386301040649,present,Enlarged Cardiomediastinum,0.5040611028671265,present,Pleural_Thickening,,unavailable,,,not_computed,,"[""Consolidation"", ""Pleural Effusion"", ""Pneumothorax"", ""Lung Opacity"", ""Enlarged Cardiomediastinum"", ""Pleural Other""]","{""Atelectasis"": 0.3691766560077667, ""Cardiomegaly"": 0.14389780163764954, ""Consolidation"": 0.506624698638916, ""Edema"": 0.17416009306907654, ""Effusion"": 0.5009087324142456, ""Emphysema"": 0.50104159116745, ""Enlarged Cardiomediastinum"": 0.5259386301040649, ""Fibrosis"": 0.5066542625427246, ""Fracture"": 0.43065008521080017, ""Hernia"": 0.007864754647016525, ""Infiltration"": 0.5446507930755615, ""Lung Lesion"": 0.014944501221179962, ""Lung Opacity"": 0.6396307945251465, ""Mass"": 0.5402615070343018, ""Nodule"": 0.5018022656440735, ""Pleural_Thickening"": 0.5040611028671265, ""Pneumonia"": 0.23343826830387115, ""Pneumothorax"": 0.5207600593566895}",retrieval_agent
patient00067/study2,patient00067/study2/view1_frontal.dcm,/home/jovyan/Desktop/MEDAGENT-X/data/raw/chexpert_plus/dicom_train/patient00067/study2/view1_frontal.dcm,torchxrayvision.DenseNet,densenet121-res224-all,cuda,0.5,0.2,"[""Atelectasis"", ""Consolidation"", ""Infiltration"", ""Pneumothorax"", ""Edema"", ""Emphysema"", ""Fibrosis"", ""Effusion"", ""Pneumonia"", ""Pleural_Thickening"", ""Cardiomegaly"", ""Nodule"", ""Mass"", ""Hernia"", ""Lung Lesion"", ""Fracture"", ""Lung Opacity"", ""Enlarged Cardiomediastinum""]",0.5672042369842529,present,Atelectasis,0.5183267593383789,present,Cardiomegaly,0.5221724510192871,present,Consolidation,0.4372360110282898,uncertain,Edema,0.5360530614852905,present,Effusion,0.33127641677856445,uncertain,Pneumonia,0.5138967037200928,present,Pneumothorax,0.5108593702316284,present,Fracture,0.07915496826171875,absent,Lung Lesion,0.6807984113693237,present,Lung Opacity,0.5974298715591431,present,Enlarged Cardiomediastinum,0.2909800708293915,uncertain,Pleural_Thickening,,unavailable,,,not_computed,,"[""Atelectasis"", ""Cardiomegaly"", ""Consolidation"", ""Pleural Effusion"", ""Pneumothorax"", ""Fracture"", ""Lung Opacity"", ""Enlarged Cardiomediastinum""]","{""Atelectasis"": 0.5672042369842529, ""Cardiomegaly"": 0.5183267593383789, ""Consolidation"": 0.5221724510192871, ""Edema"": 0.4372360110282898, ""Effusion"": 0.5360530614852905, ""Emphysema"": 0.5008125901222229, ""Enlarged Cardiomediastinum"": 0.5974298715591431, ""Fibrosis"": 0.5014811158180237, ""Fracture"": 0.5108593702316284, ""Hernia"": 0.04847782850265503, ""Infiltration"": 0.5459336042404175, ""Lung Lesion"": 0.07915496826171875, ""Lung Opacity"": 0.6807984113693237, ""Mass"": 0.5377190709114075, ""Nodule"": 0.504757285118103, ""Pleural_Thickening"": 0.2909800708293915, ""Pneumonia"": 0.33127641677856445, ""Pneumothorax"": 0.5138967037200928}",retrieval_agent
patient00068/study1,patient00068/study1/view1_frontal.dcm,/home/jovyan/Desktop/MEDAGENT-X/data/raw/chexpert_plus/dicom_train/patient00068/study1/view1_frontal.dcm,torchxrayvision.DenseNet,densenet121-res224-all,cuda,0.5,0.2,"[""Atelectasis"", ""Consolidation"", ""Infiltration"", ""Pneumothorax"", ""Edema"", ""Emphysema"", ""Fibrosis"", ""Effusion"", ""Pneumonia"", ""Pleural_Thickening"", ""Cardiomegaly"", ""Nodule"", ""Mass"", ""Hernia"", ""Lung Lesion"", ""Fracture"", ""Lung Opacity"", ""Enlarged Cardiomediastinum""]",0.5313136577606201,present,Atelectasis,0.6007610559463501,present,Cardiomegaly,0.516804575920105,present,Consolidation,0.26014405488967896,uncertain,Edema,0.4791780710220337,uncertain,Effusion,0.06382802873849869,absent,Pneumonia,0.3043191432952881,uncertain,Pneumothorax,0.5100725293159485,present,Fracture,0.09872450679540634,absent,Lung Lesion,0.5466558933258057,present,Lung Opacity,0.5115681886672974,present,Enlarged Cardiomediastinum,0.21413806080818176,uncertain,Pleural_Thickening,,unavailable,,,not_computed,,"[""Atelectasis"", ""Cardiomegaly"", ""Consolidation"", ""Fracture"", ""Lung Opacity"", ""Enlarged Cardiomediastinum""]","{""Atelectasis"": 0.5313136577606201, ""Cardiomegaly"": 0.6007610559463501, ""Consolidation"": 0.516804575920105, ""Edema"": 0.26014405488967896, ""Effusion"": 0.4791780710220337, ""Emphysema"": 0.5124963521957397, ""Enlarged Cardiomediastinum"": 0.5115681886672974, ""Fibrosis"": 0.5045764446258545, ""Fracture"": 0.5100725293159485, ""Hernia"": 0.03441247344017029, ""Infiltration"": 0.3597894608974457, ""Lung Lesion"": 0.09872450679540634, ""Lung Opacity"": 0.5466558933258057, ""Mass"": 0.6076135039329529, ""Nodule"": 0.5595316290855408, ""Pleural_Thickening"": 0.21413806080818176, ""Pneumonia"": 0.06382802873849869, ""Pneumothorax"": 0.3043191432952881}",retrieval_agent
patient00070/study1,patient00070/study1/view1_frontal.dcm,/home/jovyan/Desktop/MEDAGENT-X/data/raw/chexpert_plus/dicom_train/patient00070/study1/view1_frontal.dcm,torchxrayvision.DenseNet,densenet121-res224-all,cuda,0.5,0.2,"[""Atelectasis"", ""Consolidation"", ""Infiltration"", ""Pneumothorax"", ""Edema"", ""Emphysema"", ""Fibrosis"", ""Effusion"", ""Pneumonia"", ""Pleural_Thickening"", ""Cardiomegaly"", ""Nodule"", ""Mass"", ""Hernia"", ""Lung Lesion"", ""Fracture"", ""Lung Opacity"", ""Enlarged Cardiomediastinum""]",0.18546299636363983,absent,Atelectasis,0.12403823435306549,absent,Cardiomegaly,0.1287175416946411,absent,Consolidation,0.0017024007393047214,absent,Edema,0.05918491631746292,absent,Effusion,0.012018214911222458,absent,Pneumonia,0.07659066468477249,absent,Pneumothorax,0.0377311110496521,absent,Fracture,0.0001522853854112327,absent,Lung Lesion,0.13153500854969025,absent,Lung Opacity,0.06380720436573029,absent,Enlarged Cardiomediastinum,0.08361999690532684,absent,Pleural_Thickening,,unavailable,,,not_computed,,[],"{""Atelectasis"": 0.18546299636363983, ""Cardiomegaly"": 0.12403823435306549, ""Consolidation"": 0.1287175416946411, ""Edema"": 0.0017024007393047214, ""Effusion"": 0.05918491631746292, ""Emphysema"": 0.06915824860334396, ""Enlarged Cardiomediastinum"": 0.06380720436573029, ""Fibrosis"": 0.20251666009426117, ""Fracture"": 0.0377311110496521, ""Hernia"": 0.006786246784031391, ""Infiltration"": 0.15802261233329773, ""Lung Lesion"": 0.0001522853854112327, ""Lung Opacity"": 0.13153500854969025, ""Mass"": 0.08142662048339844, ""Nodule"": 0.1842462420463562, ""Pleural_Thickening"": 0.08361999690532684, ""Pneumonia"": 0.012018214911222458, ""Pneumothorax"": 0.07659066468477249}",retrieval_agent
patient00076/study1,patient00076/study1/view1_frontal.dcm,/home/jovyan/Desktop/MEDAGENT-X/data/raw/chexpert_plus/dicom_train/patient00076/study1/view1_frontal.dcm,torchxrayvision.DenseNet,densenet121-res224-all,cuda,0.5,0.2,"[""Atelectasis"", ""Consolidation"", ""Infiltration"", ""Pneumothorax"", ""Edema"", ""Emphysema"", ""Fibrosis"", ""Effusion"", ""Pneumonia"", ""Pleural_Thickening"", ""Cardiomegaly"", ""Nodule"", ""Mass"", ""Hernia"", ""Lung Lesion"", ""Fracture"", ""Lung Opacity"", ""Enlarged Cardiomediastinum""]",0.5726145505905151,present,Atelectasis,0.559044361114502,present,Cardiomegaly,0.5338634252548218,present,Consolidation,0.5175568461418152,present,Edema,0.5600975751876831,present,Effusion,0.07161460816860199,absent,Pneumonia,0.5013641715049744,present,Pneumothorax,0.5050857663154602,present,Fracture,0.013444507494568825,absent,Lung Lesion,0.8123733997344971,present,Lung Opacity,0.5399282574653625,present,Enlarged Cardiomediastinum,0.10907470434904099,absent,Pleural_Thickening,,unavailable,,,not_computed,,"[""Atelectasis"", ""Cardiomegaly"", ""Consolidation"", ""Edema"", ""Pleural Effusion"", ""Pneumothorax"", ""Fracture"", ""Lung Opacity"", ""Enlarged Cardiomediastinum""]","{""Atelectasis"": 0.5726145505905151, ""Cardiomegaly"": 0.559044361114502, ""Consolidation"": 0.5338634252548218, ""Edema"": 0.5175568461418152, ""Effusion"": 0.5600975751876831, ""Emphysema"": 0.16008546948432922, ""Enlarged Cardiomediastinum"": 0.5399282574653625, ""Fibrosis"": 0.2401793748140335, ""Fracture"": 0.5050857663154602, ""Hernia"": 0.011409987695515156, ""Infiltration"": 0.5572301149368286, ""Lung Lesion"": 0.013444507494568825, ""Lung Opacity"": 0.8123733997344971, ""Mass"": 0.5096949934959412, ""Nodule"": 0.5019875764846802, ""Pleural_Thickening"": 0.10907470434904099, ""Pneumonia"": 0.07161460816860199, ""Pneumothorax"": 0.5013641715049744}",retrieval_agent
patient00078/study6,patient00078/study6/view1_frontal.dcm,/home/jovyan/Desktop/MEDAGENT-X/data/raw/chexpert_plus/dicom_train/patient00078/study6/view1_frontal.dcm,torchxrayvision.DenseNet,densenet121-res224-all,cuda,0.5,0.2,"[""Atelectasis"", ""Consolidation"", ""Infiltration"", ""Pneumothorax"", ""Edema"", ""Emphysema"", ""Fibrosis"", ""Effusion"", ""Pneumonia"", ""Pleural_Thickening"", ""Cardiomegaly"", ""Nodule"", ""Mass"", ""Hernia"", ""Lung Lesion"", ""Fracture"", ""Lung Opacity"", ""Enlarged Cardiomediastinum""]",0.3381580114364624,uncertain,Atelectasis,0.005684938747435808,absent,Cardiomegaly,0.5007158517837524,present,Consolidation,0.001813559327274561,absent,Edema,0.1794813722372055,absent,Effusion,0.00939781405031681,absent,Pneumonia,0.5003597736358643,present,Pneumothorax,0.5074832439422607,present,Fracture,0.0009259938960894942,absent,Lung Lesion,0.2776373326778412,uncertain,Lung Opacity,0.03568711876869202,absent,Enlarged Cardiomediastinum,0.21315063536167145,uncertain,Pleural_Thickening,,unavailable,,,not_computed,,"[""Consolidation"", ""Pneumothorax"", ""Fracture""]","{""Atelectasis"": 0.3381580114364624, ""Cardiomegaly"": 0.005684938747435808, ""Consolidation"": 0.5007158517837524, ""Edema"": 0.001813559327274561, ""Effusion"": 0.1794813722372055, ""Emphysema"": 0.41184183955192566, ""Enlarged Cardiomediastinum"": 0.03568711876869202, ""Fibrosis"": 0.3373873829841614, ""Fracture"": 0.5074832439422607, ""Hernia"": 0.02179301157593727, ""Infiltration"": 0.19585564732551575, ""Lung Lesion"": 0.0009259938960894942, ""Lung Opacity"": 0.2776373326778412, ""Mass"": 0.5277291536331177, ""Nodule"": 0.4854905605316162, ""Pleural_Thickening"": 0.21315063536167145, ""Pneumonia"": 0.00939781405031681, ""Pneumothorax"": 0.5003597736358643}",retrieval_agent
patient00078/study7,patient00078/study7/view1_frontal.dcm,/home/jovyan/Desktop/MEDAGENT-X/data/raw/chexpert_plus/dicom_train/patient00078/study7/view1_frontal.dcm,torchxrayvision.DenseNet,densenet121-res224-all,cuda,0.5,0.2,"[""Atelectasis"", ""Consolidation"", ""Infiltration"", ""Pneumothorax"", ""Edema"", ""Emphysema"", ""Fibrosis"", ""Effusion"", ""Pneumonia"", ""Pleural_Thickening"", ""Cardiomegaly"", ""Nodule"", ""Mass"", ""Hernia"", ""Lung Lesion"", ""Fracture"", ""Lung Opacity"", ""Enlarged Cardiomediastinum""]",0.30378249287605286,uncertain,Atelectasis,0.015474861487746239,absent,Cardiomegaly,0.5101407170295715,present,Consolidation,0.0033813458867371082,absent,Edema,0.24466010928153992,uncertain,Effusion,0.01511919591575861,absent,Pneumonia,0.5001653432846069,present,Pneumothorax,0.5094785690307617,present,Fracture,0.0030852430500090122,absent,Lung Lesion,0.27312320470809937,uncertain,Lung Opacity,0.06630001217126846,absent,Enlarged Cardiomediastinum,0.42939987778663635,uncertain,Pleural_Thickening,,unavailable,,,not_computed,,"[""Consolidation"", ""Pneumothorax"", ""Fracture""]","{""Atelectasis"": 0.30378249287605286, ""Cardiomegaly"": 0.015474861487746239, ""Consolidation"": 0.5101407170295715, ""Edema"": 0.0033813458867371082, ""Effusion"": 0.24466010928153992, ""Emphysema"": 0.4532507061958313, ""Enlarged Cardiomediastinum"": 0.06630001217126846, ""Fibrosis"": 0.5005501508712769, ""Fracture"": 0.5094785690307617, ""Hernia"": 0.059129148721694946, ""Infiltration"": 0.2763519883155823, ""Lung Lesion"": 0.0030852430500090122, ""Lung Opacity"": 0.27312320470809937, ""Mass"": 0.5338313579559326, ""Nodule"": 0.50421142578125, ""Pleural_Thickening"": 0.42939987778663635, ""Pneumonia"": 0.01511919591575861, ""Pneumothorax"": 0.5001653432846069}",retrieval_agent
patient00078/study9,patient00078/study9/view1_frontal.dcm,/home/jovyan/Desktop/MEDAGENT-X/data/raw/chexpert_plus/dicom_train/patient00078/study9/view1_frontal.dcm,torchxrayvision.DenseNet,densenet121-res224-all,cuda,0.5,0.2,"[""Atelectasis"", ""Consolidation"", ""Infiltration"", ""Pneumothorax"", ""Edema"", ""Emphysema"", ""Fibrosis"", ""Effusion"", ""Pneumonia"", ""Pleural_Thickening"", ""Cardiomegaly"", ""Nodule"", ""Mass"", ""Hernia"", ""Lung Lesion"", ""Fracture"", ""Lung Opacity"", ""Enlarged Cardiomediastinum""]",0.16307657957077026,absent,Atelectasis,0.01454207208007574,absent,Cardiomegaly,0.2497415989637375,uncertain,Consolidation,0.00329419132322073,absent,Edema,0.15275990962982178,absent,Effusion,0.009031858295202255,absent,Pneumonia,0.2628098726272583,uncertain,Pneumothorax,0.5032947063446045,present,Fracture,0.0016888984246179461,absent,Lung Lesion,0.12183452397584915,absent,Lung Opacity,0.03183857351541519,absent,Enlarged Cardiomediastinum,0.1052737608551979,absent,Pleural_Thickening,,unavailable,,,not_computed,,"[""Fracture""]","{""Atelectasis"": 0.16307657957077026, ""Cardiomegaly"": 0.01454207208007574, ""Consolidation"": 0.2497415989637375, ""Edema"": 0.00329419132322073, ""Effusion"": 0.15275990962982178, ""Emphysema"": 0.5000298023223877, ""Enlarged Cardiomediastinum"": 0.03183857351541519, ""Fibrosis"": 0.26142606139183044, ""Fracture"": 0.5032947063446045, ""Hernia"": 0.009630824439227581, ""Infiltration"": 0.10602112859487534, ""Lung Lesion"": 0.0016888984246179461, ""Lung Opacity"": 0.12183452397584915, ""Mass"": 0.5017883777618408, ""Nodule"": 0.32530075311660767, ""Pleural_Thickening"": 0.1052737608551979, ""Pneumonia"": 0.009031858295202255, ""Pneumothorax"": 0.2628098726272583}",retrieval_agent
patient00078/study5,patient00078/study5/view1_frontal.dcm,/home/jovyan/Desktop/MEDAGENT-X/data/raw/chexpert_plus/dicom_train/patient00078/study5/view1_frontal.dcm,torchxrayvision.DenseNet,densenet121-res224-all,cuda,0.5,0.2,"[""Atelectasis"", ""Consolidation"", ""Infiltration"", ""Pneumothorax"", ""Edema"", ""Emphysema"", ""Fibrosis"", ""Effusion"", ""Pneumonia"", ""Pleural_Thickening"", ""Cardiomegaly"", ""Nodule"", ""Mass"", ""Hernia"", ""Lung Lesion"", ""Fracture"", ""Lung Opacity"", ""Enlarged Cardiomediastinum""]",0.5054172873497009,present,Atelectasis,0.00841833557933569,absent,Cardiomegaly,0.1812555491924286,absent,Consolidation,0.0024389338213950396,absent,Edema,0.09449920058250427,absent,Effusion,0.005481299012899399,absent,Pneumonia,0.2006625533103943,uncertain,Pneumothorax,0.5108932852745056,present,Fracture,0.002074163407087326,absent,Lung Lesion,0.35048234462738037,uncertain,Lung Opacity,0.05399756506085396,absent,Enlarged Cardiomediastinum,0.042654410004615784,absent,Pleural_Thickening,,unavailable,,,not_computed,,"[""Atelectasis"", ""Fracture""]","{""Atelectasis"": 0.5054172873497009, ""Cardiomegaly"": 0.00841833557933569, ""Consolidation"": 0.1812555491924286, ""Edema"": 0.0024389338213950396, ""Effusion"": 0.09449920058250427, ""Emphysema"": 0.5002714991569519, ""Enlarged Cardiomediastinum"": 0.05399756506085396, ""Fibrosis"": 0.4213988482952118, ""Fracture"": 0.5108932852745056, ""Hernia"": 0.013583422638475895, ""Infiltration"": 0.20568998157978058, ""Lung Lesion"": 0.002074163407087326, ""Lung Opacity"": 0.35048234462738037, ""Mass"": 0.5129488706588745, ""Nodule"": 0.5028800964355469, ""Pleural_Thickening"": 0.042654410004615784, ""Pneumonia"": 0.005481299012899399, ""Pneumothorax"": 0.2006625533103943}",retrieval_agent
patient00078/study4,patient00078/study4/view1_frontal.dcm,/home/jovyan/Desktop/MEDAGENT-X/data/raw/chexpert_plus/dicom_train/patient00078/study4/view1_frontal.dcm,torchxrayvision.DenseNet,densenet121-res224-all,cuda,0.5,0.2,"[""Atelectasis"", ""Consolidation"", ""Infiltration"", ""Pneumothorax"", ""Edema"", ""Emphysema"", ""Fibrosis"", ""Effusion"", ""Pneumonia"", ""Pleural_Thickening"", ""Cardiomegaly"", ""Nodule"", ""Mass"", ""Hernia"", ""Lung Lesion"", ""Fracture"", ""Lung Opacity"", ""Enlarged Cardiomediastinum""]",0.137889564037323,absent,Atelectasis,0.045326489955186844,absent,Cardiomegaly,0.1850598007440567,absent,Consolidation,0.045320820063352585,absent,Edema,0.05887529253959656,absent,Effusion,0.02796914614737034,absent,Pneumonia,0.5035662055015564,present,Pneumothorax,0.5014882683753967,present,Fracture,0.0032674421090632677,absent,Lung Lesion,0.3400164544582367,uncertain,Lung Opacity,0.19918960332870483,absent,Enlarged Cardiomediastinum,0.1428634375333786,absent,Pleural_Thickening,,unavailable,,,not_computed,,"[""Pneumothorax"", ""Fracture""]","{""Atelectasis"": 0.137889564037323, ""Cardiomegaly"": 0.045326489955186844, ""Consolidation"": 0.1850598007440567, ""Edema"": 0.045320820063352585, ""Effusion"": 0.05887529253959656, ""Emphysema"": 0.26167088747024536, ""Enlarged Cardiomediastinum"": 0.19918960332870483, ""Fibrosis"": 0.28816869854927063, ""Fracture"": 0.5014882683753967, ""Hernia"": 0.0010325562907382846, ""Infiltration"": 0.45736128091812134, ""Lung Lesion"": 0.0032674421090632677, ""Lung Opacity"": 0.3400164544582367, ""Mass"": 0.24546851217746735, ""Nodule"": 0.2697950005531311, ""Pleural_Thickening"": 0.1428634375333786, ""Pneumonia"": 0.02796914614737034, ""Pneumothorax"": 0.5035662055015564}",retrieval_agent
patient00078/study1,patient00078/study1/view1_frontal.dcm,/home/jovyan/Desktop/MEDAGENT-X/data/raw/chexpert_plus/dicom_train/patient00078/study1/view1_frontal.dcm,torchxrayvision.DenseNet,densenet121-res224-all,cuda,0.5,0.2,"[""Atelectasis"", ""Consolidation"", ""Infiltration"", ""Pneumothorax"", ""Edema"", ""Emphysema"", ""Fibrosis"", ""Effusion"", ""Pneumonia"", ""Pleural_Thickening"", ""Cardiomegaly"", ""Nodule"", ""Mass"", ""Hernia"", ""Lung Lesion"", ""Fracture"", ""Lung Opacity"", ""Enlarged Cardiomediastinum""]",0.05464651808142662,absent,Atelectasis,0.002905356464907527,absent,Cardiomegaly,0.16267503798007965,absent,Consolidation,0.004192717839032412,absent,Edema,0.08304280787706375,absent,Effusion,0.004902517888695002,absent,Pneumonia,0.5047065615653992,present,Pneumothorax,0.3144250810146332,uncertain,Fracture,0.0016016536392271519,absent,Lung Lesion,0.1544782519340515,absent,Lung Opacity,0.06770151108503342,absent,Enlarged Cardiomediastinum,0.5049234628677368,present,Pleural_Thickening,,unavailable,,,not_computed,,"[""Pneumothorax"", ""Pleural Other""]","{""Atelectasis"": 0.05464651808142662, ""Cardiomegaly"": 0.002905356464907527, ""Consolidation"": 0.16267503798007965, ""Edema"": 0.004192717839032412, ""Effusion"": 0.08304280787706375, ""Emphysema"": 0.46789950132369995, ""Enlarged Cardiomediastinum"": 0.06770151108503342, ""Fibrosis"": 0.5032429695129395, ""Fracture"": 0.3144250810146332, ""Hernia"": 0.004555891267955303, ""Infiltration"": 0.2949434518814087, ""Lung Lesion"": 0.0016016536392271519, ""Lung Opacity"": 0.1544782519340515, ""Mass"": 0.5137290954589844, ""Nodule"": 0.5028722286224365, ""Pleural_Thickening"": 0.5049234628677368, ""Pneumonia"": 0.004902517888695002, ""Pneumothorax"": 0.5047065615653992}",retrieval_agent
patient00078/study8,patient00078/study8/view1_frontal.dcm,/home/jovyan/Desktop/MEDAGENT-X/data/raw/chexpert_plus/dicom_train/patient00078/study8/view1_frontal.dcm,torchxrayvision.DenseNet,densenet121-res224-all,cuda,0.5,0.2,"[""Atelectasis"", ""Consolidation"", ""Infiltration"", ""Pneumothorax"", ""Edema"", ""Emphysema"", ""Fibrosis"", ""Effusion"", ""Pneumonia"", ""Pleural_Thickening"", ""Cardiomegaly"", ""Nodule"", ""Mass"", ""Hernia"", ""Lung Lesion"", ""Fracture"", ""Lung Opacity"", ""Enlarged Cardiomediastinum""]",0.04492875933647156,absent,Atelectasis,0.0014278377639129758,absent,Cardiomegaly,0.12187669426202774,absent,Consolidation,0.00044043402886018157,absent,Edema,0.03416776284575462,absent,Effusion,0.0013391264947131276,absent,Pneumonia,0.31373342871665955,uncertain,Pneumothorax,0.21805137395858765,uncertain,Fracture,0.0008536474779248238,absent,Lung Lesion,0.08421105146408081,absent,Lung Opacity,0.03486539050936699,absent,Enlarged Cardiomediastinum,0.14625723659992218,absent,Pleural_Thickening,,unavailable,,,not_computed,,[],"{""Atelectasis"": 0.04492875933647156, ""Cardiomegaly"": 0.0014278377639129758, ""Consolidation"": 0.12187669426202774, ""Edema"": 0.00044043402886018157, ""Effusion"": 0.03416776284575462, ""Emphysema"": 0.4798901379108429, ""Enlarged Cardiomediastinum"": 0.03486539050936699, ""Fibrosis"": 0.41825348138809204, ""Fracture"": 0.21805137395858765, ""Hernia"": 0.006449333857744932, ""Infiltration"": 0.244770348072052, ""Lung Lesion"": 0.0008536474779248238, ""Lung Opacity"": 0.08421105146408081, ""Mass"": 0.5050633549690247, ""Nodule"": 0.24824483692646027, ""Pleural_Thickening"": 0.14625723659992218, ""Pneumonia"": 0.0013391264947131276, ""Pneumothorax"": 0.31373342871665955}",retrieval_agent
patient00078/study3,patient00078/study3/view1_frontal.dcm,/home/jovyan/Desktop/MEDAGENT-X/data/raw/chexpert_plus/dicom_train/patient00078/study3/view1_frontal.dcm,torchxrayvision.DenseNet,densenet121-res224-all,cuda,0.5,0.2,"[""Atelectasis"", ""Consolidation"", ""Infiltration"", ""Pneumothorax"", ""Edema"", ""Emphysema"", ""Fibrosis"", ""Effusion"", ""Pneumonia"", ""Pleural_Thickening"", ""Cardiomegaly"", ""Nodule"", ""Mass"", ""Hernia"", ""Lung Lesion"", ""Fracture"", ""Lung Opacity"", ""Enlarged Cardiomediastinum""]",0.5123481750488281,present,Atelectasis,0.10279013216495514,absent,Cardiomegaly,0.506557822227478,present,Consolidation,0.31174829602241516,uncertain,Edema,0.5388944745063782,present,Effusion,0.07426419854164124,absent,Pneumonia,0.5169486999511719,present,Pneumothorax,0.5197476148605347,present,Fracture,0.017209982499480247,absent,Lung Lesion,0.6149276494979858,present,Lung Opacity,0.23402002453804016,uncertain,Enlarged Cardiomediastinum,0.37745043635368347,uncertain,Pleural_Thickening,,unavailable,,,not_computed,,"[""Atelectasis"", ""Consolidation"", ""Pleural Effusion"", ""Pneumothorax"", ""Fracture"", ""Lung Opacity""]","{""Atelectasis"": 0.5123481750488281, ""Cardiomegaly"": 0.10279013216495514, ""Consolidation"": 0.506557822227478, ""Edema"": 0.31174829602241516, ""Effusion"": 0.5388944745063782, ""Emphysema"": 0.5028631687164307, ""Enlarged Cardiomediastinum"": 0.23402002453804016, ""Fibrosis"": 0.5074319839477539, ""Fracture"": 0.5197476148605347, ""Hernia"": 0.009114040061831474, ""Infiltration"": 0.5014607906341553, ""Lung Lesion"": 0.017209982499480247, ""Lung Opacity"": 0.6149276494979858, ""Mass"": 0.505614161491394, ""Nodule"": 0.5041931867599487, ""Pleural_Thickening"": 0.37745043635368347, ""Pneumonia"": 0.07426419854164124, ""Pneumothorax"": 0.5169486999511719}",retrieval_agent
patient00078/study2,patient00078/study2/view1_frontal.dcm,/home/jovyan/Desktop/MEDAGENT-X/data/raw/chexpert_plus/dicom_train/patient00078/study2/view1_frontal.dcm,torchxrayvision.DenseNet,densenet121-res224-all,cuda,0.5,0.2,"[""Atelectasis"", ""Consolidation"", ""Infiltration"", ""Pneumothorax"", ""Edema"", ""Emphysema"", ""Fibrosis"", ""Effusion"", ""Pneumonia"", ""Pleural_Thickening"", ""Cardiomegaly"", ""Nodule"", ""Mass"", ""Hernia"", ""Lung Lesion"", ""Fracture"", ""Lung Opacity"", ""Enlarged Cardiomediastinum""]",0.5089646577835083,present,Atelectasis,0.01362816896289587,absent,Cardiomegaly,0.5220515131950378,present,Consolidation,0.011993746273219585,absent,Edema,0.40484967827796936,uncertain,Effusion,0.05182424187660217,absent,Pneumonia,0.5289030075073242,present,Pneumothorax,0.528954267501831,present,Fracture,0.014077882282435894,absent,Lung Lesion,0.5471594333648682,present,Lung Opacity,0.31567224860191345,uncertain,Enlarged Cardiomediastinum,0.5401766896247864,present,Pleural_Thickening,,unavailable,,,not_computed,,"[""Atelectasis"", ""Consolidation"", ""Pneumothorax"", ""Fracture"", ""Lung Opacity"", ""Pleural Other""]","{""Atelectasis"": 0.5089646577835083, ""Cardiomegaly"": 0.01362816896289587, ""Consolidation"": 0.5220515131950378, ""Edema"": 0.011993746273219585, ""Effusion"": 0.40484967827796936, ""Emphysema"": 0.5008346438407898, ""Enlarged Cardiomediastinum"": 0.31567224860191345, ""Fibrosis"": 0.5159713625907898, ""Fracture"": 0.528954267501831, ""Hernia"": 0.013072296977043152, ""Infiltration"": 0.5274959802627563, ""Lung Lesion"": 0.014077882282435894, ""Lung Opacity"": 0.5471594333648682, ""Mass"": 0.6376093029975891, ""Nodule"": 0.5075857639312744, ""Pleural_Thickening"": 0.5401766896247864, ""Pneumonia"": 0.05182424187660217, ""Pneumothorax"": 0.5289030075073242}",retrieval_agent
patient00087/study3,patient00087/study3/view1_frontal.dcm,/home/jovyan/Desktop/MEDAGENT-X/data/raw/chexpert_plus/dicom_train/patient00087/study3/view1_frontal.dcm,torchxrayvision.DenseNet,densenet121-res224-all,cuda,0.5,0.2,"[""Atelectasis"", ""Consolidation"", ""Infiltration"", ""Pneumothorax"", ""Edema"", ""Emphysema"", ""Fibrosis"", ""Effusion"", ""Pneumonia"", ""Pleural_Thickening"", ""Cardiomegaly"", ""Nodule"", ""Mass"", ""Hernia"", ""Lung Lesion"", ""Fracture"", ""Lung Opacity"", ""Enlarged Cardiomediastinum""]",0.5502281188964844,present,Atelectasis,0.5169672966003418,present,Cardiomegaly,0.5218507647514343,present,Consolidation,0.1829465627670288,absent,Edema,0.5052131414413452,present,Effusion,0.4873763918876648,uncertain,Pneumonia,0.507098913192749,present,Pneumothorax,0.5025283098220825,present,Fracture,0.5087001323699951,present,Lung Lesion,0.5219852924346924,present,Lung Opacity,0.5031386613845825,present,Enlarged Cardiomediastinum,0.5353779792785645,present,Pleural_Thickening,,unavailable,,,not_computed,,"[""Atelectasis"", ""Cardiomegaly"", ""Consolidation"", ""Pleural Effusion"", ""Pneumothorax"", ""Fracture"", ""Lung Lesion"", ""Lung Opacity"", ""Enlarged Cardiomediastinum"", ""Pleural Other""]","{""Atelectasis"": 0.5502281188964844, ""Cardiomegaly"": 0.5169672966003418, ""Consolidation"": 0.5218507647514343, ""Edema"": 0.1829465627670288, ""Effusion"": 0.5052131414413452, ""Emphysema"": 0.5068152546882629, ""Enlarged Cardiomediastinum"": 0.5031386613845825, ""Fibrosis"": 0.5676307678222656, ""Fracture"": 0.5025283098220825, ""Hernia"": 0.33185428380966187, ""Infiltration"": 0.5518519878387451, ""Lung Lesion"": 0.5087001323699951, ""Lung Opacity"": 0.5219852924346924, ""Mass"": 0.5811337232589722, ""Nodule"": 0.533571720123291, ""Pleural_Thickening"": 0.5353779792785645, ""Pneumonia"": 0.4873763918876648, ""Pneumothorax"": 0.507098913192749}",retrieval_agent
patient00087/study3,patient00087/study3/view2_frontal.dcm,/home/jovyan/Desktop/MEDAGENT-X/data/raw/chexpert_plus/dicom_train/patient00087/study3/view2_frontal.dcm,torchxrayvision.DenseNet,densenet121-res224-all,cuda,0.5,0.2,"[""Atelectasis"", ""Consolidation"", ""Infiltration"", ""Pneumothorax"", ""Edema"", ""Emphysema"", ""Fibrosis"", ""Effusion"", ""Pneumonia"", ""Pleural_Thickening"", ""Cardiomegaly"", ""Nodule"", ""Mass"", ""Hernia"", ""Lung Lesion"", ""Fracture"", ""Lung Opacity"", ""Enlarged Cardiomediastinum""]",0.5186265707015991,present,Atelectasis,0.4860759675502777,uncertain,Cardiomegaly,0.5066418647766113,present,Consolidation,0.0038964867126196623,absent,Edema,0.3210833668708801,uncertain,Effusion,0.018638944253325462,absent,Pneumonia,0.3689408004283905,uncertain,Pneumothorax,0.22219067811965942,uncertain,Fracture,0.010364148765802383,absent,Lung Lesion,0.2888290286064148,uncertain,Lung Opacity,0.19566428661346436,absent,Enlarged Cardiomediastinum,0.5228095054626465,present,Pleural_Thickening,,unavailable,,,not_computed,,"[""Atelectasis"", ""Consolidation"", ""Pleural Other""]","{""Atelectasis"": 0.5186265707015991, ""Cardiomegaly"": 0.4860759675502777, ""Consolidation"": 0.5066418647766113, ""Edema"": 0.0038964867126196623, ""Effusion"": 0.3210833668708801, ""Emphysema"": 0.5075905323028564, ""Enlarged Cardiomediastinum"": 0.19566428661346436, ""Fibrosis"": 0.521160364151001, ""Fracture"": 0.22219067811965942, ""Hernia"": 0.2981318235397339, ""Infiltration"": 0.41112175583839417, ""Lung Lesion"": 0.010364148765802383, ""Lung Opacity"": 0.2888290286064148, ""Mass"": 0.527145504951477, ""Nodule"": 0.5169092416763306, ""Pleural_Thickening"": 0.5228095054626465, ""Pneumonia"": 0.018638944253325462, ""Pneumothorax"": 0.3689408004283905}",retrieval_agent
patient00087/study3,patient00087/study3/view3_lateral.dcm,/home/jovyan/Desktop/MEDAGENT-X/data/raw/chexpert_plus/dicom_train/patient00087/study3/view3_lateral.dcm,torchxrayvision.DenseNet,densenet121-res224-all,cuda,0.5,0.2,"[""Atelectasis"", ""Consolidation"", ""Infiltration"", ""Pneumothorax"", ""Edema"", ""Emphysema"", ""Fibrosis"", ""Effusion"", ""Pneumonia"", ""Pleural_Thickening"", ""Cardiomegaly"", ""Nodule"", ""Mass"", ""Hernia"", ""Lung Lesion"", ""Fracture"", ""Lung Opacity"", ""Enlarged Cardiomediastinum""]",0.5025883913040161,present,Atelectasis,0.06867580115795135,absent,Cardiomegaly,0.5263129472732544,present,Consolidation,0.04214093089103699,absent,Edema,0.4211995005607605,uncertain,Effusion,0.30302175879478455,uncertain,Pneumonia,0.5105709433555603,present,Pneumothorax,0.504901647567749,present,Fracture,0.0021035457029938698,absent,Lung Lesion,0.772556722164154,present,Lung Opacity,0.5032498240470886,present,Enlarged Cardiomediastinum,0.46687063574790955,uncertain,Pleural_Thickening,,unavailable,,,not_computed,,"[""Atelectasis"", ""Consolidation"", ""Pneumothorax"", ""Fracture"", ""Lung Opacity"", ""Enlarged Cardiomediastinum""]","{""Atelectasis"": 0.5025883913040161, ""Cardiomegaly"": 0.06867580115795135, ""Consolidation"": 0.5263129472732544, ""Edema"": 0.04214093089103699, ""Effusion"": 0.4211995005607605, ""Emphysema"": 0.5013245940208435, ""Enlarged Cardiomediastinum"": 0.5032498240470886, ""Fibrosis"": 0.5016686916351318, ""Fracture"": 0.504901647567749, ""Hernia"": 0.020749012008309364, ""Infiltration"": 0.5025577545166016, ""Lung Lesion"": 0.0021035457029938698, ""Lung Opacity"": 0.772556722164154, ""Mass"": 0.5419977903366089, ""Nodule"": 0.5038496255874634, ""Pleural_Thickening"": 0.46687063574790955, ""Pneumonia"": 0.30302175879478455, ""Pneumothorax"": 0.5105709433555603}",retrieval_agent
patient00087/study1,patient00087/study1/view1_frontal.dcm,/home/jovyan/Desktop/MEDAGENT-X/data/raw/chexpert_plus/dicom_train/patient00087/study1/view1_frontal.dcm,torchxrayvision.DenseNet,densenet121-res224-all,cuda,0.5,0.2,"[""Atelectasis"", ""Consolidation"", ""Infiltration"", ""Pneumothorax"", ""Edema"", ""Emphysema"", ""Fibrosis"", ""Effusion"", ""Pneumonia"", ""Pleural_Thickening"", ""Cardiomegaly"", ""Nodule"", ""Mass"", ""Hernia"", ""Lung Lesion"", ""Fracture"", ""Lung Opacity"", ""Enlarged Cardiomediastinum""]",0.5624341368675232,present,Atelectasis,0.5163900852203369,present,Cardiomegaly,0.5232527256011963,present,Consolidation,0.5037569403648376,present,Edema,0.4757647216320038,uncertain,Effusion,0.06967224180698395,absent,Pneumonia,0.27752774953842163,uncertain,Pneumothorax,0.4908756613731384,uncertain,Fracture,0.04072012007236481,absent,Lung Lesion,0.6195867657661438,present,Lung Opacity,0.5104642510414124,present,Enlarged Cardiomediastinum,0.5018295645713806,present,Pleural_Thickening,,unavailable,,,not_computed,,"[""Atelectasis"", ""Cardiomegaly"", ""Consolidation"", ""Edema"", ""Lung Opacity"", ""Enlarged Cardiomediastinum"", ""Pleural Other""]","{""Atelectasis"": 0.5624341368675232, ""Cardiomegaly"": 0.5163900852203369, ""Consolidation"": 0.5232527256011963, ""Edema"": 0.5037569403648376, ""Effusion"": 0.4757647216320038, ""Emphysema"": 0.5013738870620728, ""Enlarged Cardiomediastinum"": 0.5104642510414124, ""Fibrosis"": 0.5153041481971741, ""Fracture"": 0.4908756613731384, ""Hernia"": 0.11145685613155365, ""Infiltration"": 0.5320735573768616, ""Lung Lesion"": 0.04072012007236481, ""Lung Opacity"": 0.6195867657661438, ""Mass"": 0.5203330516815186, ""Nodule"": 0.5134060382843018, ""Pleural_Thickening"": 0.5018295645713806, ""Pneumonia"": 0.06967224180698395, ""Pneumothorax"": 0.27752774953842163}",retrieval_agent
patient00087/study2,patient00087/study2/view1_frontal.dcm,/home/jovyan/Desktop/MEDAGENT-X/data/raw/chexpert_plus/dicom_train/patient00087/study2/view1_frontal.dcm,torchxrayvision.DenseNet,densenet121-res224-all,cuda,0.5,0.2,"[""Atelectasis"", ""Consolidation"", ""Infiltration"", ""Pneumothorax"", ""Edema"", ""Emphysema"", ""Fibrosis"", ""Effusion"", ""Pneumonia"", ""Pleural_Thickening"", ""Cardiomegaly"", ""Nodule"", ""Mass"", ""Hernia"", ""Lung Lesion"", ""Fracture"", ""Lung Opacity"", ""Enlarged Cardiomediastinum""]",0.5642766952514648,present,Atelectasis,0.3698922395706177,uncertain,Cardiomegaly,0.5490899085998535,present,Consolidation,0.32795852422714233,uncertain,Edema,0.5257977247238159,present,Effusion,0.2282153218984604,uncertain,Pneumonia,0.40001505613327026,uncertain,Pneumothorax,0.4069719612598419,uncertain,Fracture,0.05280810222029686,absent,Lung Lesion,0.606835126876831,present,Lung Opacity,0.37353238463401794,uncertain,Enlarged Cardiomediastinum,0.5093410611152649,present,Pleural_Thickening,,unavailable,,,not_computed,,"[""Atelectasis"", ""Consolidation"", ""Pleural Effusion"", ""Lung Opacity"", ""Pleural Other""]","{""Atelectasis"": 0.5642766952514648, ""Cardiomegaly"": 0.3698922395706177, ""Consolidation"": 0.5490899085998535, ""Edema"": 0.32795852422714233, ""Effusion"": 0.5257977247238159, ""Emphysema"": 0.5004919767379761, ""Enlarged Cardiomediastinum"": 0.37353238463401794, ""Fibrosis"": 0.5244784355163574, ""Fracture"": 0.4069719612598419, ""Hernia"": 0.039467860013246536, ""Infiltration"": 0.5442125797271729, ""Lung Lesion"": 0.05280810222029686, ""Lung Opacity"": 0.606835126876831, ""Mass"": 0.5356625914573669, ""Nodule"": 0.5296363830566406, ""Pleural_Thickening"": 0.5093410611152649, ""Pneumonia"": 0.2282153218984604, ""Pneumothorax"": 0.40001505613327026}",retrieval_agent
patient00095/study1,patient00095/study1/view1_frontal.dcm,/home/jovyan/Desktop/MEDAGENT-X/data/raw/chexpert_plus/dicom_train/patient00095/study1/view1_frontal.dcm,torchxrayvision.DenseNet,densenet121-res224-all,cuda,0.5,0.2,"[""Atelectasis"", ""Consolidation"", ""Infiltration"", ""Pneumothorax"", ""Edema"", ""Emphysema"", ""Fibrosis"", ""Effusion"", ""Pneumonia"", ""Pleural_Thickening"", ""Cardiomegaly"", ""Nodule"", ""Mass"", ""Hernia"", ""Lung Lesion"", ""Fracture"", ""Lung Opacity"", ""Enlarged Cardiomediastinum""]",0.5320041179656982,present,Atelectasis,0.5008089542388916,present,Cardiomegaly,0.5234886407852173,present,Consolidation,0.1308738887310028,absent,Edema,0.3256291449069977,uncertain,Effusion,0.1076454371213913,absent,Pneumonia,0.05045190081000328,absent,Pneumothorax,0.4888159930706024,uncertain,Fracture,0.012322741560637951,absent,Lung Lesion,0.5021769404411316,present,Lung Opacity,0.22785945236682892,uncertain,Enlarged Cardiomediastinum,0.17837190628051758,absent,Pleural_Thickening,,unavailable,,,not_computed,,"[""Atelectasis"", ""Cardiomegaly"", ""Consolidation"", ""Lung Opacity""]","{""Atelectasis"": 0.5320041179656982, ""Cardiomegaly"": 0.5008089542388916, ""Consolidation"": 0.5234886407852173, ""Edema"": 0.1308738887310028, ""Effusion"": 0.3256291449069977, ""Emphysema"": 0.5033721327781677, ""Enlarged Cardiomediastinum"": 0.22785945236682892, ""Fibrosis"": 0.5035555362701416, ""Fracture"": 0.4888159930706024, ""Hernia"": 0.10260425508022308, ""Infiltration"": 0.449984073638916, ""Lung Lesion"": 0.012322741560637951, ""Lung Opacity"": 0.5021769404411316, ""Mass"": 0.5245182514190674, ""Nodule"": 0.505993127822876, ""Pleural_Thickening"": 0.17837190628051758, ""Pneumonia"": 0.1076454371213913, ""Pneumothorax"": 0.05045190081000328}",retrieval_agent
patient00096/study1,patient00096/study1/view1_frontal.dcm,/home/jovyan/Desktop/MEDAGENT-X/data/raw/chexpert_plus/dicom_train/patient00096/study1/view1_frontal.dcm,torchxrayvision.DenseNet,densenet121-res224-all,cuda,0.5,0.2,"[""Atelectasis"", ""Consolidation"", ""Infiltration"", ""Pneumothorax"", ""Edema"", ""Emphysema"", ""Fibrosis"", ""Effusion"", ""Pneumonia"", ""Pleural_Thickening"", ""Cardiomegaly"", ""Nodule"", ""Mass"", ""Hernia"", ""Lung Lesion"", ""Fracture"", ""Lung Opacity"", ""Enlarged Cardiomediastinum""]",0.5287624597549438,present,Atelectasis,0.1917501538991928,absent,Cardiomegaly,0.5728369951248169,present,Consolidation,0.04850294068455696,absent,Edema,0.5693964958190918,present,Effusion,0.5515976548194885,present,Pneumonia,0.5086492896080017,present,Pneumothorax,0.1958099901676178,absent,Fracture,0.05488832667469978,absent,Lung Lesion,0.5603843927383423,present,Lung Opacity,0.4835498332977295,uncertain,Enlarged Cardiomediastinum,0.5622286796569824,present,Pleural_Thickening,,unavailable,,,not_computed,,"[""Atelectasis"", ""Consolidation"", ""Pleural Effusion"", ""Pneumonia"", ""Pneumothorax"", ""Lung Opacity"", ""Pleural Other""]","{""Atelectasis"": 0.5287624597549438, ""Cardiomegaly"": 0.1917501538991928, ""Consolidation"": 0.5728369951248169, ""Edema"": 0.04850294068455696, ""Effusion"": 0.5693964958190918, ""Emphysema"": 0.5001449584960938, ""Enlarged Cardiomediastinum"": 0.4835498332977295, ""Fibrosis"": 0.5150567293167114, ""Fracture"": 0.1958099901676178, ""Hernia"": 0.01995103433728218, ""Infiltration"": 0.6371150016784668, ""Lung Lesion"": 0.05488832667469978, ""Lung Opacity"": 0.5603843927383423, ""Mass"": 0.5297439098358154, ""Nodule"": 0.5041487216949463, ""Pleural_Thickening"": 0.5622286796569824, ""Pneumonia"": 0.5515976548194885, ""Pneumothorax"": 0.5086492896080017}",retrieval_agent
patient00096/study1,patient00096/study1/view2_lateral.dcm,/home/jovyan/Desktop/MEDAGENT-X/data/raw/chexpert_plus/dicom_train/patient00096/study1/view2_lateral.dcm,torchxrayvision.DenseNet,densenet121-res224-all,cuda,0.5,0.2,"[""Atelectasis"", ""Consolidation"", ""Infiltration"", ""Pneumothorax"", ""Edema"", ""Emphysema"", ""Fibrosis"", ""Effusion"", ""Pneumonia"", ""Pleural_Thickening"", ""Cardiomegaly"", ""Nodule"", ""Mass"", ""Hernia"", ""Lung Lesion"", ""Fracture"", ""Lung Opacity"", ""Enlarged Cardiomediastinum""]",0.5943984389305115,present,Atelectasis,0.510971188545227,present,Cardiomegaly,0.5517283082008362,present,Consolidation,0.3318546414375305,uncertain,Edema,0.6214965581893921,present,Effusion,0.5050959587097168,present,Pneumonia,0.519464373588562,present,Pneumothorax,0.5301001071929932,present,Fracture,0.08467777818441391,absent,Lung Lesion,0.7163680195808411,present,Lung Opacity,0.5230777263641357,present,Enlarged Cardiomediastinum,0.501549482345581,present,Pleural_Thickening,,unavailable,,,not_computed,,"[""Atelectasis"", ""Cardiomegaly"", ""Consolidation"", ""Pleural Effusion"", ""Pneumonia"", ""Pneumothorax"", ""Fracture"", ""Lung Opacity"", ""Enlarged Cardiomediastinum"", ""Pleural Other""]","{""Atelectasis"": 0.5943984389305115, ""Cardiomegaly"": 0.510971188545227, ""Consolidation"": 0.5517283082008362, ""Edema"": 0.3318546414375305, ""Effusion"": 0.6214965581893921, ""Emphysema"": 0.5042963027954102, ""Enlarged Cardiomediastinum"": 0.5230777263641357, ""Fibrosis"": 0.5112987756729126, ""Fracture"": 0.5301001071929932, ""Hernia"": 0.04887376353144646, ""Infiltration"": 0.5146713256835938, ""Lung Lesion"": 0.08467777818441391, ""Lung Opacity"": 0.7163680195808411, ""Mass"": 0.5616580247879028, ""Nodule"": 0.5157371759414673, ""Pleural_Thickening"": 0.501549482345581, ""Pneumonia"": 0.5050959587097168, ""Pneumothorax"": 0.519464373588562}",retrieval_agent
patient00096/study2,patient00096/study2/view1_frontal.dcm,/home/jovyan/Desktop/MEDAGENT-X/data/raw/chexpert_plus/dicom_train/patient00096/study2/view1_frontal.dcm,torchxrayvision.DenseNet,densenet121-res224-all,cuda,0.5,0.2,"[""Atelectasis"", ""Consolidation"", ""Infiltration"", ""Pneumothorax"", ""Edema"", ""Emphysema"", ""Fibrosis"", ""Effusion"", ""Pneumonia"", ""Pleural_Thickening"", ""Cardiomegaly"", ""Nodule"", ""Mass"", ""Hernia"", ""Lung Lesion"", ""Fracture"", ""Lung Opacity"", ""Enlarged Cardiomediastinum""]",0.4260411560535431,uncertain,Atelectasis,0.4874591827392578,uncertain,Cardiomegaly,0.5218534469604492,present,Consolidation,0.1304701417684555,absent,Edema,0.25615906715393066,uncertain,Effusion,0.06459928303956985,absent,Pneumonia,0.17825858294963837,absent,Pneumothorax,0.16343823075294495,absent,Fracture,0.012316475622355938,absent,Lung Lesion,0.5715595483779907,present,Lung Opacity,0.40297478437423706,uncertain,Enlarged Cardiomediastinum,0.5025461316108704,present,Pleural_Thickening,,unavailable,,,not_computed,,"[""Consolidation"", ""Lung Opacity"", ""Pleural Other""]","{""Atelectasis"": 0.4260411560535431, ""Cardiomegaly"": 0.4874591827392578, ""Consolidation"": 0.5218534469604492, ""Edema"": 0.1304701417684555, ""Effusion"": 0.25615906715393066, ""Emphysema"": 0.5004440546035767, ""Enlarged Cardiomediastinum"": 0.40297478437423706, ""Fibrosis"": 0.5075724124908447, ""Fracture"": 0.16343823075294495, ""Hernia"": 0.00820545107126236, ""Infiltration"": 0.4100211560726166, ""Lung Lesion"": 0.012316475622355938, ""Lung Opacity"": 0.5715595483779907, ""Mass"": 0.5159977078437805, ""Nodule"": 0.5084255933761597, ""Pleural_Thickening"": 0.5025461316108704, ""Pneumonia"": 0.06459928303956985, ""Pneumothorax"": 0.17825858294963837}",retrieval_agent
patient00102/study1,patient00102/study1/view1_frontal.dcm,/home/jovyan/Desktop/MEDAGENT-X/data/raw/chexpert_plus/dicom_train/patient00102/study1/view1_frontal.dcm,torchxrayvision.DenseNet,densenet121-res224-all,cuda,0.5,0.2,"[""Atelectasis"", ""Consolidation"", ""Infiltration"", ""Pneumothorax"", ""Edema"", ""Emphysema"", ""Fibrosis"", ""Effusion"", ""Pneumonia"", ""Pleural_Thickening"", ""Cardiomegaly"", ""Nodule"", ""Mass"", ""Hernia"", ""Lung Lesion"", ""Fracture"", ""Lung Opacity"", ""Enlarged Cardiomediastinum""]",0.3156334161758423,uncertain,Atelectasis,0.5061619877815247,present,Cardiomegaly,0.2578904330730438,uncertain,Consolidation,0.11669550836086273,absent,Edema,0.056693512946367264,absent,Effusion,0.019095726311206818,absent,Pneumonia,0.0318119041621685,absent,Pneumothorax,0.12825290858745575,absent,Fracture,0.008059820160269737,absent,Lung Lesion,0.3901822865009308,uncertain,Lung Opacity,0.371618390083313,uncertain,Enlarged Cardiomediastinum,0.11234576255083084,absent,Pleural_Thickening,,unavailable,,,not_computed,,"[""Cardiomegaly""]","{""Atelectasis"": 0.3156334161758423, ""Cardiomegaly"": 0.5061619877815247, ""Consolidation"": 0.2578904330730438, ""Edema"": 0.11669550836086273, ""Effusion"": 0.056693512946367264, ""Emphysema"": 0.22795447707176208, ""Enlarged Cardiomediastinum"": 0.371618390083313, ""Fibrosis"": 0.5036121606826782, ""Fracture"": 0.12825290858745575, ""Hernia"": 0.0014446143759414554, ""Infiltration"": 0.2737988531589508, ""Lung Lesion"": 0.008059820160269737, ""Lung Opacity"": 0.3901822865009308, ""Mass"": 0.36467835307121277, ""Nodule"": 0.42633867263793945, ""Pleural_Thickening"": 0.11234576255083084, ""Pneumonia"": 0.019095726311206818, ""Pneumothorax"": 0.0318119041621685}",retrieval_agent
patient00102/study3,patient00102/study3/view1_frontal.dcm,/home/jovyan/Desktop/MEDAGENT-X/data/raw/chexpert_plus/dicom_train/patient00102/study3/view1_frontal.dcm,torchxrayvision.DenseNet,densenet121-res224-all,cuda,0.5,0.2,"[""Atelectasis"", ""Consolidation"", ""Infiltration"", ""Pneumothorax"", ""Edema"", ""Emphysema"", ""Fibrosis"", ""Effusion"", ""Pneumonia"", ""Pleural_Thickening"", ""Cardiomegaly"", ""Nodule"", ""Mass"", ""Hernia"", ""Lung Lesion"", ""Fracture"", ""Lung Opacity"", ""Enlarged Cardiomediastinum""]",0.5195187330245972,present,Atelectasis,0.22961272299289703,uncertain,Cardiomegaly,0.5186631679534912,present,Consolidation,0.32994621992111206,uncertain,Edema,0.25959059596061707,uncertain,Effusion,0.13802385330200195,absent,Pneumonia,0.07185299694538116,absent,Pneumothorax,0.27312031388282776,uncertain,Fracture,0.008841472677886486,absent,Lung Lesion,0.6513686180114746,present,Lung Opacity,0.39045512676239014,uncertain,Enlarged Cardiomediastinum,0.2509731650352478,uncertain,Pleural_Thickening,,unavailable,,,not_computed,,"[""Atelectasis"", ""Consolidation"", ""Lung Opacity""]","{""Atelectasis"": 0.5195187330245972, ""Cardiomegaly"": 0.22961272299289703, ""Consolidation"": 0.5186631679534912, ""Edema"": 0.32994621992111206, ""Effusion"": 0.25959059596061707, ""Emphysema"": 0.4906150698661804, ""Enlarged Cardiomediastinum"": 0.39045512676239014, ""Fibrosis"": 0.5147963762283325, ""Fracture"": 0.27312031388282776, ""Hernia"": 0.004379479680210352, ""Infiltration"": 0.5170726180076599, ""Lung Lesion"": 0.008841472677886486, ""Lung Opacity"": 0.6513686180114746, ""Mass"": 0.5111817121505737, ""Nodule"": 0.5028563141822815, ""Pleural_Thickening"": 0.2509731650352478, ""Pneumonia"": 0.13802385330200195, ""Pneumothorax"": 0.07185299694538116}",retrieval_agent
patient00102/study2,patient00102/study2/view1_frontal.dcm,/home/jovyan/Desktop/MEDAGENT-X/data/raw/chexpert_plus/dicom_train/patient00102/study2/view1_frontal.dcm,torchxrayvision.DenseNet,densenet121-res224-all,cuda,0.5,0.2,"[""Atelectasis"", ""Consolidation"", ""Infiltration"", ""Pneumothorax"", ""Edema"", ""Emphysema"", ""Fibrosis"", ""Effusion"", ""Pneumonia"", ""Pleural_Thickening"", ""Cardiomegaly"", ""Nodule"", ""Mass"", ""Hernia"", ""Lung Lesion"", ""Fracture"", ""Lung Opacity"", ""Enlarged Cardiomediastinum""]",0.5576207637786865,present,Atelectasis,0.5027313232421875,present,Cardiomegaly,0.5185331702232361,present,Consolidation,0.5793545842170715,present,Edema,0.3758360743522644,uncertain,Effusion,0.546635627746582,present,Pneumonia,0.475091814994812,uncertain,Pneumothorax,0.5039159059524536,present,Fracture,0.09983818978071213,absent,Lung Lesion,0.6936367750167847,present,Lung Opacity,0.5237590074539185,present,Enlarged Cardiomediastinum,0.24231554567813873,uncertain,Pleural_Thickening,,unavailable,,,not_computed,,"[""Atelectasis"", ""Cardiomegaly"", ""Consolidation"", ""Edema"", ""Pneumonia"", ""Fracture"", ""Lung Opacity"", ""Enlarged Cardiomediastinum""]","{""Atelectasis"": 0.5576207637786865, ""Cardiomegaly"": 0.5027313232421875, ""Consolidation"": 0.5185331702232361, ""Edema"": 0.5793545842170715, ""Effusion"": 0.3758360743522644, ""Emphysema"": 0.315909206867218, ""Enlarged Cardiomediastinum"": 0.5237590074539185, ""Fibrosis"": 0.504783570766449, ""Fracture"": 0.5039159059524536, ""Hernia"": 0.03356477618217468, ""Infiltration"": 0.5628058314323425, ""Lung Lesion"": 0.09983818978071213, ""Lung Opacity"": 0.6936367750167847, ""Mass"": 0.517240583896637, ""Nodule"": 0.5184003114700317, ""Pleural_Thickening"": 0.24231554567813873, ""Pneumonia"": 0.546635627746582, ""Pneumothorax"": 0.475091814994812}",retrieval_agent
patient00107/study1,patient00107/study1/view1_frontal.dcm,/home/jovyan/Desktop/MEDAGENT-X/data/raw/chexpert_plus/dicom_train/patient00107/study1/view1_frontal.dcm,torchxrayvision.DenseNet,densenet121-res224-all,cuda,0.5,0.2,"[""Atelectasis"", ""Consolidation"", ""Infiltration"", ""Pneumothorax"", ""Edema"", ""Emphysema"", ""Fibrosis"", ""Effusion"", ""Pneumonia"", ""Pleural_Thickening"", ""Cardiomegaly"", ""Nodule"", ""Mass"", ""Hernia"", ""Lung Lesion"", ""Fracture"", ""Lung Opacity"", ""Enlarged Cardiomediastinum""]",0.026254180818796158,absent,Atelectasis,0.0015836807433515787,absent,Cardiomegaly,0.3275704085826874,uncertain,Consolidation,0.000528090400621295,absent,Edema,0.041224587708711624,absent,Effusion,0.25781065225601196,uncertain,Pneumonia,0.5104323029518127,present,Pneumothorax,0.14450086653232574,absent,Fracture,0.010301221162080765,absent,Lung Lesion,0.04503289610147476,absent,Lung Opacity,0.03222165256738663,absent,Enlarged Cardiomediastinum,0.22266480326652527,uncertain,Pleural_Thickening,,unavailable,,,not_computed,,"[""Pneumothorax""]","{""Atelectasis"": 0.026254180818796158, ""Cardiomegaly"": 0.0015836807433515787, ""Consolidation"": 0.3275704085826874, ""Edema"": 0.000528090400621295, ""Effusion"": 0.041224587708711624, ""Emphysema"": 0.25236251950263977, ""Enlarged Cardiomediastinum"": 0.03222165256738663, ""Fibrosis"": 0.10449210554361343, ""Fracture"": 0.14450086653232574, ""Hernia"": 0.006703618913888931, ""Infiltration"": 0.43080875277519226, ""Lung Lesion"": 0.010301221162080765, ""Lung Opacity"": 0.04503289610147476, ""Mass"": 0.13200834393501282, ""Nodule"": 0.21557487547397614, ""Pleural_Thickening"": 0.22266480326652527, ""Pneumonia"": 0.25781065225601196, ""Pneumothorax"": 0.5104323029518127}",retrieval_agent
patient00113/study1,patient00113/study1/view1_frontal.dcm,/home/jovyan/Desktop/MEDAGENT-X/data/raw/chexpert_plus/dicom_train/patient00113/study1/view1_frontal.dcm,torchxrayvision.DenseNet,densenet121-res224-all,cuda,0.5,0.2,"[""Atelectasis"", ""Consolidation"", ""Infiltration"", ""Pneumothorax"", ""Edema"", ""Emphysema"", ""Fibrosis"", ""Effusion"", ""Pneumonia"", ""Pleural_Thickening"", ""Cardiomegaly"", ""Nodule"", ""Mass"", ""Hernia"", ""Lung Lesion"", ""Fracture"", ""Lung Opacity"", ""Enlarged Cardiomediastinum""]",0.5665297508239746,present,Atelectasis,0.5843952894210815,present,Cardiomegaly,0.5271212458610535,present,Consolidation,0.5036457180976868,present,Edema,0.6033490896224976,present,Effusion,0.08923259377479553,absent,Pneumonia,0.3365868926048279,uncertain,Pneumothorax,0.3118695318698883,uncertain,Fracture,0.14278532564640045,absent,Lung Lesion,0.5686841011047363,present,Lung Opacity,0.5255667567253113,present,Enlarged Cardiomediastinum,0.4290837347507477,uncertain,Pleural_Thickening,,unavailable,,,not_computed,,"[""Atelectasis"", ""Cardiomegaly"", ""Consolidation"", ""Edema"", ""Pleural Effusion"", ""Lung Opacity"", ""Enlarged Cardiomediastinum""]","{""Atelectasis"": 0.5665297508239746, ""Cardiomegaly"": 0.5843952894210815, ""Consolidation"": 0.5271212458610535, ""Edema"": 0.5036457180976868, ""Effusion"": 0.6033490896224976, ""Emphysema"": 0.5072104930877686, ""Enlarged Cardiomediastinum"": 0.5255667567253113, ""Fibrosis"": 0.5086913108825684, ""Fracture"": 0.3118695318698883, ""Hernia"": 0.06637025624513626, ""Infiltration"": 0.534626841545105, ""Lung Lesion"": 0.14278532564640045, ""Lung Opacity"": 0.5686841011047363, ""Mass"": 0.5620498657226562, ""Nodule"": 0.5091413259506226, ""Pleural_Thickening"": 0.4290837347507477, ""Pneumonia"": 0.08923259377479553, ""Pneumothorax"": 0.3365868926048279}",retrieval_agent
patient00113/study2,patient00113/study2/view1_frontal.dcm,/home/jovyan/Desktop/MEDAGENT-X/data/raw/chexpert_plus/dicom_train/patient00113/study2/view1_frontal.dcm,torchxrayvision.DenseNet,densenet121-res224-all,cuda,0.5,0.2,"[""Atelectasis"", ""Consolidation"", ""Infiltration"", ""Pneumothorax"", ""Edema"", ""Emphysema"", ""Fibrosis"", ""Effusion"", ""Pneumonia"", ""Pleural_Thickening"", ""Cardiomegaly"", ""Nodule"", ""Mass"", ""Hernia"", ""Lung Lesion"", ""Fracture"", ""Lung Opacity"", ""Enlarged Cardiomediastinum""]",0.6582191586494446,present,Atelectasis,0.7236580848693848,present,Cardiomegaly,0.5478804111480713,present,Consolidation,0.5800217986106873,present,Edema,0.6516962051391602,present,Effusion,0.5121122598648071,present,Pneumonia,0.5064902901649475,present,Pneumothorax,0.5322030782699585,present,Fracture,0.5114104151725769,present,Lung Lesion,0.6259803771972656,present,Lung Opacity,0.5994906425476074,present,Enlarged Cardiomediastinum,0.3439320921897888,uncertain,Pleural_Thickening,,unavailable,,,not_computed,,"[""Atelectasis"", ""Cardiomegaly"", ""Consolidation"", ""Edema"", ""Pleural Effusion"", ""Pneumonia"", ""Pneumothorax"", ""Fracture"", ""Lung Lesion"", ""Lung Opacity"", ""Enlarged Cardiomediastinum""]","{""Atelectasis"": 0.6582191586494446, ""Cardiomegaly"": 0.7236580848693848, ""Consolidation"": 0.5478804111480713, ""Edema"": 0.5800217986106873, ""Effusion"": 0.6516962051391602, ""Emphysema"": 0.5025331377983093, ""Enlarged Cardiomediastinum"": 0.5994906425476074, ""Fibrosis"": 0.5063819289207458, ""Fracture"": 0.5322030782699585, ""Hernia"": 0.30464985966682434, ""Infiltration"": 0.5479435920715332, ""Lung Lesion"": 0.5114104151725769, ""Lung Opacity"": 0.6259803771972656, ""Mass"": 0.5645149946212769, ""Nodule"": 0.50208580493927, ""Pleural_Thickening"": 0.3439320921897888, ""Pneumonia"": 0.5121122598648071, ""Pneumothorax"": 0.5064902901649475}",retrieval_agent
patient00114/study5,patient00114/study5/view1_frontal.dcm,/home/jovyan/Desktop/MEDAGENT-X/data/raw/chexpert_plus/dicom_train/patient00114/study5/view1_frontal.dcm,torchxrayvision.DenseNet,densenet121-res224-all,cuda,0.5,0.2,"[""Atelectasis"", ""Consolidation"", ""Infiltration"", ""Pneumothorax"", ""Edema"", ""Emphysema"", ""Fibrosis"", ""Effusion"", ""Pneumonia"", ""Pleural_Thickening"", ""Cardiomegaly"", ""Nodule"", ""Mass"", ""Hernia"", ""Lung Lesion"", ""Fracture"", ""Lung Opacity"", ""Enlarged Cardiomediastinum""]",0.5427978038787842,present,Atelectasis,0.47386297583580017,uncertain,Cardiomegaly,0.5796750783920288,present,Consolidation,0.23469701409339905,uncertain,Edema,0.5303896069526672,present,Effusion,0.14729705452919006,absent,Pneumonia,0.5113354325294495,present,Pneumothorax,0.5056349039077759,present,Fracture,0.036411743611097336,absent,Lung Lesion,0.8147263526916504,present,Lung Opacity,0.5323898792266846,present,Enlarged Cardiomediastinum,0.5167938470840454,present,Pleural_Thickening,,unavailable,,,not_computed,,"[""Atelectasis"", ""Consolidation"", ""Pleural Effusion"", ""Pneumothorax"", ""Fracture"", ""Lung Opacity"", ""Enlarged Cardiomediastinum"", ""Pleural Other""]","{""Atelectasis"": 0.5427978038787842, ""Cardiomegaly"": 0.47386297583580017, ""Consolidation"": 0.5796750783920288, ""Edema"": 0.23469701409339905, ""Effusion"": 0.5303896069526672, ""Emphysema"": 0.501315176486969, ""Enlarged Cardiomediastinum"": 0.5323898792266846, ""Fibrosis"": 0.5151407718658447, ""Fracture"": 0.5056349039077759, ""Hernia"": 0.10943145304918289, ""Infiltration"": 0.56192946434021, ""Lung Lesion"": 0.036411743611097336, ""Lung Opacity"": 0.8147263526916504, ""Mass"": 0.6001859307289124, ""Nodule"": 0.5135637521743774, ""Pleural_Thickening"": 0.5167938470840454, ""Pneumonia"": 0.14729705452919006, ""Pneumothorax"": 0.5113354325294495}",retrieval_agent
patient00114/study10,patient00114/study10/view1_frontal.dcm,/home/jovyan/Desktop/MEDAGENT-X/data/raw/chexpert_plus/dicom_train/patient00114/study10/view1_frontal.dcm,torchxrayvision.DenseNet,densenet121-res224-all,cuda,0.5,0.2,"[""Atelectasis"", ""Consolidation"", ""Infiltration"", ""Pneumothorax"", ""Edema"", ""Emphysema"", ""Fibrosis"", ""Effusion"", ""Pneumonia"", ""Pleural_Thickening"", ""Cardiomegaly"", ""Nodule"", ""Mass"", ""Hernia"", ""Lung Lesion"", ""Fracture"", ""Lung Opacity"", ""Enlarged Cardiomediastinum""]",0.5594186782836914,present,Atelectasis,0.5380349159240723,present,Cardiomegaly,0.6629818081855774,present,Consolidation,0.5120479464530945,present,Edema,0.6073107719421387,present,Effusion,0.5183500051498413,present,Pneumonia,0.5054529905319214,present,Pneumothorax,0.509501039981842,present,Fracture,0.09616120159626007,absent,Lung Lesion,0.8403545618057251,present,Lung Opacity,0.5616974830627441,present,Enlarged Cardiomediastinum,0.5208659172058105,present,Pleural_Thickening,,unavailable,,,not_computed,,"[""Atelectasis"", ""Cardiomegaly"", ""Consolidation"", ""Edema"", ""Pleural Effusion"", ""Pneumonia"", ""Pneumothorax"", ""Fracture"", ""Lung Opacity"", ""Enlarged Cardiomediastinum"", ""Pleural Other""]","{""Atelectasis"": 0.5594186782836914, ""Cardiomegaly"": 0.5380349159240723, ""Consolidation"": 0.6629818081855774, ""Edema"": 0.5120479464530945, ""Effusion"": 0.6073107719421387, ""Emphysema"": 0.5034804344177246, ""Enlarged Cardiomediastinum"": 0.5616974830627441, ""Fibrosis"": 0.5490149855613708, ""Fracture"": 0.509501039981842, ""Hernia"": 0.03496461734175682, ""Infiltration"": 0.6172130107879639, ""Lung Lesion"": 0.09616120159626007, ""Lung Opacity"": 0.8403545618057251, ""Mass"": 0.647395133972168, ""Nodule"": 0.5576391816139221, ""Pleural_Thickening"": 0.5208659172058105, ""Pneumonia"": 0.5183500051498413, ""Pneumothorax"": 0.5054529905319214}",retrieval_agent
patient00114/study15,patient00114/study15/view1_frontal.dcm,/home/jovyan/Desktop/MEDAGENT-X/data/raw/chexpert_plus/dicom_train/patient00114/study15/view1_frontal.dcm,torchxrayvision.DenseNet,densenet121-res224-all,cuda,0.5,0.2,"[""Atelectasis"", ""Consolidation"", ""Infiltration"", ""Pneumothorax"", ""Edema"", ""Emphysema"", ""Fibrosis"", ""Effusion"", ""Pneumonia"", ""Pleural_Thickening"", ""Cardiomegaly"", ""Nodule"", ""Mass"", ""Hernia"", ""Lung Lesion"", ""Fracture"", ""Lung Opacity"", ""Enlarged Cardiomediastinum""]",0.576151967048645,present,Atelectasis,0.39704981446266174,uncertain,Cardiomegaly,0.6047852039337158,present,Consolidation,0.2480533868074417,uncertain,Edema,0.5983871221542358,present,Effusion,0.27030298113822937,uncertain,Pneumonia,0.5136693120002747,present,Pneumothorax,0.5045984983444214,present,Fracture,0.07319123297929764,absent,Lung Lesion,0.7820446491241455,present,Lung Opacity,0.5184365510940552,present,Enlarged Cardiomediastinum,0.5140261650085449,present,Pleural_Thickening,,unavailable,,,not_computed,,"[""Atelectasis"", ""Consolidation"", ""Pleural Effusion"", ""Pneumothorax"", ""Fracture"", ""Lung Opacity"", ""Enlarged Cardiomediastinum"", ""Pleural Other""]","{""Atelectasis"": 0.576151967048645, ""Cardiomegaly"": 0.39704981446266174, ""Consolidation"": 0.6047852039337158, ""Edema"": 0.2480533868074417, ""Effusion"": 0.5983871221542358, ""Emphysema"": 0.5016593933105469, ""Enlarged Cardiomediastinum"": 0.5184365510940552, ""Fibrosis"": 0.5197412967681885, ""Fracture"": 0.5045984983444214, ""Hernia"": 0.0984666720032692, ""Infiltration"": 0.5657203793525696, ""Lung Lesion"": 0.07319123297929764, ""Lung Opacity"": 0.7820446491241455, ""Mass"": 0.5810220837593079, ""Nodule"": 0.5226032733917236, ""Pleural_Thickening"": 0.5140261650085449, ""Pneumonia"": 0.27030298113822937, ""Pneumothorax"": 0.5136693120002747}",retrieval_agent
patient00114/study16,patient00114/study16/view1_frontal.dcm,/home/jovyan/Desktop/MEDAGENT-X/data/raw/chexpert_plus/dicom_train/patient00114/study16/view1_frontal.dcm,torchxrayvision.DenseNet,densenet121-res224-all,cuda,0.5,0.2,"[""Atelectasis"", ""Consolidation"", ""Infiltration"", ""Pneumothorax"", ""Edema"", ""Emphysema"", ""Fibrosis"", ""Effusion"", ""Pneumonia"", ""Pleural_Thickening"", ""Cardiomegaly"", ""Nodule"", ""Mass"", ""Hernia"", ""Lung Lesion"", ""Fracture"", ""Lung Opacity"", ""Enlarged Cardiomediastinum""]",0.642401933670044,present,Atelectasis,0.5581015348434448,present,Cardiomegaly,0.6099212765693665,present,Consolidation,0.5113853216171265,present,Edema,0.6637519598007202,present,Effusion,0.07842767238616943,absent,Pneumonia,0.5340517163276672,present,Pneumothorax,0.5389626026153564,present,Fracture,0.4979753792285919,uncertain,Lung Lesion,0.8331161141395569,present,Lung Opacity,0.5729769468307495,present,Enlarged Cardiomediastinum,0.5494953393936157,present,Pleural_Thickening,,unavailable,,,not_computed,,"[""Atelectasis"", ""Cardiomegaly"", ""Consolidation"", ""Edema"", ""Pleural Effusion"", ""Pneumothorax"", ""Fracture"", ""Lung Opacity"", ""Enlarged Cardiomediastinum"", ""Pleural Other""]","{""Atelectasis"": 0.642401933670044, ""Cardiomegaly"": 0.5581015348434448, ""Consolidation"": 0.6099212765693665, ""Edema"": 0.5113853216171265, ""Effusion"": 0.6637519598007202, ""Emphysema"": 0.5026302337646484, ""Enlarged Cardiomediastinum"": 0.5729769468307495, ""Fibrosis"": 0.5223062038421631, ""Fracture"": 0.5389626026153564, ""Hernia"": 0.5093251466751099, ""Infiltration"": 0.5747386813163757, ""Lung Lesion"": 0.4979753792285919, ""Lung Opacity"": 0.8331161141395569, ""Mass"": 0.6327354311943054, ""Nodule"": 0.5247752070426941, ""Pleural_Thickening"": 0.5494953393936157, ""Pneumonia"": 0.07842767238616943, ""Pneumothorax"": 0.5340517163276672}",retrieval_agent
patient00114/study20,patient00114/study20/view1_frontal.dcm,/home/jovyan/Desktop/MEDAGENT-X/data/raw/chexpert_plus/dicom_train/patient00114/study20/view1_frontal.dcm,torchxrayvision.DenseNet,densenet121-res224-all,cuda,0.5,0.2,"[""Atelectasis"", ""Consolidation"", ""Infiltration"", ""Pneumothorax"", ""Edema"", ""Emphysema"", ""Fibrosis"", ""Effusion"", ""Pneumonia"", ""Pleural_Thickening"", ""Cardiomegaly"", ""Nodule"", ""Mass"", ""Hernia"", ""Lung Lesion"", ""Fracture"", ""Lung Opacity"", ""Enlarged Cardiomediastinum""]",0.6559110879898071,present,Atelectasis,0.547256588935852,present,Cardiomegaly,0.619759202003479,present,Consolidation,0.2824816107749939,uncertain,Edema,0.6949251890182495,present,Effusion,0.07036368548870087,absent,Pneumonia,0.5325486660003662,present,Pneumothorax,0.5429068803787231,present,Fracture,0.22258342802524567,uncertain,Lung Lesion,0.8120625019073486,present,Lung Opacity,0.5544865131378174,present,Enlarged Cardiomediastinum,0.535324215888977,present,Pleural_Thickening,,unavailable,,,not_computed,,"[""Atelectasis"", ""Cardiomegaly"", ""Consolidation"", ""Pleural Effusion"", ""Pneumothorax"", ""Fracture"", ""Lung Opacity"", ""Enlarged Cardiomediastinum"", ""Pleural Other""]","{""Atelectasis"": 0.6559110879898071, ""Cardiomegaly"": 0.547256588935852, ""Consolidation"": 0.619759202003479, ""Edema"": 0.2824816107749939, ""Effusion"": 0.6949251890182495, ""Emphysema"": 0.5039869546890259, ""Enlarged Cardiomediastinum"": 0.5544865131378174, ""Fibrosis"": 0.5327408313751221, ""Fracture"": 0.5429068803787231, ""Hernia"": 0.22975201904773712, ""Infiltration"": 0.5383025407791138, ""Lung Lesion"": 0.22258342802524567, ""Lung Opacity"": 0.8120625019073486, ""Mass"": 0.6313211917877197, ""Nodule"": 0.5263022780418396, ""Pleural_Thickening"": 0.535324215888977, ""Pneumonia"": 0.07036368548870087, ""Pneumothorax"": 0.5325486660003662}",retrieval_agent
patient00114/study3,patient00114/study3/view1_frontal.dcm,/home/jovyan/Desktop/MEDAGENT-X/data/raw/chexpert_plus/dicom_train/patient00114/study3/view1_frontal.dcm,torchxrayvision.DenseNet,densenet121-res224-all,cuda,0.5,0.2,"[""Atelectasis"", ""Consolidation"", ""Infiltration"", ""Pneumothorax"", ""Edema"", ""Emphysema"", ""Fibrosis"", ""Effusion"", ""Pneumonia"", ""Pleural_Thickening"", ""Cardiomegaly"", ""Nodule"", ""Mass"", ""Hernia"", ""Lung Lesion"", ""Fracture"", ""Lung Opacity"", ""Enlarged Cardiomediastinum""]",0.5812543630599976,present,Atelectasis,0.5066636800765991,present,Cardiomegaly,0.6347187161445618,present,Consolidation,0.5071281790733337,present,Edema,0.5648110508918762,present,Effusion,0.5694562792778015,present,Pneumonia,0.5015571117401123,present,Pneumothorax,0.5003180503845215,present,Fracture,0.05777019262313843,absent,Lung Lesion,0.9020689725875854,present,Lung Opacity,0.52669358253479,present,Enlarged Cardiomediastinum,0.44771334528923035,uncertain,Pleural_Thickening,,unavailable,,,not_computed,,"[""Atelectasis"", ""Cardiomegaly"", ""Consolidation"", ""Edema"", ""Pleural Effusion"", ""Pneumonia"", ""Pneumothorax"", ""Fracture"", ""Lung Opacity"", ""Enlarged Cardiomediastinum""]","{""Atelectasis"": 0.5812543630599976, ""Cardiomegaly"": 0.5066636800765991, ""Consolidation"": 0.6347187161445618, ""Edema"": 0.5071281790733337, ""Effusion"": 0.5648110508918762, ""Emphysema"": 0.5009809732437134, ""Enlarged Cardiomediastinum"": 0.52669358253479, ""Fibrosis"": 0.5154380202293396, ""Fracture"": 0.5003180503845215, ""Hernia"": 0.0257374569773674, ""Infiltration"": 0.6086755990982056, ""Lung Lesion"": 0.05777019262313843, ""Lung Opacity"": 0.9020689725875854, ""Mass"": 0.5557239055633545, ""Nodule"": 0.5205879807472229, ""Pleural_Thickening"": 0.44771334528923035, ""Pneumonia"": 0.5694562792778015, ""Pneumothorax"": 0.5015571117401123}",retrieval_agent
patient00114/study17,patient00114/study17/view1_frontal.dcm,/home/jovyan/Desktop/MEDAGENT-X/data/raw/chexpert_plus/dicom_train/patient00114/study17/view1_frontal.dcm,torchxrayvision.DenseNet,densenet121-res224-all,cuda,0.5,0.2,"[""Atelectasis"", ""Consolidation"", ""Infiltration"", ""Pneumothorax"", ""Edema"", ""Emphysema"", ""Fibrosis"", ""Effusion"", ""Pneumonia"", ""Pleural_Thickening"", ""Cardiomegaly"", ""Nodule"", ""Mass"", ""Hernia"", ""Lung Lesion"", ""Fracture"", ""Lung Opacity"", ""Enlarged Cardiomediastinum""]",0.6347810626029968,present,Atelectasis,0.6083616018295288,present,Cardiomegaly,0.6074872612953186,present,Consolidation,0.5237401723861694,present,Edema,0.6280229091644287,present,Effusion,0.2491859346628189,uncertain,Pneumonia,0.5266414880752563,present,Pneumothorax,0.5389745235443115,present,Fracture,0.519862174987793,present,Lung Lesion,0.8002215027809143,present,Lung Opacity,0.572481632232666,present,Enlarged Cardiomediastinum,0.5260347127914429,present,Pleural_Thickening,,unavailable,,,not_computed,,"[""Atelectasis"", ""Cardiomegaly"", ""Consolidation"", ""Edema"", ""Pleural Effusion"", ""Pneumothorax"", ""Fracture"", ""Lung Lesion"", ""Lung Opacity"", ""Enlarged Cardiomediastinum"", ""Pleural Other""]","{""Atelectasis"": 0.6347810626029968, ""Cardiomegaly"": 0.6083616018295288, ""Consolidation"": 0.6074872612953186, ""Edema"": 0.5237401723861694, ""Effusion"": 0.6280229091644287, ""Emphysema"": 0.5070112943649292, ""Enlarged Cardiomediastinum"": 0.572481632232666, ""Fibrosis"": 0.5359295606613159, ""Fracture"": 0.5389745235443115, ""Hernia"": 0.48352906107902527, ""Infiltration"": 0.6068556308746338, ""Lung Lesion"": 0.519862174987793, ""Lung Opacity"": 0.8002215027809143, ""Mass"": 0.5919215679168701, ""Nodule"": 0.530516505241394, ""Pleural_Thickening"": 0.5260347127914429, ""Pneumonia"": 0.2491859346628189, ""Pneumothorax"": 0.5266414880752563}",retrieval_agent
patient00114/study13,patient00114/study13/view1_frontal.dcm,/home/jovyan/Desktop/MEDAGENT-X/data/raw/chexpert_plus/dicom_train/patient00114/study13/view1_frontal.dcm,torchxrayvision.DenseNet,densenet121-res224-all,cuda,0.5,0.2,"[""Atelectasis"", ""Consolidation"", ""Infiltration"", ""Pneumothorax"", ""Edema"", ""Emphysema"", ""Fibrosis"", ""Effusion"", ""Pneumonia"", ""Pleural_Thickening"", ""Cardiomegaly"", ""Nodule"", ""Mass"", ""Hernia"", ""Lung Lesion"", ""Fracture"", ""Lung Opacity"", ""Enlarged Cardiomediastinum""]",0.6727724671363831,present,Atelectasis,0.7000706195831299,present,Cardiomegaly,0.7053730487823486,present,Consolidation,0.5681609511375427,present,Edema,0.7903798222541809,present,Effusion,0.5117450952529907,present,Pneumonia,0.5130003690719604,present,Pneumothorax,0.5380136370658875,present,Fracture,0.26479363441467285,uncertain,Lung Lesion,0.886398196220398,present,Lung Opacity,0.6162623167037964,present,Enlarged Cardiomediastinum,0.5185800194740295,present,Pleural_Thickening,,unavailable,,,not_computed,,"[""Atelectasis"", ""Cardiomegaly"", ""Consolidation"", ""Edema"", ""Pleural Effusion"", ""Pneumonia"", ""Pneumothorax"", ""Fracture"", ""Lung Opacity"", ""Enlarged Cardiomediastinum"", ""Pleural Other""]","{""Atelectasis"": 0.6727724671363831, ""Cardiomegaly"": 0.7000706195831299, ""Consolidation"": 0.7053730487823486, ""Edema"": 0.5681609511375427, ""Effusion"": 0.7903798222541809, ""Emphysema"": 0.5037696957588196, ""Enlarged Cardiomediastinum"": 0.6162623167037964, ""Fibrosis"": 0.5164716243743896, ""Fracture"": 0.5380136370658875, ""Hernia"": 0.05304187163710594, ""Infiltration"": 0.6057242155075073, ""Lung Lesion"": 0.26479363441467285, ""Lung Opacity"": 0.886398196220398, ""Mass"": 0.5879998207092285, ""Nodule"": 0.5391769409179688, ""Pleural_Thickening"": 0.5185800194740295, ""Pneumonia"": 0.5117450952529907, ""Pneumothorax"": 0.5130003690719604}",retrieval_agent
patient00114/study19,patient00114/study19/view1_frontal.dcm,/home/jovyan/Desktop/MEDAGENT-X/data/raw/chexpert_plus/dicom_train/patient00114/study19/view1_frontal.dcm,torchxrayvision.DenseNet,densenet121-res224-all,cuda,0.5,0.2,"[""Atelectasis"", ""Consolidation"", ""Infiltration"", ""Pneumothorax"", ""Edema"", ""Emphysema"", ""Fibrosis"", ""Effusion"", ""Pneumonia"", ""Pleural_Thickening"", ""Cardiomegaly"", ""Nodule"", ""Mass"", ""Hernia"", ""Lung Lesion"", ""Fracture"", ""Lung Opacity"", ""Enlarged Cardiomediastinum""]",0.6568019390106201,present,Atelectasis,0.5206379294395447,present,Cardiomegaly,0.6185023784637451,present,Consolidation,0.501490592956543,present,Edema,0.6501312255859375,present,Effusion,0.124141164124012,absent,Pneumonia,0.5446146726608276,present,Pneumothorax,0.5522478818893433,present,Fracture,0.43704745173454285,uncertain,Lung Lesion,0.7726679444313049,present,Lung Opacity,0.54632568359375,present,Enlarged Cardiomediastinum,0.5166392922401428,present,Pleural_Thickening,,unavailable,,,not_computed,,"[""Atelectasis"", ""Cardiomegaly"", ""Consolidation"", ""Edema"", ""Pleural Effusion"", ""Pneumothorax"", ""Fracture"", ""Lung Opacity"", ""Enlarged Cardiomediastinum"", ""Pleural Other""]","{""Atelectasis"": 0.6568019390106201, ""Cardiomegaly"": 0.5206379294395447, ""Consolidation"": 0.6185023784637451, ""Edema"": 0.501490592956543, ""Effusion"": 0.6501312255859375, ""Emphysema"": 0.5031405687332153, ""Enlarged Cardiomediastinum"": 0.54632568359375, ""Fibrosis"": 0.5182291269302368, ""Fracture"": 0.5522478818893433, ""Hernia"": 0.12468095868825912, ""Infiltration"": 0.5309733748435974, ""Lung Lesion"": 0.43704745173454285, ""Lung Opacity"": 0.7726679444313049, ""Mass"": 0.6304754018783569, ""Nodule"": 0.5287524461746216, ""Pleural_Thickening"": 0.5166392922401428, ""Pneumonia"": 0.124141164124012, ""Pneumothorax"": 0.5446146726608276}",retrieval_agent
patient00114/study7,patient00114/study7/view1_frontal.dcm,/home/jovyan/Desktop/MEDAGENT-X/data/raw/chexpert_plus/dicom_train/patient00114/study7/view1_frontal.dcm,torchxrayvision.DenseNet,densenet121-res224-all,cuda,0.5,0.2,"[""Atelectasis"", ""Consolidation"", ""Infiltration"", ""Pneumothorax"", ""Edema"", ""Emphysema"", ""Fibrosis"", ""Effusion"", ""Pneumonia"", ""Pleural_Thickening"", ""Cardiomegaly"", ""Nodule"", ""Mass"", ""Hernia"", ""Lung Lesion"", ""Fracture"", ""Lung Opacity"", ""Enlarged Cardiomediastinum""]",0.6295652985572815,present,Atelectasis,0.564873218536377,present,Cardiomegaly,0.6777967214584351,present,Consolidation,0.5542997121810913,present,Edema,0.743736743927002,present,Effusion,0.5258593559265137,present,Pneumonia,0.5125032663345337,present,Pneumothorax,0.514557957649231,present,Fracture,0.2513509690761566,uncertain,Lung Lesion,0.8665814995765686,present,Lung Opacity,0.5867084264755249,present,Enlarged Cardiomediastinum,0.525386393070221,present,Pleural_Thickening,,unavailable,,,not_computed,,"[""Atelectasis"", ""Cardiomegaly"", ""Consolidation"", ""Edema"", ""Pleural Effusion"", ""Pneumonia"", ""Pneumothorax"", ""Fracture"", ""Lung Opacity"", ""Enlarged Cardiomediastinum"", ""Pleural Other""]","{""Atelectasis"": 0.6295652985572815, ""Cardiomegaly"": 0.564873218536377, ""Consolidation"": 0.6777967214584351, ""Edema"": 0.5542997121810913, ""Effusion"": 0.743736743927002, ""Emphysema"": 0.5059040784835815, ""Enlarged Cardiomediastinum"": 0.5867084264755249, ""Fibrosis"": 0.5507461428642273, ""Fracture"": 0.514557957649231, ""Hernia"": 0.056453097611665726, ""Infiltration"": 0.6065220832824707, ""Lung Lesion"": 0.2513509690761566, ""Lung Opacity"": 0.8665814995765686, ""Mass"": 0.6116393804550171, ""Nodule"": 0.5327172875404358, ""Pleural_Thickening"": 0.525386393070221, ""Pneumonia"": 0.5258593559265137, ""Pneumothorax"": 0.5125032663345337}",retrieval_agent
patient00114/study2,patient00114/study2/view1_frontal.dcm,/home/jovyan/Desktop/MEDAGENT-X/data/raw/chexpert_plus/dicom_train/patient00114/study2/view1_frontal.dcm,torchxrayvision.DenseNet,densenet121-res224-all,cuda,0.5,0.2,"[""Atelectasis"", ""Consolidation"", ""Infiltration"", ""Pneumothorax"", ""Edema"", ""Emphysema"", ""Fibrosis"", ""Effusion"", ""Pneumonia"", ""Pleural_Thickening"", ""Cardiomegaly"", ""Nodule"", ""Mass"", ""Hernia"", ""Lung Lesion"", ""Fracture"", ""Lung Opacity"", ""Enlarged Cardiomediastinum""]",0.6810483336448669,present,Atelectasis,0.6000566482543945,present,Cardiomegaly,0.6957835555076599,present,Consolidation,0.5747194290161133,present,Edema,0.7739793062210083,present,Effusion,0.5190229415893555,present,Pneumonia,0.5314500331878662,present,Pneumothorax,0.5472031235694885,present,Fracture,0.5144215822219849,present,Lung Lesion,0.8264723420143127,present,Lung Opacity,0.6205427646636963,present,Enlarged Cardiomediastinum,0.5355623960494995,present,Pleural_Thickening,,unavailable,,,not_computed,,"[""Atelectasis"", ""Cardiomegaly"", ""Consolidation"", ""Edema"", ""Pleural Effusion"", ""Pneumonia"", ""Pneumothorax"", ""Fracture"", ""Lung Lesion"", ""Lung Opacity"", ""Enlarged Cardiomediastinum"", ""Pleural Other""]","{""Atelectasis"": 0.6810483336448669, ""Cardiomegaly"": 0.6000566482543945, ""Consolidation"": 0.6957835555076599, ""Edema"": 0.5747194290161133, ""Effusion"": 0.7739793062210083, ""Emphysema"": 0.5081427097320557, ""Enlarged Cardiomediastinum"": 0.6205427646636963, ""Fibrosis"": 0.5391920208930969, ""Fracture"": 0.5472031235694885, ""Hernia"": 0.14264516532421112, ""Infiltration"": 0.5815991163253784, ""Lung Lesion"": 0.5144215822219849, ""Lung Opacity"": 0.8264723420143127, ""Mass"": 0.591934084892273, ""Nodule"": 0.53053218126297, ""Pleural_Thickening"": 0.5355623960494995, ""Pneumonia"": 0.5190229415893555, ""Pneumothorax"": 0.5314500331878662}",retrieval_agent
patient00114/study12,patient00114/study12/view1_frontal.dcm,/home/jovyan/Desktop/MEDAGENT-X/data/raw/chexpert_plus/dicom_train/patient00114/study12/view1_frontal.dcm,torchxrayvision.DenseNet,densenet121-res224-all,cuda,0.5,0.2,"[""Atelectasis"", ""Consolidation"", ""Infiltration"", ""Pneumothorax"", ""Edema"", ""Emphysema"", ""Fibrosis"", ""Effusion"", ""Pneumonia"", ""Pleural_Thickening"", ""Cardiomegaly"", ""Nodule"", ""Mass"", ""Hernia"", ""Lung Lesion"", ""Fracture"", ""Lung Opacity"", ""Enlarged Cardiomediastinum""]",0.5628589391708374,present,Atelectasis,0.5097094178199768,present,Cardiomegaly,0.6464834213256836,present,Consolidation,0.509351372718811,present,Edema,0.5733386278152466,present,Effusion,0.7436361312866211,present,Pneumonia,0.5000958442687988,present,Pneumothorax,0.5006194114685059,present,Fracture,0.016745030879974365,absent,Lung Lesion,0.9071937799453735,present,Lung Opacity,0.5552095174789429,present,Enlarged Cardiomediastinum,0.39071184396743774,uncertain,Pleural_Thickening,,unavailable,,,not_computed,,"[""Atelectasis"", ""Cardiomegaly"", ""Consolidation"", ""Edema"", ""Pleural Effusion"", ""Pneumonia"", ""Pneumothorax"", ""Fracture"", ""Lung Opacity"", ""Enlarged Cardiomediastinum""]","{""Atelectasis"": 0.5628589391708374, ""Cardiomegaly"": 0.5097094178199768, ""Consolidation"": 0.6464834213256836, ""Edema"": 0.509351372718811, ""Effusion"": 0.5733386278152466, ""Emphysema"": 0.5047008991241455, ""Enlarged Cardiomediastinum"": 0.5552095174789429, ""Fibrosis"": 0.5124597549438477, ""Fracture"": 0.5006194114685059, ""Hernia"": 0.011604135856032372, ""Infiltration"": 0.5705094337463379, ""Lung Lesion"": 0.016745030879974365, ""Lung Opacity"": 0.9071937799453735, ""Mass"": 0.5859425663948059, ""Nodule"": 0.5381635427474976, ""Pleural_Thickening"": 0.39071184396743774, ""Pneumonia"": 0.7436361312866211, ""Pneumothorax"": 0.5000958442687988}",retrieval_agent
patient00114/study9,patient00114/study9/view1_frontal.dcm,/home/jovyan/Desktop/MEDAGENT-X/data/raw/chexpert_plus/dicom_train/patient00114/study9/view1_frontal.dcm,torchxrayvision.DenseNet,densenet121-res224-all,cuda,0.5,0.2,"[""Atelectasis"", ""Consolidation"", ""Infiltration"", ""Pneumothorax"", ""Edema"", ""Emphysema"", ""Fibrosis"", ""Effusion"", ""Pneumonia"", ""Pleural_Thickening"", ""Cardiomegaly"", ""Nodule"", ""Mass"", ""Hernia"", ""Lung Lesion"", ""Fracture"", ""Lung Opacity"", ""Enlarged Cardiomediastinum""]",0.6236738562583923,present,Atelectasis,0.5555911064147949,present,Cardiomegaly,0.6431084871292114,present,Consolidation,0.5571292638778687,present,Edema,0.7248945236206055,present,Effusion,0.5324602127075195,present,Pneumonia,0.527076005935669,present,Pneumothorax,0.5235707759857178,present,Fracture,0.2552664279937744,uncertain,Lung Lesion,0.9007745385169983,present,Lung Opacity,0.5926234722137451,present,Enlarged Cardiomediastinum,0.5343432426452637,present,Pleural_Thickening,,unavailable,,,not_computed,,"[""Atelectasis"", ""Cardiomegaly"", ""Consolidation"", ""Edema"", ""Pleural Effusion"", ""Pneumonia"", ""Pneumothorax"", ""Fracture"", ""Lung Opacity"", ""Enlarged Cardiomediastinum"", ""Pleural Other""]","{""Atelectasis"": 0.6236738562583923, ""Cardiomegaly"": 0.5555911064147949, ""Consolidation"": 0.6431084871292114, ""Edema"": 0.5571292638778687, ""Effusion"": 0.7248945236206055, ""Emphysema"": 0.507560670375824, ""Enlarged Cardiomediastinum"": 0.5926234722137451, ""Fibrosis"": 0.5207975506782532, ""Fracture"": 0.5235707759857178, ""Hernia"": 0.06380685418844223, ""Infiltration"": 0.6197136640548706, ""Lung Lesion"": 0.2552664279937744, ""Lung Opacity"": 0.9007745385169983, ""Mass"": 0.5915182828903198, ""Nodule"": 0.5263313055038452, ""Pleural_Thickening"": 0.5343432426452637, ""Pneumonia"": 0.5324602127075195, ""Pneumothorax"": 0.527076005935669}",retrieval_agent
patient00114/study1,patient00114/study1/view1_frontal.dcm,/home/jovyan/Desktop/MEDAGENT-X/data/raw/chexpert_plus/dicom_train/patient00114/study1/view1_frontal.dcm,torchxrayvision.DenseNet,densenet121-res224-all,cuda,0.5,0.2,"[""Atelectasis"", ""Consolidation"", ""Infiltration"", ""Pneumothorax"", ""Edema"", ""Emphysema"", ""Fibrosis"", ""Effusion"", ""Pneumonia"", ""Pleural_Thickening"", ""Cardiomegaly"", ""Nodule"", ""Mass"", ""Hernia"", ""Lung Lesion"", ""Fracture"", ""Lung Opacity"", ""Enlarged Cardiomediastinum""]",0.6083804368972778,present,Atelectasis,0.4653589427471161,uncertain,Cardiomegaly,0.5986145734786987,present,Consolidation,0.37502560019493103,uncertain,Edema,0.6665505766868591,present,Effusion,0.3517398238182068,uncertain,Pneumonia,0.5162197351455688,present,Pneumothorax,0.5084537267684937,present,Fracture,0.21254149079322815,uncertain,Lung Lesion,0.7210086584091187,present,Lung Opacity,0.5670871138572693,present,Enlarged Cardiomediastinum,0.534255862236023,present,Pleural_Thickening,,unavailable,,,not_computed,,"[""Atelectasis"", ""Consolidation"", ""Pleural Effusion"", ""Pneumothorax"", ""Fracture"", ""Lung Opacity"", ""Enlarged Cardiomediastinum"", ""Pleural Other""]","{""Atelectasis"": 0.6083804368972778, ""Cardiomegaly"": 0.4653589427471161, ""Consolidation"": 0.5986145734786987, ""Edema"": 0.37502560019493103, ""Effusion"": 0.6665505766868591, ""Emphysema"": 0.502204179763794, ""Enlarged Cardiomediastinum"": 0.5670871138572693, ""Fibrosis"": 0.512048602104187, ""Fracture"": 0.5084537267684937, ""Hernia"": 0.08584923297166824, ""Infiltration"": 0.5283804535865784, ""Lung Lesion"": 0.21254149079322815, ""Lung Opacity"": 0.7210086584091187, ""Mass"": 0.604756236076355, ""Nodule"": 0.5151392817497253, ""Pleural_Thickening"": 0.534255862236023, ""Pneumonia"": 0.3517398238182068, ""Pneumothorax"": 0.5162197351455688}",retrieval_agent
patient00114/study6,patient00114/study6/view1_frontal.dcm,/home/jovyan/Desktop/MEDAGENT-X/data/raw/chexpert_plus/dicom_train/patient00114/study6/view1_frontal.dcm,torchxrayvision.DenseNet,densenet121-res224-all,cuda,0.5,0.2,"[""Atelectasis"", ""Consolidation"", ""Infiltration"", ""Pneumothorax"", ""Edema"", ""Emphysema"", ""Fibrosis"", ""Effusion"", ""Pneumonia"", ""Pleural_Thickening"", ""Cardiomegaly"", ""Nodule"", ""Mass"", ""Hernia"", ""Lung Lesion"", ""Fracture"", ""Lung Opacity"", ""Enlarged Cardiomediastinum""]",0.6046684980392456,present,Atelectasis,0.5541631579399109,present,Cardiomegaly,0.6721384525299072,present,Consolidation,0.534042239189148,present,Edema,0.760881781578064,present,Effusion,0.5221630334854126,present,Pneumonia,0.520797848701477,present,Pneumothorax,0.5088575482368469,present,Fracture,0.18683132529258728,absent,Lung Lesion,0.9230262637138367,present,Lung Opacity,0.6330857276916504,present,Enlarged Cardiomediastinum,0.5291577577590942,present,Pleural_Thickening,,unavailable,,,not_computed,,"[""Atelectasis"", ""Cardiomegaly"", ""Consolidation"", ""Edema"", ""Pleural Effusion"", ""Pneumonia"", ""Pneumothorax"", ""Fracture"", ""Lung Opacity"", ""Enlarged Cardiomediastinum"", ""Pleural Other""]","{""Atelectasis"": 0.6046684980392456, ""Cardiomegaly"": 0.5541631579399109, ""Consolidation"": 0.6721384525299072, ""Edema"": 0.534042239189148, ""Effusion"": 0.760881781578064, ""Emphysema"": 0.5059956908226013, ""Enlarged Cardiomediastinum"": 0.6330857276916504, ""Fibrosis"": 0.533581554889679, ""Fracture"": 0.5088575482368469, ""Hernia"": 0.01755566895008087, ""Infiltration"": 0.5969936847686768, ""Lung Lesion"": 0.18683132529258728, ""Lung Opacity"": 0.9230262637138367, ""Mass"": 0.6098588705062866, ""Nodule"": 0.5307579040527344, ""Pleural_Thickening"": 0.5291577577590942, ""Pneumonia"": 0.5221630334854126, ""Pneumothorax"": 0.520797848701477}",retrieval_agent
patient00114/study18,patient00114/study18/view1_frontal.dcm,/home/jovyan/Desktop/MEDAGENT-X/data/raw/chexpert_plus/dicom_train/patient00114/study18/view1_frontal.dcm,torchxrayvision.DenseNet,densenet121-res224-all,cuda,0.5,0.2,"[""Atelectasis"", ""Consolidation"", ""Infiltration"", ""Pneumothorax"", ""Edema"", ""Emphysema"", ""Fibrosis"", ""Effusion"", ""Pneumonia"", ""Pleural_Thickening"", ""Cardiomegaly"", ""Nodule"", ""Mass"", ""Hernia"", ""Lung Lesion"", ""Fracture"", ""Lung Opacity"", ""Enlarged Cardiomediastinum""]",0.7532416582107544,present,Atelectasis,0.6627082824707031,present,Cardiomegaly,0.6404260396957397,present,Consolidation,0.5263971090316772,present,Edema,0.7995491027832031,present,Effusion,0.4351434111595154,uncertain,Pneumonia,0.5377312898635864,present,Pneumothorax,0.5756480097770691,present,Fracture,0.508033275604248,present,Lung Lesion,0.7717927694320679,present,Lung Opacity,0.5603920817375183,present,Enlarged Cardiomediastinum,0.5194026231765747,present,Pleural_Thickening,,unavailable,,,not_computed,,"[""Atelectasis"", ""Cardiomegaly"", ""Consolidation"", ""Edema"", ""Pleural Effusion"", ""Pneumothorax"", ""Fracture"", ""Lung Lesion"", ""Lung Opacity"", ""Enlarged Cardiomediastinum"", ""Pleural Other""]","{""Atelectasis"": 0.7532416582107544, ""Cardiomegaly"": 0.6627082824707031, ""Consolidation"": 0.6404260396957397, ""Edema"": 0.5263971090316772, ""Effusion"": 0.7995491027832031, ""Emphysema"": 0.5055659413337708, ""Enlarged Cardiomediastinum"": 0.5603920817375183, ""Fibrosis"": 0.5187890529632568, ""Fracture"": 0.5756480097770691, ""Hernia"": 0.5136740803718567, ""Infiltration"": 0.5316867232322693, ""Lung Lesion"": 0.508033275604248, ""Lung Opacity"": 0.7717927694320679, ""Mass"": 0.5812317728996277, ""Nodule"": 0.5196502208709717, ""Pleural_Thickening"": 0.5194026231765747, ""Pneumonia"": 0.4351434111595154, ""Pneumothorax"": 0.5377312898635864}",retrieval_agent
patient00114/study4,patient00114/study4/view1_frontal.dcm,/home/jovyan/Desktop/MEDAGENT-X/data/raw/chexpert_plus/dicom_train/patient00114/study4/view1_frontal.dcm,torchxrayvision.DenseNet,densenet121-res224-all,cuda,0.5,0.2,"[""Atelectasis"", ""Consolidation"", ""Infiltration"", ""Pneumothorax"", ""Edema"", ""Emphysema"", ""Fibrosis"", ""Effusion"", ""Pneumonia"", ""Pleural_Thickening"", ""Cardiomegaly"", ""Nodule"", ""Mass"", ""Hernia"", ""Lung Lesion"", ""Fracture"", ""Lung Opacity"", ""Enlarged Cardiomediastinum""]",0.5530564785003662,present,Atelectasis,0.5049490332603455,present,Cardiomegaly,0.7227504849433899,present,Consolidation,0.5225168466567993,present,Edema,0.5804022550582886,present,Effusion,0.7383967041969299,present,Pneumonia,0.5096848607063293,present,Pneumothorax,0.42842772603034973,uncertain,Fracture,0.1558062881231308,absent,Lung Lesion,0.970517098903656,present,Lung Opacity,0.6663497686386108,present,Enlarged Cardiomediastinum,0.5052802562713623,present,Pleural_Thickening,,unavailable,,,not_computed,,"[""Atelectasis"", ""Cardiomegaly"", ""Consolidation"", ""Edema"", ""Pleural Effusion"", ""Pneumonia"", ""Pneumothorax"", ""Lung Opacity"", ""Enlarged Cardiomediastinum"", ""Pleural Other""]","{""Atelectasis"": 0.5530564785003662, ""Cardiomegaly"": 0.5049490332603455, ""Consolidation"": 0.7227504849433899, ""Edema"": 0.5225168466567993, ""Effusion"": 0.5804022550582886, ""Emphysema"": 0.5043429136276245, ""Enlarged Cardiomediastinum"": 0.6663497686386108, ""Fibrosis"": 0.5225173234939575, ""Fracture"": 0.42842772603034973, ""Hernia"": 0.001353980740532279, ""Infiltration"": 0.637832760810852, ""Lung Lesion"": 0.1558062881231308, ""Lung Opacity"": 0.970517098903656, ""Mass"": 0.6167702078819275, ""Nodule"": 0.5578283071517944, ""Pleural_Thickening"": 0.5052802562713623, ""Pneumonia"": 0.7383967041969299, ""Pneumothorax"": 0.5096848607063293}",retrieval_agent
patient00114/study8,patient00114/study8/view1_frontal.dcm,/home/jovyan/Desktop/MEDAGENT-X/data/raw/chexpert_plus/dicom_train/patient00114/study8/view1_frontal.dcm,torchxrayvision.DenseNet,densenet121-res224-all,cuda,0.5,0.2,"[""Atelectasis"", ""Consolidation"", ""Infiltration"", ""Pneumothorax"", ""Edema"", ""Emphysema"", ""Fibrosis"", ""Effusion"", ""Pneumonia"", ""Pleural_Thickening"", ""Cardiomegaly"", ""Nodule"", ""Mass"", ""Hernia"", ""Lung Lesion"", ""Fracture"", ""Lung Opacity"", ""Enlarged Cardiomediastinum""]",0.621268630027771,present,Atelectasis,0.6267277002334595,present,Cardiomegaly,0.6693907380104065,present,Consolidation,0.5438024997711182,present,Edema,0.7093626260757446,present,Effusion,0.535408616065979,present,Pneumonia,0.5158803462982178,present,Pneumothorax,0.5103441476821899,present,Fracture,0.2651655375957489,uncertain,Lung Lesion,0.9055589437484741,present,Lung Opacity,0.6300523281097412,present,Enlarged Cardiomediastinum,0.5111846327781677,present,Pleural_Thickening,,unavailable,,,not_computed,,"[""Atelectasis"", ""Cardiomegaly"", ""Consolidation"", ""Edema"", ""Pleural Effusion"", ""Pneumonia"", ""Pneumothorax"", ""Fracture"", ""Lung Opacity"", ""Enlarged Cardiomediastinum"", ""Pleural Other""]","{""Atelectasis"": 0.621268630027771, ""Cardiomegaly"": 0.6267277002334595, ""Consolidation"": 0.6693907380104065, ""Edema"": 0.5438024997711182, ""Effusion"": 0.7093626260757446, ""Emphysema"": 0.5030683279037476, ""Enlarged Cardiomediastinum"": 0.6300523281097412, ""Fibrosis"": 0.5117323398590088, ""Fracture"": 0.5103441476821899, ""Hernia"": 0.05269072577357292, ""Infiltration"": 0.623267412185669, ""Lung Lesion"": 0.2651655375957489, ""Lung Opacity"": 0.9055589437484741, ""Mass"": 0.6069561243057251, ""Nodule"": 0.5379472970962524, ""Pleural_Thickening"": 0.5111846327781677, ""Pneumonia"": 0.535408616065979, ""Pneumothorax"": 0.5158803462982178}",retrieval_agent
patient00114/study14,patient00114/study14/view1_frontal.dcm,/home/jovyan/Desktop/MEDAGENT-X/data/raw/chexpert_plus/dicom_train/patient00114/study14/view1_frontal.dcm,torchxrayvision.DenseNet,densenet121-res224-all,cuda,0.5,0.2,"[""Atelectasis"", ""Consolidation"", ""Infiltration"", ""Pneumothorax"", ""Edema"", ""Emphysema"", ""Fibrosis"", ""Effusion"", ""Pneumonia"", ""Pleural_Thickening"", ""Cardiomegaly"", ""Nodule"", ""Mass"", ""Hernia"", ""Lung Lesion"", ""Fracture"", ""Lung Opacity"", ""Enlarged Cardiomediastinum""]",0.6361780762672424,present,Atelectasis,0.556106686592102,present,Cardiomegaly,0.6166762113571167,present,Consolidation,0.5235201716423035,present,Edema,0.7140957117080688,present,Effusion,0.23129910230636597,uncertain,Pneumonia,0.5230093598365784,present,Pneumothorax,0.5227434635162354,present,Fracture,0.18142223358154297,absent,Lung Lesion,0.8695485591888428,present,Lung Opacity,0.5888104438781738,present,Enlarged Cardiomediastinum,0.5185421705245972,present,Pleural_Thickening,,unavailable,,,not_computed,,"[""Atelectasis"", ""Cardiomegaly"", ""Consolidation"", ""Edema"", ""Pleural Effusion"", ""Pneumothorax"", ""Fracture"", ""Lung Opacity"", ""Enlarged Cardiomediastinum"", ""Pleural Other""]","{""Atelectasis"": 0.6361780762672424, ""Cardiomegaly"": 0.556106686592102, ""Consolidation"": 0.6166762113571167, ""Edema"": 0.5235201716423035, ""Effusion"": 0.7140957117080688, ""Emphysema"": 0.5009562373161316, ""Enlarged Cardiomediastinum"": 0.5888104438781738, ""Fibrosis"": 0.5164967775344849, ""Fracture"": 0.5227434635162354, ""Hernia"": 0.21174365282058716, ""Infiltration"": 0.6160675287246704, ""Lung Lesion"": 0.18142223358154297, ""Lung Opacity"": 0.8695485591888428, ""Mass"": 0.6033879518508911, ""Nodule"": 0.5268615484237671, ""Pleural_Thickening"": 0.5185421705245972, ""Pneumonia"": 0.23129910230636597, ""Pneumothorax"": 0.5230093598365784}",retrieval_agent
patient00114/study11,patient00114/study11/view1_frontal.dcm,/home/jovyan/Desktop/MEDAGENT-X/data/raw/chexpert_plus/dicom_train/patient00114/study11/view1_frontal.dcm,torchxrayvision.DenseNet,densenet121-res224-all,cuda,0.5,0.2,"[""Atelectasis"", ""Consolidation"", ""Infiltration"", ""Pneumothorax"", ""Edema"", ""Emphysema"", ""Fibrosis"", ""Effusion"", ""Pneumonia"", ""Pleural_Thickening"", ""Cardiomegaly"", ""Nodule"", ""Mass"", ""Hernia"", ""Lung Lesion"", ""Fracture"", ""Lung Opacity"", ""Enlarged Cardiomediastinum""]",0.6207718253135681,present,Atelectasis,0.5991793870925903,present,Cardiomegaly,0.6696474552154541,present,Consolidation,0.5295811891555786,present,Edema,0.775702953338623,present,Effusion,0.503656268119812,present,Pneumonia,0.5158214569091797,present,Pneumothorax,0.5238219499588013,present,Fracture,0.21768130362033844,uncertain,Lung Lesion,0.8511781692504883,present,Lung Opacity,0.6074281930923462,present,Enlarged Cardiomediastinum,0.5548076629638672,present,Pleural_Thickening,,unavailable,,,not_computed,,"[""Atelectasis"", ""Cardiomegaly"", ""Consolidation"", ""Edema"", ""Pleural Effusion"", ""Pneumonia"", ""Pneumothorax"", ""Fracture"", ""Lung Opacity"", ""Enlarged Cardiomediastinum"", ""Pleural Other""]","{""Atelectasis"": 0.6207718253135681, ""Cardiomegaly"": 0.5991793870925903, ""Consolidation"": 0.6696474552154541, ""Edema"": 0.5295811891555786, ""Effusion"": 0.775702953338623, ""Emphysema"": 0.5051077604293823, ""Enlarged Cardiomediastinum"": 0.6074281930923462, ""Fibrosis"": 0.5331366062164307, ""Fracture"": 0.5238219499588013, ""Hernia"": 0.02575487643480301, ""Infiltration"": 0.5712547302246094, ""Lung Lesion"": 0.21768130362033844, ""Lung Opacity"": 0.8511781692504883, ""Mass"": 0.6147634983062744, ""Nodule"": 0.5385910272598267, ""Pleural_Thickening"": 0.5548076629638672, ""Pneumonia"": 0.503656268119812, ""Pneumothorax"": 0.5158214569091797}",retrieval_agent
patient00115/study2,patient00115/study2/view1_frontal.dcm,/home/jovyan/Desktop/MEDAGENT-X/data/raw/chexpert_plus/dicom_train/patient00115/study2/view1_frontal.dcm,torchxrayvision.DenseNet,densenet121-res224-all,cuda,0.5,0.2,"[""Atelectasis"", ""Consolidation"", ""Infiltration"", ""Pneumothorax"", ""Edema"", ""Emphysema"", ""Fibrosis"", ""Effusion"", ""Pneumonia"", ""Pleural_Thickening"", ""Cardiomegaly"", ""Nodule"", ""Mass"", ""Hernia"", ""Lung Lesion"", ""Fracture"", ""Lung Opacity"", ""Enlarged Cardiomediastinum""]",0.18844544887542725,absent,Atelectasis,0.009497052058577538,absent,Cardiomegaly,0.1832747459411621,absent,Consolidation,0.004060322418808937,absent,Edema,0.01651681214570999,absent,Effusion,0.003256657626479864,absent,Pneumonia,0.01862359419465065,absent,Pneumothorax,0.17731739580631256,absent,Fracture,0.0016076008323580027,absent,Lung Lesion,0.1782955527305603,absent,Lung Opacity,0.03784387931227684,absent,Enlarged Cardiomediastinum,0.10322749614715576,absent,Pleural_Thickening,,unavailable,,,not_computed,,[],"{""Atelectasis"": 0.18844544887542725, ""Cardiomegaly"": 0.009497052058577538, ""Consolidation"": 0.1832747459411621, ""Edema"": 0.004060322418808937, ""Effusion"": 0.01651681214570999, ""Emphysema"": 0.5004314184188843, ""Enlarged Cardiomediastinum"": 0.03784387931227684, ""Fibrosis"": 0.5009971857070923, ""Fracture"": 0.17731739580631256, ""Hernia"": 0.00681336922571063, ""Infiltration"": 0.17016007006168365, ""Lung Lesion"": 0.0016076008323580027, ""Lung Opacity"": 0.1782955527305603, ""Mass"": 0.4300432503223419, ""Nodule"": 0.5013067126274109, ""Pleural_Thickening"": 0.10322749614715576, ""Pneumonia"": 0.003256657626479864, ""Pneumothorax"": 0.01862359419465065}",retrieval_agent
patient00120/study1,patient00120/study1/view1_frontal.dcm,/home/jovyan/Desktop/MEDAGENT-X/data/raw/chexpert_plus/dicom_train/patient00120/study1/view1_frontal.dcm,torchxrayvision.DenseNet,densenet121-res224-all,cuda,0.5,0.2,"[""Atelectasis"", ""Consolidation"", ""Infiltration"", ""Pneumothorax"", ""Edema"", ""Emphysema"", ""Fibrosis"", ""Effusion"", ""Pneumonia"", ""Pleural_Thickening"", ""Cardiomegaly"", ""Nodule"", ""Mass"", ""Hernia"", ""Lung Lesion"", ""Fracture"", ""Lung Opacity"", ""Enlarged Cardiomediastinum""]",0.40742483735084534,uncertain,Atelectasis,0.012451985850930214,absent,Cardiomegaly,0.3962129056453705,uncertain,Consolidation,0.0013932717265561223,absent,Edema,0.14832478761672974,absent,Effusion,0.00436279084533453,absent,Pneumonia,0.08120644837617874,absent,Pneumothorax,0.2742484509944916,uncertain,Fracture,0.009929655119776726,absent,Lung Lesion,0.3767918348312378,uncertain,Lung Opacity,0.08618446439504623,absent,Enlarged Cardiomediastinum,0.18523651361465454,absent,Pleural_Thickening,,unavailable,,,not_computed,,[],"{""Atelectasis"": 0.40742483735084534, ""Cardiomegaly"": 0.012451985850930214, ""Consolidation"": 0.3962129056453705, ""Edema"": 0.0013932717265561223, ""Effusion"": 0.14832478761672974, ""Emphysema"": 0.5002578496932983, ""Enlarged Cardiomediastinum"": 0.08618446439504623, ""Fibrosis"": 0.502121090888977, ""Fracture"": 0.2742484509944916, ""Hernia"": 0.01927807368338108, ""Infiltration"": 0.42297983169555664, ""Lung Lesion"": 0.009929655119776726, ""Lung Opacity"": 0.3767918348312378, ""Mass"": 0.5183860659599304, ""Nodule"": 0.47119659185409546, ""Pleural_Thickening"": 0.18523651361465454, ""Pneumonia"": 0.00436279084533453, ""Pneumothorax"": 0.08120644837617874}",retrieval_agent
patient00121/study1,patient00121/study1/view1_frontal.dcm,/home/jovyan/Desktop/MEDAGENT-X/data/raw/chexpert_plus/dicom_train/patient00121/study1/view1_frontal.dcm,torchxrayvision.DenseNet,densenet121-res224-all,cuda,0.5,0.2,"[""Atelectasis"", ""Consolidation"", ""Infiltration"", ""Pneumothorax"", ""Edema"", ""Emphysema"", ""Fibrosis"", ""Effusion"", ""Pneumonia"", ""Pleural_Thickening"", ""Cardiomegaly"", ""Nodule"", ""Mass"", ""Hernia"", ""Lung Lesion"", ""Fracture"", ""Lung Opacity"", ""Enlarged Cardiomediastinum""]",0.5011852979660034,present,Atelectasis,0.1533176153898239,absent,Cardiomegaly,0.24043205380439758,uncertain,Consolidation,0.0674709677696228,absent,Edema,0.11647187918424606,absent,Effusion,0.06623746454715729,absent,Pneumonia,0.15203513205051422,absent,Pneumothorax,0.5008963346481323,present,Fracture,0.06359539926052094,absent,Lung Lesion,0.2749221622943878,uncertain,Lung Opacity,0.509548544883728,present,Enlarged Cardiomediastinum,0.1444011777639389,absent,Pleural_Thickening,,unavailable,,,not_computed,,"[""Atelectasis"", ""Fracture"", ""Enlarged Cardiomediastinum""]","{""Atelectasis"": 0.5011852979660034, ""Cardiomegaly"": 0.1533176153898239, ""Consolidation"": 0.24043205380439758, ""Edema"": 0.0674709677696228, ""Effusion"": 0.11647187918424606, ""Emphysema"": 0.05207900330424309, ""Enlarged Cardiomediastinum"": 0.509548544883728, ""Fibrosis"": 0.31542423367500305, ""Fracture"": 0.5008963346481323, ""Hernia"": 0.011422534473240376, ""Infiltration"": 0.5198661088943481, ""Lung Lesion"": 0.06359539926052094, ""Lung Opacity"": 0.2749221622943878, ""Mass"": 0.5182855129241943, ""Nodule"": 0.48527923226356506, ""Pleural_Thickening"": 0.1444011777639389, ""Pneumonia"": 0.06623746454715729, ""Pneumothorax"": 0.15203513205051422}",retrieval_agent
patient00122/study3,patient00122/study3/view1_frontal.dcm,/home/jovyan/Desktop/MEDAGENT-X/data/raw/chexpert_plus/dicom_train/patient00122/study3/view1_frontal.dcm,torchxrayvision.DenseNet,densenet121-res224-all,cuda,0.5,0.2,"[""Atelectasis"", ""Consolidation"", ""Infiltration"", ""Pneumothorax"", ""Edema"", ""Emphysema"", ""Fibrosis"", ""Effusion"", ""Pneumonia"", ""Pleural_Thickening"", ""Cardiomegaly"", ""Nodule"", ""Mass"", ""Hernia"", ""Lung Lesion"", ""Fracture"", ""Lung Opacity"", ""Enlarged Cardiomediastinum""]",0.5823536515235901,present,Atelectasis,0.5020787119865417,present,Cardiomegaly,0.5250786542892456,present,Consolidation,0.036465588957071304,absent,Edema,0.5486329793930054,present,Effusion,0.028692584484815598,absent,Pneumonia,0.19161410629749298,absent,Pneumothorax,0.508781909942627,present,Fracture,0.004922611638903618,absent,Lung Lesion,0.5383586287498474,present,Lung Opacity,0.23631562292575836,uncertain,Enlarged Cardiomediastinum,0.5334579944610596,present,Pleural_Thickening,,unavailable,,,not_computed,,"[""Atelectasis"", ""Cardiomegaly"", ""Consolidation"", ""Pleural Effusion"", ""Fracture"", ""Lung Opacity"", ""Pleural Other""]","{""Atelectasis"": 0.5823536515235901, ""Cardiomegaly"": 0.5020787119865417, ""Consolidation"": 0.5250786542892456, ""Edema"": 0.036465588957071304, ""Effusion"": 0.5486329793930054, ""Emphysema"": 0.5032752156257629, ""Enlarged Cardiomediastinum"": 0.23631562292575836, ""Fibrosis"": 0.522893488407135, ""Fracture"": 0.508781909942627, ""Hernia"": 0.5355185270309448, ""Infiltration"": 0.3823719918727875, ""Lung Lesion"": 0.004922611638903618, ""Lung Opacity"": 0.5383586287498474, ""Mass"": 0.5473693609237671, ""Nodule"": 0.5101604461669922, ""Pleural_Thickening"": 0.5334579944610596, ""Pneumonia"": 0.028692584484815598, ""Pneumothorax"": 0.19161410629749298}",retrieval_agent
patient00122/study3,patient00122/study3/view2_lateral.dcm,/home/jovyan/Desktop/MEDAGENT-X/data/raw/chexpert_plus/dicom_train/patient00122/study3/view2_lateral.dcm,torchxrayvision.DenseNet,densenet121-res224-all,cuda,0.5,0.2,"[""Atelectasis"", ""Consolidation"", ""Infiltration"", ""Pneumothorax"", ""Edema"", ""Emphysema"", ""Fibrosis"", ""Effusion"", ""Pneumonia"", ""Pleural_Thickening"", ""Cardiomegaly"", ""Nodule"", ""Mass"", ""Hernia"", ""Lung Lesion"", ""Fracture"", ""Lung Opacity"", ""Enlarged Cardiomediastinum""]",0.5973016023635864,present,Atelectasis,0.579790472984314,present,Cardiomegaly,0.5657927989959717,present,Consolidation,0.5364032983779907,present,Edema,0.7135235071182251,present,Effusion,0.646989107131958,present,Pneumonia,0.26846885681152344,uncertain,Pneumothorax,0.4654863178730011,uncertain,Fracture,0.24677395820617676,uncertain,Lung Lesion,0.8055287599563599,present,Lung Opacity,0.5330883860588074,present,Enlarged Cardiomediastinum,0.14787760376930237,absent,Pleural_Thickening,,unavailable,,,not_computed,,"[""Atelectasis"", ""Cardiomegaly"", ""Consolidation"", ""Edema"", ""Pleural Effusion"", ""Pneumonia"", ""Lung Opacity"", ""Enlarged Cardiomediastinum""]","{""Atelectasis"": 0.5973016023635864, ""Cardiomegaly"": 0.579790472984314, ""Consolidation"": 0.5657927989959717, ""Edema"": 0.5364032983779907, ""Effusion"": 0.7135235071182251, ""Emphysema"": 0.5047861337661743, ""Enlarged Cardiomediastinum"": 0.5330883860588074, ""Fibrosis"": 0.4695412218570709, ""Fracture"": 0.4654863178730011, ""Hernia"": 0.015284467488527298, ""Infiltration"": 0.5069897174835205, ""Lung Lesion"": 0.24677395820617676, ""Lung Opacity"": 0.8055287599563599, ""Mass"": 0.5119266510009766, ""Nodule"": 0.5095404386520386, ""Pleural_Thickening"": 0.14787760376930237, ""Pneumonia"": 0.646989107131958, ""Pneumothorax"": 0.26846885681152344}",retrieval_agent
patient00122/study5,patient00122/study5/view1_frontal.dcm,/home/jovyan/Desktop/MEDAGENT-X/data/raw/chexpert_plus/dicom_train/patient00122/study5/view1_frontal.dcm,torchxrayvision.DenseNet,densenet121-res224-all,cuda,0.5,0.2,"[""Atelectasis"", ""Consolidation"", ""Infiltration"", ""Pneumothorax"", ""Edema"", ""Emphysema"", ""Fibrosis"", ""Effusion"", ""Pneumonia"", ""Pleural_Thickening"", ""Cardiomegaly"", ""Nodule"", ""Mass"", ""Hernia"", ""Lung Lesion"", ""Fracture"", ""Lung Opacity"", ""Enlarged Cardiomediastinum""]",0.5796555280685425,present,Atelectasis,0.5078996419906616,present,Cardiomegaly,0.64755779504776,present,Consolidation,0.5175455808639526,present,Edema,0.672339916229248,present,Effusion,0.6062122583389282,present,Pneumonia,0.5033748149871826,present,Pneumothorax,0.5099834203720093,present,Fracture,0.1612228900194168,absent,Lung Lesion,0.882536768913269,present,Lung Opacity,0.569462239742279,present,Enlarged Cardiomediastinum,0.544750452041626,present,Pleural_Thickening,,unavailable,,,not_computed,,"[""Atelectasis"", ""Cardiomegaly"", ""Consolidation"", ""Edema"", ""Pleural Effusion"", ""Pneumonia"", ""Pneumothorax"", ""Fracture"", ""Lung Opacity"", ""Enlarged Cardiomediastinum"", ""Pleural Other""]","{""Atelectasis"": 0.5796555280685425, ""Cardiomegaly"": 0.5078996419906616, ""Consolidation"": 0.64755779504776, ""Edema"": 0.5175455808639526, ""Effusion"": 0.672339916229248, ""Emphysema"": 0.5018166303634644, ""Enlarged Cardiomediastinum"": 0.569462239742279, ""Fibrosis"": 0.6163491010665894, ""Fracture"": 0.5099834203720093, ""Hernia"": 0.008919629268348217, ""Infiltration"": 0.6307881474494934, ""Lung Lesion"": 0.1612228900194168, ""Lung Opacity"": 0.882536768913269, ""Mass"": 0.6566483974456787, ""Nodule"": 0.5690544843673706, ""Pleural_Thickening"": 0.544750452041626, ""Pneumonia"": 0.6062122583389282, ""Pneumothorax"": 0.5033748149871826}",retrieval_agent
patient00122/study1,patient00122/study1/view1_frontal.dcm,/home/jovyan/Desktop/MEDAGENT-X/data/raw/chexpert_plus/dicom_train/patient00122/study1/view1_frontal.dcm,torchxrayvision.DenseNet,densenet121-res224-all,cuda,0.5,0.2,"[""Atelectasis"", ""Consolidation"", ""Infiltration"", ""Pneumothorax"", ""Edema"", ""Emphysema"", ""Fibrosis"", ""Effusion"", ""Pneumonia"", ""Pleural_Thickening"", ""Cardiomegaly"", ""Nodule"", ""Mass"", ""Hernia"", ""Lung Lesion"", ""Fracture"", ""Lung Opacity"", ""Enlarged Cardiomediastinum""]",0.5721427202224731,present,Atelectasis,0.556962251663208,present,Cardiomegaly,0.52702397108078,present,Consolidation,0.07180339843034744,absent,Edema,0.5360302925109863,present,Effusion,0.21472638845443726,uncertain,Pneumonia,0.06504172831773758,absent,Pneumothorax,0.5078133344650269,present,Fracture,0.03279938921332359,absent,Lung Lesion,0.49673110246658325,uncertain,Lung Opacity,0.2842552065849304,uncertain,Enlarged Cardiomediastinum,0.43577471375465393,uncertain,Pleural_Thickening,,unavailable,,,not_computed,,"[""Atelectasis"", ""Cardiomegaly"", ""Consolidation"", ""Pleural Effusion"", ""Fracture""]","{""Atelectasis"": 0.5721427202224731, ""Cardiomegaly"": 0.556962251663208, ""Consolidation"": 0.52702397108078, ""Edema"": 0.07180339843034744, ""Effusion"": 0.5360302925109863, ""Emphysema"": 0.5012471079826355, ""Enlarged Cardiomediastinum"": 0.2842552065849304, ""Fibrosis"": 0.30325013399124146, ""Fracture"": 0.5078133344650269, ""Hernia"": 0.40040668845176697, ""Infiltration"": 0.29244211316108704, ""Lung Lesion"": 0.03279938921332359, ""Lung Opacity"": 0.49673110246658325, ""Mass"": 0.5271440744400024, ""Nodule"": 0.5026046633720398, ""Pleural_Thickening"": 0.43577471375465393, ""Pneumonia"": 0.21472638845443726, ""Pneumothorax"": 0.06504172831773758}",retrieval_agent
patient00122/study4,patient00122/study4/view1_frontal.dcm,/home/jovyan/Desktop/MEDAGENT-X/data/raw/chexpert_plus/dicom_train/patient00122/study4/view1_frontal.dcm,torchxrayvision.DenseNet,densenet121-res224-all,cuda,0.5,0.2,"[""Atelectasis"", ""Consolidation"", ""Infiltration"", ""Pneumothorax"", ""Edema"", ""Emphysema"", ""Fibrosis"", ""Effusion"", ""Pneumonia"", ""Pleural_Thickening"", ""Cardiomegaly"", ""Nodule"", ""Mass"", ""Hernia"", ""Lung Lesion"", ""Fracture"", ""Lung Opacity"", ""Enlarged Cardiomediastinum""]",0.7103027105331421,present,Atelectasis,0.5040444135665894,present,Cardiomegaly,0.6047682762145996,present,Consolidation,0.5210366249084473,present,Edema,0.856071949005127,present,Effusion,0.2326284497976303,uncertain,Pneumonia,0.5140270590782166,present,Pneumothorax,0.5412349700927734,present,Fracture,0.5244235396385193,present,Lung Lesion,0.7568038702011108,present,Lung Opacity,0.6041826605796814,present,Enlarged Cardiomediastinum,0.6593587398529053,present,Pleural_Thickening,,unavailable,,,not_computed,,"[""Atelectasis"", ""Cardiomegaly"", ""Consolidation"", ""Edema"", ""Pleural Effusion"", ""Pneumothorax"", ""Fracture"", ""Lung Lesion"", ""Lung Opacity"", ""Enlarged Cardiomediastinum"", ""Pleural Other""]","{""Atelectasis"": 0.7103027105331421, ""Cardiomegaly"": 0.5040444135665894, ""Consolidation"": 0.6047682762145996, ""Edema"": 0.5210366249084473, ""Effusion"": 0.856071949005127, ""Emphysema"": 0.505103349685669, ""Enlarged Cardiomediastinum"": 0.6041826605796814, ""Fibrosis"": 0.5651542544364929, ""Fracture"": 0.5412349700927734, ""Hernia"": 0.12746606767177582, ""Infiltration"": 0.5903984308242798, ""Lung Lesion"": 0.5244235396385193, ""Lung Opacity"": 0.7568038702011108, ""Mass"": 0.6195152401924133, ""Nodule"": 0.5311477184295654, ""Pleural_Thickening"": 0.6593587398529053, ""Pneumonia"": 0.2326284497976303, ""Pneumothorax"": 0.5140270590782166}",retrieval_agent
patient00122/study8,patient00122/study8/view1_frontal.dcm,/home/jovyan/Desktop/MEDAGENT-X/data/raw/chexpert_plus/dicom_train/patient00122/study8/view1_frontal.dcm,torchxrayvision.DenseNet,densenet121-res224-all,cuda,0.5,0.2,"[""Atelectasis"", ""Consolidation"", ""Infiltration"", ""Pneumothorax"", ""Edema"", ""Emphysema"", ""Fibrosis"", ""Effusion"", ""Pneumonia"", ""Pleural_Thickening"", ""Cardiomegaly"", ""Nodule"", ""Mass"", ""Hernia"", ""Lung Lesion"", ""Fracture"", ""Lung Opacity"", ""Enlarged Cardiomediastinum""]",0.7032486200332642,present,Atelectasis,0.51163649559021,present,Cardiomegaly,0.5960789918899536,present,Consolidation,0.5113419890403748,present,Edema,0.9268747568130493,present,Effusion,0.17376920580863953,absent,Pneumonia,0.5066519975662231,present,Pneumothorax,0.5368674397468567,present,Fracture,0.5077496767044067,present,Lung Lesion,0.7615532875061035,present,Lung Opacity,0.5611481070518494,present,Enlarged Cardiomediastinum,0.5816536545753479,present,Pleural_Thickening,,unavailable,,,not_computed,,"[""Atelectasis"", ""Cardiomegaly"", ""Consolidation"", ""Edema"", ""Pleural Effusion"", ""Pneumothorax"", ""Fracture"", ""Lung Lesion"", ""Lung Opacity"", ""Enlarged Cardiomediastinum"", ""Pleural Other""]","{""Atelectasis"": 0.7032486200332642, ""Cardiomegaly"": 0.51163649559021, ""Consolidation"": 0.5960789918899536, ""Edema"": 0.5113419890403748, ""Effusion"": 0.9268747568130493, ""Emphysema"": 0.5008435845375061, ""Enlarged Cardiomediastinum"": 0.5611481070518494, ""Fibrosis"": 0.5180847644805908, ""Fracture"": 0.5368674397468567, ""Hernia"": 0.1558002084493637, ""Infiltration"": 0.5647330284118652, ""Lung Lesion"": 0.5077496767044067, ""Lung Opacity"": 0.7615532875061035, ""Mass"": 0.6052733063697815, ""Nodule"": 0.52483069896698, ""Pleural_Thickening"": 0.5816536545753479, ""Pneumonia"": 0.17376920580863953, ""Pneumothorax"": 0.5066519975662231}",retrieval_agent
patient00122/study7,patient00122/study7/view1_frontal.dcm,/home/jovyan/Desktop/MEDAGENT-X/data/raw/chexpert_plus/dicom_train/patient00122/study7/view1_frontal.dcm,torchxrayvision.DenseNet,densenet121-res224-all,cuda,0.5,0.2,"[""Atelectasis"", ""Consolidation"", ""Infiltration"", ""Pneumothorax"", ""Edema"", ""Emphysema"", ""Fibrosis"", ""Effusion"", ""Pneumonia"", ""Pleural_Thickening"", ""Cardiomegaly"", ""Nodule"", ""Mass"", ""Hernia"", ""Lung Lesion"", ""Fracture"", ""Lung Opacity"", ""Enlarged Cardiomediastinum""]",0.6539041996002197,present,Atelectasis,0.531458854675293,present,Cardiomegaly,0.5620170831680298,present,Consolidation,0.5004808902740479,present,Edema,0.7421302795410156,present,Effusion,0.07275286316871643,absent,Pneumonia,0.5050665140151978,present,Pneumothorax,0.5342689752578735,present,Fracture,0.07024963200092316,absent,Lung Lesion,0.8070477247238159,present,Lung Opacity,0.534151554107666,present,Enlarged Cardiomediastinum,0.5396392345428467,present,Pleural_Thickening,,unavailable,,,not_computed,,"[""Atelectasis"", ""Cardiomegaly"", ""Consolidation"", ""Edema"", ""Pleural Effusion"", ""Pneumothorax"", ""Fracture"", ""Lung Opacity"", ""Enlarged Cardiomediastinum"", ""Pleural Other""]","{""Atelectasis"": 0.6539041996002197, ""Cardiomegaly"": 0.531458854675293, ""Consolidation"": 0.5620170831680298, ""Edema"": 0.5004808902740479, ""Effusion"": 0.7421302795410156, ""Emphysema"": 0.5014257431030273, ""Enlarged Cardiomediastinum"": 0.534151554107666, ""Fibrosis"": 0.5416043996810913, ""Fracture"": 0.5342689752578735, ""Hernia"": 0.5070208311080933, ""Infiltration"": 0.57914137840271, ""Lung Lesion"": 0.07024963200092316, ""Lung Opacity"": 0.8070477247238159, ""Mass"": 0.5726468563079834, ""Nodule"": 0.522848904132843, ""Pleural_Thickening"": 0.5396392345428467, ""Pneumonia"": 0.07275286316871643, ""Pneumothorax"": 0.5050665140151978}",retrieval_agent
patient00122/study6,patient00122/study6/view1_frontal.dcm,/home/jovyan/Desktop/MEDAGENT-X/data/raw/chexpert_plus/dicom_train/patient00122/study6/view1_frontal.dcm,torchxrayvision.DenseNet,densenet121-res224-all,cuda,0.5,0.2,"[""Atelectasis"", ""Consolidation"", ""Infiltration"", ""Pneumothorax"", ""Edema"", ""Emphysema"", ""Fibrosis"", ""Effusion"", ""Pneumonia"", ""Pleural_Thickening"", ""Cardiomegaly"", ""Nodule"", ""Mass"", ""Hernia"", ""Lung Lesion"", ""Fracture"", ""Lung Opacity"", ""Enlarged Cardiomediastinum""]",0.6412580013275146,present,Atelectasis,0.5617673993110657,present,Cardiomegaly,0.6035272479057312,present,Consolidation,0.5201386213302612,present,Edema,0.7731634974479675,present,Effusion,0.058385755866765976,absent,Pneumonia,0.5025973320007324,present,Pneumothorax,0.5183154344558716,present,Fracture,0.53183513879776,present,Lung Lesion,0.8520017266273499,present,Lung Opacity,0.6352767944335938,present,Enlarged Cardiomediastinum,0.508070707321167,present,Pleural_Thickening,,unavailable,,,not_computed,,"[""Atelectasis"", ""Cardiomegaly"", ""Consolidation"", ""Edema"", ""Pleural Effusion"", ""Pneumothorax"", ""Fracture"", ""Lung Lesion"", ""Lung Opacity"", ""Enlarged Cardiomediastinum"", ""Pleural Other""]","{""Atelectasis"": 0.6412580013275146, ""Cardiomegaly"": 0.5617673993110657, ""Consolidation"": 0.6035272479057312, ""Edema"": 0.5201386213302612, ""Effusion"": 0.7731634974479675, ""Emphysema"": 0.5016781091690063, ""Enlarged Cardiomediastinum"": 0.6352767944335938, ""Fibrosis"": 0.522166907787323, ""Fracture"": 0.5183154344558716, ""Hernia"": 0.1964140087366104, ""Infiltration"": 0.5862977504730225, ""Lung Lesion"": 0.53183513879776, ""Lung Opacity"": 0.8520017266273499, ""Mass"": 0.8125560283660889, ""Nodule"": 0.5798070430755615, ""Pleural_Thickening"": 0.508070707321167, ""Pneumonia"": 0.058385755866765976, ""Pneumothorax"": 0.5025973320007324}",retrieval_agent
patient00124/study6,patient00124/study6/view1_frontal.dcm,/home/jovyan/Desktop/MEDAGENT-X/data/raw/chexpert_plus/dicom_train/patient00124/study6/view1_frontal.dcm,torchxrayvision.DenseNet,densenet121-res224-all,cuda,0.5,0.2,"[""Atelectasis"", ""Consolidation"", ""Infiltration"", ""Pneumothorax"", ""Edema"", ""Emphysema"", ""Fibrosis"", ""Effusion"", ""Pneumonia"", ""Pleural_Thickening"", ""Cardiomegaly"", ""Nodule"", ""Mass"", ""Hernia"", ""Lung Lesion"", ""Fracture"", ""Lung Opacity"", ""Enlarged Cardiomediastinum""]",0.5136653184890747,present,Atelectasis,0.515322744846344,present,Cardiomegaly,0.5031468272209167,present,Consolidation,0.07664435356855392,absent,Edema,0.29851052165031433,uncertain,Effusion,0.027886617928743362,absent,Pneumonia,0.5089626312255859,present,Pneumothorax,0.5204788446426392,present,Fracture,0.08215077966451645,absent,Lung Lesion,0.5929422378540039,present,Lung Opacity,0.5029200315475464,present,Enlarged Cardiomediastinum,0.5033584833145142,present,Pleural_Thickening,,unavailable,,,not_computed,,"[""Atelectasis"", ""Cardiomegaly"", ""Consolidation"", ""Pneumothorax"", ""Fracture"", ""Lung Opacity"", ""Enlarged Cardiomediastinum"", ""Pleural Other""]","{""Atelectasis"": 0.5136653184890747, ""Cardiomegaly"": 0.515322744846344, ""Consolidation"": 0.5031468272209167, ""Edema"": 0.07664435356855392, ""Effusion"": 0.29851052165031433, ""Emphysema"": 0.5055789351463318, ""Enlarged Cardiomediastinum"": 0.5029200315475464, ""Fibrosis"": 0.5121256113052368, ""Fracture"": 0.5204788446426392, ""Hernia"": 0.017952028661966324, ""Infiltration"": 0.5336467623710632, ""Lung Lesion"": 0.08215077966451645, ""Lung Opacity"": 0.5929422378540039, ""Mass"": 0.5381302833557129, ""Nodule"": 0.5087029337882996, ""Pleural_Thickening"": 0.5033584833145142, ""Pneumonia"": 0.027886617928743362, ""Pneumothorax"": 0.5089626312255859}",retrieval_agent
patient00124/study4,patient00124/study4/view1_frontal.dcm,/home/jovyan/Desktop/MEDAGENT-X/data/raw/chexpert_plus/dicom_train/patient00124/study4/view1_frontal.dcm,torchxrayvision.DenseNet,densenet121-res224-all,cuda,0.5,0.2,"[""Atelectasis"", ""Consolidation"", ""Infiltration"", ""Pneumothorax"", ""Edema"", ""Emphysema"", ""Fibrosis"", ""Effusion"", ""Pneumonia"", ""Pleural_Thickening"", ""Cardiomegaly"", ""Nodule"", ""Mass"", ""Hernia"", ""Lung Lesion"", ""Fracture"", ""Lung Opacity"", ""Enlarged Cardiomediastinum""]",0.7185638546943665,present,Atelectasis,0.6616015434265137,present,Cardiomegaly,0.693669319152832,present,Consolidation,0.6174939870834351,present,Edema,0.8320159912109375,present,Effusion,0.4197777509689331,uncertain,Pneumonia,0.5266185402870178,present,Pneumothorax,0.5351431369781494,present,Fracture,0.518144428730011,present,Lung Lesion,0.8457432985305786,present,Lung Opacity,0.5684554576873779,present,Enlarged Cardiomediastinum,0.5131040811538696,present,Pleural_Thickening,,unavailable,,,not_computed,,"[""Atelectasis"", ""Cardiomegaly"", ""Consolidation"", ""Edema"", ""Pleural Effusion"", ""Pneumothorax"", ""Fracture"", ""Lung Lesion"", ""Lung Opacity"", ""Enlarged Cardiomediastinum"", ""Pleural Other""]","{""Atelectasis"": 0.7185638546943665, ""Cardiomegaly"": 0.6616015434265137, ""Consolidation"": 0.693669319152832, ""Edema"": 0.6174939870834351, ""Effusion"": 0.8320159912109375, ""Emphysema"": 0.5004453659057617, ""Enlarged Cardiomediastinum"": 0.5684554576873779, ""Fibrosis"": 0.5085005760192871, ""Fracture"": 0.5351431369781494, ""Hernia"": 0.14290916919708252, ""Infiltration"": 0.6201391220092773, ""Lung Lesion"": 0.518144428730011, ""Lung Opacity"": 0.8457432985305786, ""Mass"": 0.5340622663497925, ""Nodule"": 0.5170800089836121, ""Pleural_Thickening"": 0.5131040811538696, ""Pneumonia"": 0.4197777509689331, ""Pneumothorax"": 0.5266185402870178}",retrieval_agent
patient00124/study2,patient00124/study2/view1_frontal.dcm,/home/jovyan/Desktop/MEDAGENT-X/data/raw/chexpert_plus/dicom_train/patient00124/study2/view1_frontal.dcm,torchxrayvision.DenseNet,densenet121-res224-all,cuda,0.5,0.2,"[""Atelectasis"", ""Consolidation"", ""Infiltration"", ""Pneumothorax"", ""Edema"", ""Emphysema"", ""Fibrosis"", ""Effusion"", ""Pneumonia"", ""Pleural_Thickening"", ""Cardiomegaly"", ""Nodule"", ""Mass"", ""Hernia"", ""Lung Lesion"", ""Fracture"", ""Lung Opacity"", ""Enlarged Cardiomediastinum""]",0.7465026378631592,present,Atelectasis,0.7090868949890137,present,Cardiomegaly,0.7681999802589417,present,Consolidation,0.7239521741867065,present,Edema,0.87408447265625,present,Effusion,0.5351096391677856,present,Pneumonia,0.5170469284057617,present,Pneumothorax,0.541824221611023,present,Fracture,0.5084666013717651,present,Lung Lesion,0.9285494089126587,present,Lung Opacity,0.5591239929199219,present,Enlarged Cardiomediastinum,0.5097143650054932,present,Pleural_Thickening,,unavailable,,,not_computed,,"[""Atelectasis"", ""Cardiomegaly"", ""Consolidation"", ""Edema"", ""Pleural Effusion"", ""Pneumonia"", ""Pneumothorax"", ""Fracture"", ""Lung Lesion"", ""Lung Opacity"", ""Enlarged Cardiomediastinum"", ""Pleural Other""]","{""Atelectasis"": 0.7465026378631592, ""Cardiomegaly"": 0.7090868949890137, ""Consolidation"": 0.7681999802589417, ""Edema"": 0.7239521741867065, ""Effusion"": 0.87408447265625, ""Emphysema"": 0.5019118785858154, ""Enlarged Cardiomediastinum"": 0.5591239929199219, ""Fibrosis"": 0.5118346214294434, ""Fracture"": 0.541824221611023, ""Hernia"": 0.0909893587231636, ""Infiltration"": 0.7056480646133423, ""Lung Lesion"": 0.5084666013717651, ""Lung Opacity"": 0.9285494089126587, ""Mass"": 0.5533117055892944, ""Nodule"": 0.5574616193771362, ""Pleural_Thickening"": 0.5097143650054932, ""Pneumonia"": 0.5351096391677856, ""Pneumothorax"": 0.5170469284057617}",retrieval_agent
patient00124/study3,patient00124/study3/view1_frontal.dcm,/home/jovyan/Desktop/MEDAGENT-X/data/raw/chexpert_plus/dicom_train/patient00124/study3/view1_frontal.dcm,torchxrayvision.DenseNet,densenet121-res224-all,cuda,0.5,0.2,"[""Atelectasis"", ""Consolidation"", ""Infiltration"", ""Pneumothorax"", ""Edema"", ""Emphysema"", ""Fibrosis"", ""Effusion"", ""Pneumonia"", ""Pleural_Thickening"", ""Cardiomegaly"", ""Nodule"", ""Mass"", ""Hernia"", ""Lung Lesion"", ""Fracture"", ""Lung Opacity"", ""Enlarged Cardiomediastinum""]",0.6534507274627686,present,Atelectasis,0.6530332565307617,present,Cardiomegaly,0.6135825514793396,present,Consolidation,0.5260951519012451,present,Edema,0.6909481287002563,present,Effusion,0.5013701915740967,present,Pneumonia,0.5021867156028748,present,Pneumothorax,0.5114668011665344,present,Fracture,0.0751139298081398,absent,Lung Lesion,0.7451189160346985,present,Lung Opacity,0.5179183483123779,present,Enlarged Cardiomediastinum,0.44323015213012695,uncertain,Pleural_Thickening,,unavailable,,,not_computed,,"[""Atelectasis"", ""Cardiomegaly"", ""Consolidation"", ""Edema"", ""Pleural Effusion"", ""Pneumonia"", ""Pneumothorax"", ""Fracture"", ""Lung Opacity"", ""Enlarged Cardiomediastinum""]","{""Atelectasis"": 0.6534507274627686, ""Cardiomegaly"": 0.6530332565307617, ""Consolidation"": 0.6135825514793396, ""Edema"": 0.5260951519012451, ""Effusion"": 0.6909481287002563, ""Emphysema"": 0.500151515007019, ""Enlarged Cardiomediastinum"": 0.5179183483123779, ""Fibrosis"": 0.5023276805877686, ""Fracture"": 0.5114668011665344, ""Hernia"": 0.26046010851860046, ""Infiltration"": 0.5788515210151672, ""Lung Lesion"": 0.0751139298081398, ""Lung Opacity"": 0.7451189160346985, ""Mass"": 0.5230767726898193, ""Nodule"": 0.5131127834320068, ""Pleural_Thickening"": 0.44323015213012695, ""Pneumonia"": 0.5013701915740967, ""Pneumothorax"": 0.5021867156028748}",retrieval_agent
patient00124/study5,patient00124/study5/view1_frontal.dcm,/home/jovyan/Desktop/MEDAGENT-X/data/raw/chexpert_plus/dicom_train/patient00124/study5/view1_frontal.dcm,torchxrayvision.DenseNet,densenet121-res224-all,cuda,0.5,0.2,"[""Atelectasis"", ""Consolidation"", ""Infiltration"", ""Pneumothorax"", ""Edema"", ""Emphysema"", ""Fibrosis"", ""Effusion"", ""Pneumonia"", ""Pleural_Thickening"", ""Cardiomegaly"", ""Nodule"", ""Mass"", ""Hernia"", ""Lung Lesion"", ""Fracture"", ""Lung Opacity"", ""Enlarged Cardiomediastinum""]",0.7286146283149719,present,Atelectasis,0.770565927028656,present,Cardiomegaly,0.6893391609191895,present,Consolidation,0.6104921102523804,present,Edema,0.8070314526557922,present,Effusion,0.5025991201400757,present,Pneumonia,0.5051178932189941,present,Pneumothorax,0.5113062858581543,present,Fracture,0.30971869826316833,uncertain,Lung Lesion,0.8814981579780579,present,Lung Opacity,0.5812256932258606,present,Enlarged Cardiomediastinum,0.3790786862373352,uncertain,Pleural_Thickening,,unavailable,,,not_computed,,"[""Atelectasis"", ""Cardiomegaly"", ""Consolidation"", ""Edema"", ""Pleural Effusion"", ""Pneumonia"", ""Pneumothorax"", ""Fracture"", ""Lung Opacity"", ""Enlarged Cardiomediastinum""]","{""Atelectasis"": 0.7286146283149719, ""Cardiomegaly"": 0.770565927028656, ""Consolidation"": 0.6893391609191895, ""Edema"": 0.6104921102523804, ""Effusion"": 0.8070314526557922, ""Emphysema"": 0.5001447200775146, ""Enlarged Cardiomediastinum"": 0.5812256932258606, ""Fibrosis"": 0.5084851980209351, ""Fracture"": 0.5113062858581543, ""Hernia"": 0.04053495079278946, ""Infiltration"": 0.6116926670074463, ""Lung Lesion"": 0.30971869826316833, ""Lung Opacity"": 0.8814981579780579, ""Mass"": 0.546560525894165, ""Nodule"": 0.5219296216964722, ""Pleural_Thickening"": 0.3790786862373352, ""Pneumonia"": 0.5025991201400757, ""Pneumothorax"": 0.5051178932189941}",retrieval_agent
patient00124/study1,patient00124/study1/view1_frontal.dcm,/home/jovyan/Desktop/MEDAGENT-X/data/raw/chexpert_plus/dicom_train/patient00124/study1/view1_frontal.dcm,torchxrayvision.DenseNet,densenet121-res224-all,cuda,0.5,0.2,"[""Atelectasis"", ""Consolidation"", ""Infiltration"", ""Pneumothorax"", ""Edema"", ""Emphysema"", ""Fibrosis"", ""Effusion"", ""Pneumonia"", ""Pleural_Thickening"", ""Cardiomegaly"", ""Nodule"", ""Mass"", ""Hernia"", ""Lung Lesion"", ""Fracture"", ""Lung Opacity"", ""Enlarged Cardiomediastinum""]",0.5405759811401367,present,Atelectasis,0.5294774770736694,present,Cardiomegaly,0.5380698442459106,present,Consolidation,0.5263245105743408,present,Edema,0.5117074251174927,present,Effusion,0.1949554979801178,absent,Pneumonia,0.37841808795928955,uncertain,Pneumothorax,0.5146856307983398,present,Fracture,0.07193940877914429,absent,Lung Lesion,0.819785475730896,present,Lung Opacity,0.5269099473953247,present,Enlarged Cardiomediastinum,0.2866203188896179,uncertain,Pleural_Thickening,,unavailable,,,not_computed,,"[""Atelectasis"", ""Cardiomegaly"", ""Consolidation"", ""Edema"", ""Pleural Effusion"", ""Fracture"", ""Lung Opacity"", ""Enlarged Cardiomediastinum""]","{""Atelectasis"": 0.5405759811401367, ""Cardiomegaly"": 0.5294774770736694, ""Consolidation"": 0.5380698442459106, ""Edema"": 0.5263245105743408, ""Effusion"": 0.5117074251174927, ""Emphysema"": 0.48662877082824707, ""Enlarged Cardiomediastinum"": 0.5269099473953247, ""Fibrosis"": 0.5064376592636108, ""Fracture"": 0.5146856307983398, ""Hernia"": 0.24082337319850922, ""Infiltration"": 0.5883067846298218, ""Lung Lesion"": 0.07193940877914429, ""Lung Opacity"": 0.819785475730896, ""Mass"": 0.5471128225326538, ""Nodule"": 0.5353327989578247, ""Pleural_Thickening"": 0.2866203188896179, ""Pneumonia"": 0.1949554979801178, ""Pneumothorax"": 0.37841808795928955}",retrieval_agent
patient00126/study1,patient00126/study1/view1_frontal.dcm,/home/jovyan/Desktop/MEDAGENT-X/data/raw/chexpert_plus/dicom_train/patient00126/study1/view1_frontal.dcm,torchxrayvision.DenseNet,densenet121-res224-all,cuda,0.5,0.2,"[""Atelectasis"", ""Consolidation"", ""Infiltration"", ""Pneumothorax"", ""Edema"", ""Emphysema"", ""Fibrosis"", ""Effusion"", ""Pneumonia"", ""Pleural_Thickening"", ""Cardiomegaly"", ""Nodule"", ""Mass"", ""Hernia"", ""Lung Lesion"", ""Fracture"", ""Lung Opacity"", ""Enlarged Cardiomediastinum""]",0.36618345975875854,uncertain,Atelectasis,0.29532837867736816,uncertain,Cardiomegaly,0.18705464899539948,absent,Consolidation,0.4420869052410126,uncertain,Edema,0.05243530124425888,absent,Effusion,0.14632460474967957,absent,Pneumonia,0.024709565564990044,absent,Pneumothorax,0.2091454118490219,uncertain,Fracture,0.06249301880598068,absent,Lung Lesion,0.229140043258667,uncertain,Lung Opacity,0.11687799543142319,absent,Enlarged Cardiomediastinum,0.04492940381169319,absent,Pleural_Thickening,,unavailable,,,not_computed,,[],"{""Atelectasis"": 0.36618345975875854, ""Cardiomegaly"": 0.29532837867736816, ""Consolidation"": 0.18705464899539948, ""Edema"": 0.4420869052410126, ""Effusion"": 0.05243530124425888, ""Emphysema"": 0.04027246683835983, ""Enlarged Cardiomediastinum"": 0.11687799543142319, ""Fibrosis"": 0.2865888476371765, ""Fracture"": 0.2091454118490219, ""Hernia"": 0.0018513700924813747, ""Infiltration"": 0.50741046667099, ""Lung Lesion"": 0.06249301880598068, ""Lung Opacity"": 0.229140043258667, ""Mass"": 0.2664133310317993, ""Nodule"": 0.501426100730896, ""Pleural_Thickening"": 0.04492940381169319, ""Pneumonia"": 0.14632460474967957, ""Pneumothorax"": 0.024709565564990044}",retrieval_agent
patient00133/study1,patient00133/study1/view1_frontal.dcm,/home/jovyan/Desktop/MEDAGENT-X/data/raw/chexpert_plus/dicom_train/patient00133/study1/view1_frontal.dcm,torchxrayvision.DenseNet,densenet121-res224-all,cuda,0.5,0.2,"[""Atelectasis"", ""Consolidation"", ""Infiltration"", ""Pneumothorax"", ""Edema"", ""Emphysema"", ""Fibrosis"", ""Effusion"", ""Pneumonia"", ""Pleural_Thickening"", ""Cardiomegaly"", ""Nodule"", ""Mass"", ""Hernia"", ""Lung Lesion"", ""Fracture"", ""Lung Opacity"", ""Enlarged Cardiomediastinum""]",0.08468601852655411,absent,Atelectasis,0.06919915229082108,absent,Cardiomegaly,0.24447011947631836,uncertain,Consolidation,0.01826220564544201,absent,Edema,0.01312926597893238,absent,Effusion,0.11175410449504852,absent,Pneumonia,0.006654132157564163,absent,Pneumothorax,0.19195258617401123,absent,Fracture,0.0004960526712238789,absent,Lung Lesion,0.13131074607372284,absent,Lung Opacity,0.07198645174503326,absent,Enlarged Cardiomediastinum,0.011263533495366573,absent,Pleural_Thickening,,unavailable,,,not_computed,,[],"{""Atelectasis"": 0.08468601852655411, ""Cardiomegaly"": 0.06919915229082108, ""Consolidation"": 0.24447011947631836, ""Edema"": 0.01826220564544201, ""Effusion"": 0.01312926597893238, ""Emphysema"": 0.12297713756561279, ""Enlarged Cardiomediastinum"": 0.07198645174503326, ""Fibrosis"": 0.02719259075820446, ""Fracture"": 0.19195258617401123, ""Hernia"": 0.0007078933995217085, ""Infiltration"": 0.04717932641506195, ""Lung Lesion"": 0.0004960526712238789, ""Lung Opacity"": 0.13131074607372284, ""Mass"": 0.05539964884519577, ""Nodule"": 0.14082486927509308, ""Pleural_Thickening"": 0.011263533495366573, ""Pneumonia"": 0.11175410449504852, ""Pneumothorax"": 0.006654132157564163}",retrieval_agent
patient00133/study1,patient00133/study1/view2_lateral.dcm,/home/jovyan/Desktop/MEDAGENT-X/data/raw/chexpert_plus/dicom_train/patient00133/study1/view2_lateral.dcm,torchxrayvision.DenseNet,densenet121-res224-all,cuda,0.5,0.2,"[""Atelectasis"", ""Consolidation"", ""Infiltration"", ""Pneumothorax"", ""Edema"", ""Emphysema"", ""Fibrosis"", ""Effusion"", ""Pneumonia"", ""Pleural_Thickening"", ""Cardiomegaly"", ""Nodule"", ""Mass"", ""Hernia"", ""Lung Lesion"", ""Fracture"", ""Lung Opacity"", ""Enlarged Cardiomediastinum""]",0.3592819571495056,uncertain,Atelectasis,0.05784885212779045,absent,Cardiomegaly,0.5027523040771484,present,Consolidation,0.11973230540752411,absent,Edema,0.5064738392829895,present,Effusion,0.7238059043884277,present,Pneumonia,0.06833644956350327,absent,Pneumothorax,0.06962931156158447,absent,Fracture,0.002736665541306138,absent,Lung Lesion,0.8798993825912476,present,Lung Opacity,0.349388986825943,uncertain,Enlarged Cardiomediastinum,0.021430525928735733,absent,Pleural_Thickening,,unavailable,,,not_computed,,"[""Consolidation"", ""Pleural Effusion"", ""Pneumonia"", ""Lung Opacity""]","{""Atelectasis"": 0.3592819571495056, ""Cardiomegaly"": 0.05784885212779045, ""Consolidation"": 0.5027523040771484, ""Edema"": 0.11973230540752411, ""Effusion"": 0.5064738392829895, ""Emphysema"": 0.5031760931015015, ""Enlarged Cardiomediastinum"": 0.349388986825943, ""Fibrosis"": 0.052379339933395386, ""Fracture"": 0.06962931156158447, ""Hernia"": 0.0011929054744541645, ""Infiltration"": 0.5244760513305664, ""Lung Lesion"": 0.002736665541306138, ""Lung Opacity"": 0.8798993825912476, ""Mass"": 0.2933342754840851, ""Nodule"": 0.35850927233695984, ""Pleural_Thickening"": 0.021430525928735733, ""Pneumonia"": 0.7238059043884277, ""Pneumothorax"": 0.06833644956350327}",retrieval_agent
patient00134/study4,patient00134/study4/view1_frontal.dcm,/home/jovyan/Desktop/MEDAGENT-X/data/raw/chexpert_plus/dicom_train/patient00134/study4/view1_frontal.dcm,torchxrayvision.DenseNet,densenet121-res224-all,cuda,0.5,0.2,"[""Atelectasis"", ""Consolidation"", ""Infiltration"", ""Pneumothorax"", ""Edema"", ""Emphysema"", ""Fibrosis"", ""Effusion"", ""Pneumonia"", ""Pleural_Thickening"", ""Cardiomegaly"", ""Nodule"", ""Mass"", ""Hernia"", ""Lung Lesion"", ""Fracture"", ""Lung Opacity"", ""Enlarged Cardiomediastinum""]",0.600365400314331,present,Atelectasis,0.11516498029232025,absent,Cardiomegaly,0.5265892744064331,present,Consolidation,0.10508080571889877,absent,Edema,0.8153649568557739,present,Effusion,0.08037808537483215,absent,Pneumonia,0.5075948238372803,present,Pneumothorax,0.5134377479553223,present,Fracture,0.03559853509068489,absent,Lung Lesion,0.6131556034088135,present,Lung Opacity,0.5002629160881042,present,Enlarged Cardiomediastinum,0.5330586433410645,present,Pleural_Thickening,,unavailable,,,not_computed,,"[""Atelectasis"", ""Consolidation"", ""Pleural Effusion"", ""Pneumothorax"", ""Fracture"", ""Lung Opacity"", ""Enlarged Cardiomediastinum"", ""Pleural Other""]","{""Atelectasis"": 0.600365400314331, ""Cardiomegaly"": 0.11516498029232025, ""Consolidation"": 0.5265892744064331, ""Edema"": 0.10508080571889877, ""Effusion"": 0.8153649568557739, ""Emphysema"": 0.5045779347419739, ""Enlarged Cardiomediastinum"": 0.5002629160881042, ""Fibrosis"": 0.5082441568374634, ""Fracture"": 0.5134377479553223, ""Hernia"": 0.024561908096075058, ""Infiltration"": 0.5463888645172119, ""Lung Lesion"": 0.03559853509068489, ""Lung Opacity"": 0.6131556034088135, ""Mass"": 0.5423790216445923, ""Nodule"": 0.5057590007781982, ""Pleural_Thickening"": 0.5330586433410645, ""Pneumonia"": 0.08037808537483215, ""Pneumothorax"": 0.5075948238372803}",retrieval_agent
patient00134/study5,patient00134/study5/view1_frontal.dcm,/home/jovyan/Desktop/MEDAGENT-X/data/raw/chexpert_plus/dicom_train/patient00134/study5/view1_frontal.dcm,torchxrayvision.DenseNet,densenet121-res224-all,cuda,0.5,0.2,"[""Atelectasis"", ""Consolidation"", ""Infiltration"", ""Pneumothorax"", ""Edema"", ""Emphysema"", ""Fibrosis"", ""Effusion"", ""Pneumonia"", ""Pleural_Thickening"", ""Cardiomegaly"", ""Nodule"", ""Mass"", ""Hernia"", ""Lung Lesion"", ""Fracture"", ""Lung Opacity"", ""Enlarged Cardiomediastinum""]",0.7284053564071655,present,Atelectasis,0.5572082996368408,present,Cardiomegaly,0.6206891536712646,present,Consolidation,0.502167820930481,present,Edema,0.9184238910675049,present,Effusion,0.36372584104537964,uncertain,Pneumonia,0.5135700702667236,present,Pneumothorax,0.5594482421875,present,Fracture,0.17990468442440033,absent,Lung Lesion,0.6839423775672913,present,Lung Opacity,0.5201723575592041,present,Enlarged Cardiomediastinum,0.5278412103652954,present,Pleural_Thickening,,unavailable,,,not_computed,,"[""Atelectasis"", ""Cardiomegaly"", ""Consolidation"", ""Edema"", ""Pleural Effusion"", ""Pneumothorax"", ""Fracture"", ""Lung Opacity"", ""Enlarged Cardiomediastinum"", ""Pleural Other""]","{""Atelectasis"": 0.7284053564071655, ""Cardiomegaly"": 0.5572082996368408, ""Consolidation"": 0.6206891536712646, ""Edema"": 0.502167820930481, ""Effusion"": 0.9184238910675049, ""Emphysema"": 0.5020405054092407, ""Enlarged Cardiomediastinum"": 0.5201723575592041, ""Fibrosis"": 0.5060346126556396, ""Fracture"": 0.5594482421875, ""Hernia"": 0.05229168012738228, ""Infiltration"": 0.5125627517700195, ""Lung Lesion"": 0.17990468442440033, ""Lung Opacity"": 0.6839423775672913, ""Mass"": 0.5863467454910278, ""Nodule"": 0.5162887573242188, ""Pleural_Thickening"": 0.5278412103652954, ""Pneumonia"": 0.36372584104537964, ""Pneumothorax"": 0.5135700702667236}",retrieval_agent
patient00134/study5,patient00134/study5/view2_lateral.dcm,/home/jovyan/Desktop/MEDAGENT-X/data/raw/chexpert_plus/dicom_train/patient00134/study5/view2_lateral.dcm,torchxrayvision.DenseNet,densenet121-res224-all,cuda,0.5,0.2,"[""Atelectasis"", ""Consolidation"", ""Infiltration"", ""Pneumothorax"", ""Edema"", ""Emphysema"", ""Fibrosis"", ""Effusion"", ""Pneumonia"", ""Pleural_Thickening"", ""Cardiomegaly"", ""Nodule"", ""Mass"", ""Hernia"", ""Lung Lesion"", ""Fracture"", ""Lung Opacity"", ""Enlarged Cardiomediastinum""]",0.5196776390075684,present,Atelectasis,0.5047059059143066,present,Cardiomegaly,0.5586279630661011,present,Consolidation,0.5189188122749329,present,Edema,0.6193633079528809,present,Effusion,0.8405575156211853,present,Pneumonia,0.14155380427837372,absent,Pneumothorax,0.12385411560535431,absent,Fracture,0.11673075705766678,absent,Lung Lesion,0.9218088984489441,present,Lung Opacity,0.5554291009902954,present,Enlarged Cardiomediastinum,0.09547591209411621,absent,Pleural_Thickening,,unavailable,,,not_computed,,"[""Atelectasis"", ""Cardiomegaly"", ""Consolidation"", ""Edema"", ""Pleural Effusion"", ""Pneumonia"", ""Lung Opacity"", ""Enlarged Cardiomediastinum""]","{""Atelectasis"": 0.5196776390075684, ""Cardiomegaly"": 0.5047059059143066, ""Consolidation"": 0.5586279630661011, ""Edema"": 0.5189188122749329, ""Effusion"": 0.6193633079528809, ""Emphysema"": 0.5038939714431763, ""Enlarged Cardiomediastinum"": 0.5554291009902954, ""Fibrosis"": 0.2114029973745346, ""Fracture"": 0.12385411560535431, ""Hernia"": 0.0010031352285295725, ""Infiltration"": 0.5608170032501221, ""Lung Lesion"": 0.11673075705766678, ""Lung Opacity"": 0.9218088984489441, ""Mass"": 0.502489447593689, ""Nodule"": 0.5090419054031372, ""Pleural_Thickening"": 0.09547591209411621, ""Pneumonia"": 0.8405575156211853, ""Pneumothorax"": 0.14155380427837372}",retrieval_agent
patient00134/study1,patient00134/study1/view2_lateral.dcm,/home/jovyan/Desktop/MEDAGENT-X/data/raw/chexpert_plus/dicom_train/patient00134/study1/view2_lateral.dcm,torchxrayvision.DenseNet,densenet121-res224-all,cuda,0.5,0.2,"[""Atelectasis"", ""Consolidation"", ""Infiltration"", ""Pneumothorax"", ""Edema"", ""Emphysema"", ""Fibrosis"", ""Effusion"", ""Pneumonia"", ""Pleural_Thickening"", ""Cardiomegaly"", ""Nodule"", ""Mass"", ""Hernia"", ""Lung Lesion"", ""Fracture"", ""Lung Opacity"", ""Enlarged Cardiomediastinum""]",0.5545414686203003,present,Atelectasis,0.5405997633934021,present,Cardiomegaly,0.5885192155838013,present,Consolidation,0.5320146083831787,present,Edema,0.7315660715103149,present,Effusion,0.8088473081588745,present,Pneumonia,0.2645815312862396,uncertain,Pneumothorax,0.21443693339824677,uncertain,Fracture,0.3217158615589142,uncertain,Lung Lesion,0.9108415842056274,present,Lung Opacity,0.6076568365097046,present,Enlarged Cardiomediastinum,0.18067850172519684,absent,Pleural_Thickening,,unavailable,,,not_computed,,"[""Atelectasis"", ""Cardiomegaly"", ""Consolidation"", ""Edema"", ""Pleural Effusion"", ""Pneumonia"", ""Lung Opacity"", ""Enlarged Cardiomediastinum""]","{""Atelectasis"": 0.5545414686203003, ""Cardiomegaly"": 0.5405997633934021, ""Consolidation"": 0.5885192155838013, ""Edema"": 0.5320146083831787, ""Effusion"": 0.7315660715103149, ""Emphysema"": 0.5080356597900391, ""Enlarged Cardiomediastinum"": 0.6076568365097046, ""Fibrosis"": 0.37246206402778625, ""Fracture"": 0.21443693339824677, ""Hernia"": 0.0012991237454116344, ""Infiltration"": 0.5522017478942871, ""Lung Lesion"": 0.3217158615589142, ""Lung Opacity"": 0.9108415842056274, ""Mass"": 0.5145074725151062, ""Nodule"": 0.5128084421157837, ""Pleural_Thickening"": 0.18067850172519684, ""Pneumonia"": 0.8088473081588745, ""Pneumothorax"": 0.2645815312862396}",retrieval_agent
patient00136/study3,patient00136/study3/view1_frontal.dcm,/home/jovyan/Desktop/MEDAGENT-X/data/raw/chexpert_plus/dicom_train/patient00136/study3/view1_frontal.dcm,torchxrayvision.DenseNet,densenet121-res224-all,cuda,0.5,0.2,"[""Atelectasis"", ""Consolidation"", ""Infiltration"", ""Pneumothorax"", ""Edema"", ""Emphysema"", ""Fibrosis"", ""Effusion"", ""Pneumonia"", ""Pleural_Thickening"", ""Cardiomegaly"", ""Nodule"", ""Mass"", ""Hernia"", ""Lung Lesion"", ""Fracture"", ""Lung Opacity"", ""Enlarged Cardiomediastinum""]",0.6415317058563232,present,Atelectasis,0.6358504295349121,present,Cardiomegaly,0.5843592882156372,present,Consolidation,0.5054664611816406,present,Edema,0.6622614860534668,present,Effusion,0.45458292961120605,uncertain,Pneumonia,0.389422208070755,uncertain,Pneumothorax,0.5284338593482971,present,Fracture,0.12660789489746094,absent,Lung Lesion,0.8102089166641235,present,Lung Opacity,0.5550844669342041,present,Enlarged Cardiomediastinum,0.4238685369491577,uncertain,Pleural_Thickening,,unavailable,,,not_computed,,"[""Atelectasis"", ""Cardiomegaly"", ""Consolidation"", ""Edema"", ""Pleural Effusion"", ""Fracture"", ""Lung Opacity"", ""Enlarged Cardiomediastinum""]","{""Atelectasis"": 0.6415317058563232, ""Cardiomegaly"": 0.6358504295349121, ""Consolidation"": 0.5843592882156372, ""Edema"": 0.5054664611816406, ""Effusion"": 0.6622614860534668, ""Emphysema"": 0.5024157762527466, ""Enlarged Cardiomediastinum"": 0.5550844669342041, ""Fibrosis"": 0.5062269568443298, ""Fracture"": 0.5284338593482971, ""Hernia"": 0.5319424271583557, ""Infiltration"": 0.6072961688041687, ""Lung Lesion"": 0.12660789489746094, ""Lung Opacity"": 0.8102089166641235, ""Mass"": 0.573383629322052, ""Nodule"": 0.5237554311752319, ""Pleural_Thickening"": 0.4238685369491577, ""Pneumonia"": 0.45458292961120605, ""Pneumothorax"": 0.389422208070755}",retrieval_agent
patient00136/study1,patient00136/study1/view2_lateral.dcm,/home/jovyan/Desktop/MEDAGENT-X/data/raw/chexpert_plus/dicom_train/patient00136/study1/view2_lateral.dcm,torchxrayvision.DenseNet,densenet121-res224-all,cuda,0.5,0.2,"[""Atelectasis"", ""Consolidation"", ""Infiltration"", ""Pneumothorax"", ""Edema"", ""Emphysema"", ""Fibrosis"", ""Effusion"", ""Pneumonia"", ""Pleural_Thickening"", ""Cardiomegaly"", ""Nodule"", ""Mass"", ""Hernia"", ""Lung Lesion"", ""Fracture"", ""Lung Opacity"", ""Enlarged Cardiomediastinum""]",0.5530383586883545,present,Atelectasis,0.5543488264083862,present,Cardiomegaly,0.5350842475891113,present,Consolidation,0.5103265047073364,present,Edema,0.6449122428894043,present,Effusion,0.5262428522109985,present,Pneumonia,0.07274053990840912,absent,Pneumothorax,0.3252706825733185,uncertain,Fracture,0.18236830830574036,absent,Lung Lesion,0.6351951360702515,present,Lung Opacity,0.5119357705116272,present,Enlarged Cardiomediastinum,0.1166331022977829,absent,Pleural_Thickening,,unavailable,,,not_computed,,"[""Atelectasis"", ""Cardiomegaly"", ""Consolidation"", ""Edema"", ""Pleural Effusion"", ""Pneumonia"", ""Lung Opacity"", ""Enlarged Cardiomediastinum""]","{""Atelectasis"": 0.5530383586883545, ""Cardiomegaly"": 0.5543488264083862, ""Consolidation"": 0.5350842475891113, ""Edema"": 0.5103265047073364, ""Effusion"": 0.6449122428894043, ""Emphysema"": 0.5016456842422485, ""Enlarged Cardiomediastinum"": 0.5119357705116272, ""Fibrosis"": 0.09564974159002304, ""Fracture"": 0.3252706825733185, ""Hernia"": 0.013621984981000423, ""Infiltration"": 0.4646461308002472, ""Lung Lesion"": 0.18236830830574036, ""Lung Opacity"": 0.6351951360702515, ""Mass"": 0.5006613731384277, ""Nodule"": 0.32471415400505066, ""Pleural_Thickening"": 0.1166331022977829, ""Pneumonia"": 0.5262428522109985, ""Pneumothorax"": 0.07274053990840912}",retrieval_agent
patient00136/study2,patient00136/study2/view1_frontal.dcm,/home/jovyan/Desktop/MEDAGENT-X/data/raw/chexpert_plus/dicom_train/patient00136/study2/view1_frontal.dcm,torchxrayvision.DenseNet,densenet121-res224-all,cuda,0.5,0.2,"[""Atelectasis"", ""Consolidation"", ""Infiltration"", ""Pneumothorax"", ""Edema"", ""Emphysema"", ""Fibrosis"", ""Effusion"", ""Pneumonia"", ""Pleural_Thickening"", ""Cardiomegaly"", ""Nodule"", ""Mass"", ""Hernia"", ""Lung Lesion"", ""Fracture"", ""Lung Opacity"", ""Enlarged Cardiomediastinum""]",0.5638539791107178,present,Atelectasis,0.5482093095779419,present,Cardiomegaly,0.6418825387954712,present,Consolidation,0.5136003494262695,present,Edema,0.6753491163253784,present,Effusion,0.36214813590049744,uncertain,Pneumonia,0.5094199776649475,present,Pneumothorax,0.5067940950393677,present,Fracture,0.2477411925792694,uncertain,Lung Lesion,0.8695318102836609,present,Lung Opacity,0.5802402496337891,present,Enlarged Cardiomediastinum,0.5402764678001404,present,Pleural_Thickening,,unavailable,,,not_computed,,"[""Atelectasis"", ""Cardiomegaly"", ""Consolidation"", ""Edema"", ""Pleural Effusion"", ""Pneumothorax"", ""Fracture"", ""Lung Opacity"", ""Enlarged Cardiomediastinum"", ""Pleural Other""]","{""Atelectasis"": 0.5638539791107178, ""Cardiomegaly"": 0.5482093095779419, ""Consolidation"": 0.6418825387954712, ""Edema"": 0.5136003494262695, ""Effusion"": 0.6753491163253784, ""Emphysema"": 0.5062772035598755, ""Enlarged Cardiomediastinum"": 0.5802402496337891, ""Fibrosis"": 0.5492273569107056, ""Fracture"": 0.5067940950393677, ""Hernia"": 0.07804597169160843, ""Infiltration"": 0.60118567943573, ""Lung Lesion"": 0.2477411925792694, ""Lung Opacity"": 0.8695318102836609, ""Mass"": 0.5761983394622803, ""Nodule"": 0.5378721952438354, ""Pleural_Thickening"": 0.5402764678001404, ""Pneumonia"": 0.36214813590049744, ""Pneumothorax"": 0.5094199776649475}",retrieval_agent
patient00136/study2,patient00136/study2/view2_frontal.dcm,/home/jovyan/Desktop/MEDAGENT-X/data/raw/chexpert_plus/dicom_train/patient00136/study2/view2_frontal.dcm,torchxrayvision.DenseNet,densenet121-res224-all,cuda,0.5,0.2,"[""Atelectasis"", ""Consolidation"", ""Infiltration"", ""Pneumothorax"", ""Edema"", ""Emphysema"", ""Fibrosis"", ""Effusion"", ""Pneumonia"", ""Pleural_Thickening"", ""Cardiomegaly"", ""Nodule"", ""Mass"", ""Hernia"", ""Lung Lesion"", ""Fracture"", ""Lung Opacity"", ""Enlarged Cardiomediastinum""]",0.5948486328125,present,Atelectasis,0.7925009727478027,present,Cardiomegaly,0.5364782214164734,present,Consolidation,0.1367044597864151,absent,Edema,0.6520059704780579,present,Effusion,0.08762803673744202,absent,Pneumonia,0.5068738460540771,present,Pneumothorax,0.5007387399673462,present,Fracture,0.11334487050771713,absent,Lung Lesion,0.5527294874191284,present,Lung Opacity,0.5421652793884277,present,Enlarged Cardiomediastinum,0.5009374618530273,present,Pleural_Thickening,,unavailable,,,not_computed,,"[""Atelectasis"", ""Cardiomegaly"", ""Consolidation"", ""Pleural Effusion"", ""Pneumothorax"", ""Fracture"", ""Lung Opacity"", ""Enlarged Cardiomediastinum"", ""Pleural Other""]","{""Atelectasis"": 0.5948486328125, ""Cardiomegaly"": 0.7925009727478027, ""Consolidation"": 0.5364782214164734, ""Edema"": 0.1367044597864151, ""Effusion"": 0.6520059704780579, ""Emphysema"": 0.5070065259933472, ""Enlarged Cardiomediastinum"": 0.5421652793884277, ""Fibrosis"": 0.5042775273323059, ""Fracture"": 0.5007387399673462, ""Hernia"": 0.5246325731277466, ""Infiltration"": 0.5203523635864258, ""Lung Lesion"": 0.11334487050771713, ""Lung Opacity"": 0.5527294874191284, ""Mass"": 0.602080225944519, ""Nodule"": 0.5150468945503235, ""Pleural_Thickening"": 0.5009374618530273, ""Pneumonia"": 0.08762803673744202, ""Pneumothorax"": 0.5068738460540771}",retrieval_agent
patient00138/study2,patient00138/study2/view1_frontal.dcm,/home/jovyan/Desktop/MEDAGENT-X/data/raw/chexpert_plus/dicom_train/patient00138/study2/view1_frontal.dcm,torchxrayvision.DenseNet,densenet121-res224-all,cuda,0.5,0.2,"[""Atelectasis"", ""Consolidation"", ""Infiltration"", ""Pneumothorax"", ""Edema"", ""Emphysema"", ""Fibrosis"", ""Effusion"", ""Pneumonia"", ""Pleural_Thickening"", ""Cardiomegaly"", ""Nodule"", ""Mass"", ""Hernia"", ""Lung Lesion"", ""Fracture"", ""Lung Opacity"", ""Enlarged Cardiomediastinum""]",0.45613807439804077,uncertain,Atelectasis,0.22758397459983826,uncertain,Cardiomegaly,0.35207682847976685,uncertain,Consolidation,0.027988635003566742,absent,Edema,0.10158303380012512,absent,Effusion,0.004105250351130962,absent,Pneumonia,0.048607856035232544,absent,Pneumothorax,0.5001976490020752,present,Fracture,0.005587687250226736,absent,Lung Lesion,0.5085030198097229,present,Lung Opacity,0.12570740282535553,absent,Enlarged Cardiomediastinum,0.10031037032604218,absent,Pleural_Thickening,,unavailable,,,not_computed,,"[""Fracture"", ""Lung Opacity""]","{""Atelectasis"": 0.45613807439804077, ""Cardiomegaly"": 0.22758397459983826, ""Consolidation"": 0.35207682847976685, ""Edema"": 0.027988635003566742, ""Effusion"": 0.10158303380012512, ""Emphysema"": 0.5004352331161499, ""Enlarged Cardiomediastinum"": 0.12570740282535553, ""Fibrosis"": 0.3935585021972656, ""Fracture"": 0.5001976490020752, ""Hernia"": 0.006939885206520557, ""Infiltration"": 0.26872989535331726, ""Lung Lesion"": 0.005587687250226736, ""Lung Opacity"": 0.5085030198097229, ""Mass"": 0.516466498374939, ""Nodule"": 0.5024353861808777, ""Pleural_Thickening"": 0.10031037032604218, ""Pneumonia"": 0.004105250351130962, ""Pneumothorax"": 0.048607856035232544}",retrieval_agent
patient00138/study6,patient00138/study6/view1_frontal.dcm,/home/jovyan/Desktop/MEDAGENT-X/data/raw/chexpert_plus/dicom_train/patient00138/study6/view1_frontal.dcm,torchxrayvision.DenseNet,densenet121-res224-all,cuda,0.5,0.2,"[""Atelectasis"", ""Consolidation"", ""Infiltration"", ""Pneumothorax"", ""Edema"", ""Emphysema"", ""Fibrosis"", ""Effusion"", ""Pneumonia"", ""Pleural_Thickening"", ""Cardiomegaly"", ""Nodule"", ""Mass"", ""Hernia"", ""Lung Lesion"", ""Fracture"", ""Lung Opacity"", ""Enlarged Cardiomediastinum""]",0.6273593902587891,present,Atelectasis,0.5121077299118042,present,Cardiomegaly,0.6514710783958435,present,Consolidation,0.608988344669342,present,Edema,0.588301420211792,present,Effusion,0.751833975315094,present,Pneumonia,0.5144543647766113,present,Pneumothorax,0.5150845050811768,present,Fracture,0.27577272057533264,uncertain,Lung Lesion,0.9069981575012207,present,Lung Opacity,0.5859432220458984,present,Enlarged Cardiomediastinum,0.5135117769241333,present,Pleural_Thickening,,unavailable,,,not_computed,,"[""Atelectasis"", ""Cardiomegaly"", ""Consolidation"", ""Edema"", ""Pleural Effusion"", ""Pneumonia"", ""Pneumothorax"", ""Fracture"", ""Lung Opacity"", ""Enlarged Cardiomediastinum"", ""Pleural Other""]","{""Atelectasis"": 0.6273593902587891, ""Cardiomegaly"": 0.5121077299118042, ""Consolidation"": 0.6514710783958435, ""Edema"": 0.608988344669342, ""Effusion"": 0.588301420211792, ""Emphysema"": 0.5081055760383606, ""Enlarged Cardiomediastinum"": 0.5859432220458984, ""Fibrosis"": 0.5057717561721802, ""Fracture"": 0.5150845050811768, ""Hernia"": 0.0050599779933691025, ""Infiltration"": 0.5920496582984924, ""Lung Lesion"": 0.27577272057533264, ""Lung Opacity"": 0.9069981575012207, ""Mass"": 0.5999892354011536, ""Nodule"": 0.5380716323852539, ""Pleural_Thickening"": 0.5135117769241333, ""Pneumonia"": 0.751833975315094, ""Pneumothorax"": 0.5144543647766113}",retrieval_agent
patient00138/study5,patient00138/study5/view1_frontal.dcm,/home/jovyan/Desktop/MEDAGENT-X/data/raw/chexpert_plus/dicom_train/patient00138/study5/view1_frontal.dcm,torchxrayvision.DenseNet,densenet121-res224-all,cuda,0.5,0.2,"[""Atelectasis"", ""Consolidation"", ""Infiltration"", ""Pneumothorax"", ""Edema"", ""Emphysema"", ""Fibrosis"", ""Effusion"", ""Pneumonia"", ""Pleural_Thickening"", ""Cardiomegaly"", ""Nodule"", ""Mass"", ""Hernia"", ""Lung Lesion"", ""Fracture"", ""Lung Opacity"", ""Enlarged Cardiomediastinum""]",0.521394670009613,present,Atelectasis,0.2756958603858948,uncertain,Cardiomegaly,0.5206006169319153,present,Consolidation,0.06325382739305496,absent,Edema,0.33961978554725647,uncertain,Effusion,0.2208530306816101,uncertain,Pneumonia,0.13604532182216644,absent,Pneumothorax,0.3697803020477295,uncertain,Fracture,0.0019788043573498726,absent,Lung Lesion,0.5550969839096069,present,Lung Opacity,0.20297342538833618,uncertain,Enlarged Cardiomediastinum,0.31656551361083984,uncertain,Pleural_Thickening,,unavailable,,,not_computed,,"[""Atelectasis"", ""Consolidation"", ""Lung Opacity""]","{""Atelectasis"": 0.521394670009613, ""Cardiomegaly"": 0.2756958603858948, ""Consolidation"": 0.5206006169319153, ""Edema"": 0.06325382739305496, ""Effusion"": 0.33961978554725647, ""Emphysema"": 0.501438558101654, ""Enlarged Cardiomediastinum"": 0.20297342538833618, ""Fibrosis"": 0.5071780681610107, ""Fracture"": 0.3697803020477295, ""Hernia"": 0.017606200650334358, ""Infiltration"": 0.32421934604644775, ""Lung Lesion"": 0.0019788043573498726, ""Lung Opacity"": 0.5550969839096069, ""Mass"": 0.5309358239173889, ""Nodule"": 0.5090524554252625, ""Pleural_Thickening"": 0.31656551361083984, ""Pneumonia"": 0.2208530306816101, ""Pneumothorax"": 0.13604532182216644}",retrieval_agent
patient00138/study5,patient00138/study5/view2_lateral.dcm,/home/jovyan/Desktop/MEDAGENT-X/data/raw/chexpert_plus/dicom_train/patient00138/study5/view2_lateral.dcm,torchxrayvision.DenseNet,densenet121-res224-all,cuda,0.5,0.2,"[""Atelectasis"", ""Consolidation"", ""Infiltration"", ""Pneumothorax"", ""Edema"", ""Emphysema"", ""Fibrosis"", ""Effusion"", ""Pneumonia"", ""Pleural_Thickening"", ""Cardiomegaly"", ""Nodule"", ""Mass"", ""Hernia"", ""Lung Lesion"", ""Fracture"", ""Lung Opacity"", ""Enlarged Cardiomediastinum""]",0.5262961387634277,present,Atelectasis,0.2862333059310913,uncertain,Cardiomegaly,0.52140212059021,present,Consolidation,0.19841189682483673,absent,Edema,0.6800366640090942,present,Effusion,0.6689429879188538,present,Pneumonia,0.39817455410957336,uncertain,Pneumothorax,0.21705861389636993,uncertain,Fracture,0.012318668887019157,absent,Lung Lesion,0.7922413349151611,present,Lung Opacity,0.5380115509033203,present,Enlarged Cardiomediastinum,0.10790552943944931,absent,Pleural_Thickening,,unavailable,,,not_computed,,"[""Atelectasis"", ""Consolidation"", ""Pleural Effusion"", ""Pneumonia"", ""Lung Opacity"", ""Enlarged Cardiomediastinum""]","{""Atelectasis"": 0.5262961387634277, ""Cardiomegaly"": 0.2862333059310913, ""Consolidation"": 0.52140212059021, ""Edema"": 0.19841189682483673, ""Effusion"": 0.6800366640090942, ""Emphysema"": 0.5036231875419617, ""Enlarged Cardiomediastinum"": 0.5380115509033203, ""Fibrosis"": 0.333358496427536, ""Fracture"": 0.21705861389636993, ""Hernia"": 0.0017235721461474895, ""Infiltration"": 0.3659825921058655, ""Lung Lesion"": 0.012318668887019157, ""Lung Opacity"": 0.7922413349151611, ""Mass"": 0.5347996354103088, ""Nodule"": 0.5078626275062561, ""Pleural_Thickening"": 0.10790552943944931, ""Pneumonia"": 0.6689429879188538, ""Pneumothorax"": 0.39817455410957336}",retrieval_agent
patient00138/study3,patient00138/study3/view1_frontal.dcm,/home/jovyan/Desktop/MEDAGENT-X/data/raw/chexpert_plus/dicom_train/patient00138/study3/view1_frontal.dcm,torchxrayvision.DenseNet,densenet121-res224-all,cuda,0.5,0.2,"[""Atelectasis"", ""Consolidation"", ""Infiltration"", ""Pneumothorax"", ""Edema"", ""Emphysema"", ""Fibrosis"", ""Effusion"", ""Pneumonia"", ""Pleural_Thickening"", ""Cardiomegaly"", ""Nodule"", ""Mass"", ""Hernia"", ""Lung Lesion"", ""Fracture"", ""Lung Opacity"", ""Enlarged Cardiomediastinum""]",0.5227053761482239,present,Atelectasis,0.19645899534225464,absent,Cardiomegaly,0.5139930248260498,present,Consolidation,0.05639224871993065,absent,Edema,0.23074302077293396,uncertain,Effusion,0.008320433087646961,absent,Pneumonia,0.06738147884607315,absent,Pneumothorax,0.2368684858083725,uncertain,Fracture,0.016818400472402573,absent,Lung Lesion,0.5862246751785278,present,Lung Opacity,0.42892852425575256,uncertain,Enlarged Cardiomediastinum,0.14723046123981476,absent,Pleural_Thickening,,unavailable,,,not_computed,,"[""Atelectasis"", ""Consolidation"", ""Lung Opacity""]","{""Atelectasis"": 0.5227053761482239, ""Cardiomegaly"": 0.19645899534225464, ""Consolidation"": 0.5139930248260498, ""Edema"": 0.05639224871993065, ""Effusion"": 0.23074302077293396, ""Emphysema"": 0.5010269284248352, ""Enlarged Cardiomediastinum"": 0.42892852425575256, ""Fibrosis"": 0.4264449179172516, ""Fracture"": 0.2368684858083725, ""Hernia"": 0.008997696451842785, ""Infiltration"": 0.2737642824649811, ""Lung Lesion"": 0.016818400472402573, ""Lung Opacity"": 0.5862246751785278, ""Mass"": 0.5685752630233765, ""Nodule"": 0.4427279531955719, ""Pleural_Thickening"": 0.14723046123981476, ""Pneumonia"": 0.008320433087646961, ""Pneumothorax"": 0.06738147884607315}",retrieval_agent
patient00138/study1,patient00138/study1/view1_frontal.dcm,/home/jovyan/Desktop/MEDAGENT-X/data/raw/chexpert_plus/dicom_train/patient00138/study1/view1_frontal.dcm,torchxrayvision.DenseNet,densenet121-res224-all,cuda,0.5,0.2,"[""Atelectasis"", ""Consolidation"", ""Infiltration"", ""Pneumothorax"", ""Edema"", ""Emphysema"", ""Fibrosis"", ""Effusion"", ""Pneumonia"", ""Pleural_Thickening"", ""Cardiomegaly"", ""Nodule"", ""Mass"", ""Hernia"", ""Lung Lesion"", ""Fracture"", ""Lung Opacity"", ""Enlarged Cardiomediastinum""]",0.5105998516082764,present,Atelectasis,0.5211305022239685,present,Cardiomegaly,0.5016375184059143,present,Consolidation,0.22674234211444855,uncertain,Edema,0.1922024041414261,absent,Effusion,0.013398690149188042,absent,Pneumonia,0.2129175066947937,uncertain,Pneumothorax,0.35006052255630493,uncertain,Fracture,0.006442132405936718,absent,Lung Lesion,0.6148588061332703,present,Lung Opacity,0.5063732266426086,present,Enlarged Cardiomediastinum,0.15054990351200104,absent,Pleural_Thickening,,unavailable,,,not_computed,,"[""Atelectasis"", ""Cardiomegaly"", ""Consolidation"", ""Lung Opacity"", ""Enlarged Cardiomediastinum""]","{""Atelectasis"": 0.5105998516082764, ""Cardiomegaly"": 0.5211305022239685, ""Consolidation"": 0.5016375184059143, ""Edema"": 0.22674234211444855, ""Effusion"": 0.1922024041414261, ""Emphysema"": 0.5002944469451904, ""Enlarged Cardiomediastinum"": 0.5063732266426086, ""Fibrosis"": 0.5029851198196411, ""Fracture"": 0.35006052255630493, ""Hernia"": 0.030511824414134026, ""Infiltration"": 0.3560601770877838, ""Lung Lesion"": 0.006442132405936718, ""Lung Opacity"": 0.6148588061332703, ""Mass"": 0.5237718820571899, ""Nodule"": 0.4680769145488739, ""Pleural_Thickening"": 0.15054990351200104, ""Pneumonia"": 0.013398690149188042, ""Pneumothorax"": 0.2129175066947937}",retrieval_agent
patient00138/study4,patient00138/study4/view1_frontal.dcm,/home/jovyan/Desktop/MEDAGENT-X/data/raw/chexpert_plus/dicom_train/patient00138/study4/view1_frontal.dcm,torchxrayvision.DenseNet,densenet121-res224-all,cuda,0.5,0.2,"[""Atelectasis"", ""Consolidation"", ""Infiltration"", ""Pneumothorax"", ""Edema"", ""Emphysema"", ""Fibrosis"", ""Effusion"", ""Pneumonia"", ""Pleural_Thickening"", ""Cardiomegaly"", ""Nodule"", ""Mass"", ""Hernia"", ""Lung Lesion"", ""Fracture"", ""Lung Opacity"", ""Enlarged Cardiomediastinum""]",0.5053211450576782,present,Atelectasis,0.06591646373271942,absent,Cardiomegaly,0.5011582970619202,present,Consolidation,0.3556506335735321,uncertain,Edema,0.14090047776699066,absent,Effusion,0.31461095809936523,uncertain,Pneumonia,0.5002549886703491,present,Pneumothorax,0.5087337493896484,present,Fracture,0.42250433564186096,uncertain,Lung Lesion,0.38061240315437317,uncertain,Lung Opacity,0.5114206075668335,present,Enlarged Cardiomediastinum,0.5012128949165344,present,Pleural_Thickening,,unavailable,,,not_computed,,"[""Atelectasis"", ""Consolidation"", ""Pneumothorax"", ""Fracture"", ""Enlarged Cardiomediastinum"", ""Pleural Other""]","{""Atelectasis"": 0.5053211450576782, ""Cardiomegaly"": 0.06591646373271942, ""Consolidation"": 0.5011582970619202, ""Edema"": 0.3556506335735321, ""Effusion"": 0.14090047776699066, ""Emphysema"": 0.4297710657119751, ""Enlarged Cardiomediastinum"": 0.5114206075668335, ""Fibrosis"": 0.5067340731620789, ""Fracture"": 0.5087337493896484, ""Hernia"": 0.050942592322826385, ""Infiltration"": 0.5217787027359009, ""Lung Lesion"": 0.42250433564186096, ""Lung Opacity"": 0.38061240315437317, ""Mass"": 0.5781369209289551, ""Nodule"": 0.5179698467254639, ""Pleural_Thickening"": 0.5012128949165344, ""Pneumonia"": 0.31461095809936523, ""Pneumothorax"": 0.5002549886703491}",retrieval_agent
patient00138/study8,patient00138/study8/view1_frontal.dcm,/home/jovyan/Desktop/MEDAGENT-X/data/raw/chexpert_plus/dicom_train/patient00138/study8/view1_frontal.dcm,torchxrayvision.DenseNet,densenet121-res224-all,cuda,0.5,0.2,"[""Atelectasis"", ""Consolidation"", ""Infiltration"", ""Pneumothorax"", ""Edema"", ""Emphysema"", ""Fibrosis"", ""Effusion"", ""Pneumonia"", ""Pleural_Thickening"", ""Cardiomegaly"", ""Nodule"", ""Mass"", ""Hernia"", ""Lung Lesion"", ""Fracture"", ""Lung Opacity"", ""Enlarged Cardiomediastinum""]",0.6444802284240723,present,Atelectasis,0.5116393566131592,present,Cardiomegaly,0.6574099063873291,present,Consolidation,0.5637608766555786,present,Edema,0.6709907650947571,present,Effusion,0.6472415328025818,present,Pneumonia,0.511455774307251,present,Pneumothorax,0.5195177793502808,present,Fracture,0.2426268309354782,uncertain,Lung Lesion,0.9163267612457275,present,Lung Opacity,0.5873115062713623,present,Enlarged Cardiomediastinum,0.5232146382331848,present,Pleural_Thickening,,unavailable,,,not_computed,,"[""Atelectasis"", ""Cardiomegaly"", ""Consolidation"", ""Edema"", ""Pleural Effusion"", ""Pneumonia"", ""Pneumothorax"", ""Fracture"", ""Lung Opacity"", ""Enlarged Cardiomediastinum"", ""Pleural Other""]","{""Atelectasis"": 0.6444802284240723, ""Cardiomegaly"": 0.5116393566131592, ""Consolidation"": 0.6574099063873291, ""Edema"": 0.5637608766555786, ""Effusion"": 0.6709907650947571, ""Emphysema"": 0.5055630207061768, ""Enlarged Cardiomediastinum"": 0.5873115062713623, ""Fibrosis"": 0.5206359028816223, ""Fracture"": 0.5195177793502808, ""Hernia"": 0.019522735849022865, ""Infiltration"": 0.5818251371383667, ""Lung Lesion"": 0.2426268309354782, ""Lung Opacity"": 0.9163267612457275, ""Mass"": 0.6048393249511719, ""Nodule"": 0.5363963842391968, ""Pleural_Thickening"": 0.5232146382331848, ""Pneumonia"": 0.6472415328025818, ""Pneumothorax"": 0.511455774307251}",retrieval_agent
patient00138/study7,patient00138/study7/view1_frontal.dcm,/home/jovyan/Desktop/MEDAGENT-X/data/raw/chexpert_plus/dicom_train/patient00138/study7/view1_frontal.dcm,torchxrayvision.DenseNet,densenet121-res224-all,cuda,0.5,0.2,"[""Atelectasis"", ""Consolidation"", ""Infiltration"", ""Pneumothorax"", ""Edema"", ""Emphysema"", ""Fibrosis"", ""Effusion"", ""Pneumonia"", ""Pleural_Thickening"", ""Cardiomegaly"", ""Nodule"", ""Mass"", ""Hernia"", ""Lung Lesion"", ""Fracture"", ""Lung Opacity"", ""Enlarged Cardiomediastinum""]",0.578786313533783,present,Atelectasis,0.4050508439540863,uncertain,Cardiomegaly,0.5852373838424683,present,Consolidation,0.5584526658058167,present,Edema,0.6057342290878296,present,Effusion,0.6637822389602661,present,Pneumonia,0.5029293298721313,present,Pneumothorax,0.4696427583694458,uncertain,Fracture,0.04031077027320862,absent,Lung Lesion,0.89436936378479,present,Lung Opacity,0.5403103828430176,present,Enlarged Cardiomediastinum,0.23713506758213043,uncertain,Pleural_Thickening,,unavailable,,,not_computed,,"[""Atelectasis"", ""Consolidation"", ""Edema"", ""Pleural Effusion"", ""Pneumonia"", ""Pneumothorax"", ""Lung Opacity"", ""Enlarged Cardiomediastinum""]","{""Atelectasis"": 0.578786313533783, ""Cardiomegaly"": 0.4050508439540863, ""Consolidation"": 0.5852373838424683, ""Edema"": 0.5584526658058167, ""Effusion"": 0.6057342290878296, ""Emphysema"": 0.503481388092041, ""Enlarged Cardiomediastinum"": 0.5403103828430176, ""Fibrosis"": 0.3284556567668915, ""Fracture"": 0.4696427583694458, ""Hernia"": 0.016532033681869507, ""Infiltration"": 0.5572072863578796, ""Lung Lesion"": 0.04031077027320862, ""Lung Opacity"": 0.89436936378479, ""Mass"": 0.5286442041397095, ""Nodule"": 0.508812665939331, ""Pleural_Thickening"": 0.23713506758213043, ""Pneumonia"": 0.6637822389602661, ""Pneumothorax"": 0.5029293298721313}",retrieval_agent
patient00146/study18,patient00146/study18/view1_frontal.dcm,/home/jovyan/Desktop/MEDAGENT-X/data/raw/chexpert_plus/dicom_train/patient00146/study18/view1_frontal.dcm,torchxrayvision.DenseNet,densenet121-res224-all,cuda,0.5,0.2,"[""Atelectasis"", ""Consolidation"", ""Infiltration"", ""Pneumothorax"", ""Edema"", ""Emphysema"", ""Fibrosis"", ""Effusion"", ""Pneumonia"", ""Pleural_Thickening"", ""Cardiomegaly"", ""Nodule"", ""Mass"", ""Hernia"", ""Lung Lesion"", ""Fracture"", ""Lung Opacity"", ""Enlarged Cardiomediastinum""]",0.5791071653366089,present,Atelectasis,0.022996770218014717,absent,Cardiomegaly,0.34016576409339905,uncertain,Consolidation,0.1381153017282486,absent,Edema,0.25062984228134155,uncertain,Effusion,0.4181573987007141,uncertain,Pneumonia,0.5016272664070129,present,Pneumothorax,0.5396884679794312,present,Fracture,0.20657013356685638,uncertain,Lung Lesion,0.3800877034664154,uncertain,Lung Opacity,0.5171899795532227,present,Enlarged Cardiomediastinum,0.28510504961013794,uncertain,Pleural_Thickening,,unavailable,,,not_computed,,"[""Atelectasis"", ""Pneumothorax"", ""Fracture"", ""Enlarged Cardiomediastinum""]","{""Atelectasis"": 0.5791071653366089, ""Cardiomegaly"": 0.022996770218014717, ""Consolidation"": 0.34016576409339905, ""Edema"": 0.1381153017282486, ""Effusion"": 0.25062984228134155, ""Emphysema"": 0.32428494095802307, ""Enlarged Cardiomediastinum"": 0.5171899795532227, ""Fibrosis"": 0.44294264912605286, ""Fracture"": 0.5396884679794312, ""Hernia"": 0.06393088400363922, ""Infiltration"": 0.5264461040496826, ""Lung Lesion"": 0.20657013356685638, ""Lung Opacity"": 0.3800877034664154, ""Mass"": 0.5257053375244141, ""Nodule"": 0.5249783992767334, ""Pleural_Thickening"": 0.28510504961013794, ""Pneumonia"": 0.4181573987007141, ""Pneumothorax"": 0.5016272664070129}",retrieval_agent
patient00146/study13,patient00146/study13/view1_frontal.dcm,/home/jovyan/Desktop/MEDAGENT-X/data/raw/chexpert_plus/dicom_train/patient00146/study13/view1_frontal.dcm,torchxrayvision.DenseNet,densenet121-res224-all,cuda,0.5,0.2,"[""Atelectasis"", ""Consolidation"", ""Infiltration"", ""Pneumothorax"", ""Edema"", ""Emphysema"", ""Fibrosis"", ""Effusion"", ""Pneumonia"", ""Pleural_Thickening"", ""Cardiomegaly"", ""Nodule"", ""Mass"", ""Hernia"", ""Lung Lesion"", ""Fracture"", ""Lung Opacity"", ""Enlarged Cardiomediastinum""]",0.7461676597595215,present,Atelectasis,0.627948522567749,present,Cardiomegaly,0.6650604009628296,present,Consolidation,0.6478395462036133,present,Edema,0.7664294838905334,present,Effusion,0.545171320438385,present,Pneumonia,0.5105994939804077,present,Pneumothorax,0.5457898378372192,present,Fracture,0.5161029100418091,present,Lung Lesion,0.8180272579193115,present,Lung Opacity,0.5353774428367615,present,Enlarged Cardiomediastinum,0.502038836479187,present,Pleural_Thickening,,unavailable,,,not_computed,,"[""Atelectasis"", ""Cardiomegaly"", ""Consolidation"", ""Edema"", ""Pleural Effusion"", ""Pneumonia"", ""Pneumothorax"", ""Fracture"", ""Lung Lesion"", ""Lung Opacity"", ""Enlarged Cardiomediastinum"", ""Pleural Other""]","{""Atelectasis"": 0.7461676597595215, ""Cardiomegaly"": 0.627948522567749, ""Consolidation"": 0.6650604009628296, ""Edema"": 0.6478395462036133, ""Effusion"": 0.7664294838905334, ""Emphysema"": 0.38673028349876404, ""Enlarged Cardiomediastinum"": 0.5353774428367615, ""Fibrosis"": 0.5095874071121216, ""Fracture"": 0.5457898378372192, ""Hernia"": 0.5054405927658081, ""Infiltration"": 0.6582685708999634, ""Lung Lesion"": 0.5161029100418091, ""Lung Opacity"": 0.8180272579193115, ""Mass"": 0.5676920413970947, ""Nodule"": 0.5642298460006714, ""Pleural_Thickening"": 0.502038836479187, ""Pneumonia"": 0.545171320438385, ""Pneumothorax"": 0.5105994939804077}",retrieval_agent
patient00146/study30,patient00146/study30/view1_frontal.dcm,/home/jovyan/Desktop/MEDAGENT-X/data/raw/chexpert_plus/dicom_train/patient00146/study30/view1_frontal.dcm,torchxrayvision.DenseNet,densenet121-res224-all,cuda,0.5,0.2,"[""Atelectasis"", ""Consolidation"", ""Infiltration"", ""Pneumothorax"", ""Edema"", ""Emphysema"", ""Fibrosis"", ""Effusion"", ""Pneumonia"", ""Pleural_Thickening"", ""Cardiomegaly"", ""Nodule"", ""Mass"", ""Hernia"", ""Lung Lesion"", ""Fracture"", ""Lung Opacity"", ""Enlarged Cardiomediastinum""]",0.7138253450393677,present,Atelectasis,0.6864155530929565,present,Cardiomegaly,0.7244769930839539,present,Consolidation,0.7305840253829956,present,Edema,0.8593086004257202,present,Effusion,0.5313603281974792,present,Pneumonia,0.522131085395813,present,Pneumothorax,0.5471541881561279,present,Fracture,0.5248934030532837,present,Lung Lesion,0.8878516554832458,present,Lung Opacity,0.5546120405197144,present,Enlarged Cardiomediastinum,0.5085148215293884,present,Pleural_Thickening,,unavailable,,,not_computed,,"[""Atelectasis"", ""Cardiomegaly"", ""Consolidation"", ""Edema"", ""Pleural Effusion"", ""Pneumonia"", ""Pneumothorax"", ""Fracture"", ""Lung Lesion"", ""Lung Opacity"", ""Enlarged Cardiomediastinum"", ""Pleural Other""]","{""Atelectasis"": 0.7138253450393677, ""Cardiomegaly"": 0.6864155530929565, ""Consolidation"": 0.7244769930839539, ""Edema"": 0.7305840253829956, ""Effusion"": 0.8593086004257202, ""Emphysema"": 0.3921779990196228, ""Enlarged Cardiomediastinum"": 0.5546120405197144, ""Fibrosis"": 0.5139355659484863, ""Fracture"": 0.5471541881561279, ""Hernia"": 0.5007620453834534, ""Infiltration"": 0.6845005750656128, ""Lung Lesion"": 0.5248934030532837, ""Lung Opacity"": 0.8878516554832458, ""Mass"": 0.5669962167739868, ""Nodule"": 0.5708531141281128, ""Pleural_Thickening"": 0.5085148215293884, ""Pneumonia"": 0.5313603281974792, ""Pneumothorax"": 0.522131085395813}",retrieval_agent
patient00146/study21,patient00146/study21/view1_frontal.dcm,/home/jovyan/Desktop/MEDAGENT-X/data/raw/chexpert_plus/dicom_train/patient00146/study21/view1_frontal.dcm,torchxrayvision.DenseNet,densenet121-res224-all,cuda,0.5,0.2,"[""Atelectasis"", ""Consolidation"", ""Infiltration"", ""Pneumothorax"", ""Edema"", ""Emphysema"", ""Fibrosis"", ""Effusion"", ""Pneumonia"", ""Pleural_Thickening"", ""Cardiomegaly"", ""Nodule"", ""Mass"", ""Hernia"", ""Lung Lesion"", ""Fracture"", ""Lung Opacity"", ""Enlarged Cardiomediastinum""]",0.7736536264419556,present,Atelectasis,0.5958439111709595,present,Cardiomegaly,0.662017822265625,present,Consolidation,0.5424501895904541,present,Edema,0.8532829880714417,present,Effusion,0.22983777523040771,uncertain,Pneumonia,0.5374680161476135,present,Pneumothorax,0.5414735674858093,present,Fracture,0.5014863014221191,present,Lung Lesion,0.8204816579818726,present,Lung Opacity,0.540090024471283,present,Enlarged Cardiomediastinum,0.5325437188148499,present,Pleural_Thickening,,unavailable,,,not_computed,,"[""Atelectasis"", ""Cardiomegaly"", ""Consolidation"", ""Edema"", ""Pleural Effusion"", ""Pneumothorax"", ""Fracture"", ""Lung Lesion"", ""Lung Opacity"", ""Enlarged Cardiomediastinum"", ""Pleural Other""]","{""Atelectasis"": 0.7736536264419556, ""Cardiomegaly"": 0.5958439111709595, ""Consolidation"": 0.662017822265625, ""Edema"": 0.5424501895904541, ""Effusion"": 0.8532829880714417, ""Emphysema"": 0.5011584758758545, ""Enlarged Cardiomediastinum"": 0.540090024471283, ""Fibrosis"": 0.5180078148841858, ""Fracture"": 0.5414735674858093, ""Hernia"": 0.08813770115375519, ""Infiltration"": 0.6177408695220947, ""Lung Lesion"": 0.5014863014221191, ""Lung Opacity"": 0.8204816579818726, ""Mass"": 0.5690598487854004, ""Nodule"": 0.5244790315628052, ""Pleural_Thickening"": 0.5325437188148499, ""Pneumonia"": 0.22983777523040771, ""Pneumothorax"": 0.5374680161476135}",retrieval_agent
patient00146/study16,patient00146/study16/view1_frontal.dcm,/home/jovyan/Desktop/MEDAGENT-X/data/raw/chexpert_plus/dicom_train/patient00146/study16/view1_frontal.dcm,torchxrayvision.DenseNet,densenet121-res224-all,cuda,0.5,0.2,"[""Atelectasis"", ""Consolidation"", ""Infiltration"", ""Pneumothorax"", ""Edema"", ""Emphysema"", ""Fibrosis"", ""Effusion"", ""Pneumonia"", ""Pleural_Thickening"", ""Cardiomegaly"", ""Nodule"", ""Mass"", ""Hernia"", ""Lung Lesion"", ""Fracture"", ""Lung Opacity"", ""Enlarged Cardiomediastinum""]",0.8045912384986877,present,Atelectasis,0.5420478582382202,present,Cardiomegaly,0.6939971446990967,present,Consolidation,0.7657190561294556,present,Edema,0.8157138824462891,present,Effusion,0.6581892967224121,present,Pneumonia,0.532319188117981,present,Pneumothorax,0.605719268321991,present,Fracture,0.5259727239608765,present,Lung Lesion,0.830386757850647,present,Lung Opacity,0.5531028509140015,present,Enlarged Cardiomediastinum,0.33922967314720154,uncertain,Pleural_Thickening,,unavailable,,,not_computed,,"[""Atelectasis"", ""Cardiomegaly"", ""Consolidation"", ""Edema"", ""Pleural Effusion"", ""Pneumonia"", ""Pneumothorax"", ""Fracture"", ""Lung Lesion"", ""Lung Opacity"", ""Enlarged Cardiomediastinum""]","{""Atelectasis"": 0.8045912384986877, ""Cardiomegaly"": 0.5420478582382202, ""Consolidation"": 0.6939971446990967, ""Edema"": 0.7657190561294556, ""Effusion"": 0.8157138824462891, ""Emphysema"": 0.5006833076477051, ""Enlarged Cardiomediastinum"": 0.5531028509140015, ""Fibrosis"": 0.5005611181259155, ""Fracture"": 0.605719268321991, ""Hernia"": 0.19644097983837128, ""Infiltration"": 0.6174887418746948, ""Lung Lesion"": 0.5259727239608765, ""Lung Opacity"": 0.830386757850647, ""Mass"": 0.5262960195541382, ""Nodule"": 0.5093721151351929, ""Pleural_Thickening"": 0.33922967314720154, ""Pneumonia"": 0.6581892967224121, ""Pneumothorax"": 0.532319188117981}",retrieval_agent
patient00146/study19,patient00146/study19/view1_frontal.dcm,/home/jovyan/Desktop/MEDAGENT-X/data/raw/chexpert_plus/dicom_train/patient00146/study19/view1_frontal.dcm,torchxrayvision.DenseNet,densenet121-res224-all,cuda,0.5,0.2,"[""Atelectasis"", ""Consolidation"", ""Infiltration"", ""Pneumothorax"", ""Edema"", ""Emphysema"", ""Fibrosis"", ""Effusion"", ""Pneumonia"", ""Pleural_Thickening"", ""Cardiomegaly"", ""Nodule"", ""Mass"", ""Hernia"", ""Lung Lesion"", ""Fracture"", ""Lung Opacity"", ""Enlarged Cardiomediastinum""]",0.7387514114379883,present,Atelectasis,0.6906221508979797,present,Cardiomegaly,0.605488657951355,present,Consolidation,0.5360327959060669,present,Edema,0.8477173447608948,present,Effusion,0.5155986547470093,present,Pneumonia,0.5188894271850586,present,Pneumothorax,0.5140302777290344,present,Fracture,0.5080536603927612,present,Lung Lesion,0.7089086771011353,present,Lung Opacity,0.5755726099014282,present,Enlarged Cardiomediastinum,0.5037450194358826,present,Pleural_Thickening,,unavailable,,,not_computed,,"[""Atelectasis"", ""Cardiomegaly"", ""Consolidation"", ""Edema"", ""Pleural Effusion"", ""Pneumonia"", ""Pneumothorax"", ""Fracture"", ""Lung Lesion"", ""Lung Opacity"", ""Enlarged Cardiomediastinum"", ""Pleural Other""]","{""Atelectasis"": 0.7387514114379883, ""Cardiomegaly"": 0.6906221508979797, ""Consolidation"": 0.605488657951355, ""Edema"": 0.5360327959060669, ""Effusion"": 0.8477173447608948, ""Emphysema"": 0.5009171962738037, ""Enlarged Cardiomediastinum"": 0.5755726099014282, ""Fibrosis"": 0.5054177045822144, ""Fracture"": 0.5140302777290344, ""Hernia"": 0.23845495283603668, ""Infiltration"": 0.587677001953125, ""Lung Lesion"": 0.5080536603927612, ""Lung Opacity"": 0.7089086771011353, ""Mass"": 0.5658364295959473, ""Nodule"": 0.5248292684555054, ""Pleural_Thickening"": 0.5037450194358826, ""Pneumonia"": 0.5155986547470093, ""Pneumothorax"": 0.5188894271850586}",retrieval_agent
patient00146/study2,patient00146/study2/view1_frontal.dcm,/home/jovyan/Desktop/MEDAGENT-X/data/raw/chexpert_plus/dicom_train/patient00146/study2/view1_frontal.dcm,torchxrayvision.DenseNet,densenet121-res224-all,cuda,0.5,0.2,"[""Atelectasis"", ""Consolidation"", ""Infiltration"", ""Pneumothorax"", ""Edema"", ""Emphysema"", ""Fibrosis"", ""Effusion"", ""Pneumonia"", ""Pleural_Thickening"", ""Cardiomegaly"", ""Nodule"", ""Mass"", ""Hernia"", ""Lung Lesion"", ""Fracture"", ""Lung Opacity"", ""Enlarged Cardiomediastinum""]",0.6960402727127075,present,Atelectasis,0.5448803901672363,present,Cardiomegaly,0.6264104843139648,present,Consolidation,0.5327869653701782,present,Edema,0.8344429135322571,present,Effusion,0.4648352563381195,uncertain,Pneumonia,0.5155119299888611,present,Pneumothorax,0.5192058682441711,present,Fracture,0.48020169138908386,uncertain,Lung Lesion,0.7326194047927856,present,Lung Opacity,0.522889256477356,present,Enlarged Cardiomediastinum,0.5235098600387573,present,Pleural_Thickening,,unavailable,,,not_computed,,"[""Atelectasis"", ""Cardiomegaly"", ""Consolidation"", ""Edema"", ""Pleural Effusion"", ""Pneumothorax"", ""Fracture"", ""Lung Opacity"", ""Enlarged Cardiomediastinum"", ""Pleural Other""]","{""Atelectasis"": 0.6960402727127075, ""Cardiomegaly"": 0.5448803901672363, ""Consolidation"": 0.6264104843139648, ""Edema"": 0.5327869653701782, ""Effusion"": 0.8344429135322571, ""Emphysema"": 0.2749873399734497, ""Enlarged Cardiomediastinum"": 0.522889256477356, ""Fibrosis"": 0.5033448934555054, ""Fracture"": 0.5192058682441711, ""Hernia"": 0.15802782773971558, ""Infiltration"": 0.604528546333313, ""Lung Lesion"": 0.48020169138908386, ""Lung Opacity"": 0.7326194047927856, ""Mass"": 0.5410863161087036, ""Nodule"": 0.5228328108787537, ""Pleural_Thickening"": 0.5235098600387573, ""Pneumonia"": 0.4648352563381195, ""Pneumothorax"": 0.5155119299888611}",retrieval_agent
patient00146/study14,patient00146/study14/view1_frontal.dcm,/home/jovyan/Desktop/MEDAGENT-X/data/raw/chexpert_plus/dicom_train/patient00146/study14/view1_frontal.dcm,torchxrayvision.DenseNet,densenet121-res224-all,cuda,0.5,0.2,"[""Atelectasis"", ""Consolidation"", ""Infiltration"", ""Pneumothorax"", ""Edema"", ""Emphysema"", ""Fibrosis"", ""Effusion"", ""Pneumonia"", ""Pleural_Thickening"", ""Cardiomegaly"", ""Nodule"", ""Mass"", ""Hernia"", ""Lung Lesion"", ""Fracture"", ""Lung Opacity"", ""Enlarged Cardiomediastinum""]",0.735246479511261,present,Atelectasis,0.6389392018318176,present,Cardiomegaly,0.7076020240783691,present,Consolidation,0.6563133001327515,present,Edema,0.7466998100280762,present,Effusion,0.5350090861320496,present,Pneumonia,0.525431215763092,present,Pneumothorax,0.536018967628479,present,Fracture,0.5472191572189331,present,Lung Lesion,0.8665894269943237,present,Lung Opacity,0.5449928045272827,present,Enlarged Cardiomediastinum,0.5174626111984253,present,Pleural_Thickening,,unavailable,,,not_computed,,"[""Atelectasis"", ""Cardiomegaly"", ""Consolidation"", ""Edema"", ""Pleural Effusion"", ""Pneumonia"", ""Pneumothorax"", ""Fracture"", ""Lung Lesion"", ""Lung Opacity"", ""Enlarged Cardiomediastinum"", ""Pleural Other""]","{""Atelectasis"": 0.735246479511261, ""Cardiomegaly"": 0.6389392018318176, ""Consolidation"": 0.7076020240783691, ""Edema"": 0.6563133001327515, ""Effusion"": 0.7466998100280762, ""Emphysema"": 0.501244306564331, ""Enlarged Cardiomediastinum"": 0.5449928045272827, ""Fibrosis"": 0.5311046838760376, ""Fracture"": 0.536018967628479, ""Hernia"": 0.2110319435596466, ""Infiltration"": 0.6506370306015015, ""Lung Lesion"": 0.5472191572189331, ""Lung Opacity"": 0.8665894269943237, ""Mass"": 0.5788061618804932, ""Nodule"": 0.5589467287063599, ""Pleural_Thickening"": 0.5174626111984253, ""Pneumonia"": 0.5350090861320496, ""Pneumothorax"": 0.525431215763092}",retrieval_agent
patient00146/study27,patient00146/study27/view1_frontal.dcm,/home/jovyan/Desktop/MEDAGENT-X/data/raw/chexpert_plus/dicom_train/patient00146/study27/view1_frontal.dcm,torchxrayvision.DenseNet,densenet121-res224-all,cuda,0.5,0.2,"[""Atelectasis"", ""Consolidation"", ""Infiltration"", ""Pneumothorax"", ""Edema"", ""Emphysema"", ""Fibrosis"", ""Effusion"", ""Pneumonia"", ""Pleural_Thickening"", ""Cardiomegaly"", ""Nodule"", ""Mass"", ""Hernia"", ""Lung Lesion"", ""Fracture"", ""Lung Opacity"", ""Enlarged Cardiomediastinum""]",0.783164918422699,present,Atelectasis,0.6531108617782593,present,Cardiomegaly,0.7358765602111816,present,Consolidation,0.6520186066627502,present,Edema,0.9032871723175049,present,Effusion,0.5864765644073486,present,Pneumonia,0.5539027452468872,present,Pneumothorax,0.5530365109443665,present,Fracture,0.5532565712928772,present,Lung Lesion,0.7996188402175903,present,Lung Opacity,0.5648717880249023,present,Enlarged Cardiomediastinum,0.5329930782318115,present,Pleural_Thickening,,unavailable,,,not_computed,,"[""Atelectasis"", ""Cardiomegaly"", ""Consolidation"", ""Edema"", ""Pleural Effusion"", ""Pneumonia"", ""Pneumothorax"", ""Fracture"", ""Lung Lesion"", ""Lung Opacity"", ""Enlarged Cardiomediastinum"", ""Pleural Other""]","{""Atelectasis"": 0.783164918422699, ""Cardiomegaly"": 0.6531108617782593, ""Consolidation"": 0.7358765602111816, ""Edema"": 0.6520186066627502, ""Effusion"": 0.9032871723175049, ""Emphysema"": 0.5011606216430664, ""Enlarged Cardiomediastinum"": 0.5648717880249023, ""Fibrosis"": 0.5216312408447266, ""Fracture"": 0.5530365109443665, ""Hernia"": 0.1539076417684555, ""Infiltration"": 0.6486403942108154, ""Lung Lesion"": 0.5532565712928772, ""Lung Opacity"": 0.7996188402175903, ""Mass"": 0.5567517280578613, ""Nodule"": 0.545884907245636, ""Pleural_Thickening"": 0.5329930782318115, ""Pneumonia"": 0.5864765644073486, ""Pneumothorax"": 0.5539027452468872}",retrieval_agent
patient00146/study1,patient00146/study1/view1_frontal.dcm,/home/jovyan/Desktop/MEDAGENT-X/data/raw/chexpert_plus/dicom_train/patient00146/study1/view1_frontal.dcm,torchxrayvision.DenseNet,densenet121-res224-all,cuda,0.5,0.2,"[""Atelectasis"", ""Consolidation"", ""Infiltration"", ""Pneumothorax"", ""Edema"", ""Emphysema"", ""Fibrosis"", ""Effusion"", ""Pneumonia"", ""Pleural_Thickening"", ""Cardiomegaly"", ""Nodule"", ""Mass"", ""Hernia"", ""Lung Lesion"", ""Fracture"", ""Lung Opacity"", ""Enlarged Cardiomediastinum""]",0.6357784271240234,present,Atelectasis,0.5599451065063477,present,Cardiomegaly,0.6420453190803528,present,Consolidation,0.5608192682266235,present,Edema,0.7354280948638916,present,Effusion,0.4267718493938446,uncertain,Pneumonia,0.5105704665184021,present,Pneumothorax,0.5023218393325806,present,Fracture,0.23824456334114075,uncertain,Lung Lesion,0.824662983417511,present,Lung Opacity,0.5570917129516602,present,Enlarged Cardiomediastinum,0.5083082318305969,present,Pleural_Thickening,,unavailable,,,not_computed,,"[""Atelectasis"", ""Cardiomegaly"", ""Consolidation"", ""Edema"", ""Pleural Effusion"", ""Pneumothorax"", ""Fracture"", ""Lung Opacity"", ""Enlarged Cardiomediastinum"", ""Pleural Other""]","{""Atelectasis"": 0.6357784271240234, ""Cardiomegaly"": 0.5599451065063477, ""Consolidation"": 0.6420453190803528, ""Edema"": 0.5608192682266235, ""Effusion"": 0.7354280948638916, ""Emphysema"": 0.5004143714904785, ""Enlarged Cardiomediastinum"": 0.5570917129516602, ""Fibrosis"": 0.5093868970870972, ""Fracture"": 0.5023218393325806, ""Hernia"": 0.1458369344472885, ""Infiltration"": 0.5747732520103455, ""Lung Lesion"": 0.23824456334114075, ""Lung Opacity"": 0.824662983417511, ""Mass"": 0.615117609500885, ""Nodule"": 0.5184005498886108, ""Pleural_Thickening"": 0.5083082318305969, ""Pneumonia"": 0.4267718493938446, ""Pneumothorax"": 0.5105704665184021}",retrieval_agent
patient00146/study9,patient00146/study9/view1_frontal.dcm,/home/jovyan/Desktop/MEDAGENT-X/data/raw/chexpert_plus/dicom_train/patient00146/study9/view1_frontal.dcm,torchxrayvision.DenseNet,densenet121-res224-all,cuda,0.5,0.2,"[""Atelectasis"", ""Consolidation"", ""Infiltration"", ""Pneumothorax"", ""Edema"", ""Emphysema"", ""Fibrosis"", ""Effusion"", ""Pneumonia"", ""Pleural_Thickening"", ""Cardiomegaly"", ""Nodule"", ""Mass"", ""Hernia"", ""Lung Lesion"", ""Fracture"", ""Lung Opacity"", ""Enlarged Cardiomediastinum""]",0.6274261474609375,present,Atelectasis,0.5565582513809204,present,Cardiomegaly,0.6405990719795227,present,Consolidation,0.5920725464820862,present,Edema,0.7157440185546875,present,Effusion,0.5120149850845337,present,Pneumonia,0.5143786668777466,present,Pneumothorax,0.5131827592849731,present,Fracture,0.14027267694473267,absent,Lung Lesion,0.881763219833374,present,Lung Opacity,0.567068338394165,present,Enlarged Cardiomediastinum,0.5033447742462158,present,Pleural_Thickening,,unavailable,,,not_computed,,"[""Atelectasis"", ""Cardiomegaly"", ""Consolidation"", ""Edema"", ""Pleural Effusion"", ""Pneumonia"", ""Pneumothorax"", ""Fracture"", ""Lung Opacity"", ""Enlarged Cardiomediastinum"", ""Pleural Other""]","{""Atelectasis"": 0.6274261474609375, ""Cardiomegaly"": 0.5565582513809204, ""Consolidation"": 0.6405990719795227, ""Edema"": 0.5920725464820862, ""Effusion"": 0.7157440185546875, ""Emphysema"": 0.5016976594924927, ""Enlarged Cardiomediastinum"": 0.567068338394165, ""Fibrosis"": 0.5097403526306152, ""Fracture"": 0.5131827592849731, ""Hernia"": 0.0846247598528862, ""Infiltration"": 0.5676408410072327, ""Lung Lesion"": 0.14027267694473267, ""Lung Opacity"": 0.881763219833374, ""Mass"": 0.5879950523376465, ""Nodule"": 0.5338042974472046, ""Pleural_Thickening"": 0.5033447742462158, ""Pneumonia"": 0.5120149850845337, ""Pneumothorax"": 0.5143786668777466}",retrieval_agent
patient00146/study25,patient00146/study25/view1_frontal.dcm,/home/jovyan/Desktop/MEDAGENT-X/data/raw/chexpert_plus/dicom_train/patient00146/study25/view1_frontal.dcm,torchxrayvision.DenseNet,densenet121-res224-all,cuda,0.5,0.2,"[""Atelectasis"", ""Consolidation"", ""Infiltration"", ""Pneumothorax"", ""Edema"", ""Emphysema"", ""Fibrosis"", ""Effusion"", ""Pneumonia"", ""Pleural_Thickening"", ""Cardiomegaly"", ""Nodule"", ""Mass"", ""Hernia"", ""Lung Lesion"", ""Fracture"", ""Lung Opacity"", ""Enlarged Cardiomediastinum""]",0.6384665966033936,present,Atelectasis,0.534477710723877,present,Cardiomegaly,0.7324854731559753,present,Consolidation,0.5622392892837524,present,Edema,0.8059040307998657,present,Effusion,0.5394124984741211,present,Pneumonia,0.5248614549636841,present,Pneumothorax,0.5154514312744141,present,Fracture,0.5488743782043457,present,Lung Lesion,0.8553667068481445,present,Lung Opacity,0.5416467189788818,present,Enlarged Cardiomediastinum,0.5098774433135986,present,Pleural_Thickening,,unavailable,,,not_computed,,"[""Atelectasis"", ""Cardiomegaly"", ""Consolidation"", ""Edema"", ""Pleural Effusion"", ""Pneumonia"", ""Pneumothorax"", ""Fracture"", ""Lung Lesion"", ""Lung Opacity"", ""Enlarged Cardiomediastinum"", ""Pleural Other""]","{""Atelectasis"": 0.6384665966033936, ""Cardiomegaly"": 0.534477710723877, ""Consolidation"": 0.7324854731559753, ""Edema"": 0.5622392892837524, ""Effusion"": 0.8059040307998657, ""Emphysema"": 0.3430885970592499, ""Enlarged Cardiomediastinum"": 0.5416467189788818, ""Fibrosis"": 0.5020933151245117, ""Fracture"": 0.5154514312744141, ""Hernia"": 0.3261720538139343, ""Infiltration"": 0.7093335390090942, ""Lung Lesion"": 0.5488743782043457, ""Lung Opacity"": 0.8553667068481445, ""Mass"": 0.6487241983413696, ""Nodule"": 0.5646026134490967, ""Pleural_Thickening"": 0.5098774433135986, ""Pneumonia"": 0.5394124984741211, ""Pneumothorax"": 0.5248614549636841}",retrieval_agent
patient00146/study31,patient00146/study31/view1_frontal.dcm,/home/jovyan/Desktop/MEDAGENT-X/data/raw/chexpert_plus/dicom_train/patient00146/study31/view1_frontal.dcm,torchxrayvision.DenseNet,densenet121-res224-all,cuda,0.5,0.2,"[""Atelectasis"", ""Consolidation"", ""Infiltration"", ""Pneumothorax"", ""Edema"", ""Emphysema"", ""Fibrosis"", ""Effusion"", ""Pneumonia"", ""Pleural_Thickening"", ""Cardiomegaly"", ""Nodule"", ""Mass"", ""Hernia"", ""Lung Lesion"", ""Fracture"", ""Lung Opacity"", ""Enlarged Cardiomediastinum""]",0.6059852242469788,present,Atelectasis,0.5490567088127136,present,Cardiomegaly,0.7221232056617737,present,Consolidation,0.6077982783317566,present,Edema,0.7842419147491455,present,Effusion,0.6056438684463501,present,Pneumonia,0.5329225659370422,present,Pneumothorax,0.5087446570396423,present,Fracture,0.33363160490989685,uncertain,Lung Lesion,0.9114081859588623,present,Lung Opacity,0.5652170181274414,present,Enlarged Cardiomediastinum,0.5059446096420288,present,Pleural_Thickening,,unavailable,,,not_computed,,"[""Atelectasis"", ""Cardiomegaly"", ""Consolidation"", ""Edema"", ""Pleural Effusion"", ""Pneumonia"", ""Pneumothorax"", ""Fracture"", ""Lung Opacity"", ""Enlarged Cardiomediastinum"", ""Pleural Other""]","{""Atelectasis"": 0.6059852242469788, ""Cardiomegaly"": 0.5490567088127136, ""Consolidation"": 0.7221232056617737, ""Edema"": 0.6077982783317566, ""Effusion"": 0.7842419147491455, ""Emphysema"": 0.5011945962905884, ""Enlarged Cardiomediastinum"": 0.5652170181274414, ""Fibrosis"": 0.5134117007255554, ""Fracture"": 0.5087446570396423, ""Hernia"": 0.020047223195433617, ""Infiltration"": 0.6662954092025757, ""Lung Lesion"": 0.33363160490989685, ""Lung Opacity"": 0.9114081859588623, ""Mass"": 0.5765836834907532, ""Nodule"": 0.5490564703941345, ""Pleural_Thickening"": 0.5059446096420288, ""Pneumonia"": 0.6056438684463501, ""Pneumothorax"": 0.5329225659370422}",retrieval_agent
patient00146/study26,patient00146/study26/view1_frontal.dcm,/home/jovyan/Desktop/MEDAGENT-X/data/raw/chexpert_plus/dicom_train/patient00146/study26/view1_frontal.dcm,torchxrayvision.DenseNet,densenet121-res224-all,cuda,0.5,0.2,"[""Atelectasis"", ""Consolidation"", ""Infiltration"", ""Pneumothorax"", ""Edema"", ""Emphysema"", ""Fibrosis"", ""Effusion"", ""Pneumonia"", ""Pleural_Thickening"", ""Cardiomegaly"", ""Nodule"", ""Mass"", ""Hernia"", ""Lung Lesion"", ""Fracture"", ""Lung Opacity"", ""Enlarged Cardiomediastinum""]",0.7452605962753296,present,Atelectasis,0.648727536201477,present,Cardiomegaly,0.6446467638015747,present,Consolidation,0.6027456521987915,present,Edema,0.8536508083343506,present,Effusion,0.4432776868343353,uncertain,Pneumonia,0.5351656079292297,present,Pneumothorax,0.5345895886421204,present,Fracture,0.48051998019218445,uncertain,Lung Lesion,0.7969219088554382,present,Lung Opacity,0.5358378291130066,present,Enlarged Cardiomediastinum,0.5030022859573364,present,Pleural_Thickening,,unavailable,,,not_computed,,"[""Atelectasis"", ""Cardiomegaly"", ""Consolidation"", ""Edema"", ""Pleural Effusion"", ""Pneumothorax"", ""Fracture"", ""Lung Opacity"", ""Enlarged Cardiomediastinum"", ""Pleural Other""]","{""Atelectasis"": 0.7452605962753296, ""Cardiomegaly"": 0.648727536201477, ""Consolidation"": 0.6446467638015747, ""Edema"": 0.6027456521987915, ""Effusion"": 0.8536508083343506, ""Emphysema"": 0.3057625889778137, ""Enlarged Cardiomediastinum"": 0.5358378291130066, ""Fibrosis"": 0.5036861896514893, ""Fracture"": 0.5345895886421204, ""Hernia"": 0.2305750697851181, ""Infiltration"": 0.6112449169158936, ""Lung Lesion"": 0.48051998019218445, ""Lung Opacity"": 0.7969219088554382, ""Mass"": 0.5472030639648438, ""Nodule"": 0.5127724409103394, ""Pleural_Thickening"": 0.5030022859573364, ""Pneumonia"": 0.4432776868343353, ""Pneumothorax"": 0.5351656079292297}",retrieval_agent
patient00146/study29,patient00146/study29/view1_frontal.dcm,/home/jovyan/Desktop/MEDAGENT-X/data/raw/chexpert_plus/dicom_train/patient00146/study29/view1_frontal.dcm,torchxrayvision.DenseNet,densenet121-res224-all,cuda,0.5,0.2,"[""Atelectasis"", ""Consolidation"", ""Infiltration"", ""Pneumothorax"", ""Edema"", ""Emphysema"", ""Fibrosis"", ""Effusion"", ""Pneumonia"", ""Pleural_Thickening"", ""Cardiomegaly"", ""Nodule"", ""Mass"", ""Hernia"", ""Lung Lesion"", ""Fracture"", ""Lung Opacity"", ""Enlarged Cardiomediastinum""]",0.732728123664856,present,Atelectasis,0.6036392450332642,present,Cardiomegaly,0.7489840984344482,present,Consolidation,0.6459261775016785,present,Edema,0.828832745552063,present,Effusion,0.6542328596115112,present,Pneumonia,0.5542593002319336,present,Pneumothorax,0.5346908569335938,present,Fracture,0.5401417016983032,present,Lung Lesion,0.8212621212005615,present,Lung Opacity,0.5344836711883545,present,Enlarged Cardiomediastinum,0.5138440132141113,present,Pleural_Thickening,,unavailable,,,not_computed,,"[""Atelectasis"", ""Cardiomegaly"", ""Consolidation"", ""Edema"", ""Pleural Effusion"", ""Pneumonia"", ""Pneumothorax"", ""Fracture"", ""Lung Lesion"", ""Lung Opacity"", ""Enlarged Cardiomediastinum"", ""Pleural Other""]","{""Atelectasis"": 0.732728123664856, ""Cardiomegaly"": 0.6036392450332642, ""Consolidation"": 0.7489840984344482, ""Edema"": 0.6459261775016785, ""Effusion"": 0.828832745552063, ""Emphysema"": 0.5006417632102966, ""Enlarged Cardiomediastinum"": 0.5344836711883545, ""Fibrosis"": 0.5082205533981323, ""Fracture"": 0.5346908569335938, ""Hernia"": 0.2810075879096985, ""Infiltration"": 0.7236922979354858, ""Lung Lesion"": 0.5401417016983032, ""Lung Opacity"": 0.8212621212005615, ""Mass"": 0.5617905855178833, ""Nodule"": 0.5373034477233887, ""Pleural_Thickening"": 0.5138440132141113, ""Pneumonia"": 0.6542328596115112, ""Pneumothorax"": 0.5542593002319336}",retrieval_agent
patient00146/study8,patient00146/study8/view1_frontal.dcm,/home/jovyan/Desktop/MEDAGENT-X/data/raw/chexpert_plus/dicom_train/patient00146/study8/view1_frontal.dcm,torchxrayvision.DenseNet,densenet121-res224-all,cuda,0.5,0.2,"[""Atelectasis"", ""Consolidation"", ""Infiltration"", ""Pneumothorax"", ""Edema"", ""Emphysema"", ""Fibrosis"", ""Effusion"", ""Pneumonia"", ""Pleural_Thickening"", ""Cardiomegaly"", ""Nodule"", ""Mass"", ""Hernia"", ""Lung Lesion"", ""Fracture"", ""Lung Opacity"", ""Enlarged Cardiomediastinum""]",0.7368608713150024,present,Atelectasis,0.6457430124282837,present,Cardiomegaly,0.6253158450126648,present,Consolidation,0.5979982614517212,present,Edema,0.8155918717384338,present,Effusion,0.489936500787735,uncertain,Pneumonia,0.5068932771682739,present,Pneumothorax,0.5099910497665405,present,Fracture,0.2550734877586365,uncertain,Lung Lesion,0.8145878911018372,present,Lung Opacity,0.5520765781402588,present,Enlarged Cardiomediastinum,0.45621493458747864,uncertain,Pleural_Thickening,,unavailable,,,not_computed,,"[""Atelectasis"", ""Cardiomegaly"", ""Consolidation"", ""Edema"", ""Pleural Effusion"", ""Pneumothorax"", ""Fracture"", ""Lung Opacity"", ""Enlarged Cardiomediastinum""]","{""Atelectasis"": 0.7368608713150024, ""Cardiomegaly"": 0.6457430124282837, ""Consolidation"": 0.6253158450126648, ""Edema"": 0.5979982614517212, ""Effusion"": 0.8155918717384338, ""Emphysema"": 0.1574341356754303, ""Enlarged Cardiomediastinum"": 0.5520765781402588, ""Fibrosis"": 0.5089689493179321, ""Fracture"": 0.5099910497665405, ""Hernia"": 0.18692068755626678, ""Infiltration"": 0.6371222734451294, ""Lung Lesion"": 0.2550734877586365, ""Lung Opacity"": 0.8145878911018372, ""Mass"": 0.5164020657539368, ""Nodule"": 0.5019581317901611, ""Pleural_Thickening"": 0.45621493458747864, ""Pneumonia"": 0.489936500787735, ""Pneumothorax"": 0.5068932771682739}",retrieval_agent
patient00146/study4,patient00146/study4/view1_frontal.dcm,/home/jovyan/Desktop/MEDAGENT-X/data/raw/chexpert_plus/dicom_train/patient00146/study4/view1_frontal.dcm,torchxrayvision.DenseNet,densenet121-res224-all,cuda,0.5,0.2,"[""Atelectasis"", ""Consolidation"", ""Infiltration"", ""Pneumothorax"", ""Edema"", ""Emphysema"", ""Fibrosis"", ""Effusion"", ""Pneumonia"", ""Pleural_Thickening"", ""Cardiomegaly"", ""Nodule"", ""Mass"", ""Hernia"", ""Lung Lesion"", ""Fracture"", ""Lung Opacity"", ""Enlarged Cardiomediastinum""]",0.5825730562210083,present,Atelectasis,0.24255399405956268,uncertain,Cardiomegaly,0.5550107955932617,present,Consolidation,0.40161317586898804,uncertain,Edema,0.5352239012718201,present,Effusion,0.2914949059486389,uncertain,Pneumonia,0.5010672211647034,present,Pneumothorax,0.500293493270874,present,Fracture,0.044727057218551636,absent,Lung Lesion,0.5950164794921875,present,Lung Opacity,0.5146039128303528,present,Enlarged Cardiomediastinum,0.5050871968269348,present,Pleural_Thickening,,unavailable,,,not_computed,,"[""Atelectasis"", ""Consolidation"", ""Pleural Effusion"", ""Pneumothorax"", ""Fracture"", ""Lung Opacity"", ""Enlarged Cardiomediastinum"", ""Pleural Other""]","{""Atelectasis"": 0.5825730562210083, ""Cardiomegaly"": 0.24255399405956268, ""Consolidation"": 0.5550107955932617, ""Edema"": 0.40161317586898804, ""Effusion"": 0.5352239012718201, ""Emphysema"": 0.5005390644073486, ""Enlarged Cardiomediastinum"": 0.5146039128303528, ""Fibrosis"": 0.5062747597694397, ""Fracture"": 0.500293493270874, ""Hernia"": 0.1365690529346466, ""Infiltration"": 0.5385496616363525, ""Lung Lesion"": 0.044727057218551636, ""Lung Opacity"": 0.5950164794921875, ""Mass"": 0.5906291604042053, ""Nodule"": 0.504112958908081, ""Pleural_Thickening"": 0.5050871968269348, ""Pneumonia"": 0.2914949059486389, ""Pneumothorax"": 0.5010672211647034}",retrieval_agent
patient00146/study6,patient00146/study6/view1_frontal.dcm,/home/jovyan/Desktop/MEDAGENT-X/data/raw/chexpert_plus/dicom_train/patient00146/study6/view1_frontal.dcm,torchxrayvision.DenseNet,densenet121-res224-all,cuda,0.5,0.2,"[""Atelectasis"", ""Consolidation"", ""Infiltration"", ""Pneumothorax"", ""Edema"", ""Emphysema"", ""Fibrosis"", ""Effusion"", ""Pneumonia"", ""Pleural_Thickening"", ""Cardiomegaly"", ""Nodule"", ""Mass"", ""Hernia"", ""Lung Lesion"", ""Fracture"", ""Lung Opacity"", ""Enlarged Cardiomediastinum""]",0.6688553094863892,present,Atelectasis,0.5336803197860718,present,Cardiomegaly,0.5927196741104126,present,Consolidation,0.5307893753051758,present,Edema,0.6343977451324463,present,Effusion,0.17695565521717072,absent,Pneumonia,0.5077723264694214,present,Pneumothorax,0.5193752646446228,present,Fracture,0.147501602768898,absent,Lung Lesion,0.7706729173660278,present,Lung Opacity,0.5236916542053223,present,Enlarged Cardiomediastinum,0.4769601821899414,uncertain,Pleural_Thickening,,unavailable,,,not_computed,,"[""Atelectasis"", ""Cardiomegaly"", ""Consolidation"", ""Edema"", ""Pleural Effusion"", ""Pneumothorax"", ""Fracture"", ""Lung Opacity"", ""Enlarged Cardiomediastinum""]","{""Atelectasis"": 0.6688553094863892, ""Cardiomegaly"": 0.5336803197860718, ""Consolidation"": 0.5927196741104126, ""Edema"": 0.5307893753051758, ""Effusion"": 0.6343977451324463, ""Emphysema"": 0.44025808572769165, ""Enlarged Cardiomediastinum"": 0.5236916542053223, ""Fibrosis"": 0.4337255656719208, ""Fracture"": 0.5193752646446228, ""Hernia"": 0.20144933462142944, ""Infiltration"": 0.5564590692520142, ""Lung Lesion"": 0.147501602768898, ""Lung Opacity"": 0.7706729173660278, ""Mass"": 0.5399566888809204, ""Nodule"": 0.5131524801254272, ""Pleural_Thickening"": 0.4769601821899414, ""Pneumonia"": 0.17695565521717072, ""Pneumothorax"": 0.5077723264694214}",retrieval_agent
patient00146/study12,patient00146/study12/view1_frontal.dcm,/home/jovyan/Desktop/MEDAGENT-X/data/raw/chexpert_plus/dicom_train/patient00146/study12/view1_frontal.dcm,torchxrayvision.DenseNet,densenet121-res224-all,cuda,0.5,0.2,"[""Atelectasis"", ""Consolidation"", ""Infiltration"", ""Pneumothorax"", ""Edema"", ""Emphysema"", ""Fibrosis"", ""Effusion"", ""Pneumonia"", ""Pleural_Thickening"", ""Cardiomegaly"", ""Nodule"", ""Mass"", ""Hernia"", ""Lung Lesion"", ""Fracture"", ""Lung Opacity"", ""Enlarged Cardiomediastinum""]",0.5762151479721069,present,Atelectasis,0.5362107753753662,present,Cardiomegaly,0.7185541987419128,present,Consolidation,0.6209094524383545,present,Edema,0.7585041522979736,present,Effusion,0.5861755013465881,present,Pneumonia,0.5058846473693848,present,Pneumothorax,0.4992174804210663,uncertain,Fracture,0.16304562985897064,absent,Lung Lesion,0.9593334794044495,present,Lung Opacity,0.5469802618026733,present,Enlarged Cardiomediastinum,0.5216648578643799,present,Pleural_Thickening,,unavailable,,,not_computed,,"[""Atelectasis"", ""Cardiomegaly"", ""Consolidation"", ""Edema"", ""Pleural Effusion"", ""Pneumonia"", ""Pneumothorax"", ""Lung Opacity"", ""Enlarged Cardiomediastinum"", ""Pleural Other""]","{""Atelectasis"": 0.5762151479721069, ""Cardiomegaly"": 0.5362107753753662, ""Consolidation"": 0.7185541987419128, ""Edema"": 0.6209094524383545, ""Effusion"": 0.7585041522979736, ""Emphysema"": 0.5005941390991211, ""Enlarged Cardiomediastinum"": 0.5469802618026733, ""Fibrosis"": 0.560097336769104, ""Fracture"": 0.4992174804210663, ""Hernia"": 0.026924217119812965, ""Infiltration"": 0.7183233499526978, ""Lung Lesion"": 0.16304562985897064, ""Lung Opacity"": 0.9593334794044495, ""Mass"": 0.5919088125228882, ""Nodule"": 0.5811232328414917, ""Pleural_Thickening"": 0.5216648578643799, ""Pneumonia"": 0.5861755013465881, ""Pneumothorax"": 0.5058846473693848}",retrieval_agent
patient00146/study28,patient00146/study28/view1_frontal.dcm,/home/jovyan/Desktop/MEDAGENT-X/data/raw/chexpert_plus/dicom_train/patient00146/study28/view1_frontal.dcm,torchxrayvision.DenseNet,densenet121-res224-all,cuda,0.5,0.2,"[""Atelectasis"", ""Consolidation"", ""Infiltration"", ""Pneumothorax"", ""Edema"", ""Emphysema"", ""Fibrosis"", ""Effusion"", ""Pneumonia"", ""Pleural_Thickening"", ""Cardiomegaly"", ""Nodule"", ""Mass"", ""Hernia"", ""Lung Lesion"", ""Fracture"", ""Lung Opacity"", ""Enlarged Cardiomediastinum""]",0.8534104228019714,present,Atelectasis,0.7895157337188721,present,Cardiomegaly,0.782663881778717,present,Consolidation,0.7955328822135925,present,Edema,0.9373235702514648,present,Effusion,0.6426715850830078,present,Pneumonia,0.5727741718292236,present,Pneumothorax,0.5638152360916138,present,Fracture,0.6068576574325562,present,Lung Lesion,0.8599675893783569,present,Lung Opacity,0.6225976943969727,present,Enlarged Cardiomediastinum,0.5360550880432129,present,Pleural_Thickening,,unavailable,,,not_computed,,"[""Atelectasis"", ""Cardiomegaly"", ""Consolidation"", ""Edema"", ""Pleural Effusion"", ""Pneumonia"", ""Pneumothorax"", ""Fracture"", ""Lung Lesion"", ""Lung Opacity"", ""Enlarged Cardiomediastinum"", ""Pleural Other""]","{""Atelectasis"": 0.8534104228019714, ""Cardiomegaly"": 0.7895157337188721, ""Consolidation"": 0.782663881778717, ""Edema"": 0.7955328822135925, ""Effusion"": 0.9373235702514648, ""Emphysema"": 0.5015118718147278, ""Enlarged Cardiomediastinum"": 0.6225976943969727, ""Fibrosis"": 0.5264586210250854, ""Fracture"": 0.5638152360916138, ""Hernia"": 0.19297485053539276, ""Infiltration"": 0.6699017286300659, ""Lung Lesion"": 0.6068576574325562, ""Lung Opacity"": 0.8599675893783569, ""Mass"": 0.5398488640785217, ""Nodule"": 0.5279930830001831, ""Pleural_Thickening"": 0.5360550880432129, ""Pneumonia"": 0.6426715850830078, ""Pneumothorax"": 0.5727741718292236}",retrieval_agent
patient00146/study3,patient00146/study3/view1_frontal.dcm,/home/jovyan/Desktop/MEDAGENT-X/data/raw/chexpert_plus/dicom_train/patient00146/study3/view1_frontal.dcm,torchxrayvision.DenseNet,densenet121-res224-all,cuda,0.5,0.2,"[""Atelectasis"", ""Consolidation"", ""Infiltration"", ""Pneumothorax"", ""Edema"", ""Emphysema"", ""Fibrosis"", ""Effusion"", ""Pneumonia"", ""Pleural_Thickening"", ""Cardiomegaly"", ""Nodule"", ""Mass"", ""Hernia"", ""Lung Lesion"", ""Fracture"", ""Lung Opacity"", ""Enlarged Cardiomediastinum""]",0.6959960460662842,present,Atelectasis,0.5475022792816162,present,Cardiomegaly,0.6164681911468506,present,Consolidation,0.5232617855072021,present,Edema,0.8948665261268616,present,Effusion,0.5052117705345154,present,Pneumonia,0.5062400102615356,present,Pneumothorax,0.515051543712616,present,Fracture,0.5082825422286987,present,Lung Lesion,0.7074564695358276,present,Lung Opacity,0.5340118408203125,present,Enlarged Cardiomediastinum,0.5232926607131958,present,Pleural_Thickening,,unavailable,,,not_computed,,"[""Atelectasis"", ""Cardiomegaly"", ""Consolidation"", ""Edema"", ""Pleural Effusion"", ""Pneumonia"", ""Pneumothorax"", ""Fracture"", ""Lung Lesion"", ""Lung Opacity"", ""Enlarged Cardiomediastinum"", ""Pleural Other""]","{""Atelectasis"": 0.6959960460662842, ""Cardiomegaly"": 0.5475022792816162, ""Consolidation"": 0.6164681911468506, ""Edema"": 0.5232617855072021, ""Effusion"": 0.8948665261268616, ""Emphysema"": 0.3518558740615845, ""Enlarged Cardiomediastinum"": 0.5340118408203125, ""Fibrosis"": 0.5015445947647095, ""Fracture"": 0.515051543712616, ""Hernia"": 0.06631577014923096, ""Infiltration"": 0.6039421558380127, ""Lung Lesion"": 0.5082825422286987, ""Lung Opacity"": 0.7074564695358276, ""Mass"": 0.5506510734558105, ""Nodule"": 0.5577812790870667, ""Pleural_Thickening"": 0.5232926607131958, ""Pneumonia"": 0.5052117705345154, ""Pneumothorax"": 0.5062400102615356}",retrieval_agent
patient00146/study20,patient00146/study20/view1_frontal.dcm,/home/jovyan/Desktop/MEDAGENT-X/data/raw/chexpert_plus/dicom_train/patient00146/study20/view1_frontal.dcm,torchxrayvision.DenseNet,densenet121-res224-all,cuda,0.5,0.2,"[""Atelectasis"", ""Consolidation"", ""Infiltration"", ""Pneumothorax"", ""Edema"", ""Emphysema"", ""Fibrosis"", ""Effusion"", ""Pneumonia"", ""Pleural_Thickening"", ""Cardiomegaly"", ""Nodule"", ""Mass"", ""Hernia"", ""Lung Lesion"", ""Fracture"", ""Lung Opacity"", ""Enlarged Cardiomediastinum""]",0.8119620680809021,present,Atelectasis,0.5323542356491089,present,Cardiomegaly,0.7274318337440491,present,Consolidation,0.5416430234909058,present,Edema,0.8699162006378174,present,Effusion,0.5451083779335022,present,Pneumonia,0.5572777986526489,present,Pneumothorax,0.5523072481155396,present,Fracture,0.5189507603645325,present,Lung Lesion,0.775162935256958,present,Lung Opacity,0.526642382144928,present,Enlarged Cardiomediastinum,0.5261570811271667,present,Pleural_Thickening,,unavailable,,,not_computed,,"[""Atelectasis"", ""Cardiomegaly"", ""Consolidation"", ""Edema"", ""Pleural Effusion"", ""Pneumonia"", ""Pneumothorax"", ""Fracture"", ""Lung Lesion"", ""Lung Opacity"", ""Enlarged Cardiomediastinum"", ""Pleural Other""]","{""Atelectasis"": 0.8119620680809021, ""Cardiomegaly"": 0.5323542356491089, ""Consolidation"": 0.7274318337440491, ""Edema"": 0.5416430234909058, ""Effusion"": 0.8699162006378174, ""Emphysema"": 0.5001316070556641, ""Enlarged Cardiomediastinum"": 0.526642382144928, ""Fibrosis"": 0.5081554651260376, ""Fracture"": 0.5523072481155396, ""Hernia"": 0.04733050987124443, ""Infiltration"": 0.6310798525810242, ""Lung Lesion"": 0.5189507603645325, ""Lung Opacity"": 0.775162935256958, ""Mass"": 0.5448565483093262, ""Nodule"": 0.5276724696159363, ""Pleural_Thickening"": 0.5261570811271667, ""Pneumonia"": 0.5451083779335022, ""Pneumothorax"": 0.5572777986526489}",retrieval_agent
patient00146/study22,patient00146/study22/view1_frontal.dcm,/home/jovyan/Desktop/MEDAGENT-X/data/raw/chexpert_plus/dicom_train/patient00146/study22/view1_frontal.dcm,torchxrayvision.DenseNet,densenet121-res224-all,cuda,0.5,0.2,"[""Atelectasis"", ""Consolidation"", ""Infiltration"", ""Pneumothorax"", ""Edema"", ""Emphysema"", ""Fibrosis"", ""Effusion"", ""Pneumonia"", ""Pleural_Thickening"", ""Cardiomegaly"", ""Nodule"", ""Mass"", ""Hernia"", ""Lung Lesion"", ""Fracture"", ""Lung Opacity"", ""Enlarged Cardiomediastinum""]",0.618869423866272,present,Atelectasis,0.5518894195556641,present,Cardiomegaly,0.6406457424163818,present,Consolidation,0.5740256309509277,present,Edema,0.688637375831604,present,Effusion,0.5624847412109375,present,Pneumonia,0.5265429615974426,present,Pneumothorax,0.5226702690124512,present,Fracture,0.5155096054077148,present,Lung Lesion,0.770293653011322,present,Lung Opacity,0.5333467721939087,present,Enlarged Cardiomediastinum,0.5319788455963135,present,Pleural_Thickening,,unavailable,,,not_computed,,"[""Atelectasis"", ""Cardiomegaly"", ""Consolidation"", ""Edema"", ""Pleural Effusion"", ""Pneumonia"", ""Pneumothorax"", ""Fracture"", ""Lung Lesion"", ""Lung Opacity"", ""Enlarged Cardiomediastinum"", ""Pleural Other""]","{""Atelectasis"": 0.618869423866272, ""Cardiomegaly"": 0.5518894195556641, ""Consolidation"": 0.6406457424163818, ""Edema"": 0.5740256309509277, ""Effusion"": 0.688637375831604, ""Emphysema"": 0.505582869052887, ""Enlarged Cardiomediastinum"": 0.5333467721939087, ""Fibrosis"": 0.5272954702377319, ""Fracture"": 0.5226702690124512, ""Hernia"": 0.06471733003854752, ""Infiltration"": 0.6750282049179077, ""Lung Lesion"": 0.5155096054077148, ""Lung Opacity"": 0.770293653011322, ""Mass"": 0.5663791298866272, ""Nodule"": 0.6168806552886963, ""Pleural_Thickening"": 0.5319788455963135, ""Pneumonia"": 0.5624847412109375, ""Pneumothorax"": 0.5265429615974426}",retrieval_agent
patient00146/study10,patient00146/study10/view1_frontal.dcm,/home/jovyan/Desktop/MEDAGENT-X/data/raw/chexpert_plus/dicom_train/patient00146/study10/view1_frontal.dcm,torchxrayvision.DenseNet,densenet121-res224-all,cuda,0.5,0.2,"[""Atelectasis"", ""Consolidation"", ""Infiltration"", ""Pneumothorax"", ""Edema"", ""Emphysema"", ""Fibrosis"", ""Effusion"", ""Pneumonia"", ""Pleural_Thickening"", ""Cardiomegaly"", ""Nodule"", ""Mass"", ""Hernia"", ""Lung Lesion"", ""Fracture"", ""Lung Opacity"", ""Enlarged Cardiomediastinum""]",0.5881629586219788,present,Atelectasis,0.5048747062683105,present,Cardiomegaly,0.5578790903091431,present,Consolidation,0.5142090320587158,present,Edema,0.5692538022994995,present,Effusion,0.2560410499572754,uncertain,Pneumonia,0.5004448294639587,present,Pneumothorax,0.5006324052810669,present,Fracture,0.012893307022750378,absent,Lung Lesion,0.7283602356910706,present,Lung Opacity,0.5106803178787231,present,Enlarged Cardiomediastinum,0.1983659416437149,absent,Pleural_Thickening,,unavailable,,,not_computed,,"[""Atelectasis"", ""Cardiomegaly"", ""Consolidation"", ""Edema"", ""Pleural Effusion"", ""Pneumothorax"", ""Fracture"", ""Lung Opacity"", ""Enlarged Cardiomediastinum""]","{""Atelectasis"": 0.5881629586219788, ""Cardiomegaly"": 0.5048747062683105, ""Consolidation"": 0.5578790903091431, ""Edema"": 0.5142090320587158, ""Effusion"": 0.5692538022994995, ""Emphysema"": 0.4778074324131012, ""Enlarged Cardiomediastinum"": 0.5106803178787231, ""Fibrosis"": 0.1799522191286087, ""Fracture"": 0.5006324052810669, ""Hernia"": 0.054125797003507614, ""Infiltration"": 0.5300953388214111, ""Lung Lesion"": 0.012893307022750378, ""Lung Opacity"": 0.7283602356910706, ""Mass"": 0.5091472864151001, ""Nodule"": 0.5006142258644104, ""Pleural_Thickening"": 0.1983659416437149, ""Pneumonia"": 0.2560410499572754, ""Pneumothorax"": 0.5004448294639587}",retrieval_agent
patient00146/study23,patient00146/study23/view1_frontal.dcm,/home/jovyan/Desktop/MEDAGENT-X/data/raw/chexpert_plus/dicom_train/patient00146/study23/view1_frontal.dcm,torchxrayvision.DenseNet,densenet121-res224-all,cuda,0.5,0.2,"[""Atelectasis"", ""Consolidation"", ""Infiltration"", ""Pneumothorax"", ""Edema"", ""Emphysema"", ""Fibrosis"", ""Effusion"", ""Pneumonia"", ""Pleural_Thickening"", ""Cardiomegaly"", ""Nodule"", ""Mass"", ""Hernia"", ""Lung Lesion"", ""Fracture"", ""Lung Opacity"", ""Enlarged Cardiomediastinum""]",0.7740394473075867,present,Atelectasis,0.764866054058075,present,Cardiomegaly,0.814931333065033,present,Consolidation,0.7799853086471558,present,Edema,0.9156298637390137,present,Effusion,0.676789402961731,present,Pneumonia,0.5754863023757935,present,Pneumothorax,0.5545616149902344,present,Fracture,0.5839444398880005,present,Lung Lesion,0.8632486462593079,present,Lung Opacity,0.5792685151100159,present,Enlarged Cardiomediastinum,0.5027288198471069,present,Pleural_Thickening,,unavailable,,,not_computed,,"[""Atelectasis"", ""Cardiomegaly"", ""Consolidation"", ""Edema"", ""Pleural Effusion"", ""Pneumonia"", ""Pneumothorax"", ""Fracture"", ""Lung Lesion"", ""Lung Opacity"", ""Enlarged Cardiomediastinum"", ""Pleural Other""]","{""Atelectasis"": 0.7740394473075867, ""Cardiomegaly"": 0.764866054058075, ""Consolidation"": 0.814931333065033, ""Edema"": 0.7799853086471558, ""Effusion"": 0.9156298637390137, ""Emphysema"": 0.5019162893295288, ""Enlarged Cardiomediastinum"": 0.5792685151100159, ""Fibrosis"": 0.5068017244338989, ""Fracture"": 0.5545616149902344, ""Hernia"": 0.14269065856933594, ""Infiltration"": 0.7136263251304626, ""Lung Lesion"": 0.5839444398880005, ""Lung Opacity"": 0.8632486462593079, ""Mass"": 0.5472356081008911, ""Nodule"": 0.5644528269767761, ""Pleural_Thickening"": 0.5027288198471069, ""Pneumonia"": 0.676789402961731, ""Pneumothorax"": 0.5754863023757935}",retrieval_agent
patient00146/study5,patient00146/study5/view1_frontal.dcm,/home/jovyan/Desktop/MEDAGENT-X/data/raw/chexpert_plus/dicom_train/patient00146/study5/view1_frontal.dcm,torchxrayvision.DenseNet,densenet121-res224-all,cuda,0.5,0.2,"[""Atelectasis"", ""Consolidation"", ""Infiltration"", ""Pneumothorax"", ""Edema"", ""Emphysema"", ""Fibrosis"", ""Effusion"", ""Pneumonia"", ""Pleural_Thickening"", ""Cardiomegaly"", ""Nodule"", ""Mass"", ""Hernia"", ""Lung Lesion"", ""Fracture"", ""Lung Opacity"", ""Enlarged Cardiomediastinum""]",0.7906646132469177,present,Atelectasis,0.6047805547714233,present,Cardiomegaly,0.7132485508918762,present,Consolidation,0.6301010847091675,present,Edema,0.8695035576820374,present,Effusion,0.5274286866188049,present,Pneumonia,0.5284401178359985,present,Pneumothorax,0.5588085651397705,present,Fracture,0.5428198575973511,present,Lung Lesion,0.8170820474624634,present,Lung Opacity,0.5507297515869141,present,Enlarged Cardiomediastinum,0.5206440687179565,present,Pleural_Thickening,,unavailable,,,not_computed,,"[""Atelectasis"", ""Cardiomegaly"", ""Consolidation"", ""Edema"", ""Pleural Effusion"", ""Pneumonia"", ""Pneumothorax"", ""Fracture"", ""Lung Lesion"", ""Lung Opacity"", ""Enlarged Cardiomediastinum"", ""Pleural Other""]","{""Atelectasis"": 0.7906646132469177, ""Cardiomegaly"": 0.6047805547714233, ""Consolidation"": 0.7132485508918762, ""Edema"": 0.6301010847091675, ""Effusion"": 0.8695035576820374, ""Emphysema"": 0.38764095306396484, ""Enlarged Cardiomediastinum"": 0.5507297515869141, ""Fibrosis"": 0.5045806169509888, ""Fracture"": 0.5588085651397705, ""Hernia"": 0.1755930483341217, ""Infiltration"": 0.6030256748199463, ""Lung Lesion"": 0.5428198575973511, ""Lung Opacity"": 0.8170820474624634, ""Mass"": 0.5512619018554688, ""Nodule"": 0.5289921760559082, ""Pleural_Thickening"": 0.5206440687179565, ""Pneumonia"": 0.5274286866188049, ""Pneumothorax"": 0.5284401178359985}",retrieval_agent
patient00146/study11,patient00146/study11/view1_frontal.dcm,/home/jovyan/Desktop/MEDAGENT-X/data/raw/chexpert_plus/dicom_train/patient00146/study11/view1_frontal.dcm,torchxrayvision.DenseNet,densenet121-res224-all,cuda,0.5,0.2,"[""Atelectasis"", ""Consolidation"", ""Infiltration"", ""Pneumothorax"", ""Edema"", ""Emphysema"", ""Fibrosis"", ""Effusion"", ""Pneumonia"", ""Pleural_Thickening"", ""Cardiomegaly"", ""Nodule"", ""Mass"", ""Hernia"", ""Lung Lesion"", ""Fracture"", ""Lung Opacity"", ""Enlarged Cardiomediastinum""]",0.61512690782547,present,Atelectasis,0.5237996578216553,present,Cardiomegaly,0.7005943655967712,present,Consolidation,0.5989752411842346,present,Edema,0.7207648754119873,present,Effusion,0.6225847005844116,present,Pneumonia,0.5050493478775024,present,Pneumothorax,0.4043259918689728,uncertain,Fracture,0.1035713404417038,absent,Lung Lesion,0.8919358253479004,present,Lung Opacity,0.5541771650314331,present,Enlarged Cardiomediastinum,0.4945441484451294,uncertain,Pleural_Thickening,,unavailable,,,not_computed,,"[""Atelectasis"", ""Cardiomegaly"", ""Consolidation"", ""Edema"", ""Pleural Effusion"", ""Pneumonia"", ""Pneumothorax"", ""Lung Opacity"", ""Enlarged Cardiomediastinum""]","{""Atelectasis"": 0.61512690782547, ""Cardiomegaly"": 0.5237996578216553, ""Consolidation"": 0.7005943655967712, ""Edema"": 0.5989752411842346, ""Effusion"": 0.7207648754119873, ""Emphysema"": 0.5007168650627136, ""Enlarged Cardiomediastinum"": 0.5541771650314331, ""Fibrosis"": 0.508643627166748, ""Fracture"": 0.4043259918689728, ""Hernia"": 0.03564548119902611, ""Infiltration"": 0.5904436111450195, ""Lung Lesion"": 0.1035713404417038, ""Lung Opacity"": 0.8919358253479004, ""Mass"": 0.572007417678833, ""Nodule"": 0.5197188854217529, ""Pleural_Thickening"": 0.4945441484451294, ""Pneumonia"": 0.6225847005844116, ""Pneumothorax"": 0.5050493478775024}",retrieval_agent
patient00146/study15,patient00146/study15/view1_frontal.dcm,/home/jovyan/Desktop/MEDAGENT-X/data/raw/chexpert_plus/dicom_train/patient00146/study15/view1_frontal.dcm,torchxrayvision.DenseNet,densenet121-res224-all,cuda,0.5,0.2,"[""Atelectasis"", ""Consolidation"", ""Infiltration"", ""Pneumothorax"", ""Edema"", ""Emphysema"", ""Fibrosis"", ""Effusion"", ""Pneumonia"", ""Pleural_Thickening"", ""Cardiomegaly"", ""Nodule"", ""Mass"", ""Hernia"", ""Lung Lesion"", ""Fracture"", ""Lung Opacity"", ""Enlarged Cardiomediastinum""]",0.7566359043121338,present,Atelectasis,0.6056078672409058,present,Cardiomegaly,0.6657229661941528,present,Consolidation,0.6383814811706543,present,Edema,0.8136719465255737,present,Effusion,0.5558399558067322,present,Pneumonia,0.5284258127212524,present,Pneumothorax,0.5555777549743652,present,Fracture,0.5416650772094727,present,Lung Lesion,0.7869976162910461,present,Lung Opacity,0.5428130030632019,present,Enlarged Cardiomediastinum,0.5247625112533569,present,Pleural_Thickening,,unavailable,,,not_computed,,"[""Atelectasis"", ""Cardiomegaly"", ""Consolidation"", ""Edema"", ""Pleural Effusion"", ""Pneumonia"", ""Pneumothorax"", ""Fracture"", ""Lung Lesion"", ""Lung Opacity"", ""Enlarged Cardiomediastinum"", ""Pleural Other""]","{""Atelectasis"": 0.7566359043121338, ""Cardiomegaly"": 0.6056078672409058, ""Consolidation"": 0.6657229661941528, ""Edema"": 0.6383814811706543, ""Effusion"": 0.8136719465255737, ""Emphysema"": 0.5002089738845825, ""Enlarged Cardiomediastinum"": 0.5428130030632019, ""Fibrosis"": 0.5121077299118042, ""Fracture"": 0.5555777549743652, ""Hernia"": 0.5030298233032227, ""Infiltration"": 0.6496948599815369, ""Lung Lesion"": 0.5416650772094727, ""Lung Opacity"": 0.7869976162910461, ""Mass"": 0.5584326386451721, ""Nodule"": 0.5505291223526001, ""Pleural_Thickening"": 0.5247625112533569, ""Pneumonia"": 0.5558399558067322, ""Pneumothorax"": 0.5284258127212524}",retrieval_agent
patient00146/study24,patient00146/study24/view1_frontal.dcm,/home/jovyan/Desktop/MEDAGENT-X/data/raw/chexpert_plus/dicom_train/patient00146/study24/view1_frontal.dcm,torchxrayvision.DenseNet,densenet121-res224-all,cuda,0.5,0.2,"[""Atelectasis"", ""Consolidation"", ""Infiltration"", ""Pneumothorax"", ""Edema"", ""Emphysema"", ""Fibrosis"", ""Effusion"", ""Pneumonia"", ""Pleural_Thickening"", ""Cardiomegaly"", ""Nodule"", ""Mass"", ""Hernia"", ""Lung Lesion"", ""Fracture"", ""Lung Opacity"", ""Enlarged Cardiomediastinum""]",0.6486631631851196,present,Atelectasis,0.5315208435058594,present,Cardiomegaly,0.6309391856193542,present,Consolidation,0.5244259834289551,present,Edema,0.7844317555427551,present,Effusion,0.33571839332580566,uncertain,Pneumonia,0.5259619355201721,present,Pneumothorax,0.5017513036727905,present,Fracture,0.14828181266784668,absent,Lung Lesion,0.7527603507041931,present,Lung Opacity,0.5136726498603821,present,Enlarged Cardiomediastinum,0.5071164965629578,present,Pleural_Thickening,,unavailable,,,not_computed,,"[""Atelectasis"", ""Cardiomegaly"", ""Consolidation"", ""Edema"", ""Pleural Effusion"", ""Pneumothorax"", ""Fracture"", ""Lung Opacity"", ""Enlarged Cardiomediastinum"", ""Pleural Other""]","{""Atelectasis"": 0.6486631631851196, ""Cardiomegaly"": 0.5315208435058594, ""Consolidation"": 0.6309391856193542, ""Edema"": 0.5244259834289551, ""Effusion"": 0.7844317555427551, ""Emphysema"": 0.2205798476934433, ""Enlarged Cardiomediastinum"": 0.5136726498603821, ""Fibrosis"": 0.48513346910476685, ""Fracture"": 0.5017513036727905, ""Hernia"": 0.08646675199270248, ""Infiltration"": 0.6146978139877319, ""Lung Lesion"": 0.14828181266784668, ""Lung Opacity"": 0.7527603507041931, ""Mass"": 0.5294616222381592, ""Nodule"": 0.5015053153038025, ""Pleural_Thickening"": 0.5071164965629578, ""Pneumonia"": 0.33571839332580566, ""Pneumothorax"": 0.5259619355201721}",retrieval_agent
patient00146/study17,patient00146/study17/view1_frontal.dcm,/home/jovyan/Desktop/MEDAGENT-X/data/raw/chexpert_plus/dicom_train/patient00146/study17/view1_frontal.dcm,torchxrayvision.DenseNet,densenet121-res224-all,cuda,0.5,0.2,"[""Atelectasis"", ""Consolidation"", ""Infiltration"", ""Pneumothorax"", ""Edema"", ""Emphysema"", ""Fibrosis"", ""Effusion"", ""Pneumonia"", ""Pleural_Thickening"", ""Cardiomegaly"", ""Nodule"", ""Mass"", ""Hernia"", ""Lung Lesion"", ""Fracture"", ""Lung Opacity"", ""Enlarged Cardiomediastinum""]",0.8732084035873413,present,Atelectasis,0.5631706714630127,present,Cardiomegaly,0.7609420418739319,present,Consolidation,0.6603020429611206,present,Edema,0.8461607098579407,present,Effusion,0.6423483490943909,present,Pneumonia,0.5275421738624573,present,Pneumothorax,0.6026962995529175,present,Fracture,0.7706301808357239,present,Lung Lesion,0.7846511602401733,present,Lung Opacity,0.6655616760253906,present,Enlarged Cardiomediastinum,0.5273643732070923,present,Pleural_Thickening,,unavailable,,,not_computed,,"[""Atelectasis"", ""Cardiomegaly"", ""Consolidation"", ""Edema"", ""Pleural Effusion"", ""Pneumonia"", ""Pneumothorax"", ""Fracture"", ""Lung Lesion"", ""Lung Opacity"", ""Enlarged Cardiomediastinum"", ""Pleural Other""]","{""Atelectasis"": 0.8732084035873413, ""Cardiomegaly"": 0.5631706714630127, ""Consolidation"": 0.7609420418739319, ""Edema"": 0.6603020429611206, ""Effusion"": 0.8461607098579407, ""Emphysema"": 0.5008068680763245, ""Enlarged Cardiomediastinum"": 0.6655616760253906, ""Fibrosis"": 0.5316472053527832, ""Fracture"": 0.6026962995529175, ""Hernia"": 0.12287633866071701, ""Infiltration"": 0.6142961978912354, ""Lung Lesion"": 0.7706301808357239, ""Lung Opacity"": 0.7846511602401733, ""Mass"": 0.6567497253417969, ""Nodule"": 0.5413898229598999, ""Pleural_Thickening"": 0.5273643732070923, ""Pneumonia"": 0.6423483490943909, ""Pneumothorax"": 0.5275421738624573}",retrieval_agent
patient00147/study1,patient00147/study1/view1_frontal.dcm,/home/jovyan/Desktop/MEDAGENT-X/data/raw/chexpert_plus/dicom_train/patient00147/study1/view1_frontal.dcm,torchxrayvision.DenseNet,densenet121-res224-all,cuda,0.5,0.2,"[""Atelectasis"", ""Consolidation"", ""Infiltration"", ""Pneumothorax"", ""Edema"", ""Emphysema"", ""Fibrosis"", ""Effusion"", ""Pneumonia"", ""Pleural_Thickening"", ""Cardiomegaly"", ""Nodule"", ""Mass"", ""Hernia"", ""Lung Lesion"", ""Fracture"", ""Lung Opacity"", ""Enlarged Cardiomediastinum""]",0.7160311937332153,present,Atelectasis,0.5107219219207764,present,Cardiomegaly,0.7156425714492798,present,Consolidation,0.5146934986114502,present,Edema,0.8244434595108032,present,Effusion,0.5106697678565979,present,Pneumonia,0.5201226472854614,present,Pneumothorax,0.5163959264755249,present,Fracture,0.5106334686279297,present,Lung Lesion,0.7363695502281189,present,Lung Opacity,0.6752752065658569,present,Enlarged Cardiomediastinum,0.5119167566299438,present,Pleural_Thickening,,unavailable,,,not_computed,,"[""Atelectasis"", ""Cardiomegaly"", ""Consolidation"", ""Edema"", ""Pleural Effusion"", ""Pneumonia"", ""Pneumothorax"", ""Fracture"", ""Lung Lesion"", ""Lung Opacity"", ""Enlarged Cardiomediastinum"", ""Pleural Other""]","{""Atelectasis"": 0.7160311937332153, ""Cardiomegaly"": 0.5107219219207764, ""Consolidation"": 0.7156425714492798, ""Edema"": 0.5146934986114502, ""Effusion"": 0.8244434595108032, ""Emphysema"": 0.5041459202766418, ""Enlarged Cardiomediastinum"": 0.6752752065658569, ""Fibrosis"": 0.507975697517395, ""Fracture"": 0.5163959264755249, ""Hernia"": 0.009188029915094376, ""Infiltration"": 0.3625854253768921, ""Lung Lesion"": 0.5106334686279297, ""Lung Opacity"": 0.7363695502281189, ""Mass"": 0.8029440641403198, ""Nodule"": 0.5237115621566772, ""Pleural_Thickening"": 0.5119167566299438, ""Pneumonia"": 0.5106697678565979, ""Pneumothorax"": 0.5201226472854614}",retrieval_agent
patient00147/study9,patient00147/study9/view1_frontal.dcm,/home/jovyan/Desktop/MEDAGENT-X/data/raw/chexpert_plus/dicom_train/patient00147/study9/view1_frontal.dcm,torchxrayvision.DenseNet,densenet121-res224-all,cuda,0.5,0.2,"[""Atelectasis"", ""Consolidation"", ""Infiltration"", ""Pneumothorax"", ""Edema"", ""Emphysema"", ""Fibrosis"", ""Effusion"", ""Pneumonia"", ""Pleural_Thickening"", ""Cardiomegaly"", ""Nodule"", ""Mass"", ""Hernia"", ""Lung Lesion"", ""Fracture"", ""Lung Opacity"", ""Enlarged Cardiomediastinum""]",0.7075982093811035,present,Atelectasis,0.5051685571670532,present,Cardiomegaly,0.7144209146499634,present,Consolidation,0.5249172449111938,present,Edema,0.8018383979797363,present,Effusion,0.5114766359329224,present,Pneumonia,0.533050000667572,present,Pneumothorax,0.5302066802978516,present,Fracture,0.4584174156188965,uncertain,Lung Lesion,0.7701563835144043,present,Lung Opacity,0.5931128859519958,present,Enlarged Cardiomediastinum,0.5172073841094971,present,Pleural_Thickening,,unavailable,,,not_computed,,"[""Atelectasis"", ""Cardiomegaly"", ""Consolidation"", ""Edema"", ""Pleural Effusion"", ""Pneumonia"", ""Pneumothorax"", ""Fracture"", ""Lung Opacity"", ""Enlarged Cardiomediastinum"", ""Pleural Other""]","{""Atelectasis"": 0.7075982093811035, ""Cardiomegaly"": 0.5051685571670532, ""Consolidation"": 0.7144209146499634, ""Edema"": 0.5249172449111938, ""Effusion"": 0.8018383979797363, ""Emphysema"": 0.502039909362793, ""Enlarged Cardiomediastinum"": 0.5931128859519958, ""Fibrosis"": 0.5147951245307922, ""Fracture"": 0.5302066802978516, ""Hernia"": 0.021173754706978798, ""Infiltration"": 0.4099670350551605, ""Lung Lesion"": 0.4584174156188965, ""Lung Opacity"": 0.7701563835144043, ""Mass"": 0.6912994384765625, ""Nodule"": 0.5268354415893555, ""Pleural_Thickening"": 0.5172073841094971, ""Pneumonia"": 0.5114766359329224, ""Pneumothorax"": 0.533050000667572}",retrieval_agent
patient00147/study14,patient00147/study14/view1_frontal.dcm,/home/jovyan/Desktop/MEDAGENT-X/data/raw/chexpert_plus/dicom_train/patient00147/study14/view1_frontal.dcm,torchxrayvision.DenseNet,densenet121-res224-all,cuda,0.5,0.2,"[""Atelectasis"", ""Consolidation"", ""Infiltration"", ""Pneumothorax"", ""Edema"", ""Emphysema"", ""Fibrosis"", ""Effusion"", ""Pneumonia"", ""Pleural_Thickening"", ""Cardiomegaly"", ""Nodule"", ""Mass"", ""Hernia"", ""Lung Lesion"", ""Fracture"", ""Lung Opacity"", ""Enlarged Cardiomediastinum""]",0.6377500295639038,present,Atelectasis,0.3500000536441803,uncertain,Cardiomegaly,0.5936518907546997,present,Consolidation,0.5153601765632629,present,Edema,0.6335747241973877,present,Effusion,0.5128376483917236,present,Pneumonia,0.5473039150238037,present,Pneumothorax,0.5732624530792236,present,Fracture,0.12041175365447998,absent,Lung Lesion,0.7093315720558167,present,Lung Opacity,0.5257052183151245,present,Enlarged Cardiomediastinum,0.528654158115387,present,Pleural_Thickening,,unavailable,,,not_computed,,"[""Atelectasis"", ""Consolidation"", ""Edema"", ""Pleural Effusion"", ""Pneumonia"", ""Pneumothorax"", ""Fracture"", ""Lung Opacity"", ""Enlarged Cardiomediastinum"", ""Pleural Other""]","{""Atelectasis"": 0.6377500295639038, ""Cardiomegaly"": 0.3500000536441803, ""Consolidation"": 0.5936518907546997, ""Edema"": 0.5153601765632629, ""Effusion"": 0.6335747241973877, ""Emphysema"": 0.5071121454238892, ""Enlarged Cardiomediastinum"": 0.5257052183151245, ""Fibrosis"": 0.5121654272079468, ""Fracture"": 0.5732624530792236, ""Hernia"": 0.029288148507475853, ""Infiltration"": 0.5258791446685791, ""Lung Lesion"": 0.12041175365447998, ""Lung Opacity"": 0.7093315720558167, ""Mass"": 0.6037317514419556, ""Nodule"": 0.5278130769729614, ""Pleural_Thickening"": 0.528654158115387, ""Pneumonia"": 0.5128376483917236, ""Pneumothorax"": 0.5473039150238037}",retrieval_agent
patient00147/study11,patient00147/study11/view1_frontal.dcm,/home/jovyan/Desktop/MEDAGENT-X/data/raw/chexpert_plus/dicom_train/patient00147/study11/view1_frontal.dcm,torchxrayvision.DenseNet,densenet121-res224-all,cuda,0.5,0.2,"[""Atelectasis"", ""Consolidation"", ""Infiltration"", ""Pneumothorax"", ""Edema"", ""Emphysema"", ""Fibrosis"", ""Effusion"", ""Pneumonia"", ""Pleural_Thickening"", ""Cardiomegaly"", ""Nodule"", ""Mass"", ""Hernia"", ""Lung Lesion"", ""Fracture"", ""Lung Opacity"", ""Enlarged Cardiomediastinum""]",0.5862227082252502,present,Atelectasis,0.2834242582321167,uncertain,Cardiomegaly,0.5834823250770569,present,Consolidation,0.32003211975097656,uncertain,Edema,0.5683352947235107,present,Effusion,0.3977326452732086,uncertain,Pneumonia,0.5118286609649658,present,Pneumothorax,0.5209063291549683,present,Fracture,0.07288099825382233,absent,Lung Lesion,0.7305699586868286,present,Lung Opacity,0.5520902872085571,present,Enlarged Cardiomediastinum,0.522950291633606,present,Pleural_Thickening,,unavailable,,,not_computed,,"[""Atelectasis"", ""Consolidation"", ""Pleural Effusion"", ""Pneumothorax"", ""Fracture"", ""Lung Opacity"", ""Enlarged Cardiomediastinum"", ""Pleural Other""]","{""Atelectasis"": 0.5862227082252502, ""Cardiomegaly"": 0.2834242582321167, ""Consolidation"": 0.5834823250770569, ""Edema"": 0.32003211975097656, ""Effusion"": 0.5683352947235107, ""Emphysema"": 0.5073094367980957, ""Enlarged Cardiomediastinum"": 0.5520902872085571, ""Fibrosis"": 0.5213313102722168, ""Fracture"": 0.5209063291549683, ""Hernia"": 0.03867601603269577, ""Infiltration"": 0.5486134886741638, ""Lung Lesion"": 0.07288099825382233, ""Lung Opacity"": 0.7305699586868286, ""Mass"": 0.738814115524292, ""Nodule"": 0.5396901369094849, ""Pleural_Thickening"": 0.522950291633606, ""Pneumonia"": 0.3977326452732086, ""Pneumothorax"": 0.5118286609649658}",retrieval_agent
patient00147/study13,patient00147/study13/view1_frontal.dcm,/home/jovyan/Desktop/MEDAGENT-X/data/raw/chexpert_plus/dicom_train/patient00147/study13/view1_frontal.dcm,torchxrayvision.DenseNet,densenet121-res224-all,cuda,0.5,0.2,"[""Atelectasis"", ""Consolidation"", ""Infiltration"", ""Pneumothorax"", ""Edema"", ""Emphysema"", ""Fibrosis"", ""Effusion"", ""Pneumonia"", ""Pleural_Thickening"", ""Cardiomegaly"", ""Nodule"", ""Mass"", ""Hernia"", ""Lung Lesion"", ""Fracture"", ""Lung Opacity"", ""Enlarged Cardiomediastinum""]",0.5237261652946472,present,Atelectasis,0.06560108065605164,absent,Cardiomegaly,0.5590729117393494,present,Consolidation,0.40631991624832153,uncertain,Edema,0.5230674147605896,present,Effusion,0.4810463488101959,uncertain,Pneumonia,0.5186114311218262,present,Pneumothorax,0.5171397924423218,present,Fracture,0.06949065625667572,absent,Lung Lesion,0.7070579528808594,present,Lung Opacity,0.49821916222572327,uncertain,Enlarged Cardiomediastinum,0.520942211151123,present,Pleural_Thickening,,unavailable,,,not_computed,,"[""Atelectasis"", ""Consolidation"", ""Pleural Effusion"", ""Pneumothorax"", ""Fracture"", ""Lung Opacity"", ""Pleural Other""]","{""Atelectasis"": 0.5237261652946472, ""Cardiomegaly"": 0.06560108065605164, ""Consolidation"": 0.5590729117393494, ""Edema"": 0.40631991624832153, ""Effusion"": 0.5230674147605896, ""Emphysema"": 0.50322425365448, ""Enlarged Cardiomediastinum"": 0.49821916222572327, ""Fibrosis"": 0.5156369209289551, ""Fracture"": 0.5171397924423218, ""Hernia"": 0.05787619948387146, ""Infiltration"": 0.5847294330596924, ""Lung Lesion"": 0.06949065625667572, ""Lung Opacity"": 0.7070579528808594, ""Mass"": 0.6079311370849609, ""Nodule"": 0.5574746131896973, ""Pleural_Thickening"": 0.520942211151123, ""Pneumonia"": 0.4810463488101959, ""Pneumothorax"": 0.5186114311218262}",retrieval_agent
patient00147/study6,patient00147/study6/view1_frontal.dcm,/home/jovyan/Desktop/MEDAGENT-X/data/raw/chexpert_plus/dicom_train/patient00147/study6/view1_frontal.dcm,torchxrayvision.DenseNet,densenet121-res224-all,cuda,0.5,0.2,"[""Atelectasis"", ""Consolidation"", ""Infiltration"", ""Pneumothorax"", ""Edema"", ""Emphysema"", ""Fibrosis"", ""Effusion"", ""Pneumonia"", ""Pleural_Thickening"", ""Cardiomegaly"", ""Nodule"", ""Mass"", ""Hernia"", ""Lung Lesion"", ""Fracture"", ""Lung Opacity"", ""Enlarged Cardiomediastinum""]",0.5916299819946289,present,Atelectasis,0.19550785422325134,absent,Cardiomegaly,0.582619309425354,present,Consolidation,0.5032786130905151,present,Edema,0.5397514700889587,present,Effusion,0.4280041754245758,uncertain,Pneumonia,0.5147141814231873,present,Pneumothorax,0.5125371217727661,present,Fracture,0.08065446466207504,absent,Lung Lesion,0.7169554233551025,present,Lung Opacity,0.5271989703178406,present,Enlarged Cardiomediastinum,0.5157680511474609,present,Pleural_Thickening,,unavailable,,,not_computed,,"[""Atelectasis"", ""Consolidation"", ""Edema"", ""Pleural Effusion"", ""Pneumothorax"", ""Fracture"", ""Lung Opacity"", ""Enlarged Cardiomediastinum"", ""Pleural Other""]","{""Atelectasis"": 0.5916299819946289, ""Cardiomegaly"": 0.19550785422325134, ""Consolidation"": 0.582619309425354, ""Edema"": 0.5032786130905151, ""Effusion"": 0.5397514700889587, ""Emphysema"": 0.503635048866272, ""Enlarged Cardiomediastinum"": 0.5271989703178406, ""Fibrosis"": 0.5127286314964294, ""Fracture"": 0.5125371217727661, ""Hernia"": 0.02612561546266079, ""Infiltration"": 0.5129712820053101, ""Lung Lesion"": 0.08065446466207504, ""Lung Opacity"": 0.7169554233551025, ""Mass"": 0.6655686497688293, ""Nodule"": 0.5264375805854797, ""Pleural_Thickening"": 0.5157680511474609, ""Pneumonia"": 0.4280041754245758, ""Pneumothorax"": 0.5147141814231873}",retrieval_agent
patient00147/study7,patient00147/study7/view1_frontal.dcm,/home/jovyan/Desktop/MEDAGENT-X/data/raw/chexpert_plus/dicom_train/patient00147/study7/view1_frontal.dcm,torchxrayvision.DenseNet,densenet121-res224-all,cuda,0.5,0.2,"[""Atelectasis"", ""Consolidation"", ""Infiltration"", ""Pneumothorax"", ""Edema"", ""Emphysema"", ""Fibrosis"", ""Effusion"", ""Pneumonia"", ""Pleural_Thickening"", ""Cardiomegaly"", ""Nodule"", ""Mass"", ""Hernia"", ""Lung Lesion"", ""Fracture"", ""Lung Opacity"", ""Enlarged Cardiomediastinum""]",0.6879717111587524,present,Atelectasis,0.34736013412475586,uncertain,Cardiomegaly,0.6497220396995544,present,Consolidation,0.4788384437561035,uncertain,Edema,0.6936275959014893,present,Effusion,0.273356556892395,uncertain,Pneumonia,0.5731099843978882,present,Pneumothorax,0.5472646355628967,present,Fracture,0.45484328269958496,uncertain,Lung Lesion,0.6488337516784668,present,Lung Opacity,0.5710970163345337,present,Enlarged Cardiomediastinum,0.5636796951293945,present,Pleural_Thickening,,unavailable,,,not_computed,,"[""Atelectasis"", ""Consolidation"", ""Pleural Effusion"", ""Pneumothorax"", ""Fracture"", ""Lung Opacity"", ""Enlarged Cardiomediastinum"", ""Pleural Other""]","{""Atelectasis"": 0.6879717111587524, ""Cardiomegaly"": 0.34736013412475586, ""Consolidation"": 0.6497220396995544, ""Edema"": 0.4788384437561035, ""Effusion"": 0.6936275959014893, ""Emphysema"": 0.5043790936470032, ""Enlarged Cardiomediastinum"": 0.5710970163345337, ""Fibrosis"": 0.5111287832260132, ""Fracture"": 0.5472646355628967, ""Hernia"": 0.039709627628326416, ""Infiltration"": 0.49547603726387024, ""Lung Lesion"": 0.45484328269958496, ""Lung Opacity"": 0.6488337516784668, ""Mass"": 0.7100014686584473, ""Nodule"": 0.5209697484970093, ""Pleural_Thickening"": 0.5636796951293945, ""Pneumonia"": 0.273356556892395, ""Pneumothorax"": 0.5731099843978882}",retrieval_agent
patient00147/study3,patient00147/study3/view1_frontal.dcm,/home/jovyan/Desktop/MEDAGENT-X/data/raw/chexpert_plus/dicom_train/patient00147/study3/view1_frontal.dcm,torchxrayvision.DenseNet,densenet121-res224-all,cuda,0.5,0.2,"[""Atelectasis"", ""Consolidation"", ""Infiltration"", ""Pneumothorax"", ""Edema"", ""Emphysema"", ""Fibrosis"", ""Effusion"", ""Pneumonia"", ""Pleural_Thickening"", ""Cardiomegaly"", ""Nodule"", ""Mass"", ""Hernia"", ""Lung Lesion"", ""Fracture"", ""Lung Opacity"", ""Enlarged Cardiomediastinum""]",0.5742368698120117,present,Atelectasis,0.1777210235595703,absent,Cardiomegaly,0.5920990109443665,present,Consolidation,0.5068439841270447,present,Edema,0.6317532658576965,present,Effusion,0.15641218423843384,absent,Pneumonia,0.5367563962936401,present,Pneumothorax,0.5105526447296143,present,Fracture,0.1890665888786316,absent,Lung Lesion,0.8188773393630981,present,Lung Opacity,0.5169745683670044,present,Enlarged Cardiomediastinum,0.5207682847976685,present,Pleural_Thickening,,unavailable,,,not_computed,,"[""Atelectasis"", ""Consolidation"", ""Edema"", ""Pleural Effusion"", ""Pneumothorax"", ""Fracture"", ""Lung Opacity"", ""Enlarged Cardiomediastinum"", ""Pleural Other""]","{""Atelectasis"": 0.5742368698120117, ""Cardiomegaly"": 0.1777210235595703, ""Consolidation"": 0.5920990109443665, ""Edema"": 0.5068439841270447, ""Effusion"": 0.6317532658576965, ""Emphysema"": 0.5023078322410583, ""Enlarged Cardiomediastinum"": 0.5169745683670044, ""Fibrosis"": 0.5133471488952637, ""Fracture"": 0.5105526447296143, ""Hernia"": 0.02388186566531658, ""Infiltration"": 0.56557697057724, ""Lung Lesion"": 0.1890665888786316, ""Lung Opacity"": 0.8188773393630981, ""Mass"": 0.618152379989624, ""Nodule"": 0.5418581366539001, ""Pleural_Thickening"": 0.5207682847976685, ""Pneumonia"": 0.15641218423843384, ""Pneumothorax"": 0.5367563962936401}",retrieval_agent
patient00147/study8,patient00147/study8/view1_frontal.dcm,/home/jovyan/Desktop/MEDAGENT-X/data/raw/chexpert_plus/dicom_train/patient00147/study8/view1_frontal.dcm,torchxrayvision.DenseNet,densenet121-res224-all,cuda,0.5,0.2,"[""Atelectasis"", ""Consolidation"", ""Infiltration"", ""Pneumothorax"", ""Edema"", ""Emphysema"", ""Fibrosis"", ""Effusion"", ""Pneumonia"", ""Pleural_Thickening"", ""Cardiomegaly"", ""Nodule"", ""Mass"", ""Hernia"", ""Lung Lesion"", ""Fracture"", ""Lung Opacity"", ""Enlarged Cardiomediastinum""]",0.5793005228042603,present,Atelectasis,0.07254645228385925,absent,Cardiomegaly,0.5859345197677612,present,Consolidation,0.21460038423538208,uncertain,Edema,0.5635162591934204,present,Effusion,0.2378135472536087,uncertain,Pneumonia,0.5288680791854858,present,Pneumothorax,0.5178704857826233,present,Fracture,0.12519162893295288,absent,Lung Lesion,0.6515812873840332,present,Lung Opacity,0.5204017758369446,present,Enlarged Cardiomediastinum,0.5175723433494568,present,Pleural_Thickening,,unavailable,,,not_computed,,"[""Atelectasis"", ""Consolidation"", ""Pleural Effusion"", ""Pneumothorax"", ""Fracture"", ""Lung Opacity"", ""Enlarged Cardiomediastinum"", ""Pleural Other""]","{""Atelectasis"": 0.5793005228042603, ""Cardiomegaly"": 0.07254645228385925, ""Consolidation"": 0.5859345197677612, ""Edema"": 0.21460038423538208, ""Effusion"": 0.5635162591934204, ""Emphysema"": 0.5017247200012207, ""Enlarged Cardiomediastinum"": 0.5204017758369446, ""Fibrosis"": 0.5056052207946777, ""Fracture"": 0.5178704857826233, ""Hernia"": 0.018282491713762283, ""Infiltration"": 0.4813308119773865, ""Lung Lesion"": 0.12519162893295288, ""Lung Opacity"": 0.6515812873840332, ""Mass"": 0.768150806427002, ""Nodule"": 0.5274860858917236, ""Pleural_Thickening"": 0.5175723433494568, ""Pneumonia"": 0.2378135472536087, ""Pneumothorax"": 0.5288680791854858}",retrieval_agent
patient00147/study12,patient00147/study12/view1_frontal.dcm,/home/jovyan/Desktop/MEDAGENT-X/data/raw/chexpert_plus/dicom_train/patient00147/study12/view1_frontal.dcm,torchxrayvision.DenseNet,densenet121-res224-all,cuda,0.5,0.2,"[""Atelectasis"", ""Consolidation"", ""Infiltration"", ""Pneumothorax"", ""Edema"", ""Emphysema"", ""Fibrosis"", ""Effusion"", ""Pneumonia"", ""Pleural_Thickening"", ""Cardiomegaly"", ""Nodule"", ""Mass"", ""Hernia"", ""Lung Lesion"", ""Fracture"", ""Lung Opacity"", ""Enlarged Cardiomediastinum""]",0.5325225591659546,present,Atelectasis,0.036707766354084015,absent,Cardiomegaly,0.5657200813293457,present,Consolidation,0.2845441997051239,uncertain,Edema,0.5385051965713501,present,Effusion,0.14809712767601013,absent,Pneumonia,0.5163587331771851,present,Pneumothorax,0.507675290107727,present,Fracture,0.06998210400342941,absent,Lung Lesion,0.635242223739624,present,Lung Opacity,0.5067389011383057,present,Enlarged Cardiomediastinum,0.5139057040214539,present,Pleural_Thickening,,unavailable,,,not_computed,,"[""Atelectasis"", ""Consolidation"", ""Pleural Effusion"", ""Pneumothorax"", ""Fracture"", ""Lung Opacity"", ""Enlarged Cardiomediastinum"", ""Pleural Other""]","{""Atelectasis"": 0.5325225591659546, ""Cardiomegaly"": 0.036707766354084015, ""Consolidation"": 0.5657200813293457, ""Edema"": 0.2845441997051239, ""Effusion"": 0.5385051965713501, ""Emphysema"": 0.5007679462432861, ""Enlarged Cardiomediastinum"": 0.5067389011383057, ""Fibrosis"": 0.5021095871925354, ""Fracture"": 0.507675290107727, ""Hernia"": 0.01633036509156227, ""Infiltration"": 0.3866228461265564, ""Lung Lesion"": 0.06998210400342941, ""Lung Opacity"": 0.635242223739624, ""Mass"": 0.6266444325447083, ""Nodule"": 0.5170644521713257, ""Pleural_Thickening"": 0.5139057040214539, ""Pneumonia"": 0.14809712767601013, ""Pneumothorax"": 0.5163587331771851}",retrieval_agent
patient00147/study5,patient00147/study5/view1_frontal.dcm,/home/jovyan/Desktop/MEDAGENT-X/data/raw/chexpert_plus/dicom_train/patient00147/study5/view1_frontal.dcm,torchxrayvision.DenseNet,densenet121-res224-all,cuda,0.5,0.2,"[""Atelectasis"", ""Consolidation"", ""Infiltration"", ""Pneumothorax"", ""Edema"", ""Emphysema"", ""Fibrosis"", ""Effusion"", ""Pneumonia"", ""Pleural_Thickening"", ""Cardiomegaly"", ""Nodule"", ""Mass"", ""Hernia"", ""Lung Lesion"", ""Fracture"", ""Lung Opacity"", ""Enlarged Cardiomediastinum""]",0.525533139705658,present,Atelectasis,0.2291685789823532,uncertain,Cardiomegaly,0.5704671144485474,present,Consolidation,0.5027809143066406,present,Edema,0.5021995902061462,present,Effusion,0.5395430326461792,present,Pneumonia,0.4288977384567261,uncertain,Pneumothorax,0.42926427721977234,uncertain,Fracture,0.01004934310913086,absent,Lung Lesion,0.7699325680732727,present,Lung Opacity,0.37296831607818604,uncertain,Enlarged Cardiomediastinum,0.5074796676635742,present,Pleural_Thickening,,unavailable,,,not_computed,,"[""Atelectasis"", ""Consolidation"", ""Edema"", ""Pleural Effusion"", ""Pneumonia"", ""Lung Opacity"", ""Pleural Other""]","{""Atelectasis"": 0.525533139705658, ""Cardiomegaly"": 0.2291685789823532, ""Consolidation"": 0.5704671144485474, ""Edema"": 0.5027809143066406, ""Effusion"": 0.5021995902061462, ""Emphysema"": 0.5012805461883545, ""Enlarged Cardiomediastinum"": 0.37296831607818604, ""Fibrosis"": 0.5137289762496948, ""Fracture"": 0.42926427721977234, ""Hernia"": 0.033202070742845535, ""Infiltration"": 0.5585368871688843, ""Lung Lesion"": 0.01004934310913086, ""Lung Opacity"": 0.7699325680732727, ""Mass"": 0.5545066595077515, ""Nodule"": 0.5340138673782349, ""Pleural_Thickening"": 0.5074796676635742, ""Pneumonia"": 0.5395430326461792, ""Pneumothorax"": 0.4288977384567261}",retrieval_agent
patient00147/study15,patient00147/study15/view1_frontal.dcm,/home/jovyan/Desktop/MEDAGENT-X/data/raw/chexpert_plus/dicom_train/patient00147/study15/view1_frontal.dcm,torchxrayvision.DenseNet,densenet121-res224-all,cuda,0.5,0.2,"[""Atelectasis"", ""Consolidation"", ""Infiltration"", ""Pneumothorax"", ""Edema"", ""Emphysema"", ""Fibrosis"", ""Effusion"", ""Pneumonia"", ""Pleural_Thickening"", ""Cardiomegaly"", ""Nodule"", ""Mass"", ""Hernia"", ""Lung Lesion"", ""Fracture"", ""Lung Opacity"", ""Enlarged Cardiomediastinum""]",0.5561266541481018,present,Atelectasis,0.1448308527469635,absent,Cardiomegaly,0.5307044982910156,present,Consolidation,0.1604902446269989,absent,Edema,0.5514523983001709,present,Effusion,0.14988337457180023,absent,Pneumonia,0.508392333984375,present,Pneumothorax,0.5226043462753296,present,Fracture,0.03664473816752434,absent,Lung Lesion,0.5561283826828003,present,Lung Opacity,0.439433217048645,uncertain,Enlarged Cardiomediastinum,0.5235713720321655,present,Pleural_Thickening,,unavailable,,,not_computed,,"[""Atelectasis"", ""Consolidation"", ""Pleural Effusion"", ""Pneumothorax"", ""Fracture"", ""Lung Opacity"", ""Pleural Other""]","{""Atelectasis"": 0.5561266541481018, ""Cardiomegaly"": 0.1448308527469635, ""Consolidation"": 0.5307044982910156, ""Edema"": 0.1604902446269989, ""Effusion"": 0.5514523983001709, ""Emphysema"": 0.5088174939155579, ""Enlarged Cardiomediastinum"": 0.439433217048645, ""Fibrosis"": 0.5181753635406494, ""Fracture"": 0.5226043462753296, ""Hernia"": 0.12971468269824982, ""Infiltration"": 0.5080534219741821, ""Lung Lesion"": 0.03664473816752434, ""Lung Opacity"": 0.5561283826828003, ""Mass"": 0.5936089754104614, ""Nodule"": 0.526881217956543, ""Pleural_Thickening"": 0.5235713720321655, ""Pneumonia"": 0.14988337457180023, ""Pneumothorax"": 0.508392333984375}",retrieval_agent
patient00147/study10,patient00147/study10/view1_frontal.dcm,/home/jovyan/Desktop/MEDAGENT-X/data/raw/chexpert_plus/dicom_train/patient00147/study10/view1_frontal.dcm,torchxrayvision.DenseNet,densenet121-res224-all,cuda,0.5,0.2,"[""Atelectasis"", ""Consolidation"", ""Infiltration"", ""Pneumothorax"", ""Edema"", ""Emphysema"", ""Fibrosis"", ""Effusion"", ""Pneumonia"", ""Pleural_Thickening"", ""Cardiomegaly"", ""Nodule"", ""Mass"", ""Hernia"", ""Lung Lesion"", ""Fracture"", ""Lung Opacity"", ""Enlarged Cardiomediastinum""]",0.5685123801231384,present,Atelectasis,0.509726881980896,present,Cardiomegaly,0.6270304918289185,present,Consolidation,0.5202859044075012,present,Edema,0.5717573165893555,present,Effusion,0.5054972767829895,present,Pneumonia,0.5190665125846863,present,Pneumothorax,0.5234242677688599,present,Fracture,0.16251470148563385,absent,Lung Lesion,0.8174346685409546,present,Lung Opacity,0.558452844619751,present,Enlarged Cardiomediastinum,0.5121787786483765,present,Pleural_Thickening,,unavailable,,,not_computed,,"[""Atelectasis"", ""Cardiomegaly"", ""Consolidation"", ""Edema"", ""Pleural Effusion"", ""Pneumonia"", ""Pneumothorax"", ""Fracture"", ""Lung Opacity"", ""Enlarged Cardiomediastinum"", ""Pleural Other""]","{""Atelectasis"": 0.5685123801231384, ""Cardiomegaly"": 0.509726881980896, ""Consolidation"": 0.6270304918289185, ""Edema"": 0.5202859044075012, ""Effusion"": 0.5717573165893555, ""Emphysema"": 0.503612756729126, ""Enlarged Cardiomediastinum"": 0.558452844619751, ""Fibrosis"": 0.5174360275268555, ""Fracture"": 0.5234242677688599, ""Hernia"": 0.041725534945726395, ""Infiltration"": 0.6153936386108398, ""Lung Lesion"": 0.16251470148563385, ""Lung Opacity"": 0.8174346685409546, ""Mass"": 0.6122084856033325, ""Nodule"": 0.5614001750946045, ""Pleural_Thickening"": 0.5121787786483765, ""Pneumonia"": 0.5054972767829895, ""Pneumothorax"": 0.5190665125846863}",retrieval_agent
patient00147/study2,patient00147/study2/view1_frontal.dcm,/home/jovyan/Desktop/MEDAGENT-X/data/raw/chexpert_plus/dicom_train/patient00147/study2/view1_frontal.dcm,torchxrayvision.DenseNet,densenet121-res224-all,cuda,0.5,0.2,"[""Atelectasis"", ""Consolidation"", ""Infiltration"", ""Pneumothorax"", ""Edema"", ""Emphysema"", ""Fibrosis"", ""Effusion"", ""Pneumonia"", ""Pleural_Thickening"", ""Cardiomegaly"", ""Nodule"", ""Mass"", ""Hernia"", ""Lung Lesion"", ""Fracture"", ""Lung Opacity"", ""Enlarged Cardiomediastinum""]",0.6134331226348877,present,Atelectasis,0.26150232553482056,uncertain,Cardiomegaly,0.6184663772583008,present,Consolidation,0.5162103772163391,present,Edema,0.7217620611190796,present,Effusion,0.41934850811958313,uncertain,Pneumonia,0.5367183685302734,present,Pneumothorax,0.5079857707023621,present,Fracture,0.5199446082115173,present,Lung Lesion,0.7267172932624817,present,Lung Opacity,0.5766147375106812,present,Enlarged Cardiomediastinum,0.5562588572502136,present,Pleural_Thickening,,unavailable,,,not_computed,,"[""Atelectasis"", ""Consolidation"", ""Edema"", ""Pleural Effusion"", ""Pneumothorax"", ""Fracture"", ""Lung Lesion"", ""Lung Opacity"", ""Enlarged Cardiomediastinum"", ""Pleural Other""]","{""Atelectasis"": 0.6134331226348877, ""Cardiomegaly"": 0.26150232553482056, ""Consolidation"": 0.6184663772583008, ""Edema"": 0.5162103772163391, ""Effusion"": 0.7217620611190796, ""Emphysema"": 0.5033103227615356, ""Enlarged Cardiomediastinum"": 0.5766147375106812, ""Fibrosis"": 0.5173453688621521, ""Fracture"": 0.5079857707023621, ""Hernia"": 0.013960642740130424, ""Infiltration"": 0.5877748727798462, ""Lung Lesion"": 0.5199446082115173, ""Lung Opacity"": 0.7267172932624817, ""Mass"": 0.6948227882385254, ""Nodule"": 0.5574679374694824, ""Pleural_Thickening"": 0.5562588572502136, ""Pneumonia"": 0.41934850811958313, ""Pneumothorax"": 0.5367183685302734}",retrieval_agent
patient00147/study4,patient00147/study4/view1_frontal.dcm,/home/jovyan/Desktop/MEDAGENT-X/data/raw/chexpert_plus/dicom_train/patient00147/study4/view1_frontal.dcm,torchxrayvision.DenseNet,densenet121-res224-all,cuda,0.5,0.2,"[""Atelectasis"", ""Consolidation"", ""Infiltration"", ""Pneumothorax"", ""Edema"", ""Emphysema"", ""Fibrosis"", ""Effusion"", ""Pneumonia"", ""Pleural_Thickening"", ""Cardiomegaly"", ""Nodule"", ""Mass"", ""Hernia"", ""Lung Lesion"", ""Fracture"", ""Lung Opacity"", ""Enlarged Cardiomediastinum""]",0.5594278573989868,present,Atelectasis,0.2660631835460663,uncertain,Cardiomegaly,0.532870888710022,present,Consolidation,0.4717538356781006,uncertain,Edema,0.5480456352233887,present,Effusion,0.39727410674095154,uncertain,Pneumonia,0.32617276906967163,uncertain,Pneumothorax,0.5060034990310669,present,Fracture,0.008602059446275234,absent,Lung Lesion,0.6668654680252075,present,Lung Opacity,0.32967329025268555,uncertain,Enlarged Cardiomediastinum,0.42959195375442505,uncertain,Pleural_Thickening,,unavailable,,,not_computed,,"[""Atelectasis"", ""Consolidation"", ""Pleural Effusion"", ""Fracture"", ""Lung Opacity""]","{""Atelectasis"": 0.5594278573989868, ""Cardiomegaly"": 0.2660631835460663, ""Consolidation"": 0.532870888710022, ""Edema"": 0.4717538356781006, ""Effusion"": 0.5480456352233887, ""Emphysema"": 0.5000031590461731, ""Enlarged Cardiomediastinum"": 0.32967329025268555, ""Fibrosis"": 0.5028191208839417, ""Fracture"": 0.5060034990310669, ""Hernia"": 0.243462473154068, ""Infiltration"": 0.5206737518310547, ""Lung Lesion"": 0.008602059446275234, ""Lung Opacity"": 0.6668654680252075, ""Mass"": 0.5402429103851318, ""Nodule"": 0.507965624332428, ""Pleural_Thickening"": 0.42959195375442505, ""Pneumonia"": 0.39727410674095154, ""Pneumothorax"": 0.32617276906967163}",retrieval_agent
patient00150/study1,patient00150/study1/view1_frontal.dcm,/home/jovyan/Desktop/MEDAGENT-X/data/raw/chexpert_plus/dicom_train/patient00150/study1/view1_frontal.dcm,torchxrayvision.DenseNet,densenet121-res224-all,cuda,0.5,0.2,"[""Atelectasis"", ""Consolidation"", ""Infiltration"", ""Pneumothorax"", ""Edema"", ""Emphysema"", ""Fibrosis"", ""Effusion"", ""Pneumonia"", ""Pleural_Thickening"", ""Cardiomegaly"", ""Nodule"", ""Mass"", ""Hernia"", ""Lung Lesion"", ""Fracture"", ""Lung Opacity"", ""Enlarged Cardiomediastinum""]",0.5779955387115479,present,Atelectasis,0.03200506791472435,absent,Cardiomegaly,0.5210732221603394,present,Consolidation,0.5180812478065491,present,Edema,0.5050526857376099,present,Effusion,0.5114181041717529,present,Pneumonia,0.5110511183738708,present,Pneumothorax,0.5270872116088867,present,Fracture,0.1569775640964508,absent,Lung Lesion,0.5477160215377808,present,Lung Opacity,0.25412705540657043,uncertain,Enlarged Cardiomediastinum,0.3720865845680237,uncertain,Pleural_Thickening,,unavailable,,,not_computed,,"[""Atelectasis"", ""Consolidation"", ""Edema"", ""Pleural Effusion"", ""Pneumonia"", ""Pneumothorax"", ""Fracture"", ""Lung Opacity""]","{""Atelectasis"": 0.5779955387115479, ""Cardiomegaly"": 0.03200506791472435, ""Consolidation"": 0.5210732221603394, ""Edema"": 0.5180812478065491, ""Effusion"": 0.5050526857376099, ""Emphysema"": 0.5017192363739014, ""Enlarged Cardiomediastinum"": 0.25412705540657043, ""Fibrosis"": 0.5062695741653442, ""Fracture"": 0.5270872116088867, ""Hernia"": 0.34772270917892456, ""Infiltration"": 0.5221548080444336, ""Lung Lesion"": 0.1569775640964508, ""Lung Opacity"": 0.5477160215377808, ""Mass"": 0.5115349292755127, ""Nodule"": 0.5260436534881592, ""Pleural_Thickening"": 0.3720865845680237, ""Pneumonia"": 0.5114181041717529, ""Pneumothorax"": 0.5110511183738708}",retrieval_agent
patient00150/study3,patient00150/study3/view1_frontal.dcm,/home/jovyan/Desktop/MEDAGENT-X/data/raw/chexpert_plus/dicom_train/patient00150/study3/view1_frontal.dcm,torchxrayvision.DenseNet,densenet121-res224-all,cuda,0.5,0.2,"[""Atelectasis"", ""Consolidation"", ""Infiltration"", ""Pneumothorax"", ""Edema"", ""Emphysema"", ""Fibrosis"", ""Effusion"", ""Pneumonia"", ""Pleural_Thickening"", ""Cardiomegaly"", ""Nodule"", ""Mass"", ""Hernia"", ""Lung Lesion"", ""Fracture"", ""Lung Opacity"", ""Enlarged Cardiomediastinum""]",0.6639543175697327,present,Atelectasis,0.14862465858459473,absent,Cardiomegaly,0.5555145740509033,present,Consolidation,0.5039916038513184,present,Edema,0.5849748253822327,present,Effusion,0.34383997321128845,uncertain,Pneumonia,0.5105507969856262,present,Pneumothorax,0.520896315574646,present,Fracture,0.17904555797576904,absent,Lung Lesion,0.6667850017547607,present,Lung Opacity,0.5100103616714478,present,Enlarged Cardiomediastinum,0.5051514506340027,present,Pleural_Thickening,,unavailable,,,not_computed,,"[""Atelectasis"", ""Consolidation"", ""Edema"", ""Pleural Effusion"", ""Pneumothorax"", ""Fracture"", ""Lung Opacity"", ""Enlarged Cardiomediastinum"", ""Pleural Other""]","{""Atelectasis"": 0.6639543175697327, ""Cardiomegaly"": 0.14862465858459473, ""Consolidation"": 0.5555145740509033, ""Edema"": 0.5039916038513184, ""Effusion"": 0.5849748253822327, ""Emphysema"": 0.5000693202018738, ""Enlarged Cardiomediastinum"": 0.5100103616714478, ""Fibrosis"": 0.5030981302261353, ""Fracture"": 0.520896315574646, ""Hernia"": 0.5201221704483032, ""Infiltration"": 0.567694902420044, ""Lung Lesion"": 0.17904555797576904, ""Lung Opacity"": 0.6667850017547607, ""Mass"": 0.6151746511459351, ""Nodule"": 0.5183637142181396, ""Pleural_Thickening"": 0.5051514506340027, ""Pneumonia"": 0.34383997321128845, ""Pneumothorax"": 0.5105507969856262}",retrieval_agent
patient00150/study2,patient00150/study2/view1_frontal.dcm,/home/jovyan/Desktop/MEDAGENT-X/data/raw/chexpert_plus/dicom_train/patient00150/study2/view1_frontal.dcm,torchxrayvision.DenseNet,densenet121-res224-all,cuda,0.5,0.2,"[""Atelectasis"", ""Consolidation"", ""Infiltration"", ""Pneumothorax"", ""Edema"", ""Emphysema"", ""Fibrosis"", ""Effusion"", ""Pneumonia"", ""Pleural_Thickening"", ""Cardiomegaly"", ""Nodule"", ""Mass"", ""Hernia"", ""Lung Lesion"", ""Fracture"", ""Lung Opacity"", ""Enlarged Cardiomediastinum""]",0.5651412010192871,present,Atelectasis,0.1481887698173523,absent,Cardiomegaly,0.5414613485336304,present,Consolidation,0.13537028431892395,absent,Edema,0.5817548632621765,present,Effusion,0.12507228553295135,absent,Pneumonia,0.5033308267593384,present,Pneumothorax,0.5115854740142822,present,Fracture,0.015836143866181374,absent,Lung Lesion,0.6736068725585938,present,Lung Opacity,0.5064734220504761,present,Enlarged Cardiomediastinum,0.5079177618026733,present,Pleural_Thickening,,unavailable,,,not_computed,,"[""Atelectasis"", ""Consolidation"", ""Pleural Effusion"", ""Pneumothorax"", ""Fracture"", ""Lung Opacity"", ""Enlarged Cardiomediastinum"", ""Pleural Other""]","{""Atelectasis"": 0.5651412010192871, ""Cardiomegaly"": 0.1481887698173523, ""Consolidation"": 0.5414613485336304, ""Edema"": 0.13537028431892395, ""Effusion"": 0.5817548632621765, ""Emphysema"": 0.5004620552062988, ""Enlarged Cardiomediastinum"": 0.5064734220504761, ""Fibrosis"": 0.5024605989456177, ""Fracture"": 0.5115854740142822, ""Hernia"": 0.06763733923435211, ""Infiltration"": 0.5208027362823486, ""Lung Lesion"": 0.015836143866181374, ""Lung Opacity"": 0.6736068725585938, ""Mass"": 0.5746630430221558, ""Nodule"": 0.5164130330085754, ""Pleural_Thickening"": 0.5079177618026733, ""Pneumonia"": 0.12507228553295135, ""Pneumothorax"": 0.5033308267593384}",retrieval_agent
patient00157/study1,patient00157/study1/view1_frontal.dcm,/home/jovyan/Desktop/MEDAGENT-X/data/raw/chexpert_plus/dicom_train/patient00157/study1/view1_frontal.dcm,torchxrayvision.DenseNet,densenet121-res224-all,cuda,0.5,0.2,"[""Atelectasis"", ""Consolidation"", ""Infiltration"", ""Pneumothorax"", ""Edema"", ""Emphysema"", ""Fibrosis"", ""Effusion"", ""Pneumonia"", ""Pleural_Thickening"", ""Cardiomegaly"", ""Nodule"", ""Mass"", ""Hernia"", ""Lung Lesion"", ""Fracture"", ""Lung Opacity"", ""Enlarged Cardiomediastinum""]",0.5275234580039978,present,Atelectasis,0.6419320106506348,present,Cardiomegaly,0.509797215461731,present,Consolidation,0.5043292045593262,present,Edema,0.44875746965408325,uncertain,Effusion,0.059357836842536926,absent,Pneumonia,0.09089925140142441,absent,Pneumothorax,0.22097572684288025,uncertain,Fracture,0.021520061418414116,absent,Lung Lesion,0.5578752756118774,present,Lung Opacity,0.5161527991294861,present,Enlarged Cardiomediastinum,0.20092353224754333,uncertain,Pleural_Thickening,,unavailable,,,not_computed,,"[""Atelectasis"", ""Cardiomegaly"", ""Consolidation"", ""Edema"", ""Lung Opacity"", ""Enlarged Cardiomediastinum""]","{""Atelectasis"": 0.5275234580039978, ""Cardiomegaly"": 0.6419320106506348, ""Consolidation"": 0.509797215461731, ""Edema"": 0.5043292045593262, ""Effusion"": 0.44875746965408325, ""Emphysema"": 0.16929645836353302, ""Enlarged Cardiomediastinum"": 0.5161527991294861, ""Fibrosis"": 0.5012549161911011, ""Fracture"": 0.22097572684288025, ""Hernia"": 0.1583530753850937, ""Infiltration"": 0.45776331424713135, ""Lung Lesion"": 0.021520061418414116, ""Lung Opacity"": 0.5578752756118774, ""Mass"": 0.5065462589263916, ""Nodule"": 0.3961344361305237, ""Pleural_Thickening"": 0.20092353224754333, ""Pneumonia"": 0.059357836842536926, ""Pneumothorax"": 0.09089925140142441}",retrieval_agent
patient00159/study1,patient00159/study1/view2_lateral.dcm,/home/jovyan/Desktop/MEDAGENT-X/data/raw/chexpert_plus/dicom_train/patient00159/study1/view2_lateral.dcm,torchxrayvision.DenseNet,densenet121-res224-all,cuda,0.5,0.2,"[""Atelectasis"", ""Consolidation"", ""Infiltration"", ""Pneumothorax"", ""Edema"", ""Emphysema"", ""Fibrosis"", ""Effusion"", ""Pneumonia"", ""Pleural_Thickening"", ""Cardiomegaly"", ""Nodule"", ""Mass"", ""Hernia"", ""Lung Lesion"", ""Fracture"", ""Lung Opacity"", ""Enlarged Cardiomediastinum""]",0.24365349113941193,uncertain,Atelectasis,0.06201663985848427,absent,Cardiomegaly,0.5024285316467285,present,Consolidation,0.010707002133131027,absent,Edema,0.1888032853603363,absent,Effusion,0.09439658373594284,absent,Pneumonia,0.3625584542751312,uncertain,Pneumothorax,0.39296388626098633,uncertain,Fracture,0.001142262713983655,absent,Lung Lesion,0.5997998714447021,present,Lung Opacity,0.23863840103149414,uncertain,Enlarged Cardiomediastinum,0.3757157325744629,uncertain,Pleural_Thickening,,unavailable,,,not_computed,,"[""Consolidation"", ""Lung Opacity""]","{""Atelectasis"": 0.24365349113941193, ""Cardiomegaly"": 0.06201663985848427, ""Consolidation"": 0.5024285316467285, ""Edema"": 0.010707002133131027, ""Effusion"": 0.1888032853603363, ""Emphysema"": 0.36485999822616577, ""Enlarged Cardiomediastinum"": 0.23863840103149414, ""Fibrosis"": 0.5012998580932617, ""Fracture"": 0.39296388626098633, ""Hernia"": 0.023642677813768387, ""Infiltration"": 0.5094350576400757, ""Lung Lesion"": 0.001142262713983655, ""Lung Opacity"": 0.5997998714447021, ""Mass"": 0.5069022178649902, ""Nodule"": 0.3725530803203583, ""Pleural_Thickening"": 0.3757157325744629, ""Pneumonia"": 0.09439658373594284, ""Pneumothorax"": 0.3625584542751312}",retrieval_agent
patient00162/study1,patient00162/study1/view1_frontal.dcm,/home/jovyan/Desktop/MEDAGENT-X/data/raw/chexpert_plus/dicom_train/patient00162/study1/view1_frontal.dcm,torchxrayvision.DenseNet,densenet121-res224-all,cuda,0.5,0.2,"[""Atelectasis"", ""Consolidation"", ""Infiltration"", ""Pneumothorax"", ""Edema"", ""Emphysema"", ""Fibrosis"", ""Effusion"", ""Pneumonia"", ""Pleural_Thickening"", ""Cardiomegaly"", ""Nodule"", ""Mass"", ""Hernia"", ""Lung Lesion"", ""Fracture"", ""Lung Opacity"", ""Enlarged Cardiomediastinum""]",0.688122570514679,present,Atelectasis,0.7003198862075806,present,Cardiomegaly,0.5752453207969666,present,Consolidation,0.37197399139404297,uncertain,Edema,0.8548239469528198,present,Effusion,0.4685031771659851,uncertain,Pneumonia,0.3590303063392639,uncertain,Pneumothorax,0.4225867688655853,uncertain,Fracture,0.32411840558052063,uncertain,Lung Lesion,0.6463819742202759,present,Lung Opacity,0.5411693453788757,present,Enlarged Cardiomediastinum,0.33734551072120667,uncertain,Pleural_Thickening,,unavailable,,,not_computed,,"[""Atelectasis"", ""Cardiomegaly"", ""Consolidation"", ""Pleural Effusion"", ""Lung Opacity"", ""Enlarged Cardiomediastinum""]","{""Atelectasis"": 0.688122570514679, ""Cardiomegaly"": 0.7003198862075806, ""Consolidation"": 0.5752453207969666, ""Edema"": 0.37197399139404297, ""Effusion"": 0.8548239469528198, ""Emphysema"": 0.27969416975975037, ""Enlarged Cardiomediastinum"": 0.5411693453788757, ""Fibrosis"": 0.2893587052822113, ""Fracture"": 0.4225867688655853, ""Hernia"": 0.06370221078395844, ""Infiltration"": 0.5074363946914673, ""Lung Lesion"": 0.32411840558052063, ""Lung Opacity"": 0.6463819742202759, ""Mass"": 0.5276213884353638, ""Nodule"": 0.5052016377449036, ""Pleural_Thickening"": 0.33734551072120667, ""Pneumonia"": 0.4685031771659851, ""Pneumothorax"": 0.3590303063392639}",retrieval_agent
patient00162/study1,patient00162/study1/view2_lateral.dcm,/home/jovyan/Desktop/MEDAGENT-X/data/raw/chexpert_plus/dicom_train/patient00162/study1/view2_lateral.dcm,torchxrayvision.DenseNet,densenet121-res224-all,cuda,0.5,0.2,"[""Atelectasis"", ""Consolidation"", ""Infiltration"", ""Pneumothorax"", ""Edema"", ""Emphysema"", ""Fibrosis"", ""Effusion"", ""Pneumonia"", ""Pleural_Thickening"", ""Cardiomegaly"", ""Nodule"", ""Mass"", ""Hernia"", ""Lung Lesion"", ""Fracture"", ""Lung Opacity"", ""Enlarged Cardiomediastinum""]",0.6132725477218628,present,Atelectasis,0.6858186721801758,present,Cardiomegaly,0.5939288139343262,present,Consolidation,0.5548237562179565,present,Edema,0.6911644339561462,present,Effusion,0.5538724660873413,present,Pneumonia,0.130807563662529,absent,Pneumothorax,0.5130900144577026,present,Fracture,0.5889396667480469,present,Lung Lesion,0.7806645631790161,present,Lung Opacity,0.5603745579719543,present,Enlarged Cardiomediastinum,0.12418495118618011,absent,Pleural_Thickening,,unavailable,,,not_computed,,"[""Atelectasis"", ""Cardiomegaly"", ""Consolidation"", ""Edema"", ""Pleural Effusion"", ""Pneumonia"", ""Fracture"", ""Lung Lesion"", ""Lung Opacity"", ""Enlarged Cardiomediastinum""]","{""Atelectasis"": 0.6132725477218628, ""Cardiomegaly"": 0.6858186721801758, ""Consolidation"": 0.5939288139343262, ""Edema"": 0.5548237562179565, ""Effusion"": 0.6911644339561462, ""Emphysema"": 0.5015272498130798, ""Enlarged Cardiomediastinum"": 0.5603745579719543, ""Fibrosis"": 0.23008303344249725, ""Fracture"": 0.5130900144577026, ""Hernia"": 0.03540046513080597, ""Infiltration"": 0.5036880970001221, ""Lung Lesion"": 0.5889396667480469, ""Lung Opacity"": 0.7806645631790161, ""Mass"": 0.5108585357666016, ""Nodule"": 0.5076380968093872, ""Pleural_Thickening"": 0.12418495118618011, ""Pneumonia"": 0.5538724660873413, ""Pneumothorax"": 0.130807563662529}",retrieval_agent
patient00163/study1,patient00163/study1/view1_frontal.dcm,/home/jovyan/Desktop/MEDAGENT-X/data/raw/chexpert_plus/dicom_train/patient00163/study1/view1_frontal.dcm,torchxrayvision.DenseNet,densenet121-res224-all,cuda,0.5,0.2,"[""Atelectasis"", ""Consolidation"", ""Infiltration"", ""Pneumothorax"", ""Edema"", ""Emphysema"", ""Fibrosis"", ""Effusion"", ""Pneumonia"", ""Pleural_Thickening"", ""Cardiomegaly"", ""Nodule"", ""Mass"", ""Hernia"", ""Lung Lesion"", ""Fracture"", ""Lung Opacity"", ""Enlarged Cardiomediastinum""]",0.04294641315937042,absent,Atelectasis,0.02342202328145504,absent,Cardiomegaly,0.45328351855278015,uncertain,Consolidation,0.0002952947106678039,absent,Edema,0.013109146617352962,absent,Effusion,0.08098054677248001,absent,Pneumonia,0.027285045012831688,absent,Pneumothorax,0.04104876518249512,absent,Fracture,0.00010533414751989767,absent,Lung Lesion,0.05074216425418854,absent,Lung Opacity,0.030558984726667404,absent,Enlarged Cardiomediastinum,0.24411672353744507,uncertain,Pleural_Thickening,,unavailable,,,not_computed,,[],"{""Atelectasis"": 0.04294641315937042, ""Cardiomegaly"": 0.02342202328145504, ""Consolidation"": 0.45328351855278015, ""Edema"": 0.0002952947106678039, ""Effusion"": 0.013109146617352962, ""Emphysema"": 0.10089527815580368, ""Enlarged Cardiomediastinum"": 0.030558984726667404, ""Fibrosis"": 0.4458378255367279, ""Fracture"": 0.04104876518249512, ""Hernia"": 0.013659641146659851, ""Infiltration"": 0.09669040888547897, ""Lung Lesion"": 0.00010533414751989767, ""Lung Opacity"": 0.05074216425418854, ""Mass"": 0.14932681620121002, ""Nodule"": 0.21654939651489258, ""Pleural_Thickening"": 0.24411672353744507, ""Pneumonia"": 0.08098054677248001, ""Pneumothorax"": 0.027285045012831688}",retrieval_agent
patient00163/study1,patient00163/study1/view2_lateral.dcm,/home/jovyan/Desktop/MEDAGENT-X/data/raw/chexpert_plus/dicom_train/patient00163/study1/view2_lateral.dcm,torchxrayvision.DenseNet,densenet121-res224-all,cuda,0.5,0.2,"[""Atelectasis"", ""Consolidation"", ""Infiltration"", ""Pneumothorax"", ""Edema"", ""Emphysema"", ""Fibrosis"", ""Effusion"", ""Pneumonia"", ""Pleural_Thickening"", ""Cardiomegaly"", ""Nodule"", ""Mass"", ""Hernia"", ""Lung Lesion"", ""Fracture"", ""Lung Opacity"", ""Enlarged Cardiomediastinum""]",0.2466944009065628,uncertain,Atelectasis,0.12299191951751709,absent,Cardiomegaly,0.501859724521637,present,Consolidation,0.00919081550091505,absent,Edema,0.16526181995868683,absent,Effusion,0.15402835607528687,absent,Pneumonia,0.13870668411254883,absent,Pneumothorax,0.2153812050819397,uncertain,Fracture,0.0007326260092668235,absent,Lung Lesion,0.5340014100074768,present,Lung Opacity,0.4245133399963379,uncertain,Enlarged Cardiomediastinum,0.4762856960296631,uncertain,Pleural_Thickening,,unavailable,,,not_computed,,"[""Consolidation"", ""Lung Opacity""]","{""Atelectasis"": 0.2466944009065628, ""Cardiomegaly"": 0.12299191951751709, ""Consolidation"": 0.501859724521637, ""Edema"": 0.00919081550091505, ""Effusion"": 0.16526181995868683, ""Emphysema"": 0.5015081167221069, ""Enlarged Cardiomediastinum"": 0.4245133399963379, ""Fibrosis"": 0.4223552644252777, ""Fracture"": 0.2153812050819397, ""Hernia"": 0.025690708309412003, ""Infiltration"": 0.22746258974075317, ""Lung Lesion"": 0.0007326260092668235, ""Lung Opacity"": 0.5340014100074768, ""Mass"": 0.5205554962158203, ""Nodule"": 0.4632667005062103, ""Pleural_Thickening"": 0.4762856960296631, ""Pneumonia"": 0.15402835607528687, ""Pneumothorax"": 0.13870668411254883}",retrieval_agent
patient00166/study1,patient00166/study1/view1_frontal.dcm,/home/jovyan/Desktop/MEDAGENT-X/data/raw/chexpert_plus/dicom_train/patient00166/study1/view1_frontal.dcm,torchxrayvision.DenseNet,densenet121-res224-all,cuda,0.5,0.2,"[""Atelectasis"", ""Consolidation"", ""Infiltration"", ""Pneumothorax"", ""Edema"", ""Emphysema"", ""Fibrosis"", ""Effusion"", ""Pneumonia"", ""Pleural_Thickening"", ""Cardiomegaly"", ""Nodule"", ""Mass"", ""Hernia"", ""Lung Lesion"", ""Fracture"", ""Lung Opacity"", ""Enlarged Cardiomediastinum""]",0.5556448698043823,present,Atelectasis,0.45983463525772095,uncertain,Cardiomegaly,0.5324301719665527,present,Consolidation,0.05518162623047829,absent,Edema,0.7812957763671875,present,Effusion,0.03151026740670204,absent,Pneumonia,0.5022025108337402,present,Pneumothorax,0.5010336637496948,present,Fracture,0.026287470012903214,absent,Lung Lesion,0.6184937953948975,present,Lung Opacity,0.45814478397369385,uncertain,Enlarged Cardiomediastinum,0.5234748125076294,present,Pleural_Thickening,,unavailable,,,not_computed,,"[""Atelectasis"", ""Consolidation"", ""Pleural Effusion"", ""Pneumothorax"", ""Fracture"", ""Lung Opacity"", ""Pleural Other""]","{""Atelectasis"": 0.5556448698043823, ""Cardiomegaly"": 0.45983463525772095, ""Consolidation"": 0.5324301719665527, ""Edema"": 0.05518162623047829, ""Effusion"": 0.7812957763671875, ""Emphysema"": 0.5004669427871704, ""Enlarged Cardiomediastinum"": 0.45814478397369385, ""Fibrosis"": 0.5036725401878357, ""Fracture"": 0.5010336637496948, ""Hernia"": 0.07961612939834595, ""Infiltration"": 0.5129757523536682, ""Lung Lesion"": 0.026287470012903214, ""Lung Opacity"": 0.6184937953948975, ""Mass"": 0.549339771270752, ""Nodule"": 0.5137310028076172, ""Pleural_Thickening"": 0.5234748125076294, ""Pneumonia"": 0.03151026740670204, ""Pneumothorax"": 0.5022025108337402}",retrieval_agent
patient00166/study1,patient00166/study1/view2_lateral.dcm,/home/jovyan/Desktop/MEDAGENT-X/data/raw/chexpert_plus/dicom_train/patient00166/study1/view2_lateral.dcm,torchxrayvision.DenseNet,densenet121-res224-all,cuda,0.5,0.2,"[""Atelectasis"", ""Consolidation"", ""Infiltration"", ""Pneumothorax"", ""Edema"", ""Emphysema"", ""Fibrosis"", ""Effusion"", ""Pneumonia"", ""Pleural_Thickening"", ""Cardiomegaly"", ""Nodule"", ""Mass"", ""Hernia"", ""Lung Lesion"", ""Fracture"", ""Lung Opacity"", ""Enlarged Cardiomediastinum""]",0.5123469829559326,present,Atelectasis,0.2229290008544922,uncertain,Cardiomegaly,0.5250656604766846,present,Consolidation,0.24270214140415192,uncertain,Edema,0.6530431509017944,present,Effusion,0.7466133832931519,present,Pneumonia,0.18023240566253662,absent,Pneumothorax,0.10337410122156143,absent,Fracture,0.018025299534201622,absent,Lung Lesion,0.774933934211731,present,Lung Opacity,0.5173009634017944,present,Enlarged Cardiomediastinum,0.06351185590028763,absent,Pleural_Thickening,,unavailable,,,not_computed,,"[""Atelectasis"", ""Consolidation"", ""Pleural Effusion"", ""Pneumonia"", ""Lung Opacity"", ""Enlarged Cardiomediastinum""]","{""Atelectasis"": 0.5123469829559326, ""Cardiomegaly"": 0.2229290008544922, ""Consolidation"": 0.5250656604766846, ""Edema"": 0.24270214140415192, ""Effusion"": 0.6530431509017944, ""Emphysema"": 0.5039017796516418, ""Enlarged Cardiomediastinum"": 0.5173009634017944, ""Fibrosis"": 0.05812957137823105, ""Fracture"": 0.10337410122156143, ""Hernia"": 0.0018159030005335808, ""Infiltration"": 0.5042961835861206, ""Lung Lesion"": 0.018025299534201622, ""Lung Opacity"": 0.774933934211731, ""Mass"": 0.5007331967353821, ""Nodule"": 0.38681909441947937, ""Pleural_Thickening"": 0.06351185590028763, ""Pneumonia"": 0.7466133832931519, ""Pneumothorax"": 0.18023240566253662}",retrieval_agent
patient00170/study5,patient00170/study5/view1_frontal.dcm,/home/jovyan/Desktop/MEDAGENT-X/data/raw/chexpert_plus/dicom_train/patient00170/study5/view1_frontal.dcm,torchxrayvision.DenseNet,densenet121-res224-all,cuda,0.5,0.2,"[""Atelectasis"", ""Consolidation"", ""Infiltration"", ""Pneumothorax"", ""Edema"", ""Emphysema"", ""Fibrosis"", ""Effusion"", ""Pneumonia"", ""Pleural_Thickening"", ""Cardiomegaly"", ""Nodule"", ""Mass"", ""Hernia"", ""Lung Lesion"", ""Fracture"", ""Lung Opacity"", ""Enlarged Cardiomediastinum""]",0.5004742741584778,present,Atelectasis,0.014810996130108833,absent,Cardiomegaly,0.18803410232067108,absent,Consolidation,0.005174050573259592,absent,Edema,0.06078188493847847,absent,Effusion,0.007905161008238792,absent,Pneumonia,0.04130445420742035,absent,Pneumothorax,0.38151901960372925,uncertain,Fracture,0.00247702794149518,absent,Lung Lesion,0.21476656198501587,uncertain,Lung Opacity,0.04864189401268959,absent,Enlarged Cardiomediastinum,0.12080006301403046,absent,Pleural_Thickening,,unavailable,,,not_computed,,"[""Atelectasis""]","{""Atelectasis"": 0.5004742741584778, ""Cardiomegaly"": 0.014810996130108833, ""Consolidation"": 0.18803410232067108, ""Edema"": 0.005174050573259592, ""Effusion"": 0.06078188493847847, ""Emphysema"": 0.1560356765985489, ""Enlarged Cardiomediastinum"": 0.04864189401268959, ""Fibrosis"": 0.5031378269195557, ""Fracture"": 0.38151901960372925, ""Hernia"": 0.010663478635251522, ""Infiltration"": 0.2993507385253906, ""Lung Lesion"": 0.00247702794149518, ""Lung Opacity"": 0.21476656198501587, ""Mass"": 0.3479655385017395, ""Nodule"": 0.5013267993927002, ""Pleural_Thickening"": 0.12080006301403046, ""Pneumonia"": 0.007905161008238792, ""Pneumothorax"": 0.04130445420742035}",retrieval_agent
patient00170/study2,patient00170/study2/view1_frontal.dcm,/home/jovyan/Desktop/MEDAGENT-X/data/raw/chexpert_plus/dicom_train/patient00170/study2/view1_frontal.dcm,torchxrayvision.DenseNet,densenet121-res224-all,cuda,0.5,0.2,"[""Atelectasis"", ""Consolidation"", ""Infiltration"", ""Pneumothorax"", ""Edema"", ""Emphysema"", ""Fibrosis"", ""Effusion"", ""Pneumonia"", ""Pleural_Thickening"", ""Cardiomegaly"", ""Nodule"", ""Mass"", ""Hernia"", ""Lung Lesion"", ""Fracture"", ""Lung Opacity"", ""Enlarged Cardiomediastinum""]",0.5056275725364685,present,Atelectasis,0.025726186111569405,absent,Cardiomegaly,0.5002263784408569,present,Consolidation,0.003975491505116224,absent,Edema,0.12108154594898224,absent,Effusion,0.012814167886972427,absent,Pneumonia,0.05119358375668526,absent,Pneumothorax,0.26140889525413513,uncertain,Fracture,0.003192675532773137,absent,Lung Lesion,0.22131440043449402,uncertain,Lung Opacity,0.08127182722091675,absent,Enlarged Cardiomediastinum,0.17962275445461273,absent,Pleural_Thickening,,unavailable,,,not_computed,,"[""Atelectasis"", ""Consolidation""]","{""Atelectasis"": 0.5056275725364685, ""Cardiomegaly"": 0.025726186111569405, ""Consolidation"": 0.5002263784408569, ""Edema"": 0.003975491505116224, ""Effusion"": 0.12108154594898224, ""Emphysema"": 0.27451351284980774, ""Enlarged Cardiomediastinum"": 0.08127182722091675, ""Fibrosis"": 0.5038233995437622, ""Fracture"": 0.26140889525413513, ""Hernia"": 0.0776074156165123, ""Infiltration"": 0.2613670825958252, ""Lung Lesion"": 0.003192675532773137, ""Lung Opacity"": 0.22131440043449402, ""Mass"": 0.5156592130661011, ""Nodule"": 0.5005753040313721, ""Pleural_Thickening"": 0.17962275445461273, ""Pneumonia"": 0.012814167886972427, ""Pneumothorax"": 0.05119358375668526}",retrieval_agent
patient00170/study4,patient00170/study4/view1_frontal.dcm,/home/jovyan/Desktop/MEDAGENT-X/data/raw/chexpert_plus/dicom_train/patient00170/study4/view1_frontal.dcm,torchxrayvision.DenseNet,densenet121-res224-all,cuda,0.5,0.2,"[""Atelectasis"", ""Consolidation"", ""Infiltration"", ""Pneumothorax"", ""Edema"", ""Emphysema"", ""Fibrosis"", ""Effusion"", ""Pneumonia"", ""Pleural_Thickening"", ""Cardiomegaly"", ""Nodule"", ""Mass"", ""Hernia"", ""Lung Lesion"", ""Fracture"", ""Lung Opacity"", ""Enlarged Cardiomediastinum""]",0.5558784008026123,present,Atelectasis,0.019382944330573082,absent,Cardiomegaly,0.3368056118488312,uncertain,Consolidation,0.005026119761168957,absent,Edema,0.2237616330385208,uncertain,Effusion,0.027889562770724297,absent,Pneumonia,0.1908576935529709,absent,Pneumothorax,0.502988338470459,present,Fracture,0.008940442465245724,absent,Lung Lesion,0.33452102541923523,uncertain,Lung Opacity,0.0988888293504715,absent,Enlarged Cardiomediastinum,0.27084702253341675,uncertain,Pleural_Thickening,,unavailable,,,not_computed,,"[""Atelectasis"", ""Fracture""]","{""Atelectasis"": 0.5558784008026123, ""Cardiomegaly"": 0.019382944330573082, ""Consolidation"": 0.3368056118488312, ""Edema"": 0.005026119761168957, ""Effusion"": 0.2237616330385208, ""Emphysema"": 0.5000860095024109, ""Enlarged Cardiomediastinum"": 0.0988888293504715, ""Fibrosis"": 0.5077769160270691, ""Fracture"": 0.502988338470459, ""Hernia"": 0.02767273224890232, ""Infiltration"": 0.4174277186393738, ""Lung Lesion"": 0.008940442465245724, ""Lung Opacity"": 0.33452102541923523, ""Mass"": 0.5042645931243896, ""Nodule"": 0.5013992786407471, ""Pleural_Thickening"": 0.27084702253341675, ""Pneumonia"": 0.027889562770724297, ""Pneumothorax"": 0.1908576935529709}",retrieval_agent
patient00170/study1,patient00170/study1/view1_frontal.dcm,/home/jovyan/Desktop/MEDAGENT-X/data/raw/chexpert_plus/dicom_train/patient00170/study1/view1_frontal.dcm,torchxrayvision.DenseNet,densenet121-res224-all,cuda,0.5,0.2,"[""Atelectasis"", ""Consolidation"", ""Infiltration"", ""Pneumothorax"", ""Edema"", ""Emphysema"", ""Fibrosis"", ""Effusion"", ""Pneumonia"", ""Pleural_Thickening"", ""Cardiomegaly"", ""Nodule"", ""Mass"", ""Hernia"", ""Lung Lesion"", ""Fracture"", ""Lung Opacity"", ""Enlarged Cardiomediastinum""]",0.33221980929374695,uncertain,Atelectasis,0.01619846560060978,absent,Cardiomegaly,0.33431434631347656,uncertain,Consolidation,0.004004350863397121,absent,Edema,0.07900715619325638,absent,Effusion,0.010089576244354248,absent,Pneumonia,0.11800507456064224,absent,Pneumothorax,0.3888189494609833,uncertain,Fracture,0.007873620837926865,absent,Lung Lesion,0.23333647847175598,uncertain,Lung Opacity,0.13137012720108032,absent,Enlarged Cardiomediastinum,0.30604997277259827,uncertain,Pleural_Thickening,,unavailable,,,not_computed,,[],"{""Atelectasis"": 0.33221980929374695, ""Cardiomegaly"": 0.01619846560060978, ""Consolidation"": 0.33431434631347656, ""Edema"": 0.004004350863397121, ""Effusion"": 0.07900715619325638, ""Emphysema"": 0.5000674724578857, ""Enlarged Cardiomediastinum"": 0.13137012720108032, ""Fibrosis"": 0.5066350698471069, ""Fracture"": 0.3888189494609833, ""Hernia"": 0.12303099781274796, ""Infiltration"": 0.282147079706192, ""Lung Lesion"": 0.007873620837926865, ""Lung Opacity"": 0.23333647847175598, ""Mass"": 0.5370625257492065, ""Nodule"": 0.5100691914558411, ""Pleural_Thickening"": 0.30604997277259827, ""Pneumonia"": 0.010089576244354248, ""Pneumothorax"": 0.11800507456064224}",retrieval_agent
patient00170/study7,patient00170/study7/view1_frontal.dcm,/home/jovyan/Desktop/MEDAGENT-X/data/raw/chexpert_plus/dicom_train/patient00170/study7/view1_frontal.dcm,torchxrayvision.DenseNet,densenet121-res224-all,cuda,0.5,0.2,"[""Atelectasis"", ""Consolidation"", ""Infiltration"", ""Pneumothorax"", ""Edema"", ""Emphysema"", ""Fibrosis"", ""Effusion"", ""Pneumonia"", ""Pleural_Thickening"", ""Cardiomegaly"", ""Nodule"", ""Mass"", ""Hernia"", ""Lung Lesion"", ""Fracture"", ""Lung Opacity"", ""Enlarged Cardiomediastinum""]",0.5847418308258057,present,Atelectasis,0.29552266001701355,uncertain,Cardiomegaly,0.4871951639652252,uncertain,Consolidation,0.31146571040153503,uncertain,Edema,0.3061061501502991,uncertain,Effusion,0.14554515480995178,absent,Pneumonia,0.04703512415289879,absent,Pneumothorax,0.5071771144866943,present,Fracture,0.011498604901134968,absent,Lung Lesion,0.5254993438720703,present,Lung Opacity,0.1097772940993309,absent,Enlarged Cardiomediastinum,0.08384241908788681,absent,Pleural_Thickening,,unavailable,,,not_computed,,"[""Atelectasis"", ""Fracture"", ""Lung Opacity""]","{""Atelectasis"": 0.5847418308258057, ""Cardiomegaly"": 0.29552266001701355, ""Consolidation"": 0.4871951639652252, ""Edema"": 0.31146571040153503, ""Effusion"": 0.3061061501502991, ""Emphysema"": 0.4945741593837738, ""Enlarged Cardiomediastinum"": 0.1097772940993309, ""Fibrosis"": 0.512390673160553, ""Fracture"": 0.5071771144866943, ""Hernia"": 0.008605965413153172, ""Infiltration"": 0.2175760418176651, ""Lung Lesion"": 0.011498604901134968, ""Lung Opacity"": 0.5254993438720703, ""Mass"": 0.5000852346420288, ""Nodule"": 0.5049391984939575, ""Pleural_Thickening"": 0.08384241908788681, ""Pneumonia"": 0.14554515480995178, ""Pneumothorax"": 0.04703512415289879}",retrieval_agent
patient00170/study10,patient00170/study10/view1_frontal.dcm,/home/jovyan/Desktop/MEDAGENT-X/data/raw/chexpert_plus/dicom_train/patient00170/study10/view1_frontal.dcm,torchxrayvision.DenseNet,densenet121-res224-all,cuda,0.5,0.2,"[""Atelectasis"", ""Consolidation"", ""Infiltration"", ""Pneumothorax"", ""Edema"", ""Emphysema"", ""Fibrosis"", ""Effusion"", ""Pneumonia"", ""Pleural_Thickening"", ""Cardiomegaly"", ""Nodule"", ""Mass"", ""Hernia"", ""Lung Lesion"", ""Fracture"", ""Lung Opacity"", ""Enlarged Cardiomediastinum""]",0.529800534248352,present,Atelectasis,0.002586709801107645,absent,Cardiomegaly,0.3557199239730835,uncertain,Consolidation,0.0012472274247556925,absent,Edema,0.2618829011917114,uncertain,Effusion,0.01982741616666317,absent,Pneumonia,0.2452666461467743,uncertain,Pneumothorax,0.5103925466537476,present,Fracture,0.014755127020180225,absent,Lung Lesion,0.2533204257488251,uncertain,Lung Opacity,0.07943828403949738,absent,Enlarged Cardiomediastinum,0.17765936255455017,absent,Pleural_Thickening,,unavailable,,,not_computed,,"[""Atelectasis"", ""Fracture""]","{""Atelectasis"": 0.529800534248352, ""Cardiomegaly"": 0.002586709801107645, ""Consolidation"": 0.3557199239730835, ""Edema"": 0.0012472274247556925, ""Effusion"": 0.2618829011917114, ""Emphysema"": 0.32159069180488586, ""Enlarged Cardiomediastinum"": 0.07943828403949738, ""Fibrosis"": 0.5021748542785645, ""Fracture"": 0.5103925466537476, ""Hernia"": 0.002070636721327901, ""Infiltration"": 0.42185378074645996, ""Lung Lesion"": 0.014755127020180225, ""Lung Opacity"": 0.2533204257488251, ""Mass"": 0.5010346174240112, ""Nodule"": 0.48586153984069824, ""Pleural_Thickening"": 0.17765936255455017, ""Pneumonia"": 0.01982741616666317, ""Pneumothorax"": 0.2452666461467743}",retrieval_agent
patient00170/study3,patient00170/study3/view1_frontal.dcm,/home/jovyan/Desktop/MEDAGENT-X/data/raw/chexpert_plus/dicom_train/patient00170/study3/view1_frontal.dcm,torchxrayvision.DenseNet,densenet121-res224-all,cuda,0.5,0.2,"[""Atelectasis"", ""Consolidation"", ""Infiltration"", ""Pneumothorax"", ""Edema"", ""Emphysema"", ""Fibrosis"", ""Effusion"", ""Pneumonia"", ""Pleural_Thickening"", ""Cardiomegaly"", ""Nodule"", ""Mass"", ""Hernia"", ""Lung Lesion"", ""Fracture"", ""Lung Opacity"", ""Enlarged Cardiomediastinum""]",0.5940535068511963,present,Atelectasis,0.028999393805861473,absent,Cardiomegaly,0.4269576072692871,uncertain,Consolidation,0.03075818531215191,absent,Edema,0.42698386311531067,uncertain,Effusion,0.11942416429519653,absent,Pneumonia,0.3721732199192047,uncertain,Pneumothorax,0.5200192928314209,present,Fracture,0.02214338257908821,absent,Lung Lesion,0.44042250514030457,uncertain,Lung Opacity,0.2002834528684616,uncertain,Enlarged Cardiomediastinum,0.3143162429332733,uncertain,Pleural_Thickening,,unavailable,,,not_computed,,"[""Atelectasis"", ""Fracture""]","{""Atelectasis"": 0.5940535068511963, ""Cardiomegaly"": 0.028999393805861473, ""Consolidation"": 0.4269576072692871, ""Edema"": 0.03075818531215191, ""Effusion"": 0.42698386311531067, ""Emphysema"": 0.3776486814022064, ""Enlarged Cardiomediastinum"": 0.2002834528684616, ""Fibrosis"": 0.5033751726150513, ""Fracture"": 0.5200192928314209, ""Hernia"": 0.019442401826381683, ""Infiltration"": 0.5143404603004456, ""Lung Lesion"": 0.02214338257908821, ""Lung Opacity"": 0.44042250514030457, ""Mass"": 0.5031731724739075, ""Nodule"": 0.5020291805267334, ""Pleural_Thickening"": 0.3143162429332733, ""Pneumonia"": 0.11942416429519653, ""Pneumothorax"": 0.3721732199192047}",retrieval_agent
patient00170/study9,patient00170/study9/view1_frontal.dcm,/home/jovyan/Desktop/MEDAGENT-X/data/raw/chexpert_plus/dicom_train/patient00170/study9/view1_frontal.dcm,torchxrayvision.DenseNet,densenet121-res224-all,cuda,0.5,0.2,"[""Atelectasis"", ""Consolidation"", ""Infiltration"", ""Pneumothorax"", ""Edema"", ""Emphysema"", ""Fibrosis"", ""Effusion"", ""Pneumonia"", ""Pleural_Thickening"", ""Cardiomegaly"", ""Nodule"", ""Mass"", ""Hernia"", ""Lung Lesion"", ""Fracture"", ""Lung Opacity"", ""Enlarged Cardiomediastinum""]",0.5172111988067627,present,Atelectasis,0.27918288111686707,uncertain,Cardiomegaly,0.4368820786476135,uncertain,Consolidation,0.08664901554584503,absent,Edema,0.11025203764438629,absent,Effusion,0.022299764677882195,absent,Pneumonia,0.015706965699791908,absent,Pneumothorax,0.22600126266479492,uncertain,Fracture,0.002589648123830557,absent,Lung Lesion,0.49237459897994995,uncertain,Lung Opacity,0.08377332240343094,absent,Enlarged Cardiomediastinum,0.04487299546599388,absent,Pleural_Thickening,,unavailable,,,not_computed,,"[""Atelectasis""]","{""Atelectasis"": 0.5172111988067627, ""Cardiomegaly"": 0.27918288111686707, ""Consolidation"": 0.4368820786476135, ""Edema"": 0.08664901554584503, ""Effusion"": 0.11025203764438629, ""Emphysema"": 0.14376583695411682, ""Enlarged Cardiomediastinum"": 0.08377332240343094, ""Fibrosis"": 0.49460524320602417, ""Fracture"": 0.22600126266479492, ""Hernia"": 0.04409591853618622, ""Infiltration"": 0.22317832708358765, ""Lung Lesion"": 0.002589648123830557, ""Lung Opacity"": 0.49237459897994995, ""Mass"": 0.5014923810958862, ""Nodule"": 0.5000952482223511, ""Pleural_Thickening"": 0.04487299546599388, ""Pneumonia"": 0.022299764677882195, ""Pneumothorax"": 0.015706965699791908}",retrieval_agent
patient00170/study8,patient00170/study8/view1_frontal.dcm,/home/jovyan/Desktop/MEDAGENT-X/data/raw/chexpert_plus/dicom_train/patient00170/study8/view1_frontal.dcm,torchxrayvision.DenseNet,densenet121-res224-all,cuda,0.5,0.2,"[""Atelectasis"", ""Consolidation"", ""Infiltration"", ""Pneumothorax"", ""Edema"", ""Emphysema"", ""Fibrosis"", ""Effusion"", ""Pneumonia"", ""Pleural_Thickening"", ""Cardiomegaly"", ""Nodule"", ""Mass"", ""Hernia"", ""Lung Lesion"", ""Fracture"", ""Lung Opacity"", ""Enlarged Cardiomediastinum""]",0.5057869553565979,present,Atelectasis,0.0061129676178097725,absent,Cardiomegaly,0.4129977226257324,uncertain,Consolidation,0.0038899905048310757,absent,Edema,0.10849682241678238,absent,Effusion,0.03905412182211876,absent,Pneumonia,0.05466568097472191,absent,Pneumothorax,0.47851988673210144,uncertain,Fracture,0.0046460279263556,absent,Lung Lesion,0.29209426045417786,uncertain,Lung Opacity,0.03485437482595444,absent,Enlarged Cardiomediastinum,0.1478687971830368,absent,Pleural_Thickening,,unavailable,,,not_computed,,"[""Atelectasis""]","{""Atelectasis"": 0.5057869553565979, ""Cardiomegaly"": 0.0061129676178097725, ""Consolidation"": 0.4129977226257324, ""Edema"": 0.0038899905048310757, ""Effusion"": 0.10849682241678238, ""Emphysema"": 0.11066514998674393, ""Enlarged Cardiomediastinum"": 0.03485437482595444, ""Fibrosis"": 0.5016249418258667, ""Fracture"": 0.47851988673210144, ""Hernia"": 0.00864103902131319, ""Infiltration"": 0.3544135093688965, ""Lung Lesion"": 0.0046460279263556, ""Lung Opacity"": 0.29209426045417786, ""Mass"": 0.32594698667526245, ""Nodule"": 0.5030620694160461, ""Pleural_Thickening"": 0.1478687971830368, ""Pneumonia"": 0.03905412182211876, ""Pneumothorax"": 0.05466568097472191}",retrieval_agent
patient00170/study11,patient00170/study11/view1_frontal.dcm,/home/jovyan/Desktop/MEDAGENT-X/data/raw/chexpert_plus/dicom_train/patient00170/study11/view1_frontal.dcm,torchxrayvision.DenseNet,densenet121-res224-all,cuda,0.5,0.2,"[""Atelectasis"", ""Consolidation"", ""Infiltration"", ""Pneumothorax"", ""Edema"", ""Emphysema"", ""Fibrosis"", ""Effusion"", ""Pneumonia"", ""Pleural_Thickening"", ""Cardiomegaly"", ""Nodule"", ""Mass"", ""Hernia"", ""Lung Lesion"", ""Fracture"", ""Lung Opacity"", ""Enlarged Cardiomediastinum""]",0.3900071680545807,uncertain,Atelectasis,0.009489305317401886,absent,Cardiomegaly,0.21601997315883636,uncertain,Consolidation,0.0009690467268228531,absent,Edema,0.05262583866715431,absent,Effusion,0.032067447900772095,absent,Pneumonia,0.10425717383623123,absent,Pneumothorax,0.21755822002887726,uncertain,Fracture,0.0023850358556956053,absent,Lung Lesion,0.1351069062948227,absent,Lung Opacity,0.032332953065633774,absent,Enlarged Cardiomediastinum,0.2048359513282776,uncertain,Pleural_Thickening,,unavailable,,,not_computed,,[],"{""Atelectasis"": 0.3900071680545807, ""Cardiomegaly"": 0.009489305317401886, ""Consolidation"": 0.21601997315883636, ""Edema"": 0.0009690467268228531, ""Effusion"": 0.05262583866715431, ""Emphysema"": 0.39311453700065613, ""Enlarged Cardiomediastinum"": 0.032332953065633774, ""Fibrosis"": 0.5048143863677979, ""Fracture"": 0.21755822002887726, ""Hernia"": 0.02247593179345131, ""Infiltration"": 0.18153321743011475, ""Lung Lesion"": 0.0023850358556956053, ""Lung Opacity"": 0.1351069062948227, ""Mass"": 0.13205106556415558, ""Nodule"": 0.402503103017807, ""Pleural_Thickening"": 0.2048359513282776, ""Pneumonia"": 0.032067447900772095, ""Pneumothorax"": 0.10425717383623123}",retrieval_agent
patient00170/study6,patient00170/study6/view1_frontal.dcm,/home/jovyan/Desktop/MEDAGENT-X/data/raw/chexpert_plus/dicom_train/patient00170/study6/view1_frontal.dcm,torchxrayvision.DenseNet,densenet121-res224-all,cuda,0.5,0.2,"[""Atelectasis"", ""Consolidation"", ""Infiltration"", ""Pneumothorax"", ""Edema"", ""Emphysema"", ""Fibrosis"", ""Effusion"", ""Pneumonia"", ""Pleural_Thickening"", ""Cardiomegaly"", ""Nodule"", ""Mass"", ""Hernia"", ""Lung Lesion"", ""Fracture"", ""Lung Opacity"", ""Enlarged Cardiomediastinum""]",0.5292818546295166,present,Atelectasis,0.002402543555945158,absent,Cardiomegaly,0.2829902470111847,uncertain,Consolidation,0.002189336810261011,absent,Edema,0.06233983859419823,absent,Effusion,0.05034923553466797,absent,Pneumonia,0.031839217990636826,absent,Pneumothorax,0.5007921457290649,present,Fracture,0.003925795666873455,absent,Lung Lesion,0.19140289723873138,absent,Lung Opacity,0.021252844482660294,absent,Enlarged Cardiomediastinum,0.05589662492275238,absent,Pleural_Thickening,,unavailable,,,not_computed,,"[""Atelectasis"", ""Fracture""]","{""Atelectasis"": 0.5292818546295166, ""Cardiomegaly"": 0.002402543555945158, ""Consolidation"": 0.2829902470111847, ""Edema"": 0.002189336810261011, ""Effusion"": 0.06233983859419823, ""Emphysema"": 0.018561584874987602, ""Enlarged Cardiomediastinum"": 0.021252844482660294, ""Fibrosis"": 0.31965702772140503, ""Fracture"": 0.5007921457290649, ""Hernia"": 0.03759422153234482, ""Infiltration"": 0.38278043270111084, ""Lung Lesion"": 0.003925795666873455, ""Lung Opacity"": 0.19140289723873138, ""Mass"": 0.15877844393253326, ""Nodule"": 0.34041324257850647, ""Pleural_Thickening"": 0.05589662492275238, ""Pneumonia"": 0.05034923553466797, ""Pneumothorax"": 0.031839217990636826}",retrieval_agent
patient00172/study3,patient00172/study3/view1_frontal.dcm,/home/jovyan/Desktop/MEDAGENT-X/data/raw/chexpert_plus/dicom_train/patient00172/study3/view1_frontal.dcm,torchxrayvision.DenseNet,densenet121-res224-all,cuda,0.5,0.2,"[""Atelectasis"", ""Consolidation"", ""Infiltration"", ""Pneumothorax"", ""Edema"", ""Emphysema"", ""Fibrosis"", ""Effusion"", ""Pneumonia"", ""Pleural_Thickening"", ""Cardiomegaly"", ""Nodule"", ""Mass"", ""Hernia"", ""Lung Lesion"", ""Fracture"", ""Lung Opacity"", ""Enlarged Cardiomediastinum""]",0.6762322187423706,present,Atelectasis,0.5148581266403198,present,Cardiomegaly,0.6511969566345215,present,Consolidation,0.5690505504608154,present,Edema,0.6810722351074219,present,Effusion,0.677322506904602,present,Pneumonia,0.5077997446060181,present,Pneumothorax,0.5162813663482666,present,Fracture,0.3447829484939575,uncertain,Lung Lesion,0.8567208051681519,present,Lung Opacity,0.5739622116088867,present,Enlarged Cardiomediastinum,0.5062828063964844,present,Pleural_Thickening,,unavailable,,,not_computed,,"[""Atelectasis"", ""Cardiomegaly"", ""Consolidation"", ""Edema"", ""Pleural Effusion"", ""Pneumonia"", ""Pneumothorax"", ""Fracture"", ""Lung Opacity"", ""Enlarged Cardiomediastinum"", ""Pleural Other""]","{""Atelectasis"": 0.6762322187423706, ""Cardiomegaly"": 0.5148581266403198, ""Consolidation"": 0.6511969566345215, ""Edema"": 0.5690505504608154, ""Effusion"": 0.6810722351074219, ""Emphysema"": 0.5004655122756958, ""Enlarged Cardiomediastinum"": 0.5739622116088867, ""Fibrosis"": 0.5053554773330688, ""Fracture"": 0.5162813663482666, ""Hernia"": 0.019372519105672836, ""Infiltration"": 0.5848972201347351, ""Lung Lesion"": 0.3447829484939575, ""Lung Opacity"": 0.8567208051681519, ""Mass"": 0.5523055195808411, ""Nodule"": 0.5149095058441162, ""Pleural_Thickening"": 0.5062828063964844, ""Pneumonia"": 0.677322506904602, ""Pneumothorax"": 0.5077997446060181}",retrieval_agent
patient00172/study5,patient00172/study5/view1_frontal.dcm,/home/jovyan/Desktop/MEDAGENT-X/data/raw/chexpert_plus/dicom_train/patient00172/study5/view1_frontal.dcm,torchxrayvision.DenseNet,densenet121-res224-all,cuda,0.5,0.2,"[""Atelectasis"", ""Consolidation"", ""Infiltration"", ""Pneumothorax"", ""Edema"", ""Emphysema"", ""Fibrosis"", ""Effusion"", ""Pneumonia"", ""Pleural_Thickening"", ""Cardiomegaly"", ""Nodule"", ""Mass"", ""Hernia"", ""Lung Lesion"", ""Fracture"", ""Lung Opacity"", ""Enlarged Cardiomediastinum""]",0.6470098495483398,present,Atelectasis,0.5407309532165527,present,Cardiomegaly,0.6298843622207642,present,Consolidation,0.5137027502059937,present,Edema,0.6440695524215698,present,Effusion,0.032880816608667374,absent,Pneumonia,0.5081380009651184,present,Pneumothorax,0.5147879123687744,present,Fracture,0.17271195352077484,absent,Lung Lesion,0.9112895727157593,present,Lung Opacity,0.5352445244789124,present,Enlarged Cardiomediastinum,0.5070988535881042,present,Pleural_Thickening,,unavailable,,,not_computed,,"[""Atelectasis"", ""Cardiomegaly"", ""Consolidation"", ""Edema"", ""Pleural Effusion"", ""Pneumothorax"", ""Fracture"", ""Lung Opacity"", ""Enlarged Cardiomediastinum"", ""Pleural Other""]","{""Atelectasis"": 0.6470098495483398, ""Cardiomegaly"": 0.5407309532165527, ""Consolidation"": 0.6298843622207642, ""Edema"": 0.5137027502059937, ""Effusion"": 0.6440695524215698, ""Emphysema"": 0.5001459121704102, ""Enlarged Cardiomediastinum"": 0.5352445244789124, ""Fibrosis"": 0.5033186674118042, ""Fracture"": 0.5147879123687744, ""Hernia"": 0.03864246606826782, ""Infiltration"": 0.5825624465942383, ""Lung Lesion"": 0.17271195352077484, ""Lung Opacity"": 0.9112895727157593, ""Mass"": 0.5805197358131409, ""Nodule"": 0.5300549268722534, ""Pleural_Thickening"": 0.5070988535881042, ""Pneumonia"": 0.032880816608667374, ""Pneumothorax"": 0.5081380009651184}",retrieval_agent
patient00172/study4,patient00172/study4/view1_frontal.dcm,/home/jovyan/Desktop/MEDAGENT-X/data/raw/chexpert_plus/dicom_train/patient00172/study4/view1_frontal.dcm,torchxrayvision.DenseNet,densenet121-res224-all,cuda,0.5,0.2,"[""Atelectasis"", ""Consolidation"", ""Infiltration"", ""Pneumothorax"", ""Edema"", ""Emphysema"", ""Fibrosis"", ""Effusion"", ""Pneumonia"", ""Pleural_Thickening"", ""Cardiomegaly"", ""Nodule"", ""Mass"", ""Hernia"", ""Lung Lesion"", ""Fracture"", ""Lung Opacity"", ""Enlarged Cardiomediastinum""]",0.649111807346344,present,Atelectasis,0.525398313999176,present,Cardiomegaly,0.5843983888626099,present,Consolidation,0.510879635810852,present,Edema,0.6692461967468262,present,Effusion,0.5113188028335571,present,Pneumonia,0.4180718958377838,uncertain,Pneumothorax,0.5098578929901123,present,Fracture,0.0549163818359375,absent,Lung Lesion,0.728162407875061,present,Lung Opacity,0.5180282592773438,present,Enlarged Cardiomediastinum,0.36709946393966675,uncertain,Pleural_Thickening,,unavailable,,,not_computed,,"[""Atelectasis"", ""Cardiomegaly"", ""Consolidation"", ""Edema"", ""Pleural Effusion"", ""Pneumonia"", ""Fracture"", ""Lung Opacity"", ""Enlarged Cardiomediastinum""]","{""Atelectasis"": 0.649111807346344, ""Cardiomegaly"": 0.525398313999176, ""Consolidation"": 0.5843983888626099, ""Edema"": 0.510879635810852, ""Effusion"": 0.6692461967468262, ""Emphysema"": 0.5000733137130737, ""Enlarged Cardiomediastinum"": 0.5180282592773438, ""Fibrosis"": 0.5029551982879639, ""Fracture"": 0.5098578929901123, ""Hernia"": 0.03113187476992607, ""Infiltration"": 0.5366302728652954, ""Lung Lesion"": 0.0549163818359375, ""Lung Opacity"": 0.728162407875061, ""Mass"": 0.5288077592849731, ""Nodule"": 0.5036265850067139, ""Pleural_Thickening"": 0.36709946393966675, ""Pneumonia"": 0.5113188028335571, ""Pneumothorax"": 0.4180718958377838}",retrieval_agent
patient00172/study1,patient00172/study1/view1_frontal.dcm,/home/jovyan/Desktop/MEDAGENT-X/data/raw/chexpert_plus/dicom_train/patient00172/study1/view1_frontal.dcm,torchxrayvision.DenseNet,densenet121-res224-all,cuda,0.5,0.2,"[""Atelectasis"", ""Consolidation"", ""Infiltration"", ""Pneumothorax"", ""Edema"", ""Emphysema"", ""Fibrosis"", ""Effusion"", ""Pneumonia"", ""Pleural_Thickening"", ""Cardiomegaly"", ""Nodule"", ""Mass"", ""Hernia"", ""Lung Lesion"", ""Fracture"", ""Lung Opacity"", ""Enlarged Cardiomediastinum""]",0.6767500638961792,present,Atelectasis,0.6909751892089844,present,Cardiomegaly,0.7470836043357849,present,Consolidation,0.7225536108016968,present,Edema,0.8516203165054321,present,Effusion,0.5256603956222534,present,Pneumonia,0.5090523362159729,present,Pneumothorax,0.5193837285041809,present,Fracture,0.5079193711280823,present,Lung Lesion,0.9553372263908386,present,Lung Opacity,0.6123061180114746,present,Enlarged Cardiomediastinum,0.5202701091766357,present,Pleural_Thickening,,unavailable,,,not_computed,,"[""Atelectasis"", ""Cardiomegaly"", ""Consolidation"", ""Edema"", ""Pleural Effusion"", ""Pneumonia"", ""Pneumothorax"", ""Fracture"", ""Lung Lesion"", ""Lung Opacity"", ""Enlarged Cardiomediastinum"", ""Pleural Other""]","{""Atelectasis"": 0.6767500638961792, ""Cardiomegaly"": 0.6909751892089844, ""Consolidation"": 0.7470836043357849, ""Edema"": 0.7225536108016968, ""Effusion"": 0.8516203165054321, ""Emphysema"": 0.5015932321548462, ""Enlarged Cardiomediastinum"": 0.6123061180114746, ""Fibrosis"": 0.5450254678726196, ""Fracture"": 0.5193837285041809, ""Hernia"": 0.03595869988203049, ""Infiltration"": 0.6757278442382812, ""Lung Lesion"": 0.5079193711280823, ""Lung Opacity"": 0.9553372263908386, ""Mass"": 0.5809938907623291, ""Nodule"": 0.5637279152870178, ""Pleural_Thickening"": 0.5202701091766357, ""Pneumonia"": 0.5256603956222534, ""Pneumothorax"": 0.5090523362159729}",retrieval_agent
patient00172/study2,patient00172/study2/view1_frontal.dcm,/home/jovyan/Desktop/MEDAGENT-X/data/raw/chexpert_plus/dicom_train/patient00172/study2/view1_frontal.dcm,torchxrayvision.DenseNet,densenet121-res224-all,cuda,0.5,0.2,"[""Atelectasis"", ""Consolidation"", ""Infiltration"", ""Pneumothorax"", ""Edema"", ""Emphysema"", ""Fibrosis"", ""Effusion"", ""Pneumonia"", ""Pleural_Thickening"", ""Cardiomegaly"", ""Nodule"", ""Mass"", ""Hernia"", ""Lung Lesion"", ""Fracture"", ""Lung Opacity"", ""Enlarged Cardiomediastinum""]",0.741777777671814,present,Atelectasis,0.6746777296066284,present,Cardiomegaly,0.7737483978271484,present,Consolidation,0.7364778518676758,present,Edema,0.8978145122528076,present,Effusion,0.538996696472168,present,Pneumonia,0.5277134776115417,present,Pneumothorax,0.5230931639671326,present,Fracture,0.5208166837692261,present,Lung Lesion,0.9484531283378601,present,Lung Opacity,0.6021137237548828,present,Enlarged Cardiomediastinum,0.5249724984169006,present,Pleural_Thickening,,unavailable,,,not_computed,,"[""Atelectasis"", ""Cardiomegaly"", ""Consolidation"", ""Edema"", ""Pleural Effusion"", ""Pneumonia"", ""Pneumothorax"", ""Fracture"", ""Lung Lesion"", ""Lung Opacity"", ""Enlarged Cardiomediastinum"", ""Pleural Other""]","{""Atelectasis"": 0.741777777671814, ""Cardiomegaly"": 0.6746777296066284, ""Consolidation"": 0.7737483978271484, ""Edema"": 0.7364778518676758, ""Effusion"": 0.8978145122528076, ""Emphysema"": 0.5016112327575684, ""Enlarged Cardiomediastinum"": 0.6021137237548828, ""Fibrosis"": 0.5174143314361572, ""Fracture"": 0.5230931639671326, ""Hernia"": 0.021622763946652412, ""Infiltration"": 0.6869168877601624, ""Lung Lesion"": 0.5208166837692261, ""Lung Opacity"": 0.9484531283378601, ""Mass"": 0.5655678510665894, ""Nodule"": 0.543357253074646, ""Pleural_Thickening"": 0.5249724984169006, ""Pneumonia"": 0.538996696472168, ""Pneumothorax"": 0.5277134776115417}",retrieval_agent
patient00177/study2,patient00177/study2/view1_frontal.dcm,/home/jovyan/Desktop/MEDAGENT-X/data/raw/chexpert_plus/dicom_train/patient00177/study2/view1_frontal.dcm,torchxrayvision.DenseNet,densenet121-res224-all,cuda,0.5,0.2,"[""Atelectasis"", ""Consolidation"", ""Infiltration"", ""Pneumothorax"", ""Edema"", ""Emphysema"", ""Fibrosis"", ""Effusion"", ""Pneumonia"", ""Pleural_Thickening"", ""Cardiomegaly"", ""Nodule"", ""Mass"", ""Hernia"", ""Lung Lesion"", ""Fracture"", ""Lung Opacity"", ""Enlarged Cardiomediastinum""]",0.6898669004440308,present,Atelectasis,0.5197285413742065,present,Cardiomegaly,0.5843892693519592,present,Consolidation,0.5127821564674377,present,Edema,0.8475220203399658,present,Effusion,0.08759854733943939,absent,Pneumonia,0.5072184801101685,present,Pneumothorax,0.5185592174530029,present,Fracture,0.13751739263534546,absent,Lung Lesion,0.7425699234008789,present,Lung Opacity,0.5335686802864075,present,Enlarged Cardiomediastinum,0.5232061147689819,present,Pleural_Thickening,,unavailable,,,not_computed,,"[""Atelectasis"", ""Cardiomegaly"", ""Consolidation"", ""Edema"", ""Pleural Effusion"", ""Pneumothorax"", ""Fracture"", ""Lung Opacity"", ""Enlarged Cardiomediastinum"", ""Pleural Other""]","{""Atelectasis"": 0.6898669004440308, ""Cardiomegaly"": 0.5197285413742065, ""Consolidation"": 0.5843892693519592, ""Edema"": 0.5127821564674377, ""Effusion"": 0.8475220203399658, ""Emphysema"": 0.5010912418365479, ""Enlarged Cardiomediastinum"": 0.5335686802864075, ""Fibrosis"": 0.5091081857681274, ""Fracture"": 0.5185592174530029, ""Hernia"": 0.16016633808612823, ""Infiltration"": 0.5288497805595398, ""Lung Lesion"": 0.13751739263534546, ""Lung Opacity"": 0.7425699234008789, ""Mass"": 0.5627188682556152, ""Nodule"": 0.5199090242385864, ""Pleural_Thickening"": 0.5232061147689819, ""Pneumonia"": 0.08759854733943939, ""Pneumothorax"": 0.5072184801101685}",retrieval_agent
patient00177/study3,patient00177/study3/view1_frontal.dcm,/home/jovyan/Desktop/MEDAGENT-X/data/raw/chexpert_plus/dicom_train/patient00177/study3/view1_frontal.dcm,torchxrayvision.DenseNet,densenet121-res224-all,cuda,0.5,0.2,"[""Atelectasis"", ""Consolidation"", ""Infiltration"", ""Pneumothorax"", ""Edema"", ""Emphysema"", ""Fibrosis"", ""Effusion"", ""Pneumonia"", ""Pleural_Thickening"", ""Cardiomegaly"", ""Nodule"", ""Mass"", ""Hernia"", ""Lung Lesion"", ""Fracture"", ""Lung Opacity"", ""Enlarged Cardiomediastinum""]",0.5995093584060669,present,Atelectasis,0.5134167671203613,present,Cardiomegaly,0.543380856513977,present,Consolidation,0.5303947925567627,present,Edema,0.6545592546463013,present,Effusion,0.2105577290058136,uncertain,Pneumonia,0.5002965331077576,present,Pneumothorax,0.503738522529602,present,Fracture,0.11837741732597351,absent,Lung Lesion,0.6831014156341553,present,Lung Opacity,0.5159275531768799,present,Enlarged Cardiomediastinum,0.5106861591339111,present,Pleural_Thickening,,unavailable,,,not_computed,,"[""Atelectasis"", ""Cardiomegaly"", ""Consolidation"", ""Edema"", ""Pleural Effusion"", ""Pneumothorax"", ""Fracture"", ""Lung Opacity"", ""Enlarged Cardiomediastinum"", ""Pleural Other""]","{""Atelectasis"": 0.5995093584060669, ""Cardiomegaly"": 0.5134167671203613, ""Consolidation"": 0.543380856513977, ""Edema"": 0.5303947925567627, ""Effusion"": 0.6545592546463013, ""Emphysema"": 0.5004693865776062, ""Enlarged Cardiomediastinum"": 0.5159275531768799, ""Fibrosis"": 0.513939380645752, ""Fracture"": 0.503738522529602, ""Hernia"": 0.07744741439819336, ""Infiltration"": 0.5684155225753784, ""Lung Lesion"": 0.11837741732597351, ""Lung Opacity"": 0.6831014156341553, ""Mass"": 0.5490923523902893, ""Nodule"": 0.5284814238548279, ""Pleural_Thickening"": 0.5106861591339111, ""Pneumonia"": 0.2105577290058136, ""Pneumothorax"": 0.5002965331077576}",retrieval_agent
patient00177/study5,patient00177/study5/view1_frontal.dcm,/home/jovyan/Desktop/MEDAGENT-X/data/raw/chexpert_plus/dicom_train/patient00177/study5/view1_frontal.dcm,torchxrayvision.DenseNet,densenet121-res224-all,cuda,0.5,0.2,"[""Atelectasis"", ""Consolidation"", ""Infiltration"", ""Pneumothorax"", ""Edema"", ""Emphysema"", ""Fibrosis"", ""Effusion"", ""Pneumonia"", ""Pleural_Thickening"", ""Cardiomegaly"", ""Nodule"", ""Mass"", ""Hernia"", ""Lung Lesion"", ""Fracture"", ""Lung Opacity"", ""Enlarged Cardiomediastinum""]",0.6409330368041992,present,Atelectasis,0.2933294177055359,uncertain,Cardiomegaly,0.5323677659034729,present,Consolidation,0.35936403274536133,uncertain,Edema,0.7238016128540039,present,Effusion,0.16574566066265106,absent,Pneumonia,0.5032553672790527,present,Pneumothorax,0.5217229127883911,present,Fracture,0.04370240122079849,absent,Lung Lesion,0.6408398151397705,present,Lung Opacity,0.5294771194458008,present,Enlarged Cardiomediastinum,0.509723424911499,present,Pleural_Thickening,,unavailable,,,not_computed,,"[""Atelectasis"", ""Consolidation"", ""Pleural Effusion"", ""Pneumothorax"", ""Fracture"", ""Lung Opacity"", ""Enlarged Cardiomediastinum"", ""Pleural Other""]","{""Atelectasis"": 0.6409330368041992, ""Cardiomegaly"": 0.2933294177055359, ""Consolidation"": 0.5323677659034729, ""Edema"": 0.35936403274536133, ""Effusion"": 0.7238016128540039, ""Emphysema"": 0.5027841329574585, ""Enlarged Cardiomediastinum"": 0.5294771194458008, ""Fibrosis"": 0.5060279369354248, ""Fracture"": 0.5217229127883911, ""Hernia"": 0.18199969828128815, ""Infiltration"": 0.5124318599700928, ""Lung Lesion"": 0.04370240122079849, ""Lung Opacity"": 0.6408398151397705, ""Mass"": 0.5554444789886475, ""Nodule"": 0.516974925994873, ""Pleural_Thickening"": 0.509723424911499, ""Pneumonia"": 0.16574566066265106, ""Pneumothorax"": 0.5032553672790527}",retrieval_agent
patient00177/study4,patient00177/study4/view1_frontal.dcm,/home/jovyan/Desktop/MEDAGENT-X/data/raw/chexpert_plus/dicom_train/patient00177/study4/view1_frontal.dcm,torchxrayvision.DenseNet,densenet121-res224-all,cuda,0.5,0.2,"[""Atelectasis"", ""Consolidation"", ""Infiltration"", ""Pneumothorax"", ""Edema"", ""Emphysema"", ""Fibrosis"", ""Effusion"", ""Pneumonia"", ""Pleural_Thickening"", ""Cardiomegaly"", ""Nodule"", ""Mass"", ""Hernia"", ""Lung Lesion"", ""Fracture"", ""Lung Opacity"", ""Enlarged Cardiomediastinum""]",0.6957865953445435,present,Atelectasis,0.5280423164367676,present,Cardiomegaly,0.5833444595336914,present,Consolidation,0.5197603702545166,present,Edema,0.8537971377372742,present,Effusion,0.28433656692504883,uncertain,Pneumonia,0.5060795545578003,present,Pneumothorax,0.519850492477417,present,Fracture,0.16615664958953857,absent,Lung Lesion,0.7130969762802124,present,Lung Opacity,0.52564537525177,present,Enlarged Cardiomediastinum,0.5342965722084045,present,Pleural_Thickening,,unavailable,,,not_computed,,"[""Atelectasis"", ""Cardiomegaly"", ""Consolidation"", ""Edema"", ""Pleural Effusion"", ""Pneumothorax"", ""Fracture"", ""Lung Opacity"", ""Enlarged Cardiomediastinum"", ""Pleural Other""]","{""Atelectasis"": 0.6957865953445435, ""Cardiomegaly"": 0.5280423164367676, ""Consolidation"": 0.5833444595336914, ""Edema"": 0.5197603702545166, ""Effusion"": 0.8537971377372742, ""Emphysema"": 0.5008371472358704, ""Enlarged Cardiomediastinum"": 0.52564537525177, ""Fibrosis"": 0.5286264419555664, ""Fracture"": 0.519850492477417, ""Hernia"": 0.24298514425754547, ""Infiltration"": 0.5597246885299683, ""Lung Lesion"": 0.16615664958953857, ""Lung Opacity"": 0.7130969762802124, ""Mass"": 0.5296366214752197, ""Nodule"": 0.5169970393180847, ""Pleural_Thickening"": 0.5342965722084045, ""Pneumonia"": 0.28433656692504883, ""Pneumothorax"": 0.5060795545578003}",retrieval_agent
patient00177/study1,patient00177/study1/view1_frontal.dcm,/home/jovyan/Desktop/MEDAGENT-X/data/raw/chexpert_plus/dicom_train/patient00177/study1/view1_frontal.dcm,torchxrayvision.DenseNet,densenet121-res224-all,cuda,0.5,0.2,"[""Atelectasis"", ""Consolidation"", ""Infiltration"", ""Pneumothorax"", ""Edema"", ""Emphysema"", ""Fibrosis"", ""Effusion"", ""Pneumonia"", ""Pleural_Thickening"", ""Cardiomegaly"", ""Nodule"", ""Mass"", ""Hernia"", ""Lung Lesion"", ""Fracture"", ""Lung Opacity"", ""Enlarged Cardiomediastinum""]",0.6465299129486084,present,Atelectasis,0.527974009513855,present,Cardiomegaly,0.6028940677642822,present,Consolidation,0.5502150058746338,present,Edema,0.7821341156959534,present,Effusion,0.27121326327323914,uncertain,Pneumonia,0.5129781365394592,present,Pneumothorax,0.5261027812957764,present,Fracture,0.16289709508419037,absent,Lung Lesion,0.823016881942749,present,Lung Opacity,0.5513380765914917,present,Enlarged Cardiomediastinum,0.5147212147712708,present,Pleural_Thickening,,unavailable,,,not_computed,,"[""Atelectasis"", ""Cardiomegaly"", ""Consolidation"", ""Edema"", ""Pleural Effusion"", ""Pneumothorax"", ""Fracture"", ""Lung Opacity"", ""Enlarged Cardiomediastinum"", ""Pleural Other""]","{""Atelectasis"": 0.6465299129486084, ""Cardiomegaly"": 0.527974009513855, ""Consolidation"": 0.6028940677642822, ""Edema"": 0.5502150058746338, ""Effusion"": 0.7821341156959534, ""Emphysema"": 0.5027991533279419, ""Enlarged Cardiomediastinum"": 0.5513380765914917, ""Fibrosis"": 0.5181143283843994, ""Fracture"": 0.5261027812957764, ""Hernia"": 0.1120152622461319, ""Infiltration"": 0.5665135979652405, ""Lung Lesion"": 0.16289709508419037, ""Lung Opacity"": 0.823016881942749, ""Mass"": 0.5724824666976929, ""Nodule"": 0.5281248092651367, ""Pleural_Thickening"": 0.5147212147712708, ""Pneumonia"": 0.27121326327323914, ""Pneumothorax"": 0.5129781365394592}",retrieval_agent
patient00190/study1,patient00190/study1/view1_frontal.dcm,/home/jovyan/Desktop/MEDAGENT-X/data/raw/chexpert_plus/dicom_train/patient00190/study1/view1_frontal.dcm,torchxrayvision.DenseNet,densenet121-res224-all,cuda,0.5,0.2,"[""Atelectasis"", ""Consolidation"", ""Infiltration"", ""Pneumothorax"", ""Edema"", ""Emphysema"", ""Fibrosis"", ""Effusion"", ""Pneumonia"", ""Pleural_Thickening"", ""Cardiomegaly"", ""Nodule"", ""Mass"", ""Hernia"", ""Lung Lesion"", ""Fracture"", ""Lung Opacity"", ""Enlarged Cardiomediastinum""]",0.546756386756897,present,Atelectasis,0.5271029472351074,present,Cardiomegaly,0.5793178081512451,present,Consolidation,0.5012533664703369,present,Edema,0.581152617931366,present,Effusion,0.10516219586133957,absent,Pneumonia,0.5154865384101868,present,Pneumothorax,0.4178277254104614,uncertain,Fracture,0.09369106590747833,absent,Lung Lesion,0.8872534036636353,present,Lung Opacity,0.7069292664527893,present,Enlarged Cardiomediastinum,0.5313343405723572,present,Pleural_Thickening,,unavailable,,,not_computed,,"[""Atelectasis"", ""Cardiomegaly"", ""Consolidation"", ""Edema"", ""Pleural Effusion"", ""Pneumothorax"", ""Lung Opacity"", ""Enlarged Cardiomediastinum"", ""Pleural Other""]","{""Atelectasis"": 0.546756386756897, ""Cardiomegaly"": 0.5271029472351074, ""Consolidation"": 0.5793178081512451, ""Edema"": 0.5012533664703369, ""Effusion"": 0.581152617931366, ""Emphysema"": 0.5061184167861938, ""Enlarged Cardiomediastinum"": 0.7069292664527893, ""Fibrosis"": 0.5198279023170471, ""Fracture"": 0.4178277254104614, ""Hernia"": 0.0164213627576828, ""Infiltration"": 0.5439935922622681, ""Lung Lesion"": 0.09369106590747833, ""Lung Opacity"": 0.8872534036636353, ""Mass"": 0.7382552623748779, ""Nodule"": 0.531775951385498, ""Pleural_Thickening"": 0.5313343405723572, ""Pneumonia"": 0.10516219586133957, ""Pneumothorax"": 0.5154865384101868}",retrieval_agent
patient00190/study1,patient00190/study1/view2_frontal.dcm,/home/jovyan/Desktop/MEDAGENT-X/data/raw/chexpert_plus/dicom_train/patient00190/study1/view2_frontal.dcm,torchxrayvision.DenseNet,densenet121-res224-all,cuda,0.5,0.2,"[""Atelectasis"", ""Consolidation"", ""Infiltration"", ""Pneumothorax"", ""Edema"", ""Emphysema"", ""Fibrosis"", ""Effusion"", ""Pneumonia"", ""Pleural_Thickening"", ""Cardiomegaly"", ""Nodule"", ""Mass"", ""Hernia"", ""Lung Lesion"", ""Fracture"", ""Lung Opacity"", ""Enlarged Cardiomediastinum""]",0.5933628678321838,present,Atelectasis,0.540749728679657,present,Cardiomegaly,0.5312623977661133,present,Consolidation,0.13334769010543823,absent,Edema,0.5832778215408325,present,Effusion,0.017318405210971832,absent,Pneumonia,0.5027118921279907,present,Pneumothorax,0.51702880859375,present,Fracture,0.07218372076749802,absent,Lung Lesion,0.7289568781852722,present,Lung Opacity,0.5633748769760132,present,Enlarged Cardiomediastinum,0.5096950531005859,present,Pleural_Thickening,,unavailable,,,not_computed,,"[""Atelectasis"", ""Cardiomegaly"", ""Consolidation"", ""Pleural Effusion"", ""Pneumothorax"", ""Fracture"", ""Lung Opacity"", ""Enlarged Cardiomediastinum"", ""Pleural Other""]","{""Atelectasis"": 0.5933628678321838, ""Cardiomegaly"": 0.540749728679657, ""Consolidation"": 0.5312623977661133, ""Edema"": 0.13334769010543823, ""Effusion"": 0.5832778215408325, ""Emphysema"": 0.5044840574264526, ""Enlarged Cardiomediastinum"": 0.5633748769760132, ""Fibrosis"": 0.5205470323562622, ""Fracture"": 0.51702880859375, ""Hernia"": 0.2669373154640198, ""Infiltration"": 0.5142064094543457, ""Lung Lesion"": 0.07218372076749802, ""Lung Opacity"": 0.7289568781852722, ""Mass"": 0.7151696681976318, ""Nodule"": 0.5202409625053406, ""Pleural_Thickening"": 0.5096950531005859, ""Pneumonia"": 0.017318405210971832, ""Pneumothorax"": 0.5027118921279907}",retrieval_agent
patient00190/study2,patient00190/study2/view1_frontal.dcm,/home/jovyan/Desktop/MEDAGENT-X/data/raw/chexpert_plus/dicom_train/patient00190/study2/view1_frontal.dcm,torchxrayvision.DenseNet,densenet121-res224-all,cuda,0.5,0.2,"[""Atelectasis"", ""Consolidation"", ""Infiltration"", ""Pneumothorax"", ""Edema"", ""Emphysema"", ""Fibrosis"", ""Effusion"", ""Pneumonia"", ""Pleural_Thickening"", ""Cardiomegaly"", ""Nodule"", ""Mass"", ""Hernia"", ""Lung Lesion"", ""Fracture"", ""Lung Opacity"", ""Enlarged Cardiomediastinum""]",0.5024821758270264,present,Atelectasis,0.2716797888278961,uncertain,Cardiomegaly,0.512738823890686,present,Consolidation,0.05352276563644409,absent,Edema,0.5007444620132446,present,Effusion,0.016432197764515877,absent,Pneumonia,0.5107784867286682,present,Pneumothorax,0.5219104290008545,present,Fracture,0.02764996886253357,absent,Lung Lesion,0.6383763551712036,present,Lung Opacity,0.5421767234802246,present,Enlarged Cardiomediastinum,0.5203477144241333,present,Pleural_Thickening,,unavailable,,,not_computed,,"[""Atelectasis"", ""Consolidation"", ""Pleural Effusion"", ""Pneumothorax"", ""Fracture"", ""Lung Opacity"", ""Enlarged Cardiomediastinum"", ""Pleural Other""]","{""Atelectasis"": 0.5024821758270264, ""Cardiomegaly"": 0.2716797888278961, ""Consolidation"": 0.512738823890686, ""Edema"": 0.05352276563644409, ""Effusion"": 0.5007444620132446, ""Emphysema"": 0.5016263723373413, ""Enlarged Cardiomediastinum"": 0.5421767234802246, ""Fibrosis"": 0.5062406063079834, ""Fracture"": 0.5219104290008545, ""Hernia"": 0.12313331663608551, ""Infiltration"": 0.5087525844573975, ""Lung Lesion"": 0.02764996886253357, ""Lung Opacity"": 0.6383763551712036, ""Mass"": 0.6066105961799622, ""Nodule"": 0.518940269947052, ""Pleural_Thickening"": 0.5203477144241333, ""Pneumonia"": 0.016432197764515877, ""Pneumothorax"": 0.5107784867286682}",retrieval_agent
patient00201/study1,patient00201/study1/view1_frontal.dcm,/home/jovyan/Desktop/MEDAGENT-X/data/raw/chexpert_plus/dicom_train/patient00201/study1/view1_frontal.dcm,torchxrayvision.DenseNet,densenet121-res224-all,cuda,0.5,0.2,"[""Atelectasis"", ""Consolidation"", ""Infiltration"", ""Pneumothorax"", ""Edema"", ""Emphysema"", ""Fibrosis"", ""Effusion"", ""Pneumonia"", ""Pleural_Thickening"", ""Cardiomegaly"", ""Nodule"", ""Mass"", ""Hernia"", ""Lung Lesion"", ""Fracture"", ""Lung Opacity"", ""Enlarged Cardiomediastinum""]",0.2678788900375366,uncertain,Atelectasis,0.582332968711853,present,Cardiomegaly,0.24268299341201782,uncertain,Consolidation,0.019342320039868355,absent,Edema,0.09356477111577988,absent,Effusion,0.009331729263067245,absent,Pneumonia,0.05583326891064644,absent,Pneumothorax,0.14197102189064026,absent,Fracture,0.006225141696631908,absent,Lung Lesion,0.23892951011657715,uncertain,Lung Opacity,0.3462808430194855,uncertain,Enlarged Cardiomediastinum,0.2582522928714752,uncertain,Pleural_Thickening,,unavailable,,,not_computed,,"[""Cardiomegaly""]","{""Atelectasis"": 0.2678788900375366, ""Cardiomegaly"": 0.582332968711853, ""Consolidation"": 0.24268299341201782, ""Edema"": 0.019342320039868355, ""Effusion"": 0.09356477111577988, ""Emphysema"": 0.500138521194458, ""Enlarged Cardiomediastinum"": 0.3462808430194855, ""Fibrosis"": 0.5026898384094238, ""Fracture"": 0.14197102189064026, ""Hernia"": 0.004873447120189667, ""Infiltration"": 0.11205877363681793, ""Lung Lesion"": 0.006225141696631908, ""Lung Opacity"": 0.23892951011657715, ""Mass"": 0.5001967549324036, ""Nodule"": 0.5018740892410278, ""Pleural_Thickening"": 0.2582522928714752, ""Pneumonia"": 0.009331729263067245, ""Pneumothorax"": 0.05583326891064644}",retrieval_agent
patient00201/study1,patient00201/study1/view2_lateral.dcm,/home/jovyan/Desktop/MEDAGENT-X/data/raw/chexpert_plus/dicom_train/patient00201/study1/view2_lateral.dcm,torchxrayvision.DenseNet,densenet121-res224-all,cuda,0.5,0.2,"[""Atelectasis"", ""Consolidation"", ""Infiltration"", ""Pneumothorax"", ""Edema"", ""Emphysema"", ""Fibrosis"", ""Effusion"", ""Pneumonia"", ""Pleural_Thickening"", ""Cardiomegaly"", ""Nodule"", ""Mass"", ""Hernia"", ""Lung Lesion"", ""Fracture"", ""Lung Opacity"", ""Enlarged Cardiomediastinum""]",0.23656576871871948,uncertain,Atelectasis,0.03539879620075226,absent,Cardiomegaly,0.45282796025276184,uncertain,Consolidation,0.09264761954545975,absent,Edema,0.14001934230327606,absent,Effusion,0.6048698425292969,present,Pneumonia,0.08231230080127716,absent,Pneumothorax,0.11142869293689728,absent,Fracture,0.001180577906779945,absent,Lung Lesion,0.7577626705169678,present,Lung Opacity,0.23153355717658997,uncertain,Enlarged Cardiomediastinum,0.061828259378671646,absent,Pleural_Thickening,,unavailable,,,not_computed,,"[""Pneumonia"", ""Lung Opacity""]","{""Atelectasis"": 0.23656576871871948, ""Cardiomegaly"": 0.03539879620075226, ""Consolidation"": 0.45282796025276184, ""Edema"": 0.09264761954545975, ""Effusion"": 0.14001934230327606, ""Emphysema"": 0.5031072497367859, ""Enlarged Cardiomediastinum"": 0.23153355717658997, ""Fibrosis"": 0.04102126881480217, ""Fracture"": 0.11142869293689728, ""Hernia"": 0.001956021413207054, ""Infiltration"": 0.2899727523326874, ""Lung Lesion"": 0.001180577906779945, ""Lung Opacity"": 0.7577626705169678, ""Mass"": 0.48330041766166687, ""Nodule"": 0.5003639459609985, ""Pleural_Thickening"": 0.061828259378671646, ""Pneumonia"": 0.6048698425292969, ""Pneumothorax"": 0.08231230080127716}",retrieval_agent
patient00201/study2,patient00201/study2/view1_frontal.dcm,/home/jovyan/Desktop/MEDAGENT-X/data/raw/chexpert_plus/dicom_train/patient00201/study2/view1_frontal.dcm,torchxrayvision.DenseNet,densenet121-res224-all,cuda,0.5,0.2,"[""Atelectasis"", ""Consolidation"", ""Infiltration"", ""Pneumothorax"", ""Edema"", ""Emphysema"", ""Fibrosis"", ""Effusion"", ""Pneumonia"", ""Pleural_Thickening"", ""Cardiomegaly"", ""Nodule"", ""Mass"", ""Hernia"", ""Lung Lesion"", ""Fracture"", ""Lung Opacity"", ""Enlarged Cardiomediastinum""]",0.43239688873291016,uncertain,Atelectasis,0.5076388120651245,present,Cardiomegaly,0.23681195080280304,uncertain,Consolidation,0.04502296447753906,absent,Edema,0.03768383339047432,absent,Effusion,0.0179403368383646,absent,Pneumonia,0.006048619281500578,absent,Pneumothorax,0.1818801313638687,absent,Fracture,0.0032463951501995325,absent,Lung Lesion,0.22328148782253265,uncertain,Lung Opacity,0.12325387448072433,absent,Enlarged Cardiomediastinum,0.07147679477930069,absent,Pleural_Thickening,,unavailable,,,not_computed,,"[""Cardiomegaly""]","{""Atelectasis"": 0.43239688873291016, ""Cardiomegaly"": 0.5076388120651245, ""Consolidation"": 0.23681195080280304, ""Edema"": 0.04502296447753906, ""Effusion"": 0.03768383339047432, ""Emphysema"": 0.500862717628479, ""Enlarged Cardiomediastinum"": 0.12325387448072433, ""Fibrosis"": 0.5003670454025269, ""Fracture"": 0.1818801313638687, ""Hernia"": 0.013692519627511501, ""Infiltration"": 0.08389592170715332, ""Lung Lesion"": 0.0032463951501995325, ""Lung Opacity"": 0.22328148782253265, ""Mass"": 0.284115195274353, ""Nodule"": 0.3651141822338104, ""Pleural_Thickening"": 0.07147679477930069, ""Pneumonia"": 0.0179403368383646, ""Pneumothorax"": 0.006048619281500578}",retrieval_agent
patient00201/study2,patient00201/study2/view2_lateral.dcm,/home/jovyan/Desktop/MEDAGENT-X/data/raw/chexpert_plus/dicom_train/patient00201/study2/view2_lateral.dcm,torchxrayvision.DenseNet,densenet121-res224-all,cuda,0.5,0.2,"[""Atelectasis"", ""Consolidation"", ""Infiltration"", ""Pneumothorax"", ""Edema"", ""Emphysema"", ""Fibrosis"", ""Effusion"", ""Pneumonia"", ""Pleural_Thickening"", ""Cardiomegaly"", ""Nodule"", ""Mass"", ""Hernia"", ""Lung Lesion"", ""Fracture"", ""Lung Opacity"", ""Enlarged Cardiomediastinum""]",0.5236935019493103,present,Atelectasis,0.532351016998291,present,Cardiomegaly,0.5256456136703491,present,Consolidation,0.5193058252334595,present,Edema,0.4733530282974243,uncertain,Effusion,0.6158555746078491,present,Pneumonia,0.047196175903081894,absent,Pneumothorax,0.2723645269870758,uncertain,Fracture,0.1068648174405098,absent,Lung Lesion,0.7709312438964844,present,Lung Opacity,0.5018380284309387,present,Enlarged Cardiomediastinum,0.017964765429496765,absent,Pleural_Thickening,,unavailable,,,not_computed,,"[""Atelectasis"", ""Cardiomegaly"", ""Consolidation"", ""Edema"", ""Pneumonia"", ""Lung Opacity"", ""Enlarged Cardiomediastinum""]","{""Atelectasis"": 0.5236935019493103, ""Cardiomegaly"": 0.532351016998291, ""Consolidation"": 0.5256456136703491, ""Edema"": 0.5193058252334595, ""Effusion"": 0.4733530282974243, ""Emphysema"": 0.5029702186584473, ""Enlarged Cardiomediastinum"": 0.5018380284309387, ""Fibrosis"": 0.024488193914294243, ""Fracture"": 0.2723645269870758, ""Hernia"": 0.0033014705404639244, ""Infiltration"": 0.47907575964927673, ""Lung Lesion"": 0.1068648174405098, ""Lung Opacity"": 0.7709312438964844, ""Mass"": 0.19047632813453674, ""Nodule"": 0.4432418942451477, ""Pleural_Thickening"": 0.017964765429496765, ""Pneumonia"": 0.6158555746078491, ""Pneumothorax"": 0.047196175903081894}",retrieval_agent
patient00203/study2,patient00203/study2/view2_lateral.dcm,/home/jovyan/Desktop/MEDAGENT-X/data/raw/chexpert_plus/dicom_train/patient00203/study2/view2_lateral.dcm,torchxrayvision.DenseNet,densenet121-res224-all,cuda,0.5,0.2,"[""Atelectasis"", ""Consolidation"", ""Infiltration"", ""Pneumothorax"", ""Edema"", ""Emphysema"", ""Fibrosis"", ""Effusion"", ""Pneumonia"", ""Pleural_Thickening"", ""Cardiomegaly"", ""Nodule"", ""Mass"", ""Hernia"", ""Lung Lesion"", ""Fracture"", ""Lung Opacity"", ""Enlarged Cardiomediastinum""]",0.14880456030368805,absent,Atelectasis,0.08515243977308273,absent,Cardiomegaly,0.43416762351989746,uncertain,Consolidation,0.10950977355241776,absent,Edema,0.06724691390991211,absent,Effusion,0.5182251334190369,present,Pneumonia,0.09054876863956451,absent,Pneumothorax,0.1469787061214447,absent,Fracture,0.006216160021722317,absent,Lung Lesion,0.5957518815994263,present,Lung Opacity,0.19933606684207916,absent,Enlarged Cardiomediastinum,0.16116011142730713,absent,Pleural_Thickening,,unavailable,,,not_computed,,"[""Pneumonia"", ""Lung Opacity""]","{""Atelectasis"": 0.14880456030368805, ""Cardiomegaly"": 0.08515243977308273, ""Consolidation"": 0.43416762351989746, ""Edema"": 0.10950977355241776, ""Effusion"": 0.06724691390991211, ""Emphysema"": 0.5031530261039734, ""Enlarged Cardiomediastinum"": 0.19933606684207916, ""Fibrosis"": 0.16116057336330414, ""Fracture"": 0.1469787061214447, ""Hernia"": 0.025383586063981056, ""Infiltration"": 0.5089397430419922, ""Lung Lesion"": 0.006216160021722317, ""Lung Opacity"": 0.5957518815994263, ""Mass"": 0.18642348051071167, ""Nodule"": 0.32801157236099243, ""Pleural_Thickening"": 0.16116011142730713, ""Pneumonia"": 0.5182251334190369, ""Pneumothorax"": 0.09054876863956451}",retrieval_agent
patient00203/study1,patient00203/study1/view1_frontal.dcm,/home/jovyan/Desktop/MEDAGENT-X/data/raw/chexpert_plus/dicom_train/patient00203/study1/view1_frontal.dcm,torchxrayvision.DenseNet,densenet121-res224-all,cuda,0.5,0.2,"[""Atelectasis"", ""Consolidation"", ""Infiltration"", ""Pneumothorax"", ""Edema"", ""Emphysema"", ""Fibrosis"", ""Effusion"", ""Pneumonia"", ""Pleural_Thickening"", ""Cardiomegaly"", ""Nodule"", ""Mass"", ""Hernia"", ""Lung Lesion"", ""Fracture"", ""Lung Opacity"", ""Enlarged Cardiomediastinum""]",0.0545148104429245,absent,Atelectasis,0.004718657582998276,absent,Cardiomegaly,0.2962760031223297,uncertain,Consolidation,0.0005174434627406299,absent,Edema,0.021464159712195396,absent,Effusion,0.17599646747112274,absent,Pneumonia,0.5002419948577881,present,Pneumothorax,0.21662889420986176,uncertain,Fracture,0.0017107869498431683,absent,Lung Lesion,0.14237916469573975,absent,Lung Opacity,0.07326769083738327,absent,Enlarged Cardiomediastinum,0.34160560369491577,uncertain,Pleural_Thickening,,unavailable,,,not_computed,,"[""Pneumothorax""]","{""Atelectasis"": 0.0545148104429245, ""Cardiomegaly"": 0.004718657582998276, ""Consolidation"": 0.2962760031223297, ""Edema"": 0.0005174434627406299, ""Effusion"": 0.021464159712195396, ""Emphysema"": 0.2853390574455261, ""Enlarged Cardiomediastinum"": 0.07326769083738327, ""Fibrosis"": 0.5006476640701294, ""Fracture"": 0.21662889420986176, ""Hernia"": 0.0127797219902277, ""Infiltration"": 0.37672626972198486, ""Lung Lesion"": 0.0017107869498431683, ""Lung Opacity"": 0.14237916469573975, ""Mass"": 0.25065362453460693, ""Nodule"": 0.5073196887969971, ""Pleural_Thickening"": 0.34160560369491577, ""Pneumonia"": 0.17599646747112274, ""Pneumothorax"": 0.5002419948577881}",retrieval_agent
patient00203/study1,patient00203/study1/view2_lateral.dcm,/home/jovyan/Desktop/MEDAGENT-X/data/raw/chexpert_plus/dicom_train/patient00203/study1/view2_lateral.dcm,torchxrayvision.DenseNet,densenet121-res224-all,cuda,0.5,0.2,"[""Atelectasis"", ""Consolidation"", ""Infiltration"", ""Pneumothorax"", ""Edema"", ""Emphysema"", ""Fibrosis"", ""Effusion"", ""Pneumonia"", ""Pleural_Thickening"", ""Cardiomegaly"", ""Nodule"", ""Mass"", ""Hernia"", ""Lung Lesion"", ""Fracture"", ""Lung Opacity"", ""Enlarged Cardiomediastinum""]",0.26009881496429443,uncertain,Atelectasis,0.5031977891921997,present,Cardiomegaly,0.5001144409179688,present,Consolidation,0.06927157938480377,absent,Edema,0.20562167465686798,uncertain,Effusion,0.03643937408924103,absent,Pneumonia,0.5000898241996765,present,Pneumothorax,0.5046888589859009,present,Fracture,0.15949706733226776,absent,Lung Lesion,0.5673283338546753,present,Lung Opacity,0.5269556045532227,present,Enlarged Cardiomediastinum,0.45247164368629456,uncertain,Pleural_Thickening,,unavailable,,,not_computed,,"[""Cardiomegaly"", ""Consolidation"", ""Pneumothorax"", ""Fracture"", ""Lung Opacity"", ""Enlarged Cardiomediastinum""]","{""Atelectasis"": 0.26009881496429443, ""Cardiomegaly"": 0.5031977891921997, ""Consolidation"": 0.5001144409179688, ""Edema"": 0.06927157938480377, ""Effusion"": 0.20562167465686798, ""Emphysema"": 0.5084177255630493, ""Enlarged Cardiomediastinum"": 0.5269556045532227, ""Fibrosis"": 0.5059312582015991, ""Fracture"": 0.5046888589859009, ""Hernia"": 0.09351687878370285, ""Infiltration"": 0.5300523042678833, ""Lung Lesion"": 0.15949706733226776, ""Lung Opacity"": 0.5673283338546753, ""Mass"": 0.559664249420166, ""Nodule"": 0.5131810903549194, ""Pleural_Thickening"": 0.45247164368629456, ""Pneumonia"": 0.03643937408924103, ""Pneumothorax"": 0.5000898241996765}",retrieval_agent
patient00207/study1,patient00207/study1/view1_frontal.dcm,/home/jovyan/Desktop/MEDAGENT-X/data/raw/chexpert_plus/dicom_train/patient00207/study1/view1_frontal.dcm,torchxrayvision.DenseNet,densenet121-res224-all,cuda,0.5,0.2,"[""Atelectasis"", ""Consolidation"", ""Infiltration"", ""Pneumothorax"", ""Edema"", ""Emphysema"", ""Fibrosis"", ""Effusion"", ""Pneumonia"", ""Pleural_Thickening"", ""Cardiomegaly"", ""Nodule"", ""Mass"", ""Hernia"", ""Lung Lesion"", ""Fracture"", ""Lung Opacity"", ""Enlarged Cardiomediastinum""]",0.5352979898452759,present,Atelectasis,0.5029396414756775,present,Cardiomegaly,0.5197091102600098,present,Consolidation,0.1177448034286499,absent,Edema,0.27480292320251465,uncertain,Effusion,0.05278855189681053,absent,Pneumonia,0.08667123317718506,absent,Pneumothorax,0.3299684226512909,uncertain,Fracture,0.00711612356826663,absent,Lung Lesion,0.5874043703079224,present,Lung Opacity,0.28232741355895996,uncertain,Enlarged Cardiomediastinum,0.1564795970916748,absent,Pleural_Thickening,,unavailable,,,not_computed,,"[""Atelectasis"", ""Cardiomegaly"", ""Consolidation"", ""Lung Opacity""]","{""Atelectasis"": 0.5352979898452759, ""Cardiomegaly"": 0.5029396414756775, ""Consolidation"": 0.5197091102600098, ""Edema"": 0.1177448034286499, ""Effusion"": 0.27480292320251465, ""Emphysema"": 0.3632986843585968, ""Enlarged Cardiomediastinum"": 0.28232741355895996, ""Fibrosis"": 0.5034127235412598, ""Fracture"": 0.3299684226512909, ""Hernia"": 0.005082294810563326, ""Infiltration"": 0.3385046124458313, ""Lung Lesion"": 0.00711612356826663, ""Lung Opacity"": 0.5874043703079224, ""Mass"": 0.5216177105903625, ""Nodule"": 0.5009746551513672, ""Pleural_Thickening"": 0.1564795970916748, ""Pneumonia"": 0.05278855189681053, ""Pneumothorax"": 0.08667123317718506}",retrieval_agent
patient00215/study1,patient00215/study1/view2_lateral.dcm,/home/jovyan/Desktop/MEDAGENT-X/data/raw/chexpert_plus/dicom_train/patient00215/study1/view2_lateral.dcm,torchxrayvision.DenseNet,densenet121-res224-all,cuda,0.5,0.2,"[""Atelectasis"", ""Consolidation"", ""Infiltration"", ""Pneumothorax"", ""Edema"", ""Emphysema"", ""Fibrosis"", ""Effusion"", ""Pneumonia"", ""Pleural_Thickening"", ""Cardiomegaly"", ""Nodule"", ""Mass"", ""Hernia"", ""Lung Lesion"", ""Fracture"", ""Lung Opacity"", ""Enlarged Cardiomediastinum""]",0.4749179780483246,uncertain,Atelectasis,0.11201097071170807,absent,Cardiomegaly,0.5009878873825073,present,Consolidation,0.2508668303489685,uncertain,Edema,0.5120598077774048,present,Effusion,0.6582218408584595,present,Pneumonia,0.08995426446199417,absent,Pneumothorax,0.1357109248638153,absent,Fracture,0.007772266399115324,absent,Lung Lesion,0.806499719619751,present,Lung Opacity,0.2852863073348999,uncertain,Enlarged Cardiomediastinum,0.07208458334207535,absent,Pleural_Thickening,,unavailable,,,not_computed,,"[""Consolidation"", ""Pleural Effusion"", ""Pneumonia"", ""Lung Opacity""]","{""Atelectasis"": 0.4749179780483246, ""Cardiomegaly"": 0.11201097071170807, ""Consolidation"": 0.5009878873825073, ""Edema"": 0.2508668303489685, ""Effusion"": 0.5120598077774048, ""Emphysema"": 0.5060168504714966, ""Enlarged Cardiomediastinum"": 0.2852863073348999, ""Fibrosis"": 0.1059522032737732, ""Fracture"": 0.1357109248638153, ""Hernia"": 0.011821151711046696, ""Infiltration"": 0.5325458645820618, ""Lung Lesion"": 0.007772266399115324, ""Lung Opacity"": 0.806499719619751, ""Mass"": 0.31020477414131165, ""Nodule"": 0.3844843804836273, ""Pleural_Thickening"": 0.07208458334207535, ""Pneumonia"": 0.6582218408584595, ""Pneumothorax"": 0.08995426446199417}",retrieval_agent
patient00223/study1,patient00223/study1/view1_frontal.dcm,/home/jovyan/Desktop/MEDAGENT-X/data/raw/chexpert_plus/dicom_train/patient00223/study1/view1_frontal.dcm,torchxrayvision.DenseNet,densenet121-res224-all,cuda,0.5,0.2,"[""Atelectasis"", ""Consolidation"", ""Infiltration"", ""Pneumothorax"", ""Edema"", ""Emphysema"", ""Fibrosis"", ""Effusion"", ""Pneumonia"", ""Pleural_Thickening"", ""Cardiomegaly"", ""Nodule"", ""Mass"", ""Hernia"", ""Lung Lesion"", ""Fracture"", ""Lung Opacity"", ""Enlarged Cardiomediastinum""]",0.2889111340045929,uncertain,Atelectasis,0.005987175740301609,absent,Cardiomegaly,0.360123872756958,uncertain,Consolidation,0.004303907509893179,absent,Edema,0.13248547911643982,absent,Effusion,0.06573440134525299,absent,Pneumonia,0.2902073264122009,uncertain,Pneumothorax,0.36218172311782837,uncertain,Fracture,0.0029225382022559643,absent,Lung Lesion,0.1654161661863327,absent,Lung Opacity,0.03328648582100868,absent,Enlarged Cardiomediastinum,0.2446315884590149,uncertain,Pleural_Thickening,,unavailable,,,not_computed,,[],"{""Atelectasis"": 0.2889111340045929, ""Cardiomegaly"": 0.005987175740301609, ""Consolidation"": 0.360123872756958, ""Edema"": 0.004303907509893179, ""Effusion"": 0.13248547911643982, ""Emphysema"": 0.18541687726974487, ""Enlarged Cardiomediastinum"": 0.03328648582100868, ""Fibrosis"": 0.48534974455833435, ""Fracture"": 0.36218172311782837, ""Hernia"": 0.0021988200023770332, ""Infiltration"": 0.37095874547958374, ""Lung Lesion"": 0.0029225382022559643, ""Lung Opacity"": 0.1654161661863327, ""Mass"": 0.441711962223053, ""Nodule"": 0.3330807387828827, ""Pleural_Thickening"": 0.2446315884590149, ""Pneumonia"": 0.06573440134525299, ""Pneumothorax"": 0.2902073264122009}",retrieval_agent
patient00224/study1,patient00224/study1/view1_frontal.dcm,/home/jovyan/Desktop/MEDAGENT-X/data/raw/chexpert_plus/dicom_train/patient00224/study1/view1_frontal.dcm,torchxrayvision.DenseNet,densenet121-res224-all,cuda,0.5,0.2,"[""Atelectasis"", ""Consolidation"", ""Infiltration"", ""Pneumothorax"", ""Edema"", ""Emphysema"", ""Fibrosis"", ""Effusion"", ""Pneumonia"", ""Pleural_Thickening"", ""Cardiomegaly"", ""Nodule"", ""Mass"", ""Hernia"", ""Lung Lesion"", ""Fracture"", ""Lung Opacity"", ""Enlarged Cardiomediastinum""]",0.5233516693115234,present,Atelectasis,0.345906525850296,uncertain,Cardiomegaly,0.5059177875518799,present,Consolidation,0.04040330648422241,absent,Edema,0.19370606541633606,absent,Effusion,0.03655686601996422,absent,Pneumonia,0.008120808750391006,absent,Pneumothorax,0.26580873131752014,uncertain,Fracture,0.0025077294558286667,absent,Lung Lesion,0.28164124488830566,uncertain,Lung Opacity,0.08347170799970627,absent,Enlarged Cardiomediastinum,0.09720983356237411,absent,Pleural_Thickening,,unavailable,,,not_computed,,"[""Atelectasis"", ""Consolidation""]","{""Atelectasis"": 0.5233516693115234, ""Cardiomegaly"": 0.345906525850296, ""Consolidation"": 0.5059177875518799, ""Edema"": 0.04040330648422241, ""Effusion"": 0.19370606541633606, ""Emphysema"": 0.12260688841342926, ""Enlarged Cardiomediastinum"": 0.08347170799970627, ""Fibrosis"": 0.20147746801376343, ""Fracture"": 0.26580873131752014, ""Hernia"": 0.09895148128271103, ""Infiltration"": 0.16362614929676056, ""Lung Lesion"": 0.0025077294558286667, ""Lung Opacity"": 0.28164124488830566, ""Mass"": 0.5034313201904297, ""Nodule"": 0.19490091502666473, ""Pleural_Thickening"": 0.09720983356237411, ""Pneumonia"": 0.03655686601996422, ""Pneumothorax"": 0.008120808750391006}",retrieval_agent
patient00224/study1,patient00224/study1/view2_lateral.dcm,/home/jovyan/Desktop/MEDAGENT-X/data/raw/chexpert_plus/dicom_train/patient00224/study1/view2_lateral.dcm,torchxrayvision.DenseNet,densenet121-res224-all,cuda,0.5,0.2,"[""Atelectasis"", ""Consolidation"", ""Infiltration"", ""Pneumothorax"", ""Edema"", ""Emphysema"", ""Fibrosis"", ""Effusion"", ""Pneumonia"", ""Pleural_Thickening"", ""Cardiomegaly"", ""Nodule"", ""Mass"", ""Hernia"", ""Lung Lesion"", ""Fracture"", ""Lung Opacity"", ""Enlarged Cardiomediastinum""]",0.5907459259033203,present,Atelectasis,0.5654573440551758,present,Cardiomegaly,0.583709716796875,present,Consolidation,0.5341048240661621,present,Edema,0.8265209794044495,present,Effusion,0.6788525581359863,present,Pneumonia,0.3537236750125885,uncertain,Pneumothorax,0.3625398576259613,uncertain,Fracture,0.5202139616012573,present,Lung Lesion,0.8508658409118652,present,Lung Opacity,0.6233387589454651,present,Enlarged Cardiomediastinum,0.1221676915884018,absent,Pleural_Thickening,,unavailable,,,not_computed,,"[""Atelectasis"", ""Cardiomegaly"", ""Consolidation"", ""Edema"", ""Pleural Effusion"", ""Pneumonia"", ""Lung Lesion"", ""Lung Opacity"", ""Enlarged Cardiomediastinum""]","{""Atelectasis"": 0.5907459259033203, ""Cardiomegaly"": 0.5654573440551758, ""Consolidation"": 0.583709716796875, ""Edema"": 0.5341048240661621, ""Effusion"": 0.8265209794044495, ""Emphysema"": 0.5055497884750366, ""Enlarged Cardiomediastinum"": 0.6233387589454651, ""Fibrosis"": 0.3053555190563202, ""Fracture"": 0.3625398576259613, ""Hernia"": 0.0023361151106655598, ""Infiltration"": 0.5031483173370361, ""Lung Lesion"": 0.5202139616012573, ""Lung Opacity"": 0.8508658409118652, ""Mass"": 0.5296570062637329, ""Nodule"": 0.516567587852478, ""Pleural_Thickening"": 0.1221676915884018, ""Pneumonia"": 0.6788525581359863, ""Pneumothorax"": 0.3537236750125885}",retrieval_agent
patient00228/study1,patient00228/study1/view1_frontal.dcm,/home/jovyan/Desktop/MEDAGENT-X/data/raw/chexpert_plus/dicom_train/patient00228/study1/view1_frontal.dcm,torchxrayvision.DenseNet,densenet121-res224-all,cuda,0.5,0.2,"[""Atelectasis"", ""Consolidation"", ""Infiltration"", ""Pneumothorax"", ""Edema"", ""Emphysema"", ""Fibrosis"", ""Effusion"", ""Pneumonia"", ""Pleural_Thickening"", ""Cardiomegaly"", ""Nodule"", ""Mass"", ""Hernia"", ""Lung Lesion"", ""Fracture"", ""Lung Opacity"", ""Enlarged Cardiomediastinum""]",0.5126664638519287,present,Atelectasis,0.14058546721935272,absent,Cardiomegaly,0.5015109777450562,present,Consolidation,0.08851712942123413,absent,Edema,0.23682841658592224,uncertain,Effusion,0.012080457992851734,absent,Pneumonia,0.5108964443206787,present,Pneumothorax,0.5531145334243774,present,Fracture,0.08323189616203308,absent,Lung Lesion,0.6235348582267761,present,Lung Opacity,0.506688117980957,present,Enlarged Cardiomediastinum,0.5134917497634888,present,Pleural_Thickening,,unavailable,,,not_computed,,"[""Atelectasis"", ""Consolidation"", ""Pneumothorax"", ""Fracture"", ""Lung Opacity"", ""Enlarged Cardiomediastinum"", ""Pleural Other""]","{""Atelectasis"": 0.5126664638519287, ""Cardiomegaly"": 0.14058546721935272, ""Consolidation"": 0.5015109777450562, ""Edema"": 0.08851712942123413, ""Effusion"": 0.23682841658592224, ""Emphysema"": 0.5020100474357605, ""Enlarged Cardiomediastinum"": 0.506688117980957, ""Fibrosis"": 0.5190744400024414, ""Fracture"": 0.5531145334243774, ""Hernia"": 0.036759279668331146, ""Infiltration"": 0.5330632925033569, ""Lung Lesion"": 0.08323189616203308, ""Lung Opacity"": 0.6235348582267761, ""Mass"": 0.5809186697006226, ""Nodule"": 0.5118458271026611, ""Pleural_Thickening"": 0.5134917497634888, ""Pneumonia"": 0.012080457992851734, ""Pneumothorax"": 0.5108964443206787}",retrieval_agent
patient00236/study2,patient00236/study2/view1_frontal.dcm,/home/jovyan/Desktop/MEDAGENT-X/data/raw/chexpert_plus/dicom_train/patient00236/study2/view1_frontal.dcm,torchxrayvision.DenseNet,densenet121-res224-all,cuda,0.5,0.2,"[""Atelectasis"", ""Consolidation"", ""Infiltration"", ""Pneumothorax"", ""Edema"", ""Emphysema"", ""Fibrosis"", ""Effusion"", ""Pneumonia"", ""Pleural_Thickening"", ""Cardiomegaly"", ""Nodule"", ""Mass"", ""Hernia"", ""Lung Lesion"", ""Fracture"", ""Lung Opacity"", ""Enlarged Cardiomediastinum""]",0.7370585203170776,present,Atelectasis,0.9026992917060852,present,Cardiomegaly,0.8125380873680115,present,Consolidation,0.6567718386650085,present,Edema,0.7838507294654846,present,Effusion,0.6021791696548462,present,Pneumonia,0.5083810091018677,present,Pneumothorax,0.5162796974182129,present,Fracture,0.6951309442520142,present,Lung Lesion,0.9272329211235046,present,Lung Opacity,0.7477315664291382,present,Enlarged Cardiomediastinum,0.168634295463562,absent,Pleural_Thickening,,unavailable,,,not_computed,,"[""Atelectasis"", ""Cardiomegaly"", ""Consolidation"", ""Edema"", ""Pleural Effusion"", ""Pneumonia"", ""Pneumothorax"", ""Fracture"", ""Lung Lesion"", ""Lung Opacity"", ""Enlarged Cardiomediastinum""]","{""Atelectasis"": 0.7370585203170776, ""Cardiomegaly"": 0.9026992917060852, ""Consolidation"": 0.8125380873680115, ""Edema"": 0.6567718386650085, ""Effusion"": 0.7838507294654846, ""Emphysema"": 0.5000506043434143, ""Enlarged Cardiomediastinum"": 0.7477315664291382, ""Fibrosis"": 0.5010280609130859, ""Fracture"": 0.5162796974182129, ""Hernia"": 0.06783618032932281, ""Infiltration"": 0.7088870406150818, ""Lung Lesion"": 0.6951309442520142, ""Lung Opacity"": 0.9272329211235046, ""Mass"": 0.7455517053604126, ""Nodule"": 0.5404900312423706, ""Pleural_Thickening"": 0.168634295463562, ""Pneumonia"": 0.6021791696548462, ""Pneumothorax"": 0.5083810091018677}",retrieval_agent
patient00236/study1,patient00236/study1/view1_frontal.dcm,/home/jovyan/Desktop/MEDAGENT-X/data/raw/chexpert_plus/dicom_train/patient00236/study1/view1_frontal.dcm,torchxrayvision.DenseNet,densenet121-res224-all,cuda,0.5,0.2,"[""Atelectasis"", ""Consolidation"", ""Infiltration"", ""Pneumothorax"", ""Edema"", ""Emphysema"", ""Fibrosis"", ""Effusion"", ""Pneumonia"", ""Pleural_Thickening"", ""Cardiomegaly"", ""Nodule"", ""Mass"", ""Hernia"", ""Lung Lesion"", ""Fracture"", ""Lung Opacity"", ""Enlarged Cardiomediastinum""]",0.7444113492965698,present,Atelectasis,0.8597804307937622,present,Cardiomegaly,0.6762570142745972,present,Consolidation,0.5606634616851807,present,Edema,0.8544734716415405,present,Effusion,0.5135096311569214,present,Pneumonia,0.5216164588928223,present,Pneumothorax,0.5444678068161011,present,Fracture,0.604573667049408,present,Lung Lesion,0.8127639293670654,present,Lung Opacity,0.6457176208496094,present,Enlarged Cardiomediastinum,0.5164119601249695,present,Pleural_Thickening,,unavailable,,,not_computed,,"[""Atelectasis"", ""Cardiomegaly"", ""Consolidation"", ""Edema"", ""Pleural Effusion"", ""Pneumonia"", ""Pneumothorax"", ""Fracture"", ""Lung Lesion"", ""Lung Opacity"", ""Enlarged Cardiomediastinum"", ""Pleural Other""]","{""Atelectasis"": 0.7444113492965698, ""Cardiomegaly"": 0.8597804307937622, ""Consolidation"": 0.6762570142745972, ""Edema"": 0.5606634616851807, ""Effusion"": 0.8544734716415405, ""Emphysema"": 0.5004124641418457, ""Enlarged Cardiomediastinum"": 0.6457176208496094, ""Fibrosis"": 0.5063248872756958, ""Fracture"": 0.5444678068161011, ""Hernia"": 0.5278002619743347, ""Infiltration"": 0.612532913684845, ""Lung Lesion"": 0.604573667049408, ""Lung Opacity"": 0.8127639293670654, ""Mass"": 0.7040994167327881, ""Nodule"": 0.5298464298248291, ""Pleural_Thickening"": 0.5164119601249695, ""Pneumonia"": 0.5135096311569214, ""Pneumothorax"": 0.5216164588928223}",retrieval_agent
patient00240/study1,patient00240/study1/view1_frontal.dcm,/home/jovyan/Desktop/MEDAGENT-X/data/raw/chexpert_plus/dicom_train/patient00240/study1/view1_frontal.dcm,torchxrayvision.DenseNet,densenet121-res224-all,cuda,0.5,0.2,"[""Atelectasis"", ""Consolidation"", ""Infiltration"", ""Pneumothorax"", ""Edema"", ""Emphysema"", ""Fibrosis"", ""Effusion"", ""Pneumonia"", ""Pleural_Thickening"", ""Cardiomegaly"", ""Nodule"", ""Mass"", ""Hernia"", ""Lung Lesion"", ""Fracture"", ""Lung Opacity"", ""Enlarged Cardiomediastinum""]",0.06654512137174606,absent,Atelectasis,0.023552481085062027,absent,Cardiomegaly,0.08370907604694366,absent,Consolidation,0.0008293233695439994,absent,Edema,0.008337782695889473,absent,Effusion,0.0011816711630672216,absent,Pneumonia,0.0061961752362549305,absent,Pneumothorax,0.05596518889069557,absent,Fracture,0.00011516117956489325,absent,Lung Lesion,0.05840674415230751,absent,Lung Opacity,0.018493304029107094,absent,Enlarged Cardiomediastinum,0.0455990806221962,absent,Pleural_Thickening,,unavailable,,,not_computed,,[],"{""Atelectasis"": 0.06654512137174606, ""Cardiomegaly"": 0.023552481085062027, ""Consolidation"": 0.08370907604694366, ""Edema"": 0.0008293233695439994, ""Effusion"": 0.008337782695889473, ""Emphysema"": 0.13474784791469574, ""Enlarged Cardiomediastinum"": 0.018493304029107094, ""Fibrosis"": 0.15180924534797668, ""Fracture"": 0.05596518889069557, ""Hernia"": 0.012598391622304916, ""Infiltration"": 0.05035937950015068, ""Lung Lesion"": 0.00011516117956489325, ""Lung Opacity"": 0.05840674415230751, ""Mass"": 0.16394862532615662, ""Nodule"": 0.20376689732074738, ""Pleural_Thickening"": 0.0455990806221962, ""Pneumonia"": 0.0011816711630672216, ""Pneumothorax"": 0.0061961752362549305}",retrieval_agent
patient00240/study1,patient00240/study1/view2_lateral.dcm,/home/jovyan/Desktop/MEDAGENT-X/data/raw/chexpert_plus/dicom_train/patient00240/study1/view2_lateral.dcm,torchxrayvision.DenseNet,densenet121-res224-all,cuda,0.5,0.2,"[""Atelectasis"", ""Consolidation"", ""Infiltration"", ""Pneumothorax"", ""Edema"", ""Emphysema"", ""Fibrosis"", ""Effusion"", ""Pneumonia"", ""Pleural_Thickening"", ""Cardiomegaly"", ""Nodule"", ""Mass"", ""Hernia"", ""Lung Lesion"", ""Fracture"", ""Lung Opacity"", ""Enlarged Cardiomediastinum""]",0.15161974728107452,absent,Atelectasis,0.2336055487394333,uncertain,Cardiomegaly,0.5039438009262085,present,Consolidation,0.18322081863880157,absent,Edema,0.0729590505361557,absent,Effusion,0.6752650737762451,present,Pneumonia,0.0277433879673481,absent,Pneumothorax,0.045620180666446686,absent,Fracture,0.013739640824496746,absent,Lung Lesion,0.7910211086273193,present,Lung Opacity,0.5119498372077942,present,Enlarged Cardiomediastinum,0.027136903256177902,absent,Pleural_Thickening,,unavailable,,,not_computed,,"[""Consolidation"", ""Pneumonia"", ""Lung Opacity"", ""Enlarged Cardiomediastinum""]","{""Atelectasis"": 0.15161974728107452, ""Cardiomegaly"": 0.2336055487394333, ""Consolidation"": 0.5039438009262085, ""Edema"": 0.18322081863880157, ""Effusion"": 0.0729590505361557, ""Emphysema"": 0.5028122067451477, ""Enlarged Cardiomediastinum"": 0.5119498372077942, ""Fibrosis"": 0.04635314643383026, ""Fracture"": 0.045620180666446686, ""Hernia"": 0.00021393677161540836, ""Infiltration"": 0.3630687892436981, ""Lung Lesion"": 0.013739640824496746, ""Lung Opacity"": 0.7910211086273193, ""Mass"": 0.15674543380737305, ""Nodule"": 0.4540539085865021, ""Pleural_Thickening"": 0.027136903256177902, ""Pneumonia"": 0.6752650737762451, ""Pneumothorax"": 0.0277433879673481}",retrieval_agent
patient00250/study4,patient00250/study4/view1_frontal.dcm,/home/jovyan/Desktop/MEDAGENT-X/data/raw/chexpert_plus/dicom_train/patient00250/study4/view1_frontal.dcm,torchxrayvision.DenseNet,densenet121-res224-all,cuda,0.5,0.2,"[""Atelectasis"", ""Consolidation"", ""Infiltration"", ""Pneumothorax"", ""Edema"", ""Emphysema"", ""Fibrosis"", ""Effusion"", ""Pneumonia"", ""Pleural_Thickening"", ""Cardiomegaly"", ""Nodule"", ""Mass"", ""Hernia"", ""Lung Lesion"", ""Fracture"", ""Lung Opacity"", ""Enlarged Cardiomediastinum""]",0.6196275949478149,present,Atelectasis,0.5653994083404541,present,Cardiomegaly,0.6485666036605835,present,Consolidation,0.5238543748855591,present,Edema,0.7135417461395264,present,Effusion,0.4898584485054016,uncertain,Pneumonia,0.5248112678527832,present,Pneumothorax,0.532401978969574,present,Fracture,0.5115501880645752,present,Lung Lesion,0.8305476903915405,present,Lung Opacity,0.6133459806442261,present,Enlarged Cardiomediastinum,0.5296117067337036,present,Pleural_Thickening,,unavailable,,,not_computed,,"[""Atelectasis"", ""Cardiomegaly"", ""Consolidation"", ""Edema"", ""Pleural Effusion"", ""Pneumothorax"", ""Fracture"", ""Lung Lesion"", ""Lung Opacity"", ""Enlarged Cardiomediastinum"", ""Pleural Other""]","{""Atelectasis"": 0.6196275949478149, ""Cardiomegaly"": 0.5653994083404541, ""Consolidation"": 0.6485666036605835, ""Edema"": 0.5238543748855591, ""Effusion"": 0.7135417461395264, ""Emphysema"": 0.5132648944854736, ""Enlarged Cardiomediastinum"": 0.6133459806442261, ""Fibrosis"": 0.536382794380188, ""Fracture"": 0.532401978969574, ""Hernia"": 0.027626827359199524, ""Infiltration"": 0.539513349533081, ""Lung Lesion"": 0.5115501880645752, ""Lung Opacity"": 0.8305476903915405, ""Mass"": 0.6340201497077942, ""Nodule"": 0.5297172665596008, ""Pleural_Thickening"": 0.5296117067337036, ""Pneumonia"": 0.4898584485054016, ""Pneumothorax"": 0.5248112678527832}",retrieval_agent
patient00250/study5,patient00250/study5/view1_frontal.dcm,/home/jovyan/Desktop/MEDAGENT-X/data/raw/chexpert_plus/dicom_train/patient00250/study5/view1_frontal.dcm,torchxrayvision.DenseNet,densenet121-res224-all,cuda,0.5,0.2,"[""Atelectasis"", ""Consolidation"", ""Infiltration"", ""Pneumothorax"", ""Edema"", ""Emphysema"", ""Fibrosis"", ""Effusion"", ""Pneumonia"", ""Pleural_Thickening"", ""Cardiomegaly"", ""Nodule"", ""Mass"", ""Hernia"", ""Lung Lesion"", ""Fracture"", ""Lung Opacity"", ""Enlarged Cardiomediastinum""]",0.65386563539505,present,Atelectasis,0.6120588779449463,present,Cardiomegaly,0.7122848629951477,present,Consolidation,0.5358915328979492,present,Edema,0.7274175882339478,present,Effusion,0.5652746558189392,present,Pneumonia,0.5167359113693237,present,Pneumothorax,0.5218385457992554,present,Fracture,0.5051088333129883,present,Lung Lesion,0.824581503868103,present,Lung Opacity,0.5619116425514221,present,Enlarged Cardiomediastinum,0.5069095492362976,present,Pleural_Thickening,,unavailable,,,not_computed,,"[""Atelectasis"", ""Cardiomegaly"", ""Consolidation"", ""Edema"", ""Pleural Effusion"", ""Pneumonia"", ""Pneumothorax"", ""Fracture"", ""Lung Lesion"", ""Lung Opacity"", ""Enlarged Cardiomediastinum"", ""Pleural Other""]","{""Atelectasis"": 0.65386563539505, ""Cardiomegaly"": 0.6120588779449463, ""Consolidation"": 0.7122848629951477, ""Edema"": 0.5358915328979492, ""Effusion"": 0.7274175882339478, ""Emphysema"": 0.5077797174453735, ""Enlarged Cardiomediastinum"": 0.5619116425514221, ""Fibrosis"": 0.5251891016960144, ""Fracture"": 0.5218385457992554, ""Hernia"": 0.025373175740242004, ""Infiltration"": 0.5819610953330994, ""Lung Lesion"": 0.5051088333129883, ""Lung Opacity"": 0.824581503868103, ""Mass"": 0.5916037559509277, ""Nodule"": 0.5325711965560913, ""Pleural_Thickening"": 0.5069095492362976, ""Pneumonia"": 0.5652746558189392, ""Pneumothorax"": 0.5167359113693237}",retrieval_agent
patient00250/study3,patient00250/study3/view1_frontal.dcm,/home/jovyan/Desktop/MEDAGENT-X/data/raw/chexpert_plus/dicom_train/patient00250/study3/view1_frontal.dcm,torchxrayvision.DenseNet,densenet121-res224-all,cuda,0.5,0.2,"[""Atelectasis"", ""Consolidation"", ""Infiltration"", ""Pneumothorax"", ""Edema"", ""Emphysema"", ""Fibrosis"", ""Effusion"", ""Pneumonia"", ""Pleural_Thickening"", ""Cardiomegaly"", ""Nodule"", ""Mass"", ""Hernia"", ""Lung Lesion"", ""Fracture"", ""Lung Opacity"", ""Enlarged Cardiomediastinum""]",0.7811237573623657,present,Atelectasis,0.8120015859603882,present,Cardiomegaly,0.771117091178894,present,Consolidation,0.5838606357574463,present,Edema,0.8554807305335999,present,Effusion,0.5380610227584839,present,Pneumonia,0.5362585783004761,present,Pneumothorax,0.5668175220489502,present,Fracture,0.6486384868621826,present,Lung Lesion,0.8630222678184509,present,Lung Opacity,0.7049161195755005,present,Enlarged Cardiomediastinum,0.5052355527877808,present,Pleural_Thickening,,unavailable,,,not_computed,,"[""Atelectasis"", ""Cardiomegaly"", ""Consolidation"", ""Edema"", ""Pleural Effusion"", ""Pneumonia"", ""Pneumothorax"", ""Fracture"", ""Lung Lesion"", ""Lung Opacity"", ""Enlarged Cardiomediastinum"", ""Pleural Other""]","{""Atelectasis"": 0.7811237573623657, ""Cardiomegaly"": 0.8120015859603882, ""Consolidation"": 0.771117091178894, ""Edema"": 0.5838606357574463, ""Effusion"": 0.8554807305335999, ""Emphysema"": 0.5162869691848755, ""Enlarged Cardiomediastinum"": 0.7049161195755005, ""Fibrosis"": 0.5099116563796997, ""Fracture"": 0.5668175220489502, ""Hernia"": 0.04321583732962608, ""Infiltration"": 0.5429007411003113, ""Lung Lesion"": 0.6486384868621826, ""Lung Opacity"": 0.8630222678184509, ""Mass"": 0.6269069910049438, ""Nodule"": 0.5370689034461975, ""Pleural_Thickening"": 0.5052355527877808, ""Pneumonia"": 0.5380610227584839, ""Pneumothorax"": 0.5362585783004761}",retrieval_agent
patient00250/study1,patient00250/study1/view1_frontal.dcm,/home/jovyan/Desktop/MEDAGENT-X/data/raw/chexpert_plus/dicom_train/patient00250/study1/view1_frontal.dcm,torchxrayvision.DenseNet,densenet121-res224-all,cuda,0.5,0.2,"[""Atelectasis"", ""Consolidation"", ""Infiltration"", ""Pneumothorax"", ""Edema"", ""Emphysema"", ""Fibrosis"", ""Effusion"", ""Pneumonia"", ""Pleural_Thickening"", ""Cardiomegaly"", ""Nodule"", ""Mass"", ""Hernia"", ""Lung Lesion"", ""Fracture"", ""Lung Opacity"", ""Enlarged Cardiomediastinum""]",0.5472240447998047,present,Atelectasis,0.5224401950836182,present,Cardiomegaly,0.554262638092041,present,Consolidation,0.19536297023296356,absent,Edema,0.511054277420044,present,Effusion,0.5231006145477295,present,Pneumonia,0.4749267101287842,uncertain,Pneumothorax,0.5248249173164368,present,Fracture,0.05819346755743027,absent,Lung Lesion,0.6157914400100708,present,Lung Opacity,0.5045862793922424,present,Enlarged Cardiomediastinum,0.5025001764297485,present,Pleural_Thickening,,unavailable,,,not_computed,,"[""Atelectasis"", ""Cardiomegaly"", ""Consolidation"", ""Pleural Effusion"", ""Pneumonia"", ""Fracture"", ""Lung Opacity"", ""Enlarged Cardiomediastinum"", ""Pleural Other""]","{""Atelectasis"": 0.5472240447998047, ""Cardiomegaly"": 0.5224401950836182, ""Consolidation"": 0.554262638092041, ""Edema"": 0.19536297023296356, ""Effusion"": 0.511054277420044, ""Emphysema"": 0.5063837170600891, ""Enlarged Cardiomediastinum"": 0.5045862793922424, ""Fibrosis"": 0.509838342666626, ""Fracture"": 0.5248249173164368, ""Hernia"": 0.1452086865901947, ""Infiltration"": 0.542657196521759, ""Lung Lesion"": 0.05819346755743027, ""Lung Opacity"": 0.6157914400100708, ""Mass"": 0.5462453365325928, ""Nodule"": 0.5322366952896118, ""Pleural_Thickening"": 0.5025001764297485, ""Pneumonia"": 0.5231006145477295, ""Pneumothorax"": 0.4749267101287842}",retrieval_agent
patient00250/study1,patient00250/study1/view2_lateral.dcm,/home/jovyan/Desktop/MEDAGENT-X/data/raw/chexpert_plus/dicom_train/patient00250/study1/view2_lateral.dcm,torchxrayvision.DenseNet,densenet121-res224-all,cuda,0.5,0.2,"[""Atelectasis"", ""Consolidation"", ""Infiltration"", ""Pneumothorax"", ""Edema"", ""Emphysema"", ""Fibrosis"", ""Effusion"", ""Pneumonia"", ""Pleural_Thickening"", ""Cardiomegaly"", ""Nodule"", ""Mass"", ""Hernia"", ""Lung Lesion"", ""Fracture"", ""Lung Opacity"", ""Enlarged Cardiomediastinum""]",0.5066744089126587,present,Atelectasis,0.3053204119205475,uncertain,Cardiomegaly,0.540644645690918,present,Consolidation,0.17341777682304382,absent,Edema,0.5133444666862488,present,Effusion,0.6025762557983398,present,Pneumonia,0.33322063088417053,uncertain,Pneumothorax,0.28667423129081726,uncertain,Fracture,0.02736661769449711,absent,Lung Lesion,0.7346495389938354,present,Lung Opacity,0.5122331976890564,present,Enlarged Cardiomediastinum,0.2201070785522461,uncertain,Pleural_Thickening,,unavailable,,,not_computed,,"[""Atelectasis"", ""Consolidation"", ""Pleural Effusion"", ""Pneumonia"", ""Lung Opacity"", ""Enlarged Cardiomediastinum""]","{""Atelectasis"": 0.5066744089126587, ""Cardiomegaly"": 0.3053204119205475, ""Consolidation"": 0.540644645690918, ""Edema"": 0.17341777682304382, ""Effusion"": 0.5133444666862488, ""Emphysema"": 0.5021681785583496, ""Enlarged Cardiomediastinum"": 0.5122331976890564, ""Fibrosis"": 0.44058993458747864, ""Fracture"": 0.28667423129081726, ""Hernia"": 0.026627112179994583, ""Infiltration"": 0.5466352105140686, ""Lung Lesion"": 0.02736661769449711, ""Lung Opacity"": 0.7346495389938354, ""Mass"": 0.50706946849823, ""Nodule"": 0.5016430616378784, ""Pleural_Thickening"": 0.2201070785522461, ""Pneumonia"": 0.6025762557983398, ""Pneumothorax"": 0.33322063088417053}",retrieval_agent
patient00250/study8,patient00250/study8/view1_frontal.dcm,/home/jovyan/Desktop/MEDAGENT-X/data/raw/chexpert_plus/dicom_train/patient00250/study8/view1_frontal.dcm,torchxrayvision.DenseNet,densenet121-res224-all,cuda,0.5,0.2,"[""Atelectasis"", ""Consolidation"", ""Infiltration"", ""Pneumothorax"", ""Edema"", ""Emphysema"", ""Fibrosis"", ""Effusion"", ""Pneumonia"", ""Pleural_Thickening"", ""Cardiomegaly"", ""Nodule"", ""Mass"", ""Hernia"", ""Lung Lesion"", ""Fracture"", ""Lung Opacity"", ""Enlarged Cardiomediastinum""]",0.7669945955276489,present,Atelectasis,0.6429160237312317,present,Cardiomegaly,0.7847700119018555,present,Consolidation,0.5849875211715698,present,Edema,0.861939549446106,present,Effusion,0.598885715007782,present,Pneumonia,0.5255559682846069,present,Pneumothorax,0.5412508249282837,present,Fracture,0.5860497355461121,present,Lung Lesion,0.7974669337272644,present,Lung Opacity,0.5644136071205139,present,Enlarged Cardiomediastinum,0.42002058029174805,uncertain,Pleural_Thickening,,unavailable,,,not_computed,,"[""Atelectasis"", ""Cardiomegaly"", ""Consolidation"", ""Edema"", ""Pleural Effusion"", ""Pneumonia"", ""Pneumothorax"", ""Fracture"", ""Lung Lesion"", ""Lung Opacity"", ""Enlarged Cardiomediastinum""]","{""Atelectasis"": 0.7669945955276489, ""Cardiomegaly"": 0.6429160237312317, ""Consolidation"": 0.7847700119018555, ""Edema"": 0.5849875211715698, ""Effusion"": 0.861939549446106, ""Emphysema"": 0.504098117351532, ""Enlarged Cardiomediastinum"": 0.5644136071205139, ""Fibrosis"": 0.5011281371116638, ""Fracture"": 0.5412508249282837, ""Hernia"": 0.04158349335193634, ""Infiltration"": 0.5737001895904541, ""Lung Lesion"": 0.5860497355461121, ""Lung Opacity"": 0.7974669337272644, ""Mass"": 0.5672162175178528, ""Nodule"": 0.5178169012069702, ""Pleural_Thickening"": 0.42002058029174805, ""Pneumonia"": 0.598885715007782, ""Pneumothorax"": 0.5255559682846069}",retrieval_agent
patient00250/study10,patient00250/study10/view1_frontal.dcm,/home/jovyan/Desktop/MEDAGENT-X/data/raw/chexpert_plus/dicom_train/patient00250/study10/view1_frontal.dcm,torchxrayvision.DenseNet,densenet121-res224-all,cuda,0.5,0.2,"[""Atelectasis"", ""Consolidation"", ""Infiltration"", ""Pneumothorax"", ""Edema"", ""Emphysema"", ""Fibrosis"", ""Effusion"", ""Pneumonia"", ""Pleural_Thickening"", ""Cardiomegaly"", ""Nodule"", ""Mass"", ""Hernia"", ""Lung Lesion"", ""Fracture"", ""Lung Opacity"", ""Enlarged Cardiomediastinum""]",0.6904878616333008,present,Atelectasis,0.5495666265487671,present,Cardiomegaly,0.7736614942550659,present,Consolidation,0.5589749813079834,present,Edema,0.7646087408065796,present,Effusion,0.7369434833526611,present,Pneumonia,0.5040456056594849,present,Pneumothorax,0.5207940340042114,present,Fracture,0.4801918566226959,uncertain,Lung Lesion,0.8736200928688049,present,Lung Opacity,0.527830958366394,present,Enlarged Cardiomediastinum,0.32033348083496094,uncertain,Pleural_Thickening,,unavailable,,,not_computed,,"[""Atelectasis"", ""Cardiomegaly"", ""Consolidation"", ""Edema"", ""Pleural Effusion"", ""Pneumonia"", ""Pneumothorax"", ""Fracture"", ""Lung Opacity"", ""Enlarged Cardiomediastinum""]","{""Atelectasis"": 0.6904878616333008, ""Cardiomegaly"": 0.5495666265487671, ""Consolidation"": 0.7736614942550659, ""Edema"": 0.5589749813079834, ""Effusion"": 0.7646087408065796, ""Emphysema"": 0.5040895342826843, ""Enlarged Cardiomediastinum"": 0.527830958366394, ""Fibrosis"": 0.508521318435669, ""Fracture"": 0.5207940340042114, ""Hernia"": 0.025967450812458992, ""Infiltration"": 0.6606549024581909, ""Lung Lesion"": 0.4801918566226959, ""Lung Opacity"": 0.8736200928688049, ""Mass"": 0.5334250926971436, ""Nodule"": 0.5243625640869141, ""Pleural_Thickening"": 0.32033348083496094, ""Pneumonia"": 0.7369434833526611, ""Pneumothorax"": 0.5040456056594849}",retrieval_agent
patient00250/study7,patient00250/study7/view1_frontal.dcm,/home/jovyan/Desktop/MEDAGENT-X/data/raw/chexpert_plus/dicom_train/patient00250/study7/view1_frontal.dcm,torchxrayvision.DenseNet,densenet121-res224-all,cuda,0.5,0.2,"[""Atelectasis"", ""Consolidation"", ""Infiltration"", ""Pneumothorax"", ""Edema"", ""Emphysema"", ""Fibrosis"", ""Effusion"", ""Pneumonia"", ""Pleural_Thickening"", ""Cardiomegaly"", ""Nodule"", ""Mass"", ""Hernia"", ""Lung Lesion"", ""Fracture"", ""Lung Opacity"", ""Enlarged Cardiomediastinum""]",0.7046569585800171,present,Atelectasis,0.5921571254730225,present,Cardiomegaly,0.6373648643493652,present,Consolidation,0.5224001407623291,present,Edema,0.7263042330741882,present,Effusion,0.4262651205062866,uncertain,Pneumonia,0.5138863921165466,present,Pneumothorax,0.5582315921783447,present,Fracture,0.5174847841262817,present,Lung Lesion,0.7766542434692383,present,Lung Opacity,0.5492091178894043,present,Enlarged Cardiomediastinum,0.5013639330863953,present,Pleural_Thickening,,unavailable,,,not_computed,,"[""Atelectasis"", ""Cardiomegaly"", ""Consolidation"", ""Edema"", ""Pleural Effusion"", ""Pneumothorax"", ""Fracture"", ""Lung Lesion"", ""Lung Opacity"", ""Enlarged Cardiomediastinum"", ""Pleural Other""]","{""Atelectasis"": 0.7046569585800171, ""Cardiomegaly"": 0.5921571254730225, ""Consolidation"": 0.6373648643493652, ""Edema"": 0.5224001407623291, ""Effusion"": 0.7263042330741882, ""Emphysema"": 0.5052706599235535, ""Enlarged Cardiomediastinum"": 0.5492091178894043, ""Fibrosis"": 0.5077697038650513, ""Fracture"": 0.5582315921783447, ""Hernia"": 0.1053525060415268, ""Infiltration"": 0.556165337562561, ""Lung Lesion"": 0.5174847841262817, ""Lung Opacity"": 0.7766542434692383, ""Mass"": 0.6275922656059265, ""Nodule"": 0.5352535247802734, ""Pleural_Thickening"": 0.5013639330863953, ""Pneumonia"": 0.4262651205062866, ""Pneumothorax"": 0.5138863921165466}",retrieval_agent
patient00250/study11,patient00250/study11/view1_frontal.dcm,/home/jovyan/Desktop/MEDAGENT-X/data/raw/chexpert_plus/dicom_train/patient00250/study11/view1_frontal.dcm,torchxrayvision.DenseNet,densenet121-res224-all,cuda,0.5,0.2,"[""Atelectasis"", ""Consolidation"", ""Infiltration"", ""Pneumothorax"", ""Edema"", ""Emphysema"", ""Fibrosis"", ""Effusion"", ""Pneumonia"", ""Pleural_Thickening"", ""Cardiomegaly"", ""Nodule"", ""Mass"", ""Hernia"", ""Lung Lesion"", ""Fracture"", ""Lung Opacity"", ""Enlarged Cardiomediastinum""]",0.6600905656814575,present,Atelectasis,0.5705698728561401,present,Cardiomegaly,0.7163516879081726,present,Consolidation,0.530188798904419,present,Edema,0.7845351099967957,present,Effusion,0.5793739557266235,present,Pneumonia,0.5158535242080688,present,Pneumothorax,0.5109323263168335,present,Fracture,0.505225658416748,present,Lung Lesion,0.8539198637008667,present,Lung Opacity,0.6657470464706421,present,Enlarged Cardiomediastinum,0.5099419355392456,present,Pleural_Thickening,,unavailable,,,not_computed,,"[""Atelectasis"", ""Cardiomegaly"", ""Consolidation"", ""Edema"", ""Pleural Effusion"", ""Pneumonia"", ""Pneumothorax"", ""Fracture"", ""Lung Lesion"", ""Lung Opacity"", ""Enlarged Cardiomediastinum"", ""Pleural Other""]","{""Atelectasis"": 0.6600905656814575, ""Cardiomegaly"": 0.5705698728561401, ""Consolidation"": 0.7163516879081726, ""Edema"": 0.530188798904419, ""Effusion"": 0.7845351099967957, ""Emphysema"": 0.503615140914917, ""Enlarged Cardiomediastinum"": 0.6657470464706421, ""Fibrosis"": 0.509123682975769, ""Fracture"": 0.5109323263168335, ""Hernia"": 0.0048468997702002525, ""Infiltration"": 0.5729930400848389, ""Lung Lesion"": 0.505225658416748, ""Lung Opacity"": 0.8539198637008667, ""Mass"": 0.6371814012527466, ""Nodule"": 0.5253474712371826, ""Pleural_Thickening"": 0.5099419355392456, ""Pneumonia"": 0.5793739557266235, ""Pneumothorax"": 0.5158535242080688}",retrieval_agent
patient00250/study6,patient00250/study6/view1_frontal.dcm,/home/jovyan/Desktop/MEDAGENT-X/data/raw/chexpert_plus/dicom_train/patient00250/study6/view1_frontal.dcm,torchxrayvision.DenseNet,densenet121-res224-all,cuda,0.5,0.2,"[""Atelectasis"", ""Consolidation"", ""Infiltration"", ""Pneumothorax"", ""Edema"", ""Emphysema"", ""Fibrosis"", ""Effusion"", ""Pneumonia"", ""Pleural_Thickening"", ""Cardiomegaly"", ""Nodule"", ""Mass"", ""Hernia"", ""Lung Lesion"", ""Fracture"", ""Lung Opacity"", ""Enlarged Cardiomediastinum""]",0.812035083770752,present,Atelectasis,0.7339919805526733,present,Cardiomegaly,0.8248183727264404,present,Consolidation,0.7371898889541626,present,Edema,0.8951231241226196,present,Effusion,0.7679867744445801,present,Pneumonia,0.5326107740402222,present,Pneumothorax,0.5984042882919312,present,Fracture,0.7347749471664429,present,Lung Lesion,0.8971084356307983,present,Lung Opacity,0.7429465055465698,present,Enlarged Cardiomediastinum,0.5006785988807678,present,Pleural_Thickening,,unavailable,,,not_computed,,"[""Atelectasis"", ""Cardiomegaly"", ""Consolidation"", ""Edema"", ""Pleural Effusion"", ""Pneumonia"", ""Pneumothorax"", ""Fracture"", ""Lung Lesion"", ""Lung Opacity"", ""Enlarged Cardiomediastinum"", ""Pleural Other""]","{""Atelectasis"": 0.812035083770752, ""Cardiomegaly"": 0.7339919805526733, ""Consolidation"": 0.8248183727264404, ""Edema"": 0.7371898889541626, ""Effusion"": 0.8951231241226196, ""Emphysema"": 0.5097295045852661, ""Enlarged Cardiomediastinum"": 0.7429465055465698, ""Fibrosis"": 0.5104812383651733, ""Fracture"": 0.5984042882919312, ""Hernia"": 0.01755633018910885, ""Infiltration"": 0.583996057510376, ""Lung Lesion"": 0.7347749471664429, ""Lung Opacity"": 0.8971084356307983, ""Mass"": 0.6005440354347229, ""Nodule"": 0.5281080603599548, ""Pleural_Thickening"": 0.5006785988807678, ""Pneumonia"": 0.7679867744445801, ""Pneumothorax"": 0.5326107740402222}",retrieval_agent
patient00250/study2,patient00250/study2/view1_frontal.dcm,/home/jovyan/Desktop/MEDAGENT-X/data/raw/chexpert_plus/dicom_train/patient00250/study2/view1_frontal.dcm,torchxrayvision.DenseNet,densenet121-res224-all,cuda,0.5,0.2,"[""Atelectasis"", ""Consolidation"", ""Infiltration"", ""Pneumothorax"", ""Edema"", ""Emphysema"", ""Fibrosis"", ""Effusion"", ""Pneumonia"", ""Pleural_Thickening"", ""Cardiomegaly"", ""Nodule"", ""Mass"", ""Hernia"", ""Lung Lesion"", ""Fracture"", ""Lung Opacity"", ""Enlarged Cardiomediastinum""]",0.6774153709411621,present,Atelectasis,0.6437301635742188,present,Cardiomegaly,0.6312135457992554,present,Consolidation,0.5455224514007568,present,Edema,0.6946622133255005,present,Effusion,0.5128017663955688,present,Pneumonia,0.5103806257247925,present,Pneumothorax,0.5806853771209717,present,Fracture,0.520719051361084,present,Lung Lesion,0.7705681324005127,present,Lung Opacity,0.6343681812286377,present,Enlarged Cardiomediastinum,0.5028079748153687,present,Pleural_Thickening,,unavailable,,,not_computed,,"[""Atelectasis"", ""Cardiomegaly"", ""Consolidation"", ""Edema"", ""Pleural Effusion"", ""Pneumonia"", ""Pneumothorax"", ""Fracture"", ""Lung Lesion"", ""Lung Opacity"", ""Enlarged Cardiomediastinum"", ""Pleural Other""]","{""Atelectasis"": 0.6774153709411621, ""Cardiomegaly"": 0.6437301635742188, ""Consolidation"": 0.6312135457992554, ""Edema"": 0.5455224514007568, ""Effusion"": 0.6946622133255005, ""Emphysema"": 0.5118626356124878, ""Enlarged Cardiomediastinum"": 0.6343681812286377, ""Fibrosis"": 0.5075498819351196, ""Fracture"": 0.5806853771209717, ""Hernia"": 0.05893377587199211, ""Infiltration"": 0.5152913331985474, ""Lung Lesion"": 0.520719051361084, ""Lung Opacity"": 0.7705681324005127, ""Mass"": 0.5743887424468994, ""Nodule"": 0.5194525718688965, ""Pleural_Thickening"": 0.5028079748153687, ""Pneumonia"": 0.5128017663955688, ""Pneumothorax"": 0.5103806257247925}",retrieval_agent
patient00250/study9,patient00250/study9/view1_frontal.dcm,/home/jovyan/Desktop/MEDAGENT-X/data/raw/chexpert_plus/dicom_train/patient00250/study9/view1_frontal.dcm,torchxrayvision.DenseNet,densenet121-res224-all,cuda,0.5,0.2,"[""Atelectasis"", ""Consolidation"", ""Infiltration"", ""Pneumothorax"", ""Edema"", ""Emphysema"", ""Fibrosis"", ""Effusion"", ""Pneumonia"", ""Pleural_Thickening"", ""Cardiomegaly"", ""Nodule"", ""Mass"", ""Hernia"", ""Lung Lesion"", ""Fracture"", ""Lung Opacity"", ""Enlarged Cardiomediastinum""]",0.5590212345123291,present,Atelectasis,0.46227124333381653,uncertain,Cardiomegaly,0.6166436672210693,present,Consolidation,0.5013294219970703,present,Edema,0.5833300948143005,present,Effusion,0.5100051164627075,present,Pneumonia,0.5029085874557495,present,Pneumothorax,0.5089230537414551,present,Fracture,0.37063467502593994,uncertain,Lung Lesion,0.7925868630409241,present,Lung Opacity,0.5427829027175903,present,Enlarged Cardiomediastinum,0.30448389053344727,uncertain,Pleural_Thickening,,unavailable,,,not_computed,,"[""Atelectasis"", ""Consolidation"", ""Edema"", ""Pleural Effusion"", ""Pneumonia"", ""Pneumothorax"", ""Fracture"", ""Lung Opacity"", ""Enlarged Cardiomediastinum""]","{""Atelectasis"": 0.5590212345123291, ""Cardiomegaly"": 0.46227124333381653, ""Consolidation"": 0.6166436672210693, ""Edema"": 0.5013294219970703, ""Effusion"": 0.5833300948143005, ""Emphysema"": 0.5039044618606567, ""Enlarged Cardiomediastinum"": 0.5427829027175903, ""Fibrosis"": 0.508944034576416, ""Fracture"": 0.5089230537414551, ""Hernia"": 0.010871963575482368, ""Infiltration"": 0.5920188426971436, ""Lung Lesion"": 0.37063467502593994, ""Lung Opacity"": 0.7925868630409241, ""Mass"": 0.5740193128585815, ""Nodule"": 0.5125619173049927, ""Pleural_Thickening"": 0.30448389053344727, ""Pneumonia"": 0.5100051164627075, ""Pneumothorax"": 0.5029085874557495}",retrieval_agent
patient00252/study1,patient00252/study1/view1_frontal.dcm,/home/jovyan/Desktop/MEDAGENT-X/data/raw/chexpert_plus/dicom_train/patient00252/study1/view1_frontal.dcm,torchxrayvision.DenseNet,densenet121-res224-all,cuda,0.5,0.2,"[""Atelectasis"", ""Consolidation"", ""Infiltration"", ""Pneumothorax"", ""Edema"", ""Emphysema"", ""Fibrosis"", ""Effusion"", ""Pneumonia"", ""Pleural_Thickening"", ""Cardiomegaly"", ""Nodule"", ""Mass"", ""Hernia"", ""Lung Lesion"", ""Fracture"", ""Lung Opacity"", ""Enlarged Cardiomediastinum""]",0.84552401304245,present,Atelectasis,0.6338812708854675,present,Cardiomegaly,0.7359858751296997,present,Consolidation,0.566930890083313,present,Edema,0.9364571571350098,present,Effusion,0.5337623953819275,present,Pneumonia,0.5337264537811279,present,Pneumothorax,0.5269227623939514,present,Fracture,0.5856918096542358,present,Lung Lesion,0.7867369651794434,present,Lung Opacity,0.6037829518318176,present,Enlarged Cardiomediastinum,0.5225961804389954,present,Pleural_Thickening,,unavailable,,,not_computed,,"[""Atelectasis"", ""Cardiomegaly"", ""Consolidation"", ""Edema"", ""Pleural Effusion"", ""Pneumonia"", ""Pneumothorax"", ""Fracture"", ""Lung Lesion"", ""Lung Opacity"", ""Enlarged Cardiomediastinum"", ""Pleural Other""]","{""Atelectasis"": 0.84552401304245, ""Cardiomegaly"": 0.6338812708854675, ""Consolidation"": 0.7359858751296997, ""Edema"": 0.566930890083313, ""Effusion"": 0.9364571571350098, ""Emphysema"": 0.5002901554107666, ""Enlarged Cardiomediastinum"": 0.6037829518318176, ""Fibrosis"": 0.515284538269043, ""Fracture"": 0.5269227623939514, ""Hernia"": 0.040145836770534515, ""Infiltration"": 0.5850840210914612, ""Lung Lesion"": 0.5856918096542358, ""Lung Opacity"": 0.7867369651794434, ""Mass"": 0.5710470676422119, ""Nodule"": 0.5053461790084839, ""Pleural_Thickening"": 0.5225961804389954, ""Pneumonia"": 0.5337623953819275, ""Pneumothorax"": 0.5337264537811279}",retrieval_agent
patient00252/study3,patient00252/study3/view1_frontal.dcm,/home/jovyan/Desktop/MEDAGENT-X/data/raw/chexpert_plus/dicom_train/patient00252/study3/view1_frontal.dcm,torchxrayvision.DenseNet,densenet121-res224-all,cuda,0.5,0.2,"[""Atelectasis"", ""Consolidation"", ""Infiltration"", ""Pneumothorax"", ""Edema"", ""Emphysema"", ""Fibrosis"", ""Effusion"", ""Pneumonia"", ""Pleural_Thickening"", ""Cardiomegaly"", ""Nodule"", ""Mass"", ""Hernia"", ""Lung Lesion"", ""Fracture"", ""Lung Opacity"", ""Enlarged Cardiomediastinum""]",0.6768561601638794,present,Atelectasis,0.5939315557479858,present,Cardiomegaly,0.5955718159675598,present,Consolidation,0.5002126693725586,present,Edema,0.757685661315918,present,Effusion,0.06266352534294128,absent,Pneumonia,0.5014541149139404,present,Pneumothorax,0.460880309343338,uncertain,Fracture,0.09009166806936264,absent,Lung Lesion,0.7763649821281433,present,Lung Opacity,0.5267912745475769,present,Enlarged Cardiomediastinum,0.28951674699783325,uncertain,Pleural_Thickening,,unavailable,,,not_computed,,"[""Atelectasis"", ""Cardiomegaly"", ""Consolidation"", ""Edema"", ""Pleural Effusion"", ""Pneumothorax"", ""Lung Opacity"", ""Enlarged Cardiomediastinum""]","{""Atelectasis"": 0.6768561601638794, ""Cardiomegaly"": 0.5939315557479858, ""Consolidation"": 0.5955718159675598, ""Edema"": 0.5002126693725586, ""Effusion"": 0.757685661315918, ""Emphysema"": 0.2560034394264221, ""Enlarged Cardiomediastinum"": 0.5267912745475769, ""Fibrosis"": 0.5034730434417725, ""Fracture"": 0.460880309343338, ""Hernia"": 0.18375864624977112, ""Infiltration"": 0.5585415363311768, ""Lung Lesion"": 0.09009166806936264, ""Lung Opacity"": 0.7763649821281433, ""Mass"": 0.5402107238769531, ""Nodule"": 0.5025225877761841, ""Pleural_Thickening"": 0.28951674699783325, ""Pneumonia"": 0.06266352534294128, ""Pneumothorax"": 0.5014541149139404}",retrieval_agent
patient00252/study4,patient00252/study4/view1_frontal.dcm,/home/jovyan/Desktop/MEDAGENT-X/data/raw/chexpert_plus/dicom_train/patient00252/study4/view1_frontal.dcm,torchxrayvision.DenseNet,densenet121-res224-all,cuda,0.5,0.2,"[""Atelectasis"", ""Consolidation"", ""Infiltration"", ""Pneumothorax"", ""Edema"", ""Emphysema"", ""Fibrosis"", ""Effusion"", ""Pneumonia"", ""Pleural_Thickening"", ""Cardiomegaly"", ""Nodule"", ""Mass"", ""Hernia"", ""Lung Lesion"", ""Fracture"", ""Lung Opacity"", ""Enlarged Cardiomediastinum""]",0.7270056009292603,present,Atelectasis,0.5323656797409058,present,Cardiomegaly,0.6718379259109497,present,Consolidation,0.5791827440261841,present,Edema,0.8332985043525696,present,Effusion,0.5388504266738892,present,Pneumonia,0.5213395953178406,present,Pneumothorax,0.5057119131088257,present,Fracture,0.41067588329315186,uncertain,Lung Lesion,0.8578979969024658,present,Lung Opacity,0.5637525320053101,present,Enlarged Cardiomediastinum,0.5118072032928467,present,Pleural_Thickening,,unavailable,,,not_computed,,"[""Atelectasis"", ""Cardiomegaly"", ""Consolidation"", ""Edema"", ""Pleural Effusion"", ""Pneumonia"", ""Pneumothorax"", ""Fracture"", ""Lung Opacity"", ""Enlarged Cardiomediastinum"", ""Pleural Other""]","{""Atelectasis"": 0.7270056009292603, ""Cardiomegaly"": 0.5323656797409058, ""Consolidation"": 0.6718379259109497, ""Edema"": 0.5791827440261841, ""Effusion"": 0.8332985043525696, ""Emphysema"": 0.45555856823921204, ""Enlarged Cardiomediastinum"": 0.5637525320053101, ""Fibrosis"": 0.5101125240325928, ""Fracture"": 0.5057119131088257, ""Hernia"": 0.007399816997349262, ""Infiltration"": 0.6204260587692261, ""Lung Lesion"": 0.41067588329315186, ""Lung Opacity"": 0.8578979969024658, ""Mass"": 0.5468254089355469, ""Nodule"": 0.5036886930465698, ""Pleural_Thickening"": 0.5118072032928467, ""Pneumonia"": 0.5388504266738892, ""Pneumothorax"": 0.5213395953178406}",retrieval_agent
patient00252/study2,patient00252/study2/view1_frontal.dcm,/home/jovyan/Desktop/MEDAGENT-X/data/raw/chexpert_plus/dicom_train/patient00252/study2/view1_frontal.dcm,torchxrayvision.DenseNet,densenet121-res224-all,cuda,0.5,0.2,"[""Atelectasis"", ""Consolidation"", ""Infiltration"", ""Pneumothorax"", ""Edema"", ""Emphysema"", ""Fibrosis"", ""Effusion"", ""Pneumonia"", ""Pleural_Thickening"", ""Cardiomegaly"", ""Nodule"", ""Mass"", ""Hernia"", ""Lung Lesion"", ""Fracture"", ""Lung Opacity"", ""Enlarged Cardiomediastinum""]",0.8963981866836548,present,Atelectasis,0.7495906949043274,present,Cardiomegaly,0.7710667848587036,present,Consolidation,0.6552731990814209,present,Edema,0.9338012933731079,present,Effusion,0.6008679270744324,present,Pneumonia,0.5435792207717896,present,Pneumothorax,0.518508791923523,present,Fracture,0.6084684133529663,present,Lung Lesion,0.8675289154052734,present,Lung Opacity,0.6473443508148193,present,Enlarged Cardiomediastinum,0.5125109553337097,present,Pleural_Thickening,,unavailable,,,not_computed,,"[""Atelectasis"", ""Cardiomegaly"", ""Consolidation"", ""Edema"", ""Pleural Effusion"", ""Pneumonia"", ""Pneumothorax"", ""Fracture"", ""Lung Lesion"", ""Lung Opacity"", ""Enlarged Cardiomediastinum"", ""Pleural Other""]","{""Atelectasis"": 0.8963981866836548, ""Cardiomegaly"": 0.7495906949043274, ""Consolidation"": 0.7710667848587036, ""Edema"": 0.6552731990814209, ""Effusion"": 0.9338012933731079, ""Emphysema"": 0.5013817548751831, ""Enlarged Cardiomediastinum"": 0.6473443508148193, ""Fibrosis"": 0.5203733444213867, ""Fracture"": 0.518508791923523, ""Hernia"": 0.02529248036444187, ""Infiltration"": 0.6264071464538574, ""Lung Lesion"": 0.6084684133529663, ""Lung Opacity"": 0.8675289154052734, ""Mass"": 0.5889743566513062, ""Nodule"": 0.5123846530914307, ""Pleural_Thickening"": 0.5125109553337097, ""Pneumonia"": 0.6008679270744324, ""Pneumothorax"": 0.5435792207717896}",retrieval_agent
patient00256/study3,patient00256/study3/view1_frontal.dcm,/home/jovyan/Desktop/MEDAGENT-X/data/raw/chexpert_plus/dicom_train/patient00256/study3/view1_frontal.dcm,torchxrayvision.DenseNet,densenet121-res224-all,cuda,0.5,0.2,"[""Atelectasis"", ""Consolidation"", ""Infiltration"", ""Pneumothorax"", ""Edema"", ""Emphysema"", ""Fibrosis"", ""Effusion"", ""Pneumonia"", ""Pleural_Thickening"", ""Cardiomegaly"", ""Nodule"", ""Mass"", ""Hernia"", ""Lung Lesion"", ""Fracture"", ""Lung Opacity"", ""Enlarged Cardiomediastinum""]",0.6339603066444397,present,Atelectasis,0.5646097660064697,present,Cardiomegaly,0.6091359853744507,present,Consolidation,0.5933966040611267,present,Edema,0.6757339239120483,present,Effusion,0.5452706813812256,present,Pneumonia,0.5129586458206177,present,Pneumothorax,0.5115417242050171,present,Fracture,0.35993486642837524,uncertain,Lung Lesion,0.7949037551879883,present,Lung Opacity,0.5992647409439087,present,Enlarged Cardiomediastinum,0.5150355696678162,present,Pleural_Thickening,,unavailable,,,not_computed,,"[""Atelectasis"", ""Cardiomegaly"", ""Consolidation"", ""Edema"", ""Pleural Effusion"", ""Pneumonia"", ""Pneumothorax"", ""Fracture"", ""Lung Opacity"", ""Enlarged Cardiomediastinum"", ""Pleural Other""]","{""Atelectasis"": 0.6339603066444397, ""Cardiomegaly"": 0.5646097660064697, ""Consolidation"": 0.6091359853744507, ""Edema"": 0.5933966040611267, ""Effusion"": 0.6757339239120483, ""Emphysema"": 0.5017676949501038, ""Enlarged Cardiomediastinum"": 0.5992647409439087, ""Fibrosis"": 0.5195482969284058, ""Fracture"": 0.5115417242050171, ""Hernia"": 0.11503367871046066, ""Infiltration"": 0.5941391587257385, ""Lung Lesion"": 0.35993486642837524, ""Lung Opacity"": 0.7949037551879883, ""Mass"": 0.6238728165626526, ""Nodule"": 0.5256462693214417, ""Pleural_Thickening"": 0.5150355696678162, ""Pneumonia"": 0.5452706813812256, ""Pneumothorax"": 0.5129586458206177}",retrieval_agent
patient00256/study4,patient00256/study4/view1_frontal.dcm,/home/jovyan/Desktop/MEDAGENT-X/data/raw/chexpert_plus/dicom_train/patient00256/study4/view1_frontal.dcm,torchxrayvision.DenseNet,densenet121-res224-all,cuda,0.5,0.2,"[""Atelectasis"", ""Consolidation"", ""Infiltration"", ""Pneumothorax"", ""Edema"", ""Emphysema"", ""Fibrosis"", ""Effusion"", ""Pneumonia"", ""Pleural_Thickening"", ""Cardiomegaly"", ""Nodule"", ""Mass"", ""Hernia"", ""Lung Lesion"", ""Fracture"", ""Lung Opacity"", ""Enlarged Cardiomediastinum""]",0.6325598359107971,present,Atelectasis,0.516866147518158,present,Cardiomegaly,0.5514925122261047,present,Consolidation,0.6081691980361938,present,Edema,0.6095250844955444,present,Effusion,0.5774878263473511,present,Pneumonia,0.5081853866577148,present,Pneumothorax,0.5183594226837158,present,Fracture,0.3711627721786499,uncertain,Lung Lesion,0.7696238160133362,present,Lung Opacity,0.54018634557724,present,Enlarged Cardiomediastinum,0.5092108249664307,present,Pleural_Thickening,,unavailable,,,not_computed,,"[""Atelectasis"", ""Cardiomegaly"", ""Consolidation"", ""Edema"", ""Pleural Effusion"", ""Pneumonia"", ""Pneumothorax"", ""Fracture"", ""Lung Opacity"", ""Enlarged Cardiomediastinum"", ""Pleural Other""]","{""Atelectasis"": 0.6325598359107971, ""Cardiomegaly"": 0.516866147518158, ""Consolidation"": 0.5514925122261047, ""Edema"": 0.6081691980361938, ""Effusion"": 0.6095250844955444, ""Emphysema"": 0.5009894967079163, ""Enlarged Cardiomediastinum"": 0.54018634557724, ""Fibrosis"": 0.5257495641708374, ""Fracture"": 0.5183594226837158, ""Hernia"": 0.07281311601400375, ""Infiltration"": 0.6041378378868103, ""Lung Lesion"": 0.3711627721786499, ""Lung Opacity"": 0.7696238160133362, ""Mass"": 0.5363300442695618, ""Nodule"": 0.5229209661483765, ""Pleural_Thickening"": 0.5092108249664307, ""Pneumonia"": 0.5774878263473511, ""Pneumothorax"": 0.5081853866577148}",retrieval_agent
patient00256/study2,patient00256/study2/view1_frontal.dcm,/home/jovyan/Desktop/MEDAGENT-X/data/raw/chexpert_plus/dicom_train/patient00256/study2/view1_frontal.dcm,torchxrayvision.DenseNet,densenet121-res224-all,cuda,0.5,0.2,"[""Atelectasis"", ""Consolidation"", ""Infiltration"", ""Pneumothorax"", ""Edema"", ""Emphysema"", ""Fibrosis"", ""Effusion"", ""Pneumonia"", ""Pleural_Thickening"", ""Cardiomegaly"", ""Nodule"", ""Mass"", ""Hernia"", ""Lung Lesion"", ""Fracture"", ""Lung Opacity"", ""Enlarged Cardiomediastinum""]",0.6208107471466064,present,Atelectasis,0.725367546081543,present,Cardiomegaly,0.5668706297874451,present,Consolidation,0.6186330318450928,present,Edema,0.6173794269561768,present,Effusion,0.2287595570087433,uncertain,Pneumonia,0.5024871826171875,present,Pneumothorax,0.5191848874092102,present,Fracture,0.27606701850891113,uncertain,Lung Lesion,0.7857227921485901,present,Lung Opacity,0.5665140151977539,present,Enlarged Cardiomediastinum,0.500470757484436,present,Pleural_Thickening,,unavailable,,,not_computed,,"[""Atelectasis"", ""Cardiomegaly"", ""Consolidation"", ""Edema"", ""Pleural Effusion"", ""Pneumothorax"", ""Fracture"", ""Lung Opacity"", ""Enlarged Cardiomediastinum"", ""Pleural Other""]","{""Atelectasis"": 0.6208107471466064, ""Cardiomegaly"": 0.725367546081543, ""Consolidation"": 0.5668706297874451, ""Edema"": 0.6186330318450928, ""Effusion"": 0.6173794269561768, ""Emphysema"": 0.5020030736923218, ""Enlarged Cardiomediastinum"": 0.5665140151977539, ""Fibrosis"": 0.5252327919006348, ""Fracture"": 0.5191848874092102, ""Hernia"": 0.14317050576210022, ""Infiltration"": 0.5857504606246948, ""Lung Lesion"": 0.27606701850891113, ""Lung Opacity"": 0.7857227921485901, ""Mass"": 0.5377386808395386, ""Nodule"": 0.533528208732605, ""Pleural_Thickening"": 0.500470757484436, ""Pneumonia"": 0.2287595570087433, ""Pneumothorax"": 0.5024871826171875}",retrieval_agent
patient00256/study5,patient00256/study5/view1_frontal.dcm,/home/jovyan/Desktop/MEDAGENT-X/data/raw/chexpert_plus/dicom_train/patient00256/study5/view1_frontal.dcm,torchxrayvision.DenseNet,densenet121-res224-all,cuda,0.5,0.2,"[""Atelectasis"", ""Consolidation"", ""Infiltration"", ""Pneumothorax"", ""Edema"", ""Emphysema"", ""Fibrosis"", ""Effusion"", ""Pneumonia"", ""Pleural_Thickening"", ""Cardiomegaly"", ""Nodule"", ""Mass"", ""Hernia"", ""Lung Lesion"", ""Fracture"", ""Lung Opacity"", ""Enlarged Cardiomediastinum""]",0.572616457939148,present,Atelectasis,0.5112301111221313,present,Cardiomegaly,0.5473492741584778,present,Consolidation,0.5035696625709534,present,Edema,0.5340705513954163,present,Effusion,0.1572875678539276,absent,Pneumonia,0.325215607881546,uncertain,Pneumothorax,0.5020031332969666,present,Fracture,0.04528185352683067,absent,Lung Lesion,0.7970207929611206,present,Lung Opacity,0.5336124897003174,present,Enlarged Cardiomediastinum,0.3658895194530487,uncertain,Pleural_Thickening,,unavailable,,,not_computed,,"[""Atelectasis"", ""Cardiomegaly"", ""Consolidation"", ""Edema"", ""Pleural Effusion"", ""Fracture"", ""Lung Opacity"", ""Enlarged Cardiomediastinum""]","{""Atelectasis"": 0.572616457939148, ""Cardiomegaly"": 0.5112301111221313, ""Consolidation"": 0.5473492741584778, ""Edema"": 0.5035696625709534, ""Effusion"": 0.5340705513954163, ""Emphysema"": 0.5013840198516846, ""Enlarged Cardiomediastinum"": 0.5336124897003174, ""Fibrosis"": 0.5043611526489258, ""Fracture"": 0.5020031332969666, ""Hernia"": 0.01328575424849987, ""Infiltration"": 0.5276588797569275, ""Lung Lesion"": 0.04528185352683067, ""Lung Opacity"": 0.7970207929611206, ""Mass"": 0.536995530128479, ""Nodule"": 0.5098085403442383, ""Pleural_Thickening"": 0.3658895194530487, ""Pneumonia"": 0.1572875678539276, ""Pneumothorax"": 0.325215607881546}",retrieval_agent
patient00256/study1,patient00256/study1/view1_frontal.dcm,/home/jovyan/Desktop/MEDAGENT-X/data/raw/chexpert_plus/dicom_train/patient00256/study1/view1_frontal.dcm,torchxrayvision.DenseNet,densenet121-res224-all,cuda,0.5,0.2,"[""Atelectasis"", ""Consolidation"", ""Infiltration"", ""Pneumothorax"", ""Edema"", ""Emphysema"", ""Fibrosis"", ""Effusion"", ""Pneumonia"", ""Pleural_Thickening"", ""Cardiomegaly"", ""Nodule"", ""Mass"", ""Hernia"", ""Lung Lesion"", ""Fracture"", ""Lung Opacity"", ""Enlarged Cardiomediastinum""]",0.6262831687927246,present,Atelectasis,0.5840455293655396,present,Cardiomegaly,0.5297045111656189,present,Consolidation,0.5223233699798584,present,Edema,0.6466328501701355,present,Effusion,0.3028579354286194,uncertain,Pneumonia,0.501935601234436,present,Pneumothorax,0.51463383436203,present,Fracture,0.10094501078128815,absent,Lung Lesion,0.7114638090133667,present,Lung Opacity,0.5677613615989685,present,Enlarged Cardiomediastinum,0.5147233605384827,present,Pleural_Thickening,,unavailable,,,not_computed,,"[""Atelectasis"", ""Cardiomegaly"", ""Consolidation"", ""Edema"", ""Pleural Effusion"", ""Pneumothorax"", ""Fracture"", ""Lung Opacity"", ""Enlarged Cardiomediastinum"", ""Pleural Other""]","{""Atelectasis"": 0.6262831687927246, ""Cardiomegaly"": 0.5840455293655396, ""Consolidation"": 0.5297045111656189, ""Edema"": 0.5223233699798584, ""Effusion"": 0.6466328501701355, ""Emphysema"": 0.5005020499229431, ""Enlarged Cardiomediastinum"": 0.5677613615989685, ""Fibrosis"": 0.5255194902420044, ""Fracture"": 0.51463383436203, ""Hernia"": 0.024894678965210915, ""Infiltration"": 0.5516866445541382, ""Lung Lesion"": 0.10094501078128815, ""Lung Opacity"": 0.7114638090133667, ""Mass"": 0.5291600823402405, ""Nodule"": 0.5141464471817017, ""Pleural_Thickening"": 0.5147233605384827, ""Pneumonia"": 0.3028579354286194, ""Pneumothorax"": 0.501935601234436}",retrieval_agent
patient00261/study5,patient00261/study5/view1_frontal.dcm,/home/jovyan/Desktop/MEDAGENT-X/data/raw/chexpert_plus/dicom_train/patient00261/study5/view1_frontal.dcm,torchxrayvision.DenseNet,densenet121-res224-all,cuda,0.5,0.2,"[""Atelectasis"", ""Consolidation"", ""Infiltration"", ""Pneumothorax"", ""Edema"", ""Emphysema"", ""Fibrosis"", ""Effusion"", ""Pneumonia"", ""Pleural_Thickening"", ""Cardiomegaly"", ""Nodule"", ""Mass"", ""Hernia"", ""Lung Lesion"", ""Fracture"", ""Lung Opacity"", ""Enlarged Cardiomediastinum""]",0.7602846026420593,present,Atelectasis,0.7950711846351624,present,Cardiomegaly,0.7740432024002075,present,Consolidation,0.7004213929176331,present,Edema,0.9048006534576416,present,Effusion,0.5553016662597656,present,Pneumonia,0.5222924947738647,present,Pneumothorax,0.5562824010848999,present,Fracture,0.519308865070343,present,Lung Lesion,0.9178901314735413,present,Lung Opacity,0.586418867111206,present,Enlarged Cardiomediastinum,0.5098276138305664,present,Pleural_Thickening,,unavailable,,,not_computed,,"[""Atelectasis"", ""Cardiomegaly"", ""Consolidation"", ""Edema"", ""Pleural Effusion"", ""Pneumonia"", ""Pneumothorax"", ""Fracture"", ""Lung Lesion"", ""Lung Opacity"", ""Enlarged Cardiomediastinum"", ""Pleural Other""]","{""Atelectasis"": 0.7602846026420593, ""Cardiomegaly"": 0.7950711846351624, ""Consolidation"": 0.7740432024002075, ""Edema"": 0.7004213929176331, ""Effusion"": 0.9048006534576416, ""Emphysema"": 0.502149760723114, ""Enlarged Cardiomediastinum"": 0.586418867111206, ""Fibrosis"": 0.5252542495727539, ""Fracture"": 0.5562824010848999, ""Hernia"": 0.22059239447116852, ""Infiltration"": 0.7333487272262573, ""Lung Lesion"": 0.519308865070343, ""Lung Opacity"": 0.9178901314735413, ""Mass"": 0.5737470984458923, ""Nodule"": 0.5720693469047546, ""Pleural_Thickening"": 0.5098276138305664, ""Pneumonia"": 0.5553016662597656, ""Pneumothorax"": 0.5222924947738647}",retrieval_agent
patient00261/study2,patient00261/study2/view1_frontal.dcm,/home/jovyan/Desktop/MEDAGENT-X/data/raw/chexpert_plus/dicom_train/patient00261/study2/view1_frontal.dcm,torchxrayvision.DenseNet,densenet121-res224-all,cuda,0.5,0.2,"[""Atelectasis"", ""Consolidation"", ""Infiltration"", ""Pneumothorax"", ""Edema"", ""Emphysema"", ""Fibrosis"", ""Effusion"", ""Pneumonia"", ""Pleural_Thickening"", ""Cardiomegaly"", ""Nodule"", ""Mass"", ""Hernia"", ""Lung Lesion"", ""Fracture"", ""Lung Opacity"", ""Enlarged Cardiomediastinum""]",0.5491552948951721,present,Atelectasis,0.5969024896621704,present,Cardiomegaly,0.5140129327774048,present,Consolidation,0.5180096626281738,present,Edema,0.5123559236526489,present,Effusion,0.5041149854660034,present,Pneumonia,0.5077570676803589,present,Pneumothorax,0.5052950382232666,present,Fracture,0.5019004344940186,present,Lung Lesion,0.568291425704956,present,Lung Opacity,0.4128422141075134,uncertain,Enlarged Cardiomediastinum,0.5216338634490967,present,Pleural_Thickening,,unavailable,,,not_computed,,"[""Atelectasis"", ""Cardiomegaly"", ""Consolidation"", ""Edema"", ""Pleural Effusion"", ""Pneumonia"", ""Pneumothorax"", ""Fracture"", ""Lung Lesion"", ""Lung Opacity"", ""Pleural Other""]","{""Atelectasis"": 0.5491552948951721, ""Cardiomegaly"": 0.5969024896621704, ""Consolidation"": 0.5140129327774048, ""Edema"": 0.5180096626281738, ""Effusion"": 0.5123559236526489, ""Emphysema"": 0.5073490142822266, ""Enlarged Cardiomediastinum"": 0.4128422141075134, ""Fibrosis"": 0.5540894865989685, ""Fracture"": 0.5052950382232666, ""Hernia"": 0.09455601871013641, ""Infiltration"": 0.5880624055862427, ""Lung Lesion"": 0.5019004344940186, ""Lung Opacity"": 0.568291425704956, ""Mass"": 0.530121922492981, ""Nodule"": 0.5539906024932861, ""Pleural_Thickening"": 0.5216338634490967, ""Pneumonia"": 0.5041149854660034, ""Pneumothorax"": 0.5077570676803589}",retrieval_agent
patient00261/study3,patient00261/study3/view1_frontal.dcm,/home/jovyan/Desktop/MEDAGENT-X/data/raw/chexpert_plus/dicom_train/patient00261/study3/view1_frontal.dcm,torchxrayvision.DenseNet,densenet121-res224-all,cuda,0.5,0.2,"[""Atelectasis"", ""Consolidation"", ""Infiltration"", ""Pneumothorax"", ""Edema"", ""Emphysema"", ""Fibrosis"", ""Effusion"", ""Pneumonia"", ""Pleural_Thickening"", ""Cardiomegaly"", ""Nodule"", ""Mass"", ""Hernia"", ""Lung Lesion"", ""Fracture"", ""Lung Opacity"", ""Enlarged Cardiomediastinum""]",0.5878126621246338,present,Atelectasis,0.6420750617980957,present,Cardiomegaly,0.5680140256881714,present,Consolidation,0.5861407518386841,present,Edema,0.5925206542015076,present,Effusion,0.231104776263237,uncertain,Pneumonia,0.5094277858734131,present,Pneumothorax,0.5240135192871094,present,Fracture,0.5042104721069336,present,Lung Lesion,0.7992352247238159,present,Lung Opacity,0.5271583795547485,present,Enlarged Cardiomediastinum,0.4583660662174225,uncertain,Pleural_Thickening,,unavailable,,,not_computed,,"[""Atelectasis"", ""Cardiomegaly"", ""Consolidation"", ""Edema"", ""Pleural Effusion"", ""Pneumothorax"", ""Fracture"", ""Lung Lesion"", ""Lung Opacity"", ""Enlarged Cardiomediastinum""]","{""Atelectasis"": 0.5878126621246338, ""Cardiomegaly"": 0.6420750617980957, ""Consolidation"": 0.5680140256881714, ""Edema"": 0.5861407518386841, ""Effusion"": 0.5925206542015076, ""Emphysema"": 0.5049945116043091, ""Enlarged Cardiomediastinum"": 0.5271583795547485, ""Fibrosis"": 0.5265640020370483, ""Fracture"": 0.5240135192871094, ""Hernia"": 0.053595252335071564, ""Infiltration"": 0.5991424918174744, ""Lung Lesion"": 0.5042104721069336, ""Lung Opacity"": 0.7992352247238159, ""Mass"": 0.5385410785675049, ""Nodule"": 0.5578672885894775, ""Pleural_Thickening"": 0.4583660662174225, ""Pneumonia"": 0.231104776263237, ""Pneumothorax"": 0.5094277858734131}",retrieval_agent
patient00261/study1,patient00261/study1/view1_frontal.dcm,/home/jovyan/Desktop/MEDAGENT-X/data/raw/chexpert_plus/dicom_train/patient00261/study1/view1_frontal.dcm,torchxrayvision.DenseNet,densenet121-res224-all,cuda,0.5,0.2,"[""Atelectasis"", ""Consolidation"", ""Infiltration"", ""Pneumothorax"", ""Edema"", ""Emphysema"", ""Fibrosis"", ""Effusion"", ""Pneumonia"", ""Pleural_Thickening"", ""Cardiomegaly"", ""Nodule"", ""Mass"", ""Hernia"", ""Lung Lesion"", ""Fracture"", ""Lung Opacity"", ""Enlarged Cardiomediastinum""]",0.5038362741470337,present,Atelectasis,0.40362563729286194,uncertain,Cardiomegaly,0.7182574272155762,present,Consolidation,0.5862133502960205,present,Edema,0.5508878231048584,present,Effusion,0.8885629773139954,present,Pneumonia,0.5030313730239868,present,Pneumothorax,0.238800510764122,uncertain,Fracture,0.08338697254657745,absent,Lung Lesion,0.9837497472763062,present,Lung Opacity,0.5751656293869019,present,Enlarged Cardiomediastinum,0.3562043011188507,uncertain,Pleural_Thickening,,unavailable,,,not_computed,,"[""Atelectasis"", ""Consolidation"", ""Edema"", ""Pleural Effusion"", ""Pneumonia"", ""Pneumothorax"", ""Lung Opacity"", ""Enlarged Cardiomediastinum""]","{""Atelectasis"": 0.5038362741470337, ""Cardiomegaly"": 0.40362563729286194, ""Consolidation"": 0.7182574272155762, ""Edema"": 0.5862133502960205, ""Effusion"": 0.5508878231048584, ""Emphysema"": 0.5033400058746338, ""Enlarged Cardiomediastinum"": 0.5751656293869019, ""Fibrosis"": 0.5284669995307922, ""Fracture"": 0.238800510764122, ""Hernia"": 0.0012169218389317393, ""Infiltration"": 0.7617834210395813, ""Lung Lesion"": 0.08338697254657745, ""Lung Opacity"": 0.9837497472763062, ""Mass"": 0.5893756151199341, ""Nodule"": 0.6288168430328369, ""Pleural_Thickening"": 0.3562043011188507, ""Pneumonia"": 0.8885629773139954, ""Pneumothorax"": 0.5030313730239868}",retrieval_agent
patient00261/study4,patient00261/study4/view1_frontal.dcm,/home/jovyan/Desktop/MEDAGENT-X/data/raw/chexpert_plus/dicom_train/patient00261/study4/view1_frontal.dcm,torchxrayvision.DenseNet,densenet121-res224-all,cuda,0.5,0.2,"[""Atelectasis"", ""Consolidation"", ""Infiltration"", ""Pneumothorax"", ""Edema"", ""Emphysema"", ""Fibrosis"", ""Effusion"", ""Pneumonia"", ""Pleural_Thickening"", ""Cardiomegaly"", ""Nodule"", ""Mass"", ""Hernia"", ""Lung Lesion"", ""Fracture"", ""Lung Opacity"", ""Enlarged Cardiomediastinum""]",0.6682716608047485,present,Atelectasis,0.6331486105918884,present,Cardiomegaly,0.6711870431900024,present,Consolidation,0.6059079170227051,present,Edema,0.6536993980407715,present,Effusion,0.5431027412414551,present,Pneumonia,0.5418498516082764,present,Pneumothorax,0.5431846380233765,present,Fracture,0.5850839614868164,present,Lung Lesion,0.8348899483680725,present,Lung Opacity,0.5445443391799927,present,Enlarged Cardiomediastinum,0.518852710723877,present,Pleural_Thickening,,unavailable,,,not_computed,,"[""Atelectasis"", ""Cardiomegaly"", ""Consolidation"", ""Edema"", ""Pleural Effusion"", ""Pneumonia"", ""Pneumothorax"", ""Fracture"", ""Lung Lesion"", ""Lung Opacity"", ""Enlarged Cardiomediastinum"", ""Pleural Other""]","{""Atelectasis"": 0.6682716608047485, ""Cardiomegaly"": 0.6331486105918884, ""Consolidation"": 0.6711870431900024, ""Edema"": 0.6059079170227051, ""Effusion"": 0.6536993980407715, ""Emphysema"": 0.5052332878112793, ""Enlarged Cardiomediastinum"": 0.5445443391799927, ""Fibrosis"": 0.5430121421813965, ""Fracture"": 0.5431846380233765, ""Hernia"": 0.3804706931114197, ""Infiltration"": 0.6878421306610107, ""Lung Lesion"": 0.5850839614868164, ""Lung Opacity"": 0.8348899483680725, ""Mass"": 0.5766675472259521, ""Nodule"": 0.5872757434844971, ""Pleural_Thickening"": 0.518852710723877, ""Pneumonia"": 0.5431027412414551, ""Pneumothorax"": 0.5418498516082764}",retrieval_agent
patient00261/study4,patient00261/study4/view2_lateral.dcm,/home/jovyan/Desktop/MEDAGENT-X/data/raw/chexpert_plus/dicom_train/patient00261/study4/view2_lateral.dcm,torchxrayvision.DenseNet,densenet121-res224-all,cuda,0.5,0.2,"[""Atelectasis"", ""Consolidation"", ""Infiltration"", ""Pneumothorax"", ""Edema"", ""Emphysema"", ""Fibrosis"", ""Effusion"", ""Pneumonia"", ""Pleural_Thickening"", ""Cardiomegaly"", ""Nodule"", ""Mass"", ""Hernia"", ""Lung Lesion"", ""Fracture"", ""Lung Opacity"", ""Enlarged Cardiomediastinum""]",0.5438073873519897,present,Atelectasis,0.5022757053375244,present,Cardiomegaly,0.5499261617660522,present,Consolidation,0.13257965445518494,absent,Edema,0.5419130921363831,present,Effusion,0.1161360964179039,absent,Pneumonia,0.5012847185134888,present,Pneumothorax,0.507576584815979,present,Fracture,0.046957388520240784,absent,Lung Lesion,0.6274830102920532,present,Lung Opacity,0.3154800534248352,uncertain,Enlarged Cardiomediastinum,0.3988170325756073,uncertain,Pleural_Thickening,,unavailable,,,not_computed,,"[""Atelectasis"", ""Cardiomegaly"", ""Consolidation"", ""Pleural Effusion"", ""Pneumothorax"", ""Fracture"", ""Lung Opacity""]","{""Atelectasis"": 0.5438073873519897, ""Cardiomegaly"": 0.5022757053375244, ""Consolidation"": 0.5499261617660522, ""Edema"": 0.13257965445518494, ""Effusion"": 0.5419130921363831, ""Emphysema"": 0.5014351606369019, ""Enlarged Cardiomediastinum"": 0.3154800534248352, ""Fibrosis"": 0.5079609155654907, ""Fracture"": 0.507576584815979, ""Hernia"": 0.03380017355084419, ""Infiltration"": 0.5233609676361084, ""Lung Lesion"": 0.046957388520240784, ""Lung Opacity"": 0.6274830102920532, ""Mass"": 0.5529855489730835, ""Nodule"": 0.5086900591850281, ""Pleural_Thickening"": 0.3988170325756073, ""Pneumonia"": 0.1161360964179039, ""Pneumothorax"": 0.5012847185134888}",retrieval_agent
patient00270/study1,patient00270/study1/view1_frontal.dcm,/home/jovyan/Desktop/MEDAGENT-X/data/raw/chexpert_plus/dicom_train/patient00270/study1/view1_frontal.dcm,torchxrayvision.DenseNet,densenet121-res224-all,cuda,0.5,0.2,"[""Atelectasis"", ""Consolidation"", ""Infiltration"", ""Pneumothorax"", ""Edema"", ""Emphysema"", ""Fibrosis"", ""Effusion"", ""Pneumonia"", ""Pleural_Thickening"", ""Cardiomegaly"", ""Nodule"", ""Mass"", ""Hernia"", ""Lung Lesion"", ""Fracture"", ""Lung Opacity"", ""Enlarged Cardiomediastinum""]",0.5521610379219055,present,Atelectasis,0.1971331238746643,absent,Cardiomegaly,0.5014026761054993,present,Consolidation,0.1674036681652069,absent,Edema,0.32727888226509094,uncertain,Effusion,0.09271804243326187,absent,Pneumonia,0.17664630711078644,absent,Pneumothorax,0.42403480410575867,uncertain,Fracture,0.029985729604959488,absent,Lung Lesion,0.5503674745559692,present,Lung Opacity,0.2133816033601761,uncertain,Enlarged Cardiomediastinum,0.3766269385814667,uncertain,Pleural_Thickening,,unavailable,,,not_computed,,"[""Atelectasis"", ""Consolidation"", ""Lung Opacity""]","{""Atelectasis"": 0.5521610379219055, ""Cardiomegaly"": 0.1971331238746643, ""Consolidation"": 0.5014026761054993, ""Edema"": 0.1674036681652069, ""Effusion"": 0.32727888226509094, ""Emphysema"": 0.2682555913925171, ""Enlarged Cardiomediastinum"": 0.2133816033601761, ""Fibrosis"": 0.5209135413169861, ""Fracture"": 0.42403480410575867, ""Hernia"": 0.0961715430021286, ""Infiltration"": 0.5220394134521484, ""Lung Lesion"": 0.029985729604959488, ""Lung Opacity"": 0.5503674745559692, ""Mass"": 0.522585391998291, ""Nodule"": 0.5048462152481079, ""Pleural_Thickening"": 0.3766269385814667, ""Pneumonia"": 0.09271804243326187, ""Pneumothorax"": 0.17664630711078644}",retrieval_agent
patient00270/study2,patient00270/study2/view1_frontal.dcm,/home/jovyan/Desktop/MEDAGENT-X/data/raw/chexpert_plus/dicom_train/patient00270/study2/view1_frontal.dcm,torchxrayvision.DenseNet,densenet121-res224-all,cuda,0.5,0.2,"[""Atelectasis"", ""Consolidation"", ""Infiltration"", ""Pneumothorax"", ""Edema"", ""Emphysema"", ""Fibrosis"", ""Effusion"", ""Pneumonia"", ""Pleural_Thickening"", ""Cardiomegaly"", ""Nodule"", ""Mass"", ""Hernia"", ""Lung Lesion"", ""Fracture"", ""Lung Opacity"", ""Enlarged Cardiomediastinum""]",0.6545200347900391,present,Atelectasis,0.15459513664245605,absent,Cardiomegaly,0.5317591428756714,present,Consolidation,0.5201442241668701,present,Edema,0.5228438377380371,present,Effusion,0.5155349969863892,present,Pneumonia,0.5052868127822876,present,Pneumothorax,0.5225367546081543,present,Fracture,0.23350773751735687,uncertain,Lung Lesion,0.6320691108703613,present,Lung Opacity,0.5037133693695068,present,Enlarged Cardiomediastinum,0.5309200882911682,present,Pleural_Thickening,,unavailable,,,not_computed,,"[""Atelectasis"", ""Consolidation"", ""Edema"", ""Pleural Effusion"", ""Pneumonia"", ""Pneumothorax"", ""Fracture"", ""Lung Opacity"", ""Enlarged Cardiomediastinum"", ""Pleural Other""]","{""Atelectasis"": 0.6545200347900391, ""Cardiomegaly"": 0.15459513664245605, ""Consolidation"": 0.5317591428756714, ""Edema"": 0.5201442241668701, ""Effusion"": 0.5228438377380371, ""Emphysema"": 0.5029593706130981, ""Enlarged Cardiomediastinum"": 0.5037133693695068, ""Fibrosis"": 0.5706344842910767, ""Fracture"": 0.5225367546081543, ""Hernia"": 0.05640487000346184, ""Infiltration"": 0.5686603784561157, ""Lung Lesion"": 0.23350773751735687, ""Lung Opacity"": 0.6320691108703613, ""Mass"": 0.5240053534507751, ""Nodule"": 0.5334430932998657, ""Pleural_Thickening"": 0.5309200882911682, ""Pneumonia"": 0.5155349969863892, ""Pneumothorax"": 0.5052868127822876}",retrieval_agent
patient00270/study3,patient00270/study3/view1_frontal.dcm,/home/jovyan/Desktop/MEDAGENT-X/data/raw/chexpert_plus/dicom_train/patient00270/study3/view1_frontal.dcm,torchxrayvision.DenseNet,densenet121-res224-all,cuda,0.5,0.2,"[""Atelectasis"", ""Consolidation"", ""Infiltration"", ""Pneumothorax"", ""Edema"", ""Emphysema"", ""Fibrosis"", ""Effusion"", ""Pneumonia"", ""Pleural_Thickening"", ""Cardiomegaly"", ""Nodule"", ""Mass"", ""Hernia"", ""Lung Lesion"", ""Fracture"", ""Lung Opacity"", ""Enlarged Cardiomediastinum""]",0.5229172706604004,present,Atelectasis,0.25470831990242004,uncertain,Cardiomegaly,0.49406054615974426,uncertain,Consolidation,0.07122157514095306,absent,Edema,0.21959540247917175,uncertain,Effusion,0.014494846574962139,absent,Pneumonia,0.19972294569015503,absent,Pneumothorax,0.4809243083000183,uncertain,Fracture,0.023852812126278877,absent,Lung Lesion,0.5682922601699829,present,Lung Opacity,0.32124173641204834,uncertain,Enlarged Cardiomediastinum,0.20232830941677094,uncertain,Pleural_Thickening,,unavailable,,,not_computed,,"[""Atelectasis"", ""Lung Opacity""]","{""Atelectasis"": 0.5229172706604004, ""Cardiomegaly"": 0.25470831990242004, ""Consolidation"": 0.49406054615974426, ""Edema"": 0.07122157514095306, ""Effusion"": 0.21959540247917175, ""Emphysema"": 0.5044174790382385, ""Enlarged Cardiomediastinum"": 0.32124173641204834, ""Fibrosis"": 0.5066803693771362, ""Fracture"": 0.4809243083000183, ""Hernia"": 0.1264125406742096, ""Infiltration"": 0.5012698173522949, ""Lung Lesion"": 0.023852812126278877, ""Lung Opacity"": 0.5682922601699829, ""Mass"": 0.5382224917411804, ""Nodule"": 0.5168498754501343, ""Pleural_Thickening"": 0.20232830941677094, ""Pneumonia"": 0.014494846574962139, ""Pneumothorax"": 0.19972294569015503}",retrieval_agent
patient00277/study1,patient00277/study1/view1_frontal.dcm,/home/jovyan/Desktop/MEDAGENT-X/data/raw/chexpert_plus/dicom_train/patient00277/study1/view1_frontal.dcm,torchxrayvision.DenseNet,densenet121-res224-all,cuda,0.5,0.2,"[""Atelectasis"", ""Consolidation"", ""Infiltration"", ""Pneumothorax"", ""Edema"", ""Emphysema"", ""Fibrosis"", ""Effusion"", ""Pneumonia"", ""Pleural_Thickening"", ""Cardiomegaly"", ""Nodule"", ""Mass"", ""Hernia"", ""Lung Lesion"", ""Fracture"", ""Lung Opacity"", ""Enlarged Cardiomediastinum""]",0.6736070513725281,present,Atelectasis,0.5815653800964355,present,Cardiomegaly,0.6565936803817749,present,Consolidation,0.5483536720275879,present,Edema,0.7549730539321899,present,Effusion,0.5132593512535095,present,Pneumonia,0.5096157193183899,present,Pneumothorax,0.5245192646980286,present,Fracture,0.16146883368492126,absent,Lung Lesion,0.8365156054496765,present,Lung Opacity,0.5788366794586182,present,Enlarged Cardiomediastinum,0.56099534034729,present,Pleural_Thickening,,unavailable,,,not_computed,,"[""Atelectasis"", ""Cardiomegaly"", ""Consolidation"", ""Edema"", ""Pleural Effusion"", ""Pneumonia"", ""Pneumothorax"", ""Fracture"", ""Lung Opacity"", ""Enlarged Cardiomediastinum"", ""Pleural Other""]","{""Atelectasis"": 0.6736070513725281, ""Cardiomegaly"": 0.5815653800964355, ""Consolidation"": 0.6565936803817749, ""Edema"": 0.5483536720275879, ""Effusion"": 0.7549730539321899, ""Emphysema"": 0.5021805763244629, ""Enlarged Cardiomediastinum"": 0.5788366794586182, ""Fibrosis"": 0.5446470975875854, ""Fracture"": 0.5245192646980286, ""Hernia"": 0.1446201205253601, ""Infiltration"": 0.5992752313613892, ""Lung Lesion"": 0.16146883368492126, ""Lung Opacity"": 0.8365156054496765, ""Mass"": 0.6312171816825867, ""Nodule"": 0.5313585996627808, ""Pleural_Thickening"": 0.56099534034729, ""Pneumonia"": 0.5132593512535095, ""Pneumothorax"": 0.5096157193183899}",retrieval_agent
patient00277/study13,patient00277/study13/view1_frontal.dcm,/home/jovyan/Desktop/MEDAGENT-X/data/raw/chexpert_plus/dicom_train/patient00277/study13/view1_frontal.dcm,torchxrayvision.DenseNet,densenet121-res224-all,cuda,0.5,0.2,"[""Atelectasis"", ""Consolidation"", ""Infiltration"", ""Pneumothorax"", ""Edema"", ""Emphysema"", ""Fibrosis"", ""Effusion"", ""Pneumonia"", ""Pleural_Thickening"", ""Cardiomegaly"", ""Nodule"", ""Mass"", ""Hernia"", ""Lung Lesion"", ""Fracture"", ""Lung Opacity"", ""Enlarged Cardiomediastinum""]",0.5440438985824585,present,Atelectasis,0.6170217394828796,present,Cardiomegaly,0.5023267865180969,present,Consolidation,0.4678418040275574,uncertain,Edema,0.5074692368507385,present,Effusion,0.05213479697704315,absent,Pneumonia,0.26220542192459106,uncertain,Pneumothorax,0.5091198086738586,present,Fracture,0.026874570176005363,absent,Lung Lesion,0.5574439167976379,present,Lung Opacity,0.5231155753135681,present,Enlarged Cardiomediastinum,0.3666478395462036,uncertain,Pleural_Thickening,,unavailable,,,not_computed,,"[""Atelectasis"", ""Cardiomegaly"", ""Consolidation"", ""Pleural Effusion"", ""Fracture"", ""Lung Opacity"", ""Enlarged Cardiomediastinum""]","{""Atelectasis"": 0.5440438985824585, ""Cardiomegaly"": 0.6170217394828796, ""Consolidation"": 0.5023267865180969, ""Edema"": 0.4678418040275574, ""Effusion"": 0.5074692368507385, ""Emphysema"": 0.5020455121994019, ""Enlarged Cardiomediastinum"": 0.5231155753135681, ""Fibrosis"": 0.5050625801086426, ""Fracture"": 0.5091198086738586, ""Hernia"": 0.046063993126153946, ""Infiltration"": 0.43731629848480225, ""Lung Lesion"": 0.026874570176005363, ""Lung Opacity"": 0.5574439167976379, ""Mass"": 0.5151721239089966, ""Nodule"": 0.5078319311141968, ""Pleural_Thickening"": 0.3666478395462036, ""Pneumonia"": 0.05213479697704315, ""Pneumothorax"": 0.26220542192459106}",retrieval_agent
patient00277/study12,patient00277/study12/view1_frontal.dcm,/home/jovyan/Desktop/MEDAGENT-X/data/raw/chexpert_plus/dicom_train/patient00277/study12/view1_frontal.dcm,torchxrayvision.DenseNet,densenet121-res224-all,cuda,0.5,0.2,"[""Atelectasis"", ""Consolidation"", ""Infiltration"", ""Pneumothorax"", ""Edema"", ""Emphysema"", ""Fibrosis"", ""Effusion"", ""Pneumonia"", ""Pleural_Thickening"", ""Cardiomegaly"", ""Nodule"", ""Mass"", ""Hernia"", ""Lung Lesion"", ""Fracture"", ""Lung Opacity"", ""Enlarged Cardiomediastinum""]",0.7483716607093811,present,Atelectasis,0.672150731086731,present,Cardiomegaly,0.6229102611541748,present,Consolidation,0.5528430342674255,present,Edema,0.8339781761169434,present,Effusion,0.5036028623580933,present,Pneumonia,0.5033351182937622,present,Pneumothorax,0.5146422386169434,present,Fracture,0.4825814962387085,uncertain,Lung Lesion,0.7413983941078186,present,Lung Opacity,0.5689542293548584,present,Enlarged Cardiomediastinum,0.5098912715911865,present,Pleural_Thickening,,unavailable,,,not_computed,,"[""Atelectasis"", ""Cardiomegaly"", ""Consolidation"", ""Edema"", ""Pleural Effusion"", ""Pneumonia"", ""Pneumothorax"", ""Fracture"", ""Lung Opacity"", ""Enlarged Cardiomediastinum"", ""Pleural Other""]","{""Atelectasis"": 0.7483716607093811, ""Cardiomegaly"": 0.672150731086731, ""Consolidation"": 0.6229102611541748, ""Edema"": 0.5528430342674255, ""Effusion"": 0.8339781761169434, ""Emphysema"": 0.5002109408378601, ""Enlarged Cardiomediastinum"": 0.5689542293548584, ""Fibrosis"": 0.52363121509552, ""Fracture"": 0.5146422386169434, ""Hernia"": 0.1029381975531578, ""Infiltration"": 0.5703961849212646, ""Lung Lesion"": 0.4825814962387085, ""Lung Opacity"": 0.7413983941078186, ""Mass"": 0.5611193180084229, ""Nodule"": 0.5116713047027588, ""Pleural_Thickening"": 0.5098912715911865, ""Pneumonia"": 0.5036028623580933, ""Pneumothorax"": 0.5033351182937622}",retrieval_agent
patient00277/study4,patient00277/study4/view1_frontal.dcm,/home/jovyan/Desktop/MEDAGENT-X/data/raw/chexpert_plus/dicom_train/patient00277/study4/view1_frontal.dcm,torchxrayvision.DenseNet,densenet121-res224-all,cuda,0.5,0.2,"[""Atelectasis"", ""Consolidation"", ""Infiltration"", ""Pneumothorax"", ""Edema"", ""Emphysema"", ""Fibrosis"", ""Effusion"", ""Pneumonia"", ""Pleural_Thickening"", ""Cardiomegaly"", ""Nodule"", ""Mass"", ""Hernia"", ""Lung Lesion"", ""Fracture"", ""Lung Opacity"", ""Enlarged Cardiomediastinum""]",0.7924823760986328,present,Atelectasis,0.6996705532073975,present,Cardiomegaly,0.7119736671447754,present,Consolidation,0.7291367650032043,present,Edema,0.8522675037384033,present,Effusion,0.5860574245452881,present,Pneumonia,0.5066925287246704,present,Pneumothorax,0.5644789934158325,present,Fracture,0.5355305075645447,present,Lung Lesion,0.8238229751586914,present,Lung Opacity,0.5890108346939087,present,Enlarged Cardiomediastinum,0.5255739688873291,present,Pleural_Thickening,,unavailable,,,not_computed,,"[""Atelectasis"", ""Cardiomegaly"", ""Consolidation"", ""Edema"", ""Pleural Effusion"", ""Pneumonia"", ""Pneumothorax"", ""Fracture"", ""Lung Lesion"", ""Lung Opacity"", ""Enlarged Cardiomediastinum"", ""Pleural Other""]","{""Atelectasis"": 0.7924823760986328, ""Cardiomegaly"": 0.6996705532073975, ""Consolidation"": 0.7119736671447754, ""Edema"": 0.7291367650032043, ""Effusion"": 0.8522675037384033, ""Emphysema"": 0.5011627674102783, ""Enlarged Cardiomediastinum"": 0.5890108346939087, ""Fibrosis"": 0.5503331422805786, ""Fracture"": 0.5644789934158325, ""Hernia"": 0.20600704848766327, ""Infiltration"": 0.7028478384017944, ""Lung Lesion"": 0.5355305075645447, ""Lung Opacity"": 0.8238229751586914, ""Mass"": 0.5837120413780212, ""Nodule"": 0.5659582614898682, ""Pleural_Thickening"": 0.5255739688873291, ""Pneumonia"": 0.5860574245452881, ""Pneumothorax"": 0.5066925287246704}",retrieval_agent
patient00277/study8,patient00277/study8/view1_frontal.dcm,/home/jovyan/Desktop/MEDAGENT-X/data/raw/chexpert_plus/dicom_train/patient00277/study8/view1_frontal.dcm,torchxrayvision.DenseNet,densenet121-res224-all,cuda,0.5,0.2,"[""Atelectasis"", ""Consolidation"", ""Infiltration"", ""Pneumothorax"", ""Edema"", ""Emphysema"", ""Fibrosis"", ""Effusion"", ""Pneumonia"", ""Pleural_Thickening"", ""Cardiomegaly"", ""Nodule"", ""Mass"", ""Hernia"", ""Lung Lesion"", ""Fracture"", ""Lung Opacity"", ""Enlarged Cardiomediastinum""]",0.5910483598709106,present,Atelectasis,0.5183777213096619,present,Cardiomegaly,0.5516272783279419,present,Consolidation,0.5189720988273621,present,Edema,0.6964746117591858,present,Effusion,0.25371870398521423,uncertain,Pneumonia,0.17286700010299683,absent,Pneumothorax,0.45362389087677,uncertain,Fracture,0.019678108394145966,absent,Lung Lesion,0.6897997856140137,present,Lung Opacity,0.5069049596786499,present,Enlarged Cardiomediastinum,0.42364275455474854,uncertain,Pleural_Thickening,,unavailable,,,not_computed,,"[""Atelectasis"", ""Cardiomegaly"", ""Consolidation"", ""Edema"", ""Pleural Effusion"", ""Lung Opacity"", ""Enlarged Cardiomediastinum""]","{""Atelectasis"": 0.5910483598709106, ""Cardiomegaly"": 0.5183777213096619, ""Consolidation"": 0.5516272783279419, ""Edema"": 0.5189720988273621, ""Effusion"": 0.6964746117591858, ""Emphysema"": 0.5003491044044495, ""Enlarged Cardiomediastinum"": 0.5069049596786499, ""Fibrosis"": 0.502934992313385, ""Fracture"": 0.45362389087677, ""Hernia"": 0.15022316575050354, ""Infiltration"": 0.5440739393234253, ""Lung Lesion"": 0.019678108394145966, ""Lung Opacity"": 0.6897997856140137, ""Mass"": 0.5146085023880005, ""Nodule"": 0.40250563621520996, ""Pleural_Thickening"": 0.42364275455474854, ""Pneumonia"": 0.25371870398521423, ""Pneumothorax"": 0.17286700010299683}",retrieval_agent
patient00277/study5,patient00277/study5/view1_frontal.dcm,/home/jovyan/Desktop/MEDAGENT-X/data/raw/chexpert_plus/dicom_train/patient00277/study5/view1_frontal.dcm,torchxrayvision.DenseNet,densenet121-res224-all,cuda,0.5,0.2,"[""Atelectasis"", ""Consolidation"", ""Infiltration"", ""Pneumothorax"", ""Edema"", ""Emphysema"", ""Fibrosis"", ""Effusion"", ""Pneumonia"", ""Pleural_Thickening"", ""Cardiomegaly"", ""Nodule"", ""Mass"", ""Hernia"", ""Lung Lesion"", ""Fracture"", ""Lung Opacity"", ""Enlarged Cardiomediastinum""]",0.680178701877594,present,Atelectasis,0.5760377645492554,present,Cardiomegaly,0.6278626918792725,present,Consolidation,0.5341423749923706,present,Edema,0.7477278709411621,present,Effusion,0.1996733546257019,absent,Pneumonia,0.5048739910125732,present,Pneumothorax,0.5436438322067261,present,Fracture,0.2879863381385803,uncertain,Lung Lesion,0.8138316869735718,present,Lung Opacity,0.5531761646270752,present,Enlarged Cardiomediastinum,0.5527538061141968,present,Pleural_Thickening,,unavailable,,,not_computed,,"[""Atelectasis"", ""Cardiomegaly"", ""Consolidation"", ""Edema"", ""Pleural Effusion"", ""Pneumothorax"", ""Fracture"", ""Lung Opacity"", ""Enlarged Cardiomediastinum"", ""Pleural Other""]","{""Atelectasis"": 0.680178701877594, ""Cardiomegaly"": 0.5760377645492554, ""Consolidation"": 0.6278626918792725, ""Edema"": 0.5341423749923706, ""Effusion"": 0.7477278709411621, ""Emphysema"": 0.5011752843856812, ""Enlarged Cardiomediastinum"": 0.5531761646270752, ""Fibrosis"": 0.5716723799705505, ""Fracture"": 0.5436438322067261, ""Hernia"": 0.10458501428365707, ""Infiltration"": 0.6223771572113037, ""Lung Lesion"": 0.2879863381385803, ""Lung Opacity"": 0.8138316869735718, ""Mass"": 0.5989478826522827, ""Nodule"": 0.5439844131469727, ""Pleural_Thickening"": 0.5527538061141968, ""Pneumonia"": 0.1996733546257019, ""Pneumothorax"": 0.5048739910125732}",retrieval_agent
patient00277/study10,patient00277/study10/view1_frontal.dcm,/home/jovyan/Desktop/MEDAGENT-X/data/raw/chexpert_plus/dicom_train/patient00277/study10/view1_frontal.dcm,torchxrayvision.DenseNet,densenet121-res224-all,cuda,0.5,0.2,"[""Atelectasis"", ""Consolidation"", ""Infiltration"", ""Pneumothorax"", ""Edema"", ""Emphysema"", ""Fibrosis"", ""Effusion"", ""Pneumonia"", ""Pleural_Thickening"", ""Cardiomegaly"", ""Nodule"", ""Mass"", ""Hernia"", ""Lung Lesion"", ""Fracture"", ""Lung Opacity"", ""Enlarged Cardiomediastinum""]",0.7774543166160583,present,Atelectasis,0.6363808512687683,present,Cardiomegaly,0.7330179214477539,present,Consolidation,0.6572787761688232,present,Edema,0.8823936581611633,present,Effusion,0.5316526889801025,present,Pneumonia,0.5194679498672485,present,Pneumothorax,0.5463366508483887,present,Fracture,0.5343564748764038,present,Lung Lesion,0.8235013484954834,present,Lung Opacity,0.5977561473846436,present,Enlarged Cardiomediastinum,0.5478886365890503,present,Pleural_Thickening,,unavailable,,,not_computed,,"[""Atelectasis"", ""Cardiomegaly"", ""Consolidation"", ""Edema"", ""Pleural Effusion"", ""Pneumonia"", ""Pneumothorax"", ""Fracture"", ""Lung Lesion"", ""Lung Opacity"", ""Enlarged Cardiomediastinum"", ""Pleural Other""]","{""Atelectasis"": 0.7774543166160583, ""Cardiomegaly"": 0.6363808512687683, ""Consolidation"": 0.7330179214477539, ""Edema"": 0.6572787761688232, ""Effusion"": 0.8823936581611633, ""Emphysema"": 0.5053702592849731, ""Enlarged Cardiomediastinum"": 0.5977561473846436, ""Fibrosis"": 0.5405411720275879, ""Fracture"": 0.5463366508483887, ""Hernia"": 0.10434163361787796, ""Infiltration"": 0.5779163241386414, ""Lung Lesion"": 0.5343564748764038, ""Lung Opacity"": 0.8235013484954834, ""Mass"": 0.5752508044242859, ""Nodule"": 0.5228308439254761, ""Pleural_Thickening"": 0.5478886365890503, ""Pneumonia"": 0.5316526889801025, ""Pneumothorax"": 0.5194679498672485}",retrieval_agent
patient00277/study9,patient00277/study9/view1_frontal.dcm,/home/jovyan/Desktop/MEDAGENT-X/data/raw/chexpert_plus/dicom_train/patient00277/study9/view1_frontal.dcm,torchxrayvision.DenseNet,densenet121-res224-all,cuda,0.5,0.2,"[""Atelectasis"", ""Consolidation"", ""Infiltration"", ""Pneumothorax"", ""Edema"", ""Emphysema"", ""Fibrosis"", ""Effusion"", ""Pneumonia"", ""Pleural_Thickening"", ""Cardiomegaly"", ""Nodule"", ""Mass"", ""Hernia"", ""Lung Lesion"", ""Fracture"", ""Lung Opacity"", ""Enlarged Cardiomediastinum""]",0.728716254234314,present,Atelectasis,0.6046769618988037,present,Cardiomegaly,0.6531147360801697,present,Consolidation,0.6188892126083374,present,Edema,0.8986504077911377,present,Effusion,0.5155100226402283,present,Pneumonia,0.5163390636444092,present,Pneumothorax,0.5156021118164062,present,Fracture,0.501937985420227,present,Lung Lesion,0.7794588208198547,present,Lung Opacity,0.574323296546936,present,Enlarged Cardiomediastinum,0.5248823165893555,present,Pleural_Thickening,,unavailable,,,not_computed,,"[""Atelectasis"", ""Cardiomegaly"", ""Consolidation"", ""Edema"", ""Pleural Effusion"", ""Pneumonia"", ""Pneumothorax"", ""Fracture"", ""Lung Lesion"", ""Lung Opacity"", ""Enlarged Cardiomediastinum"", ""Pleural Other""]","{""Atelectasis"": 0.728716254234314, ""Cardiomegaly"": 0.6046769618988037, ""Consolidation"": 0.6531147360801697, ""Edema"": 0.6188892126083374, ""Effusion"": 0.8986504077911377, ""Emphysema"": 0.5011610388755798, ""Enlarged Cardiomediastinum"": 0.574323296546936, ""Fibrosis"": 0.5141713619232178, ""Fracture"": 0.5156021118164062, ""Hernia"": 0.10930988937616348, ""Infiltration"": 0.5883969068527222, ""Lung Lesion"": 0.501937985420227, ""Lung Opacity"": 0.7794588208198547, ""Mass"": 0.5353531837463379, ""Nodule"": 0.5087066888809204, ""Pleural_Thickening"": 0.5248823165893555, ""Pneumonia"": 0.5155100226402283, ""Pneumothorax"": 0.5163390636444092}",retrieval_agent
patient00277/study2,patient00277/study2/view1_frontal.dcm,/home/jovyan/Desktop/MEDAGENT-X/data/raw/chexpert_plus/dicom_train/patient00277/study2/view1_frontal.dcm,torchxrayvision.DenseNet,densenet121-res224-all,cuda,0.5,0.2,"[""Atelectasis"", ""Consolidation"", ""Infiltration"", ""Pneumothorax"", ""Edema"", ""Emphysema"", ""Fibrosis"", ""Effusion"", ""Pneumonia"", ""Pleural_Thickening"", ""Cardiomegaly"", ""Nodule"", ""Mass"", ""Hernia"", ""Lung Lesion"", ""Fracture"", ""Lung Opacity"", ""Enlarged Cardiomediastinum""]",0.5836570858955383,present,Atelectasis,0.642094612121582,present,Cardiomegaly,0.5820474028587341,present,Consolidation,0.5429041385650635,present,Edema,0.6568067073822021,present,Effusion,0.50836181640625,present,Pneumonia,0.3162955343723297,uncertain,Pneumothorax,0.5002343654632568,present,Fracture,0.06591343134641647,absent,Lung Lesion,0.8252307176589966,present,Lung Opacity,0.5592702031135559,present,Enlarged Cardiomediastinum,0.36271268129348755,uncertain,Pleural_Thickening,,unavailable,,,not_computed,,"[""Atelectasis"", ""Cardiomegaly"", ""Consolidation"", ""Edema"", ""Pleural Effusion"", ""Pneumonia"", ""Fracture"", ""Lung Opacity"", ""Enlarged Cardiomediastinum""]","{""Atelectasis"": 0.5836570858955383, ""Cardiomegaly"": 0.642094612121582, ""Consolidation"": 0.5820474028587341, ""Edema"": 0.5429041385650635, ""Effusion"": 0.6568067073822021, ""Emphysema"": 0.501044750213623, ""Enlarged Cardiomediastinum"": 0.5592702031135559, ""Fibrosis"": 0.5143778324127197, ""Fracture"": 0.5002343654632568, ""Hernia"": 0.03219848871231079, ""Infiltration"": 0.555012583732605, ""Lung Lesion"": 0.06591343134641647, ""Lung Opacity"": 0.8252307176589966, ""Mass"": 0.5447441339492798, ""Nodule"": 0.5164355635643005, ""Pleural_Thickening"": 0.36271268129348755, ""Pneumonia"": 0.50836181640625, ""Pneumothorax"": 0.3162955343723297}",retrieval_agent
patient00277/study3,patient00277/study3/view1_frontal.dcm,/home/jovyan/Desktop/MEDAGENT-X/data/raw/chexpert_plus/dicom_train/patient00277/study3/view1_frontal.dcm,torchxrayvision.DenseNet,densenet121-res224-all,cuda,0.5,0.2,"[""Atelectasis"", ""Consolidation"", ""Infiltration"", ""Pneumothorax"", ""Edema"", ""Emphysema"", ""Fibrosis"", ""Effusion"", ""Pneumonia"", ""Pleural_Thickening"", ""Cardiomegaly"", ""Nodule"", ""Mass"", ""Hernia"", ""Lung Lesion"", ""Fracture"", ""Lung Opacity"", ""Enlarged Cardiomediastinum""]",0.6039217710494995,present,Atelectasis,0.5935491323471069,present,Cardiomegaly,0.5603300929069519,present,Consolidation,0.5041311979293823,present,Edema,0.5824066400527954,present,Effusion,0.22135375440120697,uncertain,Pneumonia,0.3864443004131317,uncertain,Pneumothorax,0.5063551664352417,present,Fracture,0.13115853071212769,absent,Lung Lesion,0.6779710054397583,present,Lung Opacity,0.5432054996490479,present,Enlarged Cardiomediastinum,0.5004808902740479,present,Pleural_Thickening,,unavailable,,,not_computed,,"[""Atelectasis"", ""Cardiomegaly"", ""Consolidation"", ""Edema"", ""Pleural Effusion"", ""Fracture"", ""Lung Opacity"", ""Enlarged Cardiomediastinum"", ""Pleural Other""]","{""Atelectasis"": 0.6039217710494995, ""Cardiomegaly"": 0.5935491323471069, ""Consolidation"": 0.5603300929069519, ""Edema"": 0.5041311979293823, ""Effusion"": 0.5824066400527954, ""Emphysema"": 0.5032037496566772, ""Enlarged Cardiomediastinum"": 0.5432054996490479, ""Fibrosis"": 0.5195786356925964, ""Fracture"": 0.5063551664352417, ""Hernia"": 0.06127476319670677, ""Infiltration"": 0.5253292918205261, ""Lung Lesion"": 0.13115853071212769, ""Lung Opacity"": 0.6779710054397583, ""Mass"": 0.6223891973495483, ""Nodule"": 0.5331577658653259, ""Pleural_Thickening"": 0.5004808902740479, ""Pneumonia"": 0.22135375440120697, ""Pneumothorax"": 0.3864443004131317}",retrieval_agent
patient00277/study11,patient00277/study11/view1_frontal.dcm,/home/jovyan/Desktop/MEDAGENT-X/data/raw/chexpert_plus/dicom_train/patient00277/study11/view1_frontal.dcm,torchxrayvision.DenseNet,densenet121-res224-all,cuda,0.5,0.2,"[""Atelectasis"", ""Consolidation"", ""Infiltration"", ""Pneumothorax"", ""Edema"", ""Emphysema"", ""Fibrosis"", ""Effusion"", ""Pneumonia"", ""Pleural_Thickening"", ""Cardiomegaly"", ""Nodule"", ""Mass"", ""Hernia"", ""Lung Lesion"", ""Fracture"", ""Lung Opacity"", ""Enlarged Cardiomediastinum""]",0.6696679592132568,present,Atelectasis,0.6098693609237671,present,Cardiomegaly,0.5520482063293457,present,Consolidation,0.5126570463180542,present,Edema,0.8310900926589966,present,Effusion,0.5157185196876526,present,Pneumonia,0.5031086802482605,present,Pneumothorax,0.5074958801269531,present,Fracture,0.0735950917005539,absent,Lung Lesion,0.6753710508346558,present,Lung Opacity,0.5394481420516968,present,Enlarged Cardiomediastinum,0.526222825050354,present,Pleural_Thickening,,unavailable,,,not_computed,,"[""Atelectasis"", ""Cardiomegaly"", ""Consolidation"", ""Edema"", ""Pleural Effusion"", ""Pneumonia"", ""Pneumothorax"", ""Fracture"", ""Lung Opacity"", ""Enlarged Cardiomediastinum"", ""Pleural Other""]","{""Atelectasis"": 0.6696679592132568, ""Cardiomegaly"": 0.6098693609237671, ""Consolidation"": 0.5520482063293457, ""Edema"": 0.5126570463180542, ""Effusion"": 0.8310900926589966, ""Emphysema"": 0.500555157661438, ""Enlarged Cardiomediastinum"": 0.5394481420516968, ""Fibrosis"": 0.5098912119865417, ""Fracture"": 0.5074958801269531, ""Hernia"": 0.07821197062730789, ""Infiltration"": 0.5559324622154236, ""Lung Lesion"": 0.0735950917005539, ""Lung Opacity"": 0.6753710508346558, ""Mass"": 0.5334023237228394, ""Nodule"": 0.5028150677680969, ""Pleural_Thickening"": 0.526222825050354, ""Pneumonia"": 0.5157185196876526, ""Pneumothorax"": 0.5031086802482605}",retrieval_agent
patient00277/study6,patient00277/study6/view1_frontal.dcm,/home/jovyan/Desktop/MEDAGENT-X/data/raw/chexpert_plus/dicom_train/patient00277/study6/view1_frontal.dcm,torchxrayvision.DenseNet,densenet121-res224-all,cuda,0.5,0.2,"[""Atelectasis"", ""Consolidation"", ""Infiltration"", ""Pneumothorax"", ""Edema"", ""Emphysema"", ""Fibrosis"", ""Effusion"", ""Pneumonia"", ""Pleural_Thickening"", ""Cardiomegaly"", ""Nodule"", ""Mass"", ""Hernia"", ""Lung Lesion"", ""Fracture"", ""Lung Opacity"", ""Enlarged Cardiomediastinum""]",0.7605303525924683,present,Atelectasis,0.617026686668396,present,Cardiomegaly,0.6280761957168579,present,Consolidation,0.542620062828064,present,Edema,0.8349369168281555,present,Effusion,0.5070690512657166,present,Pneumonia,0.36539095640182495,uncertain,Pneumothorax,0.5184652805328369,present,Fracture,0.11698271334171295,absent,Lung Lesion,0.7570791840553284,present,Lung Opacity,0.5492337942123413,present,Enlarged Cardiomediastinum,0.5079714059829712,present,Pleural_Thickening,,unavailable,,,not_computed,,"[""Atelectasis"", ""Cardiomegaly"", ""Consolidation"", ""Edema"", ""Pleural Effusion"", ""Pneumonia"", ""Fracture"", ""Lung Opacity"", ""Enlarged Cardiomediastinum"", ""Pleural Other""]","{""Atelectasis"": 0.7605303525924683, ""Cardiomegaly"": 0.617026686668396, ""Consolidation"": 0.6280761957168579, ""Edema"": 0.542620062828064, ""Effusion"": 0.8349369168281555, ""Emphysema"": 0.3765527307987213, ""Enlarged Cardiomediastinum"": 0.5492337942123413, ""Fibrosis"": 0.5132952928543091, ""Fracture"": 0.5184652805328369, ""Hernia"": 0.3260846436023712, ""Infiltration"": 0.5718554854393005, ""Lung Lesion"": 0.11698271334171295, ""Lung Opacity"": 0.7570791840553284, ""Mass"": 0.5360610485076904, ""Nodule"": 0.5082451701164246, ""Pleural_Thickening"": 0.5079714059829712, ""Pneumonia"": 0.5070690512657166, ""Pneumothorax"": 0.36539095640182495}",retrieval_agent
patient00277/study7,patient00277/study7/view1_frontal.dcm,/home/jovyan/Desktop/MEDAGENT-X/data/raw/chexpert_plus/dicom_train/patient00277/study7/view1_frontal.dcm,torchxrayvision.DenseNet,densenet121-res224-all,cuda,0.5,0.2,"[""Atelectasis"", ""Consolidation"", ""Infiltration"", ""Pneumothorax"", ""Edema"", ""Emphysema"", ""Fibrosis"", ""Effusion"", ""Pneumonia"", ""Pleural_Thickening"", ""Cardiomegaly"", ""Nodule"", ""Mass"", ""Hernia"", ""Lung Lesion"", ""Fracture"", ""Lung Opacity"", ""Enlarged Cardiomediastinum""]",0.6714320182800293,present,Atelectasis,0.6087890863418579,present,Cardiomegaly,0.634809136390686,present,Consolidation,0.656787633895874,present,Edema,0.8152899742126465,present,Effusion,0.6437951326370239,present,Pneumonia,0.5092890858650208,present,Pneumothorax,0.5158798694610596,present,Fracture,0.2790585458278656,uncertain,Lung Lesion,0.8417561054229736,present,Lung Opacity,0.5765201449394226,present,Enlarged Cardiomediastinum,0.5061862468719482,present,Pleural_Thickening,,unavailable,,,not_computed,,"[""Atelectasis"", ""Cardiomegaly"", ""Consolidation"", ""Edema"", ""Pleural Effusion"", ""Pneumonia"", ""Pneumothorax"", ""Fracture"", ""Lung Opacity"", ""Enlarged Cardiomediastinum"", ""Pleural Other""]","{""Atelectasis"": 0.6714320182800293, ""Cardiomegaly"": 0.6087890863418579, ""Consolidation"": 0.634809136390686, ""Edema"": 0.656787633895874, ""Effusion"": 0.8152899742126465, ""Emphysema"": 0.2949257493019104, ""Enlarged Cardiomediastinum"": 0.5765201449394226, ""Fibrosis"": 0.509446382522583, ""Fracture"": 0.5158798694610596, ""Hernia"": 0.5267046689987183, ""Infiltration"": 0.6279482841491699, ""Lung Lesion"": 0.2790585458278656, ""Lung Opacity"": 0.8417561054229736, ""Mass"": 0.5976541042327881, ""Nodule"": 0.5174161195755005, ""Pleural_Thickening"": 0.5061862468719482, ""Pneumonia"": 0.6437951326370239, ""Pneumothorax"": 0.5092890858650208}",retrieval_agent
patient00278/study1,patient00278/study1/view1_frontal.dcm,/home/jovyan/Desktop/MEDAGENT-X/data/raw/chexpert_plus/dicom_train/patient00278/study1/view1_frontal.dcm,torchxrayvision.DenseNet,densenet121-res224-all,cuda,0.5,0.2,"[""Atelectasis"", ""Consolidation"", ""Infiltration"", ""Pneumothorax"", ""Edema"", ""Emphysema"", ""Fibrosis"", ""Effusion"", ""Pneumonia"", ""Pleural_Thickening"", ""Cardiomegaly"", ""Nodule"", ""Mass"", ""Hernia"", ""Lung Lesion"", ""Fracture"", ""Lung Opacity"", ""Enlarged Cardiomediastinum""]",0.5093944072723389,present,Atelectasis,0.6637974977493286,present,Cardiomegaly,0.5049017667770386,present,Consolidation,0.07721415907144547,absent,Edema,0.44603243470191956,uncertain,Effusion,0.006086444016546011,absent,Pneumonia,0.24227584898471832,uncertain,Pneumothorax,0.20377571880817413,uncertain,Fracture,0.016561370342969894,absent,Lung Lesion,0.5547158718109131,present,Lung Opacity,0.4018736779689789,uncertain,Enlarged Cardiomediastinum,0.29496678709983826,uncertain,Pleural_Thickening,,unavailable,,,not_computed,,"[""Atelectasis"", ""Cardiomegaly"", ""Consolidation"", ""Lung Opacity""]","{""Atelectasis"": 0.5093944072723389, ""Cardiomegaly"": 0.6637974977493286, ""Consolidation"": 0.5049017667770386, ""Edema"": 0.07721415907144547, ""Effusion"": 0.44603243470191956, ""Emphysema"": 0.5004446506500244, ""Enlarged Cardiomediastinum"": 0.4018736779689789, ""Fibrosis"": 0.5024795532226562, ""Fracture"": 0.20377571880817413, ""Hernia"": 0.14353691041469574, ""Infiltration"": 0.3554711937904358, ""Lung Lesion"": 0.016561370342969894, ""Lung Opacity"": 0.5547158718109131, ""Mass"": 0.5111162662506104, ""Nodule"": 0.5072721838951111, ""Pleural_Thickening"": 0.29496678709983826, ""Pneumonia"": 0.006086444016546011, ""Pneumothorax"": 0.24227584898471832}",retrieval_agent
patient00278/study2,patient00278/study2/view1_frontal.dcm,/home/jovyan/Desktop/MEDAGENT-X/data/raw/chexpert_plus/dicom_train/patient00278/study2/view1_frontal.dcm,torchxrayvision.DenseNet,densenet121-res224-all,cuda,0.5,0.2,"[""Atelectasis"", ""Consolidation"", ""Infiltration"", ""Pneumothorax"", ""Edema"", ""Emphysema"", ""Fibrosis"", ""Effusion"", ""Pneumonia"", ""Pleural_Thickening"", ""Cardiomegaly"", ""Nodule"", ""Mass"", ""Hernia"", ""Lung Lesion"", ""Fracture"", ""Lung Opacity"", ""Enlarged Cardiomediastinum""]",0.5299487113952637,present,Atelectasis,0.5130540132522583,present,Cardiomegaly,0.5067926645278931,present,Consolidation,0.027054280042648315,absent,Edema,0.5128790736198425,present,Effusion,0.020524444058537483,absent,Pneumonia,0.5048233866691589,present,Pneumothorax,0.2969602048397064,uncertain,Fracture,0.009114781394600868,absent,Lung Lesion,0.530845046043396,present,Lung Opacity,0.30714526772499084,uncertain,Enlarged Cardiomediastinum,0.3712938725948334,uncertain,Pleural_Thickening,,unavailable,,,not_computed,,"[""Atelectasis"", ""Cardiomegaly"", ""Consolidation"", ""Pleural Effusion"", ""Pneumothorax"", ""Lung Opacity""]","{""Atelectasis"": 0.5299487113952637, ""Cardiomegaly"": 0.5130540132522583, ""Consolidation"": 0.5067926645278931, ""Edema"": 0.027054280042648315, ""Effusion"": 0.5128790736198425, ""Emphysema"": 0.2682451009750366, ""Enlarged Cardiomediastinum"": 0.30714526772499084, ""Fibrosis"": 0.3716147840023041, ""Fracture"": 0.2969602048397064, ""Hernia"": 0.299389123916626, ""Infiltration"": 0.5058982968330383, ""Lung Lesion"": 0.009114781394600868, ""Lung Opacity"": 0.530845046043396, ""Mass"": 0.5444582104682922, ""Nodule"": 0.4778546392917633, ""Pleural_Thickening"": 0.3712938725948334, ""Pneumonia"": 0.020524444058537483, ""Pneumothorax"": 0.5048233866691589}",retrieval_agent
patient00283/study4,patient00283/study4/view1_frontal.dcm,/home/jovyan/Desktop/MEDAGENT-X/data/raw/chexpert_plus/dicom_train/patient00283/study4/view1_frontal.dcm,torchxrayvision.DenseNet,densenet121-res224-all,cuda,0.5,0.2,"[""Atelectasis"", ""Consolidation"", ""Infiltration"", ""Pneumothorax"", ""Edema"", ""Emphysema"", ""Fibrosis"", ""Effusion"", ""Pneumonia"", ""Pleural_Thickening"", ""Cardiomegaly"", ""Nodule"", ""Mass"", ""Hernia"", ""Lung Lesion"", ""Fracture"", ""Lung Opacity"", ""Enlarged Cardiomediastinum""]",0.5757761001586914,present,Atelectasis,0.09524575620889664,absent,Cardiomegaly,0.5323919653892517,present,Consolidation,0.10741259902715683,absent,Edema,0.5204601883888245,present,Effusion,0.06042876094579697,absent,Pneumonia,0.5136128664016724,present,Pneumothorax,0.5097029805183411,present,Fracture,0.24594327807426453,uncertain,Lung Lesion,0.5689518451690674,present,Lung Opacity,0.581416130065918,present,Enlarged Cardiomediastinum,0.5266700387001038,present,Pleural_Thickening,,unavailable,,,not_computed,,"[""Atelectasis"", ""Consolidation"", ""Pleural Effusion"", ""Pneumothorax"", ""Fracture"", ""Lung Opacity"", ""Enlarged Cardiomediastinum"", ""Pleural Other""]","{""Atelectasis"": 0.5757761001586914, ""Cardiomegaly"": 0.09524575620889664, ""Consolidation"": 0.5323919653892517, ""Edema"": 0.10741259902715683, ""Effusion"": 0.5204601883888245, ""Emphysema"": 0.5015884637832642, ""Enlarged Cardiomediastinum"": 0.581416130065918, ""Fibrosis"": 0.5066737532615662, ""Fracture"": 0.5097029805183411, ""Hernia"": 0.08650723099708557, ""Infiltration"": 0.5171369910240173, ""Lung Lesion"": 0.24594327807426453, ""Lung Opacity"": 0.5689518451690674, ""Mass"": 0.7010916471481323, ""Nodule"": 0.510302722454071, ""Pleural_Thickening"": 0.5266700387001038, ""Pneumonia"": 0.06042876094579697, ""Pneumothorax"": 0.5136128664016724}",retrieval_agent
patient00284/study1,patient00284/study1/view1_frontal.dcm,/home/jovyan/Desktop/MEDAGENT-X/data/raw/chexpert_plus/dicom_train/patient00284/study1/view1_frontal.dcm,torchxrayvision.DenseNet,densenet121-res224-all,cuda,0.5,0.2,"[""Atelectasis"", ""Consolidation"", ""Infiltration"", ""Pneumothorax"", ""Edema"", ""Emphysema"", ""Fibrosis"", ""Effusion"", ""Pneumonia"", ""Pleural_Thickening"", ""Cardiomegaly"", ""Nodule"", ""Mass"", ""Hernia"", ""Lung Lesion"", ""Fracture"", ""Lung Opacity"", ""Enlarged Cardiomediastinum""]",0.16542218625545502,absent,Atelectasis,0.03452111780643463,absent,Cardiomegaly,0.07559660077095032,absent,Consolidation,0.0006081437459215522,absent,Edema,0.019171815365552902,absent,Effusion,0.016964679583907127,absent,Pneumonia,0.043888505548238754,absent,Pneumothorax,0.06461749225854874,absent,Fracture,0.0008598639979027212,absent,Lung Lesion,0.079078309237957,absent,Lung Opacity,0.02828306518495083,absent,Enlarged Cardiomediastinum,0.04164482653141022,absent,Pleural_Thickening,,unavailable,,,not_computed,,[],"{""Atelectasis"": 0.16542218625545502, ""Cardiomegaly"": 0.03452111780643463, ""Consolidation"": 0.07559660077095032, ""Edema"": 0.0006081437459215522, ""Effusion"": 0.019171815365552902, ""Emphysema"": 0.04598694294691086, ""Enlarged Cardiomediastinum"": 0.02828306518495083, ""Fibrosis"": 0.2133820503950119, ""Fracture"": 0.06461749225854874, ""Hernia"": 0.0016581736272200942, ""Infiltration"": 0.26294660568237305, ""Lung Lesion"": 0.0008598639979027212, ""Lung Opacity"": 0.079078309237957, ""Mass"": 0.06793773919343948, ""Nodule"": 0.2949511706829071, ""Pleural_Thickening"": 0.04164482653141022, ""Pneumonia"": 0.016964679583907127, ""Pneumothorax"": 0.043888505548238754}",retrieval_agent
patient00284/study1,patient00284/study1/view2_lateral.dcm,/home/jovyan/Desktop/MEDAGENT-X/data/raw/chexpert_plus/dicom_train/patient00284/study1/view2_lateral.dcm,torchxrayvision.DenseNet,densenet121-res224-all,cuda,0.5,0.2,"[""Atelectasis"", ""Consolidation"", ""Infiltration"", ""Pneumothorax"", ""Edema"", ""Emphysema"", ""Fibrosis"", ""Effusion"", ""Pneumonia"", ""Pleural_Thickening"", ""Cardiomegaly"", ""Nodule"", ""Mass"", ""Hernia"", ""Lung Lesion"", ""Fracture"", ""Lung Opacity"", ""Enlarged Cardiomediastinum""]",0.39444035291671753,uncertain,Atelectasis,0.15759003162384033,absent,Cardiomegaly,0.50812828540802,present,Consolidation,0.16059979796409607,absent,Edema,0.2804770767688751,uncertain,Effusion,0.527833104133606,present,Pneumonia,0.13782234489917755,absent,Pneumothorax,0.2260938584804535,uncertain,Fracture,0.0049256556667387486,absent,Lung Lesion,0.6815289258956909,present,Lung Opacity,0.3055363595485687,uncertain,Enlarged Cardiomediastinum,0.18769040703773499,absent,Pleural_Thickening,,unavailable,,,not_computed,,"[""Consolidation"", ""Pneumonia"", ""Lung Opacity""]","{""Atelectasis"": 0.39444035291671753, ""Cardiomegaly"": 0.15759003162384033, ""Consolidation"": 0.50812828540802, ""Edema"": 0.16059979796409607, ""Effusion"": 0.2804770767688751, ""Emphysema"": 0.5028698444366455, ""Enlarged Cardiomediastinum"": 0.3055363595485687, ""Fibrosis"": 0.37621110677719116, ""Fracture"": 0.2260938584804535, ""Hernia"": 0.036347661167383194, ""Infiltration"": 0.4297722578048706, ""Lung Lesion"": 0.0049256556667387486, ""Lung Opacity"": 0.6815289258956909, ""Mass"": 0.5102311968803406, ""Nodule"": 0.5017524361610413, ""Pleural_Thickening"": 0.18769040703773499, ""Pneumonia"": 0.527833104133606, ""Pneumothorax"": 0.13782234489917755}",retrieval_agent
patient00285/study1,patient00285/study1/view1_frontal.dcm,/home/jovyan/Desktop/MEDAGENT-X/data/raw/chexpert_plus/dicom_train/patient00285/study1/view1_frontal.dcm,torchxrayvision.DenseNet,densenet121-res224-all,cuda,0.5,0.2,"[""Atelectasis"", ""Consolidation"", ""Infiltration"", ""Pneumothorax"", ""Edema"", ""Emphysema"", ""Fibrosis"", ""Effusion"", ""Pneumonia"", ""Pleural_Thickening"", ""Cardiomegaly"", ""Nodule"", ""Mass"", ""Hernia"", ""Lung Lesion"", ""Fracture"", ""Lung Opacity"", ""Enlarged Cardiomediastinum""]",0.3437807559967041,uncertain,Atelectasis,0.30398958921432495,uncertain,Cardiomegaly,0.23756366968154907,uncertain,Consolidation,0.08878300338983536,absent,Edema,0.10197986662387848,absent,Effusion,0.07601708173751831,absent,Pneumonia,0.15647530555725098,absent,Pneumothorax,0.3504098355770111,uncertain,Fracture,0.0014951593475416303,absent,Lung Lesion,0.38456687331199646,uncertain,Lung Opacity,0.26069405674934387,uncertain,Enlarged Cardiomediastinum,0.09151383489370346,absent,Pleural_Thickening,,unavailable,,,not_computed,,[],"{""Atelectasis"": 0.3437807559967041, ""Cardiomegaly"": 0.30398958921432495, ""Consolidation"": 0.23756366968154907, ""Edema"": 0.08878300338983536, ""Effusion"": 0.10197986662387848, ""Emphysema"": 0.4651995301246643, ""Enlarged Cardiomediastinum"": 0.26069405674934387, ""Fibrosis"": 0.3071286976337433, ""Fracture"": 0.3504098355770111, ""Hernia"": 0.002205917611718178, ""Infiltration"": 0.24225638806819916, ""Lung Lesion"": 0.0014951593475416303, ""Lung Opacity"": 0.38456687331199646, ""Mass"": 0.47246861457824707, ""Nodule"": 0.34532973170280457, ""Pleural_Thickening"": 0.09151383489370346, ""Pneumonia"": 0.07601708173751831, ""Pneumothorax"": 0.15647530555725098}",retrieval_agent
patient00285/study2,patient00285/study2/view1_frontal.dcm,/home/jovyan/Desktop/MEDAGENT-X/data/raw/chexpert_plus/dicom_train/patient00285/study2/view1_frontal.dcm,torchxrayvision.DenseNet,densenet121-res224-all,cuda,0.5,0.2,"[""Atelectasis"", ""Consolidation"", ""Infiltration"", ""Pneumothorax"", ""Edema"", ""Emphysema"", ""Fibrosis"", ""Effusion"", ""Pneumonia"", ""Pleural_Thickening"", ""Cardiomegaly"", ""Nodule"", ""Mass"", ""Hernia"", ""Lung Lesion"", ""Fracture"", ""Lung Opacity"", ""Enlarged Cardiomediastinum""]",0.04050306975841522,absent,Atelectasis,0.04094282537698746,absent,Cardiomegaly,0.056872572749853134,absent,Consolidation,0.00500490190461278,absent,Edema,0.007756778504699469,absent,Effusion,0.005409631412476301,absent,Pneumonia,0.01743132621049881,absent,Pneumothorax,0.14298035204410553,absent,Fracture,0.0001496900076745078,absent,Lung Lesion,0.064310222864151,absent,Lung Opacity,0.040853261947631836,absent,Enlarged Cardiomediastinum,0.016069600358605385,absent,Pleural_Thickening,,unavailable,,,not_computed,,[],"{""Atelectasis"": 0.04050306975841522, ""Cardiomegaly"": 0.04094282537698746, ""Consolidation"": 0.056872572749853134, ""Edema"": 0.00500490190461278, ""Effusion"": 0.007756778504699469, ""Emphysema"": 0.07444219291210175, ""Enlarged Cardiomediastinum"": 0.040853261947631836, ""Fibrosis"": 0.06435967981815338, ""Fracture"": 0.14298035204410553, ""Hernia"": 0.000466757221147418, ""Infiltration"": 0.06598196923732758, ""Lung Lesion"": 0.0001496900076745078, ""Lung Opacity"": 0.064310222864151, ""Mass"": 0.10834906250238419, ""Nodule"": 0.19332481920719147, ""Pleural_Thickening"": 0.016069600358605385, ""Pneumonia"": 0.005409631412476301, ""Pneumothorax"": 0.01743132621049881}",retrieval_agent
patient00285/study3,patient00285/study3/view1_frontal.dcm,/home/jovyan/Desktop/MEDAGENT-X/data/raw/chexpert_plus/dicom_train/patient00285/study3/view1_frontal.dcm,torchxrayvision.DenseNet,densenet121-res224-all,cuda,0.5,0.2,"[""Atelectasis"", ""Consolidation"", ""Infiltration"", ""Pneumothorax"", ""Edema"", ""Emphysema"", ""Fibrosis"", ""Effusion"", ""Pneumonia"", ""Pleural_Thickening"", ""Cardiomegaly"", ""Nodule"", ""Mass"", ""Hernia"", ""Lung Lesion"", ""Fracture"", ""Lung Opacity"", ""Enlarged Cardiomediastinum""]",0.08254105597734451,absent,Atelectasis,0.0019186798017472029,absent,Cardiomegaly,0.07964462041854858,absent,Consolidation,0.002555795945227146,absent,Edema,0.017900362610816956,absent,Effusion,0.004163350444287062,absent,Pneumonia,0.12516090273857117,absent,Pneumothorax,0.23748421669006348,uncertain,Fracture,0.002974073402583599,absent,Lung Lesion,0.09104036539793015,absent,Lung Opacity,0.04022028297185898,absent,Enlarged Cardiomediastinum,0.09018316119909286,absent,Pleural_Thickening,,unavailable,,,not_computed,,[],"{""Atelectasis"": 0.08254105597734451, ""Cardiomegaly"": 0.0019186798017472029, ""Consolidation"": 0.07964462041854858, ""Edema"": 0.002555795945227146, ""Effusion"": 0.017900362610816956, ""Emphysema"": 0.19641317427158356, ""Enlarged Cardiomediastinum"": 0.04022028297185898, ""Fibrosis"": 0.1366444081068039, ""Fracture"": 0.23748421669006348, ""Hernia"": 0.004354710225015879, ""Infiltration"": 0.23099061846733093, ""Lung Lesion"": 0.002974073402583599, ""Lung Opacity"": 0.09104036539793015, ""Mass"": 0.38237902522087097, ""Nodule"": 0.3742765188217163, ""Pleural_Thickening"": 0.09018316119909286, ""Pneumonia"": 0.004163350444287062, ""Pneumothorax"": 0.12516090273857117}",retrieval_agent
patient00285/study4,patient00285/study4/view1_frontal.dcm,/home/jovyan/Desktop/MEDAGENT-X/data/raw/chexpert_plus/dicom_train/patient00285/study4/view1_frontal.dcm,torchxrayvision.DenseNet,densenet121-res224-all,cuda,0.5,0.2,"[""Atelectasis"", ""Consolidation"", ""Infiltration"", ""Pneumothorax"", ""Edema"", ""Emphysema"", ""Fibrosis"", ""Effusion"", ""Pneumonia"", ""Pleural_Thickening"", ""Cardiomegaly"", ""Nodule"", ""Mass"", ""Hernia"", ""Lung Lesion"", ""Fracture"", ""Lung Opacity"", ""Enlarged Cardiomediastinum""]",0.1930205374956131,absent,Atelectasis,0.006110209971666336,absent,Cardiomegaly,0.25113967061042786,uncertain,Consolidation,0.01285458542406559,absent,Edema,0.059678852558135986,absent,Effusion,0.02450736239552498,absent,Pneumonia,0.08461671322584152,absent,Pneumothorax,0.3161996006965637,uncertain,Fracture,0.002563977614045143,absent,Lung Lesion,0.1433856338262558,absent,Lung Opacity,0.03552241250872612,absent,Enlarged Cardiomediastinum,0.07280219346284866,absent,Pleural_Thickening,,unavailable,,,not_computed,,[],"{""Atelectasis"": 0.1930205374956131, ""Cardiomegaly"": 0.006110209971666336, ""Consolidation"": 0.25113967061042786, ""Edema"": 0.01285458542406559, ""Effusion"": 0.059678852558135986, ""Emphysema"": 0.07501838356256485, ""Enlarged Cardiomediastinum"": 0.03552241250872612, ""Fibrosis"": 0.15389393270015717, ""Fracture"": 0.3161996006965637, ""Hernia"": 0.003138894448056817, ""Infiltration"": 0.23425203561782837, ""Lung Lesion"": 0.002563977614045143, ""Lung Opacity"": 0.1433856338262558, ""Mass"": 0.2655090093612671, ""Nodule"": 0.32983481884002686, ""Pleural_Thickening"": 0.07280219346284866, ""Pneumonia"": 0.02450736239552498, ""Pneumothorax"": 0.08461671322584152}",retrieval_agent
patient00286/study5,patient00286/study5/view1_frontal.dcm,/home/jovyan/Desktop/MEDAGENT-X/data/raw/chexpert_plus/dicom_train/patient00286/study5/view1_frontal.dcm,torchxrayvision.DenseNet,densenet121-res224-all,cuda,0.5,0.2,"[""Atelectasis"", ""Consolidation"", ""Infiltration"", ""Pneumothorax"", ""Edema"", ""Emphysema"", ""Fibrosis"", ""Effusion"", ""Pneumonia"", ""Pleural_Thickening"", ""Cardiomegaly"", ""Nodule"", ""Mass"", ""Hernia"", ""Lung Lesion"", ""Fracture"", ""Lung Opacity"", ""Enlarged Cardiomediastinum""]",0.5189704298973083,present,Atelectasis,0.10209200531244278,absent,Cardiomegaly,0.5052037239074707,present,Consolidation,0.30810123682022095,uncertain,Edema,0.4585857391357422,uncertain,Effusion,0.25600466132164,uncertain,Pneumonia,0.5088723301887512,present,Pneumothorax,0.5315284729003906,present,Fracture,0.3167891204357147,uncertain,Lung Lesion,0.5210846662521362,present,Lung Opacity,0.24663938581943512,uncertain,Enlarged Cardiomediastinum,0.2426988035440445,uncertain,Pleural_Thickening,,unavailable,,,not_computed,,"[""Atelectasis"", ""Consolidation"", ""Pneumothorax"", ""Fracture"", ""Lung Opacity""]","{""Atelectasis"": 0.5189704298973083, ""Cardiomegaly"": 0.10209200531244278, ""Consolidation"": 0.5052037239074707, ""Edema"": 0.30810123682022095, ""Effusion"": 0.4585857391357422, ""Emphysema"": 0.38921254873275757, ""Enlarged Cardiomediastinum"": 0.24663938581943512, ""Fibrosis"": 0.48190397024154663, ""Fracture"": 0.5315284729003906, ""Hernia"": 0.03297761455178261, ""Infiltration"": 0.5582133531570435, ""Lung Lesion"": 0.3167891204357147, ""Lung Opacity"": 0.5210846662521362, ""Mass"": 0.5035840272903442, ""Nodule"": 0.5042999982833862, ""Pleural_Thickening"": 0.2426988035440445, ""Pneumonia"": 0.25600466132164, ""Pneumothorax"": 0.5088723301887512}",retrieval_agent
patient00286/study7,patient00286/study7/view1_frontal.dcm,/home/jovyan/Desktop/MEDAGENT-X/data/raw/chexpert_plus/dicom_train/patient00286/study7/view1_frontal.dcm,torchxrayvision.DenseNet,densenet121-res224-all,cuda,0.5,0.2,"[""Atelectasis"", ""Consolidation"", ""Infiltration"", ""Pneumothorax"", ""Edema"", ""Emphysema"", ""Fibrosis"", ""Effusion"", ""Pneumonia"", ""Pleural_Thickening"", ""Cardiomegaly"", ""Nodule"", ""Mass"", ""Hernia"", ""Lung Lesion"", ""Fracture"", ""Lung Opacity"", ""Enlarged Cardiomediastinum""]",0.6321887969970703,present,Atelectasis,0.5578206777572632,present,Cardiomegaly,0.5799974799156189,present,Consolidation,0.5094971656799316,present,Edema,0.6905142068862915,present,Effusion,0.06716173887252808,absent,Pneumonia,0.5121527910232544,present,Pneumothorax,0.5258917808532715,present,Fracture,0.1883956789970398,absent,Lung Lesion,0.7574014663696289,present,Lung Opacity,0.5119072198867798,present,Enlarged Cardiomediastinum,0.5095676779747009,present,Pleural_Thickening,,unavailable,,,not_computed,,"[""Atelectasis"", ""Cardiomegaly"", ""Consolidation"", ""Edema"", ""Pleural Effusion"", ""Pneumothorax"", ""Fracture"", ""Lung Opacity"", ""Enlarged Cardiomediastinum"", ""Pleural Other""]","{""Atelectasis"": 0.6321887969970703, ""Cardiomegaly"": 0.5578206777572632, ""Consolidation"": 0.5799974799156189, ""Edema"": 0.5094971656799316, ""Effusion"": 0.6905142068862915, ""Emphysema"": 0.3602180778980255, ""Enlarged Cardiomediastinum"": 0.5119072198867798, ""Fibrosis"": 0.5103599429130554, ""Fracture"": 0.5258917808532715, ""Hernia"": 0.5207669734954834, ""Infiltration"": 0.5885123014450073, ""Lung Lesion"": 0.1883956789970398, ""Lung Opacity"": 0.7574014663696289, ""Mass"": 0.5662065744400024, ""Nodule"": 0.5185646414756775, ""Pleural_Thickening"": 0.5095676779747009, ""Pneumonia"": 0.06716173887252808, ""Pneumothorax"": 0.5121527910232544}",retrieval_agent
patient00286/study4,patient00286/study4/view1_frontal.dcm,/home/jovyan/Desktop/MEDAGENT-X/data/raw/chexpert_plus/dicom_train/patient00286/study4/view1_frontal.dcm,torchxrayvision.DenseNet,densenet121-res224-all,cuda,0.5,0.2,"[""Atelectasis"", ""Consolidation"", ""Infiltration"", ""Pneumothorax"", ""Edema"", ""Emphysema"", ""Fibrosis"", ""Effusion"", ""Pneumonia"", ""Pleural_Thickening"", ""Cardiomegaly"", ""Nodule"", ""Mass"", ""Hernia"", ""Lung Lesion"", ""Fracture"", ""Lung Opacity"", ""Enlarged Cardiomediastinum""]",0.5663163661956787,present,Atelectasis,0.4792695641517639,uncertain,Cardiomegaly,0.5650547742843628,present,Consolidation,0.5265141725540161,present,Edema,0.5624393820762634,present,Effusion,0.5042201280593872,present,Pneumonia,0.5043971538543701,present,Pneumothorax,0.5079460740089417,present,Fracture,0.05461939796805382,absent,Lung Lesion,0.8095456957817078,present,Lung Opacity,0.5700799226760864,present,Enlarged Cardiomediastinum,0.442228227853775,uncertain,Pleural_Thickening,,unavailable,,,not_computed,,"[""Atelectasis"", ""Consolidation"", ""Edema"", ""Pleural Effusion"", ""Pneumonia"", ""Pneumothorax"", ""Fracture"", ""Lung Opacity"", ""Enlarged Cardiomediastinum""]","{""Atelectasis"": 0.5663163661956787, ""Cardiomegaly"": 0.4792695641517639, ""Consolidation"": 0.5650547742843628, ""Edema"": 0.5265141725540161, ""Effusion"": 0.5624393820762634, ""Emphysema"": 0.5001634359359741, ""Enlarged Cardiomediastinum"": 0.5700799226760864, ""Fibrosis"": 0.503078818321228, ""Fracture"": 0.5079460740089417, ""Hernia"": 0.04343860596418381, ""Infiltration"": 0.5962258577346802, ""Lung Lesion"": 0.05461939796805382, ""Lung Opacity"": 0.8095456957817078, ""Mass"": 0.5344526171684265, ""Nodule"": 0.5089609622955322, ""Pleural_Thickening"": 0.442228227853775, ""Pneumonia"": 0.5042201280593872, ""Pneumothorax"": 0.5043971538543701}",retrieval_agent
patient00286/study6,patient00286/study6/view1_frontal.dcm,/home/jovyan/Desktop/MEDAGENT-X/data/raw/chexpert_plus/dicom_train/patient00286/study6/view1_frontal.dcm,torchxrayvision.DenseNet,densenet121-res224-all,cuda,0.5,0.2,"[""Atelectasis"", ""Consolidation"", ""Infiltration"", ""Pneumothorax"", ""Edema"", ""Emphysema"", ""Fibrosis"", ""Effusion"", ""Pneumonia"", ""Pleural_Thickening"", ""Cardiomegaly"", ""Nodule"", ""Mass"", ""Hernia"", ""Lung Lesion"", ""Fracture"", ""Lung Opacity"", ""Enlarged Cardiomediastinum""]",0.7324055433273315,present,Atelectasis,0.5416224002838135,present,Cardiomegaly,0.5958799123764038,present,Consolidation,0.5123753547668457,present,Edema,0.8245323896408081,present,Effusion,0.16767950356006622,absent,Pneumonia,0.5311159491539001,present,Pneumothorax,0.5819244384765625,present,Fracture,0.3298243284225464,uncertain,Lung Lesion,0.8008555173873901,present,Lung Opacity,0.5113495588302612,present,Enlarged Cardiomediastinum,0.5140954852104187,present,Pleural_Thickening,,unavailable,,,not_computed,,"[""Atelectasis"", ""Cardiomegaly"", ""Consolidation"", ""Edema"", ""Pleural Effusion"", ""Pneumothorax"", ""Fracture"", ""Lung Opacity"", ""Enlarged Cardiomediastinum"", ""Pleural Other""]","{""Atelectasis"": 0.7324055433273315, ""Cardiomegaly"": 0.5416224002838135, ""Consolidation"": 0.5958799123764038, ""Edema"": 0.5123753547668457, ""Effusion"": 0.8245323896408081, ""Emphysema"": 0.5036320686340332, ""Enlarged Cardiomediastinum"": 0.5113495588302612, ""Fibrosis"": 0.5173461437225342, ""Fracture"": 0.5819244384765625, ""Hernia"": 0.11771294474601746, ""Infiltration"": 0.5884915590286255, ""Lung Lesion"": 0.3298243284225464, ""Lung Opacity"": 0.8008555173873901, ""Mass"": 0.5384207963943481, ""Nodule"": 0.5171509981155396, ""Pleural_Thickening"": 0.5140954852104187, ""Pneumonia"": 0.16767950356006622, ""Pneumothorax"": 0.5311159491539001}",retrieval_agent
patient00286/study1,patient00286/study1/view1_frontal.dcm,/home/jovyan/Desktop/MEDAGENT-X/data/raw/chexpert_plus/dicom_train/patient00286/study1/view1_frontal.dcm,torchxrayvision.DenseNet,densenet121-res224-all,cuda,0.5,0.2,"[""Atelectasis"", ""Consolidation"", ""Infiltration"", ""Pneumothorax"", ""Edema"", ""Emphysema"", ""Fibrosis"", ""Effusion"", ""Pneumonia"", ""Pleural_Thickening"", ""Cardiomegaly"", ""Nodule"", ""Mass"", ""Hernia"", ""Lung Lesion"", ""Fracture"", ""Lung Opacity"", ""Enlarged Cardiomediastinum""]",0.5236316323280334,present,Atelectasis,0.09707251936197281,absent,Cardiomegaly,0.5129155516624451,present,Consolidation,0.2787776589393616,uncertain,Edema,0.1503792405128479,absent,Effusion,0.07023943960666656,absent,Pneumonia,0.0894237756729126,absent,Pneumothorax,0.3752835690975189,uncertain,Fracture,0.021510493010282516,absent,Lung Lesion,0.5287990570068359,present,Lung Opacity,0.2728831171989441,uncertain,Enlarged Cardiomediastinum,0.16607113182544708,absent,Pleural_Thickening,,unavailable,,,not_computed,,"[""Atelectasis"", ""Consolidation"", ""Lung Opacity""]","{""Atelectasis"": 0.5236316323280334, ""Cardiomegaly"": 0.09707251936197281, ""Consolidation"": 0.5129155516624451, ""Edema"": 0.2787776589393616, ""Effusion"": 0.1503792405128479, ""Emphysema"": 0.11385713517665863, ""Enlarged Cardiomediastinum"": 0.2728831171989441, ""Fibrosis"": 0.4627775549888611, ""Fracture"": 0.3752835690975189, ""Hernia"": 0.057578083127737045, ""Infiltration"": 0.5073349475860596, ""Lung Lesion"": 0.021510493010282516, ""Lung Opacity"": 0.5287990570068359, ""Mass"": 0.5110657215118408, ""Nodule"": 0.5015919208526611, ""Pleural_Thickening"": 0.16607113182544708, ""Pneumonia"": 0.07023943960666656, ""Pneumothorax"": 0.0894237756729126}",retrieval_agent
patient00286/study2,patient00286/study2/view1_frontal.dcm,/home/jovyan/Desktop/MEDAGENT-X/data/raw/chexpert_plus/dicom_train/patient00286/study2/view1_frontal.dcm,torchxrayvision.DenseNet,densenet121-res224-all,cuda,0.5,0.2,"[""Atelectasis"", ""Consolidation"", ""Infiltration"", ""Pneumothorax"", ""Edema"", ""Emphysema"", ""Fibrosis"", ""Effusion"", ""Pneumonia"", ""Pleural_Thickening"", ""Cardiomegaly"", ""Nodule"", ""Mass"", ""Hernia"", ""Lung Lesion"", ""Fracture"", ""Lung Opacity"", ""Enlarged Cardiomediastinum""]",0.664481520652771,present,Atelectasis,0.5777712464332581,present,Cardiomegaly,0.5869598388671875,present,Consolidation,0.527143120765686,present,Edema,0.7490921020507812,present,Effusion,0.13728870451450348,absent,Pneumonia,0.5067565441131592,present,Pneumothorax,0.5363872051239014,present,Fracture,0.1585453450679779,absent,Lung Lesion,0.7781928777694702,present,Lung Opacity,0.5313183069229126,present,Enlarged Cardiomediastinum,0.5289098024368286,present,Pleural_Thickening,,unavailable,,,not_computed,,"[""Atelectasis"", ""Cardiomegaly"", ""Consolidation"", ""Edema"", ""Pleural Effusion"", ""Pneumothorax"", ""Fracture"", ""Lung Opacity"", ""Enlarged Cardiomediastinum"", ""Pleural Other""]","{""Atelectasis"": 0.664481520652771, ""Cardiomegaly"": 0.5777712464332581, ""Consolidation"": 0.5869598388671875, ""Edema"": 0.527143120765686, ""Effusion"": 0.7490921020507812, ""Emphysema"": 0.5009485483169556, ""Enlarged Cardiomediastinum"": 0.5313183069229126, ""Fibrosis"": 0.5416702032089233, ""Fracture"": 0.5363872051239014, ""Hernia"": 0.2458859533071518, ""Infiltration"": 0.5662662982940674, ""Lung Lesion"": 0.1585453450679779, ""Lung Opacity"": 0.7781928777694702, ""Mass"": 0.5591639876365662, ""Nodule"": 0.5138618350028992, ""Pleural_Thickening"": 0.5289098024368286, ""Pneumonia"": 0.13728870451450348, ""Pneumothorax"": 0.5067565441131592}",retrieval_agent
patient00286/study3,patient00286/study3/view1_frontal.dcm,/home/jovyan/Desktop/MEDAGENT-X/data/raw/chexpert_plus/dicom_train/patient00286/study3/view1_frontal.dcm,torchxrayvision.DenseNet,densenet121-res224-all,cuda,0.5,0.2,"[""Atelectasis"", ""Consolidation"", ""Infiltration"", ""Pneumothorax"", ""Edema"", ""Emphysema"", ""Fibrosis"", ""Effusion"", ""Pneumonia"", ""Pleural_Thickening"", ""Cardiomegaly"", ""Nodule"", ""Mass"", ""Hernia"", ""Lung Lesion"", ""Fracture"", ""Lung Opacity"", ""Enlarged Cardiomediastinum""]",0.528041660785675,present,Atelectasis,0.5098377466201782,present,Cardiomegaly,0.5750720500946045,present,Consolidation,0.5871317386627197,present,Edema,0.5129960775375366,present,Effusion,0.6060419082641602,present,Pneumonia,0.32063403725624084,uncertain,Pneumothorax,0.36400529742240906,uncertain,Fracture,0.033511608839035034,absent,Lung Lesion,0.88036048412323,present,Lung Opacity,0.5311727523803711,present,Enlarged Cardiomediastinum,0.17687518894672394,absent,Pleural_Thickening,,unavailable,,,not_computed,,"[""Atelectasis"", ""Cardiomegaly"", ""Consolidation"", ""Edema"", ""Pleural Effusion"", ""Pneumonia"", ""Lung Opacity"", ""Enlarged Cardiomediastinum""]","{""Atelectasis"": 0.528041660785675, ""Cardiomegaly"": 0.5098377466201782, ""Consolidation"": 0.5750720500946045, ""Edema"": 0.5871317386627197, ""Effusion"": 0.5129960775375366, ""Emphysema"": 0.5006706714630127, ""Enlarged Cardiomediastinum"": 0.5311727523803711, ""Fibrosis"": 0.5043439865112305, ""Fracture"": 0.36400529742240906, ""Hernia"": 0.02070217952132225, ""Infiltration"": 0.5703850984573364, ""Lung Lesion"": 0.033511608839035034, ""Lung Opacity"": 0.88036048412323, ""Mass"": 0.5194391012191772, ""Nodule"": 0.5146933794021606, ""Pleural_Thickening"": 0.17687518894672394, ""Pneumonia"": 0.6060419082641602, ""Pneumothorax"": 0.32063403725624084}",retrieval_agent
patient00286/study8,patient00286/study8/view1_frontal.dcm,/home/jovyan/Desktop/MEDAGENT-X/data/raw/chexpert_plus/dicom_train/patient00286/study8/view1_frontal.dcm,torchxrayvision.DenseNet,densenet121-res224-all,cuda,0.5,0.2,"[""Atelectasis"", ""Consolidation"", ""Infiltration"", ""Pneumothorax"", ""Edema"", ""Emphysema"", ""Fibrosis"", ""Effusion"", ""Pneumonia"", ""Pleural_Thickening"", ""Cardiomegaly"", ""Nodule"", ""Mass"", ""Hernia"", ""Lung Lesion"", ""Fracture"", ""Lung Opacity"", ""Enlarged Cardiomediastinum""]",0.6976617574691772,present,Atelectasis,0.581239640712738,present,Cardiomegaly,0.8579739332199097,present,Consolidation,0.6500500440597534,present,Edema,0.8294559717178345,present,Effusion,0.664519727230072,present,Pneumonia,0.546978235244751,present,Pneumothorax,0.5238597989082336,present,Fracture,0.5745253562927246,present,Lung Lesion,0.9378136992454529,present,Lung Opacity,0.6420867443084717,present,Enlarged Cardiomediastinum,0.5144188404083252,present,Pleural_Thickening,,unavailable,,,not_computed,,"[""Atelectasis"", ""Cardiomegaly"", ""Consolidation"", ""Edema"", ""Pleural Effusion"", ""Pneumonia"", ""Pneumothorax"", ""Fracture"", ""Lung Lesion"", ""Lung Opacity"", ""Enlarged Cardiomediastinum"", ""Pleural Other""]","{""Atelectasis"": 0.6976617574691772, ""Cardiomegaly"": 0.581239640712738, ""Consolidation"": 0.8579739332199097, ""Edema"": 0.6500500440597534, ""Effusion"": 0.8294559717178345, ""Emphysema"": 0.5030184984207153, ""Enlarged Cardiomediastinum"": 0.6420867443084717, ""Fibrosis"": 0.5561023950576782, ""Fracture"": 0.5238597989082336, ""Hernia"": 0.006072297692298889, ""Infiltration"": 0.6496492624282837, ""Lung Lesion"": 0.5745253562927246, ""Lung Opacity"": 0.9378136992454529, ""Mass"": 0.6699931621551514, ""Nodule"": 0.5632693767547607, ""Pleural_Thickening"": 0.5144188404083252, ""Pneumonia"": 0.664519727230072, ""Pneumothorax"": 0.546978235244751}",retrieval_agent
patient00286/study9,patient00286/study9/view1_frontal.dcm,/home/jovyan/Desktop/MEDAGENT-X/data/raw/chexpert_plus/dicom_train/patient00286/study9/view1_frontal.dcm,torchxrayvision.DenseNet,densenet121-res224-all,cuda,0.5,0.2,"[""Atelectasis"", ""Consolidation"", ""Infiltration"", ""Pneumothorax"", ""Edema"", ""Emphysema"", ""Fibrosis"", ""Effusion"", ""Pneumonia"", ""Pleural_Thickening"", ""Cardiomegaly"", ""Nodule"", ""Mass"", ""Hernia"", ""Lung Lesion"", ""Fracture"", ""Lung Opacity"", ""Enlarged Cardiomediastinum""]",0.7307616472244263,present,Atelectasis,0.6306499242782593,present,Cardiomegaly,0.8491727113723755,present,Consolidation,0.6781871318817139,present,Edema,0.8492295145988464,present,Effusion,0.5697016716003418,present,Pneumonia,0.5472025871276855,present,Pneumothorax,0.5450316071510315,present,Fracture,0.5873614549636841,present,Lung Lesion,0.939263105392456,present,Lung Opacity,0.6802778244018555,present,Enlarged Cardiomediastinum,0.5407745838165283,present,Pleural_Thickening,,unavailable,,,not_computed,,"[""Atelectasis"", ""Cardiomegaly"", ""Consolidation"", ""Edema"", ""Pleural Effusion"", ""Pneumonia"", ""Pneumothorax"", ""Fracture"", ""Lung Lesion"", ""Lung Opacity"", ""Enlarged Cardiomediastinum"", ""Pleural Other""]","{""Atelectasis"": 0.7307616472244263, ""Cardiomegaly"": 0.6306499242782593, ""Consolidation"": 0.8491727113723755, ""Edema"": 0.6781871318817139, ""Effusion"": 0.8492295145988464, ""Emphysema"": 0.5049564838409424, ""Enlarged Cardiomediastinum"": 0.6802778244018555, ""Fibrosis"": 0.5621147155761719, ""Fracture"": 0.5450316071510315, ""Hernia"": 0.017831187695264816, ""Infiltration"": 0.6752784252166748, ""Lung Lesion"": 0.5873614549636841, ""Lung Opacity"": 0.939263105392456, ""Mass"": 0.6523889899253845, ""Nodule"": 0.5683006048202515, ""Pleural_Thickening"": 0.5407745838165283, ""Pneumonia"": 0.5697016716003418, ""Pneumothorax"": 0.5472025871276855}",retrieval_agent
patient00287/study5,patient00287/study5/view1_frontal.dcm,/home/jovyan/Desktop/MEDAGENT-X/data/raw/chexpert_plus/dicom_train/patient00287/study5/view1_frontal.dcm,torchxrayvision.DenseNet,densenet121-res224-all,cuda,0.5,0.2,"[""Atelectasis"", ""Consolidation"", ""Infiltration"", ""Pneumothorax"", ""Edema"", ""Emphysema"", ""Fibrosis"", ""Effusion"", ""Pneumonia"", ""Pleural_Thickening"", ""Cardiomegaly"", ""Nodule"", ""Mass"", ""Hernia"", ""Lung Lesion"", ""Fracture"", ""Lung Opacity"", ""Enlarged Cardiomediastinum""]",0.7551650404930115,present,Atelectasis,0.6010671854019165,present,Cardiomegaly,0.6719764471054077,present,Consolidation,0.5643923878669739,present,Edema,0.9144284129142761,present,Effusion,0.23395943641662598,uncertain,Pneumonia,0.5240211486816406,present,Pneumothorax,0.5309522151947021,present,Fracture,0.5046405792236328,present,Lung Lesion,0.8782700896263123,present,Lung Opacity,0.5704716444015503,present,Enlarged Cardiomediastinum,0.5182480216026306,present,Pleural_Thickening,,unavailable,,,not_computed,,"[""Atelectasis"", ""Cardiomegaly"", ""Consolidation"", ""Edema"", ""Pleural Effusion"", ""Pneumothorax"", ""Fracture"", ""Lung Lesion"", ""Lung Opacity"", ""Enlarged Cardiomediastinum"", ""Pleural Other""]","{""Atelectasis"": 0.7551650404930115, ""Cardiomegaly"": 0.6010671854019165, ""Consolidation"": 0.6719764471054077, ""Edema"": 0.5643923878669739, ""Effusion"": 0.9144284129142761, ""Emphysema"": 0.500307023525238, ""Enlarged Cardiomediastinum"": 0.5704716444015503, ""Fibrosis"": 0.5039207339286804, ""Fracture"": 0.5309522151947021, ""Hernia"": 0.0313095785677433, ""Infiltration"": 0.6010914444923401, ""Lung Lesion"": 0.5046405792236328, ""Lung Opacity"": 0.8782700896263123, ""Mass"": 0.541086733341217, ""Nodule"": 0.508063018321991, ""Pleural_Thickening"": 0.5182480216026306, ""Pneumonia"": 0.23395943641662598, ""Pneumothorax"": 0.5240211486816406}",retrieval_agent
patient00287/study2,patient00287/study2/view1_frontal.dcm,/home/jovyan/Desktop/MEDAGENT-X/data/raw/chexpert_plus/dicom_train/patient00287/study2/view1_frontal.dcm,torchxrayvision.DenseNet,densenet121-res224-all,cuda,0.5,0.2,"[""Atelectasis"", ""Consolidation"", ""Infiltration"", ""Pneumothorax"", ""Edema"", ""Emphysema"", ""Fibrosis"", ""Effusion"", ""Pneumonia"", ""Pleural_Thickening"", ""Cardiomegaly"", ""Nodule"", ""Mass"", ""Hernia"", ""Lung Lesion"", ""Fracture"", ""Lung Opacity"", ""Enlarged Cardiomediastinum""]",0.6535165309906006,present,Atelectasis,0.5970749855041504,present,Cardiomegaly,0.6854926347732544,present,Consolidation,0.5949317216873169,present,Edema,0.8019840121269226,present,Effusion,0.5248785018920898,present,Pneumonia,0.5037989616394043,present,Pneumothorax,0.5070171356201172,present,Fracture,0.3164651691913605,uncertain,Lung Lesion,0.8868070840835571,present,Lung Opacity,0.5243269205093384,present,Enlarged Cardiomediastinum,0.5064838528633118,present,Pleural_Thickening,,unavailable,,,not_computed,,"[""Atelectasis"", ""Cardiomegaly"", ""Consolidation"", ""Edema"", ""Pleural Effusion"", ""Pneumonia"", ""Pneumothorax"", ""Fracture"", ""Lung Opacity"", ""Enlarged Cardiomediastinum"", ""Pleural Other""]","{""Atelectasis"": 0.6535165309906006, ""Cardiomegaly"": 0.5970749855041504, ""Consolidation"": 0.6854926347732544, ""Edema"": 0.5949317216873169, ""Effusion"": 0.8019840121269226, ""Emphysema"": 0.500153660774231, ""Enlarged Cardiomediastinum"": 0.5243269205093384, ""Fibrosis"": 0.5267593860626221, ""Fracture"": 0.5070171356201172, ""Hernia"": 0.08084142208099365, ""Infiltration"": 0.6918835639953613, ""Lung Lesion"": 0.3164651691913605, ""Lung Opacity"": 0.8868070840835571, ""Mass"": 0.5574341416358948, ""Nodule"": 0.5433024168014526, ""Pleural_Thickening"": 0.5064838528633118, ""Pneumonia"": 0.5248785018920898, ""Pneumothorax"": 0.5037989616394043}",retrieval_agent
patient00287/study3,patient00287/study3/view1_frontal.dcm,/home/jovyan/Desktop/MEDAGENT-X/data/raw/chexpert_plus/dicom_train/patient00287/study3/view1_frontal.dcm,torchxrayvision.DenseNet,densenet121-res224-all,cuda,0.5,0.2,"[""Atelectasis"", ""Consolidation"", ""Infiltration"", ""Pneumothorax"", ""Edema"", ""Emphysema"", ""Fibrosis"", ""Effusion"", ""Pneumonia"", ""Pleural_Thickening"", ""Cardiomegaly"", ""Nodule"", ""Mass"", ""Hernia"", ""Lung Lesion"", ""Fracture"", ""Lung Opacity"", ""Enlarged Cardiomediastinum""]",0.6502066254615784,present,Atelectasis,0.5244896411895752,present,Cardiomegaly,0.6972488760948181,present,Consolidation,0.5087233781814575,present,Edema,0.7587625980377197,present,Effusion,0.14716452360153198,absent,Pneumonia,0.5173608064651489,present,Pneumothorax,0.5188785195350647,present,Fracture,0.519980251789093,present,Lung Lesion,0.8841619491577148,present,Lung Opacity,0.5326781272888184,present,Enlarged Cardiomediastinum,0.5035589337348938,present,Pleural_Thickening,,unavailable,,,not_computed,,"[""Atelectasis"", ""Cardiomegaly"", ""Consolidation"", ""Edema"", ""Pleural Effusion"", ""Pneumothorax"", ""Fracture"", ""Lung Lesion"", ""Lung Opacity"", ""Enlarged Cardiomediastinum"", ""Pleural Other""]","{""Atelectasis"": 0.6502066254615784, ""Cardiomegaly"": 0.5244896411895752, ""Consolidation"": 0.6972488760948181, ""Edema"": 0.5087233781814575, ""Effusion"": 0.7587625980377197, ""Emphysema"": 0.41596201062202454, ""Enlarged Cardiomediastinum"": 0.5326781272888184, ""Fibrosis"": 0.5038937926292419, ""Fracture"": 0.5188785195350647, ""Hernia"": 0.03748741000890732, ""Infiltration"": 0.6179729700088501, ""Lung Lesion"": 0.519980251789093, ""Lung Opacity"": 0.8841619491577148, ""Mass"": 0.6131605505943298, ""Nodule"": 0.551089882850647, ""Pleural_Thickening"": 0.5035589337348938, ""Pneumonia"": 0.14716452360153198, ""Pneumothorax"": 0.5173608064651489}",retrieval_agent
patient00287/study4,patient00287/study4/view1_frontal.dcm,/home/jovyan/Desktop/MEDAGENT-X/data/raw/chexpert_plus/dicom_train/patient00287/study4/view1_frontal.dcm,torchxrayvision.DenseNet,densenet121-res224-all,cuda,0.5,0.2,"[""Atelectasis"", ""Consolidation"", ""Infiltration"", ""Pneumothorax"", ""Edema"", ""Emphysema"", ""Fibrosis"", ""Effusion"", ""Pneumonia"", ""Pleural_Thickening"", ""Cardiomegaly"", ""Nodule"", ""Mass"", ""Hernia"", ""Lung Lesion"", ""Fracture"", ""Lung Opacity"", ""Enlarged Cardiomediastinum""]",0.6174728870391846,present,Atelectasis,0.5662188529968262,present,Cardiomegaly,0.6039307117462158,present,Consolidation,0.5359834432601929,present,Edema,0.7717748880386353,present,Effusion,0.42295968532562256,uncertain,Pneumonia,0.5013434886932373,present,Pneumothorax,0.5017269849777222,present,Fracture,0.06816893815994263,absent,Lung Lesion,0.8479958176612854,present,Lung Opacity,0.5137883424758911,present,Enlarged Cardiomediastinum,0.21803908050060272,uncertain,Pleural_Thickening,,unavailable,,,not_computed,,"[""Atelectasis"", ""Cardiomegaly"", ""Consolidation"", ""Edema"", ""Pleural Effusion"", ""Pneumothorax"", ""Fracture"", ""Lung Opacity"", ""Enlarged Cardiomediastinum""]","{""Atelectasis"": 0.6174728870391846, ""Cardiomegaly"": 0.5662188529968262, ""Consolidation"": 0.6039307117462158, ""Edema"": 0.5359834432601929, ""Effusion"": 0.7717748880386353, ""Emphysema"": 0.5007563829421997, ""Enlarged Cardiomediastinum"": 0.5137883424758911, ""Fibrosis"": 0.5041756629943848, ""Fracture"": 0.5017269849777222, ""Hernia"": 0.015275220386683941, ""Infiltration"": 0.5925413966178894, ""Lung Lesion"": 0.06816893815994263, ""Lung Opacity"": 0.8479958176612854, ""Mass"": 0.5240888595581055, ""Nodule"": 0.5110790729522705, ""Pleural_Thickening"": 0.21803908050060272, ""Pneumonia"": 0.42295968532562256, ""Pneumothorax"": 0.5013434886932373}",retrieval_agent
patient00287/study1,patient00287/study1/view1_frontal.dcm,/home/jovyan/Desktop/MEDAGENT-X/data/raw/chexpert_plus/dicom_train/patient00287/study1/view1_frontal.dcm,torchxrayvision.DenseNet,densenet121-res224-all,cuda,0.5,0.2,"[""Atelectasis"", ""Consolidation"", ""Infiltration"", ""Pneumothorax"", ""Edema"", ""Emphysema"", ""Fibrosis"", ""Effusion"", ""Pneumonia"", ""Pleural_Thickening"", ""Cardiomegaly"", ""Nodule"", ""Mass"", ""Hernia"", ""Lung Lesion"", ""Fracture"", ""Lung Opacity"", ""Enlarged Cardiomediastinum""]",0.8061519861221313,present,Atelectasis,0.7422674894332886,present,Cardiomegaly,0.8954349160194397,present,Consolidation,0.8420939445495605,present,Edema,0.9478694200515747,present,Effusion,0.7457981109619141,present,Pneumonia,0.5295788049697876,present,Pneumothorax,0.528201699256897,present,Fracture,0.6659939289093018,present,Lung Lesion,0.9570900201797485,present,Lung Opacity,0.5984296798706055,present,Enlarged Cardiomediastinum,0.5446349382400513,present,Pleural_Thickening,,unavailable,,,not_computed,,"[""Atelectasis"", ""Cardiomegaly"", ""Consolidation"", ""Edema"", ""Pleural Effusion"", ""Pneumonia"", ""Pneumothorax"", ""Fracture"", ""Lung Lesion"", ""Lung Opacity"", ""Enlarged Cardiomediastinum"", ""Pleural Other""]","{""Atelectasis"": 0.8061519861221313, ""Cardiomegaly"": 0.7422674894332886, ""Consolidation"": 0.8954349160194397, ""Edema"": 0.8420939445495605, ""Effusion"": 0.9478694200515747, ""Emphysema"": 0.5019086599349976, ""Enlarged Cardiomediastinum"": 0.5984296798706055, ""Fibrosis"": 0.5493301153182983, ""Fracture"": 0.528201699256897, ""Hernia"": 0.02709699608385563, ""Infiltration"": 0.8076519966125488, ""Lung Lesion"": 0.6659939289093018, ""Lung Opacity"": 0.9570900201797485, ""Mass"": 0.5862997770309448, ""Nodule"": 0.5642623901367188, ""Pleural_Thickening"": 0.5446349382400513, ""Pneumonia"": 0.7457981109619141, ""Pneumothorax"": 0.5295788049697876}",retrieval_agent
patient00287/study6,patient00287/study6/view1_frontal.dcm,/home/jovyan/Desktop/MEDAGENT-X/data/raw/chexpert_plus/dicom_train/patient00287/study6/view1_frontal.dcm,torchxrayvision.DenseNet,densenet121-res224-all,cuda,0.5,0.2,"[""Atelectasis"", ""Consolidation"", ""Infiltration"", ""Pneumothorax"", ""Edema"", ""Emphysema"", ""Fibrosis"", ""Effusion"", ""Pneumonia"", ""Pleural_Thickening"", ""Cardiomegaly"", ""Nodule"", ""Mass"", ""Hernia"", ""Lung Lesion"", ""Fracture"", ""Lung Opacity"", ""Enlarged Cardiomediastinum""]",0.7254723310470581,present,Atelectasis,0.6253160238265991,present,Cardiomegaly,0.6668705940246582,present,Consolidation,0.5295596122741699,present,Edema,0.8409397602081299,present,Effusion,0.49325478076934814,uncertain,Pneumonia,0.5124638080596924,present,Pneumothorax,0.5192898511886597,present,Fracture,0.40532585978507996,uncertain,Lung Lesion,0.8169313669204712,present,Lung Opacity,0.5370651483535767,present,Enlarged Cardiomediastinum,0.5111492872238159,present,Pleural_Thickening,,unavailable,,,not_computed,,"[""Atelectasis"", ""Cardiomegaly"", ""Consolidation"", ""Edema"", ""Pleural Effusion"", ""Pneumothorax"", ""Fracture"", ""Lung Opacity"", ""Enlarged Cardiomediastinum"", ""Pleural Other""]","{""Atelectasis"": 0.7254723310470581, ""Cardiomegaly"": 0.6253160238265991, ""Consolidation"": 0.6668705940246582, ""Edema"": 0.5295596122741699, ""Effusion"": 0.8409397602081299, ""Emphysema"": 0.5003448724746704, ""Enlarged Cardiomediastinum"": 0.5370651483535767, ""Fibrosis"": 0.5089511275291443, ""Fracture"": 0.5192898511886597, ""Hernia"": 0.10118243098258972, ""Infiltration"": 0.6362802386283875, ""Lung Lesion"": 0.40532585978507996, ""Lung Opacity"": 0.8169313669204712, ""Mass"": 0.5464372038841248, ""Nodule"": 0.5130822658538818, ""Pleural_Thickening"": 0.5111492872238159, ""Pneumonia"": 0.49325478076934814, ""Pneumothorax"": 0.5124638080596924}",retrieval_agent
patient00290/study2,patient00290/study2/view1_frontal.dcm,/home/jovyan/Desktop/MEDAGENT-X/data/raw/chexpert_plus/dicom_train/patient00290/study2/view1_frontal.dcm,torchxrayvision.DenseNet,densenet121-res224-all,cuda,0.5,0.2,"[""Atelectasis"", ""Consolidation"", ""Infiltration"", ""Pneumothorax"", ""Edema"", ""Emphysema"", ""Fibrosis"", ""Effusion"", ""Pneumonia"", ""Pleural_Thickening"", ""Cardiomegaly"", ""Nodule"", ""Mass"", ""Hernia"", ""Lung Lesion"", ""Fracture"", ""Lung Opacity"", ""Enlarged Cardiomediastinum""]",0.5699352025985718,present,Atelectasis,0.5089444518089294,present,Cardiomegaly,0.7193363904953003,present,Consolidation,0.5488554835319519,present,Edema,0.761065661907196,present,Effusion,0.515723466873169,present,Pneumonia,0.5183219909667969,present,Pneumothorax,0.5130923986434937,present,Fracture,0.3225496709346771,uncertain,Lung Lesion,0.937506377696991,present,Lung Opacity,0.5515115261077881,present,Enlarged Cardiomediastinum,0.5639182925224304,present,Pleural_Thickening,,unavailable,,,not_computed,,"[""Atelectasis"", ""Cardiomegaly"", ""Consolidation"", ""Edema"", ""Pleural Effusion"", ""Pneumonia"", ""Pneumothorax"", ""Fracture"", ""Lung Opacity"", ""Enlarged Cardiomediastinum"", ""Pleural Other""]","{""Atelectasis"": 0.5699352025985718, ""Cardiomegaly"": 0.5089444518089294, ""Consolidation"": 0.7193363904953003, ""Edema"": 0.5488554835319519, ""Effusion"": 0.761065661907196, ""Emphysema"": 0.5034834742546082, ""Enlarged Cardiomediastinum"": 0.5515115261077881, ""Fibrosis"": 0.6151006817817688, ""Fracture"": 0.5130923986434937, ""Hernia"": 0.01301443949341774, ""Infiltration"": 0.707100510597229, ""Lung Lesion"": 0.3225496709346771, ""Lung Opacity"": 0.937506377696991, ""Mass"": 0.6625779867172241, ""Nodule"": 0.6168989539146423, ""Pleural_Thickening"": 0.5639182925224304, ""Pneumonia"": 0.515723466873169, ""Pneumothorax"": 0.5183219909667969}",retrieval_agent
patient00290/study1,patient00290/study1/view1_frontal.dcm,/home/jovyan/Desktop/MEDAGENT-X/data/raw/chexpert_plus/dicom_train/patient00290/study1/view1_frontal.dcm,torchxrayvision.DenseNet,densenet121-res224-all,cuda,0.5,0.2,"[""Atelectasis"", ""Consolidation"", ""Infiltration"", ""Pneumothorax"", ""Edema"", ""Emphysema"", ""Fibrosis"", ""Effusion"", ""Pneumonia"", ""Pleural_Thickening"", ""Cardiomegaly"", ""Nodule"", ""Mass"", ""Hernia"", ""Lung Lesion"", ""Fracture"", ""Lung Opacity"", ""Enlarged Cardiomediastinum""]",0.6448367834091187,present,Atelectasis,0.563206136226654,present,Cardiomegaly,0.6122162938117981,present,Consolidation,0.5186759233474731,present,Edema,0.6843515634536743,present,Effusion,0.5065470933914185,present,Pneumonia,0.2735994756221771,uncertain,Pneumothorax,0.5154708623886108,present,Fracture,0.03700435534119606,absent,Lung Lesion,0.6656628847122192,present,Lung Opacity,0.5135173201560974,present,Enlarged Cardiomediastinum,0.5100003480911255,present,Pleural_Thickening,,unavailable,,,not_computed,,"[""Atelectasis"", ""Cardiomegaly"", ""Consolidation"", ""Edema"", ""Pleural Effusion"", ""Pneumonia"", ""Fracture"", ""Lung Opacity"", ""Enlarged Cardiomediastinum"", ""Pleural Other""]","{""Atelectasis"": 0.6448367834091187, ""Cardiomegaly"": 0.563206136226654, ""Consolidation"": 0.6122162938117981, ""Edema"": 0.5186759233474731, ""Effusion"": 0.6843515634536743, ""Emphysema"": 0.5003666877746582, ""Enlarged Cardiomediastinum"": 0.5135173201560974, ""Fibrosis"": 0.5166630744934082, ""Fracture"": 0.5154708623886108, ""Hernia"": 0.06056106835603714, ""Infiltration"": 0.5334955453872681, ""Lung Lesion"": 0.03700435534119606, ""Lung Opacity"": 0.6656628847122192, ""Mass"": 0.544510543346405, ""Nodule"": 0.511500895023346, ""Pleural_Thickening"": 0.5100003480911255, ""Pneumonia"": 0.5065470933914185, ""Pneumothorax"": 0.2735994756221771}",retrieval_agent
patient00291/study2,patient00291/study2/view1_frontal.dcm,/home/jovyan/Desktop/MEDAGENT-X/data/raw/chexpert_plus/dicom_train/patient00291/study2/view1_frontal.dcm,torchxrayvision.DenseNet,densenet121-res224-all,cuda,0.5,0.2,"[""Atelectasis"", ""Consolidation"", ""Infiltration"", ""Pneumothorax"", ""Edema"", ""Emphysema"", ""Fibrosis"", ""Effusion"", ""Pneumonia"", ""Pleural_Thickening"", ""Cardiomegaly"", ""Nodule"", ""Mass"", ""Hernia"", ""Lung Lesion"", ""Fracture"", ""Lung Opacity"", ""Enlarged Cardiomediastinum""]",0.7056388258934021,present,Atelectasis,0.5479364395141602,present,Cardiomegaly,0.6524680852890015,present,Consolidation,0.5066258907318115,present,Edema,0.8446553945541382,present,Effusion,0.232332244515419,uncertain,Pneumonia,0.5122615098953247,present,Pneumothorax,0.5133107900619507,present,Fracture,0.5654206275939941,present,Lung Lesion,0.7630142569541931,present,Lung Opacity,0.7018812894821167,present,Enlarged Cardiomediastinum,0.5104974508285522,present,Pleural_Thickening,,unavailable,,,not_computed,,"[""Atelectasis"", ""Cardiomegaly"", ""Consolidation"", ""Edema"", ""Pleural Effusion"", ""Pneumothorax"", ""Fracture"", ""Lung Lesion"", ""Lung Opacity"", ""Enlarged Cardiomediastinum"", ""Pleural Other""]","{""Atelectasis"": 0.7056388258934021, ""Cardiomegaly"": 0.5479364395141602, ""Consolidation"": 0.6524680852890015, ""Edema"": 0.5066258907318115, ""Effusion"": 0.8446553945541382, ""Emphysema"": 0.5022532939910889, ""Enlarged Cardiomediastinum"": 0.7018812894821167, ""Fibrosis"": 0.5034664869308472, ""Fracture"": 0.5133107900619507, ""Hernia"": 0.023137522861361504, ""Infiltration"": 0.3795018792152405, ""Lung Lesion"": 0.5654206275939941, ""Lung Opacity"": 0.7630142569541931, ""Mass"": 0.7365896701812744, ""Nodule"": 0.5156382322311401, ""Pleural_Thickening"": 0.5104974508285522, ""Pneumonia"": 0.232332244515419, ""Pneumothorax"": 0.5122615098953247}",retrieval_agent
patient00291/study2,patient00291/study2/view2_lateral.dcm,/home/jovyan/Desktop/MEDAGENT-X/data/raw/chexpert_plus/dicom_train/patient00291/study2/view2_lateral.dcm,torchxrayvision.DenseNet,densenet121-res224-all,cuda,0.5,0.2,"[""Atelectasis"", ""Consolidation"", ""Infiltration"", ""Pneumothorax"", ""Edema"", ""Emphysema"", ""Fibrosis"", ""Effusion"", ""Pneumonia"", ""Pleural_Thickening"", ""Cardiomegaly"", ""Nodule"", ""Mass"", ""Hernia"", ""Lung Lesion"", ""Fracture"", ""Lung Opacity"", ""Enlarged Cardiomediastinum""]",0.6617777347564697,present,Atelectasis,0.5285694599151611,present,Cardiomegaly,0.6053602695465088,present,Consolidation,0.43864744901657104,uncertain,Edema,0.7416727542877197,present,Effusion,0.5106611251831055,present,Pneumonia,0.5095747709274292,present,Pneumothorax,0.5343924760818481,present,Fracture,0.05785548314452171,absent,Lung Lesion,0.7343411445617676,present,Lung Opacity,0.5374158620834351,present,Enlarged Cardiomediastinum,0.5283183455467224,present,Pleural_Thickening,,unavailable,,,not_computed,,"[""Atelectasis"", ""Cardiomegaly"", ""Consolidation"", ""Pleural Effusion"", ""Pneumonia"", ""Pneumothorax"", ""Fracture"", ""Lung Opacity"", ""Enlarged Cardiomediastinum"", ""Pleural Other""]","{""Atelectasis"": 0.6617777347564697, ""Cardiomegaly"": 0.5285694599151611, ""Consolidation"": 0.6053602695465088, ""Edema"": 0.43864744901657104, ""Effusion"": 0.7416727542877197, ""Emphysema"": 0.5017110109329224, ""Enlarged Cardiomediastinum"": 0.5374158620834351, ""Fibrosis"": 0.5377653241157532, ""Fracture"": 0.5343924760818481, ""Hernia"": 0.061059076339006424, ""Infiltration"": 0.5333293080329895, ""Lung Lesion"": 0.05785548314452171, ""Lung Opacity"": 0.7343411445617676, ""Mass"": 0.6011950373649597, ""Nodule"": 0.52181077003479, ""Pleural_Thickening"": 0.5283183455467224, ""Pneumonia"": 0.5106611251831055, ""Pneumothorax"": 0.5095747709274292}",retrieval_agent
patient00291/study3,patient00291/study3/view1_frontal.dcm,/home/jovyan/Desktop/MEDAGENT-X/data/raw/chexpert_plus/dicom_train/patient00291/study3/view1_frontal.dcm,torchxrayvision.DenseNet,densenet121-res224-all,cuda,0.5,0.2,"[""Atelectasis"", ""Consolidation"", ""Infiltration"", ""Pneumothorax"", ""Edema"", ""Emphysema"", ""Fibrosis"", ""Effusion"", ""Pneumonia"", ""Pleural_Thickening"", ""Cardiomegaly"", ""Nodule"", ""Mass"", ""Hernia"", ""Lung Lesion"", ""Fracture"", ""Lung Opacity"", ""Enlarged Cardiomediastinum""]",0.6113635301589966,present,Atelectasis,0.5954617261886597,present,Cardiomegaly,0.5921037197113037,present,Consolidation,0.5301386117935181,present,Edema,0.6073024868965149,present,Effusion,0.11553867906332016,absent,Pneumonia,0.5070443153381348,present,Pneumothorax,0.5200328826904297,present,Fracture,0.2659158408641815,uncertain,Lung Lesion,0.8780529499053955,present,Lung Opacity,0.5445311665534973,present,Enlarged Cardiomediastinum,0.5006544589996338,present,Pleural_Thickening,,unavailable,,,not_computed,,"[""Atelectasis"", ""Cardiomegaly"", ""Consolidation"", ""Edema"", ""Pleural Effusion"", ""Pneumothorax"", ""Fracture"", ""Lung Opacity"", ""Enlarged Cardiomediastinum"", ""Pleural Other""]","{""Atelectasis"": 0.6113635301589966, ""Cardiomegaly"": 0.5954617261886597, ""Consolidation"": 0.5921037197113037, ""Edema"": 0.5301386117935181, ""Effusion"": 0.6073024868965149, ""Emphysema"": 0.5004817247390747, ""Enlarged Cardiomediastinum"": 0.5445311665534973, ""Fibrosis"": 0.5226890444755554, ""Fracture"": 0.5200328826904297, ""Hernia"": 0.12482886016368866, ""Infiltration"": 0.6358307003974915, ""Lung Lesion"": 0.2659158408641815, ""Lung Opacity"": 0.8780529499053955, ""Mass"": 0.5803757309913635, ""Nodule"": 0.5446988344192505, ""Pleural_Thickening"": 0.5006544589996338, ""Pneumonia"": 0.11553867906332016, ""Pneumothorax"": 0.5070443153381348}",retrieval_agent
patient00291/study4,patient00291/study4/view1_frontal.dcm,/home/jovyan/Desktop/MEDAGENT-X/data/raw/chexpert_plus/dicom_train/patient00291/study4/view1_frontal.dcm,torchxrayvision.DenseNet,densenet121-res224-all,cuda,0.5,0.2,"[""Atelectasis"", ""Consolidation"", ""Infiltration"", ""Pneumothorax"", ""Edema"", ""Emphysema"", ""Fibrosis"", ""Effusion"", ""Pneumonia"", ""Pleural_Thickening"", ""Cardiomegaly"", ""Nodule"", ""Mass"", ""Hernia"", ""Lung Lesion"", ""Fracture"", ""Lung Opacity"", ""Enlarged Cardiomediastinum""]",0.5077259540557861,present,Atelectasis,0.5113838911056519,present,Cardiomegaly,0.5105146169662476,present,Consolidation,0.0067594703286886215,absent,Edema,0.3217829167842865,uncertain,Effusion,0.012595067732036114,absent,Pneumonia,0.12099658697843552,absent,Pneumothorax,0.3414197266101837,uncertain,Fracture,0.0045581418089568615,absent,Lung Lesion,0.30837374925613403,uncertain,Lung Opacity,0.21187227964401245,uncertain,Enlarged Cardiomediastinum,0.42756620049476624,uncertain,Pleural_Thickening,,unavailable,,,not_computed,,"[""Atelectasis"", ""Cardiomegaly"", ""Consolidation""]","{""Atelectasis"": 0.5077259540557861, ""Cardiomegaly"": 0.5113838911056519, ""Consolidation"": 0.5105146169662476, ""Edema"": 0.0067594703286886215, ""Effusion"": 0.3217829167842865, ""Emphysema"": 0.5082943439483643, ""Enlarged Cardiomediastinum"": 0.21187227964401245, ""Fibrosis"": 0.5059579610824585, ""Fracture"": 0.3414197266101837, ""Hernia"": 0.6096985340118408, ""Infiltration"": 0.23638369143009186, ""Lung Lesion"": 0.0045581418089568615, ""Lung Opacity"": 0.30837374925613403, ""Mass"": 0.5304469466209412, ""Nodule"": 0.46996304392814636, ""Pleural_Thickening"": 0.42756620049476624, ""Pneumonia"": 0.012595067732036114, ""Pneumothorax"": 0.12099658697843552}",retrieval_agent
patient00291/study4,patient00291/study4/view2_lateral.dcm,/home/jovyan/Desktop/MEDAGENT-X/data/raw/chexpert_plus/dicom_train/patient00291/study4/view2_lateral.dcm,torchxrayvision.DenseNet,densenet121-res224-all,cuda,0.5,0.2,"[""Atelectasis"", ""Consolidation"", ""Infiltration"", ""Pneumothorax"", ""Edema"", ""Emphysema"", ""Fibrosis"", ""Effusion"", ""Pneumonia"", ""Pleural_Thickening"", ""Cardiomegaly"", ""Nodule"", ""Mass"", ""Hernia"", ""Lung Lesion"", ""Fracture"", ""Lung Opacity"", ""Enlarged Cardiomediastinum""]",0.5146653652191162,present,Atelectasis,0.5096156597137451,present,Cardiomegaly,0.5466341972351074,present,Consolidation,0.5248109102249146,present,Edema,0.5432887077331543,present,Effusion,0.7503267526626587,present,Pneumonia,0.09125260263681412,absent,Pneumothorax,0.09794287383556366,absent,Fracture,0.26425135135650635,uncertain,Lung Lesion,0.8808895349502563,present,Lung Opacity,0.5486152768135071,present,Enlarged Cardiomediastinum,0.05097612366080284,absent,Pleural_Thickening,,unavailable,,,not_computed,,"[""Atelectasis"", ""Cardiomegaly"", ""Consolidation"", ""Edema"", ""Pleural Effusion"", ""Pneumonia"", ""Lung Opacity"", ""Enlarged Cardiomediastinum""]","{""Atelectasis"": 0.5146653652191162, ""Cardiomegaly"": 0.5096156597137451, ""Consolidation"": 0.5466341972351074, ""Edema"": 0.5248109102249146, ""Effusion"": 0.5432887077331543, ""Emphysema"": 0.5032925009727478, ""Enlarged Cardiomediastinum"": 0.5486152768135071, ""Fibrosis"": 0.08886174112558365, ""Fracture"": 0.09794287383556366, ""Hernia"": 0.0010547909187152982, ""Infiltration"": 0.562829852104187, ""Lung Lesion"": 0.26425135135650635, ""Lung Opacity"": 0.8808895349502563, ""Mass"": 0.5013319253921509, ""Nodule"": 0.5040304064750671, ""Pleural_Thickening"": 0.05097612366080284, ""Pneumonia"": 0.7503267526626587, ""Pneumothorax"": 0.09125260263681412}",retrieval_agent
patient00291/study1,patient00291/study1/view1_frontal.dcm,/home/jovyan/Desktop/MEDAGENT-X/data/raw/chexpert_plus/dicom_train/patient00291/study1/view1_frontal.dcm,torchxrayvision.DenseNet,densenet121-res224-all,cuda,0.5,0.2,"[""Atelectasis"", ""Consolidation"", ""Infiltration"", ""Pneumothorax"", ""Edema"", ""Emphysema"", ""Fibrosis"", ""Effusion"", ""Pneumonia"", ""Pleural_Thickening"", ""Cardiomegaly"", ""Nodule"", ""Mass"", ""Hernia"", ""Lung Lesion"", ""Fracture"", ""Lung Opacity"", ""Enlarged Cardiomediastinum""]",0.587253749370575,present,Atelectasis,0.5467542409896851,present,Cardiomegaly,0.5386438965797424,present,Consolidation,0.021915892139077187,absent,Edema,0.6569600701332092,present,Effusion,0.01939772441983223,absent,Pneumonia,0.37421298027038574,uncertain,Pneumothorax,0.5041368007659912,present,Fracture,0.009956680238246918,absent,Lung Lesion,0.585515558719635,present,Lung Opacity,0.5027987360954285,present,Enlarged Cardiomediastinum,0.5202178955078125,present,Pleural_Thickening,,unavailable,,,not_computed,,"[""Atelectasis"", ""Cardiomegaly"", ""Consolidation"", ""Pleural Effusion"", ""Fracture"", ""Lung Opacity"", ""Enlarged Cardiomediastinum"", ""Pleural Other""]","{""Atelectasis"": 0.587253749370575, ""Cardiomegaly"": 0.5467542409896851, ""Consolidation"": 0.5386438965797424, ""Edema"": 0.021915892139077187, ""Effusion"": 0.6569600701332092, ""Emphysema"": 0.5038978457450867, ""Enlarged Cardiomediastinum"": 0.5027987360954285, ""Fibrosis"": 0.5229457020759583, ""Fracture"": 0.5041368007659912, ""Hernia"": 0.46651560068130493, ""Infiltration"": 0.4042673110961914, ""Lung Lesion"": 0.009956680238246918, ""Lung Opacity"": 0.585515558719635, ""Mass"": 0.5457189679145813, ""Nodule"": 0.5124943256378174, ""Pleural_Thickening"": 0.5202178955078125, ""Pneumonia"": 0.01939772441983223, ""Pneumothorax"": 0.37421298027038574}",retrieval_agent
patient00291/study1,patient00291/study1/view2_lateral.dcm,/home/jovyan/Desktop/MEDAGENT-X/data/raw/chexpert_plus/dicom_train/patient00291/study1/view2_lateral.dcm,torchxrayvision.DenseNet,densenet121-res224-all,cuda,0.5,0.2,"[""Atelectasis"", ""Consolidation"", ""Infiltration"", ""Pneumothorax"", ""Edema"", ""Emphysema"", ""Fibrosis"", ""Effusion"", ""Pneumonia"", ""Pleural_Thickening"", ""Cardiomegaly"", ""Nodule"", ""Mass"", ""Hernia"", ""Lung Lesion"", ""Fracture"", ""Lung Opacity"", ""Enlarged Cardiomediastinum""]",0.5577389597892761,present,Atelectasis,0.5132033228874207,present,Cardiomegaly,0.5278674364089966,present,Consolidation,0.5068745017051697,present,Edema,0.6285077333450317,present,Effusion,0.6424129009246826,present,Pneumonia,0.32754606008529663,uncertain,Pneumothorax,0.4726298451423645,uncertain,Fracture,0.047724392265081406,absent,Lung Lesion,0.7482350468635559,present,Lung Opacity,0.5101696252822876,present,Enlarged Cardiomediastinum,0.18212009966373444,absent,Pleural_Thickening,,unavailable,,,not_computed,,"[""Atelectasis"", ""Cardiomegaly"", ""Consolidation"", ""Edema"", ""Pleural Effusion"", ""Pneumonia"", ""Lung Opacity"", ""Enlarged Cardiomediastinum""]","{""Atelectasis"": 0.5577389597892761, ""Cardiomegaly"": 0.5132033228874207, ""Consolidation"": 0.5278674364089966, ""Edema"": 0.5068745017051697, ""Effusion"": 0.6285077333450317, ""Emphysema"": 0.5050151944160461, ""Enlarged Cardiomediastinum"": 0.5101696252822876, ""Fibrosis"": 0.4058831036090851, ""Fracture"": 0.4726298451423645, ""Hernia"": 0.01730816438794136, ""Infiltration"": 0.5122168064117432, ""Lung Lesion"": 0.047724392265081406, ""Lung Opacity"": 0.7482350468635559, ""Mass"": 0.5081441402435303, ""Nodule"": 0.5048626065254211, ""Pleural_Thickening"": 0.18212009966373444, ""Pneumonia"": 0.6424129009246826, ""Pneumothorax"": 0.32754606008529663}",retrieval_agent
patient00291/study5,patient00291/study5/view1_frontal.dcm,/home/jovyan/Desktop/MEDAGENT-X/data/raw/chexpert_plus/dicom_train/patient00291/study5/view1_frontal.dcm,torchxrayvision.DenseNet,densenet121-res224-all,cuda,0.5,0.2,"[""Atelectasis"", ""Consolidation"", ""Infiltration"", ""Pneumothorax"", ""Edema"", ""Emphysema"", ""Fibrosis"", ""Effusion"", ""Pneumonia"", ""Pleural_Thickening"", ""Cardiomegaly"", ""Nodule"", ""Mass"", ""Hernia"", ""Lung Lesion"", ""Fracture"", ""Lung Opacity"", ""Enlarged Cardiomediastinum""]",0.620999813079834,present,Atelectasis,0.5188103914260864,present,Cardiomegaly,0.6233316659927368,present,Consolidation,0.5069397687911987,present,Edema,0.812422513961792,present,Effusion,0.29217806458473206,uncertain,Pneumonia,0.5071088075637817,present,Pneumothorax,0.5091904401779175,present,Fracture,0.45360079407691956,uncertain,Lung Lesion,0.8461135625839233,present,Lung Opacity,0.597267746925354,present,Enlarged Cardiomediastinum,0.5595318675041199,present,Pleural_Thickening,,unavailable,,,not_computed,,"[""Atelectasis"", ""Cardiomegaly"", ""Consolidation"", ""Edema"", ""Pleural Effusion"", ""Pneumothorax"", ""Fracture"", ""Lung Opacity"", ""Enlarged Cardiomediastinum"", ""Pleural Other""]","{""Atelectasis"": 0.620999813079834, ""Cardiomegaly"": 0.5188103914260864, ""Consolidation"": 0.6233316659927368, ""Edema"": 0.5069397687911987, ""Effusion"": 0.812422513961792, ""Emphysema"": 0.5018770694732666, ""Enlarged Cardiomediastinum"": 0.597267746925354, ""Fibrosis"": 0.5419130921363831, ""Fracture"": 0.5091904401779175, ""Hernia"": 0.014390973374247551, ""Infiltration"": 0.5510355830192566, ""Lung Lesion"": 0.45360079407691956, ""Lung Opacity"": 0.8461135625839233, ""Mass"": 0.6408512592315674, ""Nodule"": 0.5379799604415894, ""Pleural_Thickening"": 0.5595318675041199, ""Pneumonia"": 0.29217806458473206, ""Pneumothorax"": 0.5071088075637817}",retrieval_agent
patient00291/study6,patient00291/study6/view1_frontal.dcm,/home/jovyan/Desktop/MEDAGENT-X/data/raw/chexpert_plus/dicom_train/patient00291/study6/view1_frontal.dcm,torchxrayvision.DenseNet,densenet121-res224-all,cuda,0.5,0.2,"[""Atelectasis"", ""Consolidation"", ""Infiltration"", ""Pneumothorax"", ""Edema"", ""Emphysema"", ""Fibrosis"", ""Effusion"", ""Pneumonia"", ""Pleural_Thickening"", ""Cardiomegaly"", ""Nodule"", ""Mass"", ""Hernia"", ""Lung Lesion"", ""Fracture"", ""Lung Opacity"", ""Enlarged Cardiomediastinum""]",0.7055295705795288,present,Atelectasis,0.6595749855041504,present,Cardiomegaly,0.7281948328018188,present,Consolidation,0.5252931118011475,present,Edema,0.7967076897621155,present,Effusion,0.2999204397201538,uncertain,Pneumonia,0.5084771513938904,present,Pneumothorax,0.5168423652648926,present,Fracture,0.48936131596565247,uncertain,Lung Lesion,0.8554574251174927,present,Lung Opacity,0.5673243403434753,present,Enlarged Cardiomediastinum,0.5089871883392334,present,Pleural_Thickening,,unavailable,,,not_computed,,"[""Atelectasis"", ""Cardiomegaly"", ""Consolidation"", ""Edema"", ""Pleural Effusion"", ""Pneumothorax"", ""Fracture"", ""Lung Opacity"", ""Enlarged Cardiomediastinum"", ""Pleural Other""]","{""Atelectasis"": 0.7055295705795288, ""Cardiomegaly"": 0.6595749855041504, ""Consolidation"": 0.7281948328018188, ""Edema"": 0.5252931118011475, ""Effusion"": 0.7967076897621155, ""Emphysema"": 0.5006092190742493, ""Enlarged Cardiomediastinum"": 0.5673243403434753, ""Fibrosis"": 0.5159300565719604, ""Fracture"": 0.5168423652648926, ""Hernia"": 0.043417975306510925, ""Infiltration"": 0.5709799528121948, ""Lung Lesion"": 0.48936131596565247, ""Lung Opacity"": 0.8554574251174927, ""Mass"": 0.6437824964523315, ""Nodule"": 0.5541093349456787, ""Pleural_Thickening"": 0.5089871883392334, ""Pneumonia"": 0.2999204397201538, ""Pneumothorax"": 0.5084771513938904}",retrieval_agent
patient00298/study6,patient00298/study6/view1_frontal.dcm,/home/jovyan/Desktop/MEDAGENT-X/data/raw/chexpert_plus/dicom_train/patient00298/study6/view1_frontal.dcm,torchxrayvision.DenseNet,densenet121-res224-all,cuda,0.5,0.2,"[""Atelectasis"", ""Consolidation"", ""Infiltration"", ""Pneumothorax"", ""Edema"", ""Emphysema"", ""Fibrosis"", ""Effusion"", ""Pneumonia"", ""Pleural_Thickening"", ""Cardiomegaly"", ""Nodule"", ""Mass"", ""Hernia"", ""Lung Lesion"", ""Fracture"", ""Lung Opacity"", ""Enlarged Cardiomediastinum""]",0.6211425065994263,present,Atelectasis,0.5398291349411011,present,Cardiomegaly,0.5713401436805725,present,Consolidation,0.5231203436851501,present,Edema,0.6055495738983154,present,Effusion,0.49170011281967163,uncertain,Pneumonia,0.41457056999206543,uncertain,Pneumothorax,0.514430820941925,present,Fracture,0.08422364294528961,absent,Lung Lesion,0.8034430742263794,present,Lung Opacity,0.5471047759056091,present,Enlarged Cardiomediastinum,0.5003511905670166,present,Pleural_Thickening,,unavailable,,,not_computed,,"[""Atelectasis"", ""Cardiomegaly"", ""Consolidation"", ""Edema"", ""Pleural Effusion"", ""Fracture"", ""Lung Opacity"", ""Enlarged Cardiomediastinum"", ""Pleural Other""]","{""Atelectasis"": 0.6211425065994263, ""Cardiomegaly"": 0.5398291349411011, ""Consolidation"": 0.5713401436805725, ""Edema"": 0.5231203436851501, ""Effusion"": 0.6055495738983154, ""Emphysema"": 0.5004647970199585, ""Enlarged Cardiomediastinum"": 0.5471047759056091, ""Fibrosis"": 0.5178356170654297, ""Fracture"": 0.514430820941925, ""Hernia"": 0.1285000592470169, ""Infiltration"": 0.5706142783164978, ""Lung Lesion"": 0.08422364294528961, ""Lung Opacity"": 0.8034430742263794, ""Mass"": 0.5581965446472168, ""Nodule"": 0.5206602215766907, ""Pleural_Thickening"": 0.5003511905670166, ""Pneumonia"": 0.49170011281967163, ""Pneumothorax"": 0.41457056999206543}",retrieval_agent
patient00298/study5,patient00298/study5/view1_frontal.dcm,/home/jovyan/Desktop/MEDAGENT-X/data/raw/chexpert_plus/dicom_train/patient00298/study5/view1_frontal.dcm,torchxrayvision.DenseNet,densenet121-res224-all,cuda,0.5,0.2,"[""Atelectasis"", ""Consolidation"", ""Infiltration"", ""Pneumothorax"", ""Edema"", ""Emphysema"", ""Fibrosis"", ""Effusion"", ""Pneumonia"", ""Pleural_Thickening"", ""Cardiomegaly"", ""Nodule"", ""Mass"", ""Hernia"", ""Lung Lesion"", ""Fracture"", ""Lung Opacity"", ""Enlarged Cardiomediastinum""]",0.653921902179718,present,Atelectasis,0.5651323795318604,present,Cardiomegaly,0.6833748817443848,present,Consolidation,0.5862777233123779,present,Edema,0.8047199845314026,present,Effusion,0.5840811729431152,present,Pneumonia,0.5220442414283752,present,Pneumothorax,0.5227867364883423,present,Fracture,0.5010124444961548,present,Lung Lesion,0.8708997368812561,present,Lung Opacity,0.5890933871269226,present,Enlarged Cardiomediastinum,0.5576248168945312,present,Pleural_Thickening,,unavailable,,,not_computed,,"[""Atelectasis"", ""Cardiomegaly"", ""Consolidation"", ""Edema"", ""Pleural Effusion"", ""Pneumonia"", ""Pneumothorax"", ""Fracture"", ""Lung Lesion"", ""Lung Opacity"", ""Enlarged Cardiomediastinum"", ""Pleural Other""]","{""Atelectasis"": 0.653921902179718, ""Cardiomegaly"": 0.5651323795318604, ""Consolidation"": 0.6833748817443848, ""Edema"": 0.5862777233123779, ""Effusion"": 0.8047199845314026, ""Emphysema"": 0.5043742060661316, ""Enlarged Cardiomediastinum"": 0.5890933871269226, ""Fibrosis"": 0.5804462432861328, ""Fracture"": 0.5227867364883423, ""Hernia"": 0.06448934972286224, ""Infiltration"": 0.6164238452911377, ""Lung Lesion"": 0.5010124444961548, ""Lung Opacity"": 0.8708997368812561, ""Mass"": 0.6282047033309937, ""Nodule"": 0.5418647527694702, ""Pleural_Thickening"": 0.5576248168945312, ""Pneumonia"": 0.5840811729431152, ""Pneumothorax"": 0.5220442414283752}",retrieval_agent
patient00298/study2,patient00298/study2/view1_frontal.dcm,/home/jovyan/Desktop/MEDAGENT-X/data/raw/chexpert_plus/dicom_train/patient00298/study2/view1_frontal.dcm,torchxrayvision.DenseNet,densenet121-res224-all,cuda,0.5,0.2,"[""Atelectasis"", ""Consolidation"", ""Infiltration"", ""Pneumothorax"", ""Edema"", ""Emphysema"", ""Fibrosis"", ""Effusion"", ""Pneumonia"", ""Pleural_Thickening"", ""Cardiomegaly"", ""Nodule"", ""Mass"", ""Hernia"", ""Lung Lesion"", ""Fracture"", ""Lung Opacity"", ""Enlarged Cardiomediastinum""]",0.5476087331771851,present,Atelectasis,0.5097411274909973,present,Cardiomegaly,0.6537337303161621,present,Consolidation,0.5186898708343506,present,Edema,0.712134063243866,present,Effusion,0.659568727016449,present,Pneumonia,0.5133723616600037,present,Pneumothorax,0.4671710133552551,uncertain,Fracture,0.04994763806462288,absent,Lung Lesion,0.9104393720626831,present,Lung Opacity,0.5430929064750671,present,Enlarged Cardiomediastinum,0.5296797752380371,present,Pleural_Thickening,,unavailable,,,not_computed,,"[""Atelectasis"", ""Cardiomegaly"", ""Consolidation"", ""Edema"", ""Pleural Effusion"", ""Pneumonia"", ""Pneumothorax"", ""Lung Opacity"", ""Enlarged Cardiomediastinum"", ""Pleural Other""]","{""Atelectasis"": 0.5476087331771851, ""Cardiomegaly"": 0.5097411274909973, ""Consolidation"": 0.6537337303161621, ""Edema"": 0.5186898708343506, ""Effusion"": 0.712134063243866, ""Emphysema"": 0.502193808555603, ""Enlarged Cardiomediastinum"": 0.5430929064750671, ""Fibrosis"": 0.5738070607185364, ""Fracture"": 0.4671710133552551, ""Hernia"": 0.010111956857144833, ""Infiltration"": 0.6474351286888123, ""Lung Lesion"": 0.04994763806462288, ""Lung Opacity"": 0.9104393720626831, ""Mass"": 0.6420642137527466, ""Nodule"": 0.5644700527191162, ""Pleural_Thickening"": 0.5296797752380371, ""Pneumonia"": 0.659568727016449, ""Pneumothorax"": 0.5133723616600037}",retrieval_agent
patient00298/study4,patient00298/study4/view1_frontal.dcm,/home/jovyan/Desktop/MEDAGENT-X/data/raw/chexpert_plus/dicom_train/patient00298/study4/view1_frontal.dcm,torchxrayvision.DenseNet,densenet121-res224-all,cuda,0.5,0.2,"[""Atelectasis"", ""Consolidation"", ""Infiltration"", ""Pneumothorax"", ""Edema"", ""Emphysema"", ""Fibrosis"", ""Effusion"", ""Pneumonia"", ""Pleural_Thickening"", ""Cardiomegaly"", ""Nodule"", ""Mass"", ""Hernia"", ""Lung Lesion"", ""Fracture"", ""Lung Opacity"", ""Enlarged Cardiomediastinum""]",0.7857755422592163,present,Atelectasis,0.6936110854148865,present,Cardiomegaly,0.7924455404281616,present,Consolidation,0.6756075620651245,present,Edema,0.8944978713989258,present,Effusion,0.5988993048667908,present,Pneumonia,0.530471682548523,present,Pneumothorax,0.5736017227172852,present,Fracture,0.5420869588851929,present,Lung Lesion,0.8791433572769165,present,Lung Opacity,0.6414945125579834,present,Enlarged Cardiomediastinum,0.5146198272705078,present,Pleural_Thickening,,unavailable,,,not_computed,,"[""Atelectasis"", ""Cardiomegaly"", ""Consolidation"", ""Edema"", ""Pleural Effusion"", ""Pneumonia"", ""Pneumothorax"", ""Fracture"", ""Lung Lesion"", ""Lung Opacity"", ""Enlarged Cardiomediastinum"", ""Pleural Other""]","{""Atelectasis"": 0.7857755422592163, ""Cardiomegaly"": 0.6936110854148865, ""Consolidation"": 0.7924455404281616, ""Edema"": 0.6756075620651245, ""Effusion"": 0.8944978713989258, ""Emphysema"": 0.503662109375, ""Enlarged Cardiomediastinum"": 0.6414945125579834, ""Fibrosis"": 0.538110613822937, ""Fracture"": 0.5736017227172852, ""Hernia"": 0.06448757648468018, ""Infiltration"": 0.5961637496948242, ""Lung Lesion"": 0.5420869588851929, ""Lung Opacity"": 0.8791433572769165, ""Mass"": 0.6037923693656921, ""Nodule"": 0.5353232622146606, ""Pleural_Thickening"": 0.5146198272705078, ""Pneumonia"": 0.5988993048667908, ""Pneumothorax"": 0.530471682548523}",retrieval_agent
patient00298/study1,patient00298/study1/view1_frontal.dcm,/home/jovyan/Desktop/MEDAGENT-X/data/raw/chexpert_plus/dicom_train/patient00298/study1/view1_frontal.dcm,torchxrayvision.DenseNet,densenet121-res224-all,cuda,0.5,0.2,"[""Atelectasis"", ""Consolidation"", ""Infiltration"", ""Pneumothorax"", ""Edema"", ""Emphysema"", ""Fibrosis"", ""Effusion"", ""Pneumonia"", ""Pleural_Thickening"", ""Cardiomegaly"", ""Nodule"", ""Mass"", ""Hernia"", ""Lung Lesion"", ""Fracture"", ""Lung Opacity"", ""Enlarged Cardiomediastinum""]",0.610184907913208,present,Atelectasis,0.5732593536376953,present,Cardiomegaly,0.6290275454521179,present,Consolidation,0.5203281044960022,present,Edema,0.9600414633750916,present,Effusion,0.5219419002532959,present,Pneumonia,0.5132023096084595,present,Pneumothorax,0.28130272030830383,uncertain,Fracture,0.531655490398407,present,Lung Lesion,0.853217363357544,present,Lung Opacity,0.6977779269218445,present,Enlarged Cardiomediastinum,0.5145248174667358,present,Pleural_Thickening,,unavailable,,,not_computed,,"[""Atelectasis"", ""Cardiomegaly"", ""Consolidation"", ""Edema"", ""Pleural Effusion"", ""Pneumonia"", ""Pneumothorax"", ""Lung Lesion"", ""Lung Opacity"", ""Enlarged Cardiomediastinum"", ""Pleural Other""]","{""Atelectasis"": 0.610184907913208, ""Cardiomegaly"": 0.5732593536376953, ""Consolidation"": 0.6290275454521179, ""Edema"": 0.5203281044960022, ""Effusion"": 0.9600414633750916, ""Emphysema"": 0.5023471713066101, ""Enlarged Cardiomediastinum"": 0.6977779269218445, ""Fibrosis"": 0.501670241355896, ""Fracture"": 0.28130272030830383, ""Hernia"": 0.007394134066998959, ""Infiltration"": 0.5740286707878113, ""Lung Lesion"": 0.531655490398407, ""Lung Opacity"": 0.853217363357544, ""Mass"": 0.5840904116630554, ""Nodule"": 0.5184481143951416, ""Pleural_Thickening"": 0.5145248174667358, ""Pneumonia"": 0.5219419002532959, ""Pneumothorax"": 0.5132023096084595}",retrieval_agent
patient00298/study1,patient00298/study1/view2_lateral.dcm,/home/jovyan/Desktop/MEDAGENT-X/data/raw/chexpert_plus/dicom_train/patient00298/study1/view2_lateral.dcm,torchxrayvision.DenseNet,densenet121-res224-all,cuda,0.5,0.2,"[""Atelectasis"", ""Consolidation"", ""Infiltration"", ""Pneumothorax"", ""Edema"", ""Emphysema"", ""Fibrosis"", ""Effusion"", ""Pneumonia"", ""Pleural_Thickening"", ""Cardiomegaly"", ""Nodule"", ""Mass"", ""Hernia"", ""Lung Lesion"", ""Fracture"", ""Lung Opacity"", ""Enlarged Cardiomediastinum""]",0.5142159461975098,present,Atelectasis,0.5131228566169739,present,Cardiomegaly,0.528376579284668,present,Consolidation,0.2584209144115448,uncertain,Edema,0.6659764051437378,present,Effusion,0.6241822242736816,present,Pneumonia,0.5056349039077759,present,Pneumothorax,0.3330390155315399,uncertain,Fracture,0.11916197091341019,absent,Lung Lesion,0.7041090726852417,present,Lung Opacity,0.5709898471832275,present,Enlarged Cardiomediastinum,0.501532256603241,present,Pleural_Thickening,,unavailable,,,not_computed,,"[""Atelectasis"", ""Cardiomegaly"", ""Consolidation"", ""Pleural Effusion"", ""Pneumonia"", ""Pneumothorax"", ""Lung Opacity"", ""Enlarged Cardiomediastinum"", ""Pleural Other""]","{""Atelectasis"": 0.5142159461975098, ""Cardiomegaly"": 0.5131228566169739, ""Consolidation"": 0.528376579284668, ""Edema"": 0.2584209144115448, ""Effusion"": 0.6659764051437378, ""Emphysema"": 0.515395998954773, ""Enlarged Cardiomediastinum"": 0.5709898471832275, ""Fibrosis"": 0.5066027045249939, ""Fracture"": 0.3330390155315399, ""Hernia"": 0.016161730512976646, ""Infiltration"": 0.5111974477767944, ""Lung Lesion"": 0.11916197091341019, ""Lung Opacity"": 0.7041090726852417, ""Mass"": 0.5364319682121277, ""Nodule"": 0.512712836265564, ""Pleural_Thickening"": 0.501532256603241, ""Pneumonia"": 0.6241822242736816, ""Pneumothorax"": 0.5056349039077759}",retrieval_agent
patient00298/study3,patient00298/study3/view1_frontal.dcm,/home/jovyan/Desktop/MEDAGENT-X/data/raw/chexpert_plus/dicom_train/patient00298/study3/view1_frontal.dcm,torchxrayvision.DenseNet,densenet121-res224-all,cuda,0.5,0.2,"[""Atelectasis"", ""Consolidation"", ""Infiltration"", ""Pneumothorax"", ""Edema"", ""Emphysema"", ""Fibrosis"", ""Effusion"", ""Pneumonia"", ""Pleural_Thickening"", ""Cardiomegaly"", ""Nodule"", ""Mass"", ""Hernia"", ""Lung Lesion"", ""Fracture"", ""Lung Opacity"", ""Enlarged Cardiomediastinum""]",0.6045477390289307,present,Atelectasis,0.5575584173202515,present,Cardiomegaly,0.6011604070663452,present,Consolidation,0.5411328077316284,present,Edema,0.7434045076370239,present,Effusion,0.5144277811050415,present,Pneumonia,0.5073844194412231,present,Pneumothorax,0.5102598667144775,present,Fracture,0.07115484774112701,absent,Lung Lesion,0.827288806438446,present,Lung Opacity,0.5476495623588562,present,Enlarged Cardiomediastinum,0.5085744857788086,present,Pleural_Thickening,,unavailable,,,not_computed,,"[""Atelectasis"", ""Cardiomegaly"", ""Consolidation"", ""Edema"", ""Pleural Effusion"", ""Pneumonia"", ""Pneumothorax"", ""Fracture"", ""Lung Opacity"", ""Enlarged Cardiomediastinum"", ""Pleural Other""]","{""Atelectasis"": 0.6045477390289307, ""Cardiomegaly"": 0.5575584173202515, ""Consolidation"": 0.6011604070663452, ""Edema"": 0.5411328077316284, ""Effusion"": 0.7434045076370239, ""Emphysema"": 0.5017265677452087, ""Enlarged Cardiomediastinum"": 0.5476495623588562, ""Fibrosis"": 0.523436427116394, ""Fracture"": 0.5102598667144775, ""Hernia"": 0.11520346999168396, ""Infiltration"": 0.5975086688995361, ""Lung Lesion"": 0.07115484774112701, ""Lung Opacity"": 0.827288806438446, ""Mass"": 0.5466841459274292, ""Nodule"": 0.5114471912384033, ""Pleural_Thickening"": 0.5085744857788086, ""Pneumonia"": 0.5144277811050415, ""Pneumothorax"": 0.5073844194412231}",retrieval_agent
patient00303/study2,patient00303/study2/view1_frontal.dcm,/home/jovyan/Desktop/MEDAGENT-X/data/raw/chexpert_plus/dicom_train/patient00303/study2/view1_frontal.dcm,torchxrayvision.DenseNet,densenet121-res224-all,cuda,0.5,0.2,"[""Atelectasis"", ""Consolidation"", ""Infiltration"", ""Pneumothorax"", ""Edema"", ""Emphysema"", ""Fibrosis"", ""Effusion"", ""Pneumonia"", ""Pleural_Thickening"", ""Cardiomegaly"", ""Nodule"", ""Mass"", ""Hernia"", ""Lung Lesion"", ""Fracture"", ""Lung Opacity"", ""Enlarged Cardiomediastinum""]",0.531775712966919,present,Atelectasis,0.11928883194923401,absent,Cardiomegaly,0.5010336637496948,present,Consolidation,0.23711749911308289,uncertain,Edema,0.26838698983192444,uncertain,Effusion,0.17924059927463531,absent,Pneumonia,0.3074481189250946,uncertain,Pneumothorax,0.5049781799316406,present,Fracture,0.03290899842977524,absent,Lung Lesion,0.49699583649635315,uncertain,Lung Opacity,0.3561006486415863,uncertain,Enlarged Cardiomediastinum,0.5199986696243286,present,Pleural_Thickening,,unavailable,,,not_computed,,"[""Atelectasis"", ""Consolidation"", ""Fracture"", ""Pleural Other""]","{""Atelectasis"": 0.531775712966919, ""Cardiomegaly"": 0.11928883194923401, ""Consolidation"": 0.5010336637496948, ""Edema"": 0.23711749911308289, ""Effusion"": 0.26838698983192444, ""Emphysema"": 0.505817174911499, ""Enlarged Cardiomediastinum"": 0.3561006486415863, ""Fibrosis"": 0.5357246994972229, ""Fracture"": 0.5049781799316406, ""Hernia"": 0.040321748703718185, ""Infiltration"": 0.5079775452613831, ""Lung Lesion"": 0.03290899842977524, ""Lung Opacity"": 0.49699583649635315, ""Mass"": 0.5434902906417847, ""Nodule"": 0.5313266515731812, ""Pleural_Thickening"": 0.5199986696243286, ""Pneumonia"": 0.17924059927463531, ""Pneumothorax"": 0.3074481189250946}",retrieval_agent
patient00303/study1,patient00303/study1/view1_frontal.dcm,/home/jovyan/Desktop/MEDAGENT-X/data/raw/chexpert_plus/dicom_train/patient00303/study1/view1_frontal.dcm,torchxrayvision.DenseNet,densenet121-res224-all,cuda,0.5,0.2,"[""Atelectasis"", ""Consolidation"", ""Infiltration"", ""Pneumothorax"", ""Edema"", ""Emphysema"", ""Fibrosis"", ""Effusion"", ""Pneumonia"", ""Pleural_Thickening"", ""Cardiomegaly"", ""Nodule"", ""Mass"", ""Hernia"", ""Lung Lesion"", ""Fracture"", ""Lung Opacity"", ""Enlarged Cardiomediastinum""]",0.6126749515533447,present,Atelectasis,0.7985615134239197,present,Cardiomegaly,0.5406826734542847,present,Consolidation,0.5120576620101929,present,Edema,0.6219913363456726,present,Effusion,0.09180087596178055,absent,Pneumonia,0.5009340047836304,present,Pneumothorax,0.5354812741279602,present,Fracture,0.1615321934223175,absent,Lung Lesion,0.734677791595459,present,Lung Opacity,0.5575636625289917,present,Enlarged Cardiomediastinum,0.5051717758178711,present,Pleural_Thickening,,unavailable,,,not_computed,,"[""Atelectasis"", ""Cardiomegaly"", ""Consolidation"", ""Edema"", ""Pleural Effusion"", ""Pneumothorax"", ""Fracture"", ""Lung Opacity"", ""Enlarged Cardiomediastinum"", ""Pleural Other""]","{""Atelectasis"": 0.6126749515533447, ""Cardiomegaly"": 0.7985615134239197, ""Consolidation"": 0.5406826734542847, ""Edema"": 0.5120576620101929, ""Effusion"": 0.6219913363456726, ""Emphysema"": 0.5169311761856079, ""Enlarged Cardiomediastinum"": 0.5575636625289917, ""Fibrosis"": 0.5434865951538086, ""Fracture"": 0.5354812741279602, ""Hernia"": 0.026183439418673515, ""Infiltration"": 0.5156431198120117, ""Lung Lesion"": 0.1615321934223175, ""Lung Opacity"": 0.734677791595459, ""Mass"": 0.5547494888305664, ""Nodule"": 0.5562295317649841, ""Pleural_Thickening"": 0.5051717758178711, ""Pneumonia"": 0.09180087596178055, ""Pneumothorax"": 0.5009340047836304}",retrieval_agent
patient00306/study1,patient00306/study1/view1_frontal.dcm,/home/jovyan/Desktop/MEDAGENT-X/data/raw/chexpert_plus/dicom_train/patient00306/study1/view1_frontal.dcm,torchxrayvision.DenseNet,densenet121-res224-all,cuda,0.5,0.2,"[""Atelectasis"", ""Consolidation"", ""Infiltration"", ""Pneumothorax"", ""Edema"", ""Emphysema"", ""Fibrosis"", ""Effusion"", ""Pneumonia"", ""Pleural_Thickening"", ""Cardiomegaly"", ""Nodule"", ""Mass"", ""Hernia"", ""Lung Lesion"", ""Fracture"", ""Lung Opacity"", ""Enlarged Cardiomediastinum""]",0.5418320298194885,present,Atelectasis,0.5969974994659424,present,Cardiomegaly,0.5105224847793579,present,Consolidation,0.5222915410995483,present,Edema,0.5065910816192627,present,Effusion,0.04843782261013985,absent,Pneumonia,0.5002062320709229,present,Pneumothorax,0.5070984363555908,present,Fracture,0.03673572093248367,absent,Lung Lesion,0.7758685350418091,present,Lung Opacity,0.6133874654769897,present,Enlarged Cardiomediastinum,0.3421274423599243,uncertain,Pleural_Thickening,,unavailable,,,not_computed,,"[""Atelectasis"", ""Cardiomegaly"", ""Consolidation"", ""Edema"", ""Pleural Effusion"", ""Pneumothorax"", ""Fracture"", ""Lung Opacity"", ""Enlarged Cardiomediastinum""]","{""Atelectasis"": 0.5418320298194885, ""Cardiomegaly"": 0.5969974994659424, ""Consolidation"": 0.5105224847793579, ""Edema"": 0.5222915410995483, ""Effusion"": 0.5065910816192627, ""Emphysema"": 0.5001791715621948, ""Enlarged Cardiomediastinum"": 0.6133874654769897, ""Fibrosis"": 0.5113375782966614, ""Fracture"": 0.5070984363555908, ""Hernia"": 0.0054475595243275166, ""Infiltration"": 0.5391396284103394, ""Lung Lesion"": 0.03673572093248367, ""Lung Opacity"": 0.7758685350418091, ""Mass"": 0.5224639177322388, ""Nodule"": 0.5050100088119507, ""Pleural_Thickening"": 0.3421274423599243, ""Pneumonia"": 0.04843782261013985, ""Pneumothorax"": 0.5002062320709229}",retrieval_agent
patient00308/study4,patient00308/study4/view2_lateral.dcm,/home/jovyan/Desktop/MEDAGENT-X/data/raw/chexpert_plus/dicom_train/patient00308/study4/view2_lateral.dcm,torchxrayvision.DenseNet,densenet121-res224-all,cuda,0.5,0.2,"[""Atelectasis"", ""Consolidation"", ""Infiltration"", ""Pneumothorax"", ""Edema"", ""Emphysema"", ""Fibrosis"", ""Effusion"", ""Pneumonia"", ""Pleural_Thickening"", ""Cardiomegaly"", ""Nodule"", ""Mass"", ""Hernia"", ""Lung Lesion"", ""Fracture"", ""Lung Opacity"", ""Enlarged Cardiomediastinum""]",0.6088247299194336,present,Atelectasis,0.538698136806488,present,Cardiomegaly,0.6022953987121582,present,Consolidation,0.5292929410934448,present,Edema,0.761623203754425,present,Effusion,0.702666163444519,present,Pneumonia,0.5023542642593384,present,Pneumothorax,0.5017492175102234,present,Fracture,0.2643566429615021,uncertain,Lung Lesion,0.8731417655944824,present,Lung Opacity,0.5749872922897339,present,Enlarged Cardiomediastinum,0.3420391082763672,uncertain,Pleural_Thickening,,unavailable,,,not_computed,,"[""Atelectasis"", ""Cardiomegaly"", ""Consolidation"", ""Edema"", ""Pleural Effusion"", ""Pneumonia"", ""Pneumothorax"", ""Fracture"", ""Lung Opacity"", ""Enlarged Cardiomediastinum""]","{""Atelectasis"": 0.6088247299194336, ""Cardiomegaly"": 0.538698136806488, ""Consolidation"": 0.6022953987121582, ""Edema"": 0.5292929410934448, ""Effusion"": 0.761623203754425, ""Emphysema"": 0.5072280168533325, ""Enlarged Cardiomediastinum"": 0.5749872922897339, ""Fibrosis"": 0.505326509475708, ""Fracture"": 0.5017492175102234, ""Hernia"": 0.00885719619691372, ""Infiltration"": 0.5505993366241455, ""Lung Lesion"": 0.2643566429615021, ""Lung Opacity"": 0.8731417655944824, ""Mass"": 0.5382228493690491, ""Nodule"": 0.5171092748641968, ""Pleural_Thickening"": 0.3420391082763672, ""Pneumonia"": 0.702666163444519, ""Pneumothorax"": 0.5023542642593384}",retrieval_agent
patient00308/study3,patient00308/study3/view1_frontal.dcm,/home/jovyan/Desktop/MEDAGENT-X/data/raw/chexpert_plus/dicom_train/patient00308/study3/view1_frontal.dcm,torchxrayvision.DenseNet,densenet121-res224-all,cuda,0.5,0.2,"[""Atelectasis"", ""Consolidation"", ""Infiltration"", ""Pneumothorax"", ""Edema"", ""Emphysema"", ""Fibrosis"", ""Effusion"", ""Pneumonia"", ""Pleural_Thickening"", ""Cardiomegaly"", ""Nodule"", ""Mass"", ""Hernia"", ""Lung Lesion"", ""Fracture"", ""Lung Opacity"", ""Enlarged Cardiomediastinum""]",0.7795768976211548,present,Atelectasis,0.6363894939422607,present,Cardiomegaly,0.6899718642234802,present,Consolidation,0.583608865737915,present,Edema,0.8235207200050354,present,Effusion,0.3575300872325897,uncertain,Pneumonia,0.5052143931388855,present,Pneumothorax,0.5547618865966797,present,Fracture,0.5106195211410522,present,Lung Lesion,0.8445265293121338,present,Lung Opacity,0.5395197868347168,present,Enlarged Cardiomediastinum,0.5253391265869141,present,Pleural_Thickening,,unavailable,,,not_computed,,"[""Atelectasis"", ""Cardiomegaly"", ""Consolidation"", ""Edema"", ""Pleural Effusion"", ""Pneumothorax"", ""Fracture"", ""Lung Lesion"", ""Lung Opacity"", ""Enlarged Cardiomediastinum"", ""Pleural Other""]","{""Atelectasis"": 0.7795768976211548, ""Cardiomegaly"": 0.6363894939422607, ""Consolidation"": 0.6899718642234802, ""Edema"": 0.583608865737915, ""Effusion"": 0.8235207200050354, ""Emphysema"": 0.359732061624527, ""Enlarged Cardiomediastinum"": 0.5395197868347168, ""Fibrosis"": 0.5471109747886658, ""Fracture"": 0.5547618865966797, ""Hernia"": 0.5100038051605225, ""Infiltration"": 0.5804654955863953, ""Lung Lesion"": 0.5106195211410522, ""Lung Opacity"": 0.8445265293121338, ""Mass"": 0.6002017855644226, ""Nodule"": 0.5426851511001587, ""Pleural_Thickening"": 0.5253391265869141, ""Pneumonia"": 0.3575300872325897, ""Pneumothorax"": 0.5052143931388855}",retrieval_agent
patient00308/study3,patient00308/study3/view2_lateral.dcm,/home/jovyan/Desktop/MEDAGENT-X/data/raw/chexpert_plus/dicom_train/patient00308/study3/view2_lateral.dcm,torchxrayvision.DenseNet,densenet121-res224-all,cuda,0.5,0.2,"[""Atelectasis"", ""Consolidation"", ""Infiltration"", ""Pneumothorax"", ""Edema"", ""Emphysema"", ""Fibrosis"", ""Effusion"", ""Pneumonia"", ""Pleural_Thickening"", ""Cardiomegaly"", ""Nodule"", ""Mass"", ""Hernia"", ""Lung Lesion"", ""Fracture"", ""Lung Opacity"", ""Enlarged Cardiomediastinum""]",0.7348749041557312,present,Atelectasis,0.6632658243179321,present,Cardiomegaly,0.753865122795105,present,Consolidation,0.6515838503837585,present,Edema,0.8995685577392578,present,Effusion,0.5790940523147583,present,Pneumonia,0.5153392553329468,present,Pneumothorax,0.5410027503967285,present,Fracture,0.5136286020278931,present,Lung Lesion,0.8653411269187927,present,Lung Opacity,0.5663318634033203,present,Enlarged Cardiomediastinum,0.5092137455940247,present,Pleural_Thickening,,unavailable,,,not_computed,,"[""Atelectasis"", ""Cardiomegaly"", ""Consolidation"", ""Edema"", ""Pleural Effusion"", ""Pneumonia"", ""Pneumothorax"", ""Fracture"", ""Lung Lesion"", ""Lung Opacity"", ""Enlarged Cardiomediastinum"", ""Pleural Other""]","{""Atelectasis"": 0.7348749041557312, ""Cardiomegaly"": 0.6632658243179321, ""Consolidation"": 0.753865122795105, ""Edema"": 0.6515838503837585, ""Effusion"": 0.8995685577392578, ""Emphysema"": 0.5019651055335999, ""Enlarged Cardiomediastinum"": 0.5663318634033203, ""Fibrosis"": 0.5353604555130005, ""Fracture"": 0.5410027503967285, ""Hernia"": 0.03954100236296654, ""Infiltration"": 0.5975958704948425, ""Lung Lesion"": 0.5136286020278931, ""Lung Opacity"": 0.8653411269187927, ""Mass"": 0.5423675179481506, ""Nodule"": 0.5233314037322998, ""Pleural_Thickening"": 0.5092137455940247, ""Pneumonia"": 0.5790940523147583, ""Pneumothorax"": 0.5153392553329468}",retrieval_agent
patient00308/study2,patient00308/study2/view1_frontal.dcm,/home/jovyan/Desktop/MEDAGENT-X/data/raw/chexpert_plus/dicom_train/patient00308/study2/view1_frontal.dcm,torchxrayvision.DenseNet,densenet121-res224-all,cuda,0.5,0.2,"[""Atelectasis"", ""Consolidation"", ""Infiltration"", ""Pneumothorax"", ""Edema"", ""Emphysema"", ""Fibrosis"", ""Effusion"", ""Pneumonia"", ""Pleural_Thickening"", ""Cardiomegaly"", ""Nodule"", ""Mass"", ""Hernia"", ""Lung Lesion"", ""Fracture"", ""Lung Opacity"", ""Enlarged Cardiomediastinum""]",0.7001648545265198,present,Atelectasis,0.5998016595840454,present,Cardiomegaly,0.6157331466674805,present,Consolidation,0.551119327545166,present,Edema,0.7415202856063843,present,Effusion,0.5052088499069214,present,Pneumonia,0.4173099994659424,uncertain,Pneumothorax,0.5406638383865356,present,Fracture,0.20036837458610535,uncertain,Lung Lesion,0.6868395805358887,present,Lung Opacity,0.5316118001937866,present,Enlarged Cardiomediastinum,0.5022872090339661,present,Pleural_Thickening,,unavailable,,,not_computed,,"[""Atelectasis"", ""Cardiomegaly"", ""Consolidation"", ""Edema"", ""Pleural Effusion"", ""Pneumonia"", ""Fracture"", ""Lung Opacity"", ""Enlarged Cardiomediastinum"", ""Pleural Other""]","{""Atelectasis"": 0.7001648545265198, ""Cardiomegaly"": 0.5998016595840454, ""Consolidation"": 0.6157331466674805, ""Edema"": 0.551119327545166, ""Effusion"": 0.7415202856063843, ""Emphysema"": 0.5016462802886963, ""Enlarged Cardiomediastinum"": 0.5316118001937866, ""Fibrosis"": 0.519106388092041, ""Fracture"": 0.5406638383865356, ""Hernia"": 0.15383559465408325, ""Infiltration"": 0.5234920978546143, ""Lung Lesion"": 0.20036837458610535, ""Lung Opacity"": 0.6868395805358887, ""Mass"": 0.5598207712173462, ""Nodule"": 0.5215991735458374, ""Pleural_Thickening"": 0.5022872090339661, ""Pneumonia"": 0.5052088499069214, ""Pneumothorax"": 0.4173099994659424}",retrieval_agent
patient00308/study1,patient00308/study1/view1_frontal.dcm,/home/jovyan/Desktop/MEDAGENT-X/data/raw/chexpert_plus/dicom_train/patient00308/study1/view1_frontal.dcm,torchxrayvision.DenseNet,densenet121-res224-all,cuda,0.5,0.2,"[""Atelectasis"", ""Consolidation"", ""Infiltration"", ""Pneumothorax"", ""Edema"", ""Emphysema"", ""Fibrosis"", ""Effusion"", ""Pneumonia"", ""Pleural_Thickening"", ""Cardiomegaly"", ""Nodule"", ""Mass"", ""Hernia"", ""Lung Lesion"", ""Fracture"", ""Lung Opacity"", ""Enlarged Cardiomediastinum""]",0.727297306060791,present,Atelectasis,0.5696365833282471,present,Cardiomegaly,0.634972095489502,present,Consolidation,0.5418127775192261,present,Edema,0.772860050201416,present,Effusion,0.2340582311153412,uncertain,Pneumonia,0.5014669299125671,present,Pneumothorax,0.5343266725540161,present,Fracture,0.13877473771572113,absent,Lung Lesion,0.8411124348640442,present,Lung Opacity,0.5403538346290588,present,Enlarged Cardiomediastinum,0.524432897567749,present,Pleural_Thickening,,unavailable,,,not_computed,,"[""Atelectasis"", ""Cardiomegaly"", ""Consolidation"", ""Edema"", ""Pleural Effusion"", ""Pneumothorax"", ""Fracture"", ""Lung Opacity"", ""Enlarged Cardiomediastinum"", ""Pleural Other""]","{""Atelectasis"": 0.727297306060791, ""Cardiomegaly"": 0.5696365833282471, ""Consolidation"": 0.634972095489502, ""Edema"": 0.5418127775192261, ""Effusion"": 0.772860050201416, ""Emphysema"": 0.5000267624855042, ""Enlarged Cardiomediastinum"": 0.5403538346290588, ""Fibrosis"": 0.5391184687614441, ""Fracture"": 0.5343266725540161, ""Hernia"": 0.1720680445432663, ""Infiltration"": 0.6044084429740906, ""Lung Lesion"": 0.13877473771572113, ""Lung Opacity"": 0.8411124348640442, ""Mass"": 0.5410429239273071, ""Nodule"": 0.5142633318901062, ""Pleural_Thickening"": 0.524432897567749, ""Pneumonia"": 0.2340582311153412, ""Pneumothorax"": 0.5014669299125671}",retrieval_agent
patient00313/study1,patient00313/study1/view2_lateral.dcm,/home/jovyan/Desktop/MEDAGENT-X/data/raw/chexpert_plus/dicom_train/patient00313/study1/view2_lateral.dcm,torchxrayvision.DenseNet,densenet121-res224-all,cuda,0.5,0.2,"[""Atelectasis"", ""Consolidation"", ""Infiltration"", ""Pneumothorax"", ""Edema"", ""Emphysema"", ""Fibrosis"", ""Effusion"", ""Pneumonia"", ""Pleural_Thickening"", ""Cardiomegaly"", ""Nodule"", ""Mass"", ""Hernia"", ""Lung Lesion"", ""Fracture"", ""Lung Opacity"", ""Enlarged Cardiomediastinum""]",0.5249836444854736,present,Atelectasis,0.33354589343070984,uncertain,Cardiomegaly,0.5371012687683105,present,Consolidation,0.21869462728500366,uncertain,Edema,0.5290588736534119,present,Effusion,0.20278258621692657,uncertain,Pneumonia,0.5027942657470703,present,Pneumothorax,0.5029007792472839,present,Fracture,0.007192706223577261,absent,Lung Lesion,0.7277639508247375,present,Lung Opacity,0.5049725770950317,present,Enlarged Cardiomediastinum,0.5025968551635742,present,Pleural_Thickening,,unavailable,,,not_computed,,"[""Atelectasis"", ""Consolidation"", ""Pleural Effusion"", ""Pneumothorax"", ""Fracture"", ""Lung Opacity"", ""Enlarged Cardiomediastinum"", ""Pleural Other""]","{""Atelectasis"": 0.5249836444854736, ""Cardiomegaly"": 0.33354589343070984, ""Consolidation"": 0.5371012687683105, ""Edema"": 0.21869462728500366, ""Effusion"": 0.5290588736534119, ""Emphysema"": 0.5026413202285767, ""Enlarged Cardiomediastinum"": 0.5049725770950317, ""Fibrosis"": 0.5061603784561157, ""Fracture"": 0.5029007792472839, ""Hernia"": 0.029046576470136642, ""Infiltration"": 0.44350358843803406, ""Lung Lesion"": 0.007192706223577261, ""Lung Opacity"": 0.7277639508247375, ""Mass"": 0.5122434496879578, ""Nodule"": 0.5020722150802612, ""Pleural_Thickening"": 0.5025968551635742, ""Pneumonia"": 0.20278258621692657, ""Pneumothorax"": 0.5027942657470703}",retrieval_agent
patient00317/study5,patient00317/study5/view1_frontal.dcm,/home/jovyan/Desktop/MEDAGENT-X/data/raw/chexpert_plus/dicom_train/patient00317/study5/view1_frontal.dcm,torchxrayvision.DenseNet,densenet121-res224-all,cuda,0.5,0.2,"[""Atelectasis"", ""Consolidation"", ""Infiltration"", ""Pneumothorax"", ""Edema"", ""Emphysema"", ""Fibrosis"", ""Effusion"", ""Pneumonia"", ""Pleural_Thickening"", ""Cardiomegaly"", ""Nodule"", ""Mass"", ""Hernia"", ""Lung Lesion"", ""Fracture"", ""Lung Opacity"", ""Enlarged Cardiomediastinum""]",0.5998275876045227,present,Atelectasis,0.5341894626617432,present,Cardiomegaly,0.5691013336181641,present,Consolidation,0.21943524479866028,uncertain,Edema,0.6811186075210571,present,Effusion,0.15891031920909882,absent,Pneumonia,0.33642035722732544,uncertain,Pneumothorax,0.5070295333862305,present,Fracture,0.04006112739443779,absent,Lung Lesion,0.7206883430480957,present,Lung Opacity,0.5169179439544678,present,Enlarged Cardiomediastinum,0.5135958194732666,present,Pleural_Thickening,,unavailable,,,not_computed,,"[""Atelectasis"", ""Cardiomegaly"", ""Consolidation"", ""Pleural Effusion"", ""Fracture"", ""Lung Opacity"", ""Enlarged Cardiomediastinum"", ""Pleural Other""]","{""Atelectasis"": 0.5998275876045227, ""Cardiomegaly"": 0.5341894626617432, ""Consolidation"": 0.5691013336181641, ""Edema"": 0.21943524479866028, ""Effusion"": 0.6811186075210571, ""Emphysema"": 0.5041184425354004, ""Enlarged Cardiomediastinum"": 0.5169179439544678, ""Fibrosis"": 0.5289653539657593, ""Fracture"": 0.5070295333862305, ""Hernia"": 0.4691776931285858, ""Infiltration"": 0.5809750556945801, ""Lung Lesion"": 0.04006112739443779, ""Lung Opacity"": 0.7206883430480957, ""Mass"": 0.567440927028656, ""Nodule"": 0.5279874205589294, ""Pleural_Thickening"": 0.5135958194732666, ""Pneumonia"": 0.15891031920909882, ""Pneumothorax"": 0.33642035722732544}",retrieval_agent
patient00317/study4,patient00317/study4/view1_frontal.dcm,/home/jovyan/Desktop/MEDAGENT-X/data/raw/chexpert_plus/dicom_train/patient00317/study4/view1_frontal.dcm,torchxrayvision.DenseNet,densenet121-res224-all,cuda,0.5,0.2,"[""Atelectasis"", ""Consolidation"", ""Infiltration"", ""Pneumothorax"", ""Edema"", ""Emphysema"", ""Fibrosis"", ""Effusion"", ""Pneumonia"", ""Pleural_Thickening"", ""Cardiomegaly"", ""Nodule"", ""Mass"", ""Hernia"", ""Lung Lesion"", ""Fracture"", ""Lung Opacity"", ""Enlarged Cardiomediastinum""]",0.6034660935401917,present,Atelectasis,0.545535683631897,present,Cardiomegaly,0.713103175163269,present,Consolidation,0.546881914138794,present,Edema,0.7373219728469849,present,Effusion,0.605911135673523,present,Pneumonia,0.5111067891120911,present,Pneumothorax,0.5255197286605835,present,Fracture,0.3033127188682556,uncertain,Lung Lesion,0.8489514589309692,present,Lung Opacity,0.5487769842147827,present,Enlarged Cardiomediastinum,0.5068674087524414,present,Pleural_Thickening,,unavailable,,,not_computed,,"[""Atelectasis"", ""Cardiomegaly"", ""Consolidation"", ""Edema"", ""Pleural Effusion"", ""Pneumonia"", ""Pneumothorax"", ""Fracture"", ""Lung Opacity"", ""Enlarged Cardiomediastinum"", ""Pleural Other""]","{""Atelectasis"": 0.6034660935401917, ""Cardiomegaly"": 0.545535683631897, ""Consolidation"": 0.713103175163269, ""Edema"": 0.546881914138794, ""Effusion"": 0.7373219728469849, ""Emphysema"": 0.5080991983413696, ""Enlarged Cardiomediastinum"": 0.5487769842147827, ""Fibrosis"": 0.5203964114189148, ""Fracture"": 0.5255197286605835, ""Hernia"": 0.036526717245578766, ""Infiltration"": 0.6569862365722656, ""Lung Lesion"": 0.3033127188682556, ""Lung Opacity"": 0.8489514589309692, ""Mass"": 0.6024473905563354, ""Nodule"": 0.5807307958602905, ""Pleural_Thickening"": 0.5068674087524414, ""Pneumonia"": 0.605911135673523, ""Pneumothorax"": 0.5111067891120911}",retrieval_agent
patient00317/study1,patient00317/study1/view1_frontal.dcm,/home/jovyan/Desktop/MEDAGENT-X/data/raw/chexpert_plus/dicom_train/patient00317/study1/view1_frontal.dcm,torchxrayvision.DenseNet,densenet121-res224-all,cuda,0.5,0.2,"[""Atelectasis"", ""Consolidation"", ""Infiltration"", ""Pneumothorax"", ""Edema"", ""Emphysema"", ""Fibrosis"", ""Effusion"", ""Pneumonia"", ""Pleural_Thickening"", ""Cardiomegaly"", ""Nodule"", ""Mass"", ""Hernia"", ""Lung Lesion"", ""Fracture"", ""Lung Opacity"", ""Enlarged Cardiomediastinum""]",0.6974978446960449,present,Atelectasis,0.5888980031013489,present,Cardiomegaly,0.5157397985458374,present,Consolidation,0.5969799757003784,present,Edema,0.5770552754402161,present,Effusion,0.5405219793319702,present,Pneumonia,0.33800405263900757,uncertain,Pneumothorax,0.5275164246559143,present,Fracture,0.5366281270980835,present,Lung Lesion,0.6323819756507874,present,Lung Opacity,0.5051348805427551,present,Enlarged Cardiomediastinum,0.5022134184837341,present,Pleural_Thickening,,unavailable,,,not_computed,,"[""Atelectasis"", ""Cardiomegaly"", ""Consolidation"", ""Edema"", ""Pleural Effusion"", ""Pneumonia"", ""Fracture"", ""Lung Lesion"", ""Lung Opacity"", ""Enlarged Cardiomediastinum"", ""Pleural Other""]","{""Atelectasis"": 0.6974978446960449, ""Cardiomegaly"": 0.5888980031013489, ""Consolidation"": 0.5157397985458374, ""Edema"": 0.5969799757003784, ""Effusion"": 0.5770552754402161, ""Emphysema"": 0.5002868175506592, ""Enlarged Cardiomediastinum"": 0.5051348805427551, ""Fibrosis"": 0.5957286357879639, ""Fracture"": 0.5275164246559143, ""Hernia"": 0.045465137809515, ""Infiltration"": 0.6377711892127991, ""Lung Lesion"": 0.5366281270980835, ""Lung Opacity"": 0.6323819756507874, ""Mass"": 0.47450417280197144, ""Nodule"": 0.5131851434707642, ""Pleural_Thickening"": 0.5022134184837341, ""Pneumonia"": 0.5405219793319702, ""Pneumothorax"": 0.33800405263900757}",retrieval_agent
patient00317/study8,patient00317/study8/view1_frontal.dcm,/home/jovyan/Desktop/MEDAGENT-X/data/raw/chexpert_plus/dicom_train/patient00317/study8/view1_frontal.dcm,torchxrayvision.DenseNet,densenet121-res224-all,cuda,0.5,0.2,"[""Atelectasis"", ""Consolidation"", ""Infiltration"", ""Pneumothorax"", ""Edema"", ""Emphysema"", ""Fibrosis"", ""Effusion"", ""Pneumonia"", ""Pleural_Thickening"", ""Cardiomegaly"", ""Nodule"", ""Mass"", ""Hernia"", ""Lung Lesion"", ""Fracture"", ""Lung Opacity"", ""Enlarged Cardiomediastinum""]",0.6879333257675171,present,Atelectasis,0.581899881362915,present,Cardiomegaly,0.6042479276657104,present,Consolidation,0.5450499057769775,present,Edema,0.7197088599205017,present,Effusion,0.5025787353515625,present,Pneumonia,0.5086542367935181,present,Pneumothorax,0.5134716033935547,present,Fracture,0.16469091176986694,absent,Lung Lesion,0.7265811562538147,present,Lung Opacity,0.5432583689689636,present,Enlarged Cardiomediastinum,0.5206746459007263,present,Pleural_Thickening,,unavailable,,,not_computed,,"[""Atelectasis"", ""Cardiomegaly"", ""Consolidation"", ""Edema"", ""Pleural Effusion"", ""Pneumonia"", ""Pneumothorax"", ""Fracture"", ""Lung Opacity"", ""Enlarged Cardiomediastinum"", ""Pleural Other""]","{""Atelectasis"": 0.6879333257675171, ""Cardiomegaly"": 0.581899881362915, ""Consolidation"": 0.6042479276657104, ""Edema"": 0.5450499057769775, ""Effusion"": 0.7197088599205017, ""Emphysema"": 0.5007778406143188, ""Enlarged Cardiomediastinum"": 0.5432583689689636, ""Fibrosis"": 0.5326588153839111, ""Fracture"": 0.5134716033935547, ""Hernia"": 0.5015986561775208, ""Infiltration"": 0.610581636428833, ""Lung Lesion"": 0.16469091176986694, ""Lung Opacity"": 0.7265811562538147, ""Mass"": 0.5541653037071228, ""Nodule"": 0.5176995992660522, ""Pleural_Thickening"": 0.5206746459007263, ""Pneumonia"": 0.5025787353515625, ""Pneumothorax"": 0.5086542367935181}",retrieval_agent
patient00317/study2,patient00317/study2/view1_frontal.dcm,/home/jovyan/Desktop/MEDAGENT-X/data/raw/chexpert_plus/dicom_train/patient00317/study2/view1_frontal.dcm,torchxrayvision.DenseNet,densenet121-res224-all,cuda,0.5,0.2,"[""Atelectasis"", ""Consolidation"", ""Infiltration"", ""Pneumothorax"", ""Edema"", ""Emphysema"", ""Fibrosis"", ""Effusion"", ""Pneumonia"", ""Pleural_Thickening"", ""Cardiomegaly"", ""Nodule"", ""Mass"", ""Hernia"", ""Lung Lesion"", ""Fracture"", ""Lung Opacity"", ""Enlarged Cardiomediastinum""]",0.6571953296661377,present,Atelectasis,0.6121015548706055,present,Cardiomegaly,0.587052583694458,present,Consolidation,0.5230841040611267,present,Edema,0.6977874040603638,present,Effusion,0.15682654082775116,absent,Pneumonia,0.14151746034622192,absent,Pneumothorax,0.5026018619537354,present,Fracture,0.13030725717544556,absent,Lung Lesion,0.6945630311965942,present,Lung Opacity,0.5239499807357788,present,Enlarged Cardiomediastinum,0.45700499415397644,uncertain,Pleural_Thickening,,unavailable,,,not_computed,,"[""Atelectasis"", ""Cardiomegaly"", ""Consolidation"", ""Edema"", ""Pleural Effusion"", ""Fracture"", ""Lung Opacity"", ""Enlarged Cardiomediastinum""]","{""Atelectasis"": 0.6571953296661377, ""Cardiomegaly"": 0.6121015548706055, ""Consolidation"": 0.587052583694458, ""Edema"": 0.5230841040611267, ""Effusion"": 0.6977874040603638, ""Emphysema"": 0.3935558497905731, ""Enlarged Cardiomediastinum"": 0.5239499807357788, ""Fibrosis"": 0.5227982997894287, ""Fracture"": 0.5026018619537354, ""Hernia"": 0.37916162610054016, ""Infiltration"": 0.5824902057647705, ""Lung Lesion"": 0.13030725717544556, ""Lung Opacity"": 0.6945630311965942, ""Mass"": 0.5420705676078796, ""Nodule"": 0.5196486115455627, ""Pleural_Thickening"": 0.45700499415397644, ""Pneumonia"": 0.15682654082775116, ""Pneumothorax"": 0.14151746034622192}",retrieval_agent
patient00317/study6,patient00317/study6/view1_frontal.dcm,/home/jovyan/Desktop/MEDAGENT-X/data/raw/chexpert_plus/dicom_train/patient00317/study6/view1_frontal.dcm,torchxrayvision.DenseNet,densenet121-res224-all,cuda,0.5,0.2,"[""Atelectasis"", ""Consolidation"", ""Infiltration"", ""Pneumothorax"", ""Edema"", ""Emphysema"", ""Fibrosis"", ""Effusion"", ""Pneumonia"", ""Pleural_Thickening"", ""Cardiomegaly"", ""Nodule"", ""Mass"", ""Hernia"", ""Lung Lesion"", ""Fracture"", ""Lung Opacity"", ""Enlarged Cardiomediastinum""]",0.5668501853942871,present,Atelectasis,0.5085023641586304,present,Cardiomegaly,0.6234540939331055,present,Consolidation,0.530160129070282,present,Edema,0.6884679794311523,present,Effusion,0.5273492336273193,present,Pneumonia,0.508797287940979,present,Pneumothorax,0.5081294775009155,present,Fracture,0.10803880542516708,absent,Lung Lesion,0.8643585443496704,present,Lung Opacity,0.528578519821167,present,Enlarged Cardiomediastinum,0.5349330306053162,present,Pleural_Thickening,,unavailable,,,not_computed,,"[""Atelectasis"", ""Cardiomegaly"", ""Consolidation"", ""Edema"", ""Pleural Effusion"", ""Pneumonia"", ""Pneumothorax"", ""Fracture"", ""Lung Opacity"", ""Enlarged Cardiomediastinum"", ""Pleural Other""]","{""Atelectasis"": 0.5668501853942871, ""Cardiomegaly"": 0.5085023641586304, ""Consolidation"": 0.6234540939331055, ""Edema"": 0.530160129070282, ""Effusion"": 0.6884679794311523, ""Emphysema"": 0.5039569735527039, ""Enlarged Cardiomediastinum"": 0.528578519821167, ""Fibrosis"": 0.5630022287368774, ""Fracture"": 0.5081294775009155, ""Hernia"": 0.05427505820989609, ""Infiltration"": 0.6435403227806091, ""Lung Lesion"": 0.10803880542516708, ""Lung Opacity"": 0.8643585443496704, ""Mass"": 0.5817244648933411, ""Nodule"": 0.5522302389144897, ""Pleural_Thickening"": 0.5349330306053162, ""Pneumonia"": 0.5273492336273193, ""Pneumothorax"": 0.508797287940979}",retrieval_agent
patient00317/study3,patient00317/study3/view1_frontal.dcm,/home/jovyan/Desktop/MEDAGENT-X/data/raw/chexpert_plus/dicom_train/patient00317/study3/view1_frontal.dcm,torchxrayvision.DenseNet,densenet121-res224-all,cuda,0.5,0.2,"[""Atelectasis"", ""Consolidation"", ""Infiltration"", ""Pneumothorax"", ""Edema"", ""Emphysema"", ""Fibrosis"", ""Effusion"", ""Pneumonia"", ""Pleural_Thickening"", ""Cardiomegaly"", ""Nodule"", ""Mass"", ""Hernia"", ""Lung Lesion"", ""Fracture"", ""Lung Opacity"", ""Enlarged Cardiomediastinum""]",0.538100004196167,present,Atelectasis,0.5280539989471436,present,Cardiomegaly,0.6488726139068604,present,Consolidation,0.5238837003707886,present,Edema,0.6459774971008301,present,Effusion,0.5260834693908691,present,Pneumonia,0.5045527219772339,present,Pneumothorax,0.3695661723613739,uncertain,Fracture,0.12396088987588882,absent,Lung Lesion,0.8959989547729492,present,Lung Opacity,0.5544249415397644,present,Enlarged Cardiomediastinum,0.5109085440635681,present,Pleural_Thickening,,unavailable,,,not_computed,,"[""Atelectasis"", ""Cardiomegaly"", ""Consolidation"", ""Edema"", ""Pleural Effusion"", ""Pneumonia"", ""Pneumothorax"", ""Lung Opacity"", ""Enlarged Cardiomediastinum"", ""Pleural Other""]","{""Atelectasis"": 0.538100004196167, ""Cardiomegaly"": 0.5280539989471436, ""Consolidation"": 0.6488726139068604, ""Edema"": 0.5238837003707886, ""Effusion"": 0.6459774971008301, ""Emphysema"": 0.5003354549407959, ""Enlarged Cardiomediastinum"": 0.5544249415397644, ""Fibrosis"": 0.5312691926956177, ""Fracture"": 0.3695661723613739, ""Hernia"": 0.09226842224597931, ""Infiltration"": 0.7092376351356506, ""Lung Lesion"": 0.12396088987588882, ""Lung Opacity"": 0.8959989547729492, ""Mass"": 0.557864248752594, ""Nodule"": 0.5318809747695923, ""Pleural_Thickening"": 0.5109085440635681, ""Pneumonia"": 0.5260834693908691, ""Pneumothorax"": 0.5045527219772339}",retrieval_agent
patient00317/study7,patient00317/study7/view1_frontal.dcm,/home/jovyan/Desktop/MEDAGENT-X/data/raw/chexpert_plus/dicom_train/patient00317/study7/view1_frontal.dcm,torchxrayvision.DenseNet,densenet121-res224-all,cuda,0.5,0.2,"[""Atelectasis"", ""Consolidation"", ""Infiltration"", ""Pneumothorax"", ""Edema"", ""Emphysema"", ""Fibrosis"", ""Effusion"", ""Pneumonia"", ""Pleural_Thickening"", ""Cardiomegaly"", ""Nodule"", ""Mass"", ""Hernia"", ""Lung Lesion"", ""Fracture"", ""Lung Opacity"", ""Enlarged Cardiomediastinum""]",0.6509848833084106,present,Atelectasis,0.6290795207023621,present,Cardiomegaly,0.6228505373001099,present,Consolidation,0.6049801111221313,present,Edema,0.8437325954437256,present,Effusion,0.5338670015335083,present,Pneumonia,0.517406702041626,present,Pneumothorax,0.5234487056732178,present,Fracture,0.4665321707725525,uncertain,Lung Lesion,0.7742557525634766,present,Lung Opacity,0.5494598150253296,present,Enlarged Cardiomediastinum,0.5294127464294434,present,Pleural_Thickening,,unavailable,,,not_computed,,"[""Atelectasis"", ""Cardiomegaly"", ""Consolidation"", ""Edema"", ""Pleural Effusion"", ""Pneumonia"", ""Pneumothorax"", ""Fracture"", ""Lung Opacity"", ""Enlarged Cardiomediastinum"", ""Pleural Other""]","{""Atelectasis"": 0.6509848833084106, ""Cardiomegaly"": 0.6290795207023621, ""Consolidation"": 0.6228505373001099, ""Edema"": 0.6049801111221313, ""Effusion"": 0.8437325954437256, ""Emphysema"": 0.5018982887268066, ""Enlarged Cardiomediastinum"": 0.5494598150253296, ""Fibrosis"": 0.5322422981262207, ""Fracture"": 0.5234487056732178, ""Hernia"": 0.16822516918182373, ""Infiltration"": 0.6727678775787354, ""Lung Lesion"": 0.4665321707725525, ""Lung Opacity"": 0.7742557525634766, ""Mass"": 0.5413583517074585, ""Nodule"": 0.5453891158103943, ""Pleural_Thickening"": 0.5294127464294434, ""Pneumonia"": 0.5338670015335083, ""Pneumothorax"": 0.517406702041626}",retrieval_agent
patient00322/study1,patient00322/study1/view1_frontal.dcm,/home/jovyan/Desktop/MEDAGENT-X/data/raw/chexpert_plus/dicom_train/patient00322/study1/view1_frontal.dcm,torchxrayvision.DenseNet,densenet121-res224-all,cuda,0.5,0.2,"[""Atelectasis"", ""Consolidation"", ""Infiltration"", ""Pneumothorax"", ""Edema"", ""Emphysema"", ""Fibrosis"", ""Effusion"", ""Pneumonia"", ""Pleural_Thickening"", ""Cardiomegaly"", ""Nodule"", ""Mass"", ""Hernia"", ""Lung Lesion"", ""Fracture"", ""Lung Opacity"", ""Enlarged Cardiomediastinum""]",0.014279612340033054,absent,Atelectasis,0.006023155990988016,absent,Cardiomegaly,0.27492302656173706,uncertain,Consolidation,0.0018749471055343747,absent,Edema,0.0028794617392122746,absent,Effusion,0.5109968781471252,present,Pneumonia,0.016729261726140976,absent,Pneumothorax,0.028998294845223427,absent,Fracture,3.283415571786463e-05,absent,Lung Lesion,0.49039119482040405,uncertain,Lung Opacity,0.04905182123184204,absent,Enlarged Cardiomediastinum,0.06626302748918533,absent,Pleural_Thickening,,unavailable,,,not_computed,,"[""Pneumonia""]","{""Atelectasis"": 0.014279612340033054, ""Cardiomegaly"": 0.006023155990988016, ""Consolidation"": 0.27492302656173706, ""Edema"": 0.0018749471055343747, ""Effusion"": 0.0028794617392122746, ""Emphysema"": 0.09251799434423447, ""Enlarged Cardiomediastinum"": 0.04905182123184204, ""Fibrosis"": 0.19884519279003143, ""Fracture"": 0.028998294845223427, ""Hernia"": 5.651827450492419e-05, ""Infiltration"": 0.1431858092546463, ""Lung Lesion"": 3.283415571786463e-05, ""Lung Opacity"": 0.49039119482040405, ""Mass"": 0.1029583215713501, ""Nodule"": 0.34115278720855713, ""Pleural_Thickening"": 0.06626302748918533, ""Pneumonia"": 0.5109968781471252, ""Pneumothorax"": 0.016729261726140976}",retrieval_agent
patient00323/study1,patient00323/study1/view1_frontal.dcm,/home/jovyan/Desktop/MEDAGENT-X/data/raw/chexpert_plus/dicom_train/patient00323/study1/view1_frontal.dcm,torchxrayvision.DenseNet,densenet121-res224-all,cuda,0.5,0.2,"[""Atelectasis"", ""Consolidation"", ""Infiltration"", ""Pneumothorax"", ""Edema"", ""Emphysema"", ""Fibrosis"", ""Effusion"", ""Pneumonia"", ""Pleural_Thickening"", ""Cardiomegaly"", ""Nodule"", ""Mass"", ""Hernia"", ""Lung Lesion"", ""Fracture"", ""Lung Opacity"", ""Enlarged Cardiomediastinum""]",0.2733762562274933,uncertain,Atelectasis,0.22063826024532318,uncertain,Cardiomegaly,0.5688489079475403,present,Consolidation,0.15092937648296356,absent,Edema,0.20052769780158997,uncertain,Effusion,0.5075832605361938,present,Pneumonia,0.5025148987770081,present,Pneumothorax,0.3096799850463867,uncertain,Fracture,0.525812029838562,present,Lung Lesion,0.7362793684005737,present,Lung Opacity,0.5115711688995361,present,Enlarged Cardiomediastinum,0.18434958159923553,absent,Pleural_Thickening,,unavailable,,,not_computed,,"[""Consolidation"", ""Pneumonia"", ""Pneumothorax"", ""Lung Lesion"", ""Lung Opacity"", ""Enlarged Cardiomediastinum""]","{""Atelectasis"": 0.2733762562274933, ""Cardiomegaly"": 0.22063826024532318, ""Consolidation"": 0.5688489079475403, ""Edema"": 0.15092937648296356, ""Effusion"": 0.20052769780158997, ""Emphysema"": 0.0640336200594902, ""Enlarged Cardiomediastinum"": 0.5115711688995361, ""Fibrosis"": 0.5051347017288208, ""Fracture"": 0.3096799850463867, ""Hernia"": 0.009899215772747993, ""Infiltration"": 0.6667846441268921, ""Lung Lesion"": 0.525812029838562, ""Lung Opacity"": 0.7362793684005737, ""Mass"": 0.5774996876716614, ""Nodule"": 0.6262904405593872, ""Pleural_Thickening"": 0.18434958159923553, ""Pneumonia"": 0.5075832605361938, ""Pneumothorax"": 0.5025148987770081}",retrieval_agent
patient00323/study1,patient00323/study1/view2_lateral.dcm,/home/jovyan/Desktop/MEDAGENT-X/data/raw/chexpert_plus/dicom_train/patient00323/study1/view2_lateral.dcm,torchxrayvision.DenseNet,densenet121-res224-all,cuda,0.5,0.2,"[""Atelectasis"", ""Consolidation"", ""Infiltration"", ""Pneumothorax"", ""Edema"", ""Emphysema"", ""Fibrosis"", ""Effusion"", ""Pneumonia"", ""Pleural_Thickening"", ""Cardiomegaly"", ""Nodule"", ""Mass"", ""Hernia"", ""Lung Lesion"", ""Fracture"", ""Lung Opacity"", ""Enlarged Cardiomediastinum""]",0.20703160762786865,uncertain,Atelectasis,0.04453393444418907,absent,Cardiomegaly,0.5085315704345703,present,Consolidation,0.1982126533985138,absent,Edema,0.14291806519031525,absent,Effusion,0.8963094353675842,present,Pneumonia,0.04192927107214928,absent,Pneumothorax,0.04289881885051727,absent,Fracture,0.0007693765801377594,absent,Lung Lesion,0.9406810402870178,present,Lung Opacity,0.3373059332370758,uncertain,Enlarged Cardiomediastinum,0.017979318276047707,absent,Pleural_Thickening,,unavailable,,,not_computed,,"[""Consolidation"", ""Pneumonia"", ""Lung Opacity""]","{""Atelectasis"": 0.20703160762786865, ""Cardiomegaly"": 0.04453393444418907, ""Consolidation"": 0.5085315704345703, ""Edema"": 0.1982126533985138, ""Effusion"": 0.14291806519031525, ""Emphysema"": 0.501706063747406, ""Enlarged Cardiomediastinum"": 0.3373059332370758, ""Fibrosis"": 0.03562987968325615, ""Fracture"": 0.04289881885051727, ""Hernia"": 0.0003667416167445481, ""Infiltration"": 0.5346721410751343, ""Lung Lesion"": 0.0007693765801377594, ""Lung Opacity"": 0.9406810402870178, ""Mass"": 0.39466148614883423, ""Nodule"": 0.5022540092468262, ""Pleural_Thickening"": 0.017979318276047707, ""Pneumonia"": 0.8963094353675842, ""Pneumothorax"": 0.04192927107214928}",retrieval_agent
patient00323/study2,patient00323/study2/view1_frontal.dcm,/home/jovyan/Desktop/MEDAGENT-X/data/raw/chexpert_plus/dicom_train/patient00323/study2/view1_frontal.dcm,torchxrayvision.DenseNet,densenet121-res224-all,cuda,0.5,0.2,"[""Atelectasis"", ""Consolidation"", ""Infiltration"", ""Pneumothorax"", ""Edema"", ""Emphysema"", ""Fibrosis"", ""Effusion"", ""Pneumonia"", ""Pleural_Thickening"", ""Cardiomegaly"", ""Nodule"", ""Mass"", ""Hernia"", ""Lung Lesion"", ""Fracture"", ""Lung Opacity"", ""Enlarged Cardiomediastinum""]",0.2933793365955353,uncertain,Atelectasis,0.052584826946258545,absent,Cardiomegaly,0.5784577131271362,present,Consolidation,0.24983438849449158,uncertain,Edema,0.17297910153865814,absent,Effusion,0.45469146966934204,uncertain,Pneumonia,0.1867673248052597,absent,Pneumothorax,0.31582579016685486,uncertain,Fracture,0.076962411403656,absent,Lung Lesion,0.8446024060249329,present,Lung Opacity,0.502051591873169,present,Enlarged Cardiomediastinum,0.32265162467956543,uncertain,Pleural_Thickening,,unavailable,,,not_computed,,"[""Consolidation"", ""Lung Opacity"", ""Enlarged Cardiomediastinum""]","{""Atelectasis"": 0.2933793365955353, ""Cardiomegaly"": 0.052584826946258545, ""Consolidation"": 0.5784577131271362, ""Edema"": 0.24983438849449158, ""Effusion"": 0.17297910153865814, ""Emphysema"": 0.5002095699310303, ""Enlarged Cardiomediastinum"": 0.502051591873169, ""Fibrosis"": 0.5314929485321045, ""Fracture"": 0.31582579016685486, ""Hernia"": 0.0020484342239797115, ""Infiltration"": 0.5798698663711548, ""Lung Lesion"": 0.076962411403656, ""Lung Opacity"": 0.8446024060249329, ""Mass"": 0.6002910137176514, ""Nodule"": 0.5704680681228638, ""Pleural_Thickening"": 0.32265162467956543, ""Pneumonia"": 0.45469146966934204, ""Pneumothorax"": 0.1867673248052597}",retrieval_agent
patient00323/study2,patient00323/study2/view2_lateral.dcm,/home/jovyan/Desktop/MEDAGENT-X/data/raw/chexpert_plus/dicom_train/patient00323/study2/view2_lateral.dcm,torchxrayvision.DenseNet,densenet121-res224-all,cuda,0.5,0.2,"[""Atelectasis"", ""Consolidation"", ""Infiltration"", ""Pneumothorax"", ""Edema"", ""Emphysema"", ""Fibrosis"", ""Effusion"", ""Pneumonia"", ""Pleural_Thickening"", ""Cardiomegaly"", ""Nodule"", ""Mass"", ""Hernia"", ""Lung Lesion"", ""Fracture"", ""Lung Opacity"", ""Enlarged Cardiomediastinum""]",0.5185478329658508,present,Atelectasis,0.11446082592010498,absent,Cardiomegaly,0.523284912109375,present,Consolidation,0.33307552337646484,uncertain,Edema,0.5685299634933472,present,Effusion,0.6337312459945679,present,Pneumonia,0.5001339912414551,present,Pneumothorax,0.3107384443283081,uncertain,Fracture,0.004338681697845459,absent,Lung Lesion,0.8770633935928345,present,Lung Opacity,0.4713340103626251,uncertain,Enlarged Cardiomediastinum,0.37894079089164734,uncertain,Pleural_Thickening,,unavailable,,,not_computed,,"[""Atelectasis"", ""Consolidation"", ""Pleural Effusion"", ""Pneumonia"", ""Pneumothorax"", ""Lung Opacity""]","{""Atelectasis"": 0.5185478329658508, ""Cardiomegaly"": 0.11446082592010498, ""Consolidation"": 0.523284912109375, ""Edema"": 0.33307552337646484, ""Effusion"": 0.5685299634933472, ""Emphysema"": 0.5058902502059937, ""Enlarged Cardiomediastinum"": 0.4713340103626251, ""Fibrosis"": 0.5062382221221924, ""Fracture"": 0.3107384443283081, ""Hernia"": 0.00840193871408701, ""Infiltration"": 0.5506659746170044, ""Lung Lesion"": 0.004338681697845459, ""Lung Opacity"": 0.8770633935928345, ""Mass"": 0.5319246053695679, ""Nodule"": 0.5101377964019775, ""Pleural_Thickening"": 0.37894079089164734, ""Pneumonia"": 0.6337312459945679, ""Pneumothorax"": 0.5001339912414551}",retrieval_agent
patient00327/study2,patient00327/study2/view1_frontal.dcm,/home/jovyan/Desktop/MEDAGENT-X/data/raw/chexpert_plus/dicom_train/patient00327/study2/view1_frontal.dcm,torchxrayvision.DenseNet,densenet121-res224-all,cuda,0.5,0.2,"[""Atelectasis"", ""Consolidation"", ""Infiltration"", ""Pneumothorax"", ""Edema"", ""Emphysema"", ""Fibrosis"", ""Effusion"", ""Pneumonia"", ""Pleural_Thickening"", ""Cardiomegaly"", ""Nodule"", ""Mass"", ""Hernia"", ""Lung Lesion"", ""Fracture"", ""Lung Opacity"", ""Enlarged Cardiomediastinum""]",0.17855511605739594,absent,Atelectasis,0.3407107889652252,uncertain,Cardiomegaly,0.20360814034938812,uncertain,Consolidation,0.11072396486997604,absent,Edema,0.08155202120542526,absent,Effusion,0.020257534459233284,absent,Pneumonia,0.3344985544681549,uncertain,Pneumothorax,0.5068157911300659,present,Fracture,0.14375963807106018,absent,Lung Lesion,0.37106242775917053,uncertain,Lung Opacity,0.49152466654777527,uncertain,Enlarged Cardiomediastinum,0.5025469064712524,present,Pleural_Thickening,,unavailable,,,not_computed,,"[""Fracture"", ""Pleural Other""]","{""Atelectasis"": 0.17855511605739594, ""Cardiomegaly"": 0.3407107889652252, ""Consolidation"": 0.20360814034938812, ""Edema"": 0.11072396486997604, ""Effusion"": 0.08155202120542526, ""Emphysema"": 0.5021486878395081, ""Enlarged Cardiomediastinum"": 0.49152466654777527, ""Fibrosis"": 0.5122873783111572, ""Fracture"": 0.5068157911300659, ""Hernia"": 0.01756254956126213, ""Infiltration"": 0.5254511833190918, ""Lung Lesion"": 0.14375963807106018, ""Lung Opacity"": 0.37106242775917053, ""Mass"": 0.6011161804199219, ""Nodule"": 0.5599391460418701, ""Pleural_Thickening"": 0.5025469064712524, ""Pneumonia"": 0.020257534459233284, ""Pneumothorax"": 0.3344985544681549}",retrieval_agent
patient00327/study1,patient00327/study1/view1_frontal.dcm,/home/jovyan/Desktop/MEDAGENT-X/data/raw/chexpert_plus/dicom_train/patient00327/study1/view1_frontal.dcm,torchxrayvision.DenseNet,densenet121-res224-all,cuda,0.5,0.2,"[""Atelectasis"", ""Consolidation"", ""Infiltration"", ""Pneumothorax"", ""Edema"", ""Emphysema"", ""Fibrosis"", ""Effusion"", ""Pneumonia"", ""Pleural_Thickening"", ""Cardiomegaly"", ""Nodule"", ""Mass"", ""Hernia"", ""Lung Lesion"", ""Fracture"", ""Lung Opacity"", ""Enlarged Cardiomediastinum""]",0.5055230855941772,present,Atelectasis,0.3132226765155792,uncertain,Cardiomegaly,0.32328367233276367,uncertain,Consolidation,0.11633111536502838,absent,Edema,0.1312297284603119,absent,Effusion,0.014250137843191624,absent,Pneumonia,0.008217240683734417,absent,Pneumothorax,0.23073288798332214,uncertain,Fracture,0.010720079764723778,absent,Lung Lesion,0.34449055790901184,uncertain,Lung Opacity,0.09742460399866104,absent,Enlarged Cardiomediastinum,0.045497942715883255,absent,Pleural_Thickening,,unavailable,,,not_computed,,"[""Atelectasis""]","{""Atelectasis"": 0.5055230855941772, ""Cardiomegaly"": 0.3132226765155792, ""Consolidation"": 0.32328367233276367, ""Edema"": 0.11633111536502838, ""Effusion"": 0.1312297284603119, ""Emphysema"": 0.494425505399704, ""Enlarged Cardiomediastinum"": 0.09742460399866104, ""Fibrosis"": 0.25477415323257446, ""Fracture"": 0.23073288798332214, ""Hernia"": 0.013864650391042233, ""Infiltration"": 0.24056698381900787, ""Lung Lesion"": 0.010720079764723778, ""Lung Opacity"": 0.34449055790901184, ""Mass"": 0.2836726903915405, ""Nodule"": 0.30469730496406555, ""Pleural_Thickening"": 0.045497942715883255, ""Pneumonia"": 0.014250137843191624, ""Pneumothorax"": 0.008217240683734417}",retrieval_agent
patient00327/study1,patient00327/study1/view2_lateral.dcm,/home/jovyan/Desktop/MEDAGENT-X/data/raw/chexpert_plus/dicom_train/patient00327/study1/view2_lateral.dcm,torchxrayvision.DenseNet,densenet121-res224-all,cuda,0.5,0.2,"[""Atelectasis"", ""Consolidation"", ""Infiltration"", ""Pneumothorax"", ""Edema"", ""Emphysema"", ""Fibrosis"", ""Effusion"", ""Pneumonia"", ""Pleural_Thickening"", ""Cardiomegaly"", ""Nodule"", ""Mass"", ""Hernia"", ""Lung Lesion"", ""Fracture"", ""Lung Opacity"", ""Enlarged Cardiomediastinum""]",0.46636733412742615,uncertain,Atelectasis,0.32230105996131897,uncertain,Cardiomegaly,0.5021360516548157,present,Consolidation,0.16603563725948334,absent,Edema,0.2188544124364853,uncertain,Effusion,0.5022844076156616,present,Pneumonia,0.20482109487056732,uncertain,Pneumothorax,0.5040410161018372,present,Fracture,0.015395342372357845,absent,Lung Lesion,0.578322172164917,present,Lung Opacity,0.4370703101158142,uncertain,Enlarged Cardiomediastinum,0.07626481354236603,absent,Pleural_Thickening,,unavailable,,,not_computed,,"[""Consolidation"", ""Pneumonia"", ""Fracture"", ""Lung Opacity""]","{""Atelectasis"": 0.46636733412742615, ""Cardiomegaly"": 0.32230105996131897, ""Consolidation"": 0.5021360516548157, ""Edema"": 0.16603563725948334, ""Effusion"": 0.2188544124364853, ""Emphysema"": 0.501008152961731, ""Enlarged Cardiomediastinum"": 0.4370703101158142, ""Fibrosis"": 0.10121911764144897, ""Fracture"": 0.5040410161018372, ""Hernia"": 0.25624409317970276, ""Infiltration"": 0.4646773338317871, ""Lung Lesion"": 0.015395342372357845, ""Lung Opacity"": 0.578322172164917, ""Mass"": 0.5171722173690796, ""Nodule"": 0.5007632374763489, ""Pleural_Thickening"": 0.07626481354236603, ""Pneumonia"": 0.5022844076156616, ""Pneumothorax"": 0.20482109487056732}",retrieval_agent
patient00327/study1,patient00327/study1/view3_lateral.dcm,/home/jovyan/Desktop/MEDAGENT-X/data/raw/chexpert_plus/dicom_train/patient00327/study1/view3_lateral.dcm,torchxrayvision.DenseNet,densenet121-res224-all,cuda,0.5,0.2,"[""Atelectasis"", ""Consolidation"", ""Infiltration"", ""Pneumothorax"", ""Edema"", ""Emphysema"", ""Fibrosis"", ""Effusion"", ""Pneumonia"", ""Pleural_Thickening"", ""Cardiomegaly"", ""Nodule"", ""Mass"", ""Hernia"", ""Lung Lesion"", ""Fracture"", ""Lung Opacity"", ""Enlarged Cardiomediastinum""]",0.5299290418624878,present,Atelectasis,0.4757777154445648,uncertain,Cardiomegaly,0.5173174738883972,present,Consolidation,0.1966063380241394,absent,Edema,0.5513367652893066,present,Effusion,0.33633196353912354,uncertain,Pneumonia,0.38310137391090393,uncertain,Pneumothorax,0.4012641906738281,uncertain,Fracture,0.009928528219461441,absent,Lung Lesion,0.746354877948761,present,Lung Opacity,0.5067136287689209,present,Enlarged Cardiomediastinum,0.3995559811592102,uncertain,Pleural_Thickening,,unavailable,,,not_computed,,"[""Atelectasis"", ""Consolidation"", ""Pleural Effusion"", ""Lung Opacity"", ""Enlarged Cardiomediastinum""]","{""Atelectasis"": 0.5299290418624878, ""Cardiomegaly"": 0.4757777154445648, ""Consolidation"": 0.5173174738883972, ""Edema"": 0.1966063380241394, ""Effusion"": 0.5513367652893066, ""Emphysema"": 0.5023329854011536, ""Enlarged Cardiomediastinum"": 0.5067136287689209, ""Fibrosis"": 0.5093569159507751, ""Fracture"": 0.4012641906738281, ""Hernia"": 0.05670638382434845, ""Infiltration"": 0.5129000544548035, ""Lung Lesion"": 0.009928528219461441, ""Lung Opacity"": 0.746354877948761, ""Mass"": 0.5458338260650635, ""Nodule"": 0.5036321878433228, ""Pleural_Thickening"": 0.3995559811592102, ""Pneumonia"": 0.33633196353912354, ""Pneumothorax"": 0.38310137391090393}",retrieval_agent
patient00329/study1,patient00329/study1/view1_frontal.dcm,/home/jovyan/Desktop/MEDAGENT-X/data/raw/chexpert_plus/dicom_train/patient00329/study1/view1_frontal.dcm,torchxrayvision.DenseNet,densenet121-res224-all,cuda,0.5,0.2,"[""Atelectasis"", ""Consolidation"", ""Infiltration"", ""Pneumothorax"", ""Edema"", ""Emphysema"", ""Fibrosis"", ""Effusion"", ""Pneumonia"", ""Pleural_Thickening"", ""Cardiomegaly"", ""Nodule"", ""Mass"", ""Hernia"", ""Lung Lesion"", ""Fracture"", ""Lung Opacity"", ""Enlarged Cardiomediastinum""]",0.5305494070053101,present,Atelectasis,0.6982256770133972,present,Cardiomegaly,0.5270340442657471,present,Consolidation,0.2623390853404999,uncertain,Edema,0.42381972074508667,uncertain,Effusion,0.38732343912124634,uncertain,Pneumonia,0.08237811177968979,absent,Pneumothorax,0.4952165186405182,uncertain,Fracture,0.015976298600435257,absent,Lung Lesion,0.6139699220657349,present,Lung Opacity,0.5180721282958984,present,Enlarged Cardiomediastinum,0.2801385819911957,uncertain,Pleural_Thickening,,unavailable,,,not_computed,,"[""Atelectasis"", ""Cardiomegaly"", ""Consolidation"", ""Lung Opacity"", ""Enlarged Cardiomediastinum""]","{""Atelectasis"": 0.5305494070053101, ""Cardiomegaly"": 0.6982256770133972, ""Consolidation"": 0.5270340442657471, ""Edema"": 0.2623390853404999, ""Effusion"": 0.42381972074508667, ""Emphysema"": 0.5109154582023621, ""Enlarged Cardiomediastinum"": 0.5180721282958984, ""Fibrosis"": 0.5083134174346924, ""Fracture"": 0.4952165186405182, ""Hernia"": 0.011705356650054455, ""Infiltration"": 0.31105729937553406, ""Lung Lesion"": 0.015976298600435257, ""Lung Opacity"": 0.6139699220657349, ""Mass"": 0.5216192007064819, ""Nodule"": 0.5232293605804443, ""Pleural_Thickening"": 0.2801385819911957, ""Pneumonia"": 0.38732343912124634, ""Pneumothorax"": 0.08237811177968979}",retrieval_agent
patient00329/study1,patient00329/study1/view2_lateral.dcm,/home/jovyan/Desktop/MEDAGENT-X/data/raw/chexpert_plus/dicom_train/patient00329/study1/view2_lateral.dcm,torchxrayvision.DenseNet,densenet121-res224-all,cuda,0.5,0.2,"[""Atelectasis"", ""Consolidation"", ""Infiltration"", ""Pneumothorax"", ""Edema"", ""Emphysema"", ""Fibrosis"", ""Effusion"", ""Pneumonia"", ""Pleural_Thickening"", ""Cardiomegaly"", ""Nodule"", ""Mass"", ""Hernia"", ""Lung Lesion"", ""Fracture"", ""Lung Opacity"", ""Enlarged Cardiomediastinum""]",0.5981624126434326,present,Atelectasis,0.5436227917671204,present,Cardiomegaly,0.616459846496582,present,Consolidation,0.516918420791626,present,Edema,0.7851791381835938,present,Effusion,0.5339581370353699,present,Pneumonia,0.5051268339157104,present,Pneumothorax,0.5036555528640747,present,Fracture,0.5374104976654053,present,Lung Lesion,0.745505690574646,present,Lung Opacity,0.6590673327445984,present,Enlarged Cardiomediastinum,0.5054088830947876,present,Pleural_Thickening,,unavailable,,,not_computed,,"[""Atelectasis"", ""Cardiomegaly"", ""Consolidation"", ""Edema"", ""Pleural Effusion"", ""Pneumonia"", ""Pneumothorax"", ""Fracture"", ""Lung Lesion"", ""Lung Opacity"", ""Enlarged Cardiomediastinum"", ""Pleural Other""]","{""Atelectasis"": 0.5981624126434326, ""Cardiomegaly"": 0.5436227917671204, ""Consolidation"": 0.616459846496582, ""Edema"": 0.516918420791626, ""Effusion"": 0.7851791381835938, ""Emphysema"": 0.5092285871505737, ""Enlarged Cardiomediastinum"": 0.6590673327445984, ""Fibrosis"": 0.5009360313415527, ""Fracture"": 0.5036555528640747, ""Hernia"": 0.0068981945514678955, ""Infiltration"": 0.35850656032562256, ""Lung Lesion"": 0.5374104976654053, ""Lung Opacity"": 0.745505690574646, ""Mass"": 0.6092975735664368, ""Nodule"": 0.5161616802215576, ""Pleural_Thickening"": 0.5054088830947876, ""Pneumonia"": 0.5339581370353699, ""Pneumothorax"": 0.5051268339157104}",retrieval_agent
patient00329/study3,patient00329/study3/view1_frontal.dcm,/home/jovyan/Desktop/MEDAGENT-X/data/raw/chexpert_plus/dicom_train/patient00329/study3/view1_frontal.dcm,torchxrayvision.DenseNet,densenet121-res224-all,cuda,0.5,0.2,"[""Atelectasis"", ""Consolidation"", ""Infiltration"", ""Pneumothorax"", ""Edema"", ""Emphysema"", ""Fibrosis"", ""Effusion"", ""Pneumonia"", ""Pleural_Thickening"", ""Cardiomegaly"", ""Nodule"", ""Mass"", ""Hernia"", ""Lung Lesion"", ""Fracture"", ""Lung Opacity"", ""Enlarged Cardiomediastinum""]",0.5671021938323975,present,Atelectasis,0.5506834983825684,present,Cardiomegaly,0.7580418586730957,present,Consolidation,0.6604287028312683,present,Edema,0.8246505856513977,present,Effusion,0.8041330575942993,present,Pneumonia,0.30495649576187134,uncertain,Pneumothorax,0.18281495571136475,absent,Fracture,0.13920257985591888,absent,Lung Lesion,0.9807586073875427,present,Lung Opacity,0.593625009059906,present,Enlarged Cardiomediastinum,0.459494411945343,uncertain,Pleural_Thickening,,unavailable,,,not_computed,,"[""Atelectasis"", ""Cardiomegaly"", ""Consolidation"", ""Edema"", ""Pleural Effusion"", ""Pneumonia"", ""Lung Opacity"", ""Enlarged Cardiomediastinum""]","{""Atelectasis"": 0.5671021938323975, ""Cardiomegaly"": 0.5506834983825684, ""Consolidation"": 0.7580418586730957, ""Edema"": 0.6604287028312683, ""Effusion"": 0.8246505856513977, ""Emphysema"": 0.5001296997070312, ""Enlarged Cardiomediastinum"": 0.593625009059906, ""Fibrosis"": 0.515156626701355, ""Fracture"": 0.18281495571136475, ""Hernia"": 0.0013527109986171126, ""Infiltration"": 0.7692462801933289, ""Lung Lesion"": 0.13920257985591888, ""Lung Opacity"": 0.9807586073875427, ""Mass"": 0.5422552227973938, ""Nodule"": 0.5369239449501038, ""Pleural_Thickening"": 0.459494411945343, ""Pneumonia"": 0.8041330575942993, ""Pneumothorax"": 0.30495649576187134}",retrieval_agent
patient00329/study2,patient00329/study2/view1_frontal.dcm,/home/jovyan/Desktop/MEDAGENT-X/data/raw/chexpert_plus/dicom_train/patient00329/study2/view1_frontal.dcm,torchxrayvision.DenseNet,densenet121-res224-all,cuda,0.5,0.2,"[""Atelectasis"", ""Consolidation"", ""Infiltration"", ""Pneumothorax"", ""Edema"", ""Emphysema"", ""Fibrosis"", ""Effusion"", ""Pneumonia"", ""Pleural_Thickening"", ""Cardiomegaly"", ""Nodule"", ""Mass"", ""Hernia"", ""Lung Lesion"", ""Fracture"", ""Lung Opacity"", ""Enlarged Cardiomediastinum""]",0.7701625227928162,present,Atelectasis,0.7033922076225281,present,Cardiomegaly,0.7572277188301086,present,Consolidation,0.7496833205223083,present,Edema,0.9465643167495728,present,Effusion,0.590469241142273,present,Pneumonia,0.5110456943511963,present,Pneumothorax,0.5095621347427368,present,Fracture,0.5115063190460205,present,Lung Lesion,0.8983306288719177,present,Lung Opacity,0.6481440663337708,present,Enlarged Cardiomediastinum,0.502271831035614,present,Pleural_Thickening,,unavailable,,,not_computed,,"[""Atelectasis"", ""Cardiomegaly"", ""Consolidation"", ""Edema"", ""Pleural Effusion"", ""Pneumonia"", ""Pneumothorax"", ""Fracture"", ""Lung Lesion"", ""Lung Opacity"", ""Enlarged Cardiomediastinum"", ""Pleural Other""]","{""Atelectasis"": 0.7701625227928162, ""Cardiomegaly"": 0.7033922076225281, ""Consolidation"": 0.7572277188301086, ""Edema"": 0.7496833205223083, ""Effusion"": 0.9465643167495728, ""Emphysema"": 0.38467273116111755, ""Enlarged Cardiomediastinum"": 0.6481440663337708, ""Fibrosis"": 0.506070613861084, ""Fracture"": 0.5095621347427368, ""Hernia"": 0.015215476043522358, ""Infiltration"": 0.6724779605865479, ""Lung Lesion"": 0.5115063190460205, ""Lung Opacity"": 0.8983306288719177, ""Mass"": 0.5391297340393066, ""Nodule"": 0.5078068971633911, ""Pleural_Thickening"": 0.502271831035614, ""Pneumonia"": 0.590469241142273, ""Pneumothorax"": 0.5110456943511963}",retrieval_agent
patient00335/study3,patient00335/study3/view1_frontal.dcm,/home/jovyan/Desktop/MEDAGENT-X/data/raw/chexpert_plus/dicom_train/patient00335/study3/view1_frontal.dcm,torchxrayvision.DenseNet,densenet121-res224-all,cuda,0.5,0.2,"[""Atelectasis"", ""Consolidation"", ""Infiltration"", ""Pneumothorax"", ""Edema"", ""Emphysema"", ""Fibrosis"", ""Effusion"", ""Pneumonia"", ""Pleural_Thickening"", ""Cardiomegaly"", ""Nodule"", ""Mass"", ""Hernia"", ""Lung Lesion"", ""Fracture"", ""Lung Opacity"", ""Enlarged Cardiomediastinum""]",0.7568037509918213,present,Atelectasis,0.7120730876922607,present,Cardiomegaly,0.6917407512664795,present,Consolidation,0.5898857116699219,present,Edema,0.8834486603736877,present,Effusion,0.5140394568443298,present,Pneumonia,0.507535457611084,present,Pneumothorax,0.5322145819664001,present,Fracture,0.22104859352111816,uncertain,Lung Lesion,0.8367105722427368,present,Lung Opacity,0.6513588428497314,present,Enlarged Cardiomediastinum,0.5032950639724731,present,Pleural_Thickening,,unavailable,,,not_computed,,"[""Atelectasis"", ""Cardiomegaly"", ""Consolidation"", ""Edema"", ""Pleural Effusion"", ""Pneumonia"", ""Pneumothorax"", ""Fracture"", ""Lung Opacity"", ""Enlarged Cardiomediastinum"", ""Pleural Other""]","{""Atelectasis"": 0.7568037509918213, ""Cardiomegaly"": 0.7120730876922607, ""Consolidation"": 0.6917407512664795, ""Edema"": 0.5898857116699219, ""Effusion"": 0.8834486603736877, ""Emphysema"": 0.45420482754707336, ""Enlarged Cardiomediastinum"": 0.6513588428497314, ""Fibrosis"": 0.510392427444458, ""Fracture"": 0.5322145819664001, ""Hernia"": 0.11212949454784393, ""Infiltration"": 0.5620546936988831, ""Lung Lesion"": 0.22104859352111816, ""Lung Opacity"": 0.8367105722427368, ""Mass"": 0.5684695243835449, ""Nodule"": 0.5085299015045166, ""Pleural_Thickening"": 0.5032950639724731, ""Pneumonia"": 0.5140394568443298, ""Pneumothorax"": 0.507535457611084}",retrieval_agent
patient00335/study8,patient00335/study8/view1_frontal.dcm,/home/jovyan/Desktop/MEDAGENT-X/data/raw/chexpert_plus/dicom_train/patient00335/study8/view1_frontal.dcm,torchxrayvision.DenseNet,densenet121-res224-all,cuda,0.5,0.2,"[""Atelectasis"", ""Consolidation"", ""Infiltration"", ""Pneumothorax"", ""Edema"", ""Emphysema"", ""Fibrosis"", ""Effusion"", ""Pneumonia"", ""Pleural_Thickening"", ""Cardiomegaly"", ""Nodule"", ""Mass"", ""Hernia"", ""Lung Lesion"", ""Fracture"", ""Lung Opacity"", ""Enlarged Cardiomediastinum""]",0.5585142970085144,present,Atelectasis,0.6058261394500732,present,Cardiomegaly,0.5427815914154053,present,Consolidation,0.5894919037818909,present,Edema,0.5793061256408691,present,Effusion,0.5137825012207031,present,Pneumonia,0.5065174698829651,present,Pneumothorax,0.510601282119751,present,Fracture,0.20046812295913696,uncertain,Lung Lesion,0.7303874492645264,present,Lung Opacity,0.5906099081039429,present,Enlarged Cardiomediastinum,0.514682412147522,present,Pleural_Thickening,,unavailable,,,not_computed,,"[""Atelectasis"", ""Cardiomegaly"", ""Consolidation"", ""Edema"", ""Pleural Effusion"", ""Pneumonia"", ""Pneumothorax"", ""Fracture"", ""Lung Opacity"", ""Enlarged Cardiomediastinum"", ""Pleural Other""]","{""Atelectasis"": 0.5585142970085144, ""Cardiomegaly"": 0.6058261394500732, ""Consolidation"": 0.5427815914154053, ""Edema"": 0.5894919037818909, ""Effusion"": 0.5793061256408691, ""Emphysema"": 0.5029537677764893, ""Enlarged Cardiomediastinum"": 0.5906099081039429, ""Fibrosis"": 0.5378080606460571, ""Fracture"": 0.510601282119751, ""Hernia"": 0.0056228009052574635, ""Infiltration"": 0.5749505758285522, ""Lung Lesion"": 0.20046812295913696, ""Lung Opacity"": 0.7303874492645264, ""Mass"": 0.535901665687561, ""Nodule"": 0.5172995328903198, ""Pleural_Thickening"": 0.514682412147522, ""Pneumonia"": 0.5137825012207031, ""Pneumothorax"": 0.5065174698829651}",retrieval_agent
patient00335/study6,patient00335/study6/view1_frontal.dcm,/home/jovyan/Desktop/MEDAGENT-X/data/raw/chexpert_plus/dicom_train/patient00335/study6/view1_frontal.dcm,torchxrayvision.DenseNet,densenet121-res224-all,cuda,0.5,0.2,"[""Atelectasis"", ""Consolidation"", ""Infiltration"", ""Pneumothorax"", ""Edema"", ""Emphysema"", ""Fibrosis"", ""Effusion"", ""Pneumonia"", ""Pleural_Thickening"", ""Cardiomegaly"", ""Nodule"", ""Mass"", ""Hernia"", ""Lung Lesion"", ""Fracture"", ""Lung Opacity"", ""Enlarged Cardiomediastinum""]",0.6633503437042236,present,Atelectasis,0.7479500770568848,present,Cardiomegaly,0.5953670740127563,present,Consolidation,0.6209150552749634,present,Edema,0.7437050342559814,present,Effusion,0.5364431142807007,present,Pneumonia,0.500908374786377,present,Pneumothorax,0.5134859085083008,present,Fracture,0.4821242690086365,uncertain,Lung Lesion,0.7533779740333557,present,Lung Opacity,0.6170083284378052,present,Enlarged Cardiomediastinum,0.5108409523963928,present,Pleural_Thickening,,unavailable,,,not_computed,,"[""Atelectasis"", ""Cardiomegaly"", ""Consolidation"", ""Edema"", ""Pleural Effusion"", ""Pneumonia"", ""Pneumothorax"", ""Fracture"", ""Lung Opacity"", ""Enlarged Cardiomediastinum"", ""Pleural Other""]","{""Atelectasis"": 0.6633503437042236, ""Cardiomegaly"": 0.7479500770568848, ""Consolidation"": 0.5953670740127563, ""Edema"": 0.6209150552749634, ""Effusion"": 0.7437050342559814, ""Emphysema"": 0.500673770904541, ""Enlarged Cardiomediastinum"": 0.6170083284378052, ""Fibrosis"": 0.5164868831634521, ""Fracture"": 0.5134859085083008, ""Hernia"": 0.031787484884262085, ""Infiltration"": 0.5644751787185669, ""Lung Lesion"": 0.4821242690086365, ""Lung Opacity"": 0.7533779740333557, ""Mass"": 0.5370429754257202, ""Nodule"": 0.5094916820526123, ""Pleural_Thickening"": 0.5108409523963928, ""Pneumonia"": 0.5364431142807007, ""Pneumothorax"": 0.500908374786377}",retrieval_agent
patient00335/study5,patient00335/study5/view1_frontal.dcm,/home/jovyan/Desktop/MEDAGENT-X/data/raw/chexpert_plus/dicom_train/patient00335/study5/view1_frontal.dcm,torchxrayvision.DenseNet,densenet121-res224-all,cuda,0.5,0.2,"[""Atelectasis"", ""Consolidation"", ""Infiltration"", ""Pneumothorax"", ""Edema"", ""Emphysema"", ""Fibrosis"", ""Effusion"", ""Pneumonia"", ""Pleural_Thickening"", ""Cardiomegaly"", ""Nodule"", ""Mass"", ""Hernia"", ""Lung Lesion"", ""Fracture"", ""Lung Opacity"", ""Enlarged Cardiomediastinum""]",0.667692244052887,present,Atelectasis,0.6114457249641418,present,Cardiomegaly,0.7274158000946045,present,Consolidation,0.7302988767623901,present,Edema,0.7849343419075012,present,Effusion,0.6081209182739258,present,Pneumonia,0.5088821649551392,present,Pneumothorax,0.5140401124954224,present,Fracture,0.40368837118148804,uncertain,Lung Lesion,0.9263842701911926,present,Lung Opacity,0.6444820165634155,present,Enlarged Cardiomediastinum,0.5087092518806458,present,Pleural_Thickening,,unavailable,,,not_computed,,"[""Atelectasis"", ""Cardiomegaly"", ""Consolidation"", ""Edema"", ""Pleural Effusion"", ""Pneumonia"", ""Pneumothorax"", ""Fracture"", ""Lung Opacity"", ""Enlarged Cardiomediastinum"", ""Pleural Other""]","{""Atelectasis"": 0.667692244052887, ""Cardiomegaly"": 0.6114457249641418, ""Consolidation"": 0.7274158000946045, ""Edema"": 0.7302988767623901, ""Effusion"": 0.7849343419075012, ""Emphysema"": 0.5035430192947388, ""Enlarged Cardiomediastinum"": 0.6444820165634155, ""Fibrosis"": 0.5383484363555908, ""Fracture"": 0.5140401124954224, ""Hernia"": 0.011797233484685421, ""Infiltration"": 0.6497653126716614, ""Lung Lesion"": 0.40368837118148804, ""Lung Opacity"": 0.9263842701911926, ""Mass"": 0.6006371974945068, ""Nodule"": 0.5351850986480713, ""Pleural_Thickening"": 0.5087092518806458, ""Pneumonia"": 0.6081209182739258, ""Pneumothorax"": 0.5088821649551392}",retrieval_agent
patient00335/study1,patient00335/study1/view1_frontal.dcm,/home/jovyan/Desktop/MEDAGENT-X/data/raw/chexpert_plus/dicom_train/patient00335/study1/view1_frontal.dcm,torchxrayvision.DenseNet,densenet121-res224-all,cuda,0.5,0.2,"[""Atelectasis"", ""Consolidation"", ""Infiltration"", ""Pneumothorax"", ""Edema"", ""Emphysema"", ""Fibrosis"", ""Effusion"", ""Pneumonia"", ""Pleural_Thickening"", ""Cardiomegaly"", ""Nodule"", ""Mass"", ""Hernia"", ""Lung Lesion"", ""Fracture"", ""Lung Opacity"", ""Enlarged Cardiomediastinum""]",0.6953566074371338,present,Atelectasis,0.6228499412536621,present,Cardiomegaly,0.5557310581207275,present,Consolidation,0.6028681397438049,present,Edema,0.7331546545028687,present,Effusion,0.5035833120346069,present,Pneumonia,0.5096943974494934,present,Pneumothorax,0.5518643856048584,present,Fracture,0.3324536085128784,uncertain,Lung Lesion,0.7362109422683716,present,Lung Opacity,0.5479426383972168,present,Enlarged Cardiomediastinum,0.5033957958221436,present,Pleural_Thickening,,unavailable,,,not_computed,,"[""Atelectasis"", ""Cardiomegaly"", ""Consolidation"", ""Edema"", ""Pleural Effusion"", ""Pneumonia"", ""Pneumothorax"", ""Fracture"", ""Lung Opacity"", ""Enlarged Cardiomediastinum"", ""Pleural Other""]","{""Atelectasis"": 0.6953566074371338, ""Cardiomegaly"": 0.6228499412536621, ""Consolidation"": 0.5557310581207275, ""Edema"": 0.6028681397438049, ""Effusion"": 0.7331546545028687, ""Emphysema"": 0.5005741119384766, ""Enlarged Cardiomediastinum"": 0.5479426383972168, ""Fibrosis"": 0.5167965888977051, ""Fracture"": 0.5518643856048584, ""Hernia"": 0.513198971748352, ""Infiltration"": 0.5713858604431152, ""Lung Lesion"": 0.3324536085128784, ""Lung Opacity"": 0.7362109422683716, ""Mass"": 0.5962624549865723, ""Nodule"": 0.536048173904419, ""Pleural_Thickening"": 0.5033957958221436, ""Pneumonia"": 0.5035833120346069, ""Pneumothorax"": 0.5096943974494934}",retrieval_agent
patient00335/study2,patient00335/study2/view1_frontal.dcm,/home/jovyan/Desktop/MEDAGENT-X/data/raw/chexpert_plus/dicom_train/patient00335/study2/view1_frontal.dcm,torchxrayvision.DenseNet,densenet121-res224-all,cuda,0.5,0.2,"[""Atelectasis"", ""Consolidation"", ""Infiltration"", ""Pneumothorax"", ""Edema"", ""Emphysema"", ""Fibrosis"", ""Effusion"", ""Pneumonia"", ""Pleural_Thickening"", ""Cardiomegaly"", ""Nodule"", ""Mass"", ""Hernia"", ""Lung Lesion"", ""Fracture"", ""Lung Opacity"", ""Enlarged Cardiomediastinum""]",0.6422509551048279,present,Atelectasis,0.5980408787727356,present,Cardiomegaly,0.5894880294799805,present,Consolidation,0.5221152305603027,present,Edema,0.7112804651260376,present,Effusion,0.5010911822319031,present,Pneumonia,0.5061045289039612,present,Pneumothorax,0.5162913799285889,present,Fracture,0.04101131111383438,absent,Lung Lesion,0.7836112976074219,present,Lung Opacity,0.5895798206329346,present,Enlarged Cardiomediastinum,0.502314567565918,present,Pleural_Thickening,,unavailable,,,not_computed,,"[""Atelectasis"", ""Cardiomegaly"", ""Consolidation"", ""Edema"", ""Pleural Effusion"", ""Pneumonia"", ""Pneumothorax"", ""Fracture"", ""Lung Opacity"", ""Enlarged Cardiomediastinum"", ""Pleural Other""]","{""Atelectasis"": 0.6422509551048279, ""Cardiomegaly"": 0.5980408787727356, ""Consolidation"": 0.5894880294799805, ""Edema"": 0.5221152305603027, ""Effusion"": 0.7112804651260376, ""Emphysema"": 0.500560998916626, ""Enlarged Cardiomediastinum"": 0.5895798206329346, ""Fibrosis"": 0.5084947347640991, ""Fracture"": 0.5162913799285889, ""Hernia"": 0.14715678989887238, ""Infiltration"": 0.5476471781730652, ""Lung Lesion"": 0.04101131111383438, ""Lung Opacity"": 0.7836112976074219, ""Mass"": 0.5553702116012573, ""Nodule"": 0.5073439478874207, ""Pleural_Thickening"": 0.502314567565918, ""Pneumonia"": 0.5010911822319031, ""Pneumothorax"": 0.5061045289039612}",retrieval_agent
patient00335/study4,patient00335/study4/view1_frontal.dcm,/home/jovyan/Desktop/MEDAGENT-X/data/raw/chexpert_plus/dicom_train/patient00335/study4/view1_frontal.dcm,torchxrayvision.DenseNet,densenet121-res224-all,cuda,0.5,0.2,"[""Atelectasis"", ""Consolidation"", ""Infiltration"", ""Pneumothorax"", ""Edema"", ""Emphysema"", ""Fibrosis"", ""Effusion"", ""Pneumonia"", ""Pleural_Thickening"", ""Cardiomegaly"", ""Nodule"", ""Mass"", ""Hernia"", ""Lung Lesion"", ""Fracture"", ""Lung Opacity"", ""Enlarged Cardiomediastinum""]",0.6340385675430298,present,Atelectasis,0.6239069104194641,present,Cardiomegaly,0.584970235824585,present,Consolidation,0.5297396183013916,present,Edema,0.6800573468208313,present,Effusion,0.21668456494808197,uncertain,Pneumonia,0.502137303352356,present,Pneumothorax,0.5165720582008362,present,Fracture,0.1660892516374588,absent,Lung Lesion,0.7494617700576782,present,Lung Opacity,0.5746926665306091,present,Enlarged Cardiomediastinum,0.5098204016685486,present,Pleural_Thickening,,unavailable,,,not_computed,,"[""Atelectasis"", ""Cardiomegaly"", ""Consolidation"", ""Edema"", ""Pleural Effusion"", ""Pneumothorax"", ""Fracture"", ""Lung Opacity"", ""Enlarged Cardiomediastinum"", ""Pleural Other""]","{""Atelectasis"": 0.6340385675430298, ""Cardiomegaly"": 0.6239069104194641, ""Consolidation"": 0.584970235824585, ""Edema"": 0.5297396183013916, ""Effusion"": 0.6800573468208313, ""Emphysema"": 0.5014726519584656, ""Enlarged Cardiomediastinum"": 0.5746926665306091, ""Fibrosis"": 0.5238467454910278, ""Fracture"": 0.5165720582008362, ""Hernia"": 0.1046111136674881, ""Infiltration"": 0.5290115475654602, ""Lung Lesion"": 0.1660892516374588, ""Lung Opacity"": 0.7494617700576782, ""Mass"": 0.5827360153198242, ""Nodule"": 0.5143423676490784, ""Pleural_Thickening"": 0.5098204016685486, ""Pneumonia"": 0.21668456494808197, ""Pneumothorax"": 0.502137303352356}",retrieval_agent
patient00336/study1,patient00336/study1/view1_frontal.dcm,/home/jovyan/Desktop/MEDAGENT-X/data/raw/chexpert_plus/dicom_train/patient00336/study1/view1_frontal.dcm,torchxrayvision.DenseNet,densenet121-res224-all,cuda,0.5,0.2,"[""Atelectasis"", ""Consolidation"", ""Infiltration"", ""Pneumothorax"", ""Edema"", ""Emphysema"", ""Fibrosis"", ""Effusion"", ""Pneumonia"", ""Pleural_Thickening"", ""Cardiomegaly"", ""Nodule"", ""Mass"", ""Hernia"", ""Lung Lesion"", ""Fracture"", ""Lung Opacity"", ""Enlarged Cardiomediastinum""]",0.23258453607559204,uncertain,Atelectasis,0.5017641186714172,present,Cardiomegaly,0.16890592873096466,absent,Consolidation,0.017374278977513313,absent,Edema,0.027040159329771996,absent,Effusion,0.018049638718366623,absent,Pneumonia,0.009682358242571354,absent,Pneumothorax,0.32293885946273804,uncertain,Fracture,0.0016364601906388998,absent,Lung Lesion,0.14084234833717346,absent,Lung Opacity,0.13429322838783264,absent,Enlarged Cardiomediastinum,0.049856945872306824,absent,Pleural_Thickening,,unavailable,,,not_computed,,"[""Cardiomegaly""]","{""Atelectasis"": 0.23258453607559204, ""Cardiomegaly"": 0.5017641186714172, ""Consolidation"": 0.16890592873096466, ""Edema"": 0.017374278977513313, ""Effusion"": 0.027040159329771996, ""Emphysema"": 0.5007157921791077, ""Enlarged Cardiomediastinum"": 0.13429322838783264, ""Fibrosis"": 0.12088773399591446, ""Fracture"": 0.32293885946273804, ""Hernia"": 0.004098121542483568, ""Infiltration"": 0.05367956683039665, ""Lung Lesion"": 0.0016364601906388998, ""Lung Opacity"": 0.14084234833717346, ""Mass"": 0.3017781972885132, ""Nodule"": 0.30783382058143616, ""Pleural_Thickening"": 0.049856945872306824, ""Pneumonia"": 0.018049638718366623, ""Pneumothorax"": 0.009682358242571354}",retrieval_agent
patient00336/study1,patient00336/study1/view2_lateral.dcm,/home/jovyan/Desktop/MEDAGENT-X/data/raw/chexpert_plus/dicom_train/patient00336/study1/view2_lateral.dcm,torchxrayvision.DenseNet,densenet121-res224-all,cuda,0.5,0.2,"[""Atelectasis"", ""Consolidation"", ""Infiltration"", ""Pneumothorax"", ""Edema"", ""Emphysema"", ""Fibrosis"", ""Effusion"", ""Pneumonia"", ""Pleural_Thickening"", ""Cardiomegaly"", ""Nodule"", ""Mass"", ""Hernia"", ""Lung Lesion"", ""Fracture"", ""Lung Opacity"", ""Enlarged Cardiomediastinum""]",0.5084444284439087,present,Atelectasis,0.3206280767917633,uncertain,Cardiomegaly,0.5015431642532349,present,Consolidation,0.17118510603904724,absent,Edema,0.5041389465332031,present,Effusion,0.5820579528808594,present,Pneumonia,0.1733117401599884,absent,Pneumothorax,0.2607673108577728,uncertain,Fracture,0.0031162851955741644,absent,Lung Lesion,0.6912090182304382,present,Lung Opacity,0.4120059013366699,uncertain,Enlarged Cardiomediastinum,0.1132512241601944,absent,Pleural_Thickening,,unavailable,,,not_computed,,"[""Atelectasis"", ""Consolidation"", ""Pleural Effusion"", ""Pneumonia"", ""Lung Opacity""]","{""Atelectasis"": 0.5084444284439087, ""Cardiomegaly"": 0.3206280767917633, ""Consolidation"": 0.5015431642532349, ""Edema"": 0.17118510603904724, ""Effusion"": 0.5041389465332031, ""Emphysema"": 0.5038480162620544, ""Enlarged Cardiomediastinum"": 0.4120059013366699, ""Fibrosis"": 0.23191969096660614, ""Fracture"": 0.2607673108577728, ""Hernia"": 0.012463849037885666, ""Infiltration"": 0.3171129822731018, ""Lung Lesion"": 0.0031162851955741644, ""Lung Opacity"": 0.6912090182304382, ""Mass"": 0.5196239948272705, ""Nodule"": 0.5051361918449402, ""Pleural_Thickening"": 0.1132512241601944, ""Pneumonia"": 0.5820579528808594, ""Pneumothorax"": 0.1733117401599884}",retrieval_agent
patient00336/study2,patient00336/study2/view1_frontal.dcm,/home/jovyan/Desktop/MEDAGENT-X/data/raw/chexpert_plus/dicom_train/patient00336/study2/view1_frontal.dcm,torchxrayvision.DenseNet,densenet121-res224-all,cuda,0.5,0.2,"[""Atelectasis"", ""Consolidation"", ""Infiltration"", ""Pneumothorax"", ""Edema"", ""Emphysema"", ""Fibrosis"", ""Effusion"", ""Pneumonia"", ""Pleural_Thickening"", ""Cardiomegaly"", ""Nodule"", ""Mass"", ""Hernia"", ""Lung Lesion"", ""Fracture"", ""Lung Opacity"", ""Enlarged Cardiomediastinum""]",0.5059248208999634,present,Atelectasis,0.1509731411933899,absent,Cardiomegaly,0.5021231770515442,present,Consolidation,0.030743882060050964,absent,Edema,0.20117786526679993,uncertain,Effusion,0.274463951587677,uncertain,Pneumonia,0.5051273107528687,present,Pneumothorax,0.40859201550483704,uncertain,Fracture,0.03837234154343605,absent,Lung Lesion,0.520196795463562,present,Lung Opacity,0.21609137952327728,uncertain,Enlarged Cardiomediastinum,0.5534623265266418,present,Pleural_Thickening,,unavailable,,,not_computed,,"[""Atelectasis"", ""Consolidation"", ""Pneumothorax"", ""Lung Opacity"", ""Pleural Other""]","{""Atelectasis"": 0.5059248208999634, ""Cardiomegaly"": 0.1509731411933899, ""Consolidation"": 0.5021231770515442, ""Edema"": 0.030743882060050964, ""Effusion"": 0.20117786526679993, ""Emphysema"": 0.5053457617759705, ""Enlarged Cardiomediastinum"": 0.21609137952327728, ""Fibrosis"": 0.5831804275512695, ""Fracture"": 0.40859201550483704, ""Hernia"": 0.036520540714263916, ""Infiltration"": 0.5662018656730652, ""Lung Lesion"": 0.03837234154343605, ""Lung Opacity"": 0.520196795463562, ""Mass"": 0.5362362861633301, ""Nodule"": 0.5539487600326538, ""Pleural_Thickening"": 0.5534623265266418, ""Pneumonia"": 0.274463951587677, ""Pneumothorax"": 0.5051273107528687}",retrieval_agent
patient00336/study2,patient00336/study2/view2_lateral.dcm,/home/jovyan/Desktop/MEDAGENT-X/data/raw/chexpert_plus/dicom_train/patient00336/study2/view2_lateral.dcm,torchxrayvision.DenseNet,densenet121-res224-all,cuda,0.5,0.2,"[""Atelectasis"", ""Consolidation"", ""Infiltration"", ""Pneumothorax"", ""Edema"", ""Emphysema"", ""Fibrosis"", ""Effusion"", ""Pneumonia"", ""Pleural_Thickening"", ""Cardiomegaly"", ""Nodule"", ""Mass"", ""Hernia"", ""Lung Lesion"", ""Fracture"", ""Lung Opacity"", ""Enlarged Cardiomediastinum""]",0.4812218248844147,uncertain,Atelectasis,0.1695433259010315,absent,Cardiomegaly,0.4991956949234009,uncertain,Consolidation,0.15856917202472687,absent,Edema,0.48314937949180603,uncertain,Effusion,0.6438791751861572,present,Pneumonia,0.1501619666814804,absent,Pneumothorax,0.16812343895435333,absent,Fracture,0.002548577031120658,absent,Lung Lesion,0.7053017020225525,present,Lung Opacity,0.5015192627906799,present,Enlarged Cardiomediastinum,0.09091994911432266,absent,Pleural_Thickening,,unavailable,,,not_computed,,"[""Pneumonia"", ""Lung Opacity"", ""Enlarged Cardiomediastinum""]","{""Atelectasis"": 0.4812218248844147, ""Cardiomegaly"": 0.1695433259010315, ""Consolidation"": 0.4991956949234009, ""Edema"": 0.15856917202472687, ""Effusion"": 0.48314937949180603, ""Emphysema"": 0.5043262243270874, ""Enlarged Cardiomediastinum"": 0.5015192627906799, ""Fibrosis"": 0.10234558582305908, ""Fracture"": 0.16812343895435333, ""Hernia"": 0.004494333639740944, ""Infiltration"": 0.27600160241127014, ""Lung Lesion"": 0.002548577031120658, ""Lung Opacity"": 0.7053017020225525, ""Mass"": 0.5077712535858154, ""Nodule"": 0.5018514394760132, ""Pleural_Thickening"": 0.09091994911432266, ""Pneumonia"": 0.6438791751861572, ""Pneumothorax"": 0.1501619666814804}",retrieval_agent
patient00336/study3,patient00336/study3/view1_frontal.dcm,/home/jovyan/Desktop/MEDAGENT-X/data/raw/chexpert_plus/dicom_train/patient00336/study3/view1_frontal.dcm,torchxrayvision.DenseNet,densenet121-res224-all,cuda,0.5,0.2,"[""Atelectasis"", ""Consolidation"", ""Infiltration"", ""Pneumothorax"", ""Edema"", ""Emphysema"", ""Fibrosis"", ""Effusion"", ""Pneumonia"", ""Pleural_Thickening"", ""Cardiomegaly"", ""Nodule"", ""Mass"", ""Hernia"", ""Lung Lesion"", ""Fracture"", ""Lung Opacity"", ""Enlarged Cardiomediastinum""]",0.5830329656600952,present,Atelectasis,0.5518675446510315,present,Cardiomegaly,0.5036220550537109,present,Consolidation,0.30157867074012756,uncertain,Edema,0.415473610162735,uncertain,Effusion,0.5083140134811401,present,Pneumonia,0.5231980085372925,present,Pneumothorax,0.5017751455307007,present,Fracture,0.5021176338195801,present,Lung Lesion,0.5387240648269653,present,Lung Opacity,0.401582270860672,uncertain,Enlarged Cardiomediastinum,0.5117497444152832,present,Pleural_Thickening,,unavailable,,,not_computed,,"[""Atelectasis"", ""Cardiomegaly"", ""Consolidation"", ""Pneumonia"", ""Pneumothorax"", ""Fracture"", ""Lung Lesion"", ""Lung Opacity"", ""Pleural Other""]","{""Atelectasis"": 0.5830329656600952, ""Cardiomegaly"": 0.5518675446510315, ""Consolidation"": 0.5036220550537109, ""Edema"": 0.30157867074012756, ""Effusion"": 0.415473610162735, ""Emphysema"": 0.5088757872581482, ""Enlarged Cardiomediastinum"": 0.401582270860672, ""Fibrosis"": 0.5323935747146606, ""Fracture"": 0.5017751455307007, ""Hernia"": 0.022265998646616936, ""Infiltration"": 0.537155270576477, ""Lung Lesion"": 0.5021176338195801, ""Lung Opacity"": 0.5387240648269653, ""Mass"": 0.5244770646095276, ""Nodule"": 0.5299183130264282, ""Pleural_Thickening"": 0.5117497444152832, ""Pneumonia"": 0.5083140134811401, ""Pneumothorax"": 0.5231980085372925}",retrieval_agent
patient00336/study3,patient00336/study3/view2_lateral.dcm,/home/jovyan/Desktop/MEDAGENT-X/data/raw/chexpert_plus/dicom_train/patient00336/study3/view2_lateral.dcm,torchxrayvision.DenseNet,densenet121-res224-all,cuda,0.5,0.2,"[""Atelectasis"", ""Consolidation"", ""Infiltration"", ""Pneumothorax"", ""Edema"", ""Emphysema"", ""Fibrosis"", ""Effusion"", ""Pneumonia"", ""Pleural_Thickening"", ""Cardiomegaly"", ""Nodule"", ""Mass"", ""Hernia"", ""Lung Lesion"", ""Fracture"", ""Lung Opacity"", ""Enlarged Cardiomediastinum""]",0.48251885175704956,uncertain,Atelectasis,0.12339384108781815,absent,Cardiomegaly,0.5008858442306519,present,Consolidation,0.09671325981616974,absent,Edema,0.3650805354118347,uncertain,Effusion,0.634049117565155,present,Pneumonia,0.15515196323394775,absent,Pneumothorax,0.15306635200977325,absent,Fracture,0.001439034822396934,absent,Lung Lesion,0.7140498757362366,present,Lung Opacity,0.5008950233459473,present,Enlarged Cardiomediastinum,0.07177422195672989,absent,Pleural_Thickening,,unavailable,,,not_computed,,"[""Consolidation"", ""Pneumonia"", ""Lung Opacity"", ""Enlarged Cardiomediastinum""]","{""Atelectasis"": 0.48251885175704956, ""Cardiomegaly"": 0.12339384108781815, ""Consolidation"": 0.5008858442306519, ""Edema"": 0.09671325981616974, ""Effusion"": 0.3650805354118347, ""Emphysema"": 0.5040104985237122, ""Enlarged Cardiomediastinum"": 0.5008950233459473, ""Fibrosis"": 0.07139322906732559, ""Fracture"": 0.15306635200977325, ""Hernia"": 0.007766923867166042, ""Infiltration"": 0.24562709033489227, ""Lung Lesion"": 0.001439034822396934, ""Lung Opacity"": 0.7140498757362366, ""Mass"": 0.5141621828079224, ""Nodule"": 0.4931041896343231, ""Pleural_Thickening"": 0.07177422195672989, ""Pneumonia"": 0.634049117565155, ""Pneumothorax"": 0.15515196323394775}",retrieval_agent
patient00342/study1,patient00342/study1/view1_frontal.dcm,/home/jovyan/Desktop/MEDAGENT-X/data/raw/chexpert_plus/dicom_train/patient00342/study1/view1_frontal.dcm,torchxrayvision.DenseNet,densenet121-res224-all,cuda,0.5,0.2,"[""Atelectasis"", ""Consolidation"", ""Infiltration"", ""Pneumothorax"", ""Edema"", ""Emphysema"", ""Fibrosis"", ""Effusion"", ""Pneumonia"", ""Pleural_Thickening"", ""Cardiomegaly"", ""Nodule"", ""Mass"", ""Hernia"", ""Lung Lesion"", ""Fracture"", ""Lung Opacity"", ""Enlarged Cardiomediastinum""]",0.5618136525154114,present,Atelectasis,0.20889721810817719,uncertain,Cardiomegaly,0.5022866129875183,present,Consolidation,0.23775090277194977,uncertain,Edema,0.365012526512146,uncertain,Effusion,0.12320941686630249,absent,Pneumonia,0.5039483308792114,present,Pneumothorax,0.5062934160232544,present,Fracture,0.02622142620384693,absent,Lung Lesion,0.45783185958862305,uncertain,Lung Opacity,0.1922537088394165,absent,Enlarged Cardiomediastinum,0.5134826302528381,present,Pleural_Thickening,,unavailable,,,not_computed,,"[""Atelectasis"", ""Consolidation"", ""Pneumothorax"", ""Fracture"", ""Pleural Other""]","{""Atelectasis"": 0.5618136525154114, ""Cardiomegaly"": 0.20889721810817719, ""Consolidation"": 0.5022866129875183, ""Edema"": 0.23775090277194977, ""Effusion"": 0.365012526512146, ""Emphysema"": 0.36886388063430786, ""Enlarged Cardiomediastinum"": 0.1922537088394165, ""Fibrosis"": 0.5133286714553833, ""Fracture"": 0.5062934160232544, ""Hernia"": 0.5266851186752319, ""Infiltration"": 0.5449762344360352, ""Lung Lesion"": 0.02622142620384693, ""Lung Opacity"": 0.45783185958862305, ""Mass"": 0.5232104659080505, ""Nodule"": 0.504503071308136, ""Pleural_Thickening"": 0.5134826302528381, ""Pneumonia"": 0.12320941686630249, ""Pneumothorax"": 0.5039483308792114}",retrieval_agent
patient00343/study1,patient00343/study1/view1_frontal.dcm,/home/jovyan/Desktop/MEDAGENT-X/data/raw/chexpert_plus/dicom_train/patient00343/study1/view1_frontal.dcm,torchxrayvision.DenseNet,densenet121-res224-all,cuda,0.5,0.2,"[""Atelectasis"", ""Consolidation"", ""Infiltration"", ""Pneumothorax"", ""Edema"", ""Emphysema"", ""Fibrosis"", ""Effusion"", ""Pneumonia"", ""Pleural_Thickening"", ""Cardiomegaly"", ""Nodule"", ""Mass"", ""Hernia"", ""Lung Lesion"", ""Fracture"", ""Lung Opacity"", ""Enlarged Cardiomediastinum""]",0.06284725666046143,absent,Atelectasis,0.03925343602895737,absent,Cardiomegaly,0.05933253839612007,absent,Consolidation,0.008146066218614578,absent,Edema,0.02761702798306942,absent,Effusion,0.008554196916520596,absent,Pneumonia,0.16975265741348267,absent,Pneumothorax,0.365121990442276,uncertain,Fracture,0.005114565137773752,absent,Lung Lesion,0.03839254006743431,absent,Lung Opacity,0.044863004237413406,absent,Enlarged Cardiomediastinum,0.07378113269805908,absent,Pleural_Thickening,,unavailable,,,not_computed,,[],"{""Atelectasis"": 0.06284725666046143, ""Cardiomegaly"": 0.03925343602895737, ""Consolidation"": 0.05933253839612007, ""Edema"": 0.008146066218614578, ""Effusion"": 0.02761702798306942, ""Emphysema"": 0.25310245156288147, ""Enlarged Cardiomediastinum"": 0.044863004237413406, ""Fibrosis"": 0.14226797223091125, ""Fracture"": 0.365121990442276, ""Hernia"": 0.028554074466228485, ""Infiltration"": 0.5074295401573181, ""Lung Lesion"": 0.005114565137773752, ""Lung Opacity"": 0.03839254006743431, ""Mass"": 0.5047194957733154, ""Nodule"": 0.5012919306755066, ""Pleural_Thickening"": 0.07378113269805908, ""Pneumonia"": 0.008554196916520596, ""Pneumothorax"": 0.16975265741348267}",retrieval_agent
patient00344/study1,patient00344/study1/view1_frontal.dcm,/home/jovyan/Desktop/MEDAGENT-X/data/raw/chexpert_plus/dicom_train/patient00344/study1/view1_frontal.dcm,torchxrayvision.DenseNet,densenet121-res224-all,cuda,0.5,0.2,"[""Atelectasis"", ""Consolidation"", ""Infiltration"", ""Pneumothorax"", ""Edema"", ""Emphysema"", ""Fibrosis"", ""Effusion"", ""Pneumonia"", ""Pleural_Thickening"", ""Cardiomegaly"", ""Nodule"", ""Mass"", ""Hernia"", ""Lung Lesion"", ""Fracture"", ""Lung Opacity"", ""Enlarged Cardiomediastinum""]",0.15635061264038086,absent,Atelectasis,0.06638507544994354,absent,Cardiomegaly,0.1101953387260437,absent,Consolidation,0.003995818551629782,absent,Edema,0.023951394483447075,absent,Effusion,0.004060646519064903,absent,Pneumonia,0.004383317660540342,absent,Pneumothorax,0.17419540882110596,absent,Fracture,0.0004336810961831361,absent,Lung Lesion,0.1331223100423813,absent,Lung Opacity,0.02499113790690899,absent,Enlarged Cardiomediastinum,0.021033620461821556,absent,Pleural_Thickening,,unavailable,,,not_computed,,[],"{""Atelectasis"": 0.15635061264038086, ""Cardiomegaly"": 0.06638507544994354, ""Consolidation"": 0.1101953387260437, ""Edema"": 0.003995818551629782, ""Effusion"": 0.023951394483447075, ""Emphysema"": 0.28253987431526184, ""Enlarged Cardiomediastinum"": 0.02499113790690899, ""Fibrosis"": 0.09396745264530182, ""Fracture"": 0.17419540882110596, ""Hernia"": 0.008069533854722977, ""Infiltration"": 0.06660205125808716, ""Lung Lesion"": 0.0004336810961831361, ""Lung Opacity"": 0.1331223100423813, ""Mass"": 0.23194356262683868, ""Nodule"": 0.4116784930229187, ""Pleural_Thickening"": 0.021033620461821556, ""Pneumonia"": 0.004060646519064903, ""Pneumothorax"": 0.004383317660540342}",retrieval_agent
patient00350/study2,patient00350/study2/view1_frontal.dcm,/home/jovyan/Desktop/MEDAGENT-X/data/raw/chexpert_plus/dicom_train/patient00350/study2/view1_frontal.dcm,torchxrayvision.DenseNet,densenet121-res224-all,cuda,0.5,0.2,"[""Atelectasis"", ""Consolidation"", ""Infiltration"", ""Pneumothorax"", ""Edema"", ""Emphysema"", ""Fibrosis"", ""Effusion"", ""Pneumonia"", ""Pleural_Thickening"", ""Cardiomegaly"", ""Nodule"", ""Mass"", ""Hernia"", ""Lung Lesion"", ""Fracture"", ""Lung Opacity"", ""Enlarged Cardiomediastinum""]",0.6639374494552612,present,Atelectasis,0.5770172476768494,present,Cardiomegaly,0.5826818943023682,present,Consolidation,0.5449482202529907,present,Edema,0.747844934463501,present,Effusion,0.3124524652957916,uncertain,Pneumonia,0.4870948791503906,uncertain,Pneumothorax,0.5192044973373413,present,Fracture,0.14737260341644287,absent,Lung Lesion,0.7134056687355042,present,Lung Opacity,0.6102445125579834,present,Enlarged Cardiomediastinum,0.5006014108657837,present,Pleural_Thickening,,unavailable,,,not_computed,,"[""Atelectasis"", ""Cardiomegaly"", ""Consolidation"", ""Edema"", ""Pleural Effusion"", ""Fracture"", ""Lung Opacity"", ""Enlarged Cardiomediastinum"", ""Pleural Other""]","{""Atelectasis"": 0.6639374494552612, ""Cardiomegaly"": 0.5770172476768494, ""Consolidation"": 0.5826818943023682, ""Edema"": 0.5449482202529907, ""Effusion"": 0.747844934463501, ""Emphysema"": 0.5000896453857422, ""Enlarged Cardiomediastinum"": 0.6102445125579834, ""Fibrosis"": 0.509323000907898, ""Fracture"": 0.5192044973373413, ""Hernia"": 0.1433655023574829, ""Infiltration"": 0.559601366519928, ""Lung Lesion"": 0.14737260341644287, ""Lung Opacity"": 0.7134056687355042, ""Mass"": 0.5385434031486511, ""Nodule"": 0.4843677282333374, ""Pleural_Thickening"": 0.5006014108657837, ""Pneumonia"": 0.3124524652957916, ""Pneumothorax"": 0.4870948791503906}",retrieval_agent
patient00350/study1,patient00350/study1/view1_frontal.dcm,/home/jovyan/Desktop/MEDAGENT-X/data/raw/chexpert_plus/dicom_train/patient00350/study1/view1_frontal.dcm,torchxrayvision.DenseNet,densenet121-res224-all,cuda,0.5,0.2,"[""Atelectasis"", ""Consolidation"", ""Infiltration"", ""Pneumothorax"", ""Edema"", ""Emphysema"", ""Fibrosis"", ""Effusion"", ""Pneumonia"", ""Pleural_Thickening"", ""Cardiomegaly"", ""Nodule"", ""Mass"", ""Hernia"", ""Lung Lesion"", ""Fracture"", ""Lung Opacity"", ""Enlarged Cardiomediastinum""]",0.5478388071060181,present,Atelectasis,0.5460606813430786,present,Cardiomegaly,0.5275804996490479,present,Consolidation,0.5010501146316528,present,Edema,0.5193077921867371,present,Effusion,0.5012332201004028,present,Pneumonia,0.028253139927983284,absent,Pneumothorax,0.34673038125038147,uncertain,Fracture,0.044010356068611145,absent,Lung Lesion,0.5144329071044922,present,Lung Opacity,0.37675943970680237,uncertain,Enlarged Cardiomediastinum,0.16680334508419037,absent,Pleural_Thickening,,unavailable,,,not_computed,,"[""Atelectasis"", ""Cardiomegaly"", ""Consolidation"", ""Edema"", ""Pleural Effusion"", ""Pneumonia"", ""Lung Opacity""]","{""Atelectasis"": 0.5478388071060181, ""Cardiomegaly"": 0.5460606813430786, ""Consolidation"": 0.5275804996490479, ""Edema"": 0.5010501146316528, ""Effusion"": 0.5193077921867371, ""Emphysema"": 0.21544528007507324, ""Enlarged Cardiomediastinum"": 0.37675943970680237, ""Fibrosis"": 0.07439196854829788, ""Fracture"": 0.34673038125038147, ""Hernia"": 0.03150179237127304, ""Infiltration"": 0.23003143072128296, ""Lung Lesion"": 0.044010356068611145, ""Lung Opacity"": 0.5144329071044922, ""Mass"": 0.5072404146194458, ""Nodule"": 0.3278700113296509, ""Pleural_Thickening"": 0.16680334508419037, ""Pneumonia"": 0.5012332201004028, ""Pneumothorax"": 0.028253139927983284}",retrieval_agent
patient00350/study1,patient00350/study1/view2_lateral.dcm,/home/jovyan/Desktop/MEDAGENT-X/data/raw/chexpert_plus/dicom_train/patient00350/study1/view2_lateral.dcm,torchxrayvision.DenseNet,densenet121-res224-all,cuda,0.5,0.2,"[""Atelectasis"", ""Consolidation"", ""Infiltration"", ""Pneumothorax"", ""Edema"", ""Emphysema"", ""Fibrosis"", ""Effusion"", ""Pneumonia"", ""Pleural_Thickening"", ""Cardiomegaly"", ""Nodule"", ""Mass"", ""Hernia"", ""Lung Lesion"", ""Fracture"", ""Lung Opacity"", ""Enlarged Cardiomediastinum""]",0.6779004335403442,present,Atelectasis,0.6298799514770508,present,Cardiomegaly,0.6661219000816345,present,Consolidation,0.559598982334137,present,Edema,0.8665114641189575,present,Effusion,0.6033085584640503,present,Pneumonia,0.5082879066467285,present,Pneumothorax,0.5218483209609985,present,Fracture,0.5645362138748169,present,Lung Lesion,0.8246539831161499,present,Lung Opacity,0.6483856439590454,present,Enlarged Cardiomediastinum,0.45307108759880066,uncertain,Pleural_Thickening,,unavailable,,,not_computed,,"[""Atelectasis"", ""Cardiomegaly"", ""Consolidation"", ""Edema"", ""Pleural Effusion"", ""Pneumonia"", ""Pneumothorax"", ""Fracture"", ""Lung Lesion"", ""Lung Opacity"", ""Enlarged Cardiomediastinum""]","{""Atelectasis"": 0.6779004335403442, ""Cardiomegaly"": 0.6298799514770508, ""Consolidation"": 0.6661219000816345, ""Edema"": 0.559598982334137, ""Effusion"": 0.8665114641189575, ""Emphysema"": 0.5078375339508057, ""Enlarged Cardiomediastinum"": 0.6483856439590454, ""Fibrosis"": 0.5033037662506104, ""Fracture"": 0.5218483209609985, ""Hernia"": 0.024887287989258766, ""Infiltration"": 0.5016324520111084, ""Lung Lesion"": 0.5645362138748169, ""Lung Opacity"": 0.8246539831161499, ""Mass"": 0.5710892677307129, ""Nodule"": 0.514788031578064, ""Pleural_Thickening"": 0.45307108759880066, ""Pneumonia"": 0.6033085584640503, ""Pneumothorax"": 0.5082879066467285}",retrieval_agent
patient00352/study1,patient00352/study1/view1_frontal.dcm,/home/jovyan/Desktop/MEDAGENT-X/data/raw/chexpert_plus/dicom_train/patient00352/study1/view1_frontal.dcm,torchxrayvision.DenseNet,densenet121-res224-all,cuda,0.5,0.2,"[""Atelectasis"", ""Consolidation"", ""Infiltration"", ""Pneumothorax"", ""Edema"", ""Emphysema"", ""Fibrosis"", ""Effusion"", ""Pneumonia"", ""Pleural_Thickening"", ""Cardiomegaly"", ""Nodule"", ""Mass"", ""Hernia"", ""Lung Lesion"", ""Fracture"", ""Lung Opacity"", ""Enlarged Cardiomediastinum""]",0.018106557428836823,absent,Atelectasis,0.02446453832089901,absent,Cardiomegaly,0.23732365667819977,uncertain,Consolidation,0.0037871263921260834,absent,Edema,0.011026661843061447,absent,Effusion,0.026056667789816856,absent,Pneumonia,0.017799412831664085,absent,Pneumothorax,0.027705123648047447,absent,Fracture,0.0002193833061028272,absent,Lung Lesion,0.3587349057197571,uncertain,Lung Opacity,0.054545387625694275,absent,Enlarged Cardiomediastinum,0.014424813911318779,absent,Pleural_Thickening,,unavailable,,,not_computed,,[],"{""Atelectasis"": 0.018106557428836823, ""Cardiomegaly"": 0.02446453832089901, ""Consolidation"": 0.23732365667819977, ""Edema"": 0.0037871263921260834, ""Effusion"": 0.011026661843061447, ""Emphysema"": 0.056569550186395645, ""Enlarged Cardiomediastinum"": 0.054545387625694275, ""Fibrosis"": 0.09465830028057098, ""Fracture"": 0.027705123648047447, ""Hernia"": 8.486925798933953e-05, ""Infiltration"": 0.12076399475336075, ""Lung Lesion"": 0.0002193833061028272, ""Lung Opacity"": 0.3587349057197571, ""Mass"": 0.05807587504386902, ""Nodule"": 0.2308499962091446, ""Pleural_Thickening"": 0.014424813911318779, ""Pneumonia"": 0.026056667789816856, ""Pneumothorax"": 0.017799412831664085}",retrieval_agent
patient00358/study1,patient00358/study1/view1_frontal.dcm,/home/jovyan/Desktop/MEDAGENT-X/data/raw/chexpert_plus/dicom_train/patient00358/study1/view1_frontal.dcm,torchxrayvision.DenseNet,densenet121-res224-all,cuda,0.5,0.2,"[""Atelectasis"", ""Consolidation"", ""Infiltration"", ""Pneumothorax"", ""Edema"", ""Emphysema"", ""Fibrosis"", ""Effusion"", ""Pneumonia"", ""Pleural_Thickening"", ""Cardiomegaly"", ""Nodule"", ""Mass"", ""Hernia"", ""Lung Lesion"", ""Fracture"", ""Lung Opacity"", ""Enlarged Cardiomediastinum""]",0.5374192595481873,present,Atelectasis,0.2598787546157837,uncertain,Cardiomegaly,0.48675158619880676,uncertain,Consolidation,0.47949448227882385,uncertain,Edema,0.19364392757415771,absent,Effusion,0.16066910326480865,absent,Pneumonia,0.27329859137535095,uncertain,Pneumothorax,0.5084333419799805,present,Fracture,0.03493843972682953,absent,Lung Lesion,0.5935273170471191,present,Lung Opacity,0.5218987464904785,present,Enlarged Cardiomediastinum,0.23708394169807434,uncertain,Pleural_Thickening,,unavailable,,,not_computed,,"[""Atelectasis"", ""Fracture"", ""Lung Opacity"", ""Enlarged Cardiomediastinum""]","{""Atelectasis"": 0.5374192595481873, ""Cardiomegaly"": 0.2598787546157837, ""Consolidation"": 0.48675158619880676, ""Edema"": 0.47949448227882385, ""Effusion"": 0.19364392757415771, ""Emphysema"": 0.33000168204307556, ""Enlarged Cardiomediastinum"": 0.5218987464904785, ""Fibrosis"": 0.5057809352874756, ""Fracture"": 0.5084333419799805, ""Hernia"": 0.015508460812270641, ""Infiltration"": 0.5073103904724121, ""Lung Lesion"": 0.03493843972682953, ""Lung Opacity"": 0.5935273170471191, ""Mass"": 0.5222417116165161, ""Nodule"": 0.5119687914848328, ""Pleural_Thickening"": 0.23708394169807434, ""Pneumonia"": 0.16066910326480865, ""Pneumothorax"": 0.27329859137535095}",retrieval_agent
patient00360/study1,patient00360/study1/view1_frontal.dcm,/home/jovyan/Desktop/MEDAGENT-X/data/raw/chexpert_plus/dicom_train/patient00360/study1/view1_frontal.dcm,torchxrayvision.DenseNet,densenet121-res224-all,cuda,0.5,0.2,"[""Atelectasis"", ""Consolidation"", ""Infiltration"", ""Pneumothorax"", ""Edema"", ""Emphysema"", ""Fibrosis"", ""Effusion"", ""Pneumonia"", ""Pleural_Thickening"", ""Cardiomegaly"", ""Nodule"", ""Mass"", ""Hernia"", ""Lung Lesion"", ""Fracture"", ""Lung Opacity"", ""Enlarged Cardiomediastinum""]",0.4576333463191986,uncertain,Atelectasis,0.15938232839107513,absent,Cardiomegaly,0.36298856139183044,uncertain,Consolidation,0.07567921280860901,absent,Edema,0.05992404371500015,absent,Effusion,0.1739443838596344,absent,Pneumonia,0.036246057599782944,absent,Pneumothorax,0.23963817954063416,uncertain,Fracture,0.006588428746908903,absent,Lung Lesion,0.3077264428138733,uncertain,Lung Opacity,0.1091657280921936,absent,Enlarged Cardiomediastinum,0.1465243548154831,absent,Pleural_Thickening,,unavailable,,,not_computed,,[],"{""Atelectasis"": 0.4576333463191986, ""Cardiomegaly"": 0.15938232839107513, ""Consolidation"": 0.36298856139183044, ""Edema"": 0.07567921280860901, ""Effusion"": 0.05992404371500015, ""Emphysema"": 0.500031590461731, ""Enlarged Cardiomediastinum"": 0.1091657280921936, ""Fibrosis"": 0.5076906681060791, ""Fracture"": 0.23963817954063416, ""Hernia"": 0.03352558985352516, ""Infiltration"": 0.4570382833480835, ""Lung Lesion"": 0.006588428746908903, ""Lung Opacity"": 0.3077264428138733, ""Mass"": 0.519390344619751, ""Nodule"": 0.5188825130462646, ""Pleural_Thickening"": 0.1465243548154831, ""Pneumonia"": 0.1739443838596344, ""Pneumothorax"": 0.036246057599782944}",retrieval_agent
patient00361/study1,patient00361/study1/view1_frontal.dcm,/home/jovyan/Desktop/MEDAGENT-X/data/raw/chexpert_plus/dicom_train/patient00361/study1/view1_frontal.dcm,torchxrayvision.DenseNet,densenet121-res224-all,cuda,0.5,0.2,"[""Atelectasis"", ""Consolidation"", ""Infiltration"", ""Pneumothorax"", ""Edema"", ""Emphysema"", ""Fibrosis"", ""Effusion"", ""Pneumonia"", ""Pleural_Thickening"", ""Cardiomegaly"", ""Nodule"", ""Mass"", ""Hernia"", ""Lung Lesion"", ""Fracture"", ""Lung Opacity"", ""Enlarged Cardiomediastinum""]",0.6648159027099609,present,Atelectasis,0.5368719696998596,present,Cardiomegaly,0.564473032951355,present,Consolidation,0.45105594396591187,uncertain,Edema,0.662577748298645,present,Effusion,0.08880695700645447,absent,Pneumonia,0.318472683429718,uncertain,Pneumothorax,0.5169500708580017,present,Fracture,0.03822041302919388,absent,Lung Lesion,0.6557998657226562,present,Lung Opacity,0.5115385055541992,present,Enlarged Cardiomediastinum,0.5194051265716553,present,Pleural_Thickening,,unavailable,,,not_computed,,"[""Atelectasis"", ""Cardiomegaly"", ""Consolidation"", ""Pleural Effusion"", ""Fracture"", ""Lung Opacity"", ""Enlarged Cardiomediastinum"", ""Pleural Other""]","{""Atelectasis"": 0.6648159027099609, ""Cardiomegaly"": 0.5368719696998596, ""Consolidation"": 0.564473032951355, ""Edema"": 0.45105594396591187, ""Effusion"": 0.662577748298645, ""Emphysema"": 0.5008479356765747, ""Enlarged Cardiomediastinum"": 0.5115385055541992, ""Fibrosis"": 0.5289578437805176, ""Fracture"": 0.5169500708580017, ""Hernia"": 0.19206677377223969, ""Infiltration"": 0.5266832113265991, ""Lung Lesion"": 0.03822041302919388, ""Lung Opacity"": 0.6557998657226562, ""Mass"": 0.5339932441711426, ""Nodule"": 0.5098761320114136, ""Pleural_Thickening"": 0.5194051265716553, ""Pneumonia"": 0.08880695700645447, ""Pneumothorax"": 0.318472683429718}",retrieval_agent
patient00368/study1,patient00368/study1/view1_frontal.dcm,/home/jovyan/Desktop/MEDAGENT-X/data/raw/chexpert_plus/dicom_train/patient00368/study1/view1_frontal.dcm,torchxrayvision.DenseNet,densenet121-res224-all,cuda,0.5,0.2,"[""Atelectasis"", ""Consolidation"", ""Infiltration"", ""Pneumothorax"", ""Edema"", ""Emphysema"", ""Fibrosis"", ""Effusion"", ""Pneumonia"", ""Pleural_Thickening"", ""Cardiomegaly"", ""Nodule"", ""Mass"", ""Hernia"", ""Lung Lesion"", ""Fracture"", ""Lung Opacity"", ""Enlarged Cardiomediastinum""]",0.10695282369852066,absent,Atelectasis,0.061487019062042236,absent,Cardiomegaly,0.23415212333202362,uncertain,Consolidation,0.0238046795129776,absent,Edema,0.0715373307466507,absent,Effusion,0.060523439198732376,absent,Pneumonia,0.11850114166736603,absent,Pneumothorax,0.31767529249191284,uncertain,Fracture,0.06381845474243164,absent,Lung Lesion,0.1746467649936676,absent,Lung Opacity,0.32954859733581543,uncertain,Enlarged Cardiomediastinum,0.409646213054657,uncertain,Pleural_Thickening,,unavailable,,,not_computed,,[],"{""Atelectasis"": 0.10695282369852066, ""Cardiomegaly"": 0.061487019062042236, ""Consolidation"": 0.23415212333202362, ""Edema"": 0.0238046795129776, ""Effusion"": 0.0715373307466507, ""Emphysema"": 0.291946679353714, ""Enlarged Cardiomediastinum"": 0.32954859733581543, ""Fibrosis"": 0.5100318193435669, ""Fracture"": 0.31767529249191284, ""Hernia"": 0.0011742194183170795, ""Infiltration"": 0.5196945667266846, ""Lung Lesion"": 0.06381845474243164, ""Lung Opacity"": 0.1746467649936676, ""Mass"": 0.5433787107467651, ""Nodule"": 0.507733166217804, ""Pleural_Thickening"": 0.409646213054657, ""Pneumonia"": 0.060523439198732376, ""Pneumothorax"": 0.11850114166736603}",retrieval_agent
patient00369/study2,patient00369/study2/view1_frontal.dcm,/home/jovyan/Desktop/MEDAGENT-X/data/raw/chexpert_plus/dicom_train/patient00369/study2/view1_frontal.dcm,torchxrayvision.DenseNet,densenet121-res224-all,cuda,0.5,0.2,"[""Atelectasis"", ""Consolidation"", ""Infiltration"", ""Pneumothorax"", ""Edema"", ""Emphysema"", ""Fibrosis"", ""Effusion"", ""Pneumonia"", ""Pleural_Thickening"", ""Cardiomegaly"", ""Nodule"", ""Mass"", ""Hernia"", ""Lung Lesion"", ""Fracture"", ""Lung Opacity"", ""Enlarged Cardiomediastinum""]",0.10729016363620758,absent,Atelectasis,0.050996843725442886,absent,Cardiomegaly,0.1858671009540558,absent,Consolidation,0.004522595088928938,absent,Edema,0.027488430961966515,absent,Effusion,0.03484855592250824,absent,Pneumonia,0.027417195960879326,absent,Pneumothorax,0.1705116182565689,absent,Fracture,0.00013901497004553676,absent,Lung Lesion,0.10805285722017288,absent,Lung Opacity,0.048394814133644104,absent,Enlarged Cardiomediastinum,0.07548004388809204,absent,Pleural_Thickening,,unavailable,,,not_computed,,[],"{""Atelectasis"": 0.10729016363620758, ""Cardiomegaly"": 0.050996843725442886, ""Consolidation"": 0.1858671009540558, ""Edema"": 0.004522595088928938, ""Effusion"": 0.027488430961966515, ""Emphysema"": 0.3073045611381531, ""Enlarged Cardiomediastinum"": 0.048394814133644104, ""Fibrosis"": 0.14374978840351105, ""Fracture"": 0.1705116182565689, ""Hernia"": 0.0032786133233457804, ""Infiltration"": 0.05677167326211929, ""Lung Lesion"": 0.00013901497004553676, ""Lung Opacity"": 0.10805285722017288, ""Mass"": 0.16369225084781647, ""Nodule"": 0.20572924613952637, ""Pleural_Thickening"": 0.07548004388809204, ""Pneumonia"": 0.03484855592250824, ""Pneumothorax"": 0.027417195960879326}",retrieval_agent
patient00377/study1,patient00377/study1/view1_frontal.dcm,/home/jovyan/Desktop/MEDAGENT-X/data/raw/chexpert_plus/dicom_train/patient00377/study1/view1_frontal.dcm,torchxrayvision.DenseNet,densenet121-res224-all,cuda,0.5,0.2,"[""Atelectasis"", ""Consolidation"", ""Infiltration"", ""Pneumothorax"", ""Edema"", ""Emphysema"", ""Fibrosis"", ""Effusion"", ""Pneumonia"", ""Pleural_Thickening"", ""Cardiomegaly"", ""Nodule"", ""Mass"", ""Hernia"", ""Lung Lesion"", ""Fracture"", ""Lung Opacity"", ""Enlarged Cardiomediastinum""]",0.6094276905059814,present,Atelectasis,0.5305017828941345,present,Cardiomegaly,0.5768929123878479,present,Consolidation,0.5048208832740784,present,Edema,0.5809462666511536,present,Effusion,0.5097906589508057,present,Pneumonia,0.48033010959625244,uncertain,Pneumothorax,0.3332456052303314,uncertain,Fracture,0.2553779184818268,uncertain,Lung Lesion,0.5591247081756592,present,Lung Opacity,0.5506778955459595,present,Enlarged Cardiomediastinum,0.2547324299812317,uncertain,Pleural_Thickening,,unavailable,,,not_computed,,"[""Atelectasis"", ""Cardiomegaly"", ""Consolidation"", ""Edema"", ""Pleural Effusion"", ""Pneumonia"", ""Lung Opacity"", ""Enlarged Cardiomediastinum""]","{""Atelectasis"": 0.6094276905059814, ""Cardiomegaly"": 0.5305017828941345, ""Consolidation"": 0.5768929123878479, ""Edema"": 0.5048208832740784, ""Effusion"": 0.5809462666511536, ""Emphysema"": 0.5002069473266602, ""Enlarged Cardiomediastinum"": 0.5506778955459595, ""Fibrosis"": 0.5005842447280884, ""Fracture"": 0.3332456052303314, ""Hernia"": 0.010155311785638332, ""Infiltration"": 0.4934147000312805, ""Lung Lesion"": 0.2553779184818268, ""Lung Opacity"": 0.5591247081756592, ""Mass"": 0.5186343789100647, ""Nodule"": 0.4204244017601013, ""Pleural_Thickening"": 0.2547324299812317, ""Pneumonia"": 0.5097906589508057, ""Pneumothorax"": 0.48033010959625244}",retrieval_agent
patient00381/study1,patient00381/study1/view1_frontal.dcm,/home/jovyan/Desktop/MEDAGENT-X/data/raw/chexpert_plus/dicom_train/patient00381/study1/view1_frontal.dcm,torchxrayvision.DenseNet,densenet121-res224-all,cuda,0.5,0.2,"[""Atelectasis"", ""Consolidation"", ""Infiltration"", ""Pneumothorax"", ""Edema"", ""Emphysema"", ""Fibrosis"", ""Effusion"", ""Pneumonia"", ""Pleural_Thickening"", ""Cardiomegaly"", ""Nodule"", ""Mass"", ""Hernia"", ""Lung Lesion"", ""Fracture"", ""Lung Opacity"", ""Enlarged Cardiomediastinum""]",0.14382658898830414,absent,Atelectasis,0.011545613408088684,absent,Cardiomegaly,0.15444345772266388,absent,Consolidation,0.013352452777326107,absent,Edema,0.03651880845427513,absent,Effusion,0.039678264409303665,absent,Pneumonia,0.02252102829515934,absent,Pneumothorax,0.14949467778205872,absent,Fracture,0.06921488791704178,absent,Lung Lesion,0.053317923098802567,absent,Lung Opacity,0.06061583757400513,absent,Enlarged Cardiomediastinum,0.032435547560453415,absent,Pleural_Thickening,,unavailable,,,not_computed,,[],"{""Atelectasis"": 0.14382658898830414, ""Cardiomegaly"": 0.011545613408088684, ""Consolidation"": 0.15444345772266388, ""Edema"": 0.013352452777326107, ""Effusion"": 0.03651880845427513, ""Emphysema"": 0.021280702203512192, ""Enlarged Cardiomediastinum"": 0.06061583757400513, ""Fibrosis"": 0.09907205402851105, ""Fracture"": 0.14949467778205872, ""Hernia"": 0.0012551555410027504, ""Infiltration"": 0.5482961535453796, ""Lung Lesion"": 0.06921488791704178, ""Lung Opacity"": 0.053317923098802567, ""Mass"": 0.24827580153942108, ""Nodule"": 0.20676402747631073, ""Pleural_Thickening"": 0.032435547560453415, ""Pneumonia"": 0.039678264409303665, ""Pneumothorax"": 0.02252102829515934}",retrieval_agent
patient00381/study1,patient00381/study1/view2_lateral.dcm,/home/jovyan/Desktop/MEDAGENT-X/data/raw/chexpert_plus/dicom_train/patient00381/study1/view2_lateral.dcm,torchxrayvision.DenseNet,densenet121-res224-all,cuda,0.5,0.2,"[""Atelectasis"", ""Consolidation"", ""Infiltration"", ""Pneumothorax"", ""Edema"", ""Emphysema"", ""Fibrosis"", ""Effusion"", ""Pneumonia"", ""Pleural_Thickening"", ""Cardiomegaly"", ""Nodule"", ""Mass"", ""Hernia"", ""Lung Lesion"", ""Fracture"", ""Lung Opacity"", ""Enlarged Cardiomediastinum""]",0.5011672973632812,present,Atelectasis,0.500365138053894,present,Cardiomegaly,0.5244865417480469,present,Consolidation,0.01878037303686142,absent,Edema,0.5128775835037231,present,Effusion,0.00992437731474638,absent,Pneumonia,0.4634699821472168,uncertain,Pneumothorax,0.4138760268688202,uncertain,Fracture,0.005904852878302336,absent,Lung Lesion,0.7152126431465149,present,Lung Opacity,0.4193427264690399,uncertain,Enlarged Cardiomediastinum,0.5060474872589111,present,Pleural_Thickening,,unavailable,,,not_computed,,"[""Atelectasis"", ""Cardiomegaly"", ""Consolidation"", ""Pleural Effusion"", ""Lung Opacity"", ""Pleural Other""]","{""Atelectasis"": 0.5011672973632812, ""Cardiomegaly"": 0.500365138053894, ""Consolidation"": 0.5244865417480469, ""Edema"": 0.01878037303686142, ""Effusion"": 0.5128775835037231, ""Emphysema"": 0.471699059009552, ""Enlarged Cardiomediastinum"": 0.4193427264690399, ""Fibrosis"": 0.5150610208511353, ""Fracture"": 0.4138760268688202, ""Hernia"": 0.05913963541388512, ""Infiltration"": 0.48021596670150757, ""Lung Lesion"": 0.005904852878302336, ""Lung Opacity"": 0.7152126431465149, ""Mass"": 0.5419478416442871, ""Nodule"": 0.5096526741981506, ""Pleural_Thickening"": 0.5060474872589111, ""Pneumonia"": 0.00992437731474638, ""Pneumothorax"": 0.4634699821472168}",retrieval_agent
patient00383/study1,patient00383/study1/view1_frontal.dcm,/home/jovyan/Desktop/MEDAGENT-X/data/raw/chexpert_plus/dicom_train/patient00383/study1/view1_frontal.dcm,torchxrayvision.DenseNet,densenet121-res224-all,cuda,0.5,0.2,"[""Atelectasis"", ""Consolidation"", ""Infiltration"", ""Pneumothorax"", ""Edema"", ""Emphysema"", ""Fibrosis"", ""Effusion"", ""Pneumonia"", ""Pleural_Thickening"", ""Cardiomegaly"", ""Nodule"", ""Mass"", ""Hernia"", ""Lung Lesion"", ""Fracture"", ""Lung Opacity"", ""Enlarged Cardiomediastinum""]",0.5934778451919556,present,Atelectasis,0.6988539695739746,present,Cardiomegaly,0.5225050449371338,present,Consolidation,0.5158783793449402,present,Edema,0.5680310726165771,present,Effusion,0.18195019662380219,absent,Pneumonia,0.17990683019161224,absent,Pneumothorax,0.32751548290252686,uncertain,Fracture,0.037825360894203186,absent,Lung Lesion,0.5734078884124756,present,Lung Opacity,0.5064493417739868,present,Enlarged Cardiomediastinum,0.10315435379743576,absent,Pleural_Thickening,,unavailable,,,not_computed,,"[""Atelectasis"", ""Cardiomegaly"", ""Consolidation"", ""Edema"", ""Pleural Effusion"", ""Lung Opacity"", ""Enlarged Cardiomediastinum""]","{""Atelectasis"": 0.5934778451919556, ""Cardiomegaly"": 0.6988539695739746, ""Consolidation"": 0.5225050449371338, ""Edema"": 0.5158783793449402, ""Effusion"": 0.5680310726165771, ""Emphysema"": 0.14617790281772614, ""Enlarged Cardiomediastinum"": 0.5064493417739868, ""Fibrosis"": 0.3297756314277649, ""Fracture"": 0.32751548290252686, ""Hernia"": 0.3518688976764679, ""Infiltration"": 0.5522520542144775, ""Lung Lesion"": 0.037825360894203186, ""Lung Opacity"": 0.5734078884124756, ""Mass"": 0.5106386542320251, ""Nodule"": 0.4982374310493469, ""Pleural_Thickening"": 0.10315435379743576, ""Pneumonia"": 0.18195019662380219, ""Pneumothorax"": 0.17990683019161224}",retrieval_agent
patient00384/study1,patient00384/study1/view1_frontal.dcm,/home/jovyan/Desktop/MEDAGENT-X/data/raw/chexpert_plus/dicom_train/patient00384/study1/view1_frontal.dcm,torchxrayvision.DenseNet,densenet121-res224-all,cuda,0.5,0.2,"[""Atelectasis"", ""Consolidation"", ""Infiltration"", ""Pneumothorax"", ""Edema"", ""Emphysema"", ""Fibrosis"", ""Effusion"", ""Pneumonia"", ""Pleural_Thickening"", ""Cardiomegaly"", ""Nodule"", ""Mass"", ""Hernia"", ""Lung Lesion"", ""Fracture"", ""Lung Opacity"", ""Enlarged Cardiomediastinum""]",0.547555148601532,present,Atelectasis,0.511725664138794,present,Cardiomegaly,0.6440201997756958,present,Consolidation,0.5268699526786804,present,Edema,0.6085059642791748,present,Effusion,0.5496385097503662,present,Pneumonia,0.5062164068222046,present,Pneumothorax,0.4534587860107422,uncertain,Fracture,0.13707512617111206,absent,Lung Lesion,0.9177119135856628,present,Lung Opacity,0.5642523765563965,present,Enlarged Cardiomediastinum,0.5055472254753113,present,Pleural_Thickening,,unavailable,,,not_computed,,"[""Atelectasis"", ""Cardiomegaly"", ""Consolidation"", ""Edema"", ""Pleural Effusion"", ""Pneumonia"", ""Pneumothorax"", ""Lung Opacity"", ""Enlarged Cardiomediastinum"", ""Pleural Other""]","{""Atelectasis"": 0.547555148601532, ""Cardiomegaly"": 0.511725664138794, ""Consolidation"": 0.6440201997756958, ""Edema"": 0.5268699526786804, ""Effusion"": 0.6085059642791748, ""Emphysema"": 0.5002620816230774, ""Enlarged Cardiomediastinum"": 0.5642523765563965, ""Fibrosis"": 0.5230684280395508, ""Fracture"": 0.4534587860107422, ""Hernia"": 0.011580263264477253, ""Infiltration"": 0.5985730886459351, ""Lung Lesion"": 0.13707512617111206, ""Lung Opacity"": 0.9177119135856628, ""Mass"": 0.6252716183662415, ""Nodule"": 0.5397233963012695, ""Pleural_Thickening"": 0.5055472254753113, ""Pneumonia"": 0.5496385097503662, ""Pneumothorax"": 0.5062164068222046}",retrieval_agent
patient00387/study1,patient00387/study1/view2_lateral.dcm,/home/jovyan/Desktop/MEDAGENT-X/data/raw/chexpert_plus/dicom_train/patient00387/study1/view2_lateral.dcm,torchxrayvision.DenseNet,densenet121-res224-all,cuda,0.5,0.2,"[""Atelectasis"", ""Consolidation"", ""Infiltration"", ""Pneumothorax"", ""Edema"", ""Emphysema"", ""Fibrosis"", ""Effusion"", ""Pneumonia"", ""Pleural_Thickening"", ""Cardiomegaly"", ""Nodule"", ""Mass"", ""Hernia"", ""Lung Lesion"", ""Fracture"", ""Lung Opacity"", ""Enlarged Cardiomediastinum""]",0.5188063979148865,present,Atelectasis,0.5023066997528076,present,Cardiomegaly,0.5161014795303345,present,Consolidation,0.4187043309211731,uncertain,Edema,0.5088614225387573,present,Effusion,0.6044354438781738,present,Pneumonia,0.09243856370449066,absent,Pneumothorax,0.23377037048339844,uncertain,Fracture,0.017943302169442177,absent,Lung Lesion,0.7133262157440186,present,Lung Opacity,0.5009827613830566,present,Enlarged Cardiomediastinum,0.07136461138725281,absent,Pleural_Thickening,,unavailable,,,not_computed,,"[""Atelectasis"", ""Cardiomegaly"", ""Consolidation"", ""Pleural Effusion"", ""Pneumonia"", ""Lung Opacity"", ""Enlarged Cardiomediastinum""]","{""Atelectasis"": 0.5188063979148865, ""Cardiomegaly"": 0.5023066997528076, ""Consolidation"": 0.5161014795303345, ""Edema"": 0.4187043309211731, ""Effusion"": 0.5088614225387573, ""Emphysema"": 0.5031460523605347, ""Enlarged Cardiomediastinum"": 0.5009827613830566, ""Fibrosis"": 0.10047727078199387, ""Fracture"": 0.23377037048339844, ""Hernia"": 0.007130105514079332, ""Infiltration"": 0.35981878638267517, ""Lung Lesion"": 0.017943302169442177, ""Lung Opacity"": 0.7133262157440186, ""Mass"": 0.5066710114479065, ""Nodule"": 0.5036791563034058, ""Pleural_Thickening"": 0.07136461138725281, ""Pneumonia"": 0.6044354438781738, ""Pneumothorax"": 0.09243856370449066}",retrieval_agent
patient00388/study1,patient00388/study1/view1_frontal.dcm,/home/jovyan/Desktop/MEDAGENT-X/data/raw/chexpert_plus/dicom_train/patient00388/study1/view1_frontal.dcm,torchxrayvision.DenseNet,densenet121-res224-all,cuda,0.5,0.2,"[""Atelectasis"", ""Consolidation"", ""Infiltration"", ""Pneumothorax"", ""Edema"", ""Emphysema"", ""Fibrosis"", ""Effusion"", ""Pneumonia"", ""Pleural_Thickening"", ""Cardiomegaly"", ""Nodule"", ""Mass"", ""Hernia"", ""Lung Lesion"", ""Fracture"", ""Lung Opacity"", ""Enlarged Cardiomediastinum""]",0.7278362512588501,present,Atelectasis,0.5859087705612183,present,Cardiomegaly,0.6552849411964417,present,Consolidation,0.5036846399307251,present,Edema,0.7495095729827881,present,Effusion,0.2502839267253876,uncertain,Pneumonia,0.5002901554107666,present,Pneumothorax,0.5253555774688721,present,Fracture,0.09972771257162094,absent,Lung Lesion,0.6960164308547974,present,Lung Opacity,0.531572163105011,present,Enlarged Cardiomediastinum,0.5078815221786499,present,Pleural_Thickening,,unavailable,,,not_computed,,"[""Atelectasis"", ""Cardiomegaly"", ""Consolidation"", ""Edema"", ""Pleural Effusion"", ""Pneumothorax"", ""Fracture"", ""Lung Opacity"", ""Enlarged Cardiomediastinum"", ""Pleural Other""]","{""Atelectasis"": 0.7278362512588501, ""Cardiomegaly"": 0.5859087705612183, ""Consolidation"": 0.6552849411964417, ""Edema"": 0.5036846399307251, ""Effusion"": 0.7495095729827881, ""Emphysema"": 0.5006071925163269, ""Enlarged Cardiomediastinum"": 0.531572163105011, ""Fibrosis"": 0.5239337086677551, ""Fracture"": 0.5253555774688721, ""Hernia"": 0.07663243263959885, ""Infiltration"": 0.46321776509284973, ""Lung Lesion"": 0.09972771257162094, ""Lung Opacity"": 0.6960164308547974, ""Mass"": 0.629560112953186, ""Nodule"": 0.5255517959594727, ""Pleural_Thickening"": 0.5078815221786499, ""Pneumonia"": 0.2502839267253876, ""Pneumothorax"": 0.5002901554107666}",retrieval_agent
patient00391/study1,patient00391/study1/view1_frontal.dcm,/home/jovyan/Desktop/MEDAGENT-X/data/raw/chexpert_plus/dicom_train/patient00391/study1/view1_frontal.dcm,torchxrayvision.DenseNet,densenet121-res224-all,cuda,0.5,0.2,"[""Atelectasis"", ""Consolidation"", ""Infiltration"", ""Pneumothorax"", ""Edema"", ""Emphysema"", ""Fibrosis"", ""Effusion"", ""Pneumonia"", ""Pleural_Thickening"", ""Cardiomegaly"", ""Nodule"", ""Mass"", ""Hernia"", ""Lung Lesion"", ""Fracture"", ""Lung Opacity"", ""Enlarged Cardiomediastinum""]",0.597698450088501,present,Atelectasis,0.533305287361145,present,Cardiomegaly,0.598533034324646,present,Consolidation,0.5471280813217163,present,Edema,0.6203570365905762,present,Effusion,0.4799080193042755,uncertain,Pneumonia,0.500949501991272,present,Pneumothorax,0.5055453777313232,present,Fracture,0.07216272503137589,absent,Lung Lesion,0.8632708191871643,present,Lung Opacity,0.5378819704055786,present,Enlarged Cardiomediastinum,0.5027494430541992,present,Pleural_Thickening,,unavailable,,,not_computed,,"[""Atelectasis"", ""Cardiomegaly"", ""Consolidation"", ""Edema"", ""Pleural Effusion"", ""Pneumothorax"", ""Fracture"", ""Lung Opacity"", ""Enlarged Cardiomediastinum"", ""Pleural Other""]","{""Atelectasis"": 0.597698450088501, ""Cardiomegaly"": 0.533305287361145, ""Consolidation"": 0.598533034324646, ""Edema"": 0.5471280813217163, ""Effusion"": 0.6203570365905762, ""Emphysema"": 0.5020351409912109, ""Enlarged Cardiomediastinum"": 0.5378819704055786, ""Fibrosis"": 0.5195235013961792, ""Fracture"": 0.5055453777313232, ""Hernia"": 0.0495462492108345, ""Infiltration"": 0.5989366769790649, ""Lung Lesion"": 0.07216272503137589, ""Lung Opacity"": 0.8632708191871643, ""Mass"": 0.5731669068336487, ""Nodule"": 0.5352363586425781, ""Pleural_Thickening"": 0.5027494430541992, ""Pneumonia"": 0.4799080193042755, ""Pneumothorax"": 0.500949501991272}",retrieval_agent
patient00391/study2,patient00391/study2/view1_frontal.dcm,/home/jovyan/Desktop/MEDAGENT-X/data/raw/chexpert_plus/dicom_train/patient00391/study2/view1_frontal.dcm,torchxrayvision.DenseNet,densenet121-res224-all,cuda,0.5,0.2,"[""Atelectasis"", ""Consolidation"", ""Infiltration"", ""Pneumothorax"", ""Edema"", ""Emphysema"", ""Fibrosis"", ""Effusion"", ""Pneumonia"", ""Pleural_Thickening"", ""Cardiomegaly"", ""Nodule"", ""Mass"", ""Hernia"", ""Lung Lesion"", ""Fracture"", ""Lung Opacity"", ""Enlarged Cardiomediastinum""]",0.6884315013885498,present,Atelectasis,0.5861442685127258,present,Cardiomegaly,0.59540855884552,present,Consolidation,0.5789883136749268,present,Edema,0.6828566193580627,present,Effusion,0.570895254611969,present,Pneumonia,0.5099353790283203,present,Pneumothorax,0.5283092260360718,present,Fracture,0.5295628309249878,present,Lung Lesion,0.775334358215332,present,Lung Opacity,0.546398401260376,present,Enlarged Cardiomediastinum,0.5238156318664551,present,Pleural_Thickening,,unavailable,,,not_computed,,"[""Atelectasis"", ""Cardiomegaly"", ""Consolidation"", ""Edema"", ""Pleural Effusion"", ""Pneumonia"", ""Pneumothorax"", ""Fracture"", ""Lung Lesion"", ""Lung Opacity"", ""Enlarged Cardiomediastinum"", ""Pleural Other""]","{""Atelectasis"": 0.6884315013885498, ""Cardiomegaly"": 0.5861442685127258, ""Consolidation"": 0.59540855884552, ""Edema"": 0.5789883136749268, ""Effusion"": 0.6828566193580627, ""Emphysema"": 0.5022420883178711, ""Enlarged Cardiomediastinum"": 0.546398401260376, ""Fibrosis"": 0.5494341850280762, ""Fracture"": 0.5283092260360718, ""Hernia"": 0.1690194308757782, ""Infiltration"": 0.6693505048751831, ""Lung Lesion"": 0.5295628309249878, ""Lung Opacity"": 0.775334358215332, ""Mass"": 0.5441884398460388, ""Nodule"": 0.5307707190513611, ""Pleural_Thickening"": 0.5238156318664551, ""Pneumonia"": 0.570895254611969, ""Pneumothorax"": 0.5099353790283203}",retrieval_agent
patient00391/study3,patient00391/study3/view1_frontal.dcm,/home/jovyan/Desktop/MEDAGENT-X/data/raw/chexpert_plus/dicom_train/patient00391/study3/view1_frontal.dcm,torchxrayvision.DenseNet,densenet121-res224-all,cuda,0.5,0.2,"[""Atelectasis"", ""Consolidation"", ""Infiltration"", ""Pneumothorax"", ""Edema"", ""Emphysema"", ""Fibrosis"", ""Effusion"", ""Pneumonia"", ""Pleural_Thickening"", ""Cardiomegaly"", ""Nodule"", ""Mass"", ""Hernia"", ""Lung Lesion"", ""Fracture"", ""Lung Opacity"", ""Enlarged Cardiomediastinum""]",0.681400716304779,present,Atelectasis,0.6316271424293518,present,Cardiomegaly,0.6025897264480591,present,Consolidation,0.5581662058830261,present,Edema,0.7957782745361328,present,Effusion,0.5083435773849487,present,Pneumonia,0.5004091858863831,present,Pneumothorax,0.5069568157196045,present,Fracture,0.1416165828704834,absent,Lung Lesion,0.7968490719795227,present,Lung Opacity,0.5439521074295044,present,Enlarged Cardiomediastinum,0.506977915763855,present,Pleural_Thickening,,unavailable,,,not_computed,,"[""Atelectasis"", ""Cardiomegaly"", ""Consolidation"", ""Edema"", ""Pleural Effusion"", ""Pneumonia"", ""Pneumothorax"", ""Fracture"", ""Lung Opacity"", ""Enlarged Cardiomediastinum"", ""Pleural Other""]","{""Atelectasis"": 0.681400716304779, ""Cardiomegaly"": 0.6316271424293518, ""Consolidation"": 0.6025897264480591, ""Edema"": 0.5581662058830261, ""Effusion"": 0.7957782745361328, ""Emphysema"": 0.14162589609622955, ""Enlarged Cardiomediastinum"": 0.5439521074295044, ""Fibrosis"": 0.517333984375, ""Fracture"": 0.5069568157196045, ""Hernia"": 0.5186587572097778, ""Infiltration"": 0.6686080694198608, ""Lung Lesion"": 0.1416165828704834, ""Lung Opacity"": 0.7968490719795227, ""Mass"": 0.5719144344329834, ""Nodule"": 0.5197467803955078, ""Pleural_Thickening"": 0.506977915763855, ""Pneumonia"": 0.5083435773849487, ""Pneumothorax"": 0.5004091858863831}",retrieval_agent
patient00391/study4,patient00391/study4/view1_frontal.dcm,/home/jovyan/Desktop/MEDAGENT-X/data/raw/chexpert_plus/dicom_train/patient00391/study4/view1_frontal.dcm,torchxrayvision.DenseNet,densenet121-res224-all,cuda,0.5,0.2,"[""Atelectasis"", ""Consolidation"", ""Infiltration"", ""Pneumothorax"", ""Edema"", ""Emphysema"", ""Fibrosis"", ""Effusion"", ""Pneumonia"", ""Pleural_Thickening"", ""Cardiomegaly"", ""Nodule"", ""Mass"", ""Hernia"", ""Lung Lesion"", ""Fracture"", ""Lung Opacity"", ""Enlarged Cardiomediastinum""]",0.557152509689331,present,Atelectasis,0.4053569436073303,uncertain,Cardiomegaly,0.5015667676925659,present,Consolidation,0.07258570194244385,absent,Edema,0.3334606885910034,uncertain,Effusion,0.011075425893068314,absent,Pneumonia,0.11107783019542694,absent,Pneumothorax,0.37391793727874756,uncertain,Fracture,0.013658317737281322,absent,Lung Lesion,0.5566306114196777,present,Lung Opacity,0.22033648192882538,uncertain,Enlarged Cardiomediastinum,0.12543952465057373,absent,Pleural_Thickening,,unavailable,,,not_computed,,"[""Atelectasis"", ""Consolidation"", ""Lung Opacity""]","{""Atelectasis"": 0.557152509689331, ""Cardiomegaly"": 0.4053569436073303, ""Consolidation"": 0.5015667676925659, ""Edema"": 0.07258570194244385, ""Effusion"": 0.3334606885910034, ""Emphysema"": 0.17274099588394165, ""Enlarged Cardiomediastinum"": 0.22033648192882538, ""Fibrosis"": 0.3953882157802582, ""Fracture"": 0.37391793727874756, ""Hernia"": 0.13599762320518494, ""Infiltration"": 0.45924583077430725, ""Lung Lesion"": 0.013658317737281322, ""Lung Opacity"": 0.5566306114196777, ""Mass"": 0.5060560703277588, ""Nodule"": 0.50197833776474, ""Pleural_Thickening"": 0.12543952465057373, ""Pneumonia"": 0.011075425893068314, ""Pneumothorax"": 0.11107783019542694}",retrieval_agent
patient00391/study4,patient00391/study4/view2_lateral.dcm,/home/jovyan/Desktop/MEDAGENT-X/data/raw/chexpert_plus/dicom_train/patient00391/study4/view2_lateral.dcm,torchxrayvision.DenseNet,densenet121-res224-all,cuda,0.5,0.2,"[""Atelectasis"", ""Consolidation"", ""Infiltration"", ""Pneumothorax"", ""Edema"", ""Emphysema"", ""Fibrosis"", ""Effusion"", ""Pneumonia"", ""Pleural_Thickening"", ""Cardiomegaly"", ""Nodule"", ""Mass"", ""Hernia"", ""Lung Lesion"", ""Fracture"", ""Lung Opacity"", ""Enlarged Cardiomediastinum""]",0.5120072364807129,present,Atelectasis,0.4531248211860657,uncertain,Cardiomegaly,0.5241978168487549,present,Consolidation,0.14257341623306274,absent,Edema,0.5463825464248657,present,Effusion,0.09182566404342651,absent,Pneumonia,0.5043033361434937,present,Pneumothorax,0.5077002048492432,present,Fracture,0.03688984736800194,absent,Lung Lesion,0.6745721101760864,present,Lung Opacity,0.5069162845611572,present,Enlarged Cardiomediastinum,0.520276665687561,present,Pleural_Thickening,,unavailable,,,not_computed,,"[""Atelectasis"", ""Consolidation"", ""Pleural Effusion"", ""Pneumothorax"", ""Fracture"", ""Lung Opacity"", ""Enlarged Cardiomediastinum"", ""Pleural Other""]","{""Atelectasis"": 0.5120072364807129, ""Cardiomegaly"": 0.4531248211860657, ""Consolidation"": 0.5241978168487549, ""Edema"": 0.14257341623306274, ""Effusion"": 0.5463825464248657, ""Emphysema"": 0.5041791200637817, ""Enlarged Cardiomediastinum"": 0.5069162845611572, ""Fibrosis"": 0.5301425457000732, ""Fracture"": 0.5077002048492432, ""Hernia"": 0.06492006033658981, ""Infiltration"": 0.5349801778793335, ""Lung Lesion"": 0.03688984736800194, ""Lung Opacity"": 0.6745721101760864, ""Mass"": 0.5396018028259277, ""Nodule"": 0.5116938352584839, ""Pleural_Thickening"": 0.520276665687561, ""Pneumonia"": 0.09182566404342651, ""Pneumothorax"": 0.5043033361434937}",retrieval_agent
patient00401/study1,patient00401/study1/view1_frontal.dcm,/home/jovyan/Desktop/MEDAGENT-X/data/raw/chexpert_plus/dicom_train/patient00401/study1/view1_frontal.dcm,torchxrayvision.DenseNet,densenet121-res224-all,cuda,0.5,0.2,"[""Atelectasis"", ""Consolidation"", ""Infiltration"", ""Pneumothorax"", ""Edema"", ""Emphysema"", ""Fibrosis"", ""Effusion"", ""Pneumonia"", ""Pleural_Thickening"", ""Cardiomegaly"", ""Nodule"", ""Mass"", ""Hernia"", ""Lung Lesion"", ""Fracture"", ""Lung Opacity"", ""Enlarged Cardiomediastinum""]",0.035467226058244705,absent,Atelectasis,0.10894709080457687,absent,Cardiomegaly,0.10834043473005295,absent,Consolidation,0.001695940736681223,absent,Edema,0.028564469888806343,absent,Effusion,0.0018438786501064897,absent,Pneumonia,0.07940854132175446,absent,Pneumothorax,0.19418299198150635,absent,Fracture,0.00034936415613628924,absent,Lung Lesion,0.17391200363636017,absent,Lung Opacity,0.06440835446119308,absent,Enlarged Cardiomediastinum,0.06590946018695831,absent,Pleural_Thickening,,unavailable,,,not_computed,,[],"{""Atelectasis"": 0.035467226058244705, ""Cardiomegaly"": 0.10894709080457687, ""Consolidation"": 0.10834043473005295, ""Edema"": 0.001695940736681223, ""Effusion"": 0.028564469888806343, ""Emphysema"": 0.1590947061777115, ""Enlarged Cardiomediastinum"": 0.06440835446119308, ""Fibrosis"": 0.15936124324798584, ""Fracture"": 0.19418299198150635, ""Hernia"": 0.00034749615588225424, ""Infiltration"": 0.16249434649944305, ""Lung Lesion"": 0.00034936415613628924, ""Lung Opacity"": 0.17391200363636017, ""Mass"": 0.1833036243915558, ""Nodule"": 0.25538942217826843, ""Pleural_Thickening"": 0.06590946018695831, ""Pneumonia"": 0.0018438786501064897, ""Pneumothorax"": 0.07940854132175446}",retrieval_agent
patient00403/study5,patient00403/study5/view1_frontal.dcm,/home/jovyan/Desktop/MEDAGENT-X/data/raw/chexpert_plus/dicom_train/patient00403/study5/view1_frontal.dcm,torchxrayvision.DenseNet,densenet121-res224-all,cuda,0.5,0.2,"[""Atelectasis"", ""Consolidation"", ""Infiltration"", ""Pneumothorax"", ""Edema"", ""Emphysema"", ""Fibrosis"", ""Effusion"", ""Pneumonia"", ""Pleural_Thickening"", ""Cardiomegaly"", ""Nodule"", ""Mass"", ""Hernia"", ""Lung Lesion"", ""Fracture"", ""Lung Opacity"", ""Enlarged Cardiomediastinum""]",0.6654527187347412,present,Atelectasis,0.5891029834747314,present,Cardiomegaly,0.6173659563064575,present,Consolidation,0.5350050330162048,present,Edema,0.8019005656242371,present,Effusion,0.526698112487793,present,Pneumonia,0.4011477530002594,uncertain,Pneumothorax,0.5081509351730347,present,Fracture,0.059479232877492905,absent,Lung Lesion,0.7738466262817383,present,Lung Opacity,0.5640906095504761,present,Enlarged Cardiomediastinum,0.4034113585948944,uncertain,Pleural_Thickening,,unavailable,,,not_computed,,"[""Atelectasis"", ""Cardiomegaly"", ""Consolidation"", ""Edema"", ""Pleural Effusion"", ""Pneumonia"", ""Fracture"", ""Lung Opacity"", ""Enlarged Cardiomediastinum""]","{""Atelectasis"": 0.6654527187347412, ""Cardiomegaly"": 0.5891029834747314, ""Consolidation"": 0.6173659563064575, ""Edema"": 0.5350050330162048, ""Effusion"": 0.8019005656242371, ""Emphysema"": 0.500436544418335, ""Enlarged Cardiomediastinum"": 0.5640906095504761, ""Fibrosis"": 0.5040060877799988, ""Fracture"": 0.5081509351730347, ""Hernia"": 0.09129063040018082, ""Infiltration"": 0.5654674768447876, ""Lung Lesion"": 0.059479232877492905, ""Lung Opacity"": 0.7738466262817383, ""Mass"": 0.5490984916687012, ""Nodule"": 0.511035680770874, ""Pleural_Thickening"": 0.4034113585948944, ""Pneumonia"": 0.526698112487793, ""Pneumothorax"": 0.4011477530002594}",retrieval_agent
patient00403/study1,patient00403/study1/view1_frontal.dcm,/home/jovyan/Desktop/MEDAGENT-X/data/raw/chexpert_plus/dicom_train/patient00403/study1/view1_frontal.dcm,torchxrayvision.DenseNet,densenet121-res224-all,cuda,0.5,0.2,"[""Atelectasis"", ""Consolidation"", ""Infiltration"", ""Pneumothorax"", ""Edema"", ""Emphysema"", ""Fibrosis"", ""Effusion"", ""Pneumonia"", ""Pleural_Thickening"", ""Cardiomegaly"", ""Nodule"", ""Mass"", ""Hernia"", ""Lung Lesion"", ""Fracture"", ""Lung Opacity"", ""Enlarged Cardiomediastinum""]",0.6545825004577637,present,Atelectasis,0.7069776058197021,present,Cardiomegaly,0.59730064868927,present,Consolidation,0.5453779697418213,present,Edema,0.7657490968704224,present,Effusion,0.10703376680612564,absent,Pneumonia,0.36438295245170593,uncertain,Pneumothorax,0.5054461359977722,present,Fracture,0.22405189275741577,uncertain,Lung Lesion,0.8399004936218262,present,Lung Opacity,0.6265826225280762,present,Enlarged Cardiomediastinum,0.5016844272613525,present,Pleural_Thickening,,unavailable,,,not_computed,,"[""Atelectasis"", ""Cardiomegaly"", ""Consolidation"", ""Edema"", ""Pleural Effusion"", ""Fracture"", ""Lung Opacity"", ""Enlarged Cardiomediastinum"", ""Pleural Other""]","{""Atelectasis"": 0.6545825004577637, ""Cardiomegaly"": 0.7069776058197021, ""Consolidation"": 0.59730064868927, ""Edema"": 0.5453779697418213, ""Effusion"": 0.7657490968704224, ""Emphysema"": 0.5001071691513062, ""Enlarged Cardiomediastinum"": 0.6265826225280762, ""Fibrosis"": 0.5101074576377869, ""Fracture"": 0.5054461359977722, ""Hernia"": 0.05587758496403694, ""Infiltration"": 0.5929927825927734, ""Lung Lesion"": 0.22405189275741577, ""Lung Opacity"": 0.8399004936218262, ""Mass"": 0.5596063137054443, ""Nodule"": 0.5045359134674072, ""Pleural_Thickening"": 0.5016844272613525, ""Pneumonia"": 0.10703376680612564, ""Pneumothorax"": 0.36438295245170593}",retrieval_agent
patient00403/study3,patient00403/study3/view1_frontal.dcm,/home/jovyan/Desktop/MEDAGENT-X/data/raw/chexpert_plus/dicom_train/patient00403/study3/view1_frontal.dcm,torchxrayvision.DenseNet,densenet121-res224-all,cuda,0.5,0.2,"[""Atelectasis"", ""Consolidation"", ""Infiltration"", ""Pneumothorax"", ""Edema"", ""Emphysema"", ""Fibrosis"", ""Effusion"", ""Pneumonia"", ""Pleural_Thickening"", ""Cardiomegaly"", ""Nodule"", ""Mass"", ""Hernia"", ""Lung Lesion"", ""Fracture"", ""Lung Opacity"", ""Enlarged Cardiomediastinum""]",0.6975354552268982,present,Atelectasis,0.6927566528320312,present,Cardiomegaly,0.6390488147735596,present,Consolidation,0.5466681122779846,present,Edema,0.870164692401886,present,Effusion,0.3739211857318878,uncertain,Pneumonia,0.5023072957992554,present,Pneumothorax,0.5125255584716797,present,Fracture,0.23859937489032745,uncertain,Lung Lesion,0.7872860431671143,present,Lung Opacity,0.6526756882667542,present,Enlarged Cardiomediastinum,0.5203980207443237,present,Pleural_Thickening,,unavailable,,,not_computed,,"[""Atelectasis"", ""Cardiomegaly"", ""Consolidation"", ""Edema"", ""Pleural Effusion"", ""Pneumothorax"", ""Fracture"", ""Lung Opacity"", ""Enlarged Cardiomediastinum"", ""Pleural Other""]","{""Atelectasis"": 0.6975354552268982, ""Cardiomegaly"": 0.6927566528320312, ""Consolidation"": 0.6390488147735596, ""Edema"": 0.5466681122779846, ""Effusion"": 0.870164692401886, ""Emphysema"": 0.234776109457016, ""Enlarged Cardiomediastinum"": 0.6526756882667542, ""Fibrosis"": 0.5120492577552795, ""Fracture"": 0.5125255584716797, ""Hernia"": 0.1592327505350113, ""Infiltration"": 0.5996763706207275, ""Lung Lesion"": 0.23859937489032745, ""Lung Opacity"": 0.7872860431671143, ""Mass"": 0.5693076848983765, ""Nodule"": 0.5051097273826599, ""Pleural_Thickening"": 0.5203980207443237, ""Pneumonia"": 0.3739211857318878, ""Pneumothorax"": 0.5023072957992554}",retrieval_agent
patient00403/study2,patient00403/study2/view1_frontal.dcm,/home/jovyan/Desktop/MEDAGENT-X/data/raw/chexpert_plus/dicom_train/patient00403/study2/view1_frontal.dcm,torchxrayvision.DenseNet,densenet121-res224-all,cuda,0.5,0.2,"[""Atelectasis"", ""Consolidation"", ""Infiltration"", ""Pneumothorax"", ""Edema"", ""Emphysema"", ""Fibrosis"", ""Effusion"", ""Pneumonia"", ""Pleural_Thickening"", ""Cardiomegaly"", ""Nodule"", ""Mass"", ""Hernia"", ""Lung Lesion"", ""Fracture"", ""Lung Opacity"", ""Enlarged Cardiomediastinum""]",0.6852594614028931,present,Atelectasis,0.615465521812439,present,Cardiomegaly,0.7049412131309509,present,Consolidation,0.5885966420173645,present,Edema,0.9005988240242004,present,Effusion,0.30086690187454224,uncertain,Pneumonia,0.5021274089813232,present,Pneumothorax,0.5206203460693359,present,Fracture,0.4082692563533783,uncertain,Lung Lesion,0.9154097437858582,present,Lung Opacity,0.6147751212120056,present,Enlarged Cardiomediastinum,0.5322366952896118,present,Pleural_Thickening,,unavailable,,,not_computed,,"[""Atelectasis"", ""Cardiomegaly"", ""Consolidation"", ""Edema"", ""Pleural Effusion"", ""Pneumothorax"", ""Fracture"", ""Lung Opacity"", ""Enlarged Cardiomediastinum"", ""Pleural Other""]","{""Atelectasis"": 0.6852594614028931, ""Cardiomegaly"": 0.615465521812439, ""Consolidation"": 0.7049412131309509, ""Edema"": 0.5885966420173645, ""Effusion"": 0.9005988240242004, ""Emphysema"": 0.5003256797790527, ""Enlarged Cardiomediastinum"": 0.6147751212120056, ""Fibrosis"": 0.5257396101951599, ""Fracture"": 0.5206203460693359, ""Hernia"": 0.03874664381146431, ""Infiltration"": 0.6739216446876526, ""Lung Lesion"": 0.4082692563533783, ""Lung Opacity"": 0.9154097437858582, ""Mass"": 0.607237696647644, ""Nodule"": 0.5394991040229797, ""Pleural_Thickening"": 0.5322366952896118, ""Pneumonia"": 0.30086690187454224, ""Pneumothorax"": 0.5021274089813232}",retrieval_agent
patient00405/study1,patient00405/study1/view1_frontal.dcm,/home/jovyan/Desktop/MEDAGENT-X/data/raw/chexpert_plus/dicom_train/patient00405/study1/view1_frontal.dcm,torchxrayvision.DenseNet,densenet121-res224-all,cuda,0.5,0.2,"[""Atelectasis"", ""Consolidation"", ""Infiltration"", ""Pneumothorax"", ""Edema"", ""Emphysema"", ""Fibrosis"", ""Effusion"", ""Pneumonia"", ""Pleural_Thickening"", ""Cardiomegaly"", ""Nodule"", ""Mass"", ""Hernia"", ""Lung Lesion"", ""Fracture"", ""Lung Opacity"", ""Enlarged Cardiomediastinum""]",0.18652066588401794,absent,Atelectasis,0.13454419374465942,absent,Cardiomegaly,0.20614075660705566,uncertain,Consolidation,0.0032441483344882727,absent,Edema,0.027694810181856155,absent,Effusion,0.0061759939417243,absent,Pneumonia,0.008042999543249607,absent,Pneumothorax,0.12106409668922424,absent,Fracture,0.0018550060922279954,absent,Lung Lesion,0.055578459054231644,absent,Lung Opacity,0.06754828989505768,absent,Enlarged Cardiomediastinum,0.04319053143262863,absent,Pleural_Thickening,,unavailable,,,not_computed,,[],"{""Atelectasis"": 0.18652066588401794, ""Cardiomegaly"": 0.13454419374465942, ""Consolidation"": 0.20614075660705566, ""Edema"": 0.0032441483344882727, ""Effusion"": 0.027694810181856155, ""Emphysema"": 0.5040497779846191, ""Enlarged Cardiomediastinum"": 0.06754828989505768, ""Fibrosis"": 0.14125549793243408, ""Fracture"": 0.12106409668922424, ""Hernia"": 0.30610302090644836, ""Infiltration"": 0.06208254396915436, ""Lung Lesion"": 0.0018550060922279954, ""Lung Opacity"": 0.055578459054231644, ""Mass"": 0.5016257166862488, ""Nodule"": 0.1997753381729126, ""Pleural_Thickening"": 0.04319053143262863, ""Pneumonia"": 0.0061759939417243, ""Pneumothorax"": 0.008042999543249607}",retrieval_agent
patient00408/study1,patient00408/study1/view1_frontal.dcm,/home/jovyan/Desktop/MEDAGENT-X/data/raw/chexpert_plus/dicom_train/patient00408/study1/view1_frontal.dcm,torchxrayvision.DenseNet,densenet121-res224-all,cuda,0.5,0.2,"[""Atelectasis"", ""Consolidation"", ""Infiltration"", ""Pneumothorax"", ""Edema"", ""Emphysema"", ""Fibrosis"", ""Effusion"", ""Pneumonia"", ""Pleural_Thickening"", ""Cardiomegaly"", ""Nodule"", ""Mass"", ""Hernia"", ""Lung Lesion"", ""Fracture"", ""Lung Opacity"", ""Enlarged Cardiomediastinum""]",0.07175295799970627,absent,Atelectasis,0.04279329255223274,absent,Cardiomegaly,0.23363187909126282,uncertain,Consolidation,0.0012302148388698697,absent,Edema,0.03479796648025513,absent,Effusion,0.002924001542851329,absent,Pneumonia,0.1153901144862175,absent,Pneumothorax,0.09386703372001648,absent,Fracture,0.003493906231597066,absent,Lung Lesion,0.10473339259624481,absent,Lung Opacity,0.2824150323867798,uncertain,Enlarged Cardiomediastinum,0.37976929545402527,uncertain,Pleural_Thickening,,unavailable,,,not_computed,,[],"{""Atelectasis"": 0.07175295799970627, ""Cardiomegaly"": 0.04279329255223274, ""Consolidation"": 0.23363187909126282, ""Edema"": 0.0012302148388698697, ""Effusion"": 0.03479796648025513, ""Emphysema"": 0.5031574964523315, ""Enlarged Cardiomediastinum"": 0.2824150323867798, ""Fibrosis"": 0.5026408433914185, ""Fracture"": 0.09386703372001648, ""Hernia"": 0.012731949798762798, ""Infiltration"": 0.16628235578536987, ""Lung Lesion"": 0.003493906231597066, ""Lung Opacity"": 0.10473339259624481, ""Mass"": 0.5612081289291382, ""Nodule"": 0.49598440527915955, ""Pleural_Thickening"": 0.37976929545402527, ""Pneumonia"": 0.002924001542851329, ""Pneumothorax"": 0.1153901144862175}",retrieval_agent
patient00408/study4,patient00408/study4/view1_frontal.dcm,/home/jovyan/Desktop/MEDAGENT-X/data/raw/chexpert_plus/dicom_train/patient00408/study4/view1_frontal.dcm,torchxrayvision.DenseNet,densenet121-res224-all,cuda,0.5,0.2,"[""Atelectasis"", ""Consolidation"", ""Infiltration"", ""Pneumothorax"", ""Edema"", ""Emphysema"", ""Fibrosis"", ""Effusion"", ""Pneumonia"", ""Pleural_Thickening"", ""Cardiomegaly"", ""Nodule"", ""Mass"", ""Hernia"", ""Lung Lesion"", ""Fracture"", ""Lung Opacity"", ""Enlarged Cardiomediastinum""]",0.5299458503723145,present,Atelectasis,0.49208247661590576,uncertain,Cardiomegaly,0.6227025389671326,present,Consolidation,0.5282583236694336,present,Edema,0.5457656979560852,present,Effusion,0.7423892021179199,present,Pneumonia,0.5050109624862671,present,Pneumothorax,0.5006932020187378,present,Fracture,0.27713924646377563,uncertain,Lung Lesion,0.9091238379478455,present,Lung Opacity,0.5299415588378906,present,Enlarged Cardiomediastinum,0.5252608060836792,present,Pleural_Thickening,,unavailable,,,not_computed,,"[""Atelectasis"", ""Consolidation"", ""Edema"", ""Pleural Effusion"", ""Pneumonia"", ""Pneumothorax"", ""Fracture"", ""Lung Opacity"", ""Enlarged Cardiomediastinum"", ""Pleural Other""]","{""Atelectasis"": 0.5299458503723145, ""Cardiomegaly"": 0.49208247661590576, ""Consolidation"": 0.6227025389671326, ""Edema"": 0.5282583236694336, ""Effusion"": 0.5457656979560852, ""Emphysema"": 0.5163384079933167, ""Enlarged Cardiomediastinum"": 0.5299415588378906, ""Fibrosis"": 0.5503624677658081, ""Fracture"": 0.5006932020187378, ""Hernia"": 0.004304411355406046, ""Infiltration"": 0.6905812621116638, ""Lung Lesion"": 0.27713924646377563, ""Lung Opacity"": 0.9091238379478455, ""Mass"": 0.5874910354614258, ""Nodule"": 0.625270426273346, ""Pleural_Thickening"": 0.5252608060836792, ""Pneumonia"": 0.7423892021179199, ""Pneumothorax"": 0.5050109624862671}",retrieval_agent
patient00408/study5,patient00408/study5/view1_frontal.dcm,/home/jovyan/Desktop/MEDAGENT-X/data/raw/chexpert_plus/dicom_train/patient00408/study5/view1_frontal.dcm,torchxrayvision.DenseNet,densenet121-res224-all,cuda,0.5,0.2,"[""Atelectasis"", ""Consolidation"", ""Infiltration"", ""Pneumothorax"", ""Edema"", ""Emphysema"", ""Fibrosis"", ""Effusion"", ""Pneumonia"", ""Pleural_Thickening"", ""Cardiomegaly"", ""Nodule"", ""Mass"", ""Hernia"", ""Lung Lesion"", ""Fracture"", ""Lung Opacity"", ""Enlarged Cardiomediastinum""]",0.6783412098884583,present,Atelectasis,0.5454217791557312,present,Cardiomegaly,0.705540657043457,present,Consolidation,0.6151896715164185,present,Edema,0.8125472068786621,present,Effusion,0.6717612147331238,present,Pneumonia,0.503827691078186,present,Pneumothorax,0.5120002627372742,present,Fracture,0.160818949341774,absent,Lung Lesion,0.898594319820404,present,Lung Opacity,0.5269771814346313,present,Enlarged Cardiomediastinum,0.5071249604225159,present,Pleural_Thickening,,unavailable,,,not_computed,,"[""Atelectasis"", ""Cardiomegaly"", ""Consolidation"", ""Edema"", ""Pleural Effusion"", ""Pneumonia"", ""Pneumothorax"", ""Fracture"", ""Lung Opacity"", ""Enlarged Cardiomediastinum"", ""Pleural Other""]","{""Atelectasis"": 0.6783412098884583, ""Cardiomegaly"": 0.5454217791557312, ""Consolidation"": 0.705540657043457, ""Edema"": 0.6151896715164185, ""Effusion"": 0.8125472068786621, ""Emphysema"": 0.5016990900039673, ""Enlarged Cardiomediastinum"": 0.5269771814346313, ""Fibrosis"": 0.5226411819458008, ""Fracture"": 0.5120002627372742, ""Hernia"": 0.1425705999135971, ""Infiltration"": 0.698817253112793, ""Lung Lesion"": 0.160818949341774, ""Lung Opacity"": 0.898594319820404, ""Mass"": 0.5819615125656128, ""Nodule"": 0.5333958268165588, ""Pleural_Thickening"": 0.5071249604225159, ""Pneumonia"": 0.6717612147331238, ""Pneumothorax"": 0.503827691078186}",retrieval_agent
patient00408/study6,patient00408/study6/view1_frontal.dcm,/home/jovyan/Desktop/MEDAGENT-X/data/raw/chexpert_plus/dicom_train/patient00408/study6/view1_frontal.dcm,torchxrayvision.DenseNet,densenet121-res224-all,cuda,0.5,0.2,"[""Atelectasis"", ""Consolidation"", ""Infiltration"", ""Pneumothorax"", ""Edema"", ""Emphysema"", ""Fibrosis"", ""Effusion"", ""Pneumonia"", ""Pleural_Thickening"", ""Cardiomegaly"", ""Nodule"", ""Mass"", ""Hernia"", ""Lung Lesion"", ""Fracture"", ""Lung Opacity"", ""Enlarged Cardiomediastinum""]",0.5941151976585388,present,Atelectasis,0.5082955360412598,present,Cardiomegaly,0.773404598236084,present,Consolidation,0.6217941045761108,present,Edema,0.7687026858329773,present,Effusion,0.7774548530578613,present,Pneumonia,0.5004199147224426,present,Pneumothorax,0.4198096692562103,uncertain,Fracture,0.10858104377985,absent,Lung Lesion,0.971786379814148,present,Lung Opacity,0.5258306860923767,present,Enlarged Cardiomediastinum,0.501013994216919,present,Pleural_Thickening,,unavailable,,,not_computed,,"[""Atelectasis"", ""Cardiomegaly"", ""Consolidation"", ""Edema"", ""Pleural Effusion"", ""Pneumonia"", ""Pneumothorax"", ""Lung Opacity"", ""Enlarged Cardiomediastinum"", ""Pleural Other""]","{""Atelectasis"": 0.5941151976585388, ""Cardiomegaly"": 0.5082955360412598, ""Consolidation"": 0.773404598236084, ""Edema"": 0.6217941045761108, ""Effusion"": 0.7687026858329773, ""Emphysema"": 0.5006954669952393, ""Enlarged Cardiomediastinum"": 0.5258306860923767, ""Fibrosis"": 0.5133147835731506, ""Fracture"": 0.4198096692562103, ""Hernia"": 0.006711680442094803, ""Infiltration"": 0.7479462623596191, ""Lung Lesion"": 0.10858104377985, ""Lung Opacity"": 0.971786379814148, ""Mass"": 0.5460203886032104, ""Nodule"": 0.5616291761398315, ""Pleural_Thickening"": 0.501013994216919, ""Pneumonia"": 0.7774548530578613, ""Pneumothorax"": 0.5004199147224426}",retrieval_agent
patient00408/study2,patient00408/study2/view1_frontal.dcm,/home/jovyan/Desktop/MEDAGENT-X/data/raw/chexpert_plus/dicom_train/patient00408/study2/view1_frontal.dcm,torchxrayvision.DenseNet,densenet121-res224-all,cuda,0.5,0.2,"[""Atelectasis"", ""Consolidation"", ""Infiltration"", ""Pneumothorax"", ""Edema"", ""Emphysema"", ""Fibrosis"", ""Effusion"", ""Pneumonia"", ""Pleural_Thickening"", ""Cardiomegaly"", ""Nodule"", ""Mass"", ""Hernia"", ""Lung Lesion"", ""Fracture"", ""Lung Opacity"", ""Enlarged Cardiomediastinum""]",0.3114766478538513,uncertain,Atelectasis,0.012149842455983162,absent,Cardiomegaly,0.1576654314994812,absent,Consolidation,0.01345344539731741,absent,Edema,0.062105387449264526,absent,Effusion,0.06360747665166855,absent,Pneumonia,0.23532335460186005,uncertain,Pneumothorax,0.378031849861145,uncertain,Fracture,0.026628030464053154,absent,Lung Lesion,0.1264493614435196,absent,Lung Opacity,0.04593463987112045,absent,Enlarged Cardiomediastinum,0.14549139142036438,absent,Pleural_Thickening,,unavailable,,,not_computed,,[],"{""Atelectasis"": 0.3114766478538513, ""Cardiomegaly"": 0.012149842455983162, ""Consolidation"": 0.1576654314994812, ""Edema"": 0.01345344539731741, ""Effusion"": 0.062105387449264526, ""Emphysema"": 0.500126838684082, ""Enlarged Cardiomediastinum"": 0.04593463987112045, ""Fibrosis"": 0.5026135444641113, ""Fracture"": 0.378031849861145, ""Hernia"": 0.007821802981197834, ""Infiltration"": 0.510227382183075, ""Lung Lesion"": 0.026628030464053154, ""Lung Opacity"": 0.1264493614435196, ""Mass"": 0.34206363558769226, ""Nodule"": 0.5077186822891235, ""Pleural_Thickening"": 0.14549139142036438, ""Pneumonia"": 0.06360747665166855, ""Pneumothorax"": 0.23532335460186005}",retrieval_agent
patient00408/study3,patient00408/study3/view1_frontal.dcm,/home/jovyan/Desktop/MEDAGENT-X/data/raw/chexpert_plus/dicom_train/patient00408/study3/view1_frontal.dcm,torchxrayvision.DenseNet,densenet121-res224-all,cuda,0.5,0.2,"[""Atelectasis"", ""Consolidation"", ""Infiltration"", ""Pneumothorax"", ""Edema"", ""Emphysema"", ""Fibrosis"", ""Effusion"", ""Pneumonia"", ""Pleural_Thickening"", ""Cardiomegaly"", ""Nodule"", ""Mass"", ""Hernia"", ""Lung Lesion"", ""Fracture"", ""Lung Opacity"", ""Enlarged Cardiomediastinum""]",0.5305655002593994,present,Atelectasis,0.5203053951263428,present,Cardiomegaly,0.5322412252426147,present,Consolidation,0.5880188941955566,present,Edema,0.49269911646842957,uncertain,Effusion,0.5604998469352722,present,Pneumonia,0.5049221515655518,present,Pneumothorax,0.5086950063705444,present,Fracture,0.13726699352264404,absent,Lung Lesion,0.7313371896743774,present,Lung Opacity,0.45620793104171753,uncertain,Enlarged Cardiomediastinum,0.32388389110565186,uncertain,Pleural_Thickening,,unavailable,,,not_computed,,"[""Atelectasis"", ""Cardiomegaly"", ""Consolidation"", ""Edema"", ""Pneumonia"", ""Pneumothorax"", ""Fracture"", ""Lung Opacity""]","{""Atelectasis"": 0.5305655002593994, ""Cardiomegaly"": 0.5203053951263428, ""Consolidation"": 0.5322412252426147, ""Edema"": 0.5880188941955566, ""Effusion"": 0.49269911646842957, ""Emphysema"": 0.5032438039779663, ""Enlarged Cardiomediastinum"": 0.45620793104171753, ""Fibrosis"": 0.5254809260368347, ""Fracture"": 0.5086950063705444, ""Hernia"": 0.015568588860332966, ""Infiltration"": 0.5794942378997803, ""Lung Lesion"": 0.13726699352264404, ""Lung Opacity"": 0.7313371896743774, ""Mass"": 0.5129581689834595, ""Nodule"": 0.5492242574691772, ""Pleural_Thickening"": 0.32388389110565186, ""Pneumonia"": 0.5604998469352722, ""Pneumothorax"": 0.5049221515655518}",retrieval_agent
patient00412/study6,patient00412/study6/view1_frontal.dcm,/home/jovyan/Desktop/MEDAGENT-X/data/raw/chexpert_plus/dicom_train/patient00412/study6/view1_frontal.dcm,torchxrayvision.DenseNet,densenet121-res224-all,cuda,0.5,0.2,"[""Atelectasis"", ""Consolidation"", ""Infiltration"", ""Pneumothorax"", ""Edema"", ""Emphysema"", ""Fibrosis"", ""Effusion"", ""Pneumonia"", ""Pleural_Thickening"", ""Cardiomegaly"", ""Nodule"", ""Mass"", ""Hernia"", ""Lung Lesion"", ""Fracture"", ""Lung Opacity"", ""Enlarged Cardiomediastinum""]",0.5813184976577759,present,Atelectasis,0.6383250951766968,present,Cardiomegaly,0.5527011752128601,present,Consolidation,0.5194268226623535,present,Edema,0.5540276765823364,present,Effusion,0.5136581659317017,present,Pneumonia,0.4419826567173004,uncertain,Pneumothorax,0.5051125288009644,present,Fracture,0.07730631530284882,absent,Lung Lesion,0.6495720148086548,present,Lung Opacity,0.5227319598197937,present,Enlarged Cardiomediastinum,0.36792245507240295,uncertain,Pleural_Thickening,,unavailable,,,not_computed,,"[""Atelectasis"", ""Cardiomegaly"", ""Consolidation"", ""Edema"", ""Pleural Effusion"", ""Pneumonia"", ""Fracture"", ""Lung Opacity"", ""Enlarged Cardiomediastinum""]","{""Atelectasis"": 0.5813184976577759, ""Cardiomegaly"": 0.6383250951766968, ""Consolidation"": 0.5527011752128601, ""Edema"": 0.5194268226623535, ""Effusion"": 0.5540276765823364, ""Emphysema"": 0.504062294960022, ""Enlarged Cardiomediastinum"": 0.5227319598197937, ""Fibrosis"": 0.5190778970718384, ""Fracture"": 0.5051125288009644, ""Hernia"": 0.07327840477228165, ""Infiltration"": 0.5577017068862915, ""Lung Lesion"": 0.07730631530284882, ""Lung Opacity"": 0.6495720148086548, ""Mass"": 0.6136136651039124, ""Nodule"": 0.5490861535072327, ""Pleural_Thickening"": 0.36792245507240295, ""Pneumonia"": 0.5136581659317017, ""Pneumothorax"": 0.4419826567173004}",retrieval_agent
patient00412/study4,patient00412/study4/view1_frontal.dcm,/home/jovyan/Desktop/MEDAGENT-X/data/raw/chexpert_plus/dicom_train/patient00412/study4/view1_frontal.dcm,torchxrayvision.DenseNet,densenet121-res224-all,cuda,0.5,0.2,"[""Atelectasis"", ""Consolidation"", ""Infiltration"", ""Pneumothorax"", ""Edema"", ""Emphysema"", ""Fibrosis"", ""Effusion"", ""Pneumonia"", ""Pleural_Thickening"", ""Cardiomegaly"", ""Nodule"", ""Mass"", ""Hernia"", ""Lung Lesion"", ""Fracture"", ""Lung Opacity"", ""Enlarged Cardiomediastinum""]",0.6208012104034424,present,Atelectasis,0.7946164011955261,present,Cardiomegaly,0.6270520687103271,present,Consolidation,0.5402368307113647,present,Edema,0.7096289396286011,present,Effusion,0.5107346177101135,present,Pneumonia,0.5027939081192017,present,Pneumothorax,0.5080496072769165,present,Fracture,0.10340818762779236,absent,Lung Lesion,0.815860390663147,present,Lung Opacity,0.5822036266326904,present,Enlarged Cardiomediastinum,0.3461558222770691,uncertain,Pleural_Thickening,,unavailable,,,not_computed,,"[""Atelectasis"", ""Cardiomegaly"", ""Consolidation"", ""Edema"", ""Pleural Effusion"", ""Pneumonia"", ""Pneumothorax"", ""Fracture"", ""Lung Opacity"", ""Enlarged Cardiomediastinum""]","{""Atelectasis"": 0.6208012104034424, ""Cardiomegaly"": 0.7946164011955261, ""Consolidation"": 0.6270520687103271, ""Edema"": 0.5402368307113647, ""Effusion"": 0.7096289396286011, ""Emphysema"": 0.5014828443527222, ""Enlarged Cardiomediastinum"": 0.5822036266326904, ""Fibrosis"": 0.526665210723877, ""Fracture"": 0.5080496072769165, ""Hernia"": 0.06890227645635605, ""Infiltration"": 0.6123312711715698, ""Lung Lesion"": 0.10340818762779236, ""Lung Opacity"": 0.815860390663147, ""Mass"": 0.5731965899467468, ""Nodule"": 0.5357145667076111, ""Pleural_Thickening"": 0.3461558222770691, ""Pneumonia"": 0.5107346177101135, ""Pneumothorax"": 0.5027939081192017}",retrieval_agent
patient00412/study7,patient00412/study7/view1_frontal.dcm,/home/jovyan/Desktop/MEDAGENT-X/data/raw/chexpert_plus/dicom_train/patient00412/study7/view1_frontal.dcm,torchxrayvision.DenseNet,densenet121-res224-all,cuda,0.5,0.2,"[""Atelectasis"", ""Consolidation"", ""Infiltration"", ""Pneumothorax"", ""Edema"", ""Emphysema"", ""Fibrosis"", ""Effusion"", ""Pneumonia"", ""Pleural_Thickening"", ""Cardiomegaly"", ""Nodule"", ""Mass"", ""Hernia"", ""Lung Lesion"", ""Fracture"", ""Lung Opacity"", ""Enlarged Cardiomediastinum""]",0.6184859275817871,present,Atelectasis,0.5895211696624756,present,Cardiomegaly,0.6316704750061035,present,Consolidation,0.5483438968658447,present,Edema,0.723875105381012,present,Effusion,0.5448387861251831,present,Pneumonia,0.5043715238571167,present,Pneumothorax,0.5081707239151001,present,Fracture,0.08102897554636002,absent,Lung Lesion,0.7712099552154541,present,Lung Opacity,0.5106682181358337,present,Enlarged Cardiomediastinum,0.4289601743221283,uncertain,Pleural_Thickening,,unavailable,,,not_computed,,"[""Atelectasis"", ""Cardiomegaly"", ""Consolidation"", ""Edema"", ""Pleural Effusion"", ""Pneumonia"", ""Pneumothorax"", ""Fracture"", ""Lung Opacity"", ""Enlarged Cardiomediastinum""]","{""Atelectasis"": 0.6184859275817871, ""Cardiomegaly"": 0.5895211696624756, ""Consolidation"": 0.6316704750061035, ""Edema"": 0.5483438968658447, ""Effusion"": 0.723875105381012, ""Emphysema"": 0.5014366507530212, ""Enlarged Cardiomediastinum"": 0.5106682181358337, ""Fibrosis"": 0.5131101608276367, ""Fracture"": 0.5081707239151001, ""Hernia"": 0.22661350667476654, ""Infiltration"": 0.6105542182922363, ""Lung Lesion"": 0.08102897554636002, ""Lung Opacity"": 0.7712099552154541, ""Mass"": 0.5530524849891663, ""Nodule"": 0.5478274822235107, ""Pleural_Thickening"": 0.4289601743221283, ""Pneumonia"": 0.5448387861251831, ""Pneumothorax"": 0.5043715238571167}",retrieval_agent
patient00412/study1,patient00412/study1/view1_frontal.dcm,/home/jovyan/Desktop/MEDAGENT-X/data/raw/chexpert_plus/dicom_train/patient00412/study1/view1_frontal.dcm,torchxrayvision.DenseNet,densenet121-res224-all,cuda,0.5,0.2,"[""Atelectasis"", ""Consolidation"", ""Infiltration"", ""Pneumothorax"", ""Edema"", ""Emphysema"", ""Fibrosis"", ""Effusion"", ""Pneumonia"", ""Pleural_Thickening"", ""Cardiomegaly"", ""Nodule"", ""Mass"", ""Hernia"", ""Lung Lesion"", ""Fracture"", ""Lung Opacity"", ""Enlarged Cardiomediastinum""]",0.5055010318756104,present,Atelectasis,0.4998563826084137,uncertain,Cardiomegaly,0.33175984025001526,uncertain,Consolidation,0.07913267612457275,absent,Edema,0.15075670182704926,absent,Effusion,0.033794183284044266,absent,Pneumonia,0.5008226633071899,present,Pneumothorax,0.5382708311080933,present,Fracture,0.013680869713425636,absent,Lung Lesion,0.5126880407333374,present,Lung Opacity,0.503828763961792,present,Enlarged Cardiomediastinum,0.4527473747730255,uncertain,Pleural_Thickening,,unavailable,,,not_computed,,"[""Atelectasis"", ""Pneumothorax"", ""Fracture"", ""Lung Opacity"", ""Enlarged Cardiomediastinum""]","{""Atelectasis"": 0.5055010318756104, ""Cardiomegaly"": 0.4998563826084137, ""Consolidation"": 0.33175984025001526, ""Edema"": 0.07913267612457275, ""Effusion"": 0.15075670182704926, ""Emphysema"": 0.5021170377731323, ""Enlarged Cardiomediastinum"": 0.503828763961792, ""Fibrosis"": 0.5016926527023315, ""Fracture"": 0.5382708311080933, ""Hernia"": 0.008631915785372257, ""Infiltration"": 0.3029008209705353, ""Lung Lesion"": 0.013680869713425636, ""Lung Opacity"": 0.5126880407333374, ""Mass"": 0.5558526515960693, ""Nodule"": 0.5201981067657471, ""Pleural_Thickening"": 0.4527473747730255, ""Pneumonia"": 0.033794183284044266, ""Pneumothorax"": 0.5008226633071899}",retrieval_agent
patient00412/study3,patient00412/study3/view1_frontal.dcm,/home/jovyan/Desktop/MEDAGENT-X/data/raw/chexpert_plus/dicom_train/patient00412/study3/view1_frontal.dcm,torchxrayvision.DenseNet,densenet121-res224-all,cuda,0.5,0.2,"[""Atelectasis"", ""Consolidation"", ""Infiltration"", ""Pneumothorax"", ""Edema"", ""Emphysema"", ""Fibrosis"", ""Effusion"", ""Pneumonia"", ""Pleural_Thickening"", ""Cardiomegaly"", ""Nodule"", ""Mass"", ""Hernia"", ""Lung Lesion"", ""Fracture"", ""Lung Opacity"", ""Enlarged Cardiomediastinum""]",0.3035455346107483,uncertain,Atelectasis,0.5159435272216797,present,Cardiomegaly,0.37273314595222473,uncertain,Consolidation,0.5094592571258545,present,Edema,0.08177292346954346,absent,Effusion,0.35960477590560913,uncertain,Pneumonia,0.11386411637067795,absent,Pneumothorax,0.3101068139076233,uncertain,Fracture,0.015589344315230846,absent,Lung Lesion,0.516365647315979,present,Lung Opacity,0.18339237570762634,absent,Enlarged Cardiomediastinum,0.13920284807682037,absent,Pleural_Thickening,,unavailable,,,not_computed,,"[""Cardiomegaly"", ""Edema"", ""Lung Opacity""]","{""Atelectasis"": 0.3035455346107483, ""Cardiomegaly"": 0.5159435272216797, ""Consolidation"": 0.37273314595222473, ""Edema"": 0.5094592571258545, ""Effusion"": 0.08177292346954346, ""Emphysema"": 0.2256752997636795, ""Enlarged Cardiomediastinum"": 0.18339237570762634, ""Fibrosis"": 0.502811074256897, ""Fracture"": 0.3101068139076233, ""Hernia"": 0.00717255100607872, ""Infiltration"": 0.5063172578811646, ""Lung Lesion"": 0.015589344315230846, ""Lung Opacity"": 0.516365647315979, ""Mass"": 0.3112114667892456, ""Nodule"": 0.5126656293869019, ""Pleural_Thickening"": 0.13920284807682037, ""Pneumonia"": 0.35960477590560913, ""Pneumothorax"": 0.11386411637067795}",retrieval_agent
patient00412/study8,patient00412/study8/view1_frontal.dcm,/home/jovyan/Desktop/MEDAGENT-X/data/raw/chexpert_plus/dicom_train/patient00412/study8/view1_frontal.dcm,torchxrayvision.DenseNet,densenet121-res224-all,cuda,0.5,0.2,"[""Atelectasis"", ""Consolidation"", ""Infiltration"", ""Pneumothorax"", ""Edema"", ""Emphysema"", ""Fibrosis"", ""Effusion"", ""Pneumonia"", ""Pleural_Thickening"", ""Cardiomegaly"", ""Nodule"", ""Mass"", ""Hernia"", ""Lung Lesion"", ""Fracture"", ""Lung Opacity"", ""Enlarged Cardiomediastinum""]",0.6483107805252075,present,Atelectasis,0.5818493366241455,present,Cardiomegaly,0.584358811378479,present,Consolidation,0.5538386702537537,present,Edema,0.7319870591163635,present,Effusion,0.526130199432373,present,Pneumonia,0.5054701566696167,present,Pneumothorax,0.5229806900024414,present,Fracture,0.06805677711963654,absent,Lung Lesion,0.7460257411003113,present,Lung Opacity,0.5252609252929688,present,Enlarged Cardiomediastinum,0.30554383993148804,uncertain,Pleural_Thickening,,unavailable,,,not_computed,,"[""Atelectasis"", ""Cardiomegaly"", ""Consolidation"", ""Edema"", ""Pleural Effusion"", ""Pneumonia"", ""Pneumothorax"", ""Fracture"", ""Lung Opacity"", ""Enlarged Cardiomediastinum""]","{""Atelectasis"": 0.6483107805252075, ""Cardiomegaly"": 0.5818493366241455, ""Consolidation"": 0.584358811378479, ""Edema"": 0.5538386702537537, ""Effusion"": 0.7319870591163635, ""Emphysema"": 0.5008723735809326, ""Enlarged Cardiomediastinum"": 0.5252609252929688, ""Fibrosis"": 0.5040168762207031, ""Fracture"": 0.5229806900024414, ""Hernia"": 0.5003979206085205, ""Infiltration"": 0.5485625267028809, ""Lung Lesion"": 0.06805677711963654, ""Lung Opacity"": 0.7460257411003113, ""Mass"": 0.5599272847175598, ""Nodule"": 0.5122531652450562, ""Pleural_Thickening"": 0.30554383993148804, ""Pneumonia"": 0.526130199432373, ""Pneumothorax"": 0.5054701566696167}",retrieval_agent
patient00412/study5,patient00412/study5/view1_frontal.dcm,/home/jovyan/Desktop/MEDAGENT-X/data/raw/chexpert_plus/dicom_train/patient00412/study5/view1_frontal.dcm,torchxrayvision.DenseNet,densenet121-res224-all,cuda,0.5,0.2,"[""Atelectasis"", ""Consolidation"", ""Infiltration"", ""Pneumothorax"", ""Edema"", ""Emphysema"", ""Fibrosis"", ""Effusion"", ""Pneumonia"", ""Pleural_Thickening"", ""Cardiomegaly"", ""Nodule"", ""Mass"", ""Hernia"", ""Lung Lesion"", ""Fracture"", ""Lung Opacity"", ""Enlarged Cardiomediastinum""]",0.5766605138778687,present,Atelectasis,0.524639368057251,present,Cardiomegaly,0.5390192866325378,present,Consolidation,0.5232282280921936,present,Edema,0.5231149196624756,present,Effusion,0.4595254957675934,uncertain,Pneumonia,0.27819517254829407,uncertain,Pneumothorax,0.35622408986091614,uncertain,Fracture,0.028368500992655754,absent,Lung Lesion,0.6415043473243713,present,Lung Opacity,0.387587308883667,uncertain,Enlarged Cardiomediastinum,0.1561700999736786,absent,Pleural_Thickening,,unavailable,,,not_computed,,"[""Atelectasis"", ""Cardiomegaly"", ""Consolidation"", ""Edema"", ""Pleural Effusion"", ""Lung Opacity""]","{""Atelectasis"": 0.5766605138778687, ""Cardiomegaly"": 0.524639368057251, ""Consolidation"": 0.5390192866325378, ""Edema"": 0.5232282280921936, ""Effusion"": 0.5231149196624756, ""Emphysema"": 0.3486492931842804, ""Enlarged Cardiomediastinum"": 0.387587308883667, ""Fibrosis"": 0.509339451789856, ""Fracture"": 0.35622408986091614, ""Hernia"": 0.5091607570648193, ""Infiltration"": 0.5679422616958618, ""Lung Lesion"": 0.028368500992655754, ""Lung Opacity"": 0.6415043473243713, ""Mass"": 0.5155750513076782, ""Nodule"": 0.5055966973304749, ""Pleural_Thickening"": 0.1561700999736786, ""Pneumonia"": 0.4595254957675934, ""Pneumothorax"": 0.27819517254829407}",retrieval_agent
patient00425/study1,patient00425/study1/view1_frontal.dcm,/home/jovyan/Desktop/MEDAGENT-X/data/raw/chexpert_plus/dicom_train/patient00425/study1/view1_frontal.dcm,torchxrayvision.DenseNet,densenet121-res224-all,cuda,0.5,0.2,"[""Atelectasis"", ""Consolidation"", ""Infiltration"", ""Pneumothorax"", ""Edema"", ""Emphysema"", ""Fibrosis"", ""Effusion"", ""Pneumonia"", ""Pleural_Thickening"", ""Cardiomegaly"", ""Nodule"", ""Mass"", ""Hernia"", ""Lung Lesion"", ""Fracture"", ""Lung Opacity"", ""Enlarged Cardiomediastinum""]",0.6352219581604004,present,Atelectasis,0.5608507394790649,present,Cardiomegaly,0.6065570116043091,present,Consolidation,0.5079597234725952,present,Edema,0.6872235536575317,present,Effusion,0.1918131560087204,absent,Pneumonia,0.516683042049408,present,Pneumothorax,0.5079750418663025,present,Fracture,0.1448686271905899,absent,Lung Lesion,0.7612460851669312,present,Lung Opacity,0.5893763899803162,present,Enlarged Cardiomediastinum,0.5531002283096313,present,Pleural_Thickening,,unavailable,,,not_computed,,"[""Atelectasis"", ""Cardiomegaly"", ""Consolidation"", ""Edema"", ""Pleural Effusion"", ""Pneumothorax"", ""Fracture"", ""Lung Opacity"", ""Enlarged Cardiomediastinum"", ""Pleural Other""]","{""Atelectasis"": 0.6352219581604004, ""Cardiomegaly"": 0.5608507394790649, ""Consolidation"": 0.6065570116043091, ""Edema"": 0.5079597234725952, ""Effusion"": 0.6872235536575317, ""Emphysema"": 0.5020023584365845, ""Enlarged Cardiomediastinum"": 0.5893763899803162, ""Fibrosis"": 0.5238051414489746, ""Fracture"": 0.5079750418663025, ""Hernia"": 0.12244991958141327, ""Infiltration"": 0.5368585586547852, ""Lung Lesion"": 0.1448686271905899, ""Lung Opacity"": 0.7612460851669312, ""Mass"": 0.6704152822494507, ""Nodule"": 0.5307604074478149, ""Pleural_Thickening"": 0.5531002283096313, ""Pneumonia"": 0.1918131560087204, ""Pneumothorax"": 0.516683042049408}",retrieval_agent
patient00429/study1,patient00429/study1/view1_frontal.dcm,/home/jovyan/Desktop/MEDAGENT-X/data/raw/chexpert_plus/dicom_train/patient00429/study1/view1_frontal.dcm,torchxrayvision.DenseNet,densenet121-res224-all,cuda,0.5,0.2,"[""Atelectasis"", ""Consolidation"", ""Infiltration"", ""Pneumothorax"", ""Edema"", ""Emphysema"", ""Fibrosis"", ""Effusion"", ""Pneumonia"", ""Pleural_Thickening"", ""Cardiomegaly"", ""Nodule"", ""Mass"", ""Hernia"", ""Lung Lesion"", ""Fracture"", ""Lung Opacity"", ""Enlarged Cardiomediastinum""]",0.5780246257781982,present,Atelectasis,0.5659579038619995,present,Cardiomegaly,0.5386110544204712,present,Consolidation,0.1446405053138733,absent,Edema,0.7180215120315552,present,Effusion,0.20952624082565308,uncertain,Pneumonia,0.5015732049942017,present,Pneumothorax,0.5194734334945679,present,Fracture,0.023344015702605247,absent,Lung Lesion,0.6354197859764099,present,Lung Opacity,0.5206969976425171,present,Enlarged Cardiomediastinum,0.5378707647323608,present,Pleural_Thickening,,unavailable,,,not_computed,,"[""Atelectasis"", ""Cardiomegaly"", ""Consolidation"", ""Pleural Effusion"", ""Pneumothorax"", ""Fracture"", ""Lung Opacity"", ""Enlarged Cardiomediastinum"", ""Pleural Other""]","{""Atelectasis"": 0.5780246257781982, ""Cardiomegaly"": 0.5659579038619995, ""Consolidation"": 0.5386110544204712, ""Edema"": 0.1446405053138733, ""Effusion"": 0.7180215120315552, ""Emphysema"": 0.5064078569412231, ""Enlarged Cardiomediastinum"": 0.5206969976425171, ""Fibrosis"": 0.5252193212509155, ""Fracture"": 0.5194734334945679, ""Hernia"": 0.11749529093503952, ""Infiltration"": 0.504920244216919, ""Lung Lesion"": 0.023344015702605247, ""Lung Opacity"": 0.6354197859764099, ""Mass"": 0.5353032946586609, ""Nodule"": 0.5124204158782959, ""Pleural_Thickening"": 0.5378707647323608, ""Pneumonia"": 0.20952624082565308, ""Pneumothorax"": 0.5015732049942017}",retrieval_agent
patient00429/study1,patient00429/study1/view2_frontal.dcm,/home/jovyan/Desktop/MEDAGENT-X/data/raw/chexpert_plus/dicom_train/patient00429/study1/view2_frontal.dcm,torchxrayvision.DenseNet,densenet121-res224-all,cuda,0.5,0.2,"[""Atelectasis"", ""Consolidation"", ""Infiltration"", ""Pneumothorax"", ""Edema"", ""Emphysema"", ""Fibrosis"", ""Effusion"", ""Pneumonia"", ""Pleural_Thickening"", ""Cardiomegaly"", ""Nodule"", ""Mass"", ""Hernia"", ""Lung Lesion"", ""Fracture"", ""Lung Opacity"", ""Enlarged Cardiomediastinum""]",0.595123291015625,present,Atelectasis,0.5618546009063721,present,Cardiomegaly,0.5532588362693787,present,Consolidation,0.1592523604631424,absent,Edema,0.6547144651412964,present,Effusion,0.2865730822086334,uncertain,Pneumonia,0.5015836954116821,present,Pneumothorax,0.5202441215515137,present,Fracture,0.020318644121289253,absent,Lung Lesion,0.6354566812515259,present,Lung Opacity,0.5324764251708984,present,Enlarged Cardiomediastinum,0.5393773317337036,present,Pleural_Thickening,,unavailable,,,not_computed,,"[""Atelectasis"", ""Cardiomegaly"", ""Consolidation"", ""Pleural Effusion"", ""Pneumothorax"", ""Fracture"", ""Lung Opacity"", ""Enlarged Cardiomediastinum"", ""Pleural Other""]","{""Atelectasis"": 0.595123291015625, ""Cardiomegaly"": 0.5618546009063721, ""Consolidation"": 0.5532588362693787, ""Edema"": 0.1592523604631424, ""Effusion"": 0.6547144651412964, ""Emphysema"": 0.5037951469421387, ""Enlarged Cardiomediastinum"": 0.5324764251708984, ""Fibrosis"": 0.5209395885467529, ""Fracture"": 0.5202441215515137, ""Hernia"": 0.0884091779589653, ""Infiltration"": 0.4847807288169861, ""Lung Lesion"": 0.020318644121289253, ""Lung Opacity"": 0.6354566812515259, ""Mass"": 0.5386086702346802, ""Nodule"": 0.5105956792831421, ""Pleural_Thickening"": 0.5393773317337036, ""Pneumonia"": 0.2865730822086334, ""Pneumothorax"": 0.5015836954116821}",retrieval_agent
patient00429/study1,patient00429/study1/view3_lateral.dcm,/home/jovyan/Desktop/MEDAGENT-X/data/raw/chexpert_plus/dicom_train/patient00429/study1/view3_lateral.dcm,torchxrayvision.DenseNet,densenet121-res224-all,cuda,0.5,0.2,"[""Atelectasis"", ""Consolidation"", ""Infiltration"", ""Pneumothorax"", ""Edema"", ""Emphysema"", ""Fibrosis"", ""Effusion"", ""Pneumonia"", ""Pleural_Thickening"", ""Cardiomegaly"", ""Nodule"", ""Mass"", ""Hernia"", ""Lung Lesion"", ""Fracture"", ""Lung Opacity"", ""Enlarged Cardiomediastinum""]",0.5146820545196533,present,Atelectasis,0.370372474193573,uncertain,Cardiomegaly,0.5229226350784302,present,Consolidation,0.5175575017929077,present,Edema,0.5993853211402893,present,Effusion,0.7512362003326416,present,Pneumonia,0.08255371451377869,absent,Pneumothorax,0.11307273805141449,absent,Fracture,0.22063219547271729,uncertain,Lung Lesion,0.8632252812385559,present,Lung Opacity,0.519498348236084,present,Enlarged Cardiomediastinum,0.053594671189785004,absent,Pleural_Thickening,,unavailable,,,not_computed,,"[""Atelectasis"", ""Consolidation"", ""Edema"", ""Pleural Effusion"", ""Pneumonia"", ""Lung Opacity"", ""Enlarged Cardiomediastinum""]","{""Atelectasis"": 0.5146820545196533, ""Cardiomegaly"": 0.370372474193573, ""Consolidation"": 0.5229226350784302, ""Edema"": 0.5175575017929077, ""Effusion"": 0.5993853211402893, ""Emphysema"": 0.5055924654006958, ""Enlarged Cardiomediastinum"": 0.519498348236084, ""Fibrosis"": 0.06584713608026505, ""Fracture"": 0.11307273805141449, ""Hernia"": 0.0031747915782034397, ""Infiltration"": 0.5532637238502502, ""Lung Lesion"": 0.22063219547271729, ""Lung Opacity"": 0.8632252812385559, ""Mass"": 0.22011436522006989, ""Nodule"": 0.4811803996562958, ""Pleural_Thickening"": 0.053594671189785004, ""Pneumonia"": 0.7512362003326416, ""Pneumothorax"": 0.08255371451377869}",retrieval_agent
patient00441/study4,patient00441/study4/view1_frontal.dcm,/home/jovyan/Desktop/MEDAGENT-X/data/raw/chexpert_plus/dicom_train/patient00441/study4/view1_frontal.dcm,torchxrayvision.DenseNet,densenet121-res224-all,cuda,0.5,0.2,"[""Atelectasis"", ""Consolidation"", ""Infiltration"", ""Pneumothorax"", ""Edema"", ""Emphysema"", ""Fibrosis"", ""Effusion"", ""Pneumonia"", ""Pleural_Thickening"", ""Cardiomegaly"", ""Nodule"", ""Mass"", ""Hernia"", ""Lung Lesion"", ""Fracture"", ""Lung Opacity"", ""Enlarged Cardiomediastinum""]",0.7189040184020996,present,Atelectasis,0.6485960483551025,present,Cardiomegaly,0.6636390686035156,present,Consolidation,0.5575075149536133,present,Edema,0.8517079949378967,present,Effusion,0.3932710587978363,uncertain,Pneumonia,0.5053161382675171,present,Pneumothorax,0.5308565497398376,present,Fracture,0.25496387481689453,uncertain,Lung Lesion,0.7815311551094055,present,Lung Opacity,0.5530648231506348,present,Enlarged Cardiomediastinum,0.5188499689102173,present,Pleural_Thickening,,unavailable,,,not_computed,,"[""Atelectasis"", ""Cardiomegaly"", ""Consolidation"", ""Edema"", ""Pleural Effusion"", ""Pneumothorax"", ""Fracture"", ""Lung Opacity"", ""Enlarged Cardiomediastinum"", ""Pleural Other""]","{""Atelectasis"": 0.7189040184020996, ""Cardiomegaly"": 0.6485960483551025, ""Consolidation"": 0.6636390686035156, ""Edema"": 0.5575075149536133, ""Effusion"": 0.8517079949378967, ""Emphysema"": 0.5012719631195068, ""Enlarged Cardiomediastinum"": 0.5530648231506348, ""Fibrosis"": 0.5230779647827148, ""Fracture"": 0.5308565497398376, ""Hernia"": 0.2260178178548813, ""Infiltration"": 0.6134028434753418, ""Lung Lesion"": 0.25496387481689453, ""Lung Opacity"": 0.7815311551094055, ""Mass"": 0.5761349201202393, ""Nodule"": 0.5206890106201172, ""Pleural_Thickening"": 0.5188499689102173, ""Pneumonia"": 0.3932710587978363, ""Pneumothorax"": 0.5053161382675171}",retrieval_agent
patient00441/study6,patient00441/study6/view1_frontal.dcm,/home/jovyan/Desktop/MEDAGENT-X/data/raw/chexpert_plus/dicom_train/patient00441/study6/view1_frontal.dcm,torchxrayvision.DenseNet,densenet121-res224-all,cuda,0.5,0.2,"[""Atelectasis"", ""Consolidation"", ""Infiltration"", ""Pneumothorax"", ""Edema"", ""Emphysema"", ""Fibrosis"", ""Effusion"", ""Pneumonia"", ""Pleural_Thickening"", ""Cardiomegaly"", ""Nodule"", ""Mass"", ""Hernia"", ""Lung Lesion"", ""Fracture"", ""Lung Opacity"", ""Enlarged Cardiomediastinum""]",0.6028099656105042,present,Atelectasis,0.5616858005523682,present,Cardiomegaly,0.5809268355369568,present,Consolidation,0.5897665023803711,present,Edema,0.5204954147338867,present,Effusion,0.5511441230773926,present,Pneumonia,0.5077440738677979,present,Pneumothorax,0.5389361381530762,present,Fracture,0.5844942331314087,present,Lung Lesion,0.737217903137207,present,Lung Opacity,0.5405691862106323,present,Enlarged Cardiomediastinum,0.510941743850708,present,Pleural_Thickening,,unavailable,,,not_computed,,"[""Atelectasis"", ""Cardiomegaly"", ""Consolidation"", ""Edema"", ""Pleural Effusion"", ""Pneumonia"", ""Pneumothorax"", ""Fracture"", ""Lung Lesion"", ""Lung Opacity"", ""Enlarged Cardiomediastinum"", ""Pleural Other""]","{""Atelectasis"": 0.6028099656105042, ""Cardiomegaly"": 0.5616858005523682, ""Consolidation"": 0.5809268355369568, ""Edema"": 0.5897665023803711, ""Effusion"": 0.5204954147338867, ""Emphysema"": 0.5063683986663818, ""Enlarged Cardiomediastinum"": 0.5405691862106323, ""Fibrosis"": 0.5327543020248413, ""Fracture"": 0.5389361381530762, ""Hernia"": 0.046071842312812805, ""Infiltration"": 0.684814989566803, ""Lung Lesion"": 0.5844942331314087, ""Lung Opacity"": 0.737217903137207, ""Mass"": 0.5479661226272583, ""Nodule"": 0.5971982479095459, ""Pleural_Thickening"": 0.510941743850708, ""Pneumonia"": 0.5511441230773926, ""Pneumothorax"": 0.5077440738677979}",retrieval_agent
patient00441/study3,patient00441/study3/view1_frontal.dcm,/home/jovyan/Desktop/MEDAGENT-X/data/raw/chexpert_plus/dicom_train/patient00441/study3/view1_frontal.dcm,torchxrayvision.DenseNet,densenet121-res224-all,cuda,0.5,0.2,"[""Atelectasis"", ""Consolidation"", ""Infiltration"", ""Pneumothorax"", ""Edema"", ""Emphysema"", ""Fibrosis"", ""Effusion"", ""Pneumonia"", ""Pleural_Thickening"", ""Cardiomegaly"", ""Nodule"", ""Mass"", ""Hernia"", ""Lung Lesion"", ""Fracture"", ""Lung Opacity"", ""Enlarged Cardiomediastinum""]",0.6746526956558228,present,Atelectasis,0.5513212084770203,present,Cardiomegaly,0.6510485410690308,present,Consolidation,0.5727325081825256,present,Edema,0.7371161580085754,present,Effusion,0.48255455493927,uncertain,Pneumonia,0.5286500453948975,present,Pneumothorax,0.5455715656280518,present,Fracture,0.501427412033081,present,Lung Lesion,0.8280544281005859,present,Lung Opacity,0.5739545822143555,present,Enlarged Cardiomediastinum,0.5663937330245972,present,Pleural_Thickening,,unavailable,,,not_computed,,"[""Atelectasis"", ""Cardiomegaly"", ""Consolidation"", ""Edema"", ""Pleural Effusion"", ""Pneumothorax"", ""Fracture"", ""Lung Lesion"", ""Lung Opacity"", ""Enlarged Cardiomediastinum"", ""Pleural Other""]","{""Atelectasis"": 0.6746526956558228, ""Cardiomegaly"": 0.5513212084770203, ""Consolidation"": 0.6510485410690308, ""Edema"": 0.5727325081825256, ""Effusion"": 0.7371161580085754, ""Emphysema"": 0.506615161895752, ""Enlarged Cardiomediastinum"": 0.5739545822143555, ""Fibrosis"": 0.5821691751480103, ""Fracture"": 0.5455715656280518, ""Hernia"": 0.13992492854595184, ""Infiltration"": 0.6158186793327332, ""Lung Lesion"": 0.501427412033081, ""Lung Opacity"": 0.8280544281005859, ""Mass"": 0.6918544769287109, ""Nodule"": 0.5523829460144043, ""Pleural_Thickening"": 0.5663937330245972, ""Pneumonia"": 0.48255455493927, ""Pneumothorax"": 0.5286500453948975}",retrieval_agent
patient00441/study5,patient00441/study5/view1_frontal.dcm,/home/jovyan/Desktop/MEDAGENT-X/data/raw/chexpert_plus/dicom_train/patient00441/study5/view1_frontal.dcm,torchxrayvision.DenseNet,densenet121-res224-all,cuda,0.5,0.2,"[""Atelectasis"", ""Consolidation"", ""Infiltration"", ""Pneumothorax"", ""Edema"", ""Emphysema"", ""Fibrosis"", ""Effusion"", ""Pneumonia"", ""Pleural_Thickening"", ""Cardiomegaly"", ""Nodule"", ""Mass"", ""Hernia"", ""Lung Lesion"", ""Fracture"", ""Lung Opacity"", ""Enlarged Cardiomediastinum""]",0.7477744817733765,present,Atelectasis,0.6006227135658264,present,Cardiomegaly,0.6889251470565796,present,Consolidation,0.5478272438049316,present,Edema,0.8874244689941406,present,Effusion,0.3259424567222595,uncertain,Pneumonia,0.5092418789863586,present,Pneumothorax,0.55433189868927,present,Fracture,0.3801732659339905,uncertain,Lung Lesion,0.8137539625167847,present,Lung Opacity,0.574108362197876,present,Enlarged Cardiomediastinum,0.5392801761627197,present,Pleural_Thickening,,unavailable,,,not_computed,,"[""Atelectasis"", ""Cardiomegaly"", ""Consolidation"", ""Edema"", ""Pleural Effusion"", ""Pneumothorax"", ""Fracture"", ""Lung Opacity"", ""Enlarged Cardiomediastinum"", ""Pleural Other""]","{""Atelectasis"": 0.7477744817733765, ""Cardiomegaly"": 0.6006227135658264, ""Consolidation"": 0.6889251470565796, ""Edema"": 0.5478272438049316, ""Effusion"": 0.8874244689941406, ""Emphysema"": 0.5015358924865723, ""Enlarged Cardiomediastinum"": 0.574108362197876, ""Fibrosis"": 0.5174568891525269, ""Fracture"": 0.55433189868927, ""Hernia"": 0.2496228665113449, ""Infiltration"": 0.6088061332702637, ""Lung Lesion"": 0.3801732659339905, ""Lung Opacity"": 0.8137539625167847, ""Mass"": 0.621650755405426, ""Nodule"": 0.5335926413536072, ""Pleural_Thickening"": 0.5392801761627197, ""Pneumonia"": 0.3259424567222595, ""Pneumothorax"": 0.5092418789863586}",retrieval_agent
patient00441/study2,patient00441/study2/view1_frontal.dcm,/home/jovyan/Desktop/MEDAGENT-X/data/raw/chexpert_plus/dicom_train/patient00441/study2/view1_frontal.dcm,torchxrayvision.DenseNet,densenet121-res224-all,cuda,0.5,0.2,"[""Atelectasis"", ""Consolidation"", ""Infiltration"", ""Pneumothorax"", ""Edema"", ""Emphysema"", ""Fibrosis"", ""Effusion"", ""Pneumonia"", ""Pleural_Thickening"", ""Cardiomegaly"", ""Nodule"", ""Mass"", ""Hernia"", ""Lung Lesion"", ""Fracture"", ""Lung Opacity"", ""Enlarged Cardiomediastinum""]",0.6299039125442505,present,Atelectasis,0.5391704440116882,present,Cardiomegaly,0.5523656606674194,present,Consolidation,0.5094940662384033,present,Edema,0.5361573100090027,present,Effusion,0.17374613881111145,absent,Pneumonia,0.5017397403717041,present,Pneumothorax,0.520361065864563,present,Fracture,0.09351687878370285,absent,Lung Lesion,0.6993709802627563,present,Lung Opacity,0.5516525506973267,present,Enlarged Cardiomediastinum,0.5172508955001831,present,Pleural_Thickening,,unavailable,,,not_computed,,"[""Atelectasis"", ""Cardiomegaly"", ""Consolidation"", ""Edema"", ""Pleural Effusion"", ""Pneumothorax"", ""Fracture"", ""Lung Opacity"", ""Enlarged Cardiomediastinum"", ""Pleural Other""]","{""Atelectasis"": 0.6299039125442505, ""Cardiomegaly"": 0.5391704440116882, ""Consolidation"": 0.5523656606674194, ""Edema"": 0.5094940662384033, ""Effusion"": 0.5361573100090027, ""Emphysema"": 0.502143383026123, ""Enlarged Cardiomediastinum"": 0.5516525506973267, ""Fibrosis"": 0.5372017025947571, ""Fracture"": 0.520361065864563, ""Hernia"": 0.040803682059049606, ""Infiltration"": 0.5441556572914124, ""Lung Lesion"": 0.09351687878370285, ""Lung Opacity"": 0.6993709802627563, ""Mass"": 0.561690092086792, ""Nodule"": 0.5187525749206543, ""Pleural_Thickening"": 0.5172508955001831, ""Pneumonia"": 0.17374613881111145, ""Pneumothorax"": 0.5017397403717041}",retrieval_agent
patient00441/study1,patient00441/study1/view1_frontal.dcm,/home/jovyan/Desktop/MEDAGENT-X/data/raw/chexpert_plus/dicom_train/patient00441/study1/view1_frontal.dcm,torchxrayvision.DenseNet,densenet121-res224-all,cuda,0.5,0.2,"[""Atelectasis"", ""Consolidation"", ""Infiltration"", ""Pneumothorax"", ""Edema"", ""Emphysema"", ""Fibrosis"", ""Effusion"", ""Pneumonia"", ""Pleural_Thickening"", ""Cardiomegaly"", ""Nodule"", ""Mass"", ""Hernia"", ""Lung Lesion"", ""Fracture"", ""Lung Opacity"", ""Enlarged Cardiomediastinum""]",0.512401819229126,present,Atelectasis,0.5279496908187866,present,Cardiomegaly,0.5180659294128418,present,Consolidation,0.1287859082221985,absent,Edema,0.20241624116897583,uncertain,Effusion,0.02771022357046604,absent,Pneumonia,0.36265629529953003,uncertain,Pneumothorax,0.5094306468963623,present,Fracture,0.22055840492248535,uncertain,Lung Lesion,0.6210139989852905,present,Lung Opacity,0.5123447179794312,present,Enlarged Cardiomediastinum,0.5034475326538086,present,Pleural_Thickening,,unavailable,,,not_computed,,"[""Atelectasis"", ""Cardiomegaly"", ""Consolidation"", ""Fracture"", ""Lung Opacity"", ""Enlarged Cardiomediastinum"", ""Pleural Other""]","{""Atelectasis"": 0.512401819229126, ""Cardiomegaly"": 0.5279496908187866, ""Consolidation"": 0.5180659294128418, ""Edema"": 0.1287859082221985, ""Effusion"": 0.20241624116897583, ""Emphysema"": 0.5040431022644043, ""Enlarged Cardiomediastinum"": 0.5123447179794312, ""Fibrosis"": 0.5338033437728882, ""Fracture"": 0.5094306468963623, ""Hernia"": 0.020182088017463684, ""Infiltration"": 0.5382644534111023, ""Lung Lesion"": 0.22055840492248535, ""Lung Opacity"": 0.6210139989852905, ""Mass"": 0.6010442972183228, ""Nodule"": 0.5963817834854126, ""Pleural_Thickening"": 0.5034475326538086, ""Pneumonia"": 0.02771022357046604, ""Pneumothorax"": 0.36265629529953003}",retrieval_agent
patient00448/study1,patient00448/study1/view1_frontal.dcm,/home/jovyan/Desktop/MEDAGENT-X/data/raw/chexpert_plus/dicom_train/patient00448/study1/view1_frontal.dcm,torchxrayvision.DenseNet,densenet121-res224-all,cuda,0.5,0.2,"[""Atelectasis"", ""Consolidation"", ""Infiltration"", ""Pneumothorax"", ""Edema"", ""Emphysema"", ""Fibrosis"", ""Effusion"", ""Pneumonia"", ""Pleural_Thickening"", ""Cardiomegaly"", ""Nodule"", ""Mass"", ""Hernia"", ""Lung Lesion"", ""Fracture"", ""Lung Opacity"", ""Enlarged Cardiomediastinum""]",0.6249154806137085,present,Atelectasis,0.026024984195828438,absent,Cardiomegaly,0.5560054779052734,present,Consolidation,0.03062431327998638,absent,Edema,0.5977933406829834,present,Effusion,0.12655550241470337,absent,Pneumonia,0.4229053258895874,uncertain,Pneumothorax,0.5048218965530396,present,Fracture,0.031805381178855896,absent,Lung Lesion,0.525265097618103,present,Lung Opacity,0.10953620821237564,absent,Enlarged Cardiomediastinum,0.5184198617935181,present,Pleural_Thickening,,unavailable,,,not_computed,,"[""Atelectasis"", ""Consolidation"", ""Pleural Effusion"", ""Fracture"", ""Lung Opacity"", ""Pleural Other""]","{""Atelectasis"": 0.6249154806137085, ""Cardiomegaly"": 0.026024984195828438, ""Consolidation"": 0.5560054779052734, ""Edema"": 0.03062431327998638, ""Effusion"": 0.5977933406829834, ""Emphysema"": 0.26764965057373047, ""Enlarged Cardiomediastinum"": 0.10953620821237564, ""Fibrosis"": 0.5210922956466675, ""Fracture"": 0.5048218965530396, ""Hernia"": 0.14788709580898285, ""Infiltration"": 0.5642375946044922, ""Lung Lesion"": 0.031805381178855896, ""Lung Opacity"": 0.525265097618103, ""Mass"": 0.5032155513763428, ""Nodule"": 0.5040081143379211, ""Pleural_Thickening"": 0.5184198617935181, ""Pneumonia"": 0.12655550241470337, ""Pneumothorax"": 0.4229053258895874}",retrieval_agent
patient00448/study1,patient00448/study1/view2_lateral.dcm,/home/jovyan/Desktop/MEDAGENT-X/data/raw/chexpert_plus/dicom_train/patient00448/study1/view2_lateral.dcm,torchxrayvision.DenseNet,densenet121-res224-all,cuda,0.5,0.2,"[""Atelectasis"", ""Consolidation"", ""Infiltration"", ""Pneumothorax"", ""Edema"", ""Emphysema"", ""Fibrosis"", ""Effusion"", ""Pneumonia"", ""Pleural_Thickening"", ""Cardiomegaly"", ""Nodule"", ""Mass"", ""Hernia"", ""Lung Lesion"", ""Fracture"", ""Lung Opacity"", ""Enlarged Cardiomediastinum""]",0.4896415174007416,uncertain,Atelectasis,0.29811587929725647,uncertain,Cardiomegaly,0.5573021173477173,present,Consolidation,0.48793119192123413,uncertain,Edema,0.4783481955528259,uncertain,Effusion,0.7188507318496704,present,Pneumonia,0.18911121785640717,absent,Pneumothorax,0.23189084231853485,uncertain,Fracture,0.037198010832071304,absent,Lung Lesion,0.8579655289649963,present,Lung Opacity,0.513808012008667,present,Enlarged Cardiomediastinum,0.13332220911979675,absent,Pleural_Thickening,,unavailable,,,not_computed,,"[""Consolidation"", ""Pneumonia"", ""Lung Opacity"", ""Enlarged Cardiomediastinum""]","{""Atelectasis"": 0.4896415174007416, ""Cardiomegaly"": 0.29811587929725647, ""Consolidation"": 0.5573021173477173, ""Edema"": 0.48793119192123413, ""Effusion"": 0.4783481955528259, ""Emphysema"": 0.5041177868843079, ""Enlarged Cardiomediastinum"": 0.513808012008667, ""Fibrosis"": 0.15830543637275696, ""Fracture"": 0.23189084231853485, ""Hernia"": 0.0035995137877762318, ""Infiltration"": 0.567503809928894, ""Lung Lesion"": 0.037198010832071304, ""Lung Opacity"": 0.8579655289649963, ""Mass"": 0.42068326473236084, ""Nodule"": 0.5050294995307922, ""Pleural_Thickening"": 0.13332220911979675, ""Pneumonia"": 0.7188507318496704, ""Pneumothorax"": 0.18911121785640717}",retrieval_agent
patient00450/study1,patient00450/study1/view2_lateral.dcm,/home/jovyan/Desktop/MEDAGENT-X/data/raw/chexpert_plus/dicom_train/patient00450/study1/view2_lateral.dcm,torchxrayvision.DenseNet,densenet121-res224-all,cuda,0.5,0.2,"[""Atelectasis"", ""Consolidation"", ""Infiltration"", ""Pneumothorax"", ""Edema"", ""Emphysema"", ""Fibrosis"", ""Effusion"", ""Pneumonia"", ""Pleural_Thickening"", ""Cardiomegaly"", ""Nodule"", ""Mass"", ""Hernia"", ""Lung Lesion"", ""Fracture"", ""Lung Opacity"", ""Enlarged Cardiomediastinum""]",0.19801068305969238,absent,Atelectasis,0.16478374600410461,absent,Cardiomegaly,0.5122509002685547,present,Consolidation,0.5012314915657043,present,Edema,0.12061033397912979,absent,Effusion,0.7846217155456543,present,Pneumonia,0.03414168953895569,absent,Pneumothorax,0.07049445807933807,absent,Fracture,0.0353928878903389,absent,Lung Lesion,0.9126290678977966,present,Lung Opacity,0.5165262222290039,present,Enlarged Cardiomediastinum,0.039755843579769135,absent,Pleural_Thickening,,unavailable,,,not_computed,,"[""Consolidation"", ""Edema"", ""Pneumonia"", ""Lung Opacity"", ""Enlarged Cardiomediastinum""]","{""Atelectasis"": 0.19801068305969238, ""Cardiomegaly"": 0.16478374600410461, ""Consolidation"": 0.5122509002685547, ""Edema"": 0.5012314915657043, ""Effusion"": 0.12061033397912979, ""Emphysema"": 0.5047581195831299, ""Enlarged Cardiomediastinum"": 0.5165262222290039, ""Fibrosis"": 0.045441631227731705, ""Fracture"": 0.07049445807933807, ""Hernia"": 0.0003706923744175583, ""Infiltration"": 0.5682753920555115, ""Lung Lesion"": 0.0353928878903389, ""Lung Opacity"": 0.9126290678977966, ""Mass"": 0.11362186819314957, ""Nodule"": 0.5035274624824524, ""Pleural_Thickening"": 0.039755843579769135, ""Pneumonia"": 0.7846217155456543, ""Pneumothorax"": 0.03414168953895569}",retrieval_agent
patient00455/study1,patient00455/study1/view1_frontal.dcm,/home/jovyan/Desktop/MEDAGENT-X/data/raw/chexpert_plus/dicom_train/patient00455/study1/view1_frontal.dcm,torchxrayvision.DenseNet,densenet121-res224-all,cuda,0.5,0.2,"[""Atelectasis"", ""Consolidation"", ""Infiltration"", ""Pneumothorax"", ""Edema"", ""Emphysema"", ""Fibrosis"", ""Effusion"", ""Pneumonia"", ""Pleural_Thickening"", ""Cardiomegaly"", ""Nodule"", ""Mass"", ""Hernia"", ""Lung Lesion"", ""Fracture"", ""Lung Opacity"", ""Enlarged Cardiomediastinum""]",0.10654439777135849,absent,Atelectasis,0.03893806412816048,absent,Cardiomegaly,0.48127812147140503,uncertain,Consolidation,0.0002922123530879617,absent,Edema,0.04830377921462059,absent,Effusion,0.038612302392721176,absent,Pneumonia,0.2922371029853821,uncertain,Pneumothorax,0.07555565983057022,absent,Fracture,0.000641921884380281,absent,Lung Lesion,0.17180894315242767,absent,Lung Opacity,0.03724861145019531,absent,Enlarged Cardiomediastinum,0.1596718579530716,absent,Pleural_Thickening,,unavailable,,,not_computed,,[],"{""Atelectasis"": 0.10654439777135849, ""Cardiomegaly"": 0.03893806412816048, ""Consolidation"": 0.48127812147140503, ""Edema"": 0.0002922123530879617, ""Effusion"": 0.04830377921462059, ""Emphysema"": 0.004549940582364798, ""Enlarged Cardiomediastinum"": 0.03724861145019531, ""Fibrosis"": 0.08844213932752609, ""Fracture"": 0.07555565983057022, ""Hernia"": 0.0010366160422563553, ""Infiltration"": 0.5074132680892944, ""Lung Lesion"": 0.000641921884380281, ""Lung Opacity"": 0.17180894315242767, ""Mass"": 0.2096398025751114, ""Nodule"": 0.3640350103378296, ""Pleural_Thickening"": 0.1596718579530716, ""Pneumonia"": 0.038612302392721176, ""Pneumothorax"": 0.2922371029853821}",retrieval_agent
patient00455/study1,patient00455/study1/view2_lateral.dcm,/home/jovyan/Desktop/MEDAGENT-X/data/raw/chexpert_plus/dicom_train/patient00455/study1/view2_lateral.dcm,torchxrayvision.DenseNet,densenet121-res224-all,cuda,0.5,0.2,"[""Atelectasis"", ""Consolidation"", ""Infiltration"", ""Pneumothorax"", ""Edema"", ""Emphysema"", ""Fibrosis"", ""Effusion"", ""Pneumonia"", ""Pleural_Thickening"", ""Cardiomegaly"", ""Nodule"", ""Mass"", ""Hernia"", ""Lung Lesion"", ""Fracture"", ""Lung Opacity"", ""Enlarged Cardiomediastinum""]",0.11608918756246567,absent,Atelectasis,0.041089531034231186,absent,Cardiomegaly,0.5017118453979492,present,Consolidation,0.14310577511787415,absent,Edema,0.1097164899110794,absent,Effusion,0.7382547855377197,present,Pneumonia,0.09372533857822418,absent,Pneumothorax,0.05701901391148567,absent,Fracture,0.0020919369999319315,absent,Lung Lesion,0.8991649150848389,present,Lung Opacity,0.4482957720756531,uncertain,Enlarged Cardiomediastinum,0.09372971951961517,absent,Pleural_Thickening,,unavailable,,,not_computed,,"[""Consolidation"", ""Pneumonia"", ""Lung Opacity""]","{""Atelectasis"": 0.11608918756246567, ""Cardiomegaly"": 0.041089531034231186, ""Consolidation"": 0.5017118453979492, ""Edema"": 0.14310577511787415, ""Effusion"": 0.1097164899110794, ""Emphysema"": 0.5053444504737854, ""Enlarged Cardiomediastinum"": 0.4482957720756531, ""Fibrosis"": 0.13174057006835938, ""Fracture"": 0.05701901391148567, ""Hernia"": 0.0009867766639217734, ""Infiltration"": 0.529276967048645, ""Lung Lesion"": 0.0020919369999319315, ""Lung Opacity"": 0.8991649150848389, ""Mass"": 0.18092702329158783, ""Nodule"": 0.47465476393699646, ""Pleural_Thickening"": 0.09372971951961517, ""Pneumonia"": 0.7382547855377197, ""Pneumothorax"": 0.09372533857822418}",retrieval_agent
patient00457/study4,patient00457/study4/view1_frontal.dcm,/home/jovyan/Desktop/MEDAGENT-X/data/raw/chexpert_plus/dicom_train/patient00457/study4/view1_frontal.dcm,torchxrayvision.DenseNet,densenet121-res224-all,cuda,0.5,0.2,"[""Atelectasis"", ""Consolidation"", ""Infiltration"", ""Pneumothorax"", ""Edema"", ""Emphysema"", ""Fibrosis"", ""Effusion"", ""Pneumonia"", ""Pleural_Thickening"", ""Cardiomegaly"", ""Nodule"", ""Mass"", ""Hernia"", ""Lung Lesion"", ""Fracture"", ""Lung Opacity"", ""Enlarged Cardiomediastinum""]",0.6811104416847229,present,Atelectasis,0.5234763622283936,present,Cardiomegaly,0.6084412932395935,present,Consolidation,0.39803487062454224,uncertain,Edema,0.8148506879806519,present,Effusion,0.08631708472967148,absent,Pneumonia,0.5112810134887695,present,Pneumothorax,0.5201126337051392,present,Fracture,0.4719494581222534,uncertain,Lung Lesion,0.7652199268341064,present,Lung Opacity,0.5556149482727051,present,Enlarged Cardiomediastinum,0.5238970518112183,present,Pleural_Thickening,,unavailable,,,not_computed,,"[""Atelectasis"", ""Cardiomegaly"", ""Consolidation"", ""Pleural Effusion"", ""Pneumothorax"", ""Fracture"", ""Lung Opacity"", ""Enlarged Cardiomediastinum"", ""Pleural Other""]","{""Atelectasis"": 0.6811104416847229, ""Cardiomegaly"": 0.5234763622283936, ""Consolidation"": 0.6084412932395935, ""Edema"": 0.39803487062454224, ""Effusion"": 0.8148506879806519, ""Emphysema"": 0.5007278919219971, ""Enlarged Cardiomediastinum"": 0.5556149482727051, ""Fibrosis"": 0.5202834606170654, ""Fracture"": 0.5201126337051392, ""Hernia"": 0.10690347105264664, ""Infiltration"": 0.5421031713485718, ""Lung Lesion"": 0.4719494581222534, ""Lung Opacity"": 0.7652199268341064, ""Mass"": 0.590018630027771, ""Nodule"": 0.5153290033340454, ""Pleural_Thickening"": 0.5238970518112183, ""Pneumonia"": 0.08631708472967148, ""Pneumothorax"": 0.5112810134887695}",retrieval_agent
patient00457/study5,patient00457/study5/view1_frontal.dcm,/home/jovyan/Desktop/MEDAGENT-X/data/raw/chexpert_plus/dicom_train/patient00457/study5/view1_frontal.dcm,torchxrayvision.DenseNet,densenet121-res224-all,cuda,0.5,0.2,"[""Atelectasis"", ""Consolidation"", ""Infiltration"", ""Pneumothorax"", ""Edema"", ""Emphysema"", ""Fibrosis"", ""Effusion"", ""Pneumonia"", ""Pleural_Thickening"", ""Cardiomegaly"", ""Nodule"", ""Mass"", ""Hernia"", ""Lung Lesion"", ""Fracture"", ""Lung Opacity"", ""Enlarged Cardiomediastinum""]",0.6211222410202026,present,Atelectasis,0.6222665309906006,present,Cardiomegaly,0.5722839832305908,present,Consolidation,0.5048176050186157,present,Edema,0.6349725723266602,present,Effusion,0.11773911118507385,absent,Pneumonia,0.32234564423561096,uncertain,Pneumothorax,0.5132607221603394,present,Fracture,0.11130213737487793,absent,Lung Lesion,0.6882347464561462,present,Lung Opacity,0.5278091430664062,present,Enlarged Cardiomediastinum,0.3754136264324188,uncertain,Pleural_Thickening,,unavailable,,,not_computed,,"[""Atelectasis"", ""Cardiomegaly"", ""Consolidation"", ""Edema"", ""Pleural Effusion"", ""Fracture"", ""Lung Opacity"", ""Enlarged Cardiomediastinum""]","{""Atelectasis"": 0.6211222410202026, ""Cardiomegaly"": 0.6222665309906006, ""Consolidation"": 0.5722839832305908, ""Edema"": 0.5048176050186157, ""Effusion"": 0.6349725723266602, ""Emphysema"": 0.504925012588501, ""Enlarged Cardiomediastinum"": 0.5278091430664062, ""Fibrosis"": 0.5088660717010498, ""Fracture"": 0.5132607221603394, ""Hernia"": 0.18899358808994293, ""Infiltration"": 0.5205795764923096, ""Lung Lesion"": 0.11130213737487793, ""Lung Opacity"": 0.6882347464561462, ""Mass"": 0.5373430252075195, ""Nodule"": 0.5114704370498657, ""Pleural_Thickening"": 0.3754136264324188, ""Pneumonia"": 0.11773911118507385, ""Pneumothorax"": 0.32234564423561096}",retrieval_agent
patient00457/study3,patient00457/study3/view1_frontal.dcm,/home/jovyan/Desktop/MEDAGENT-X/data/raw/chexpert_plus/dicom_train/patient00457/study3/view1_frontal.dcm,torchxrayvision.DenseNet,densenet121-res224-all,cuda,0.5,0.2,"[""Atelectasis"", ""Consolidation"", ""Infiltration"", ""Pneumothorax"", ""Edema"", ""Emphysema"", ""Fibrosis"", ""Effusion"", ""Pneumonia"", ""Pleural_Thickening"", ""Cardiomegaly"", ""Nodule"", ""Mass"", ""Hernia"", ""Lung Lesion"", ""Fracture"", ""Lung Opacity"", ""Enlarged Cardiomediastinum""]",0.6411927938461304,present,Atelectasis,0.5945315957069397,present,Cardiomegaly,0.568190336227417,present,Consolidation,0.43663978576660156,uncertain,Edema,0.6764262914657593,present,Effusion,0.14295753836631775,absent,Pneumonia,0.4111766219139099,uncertain,Pneumothorax,0.5115368366241455,present,Fracture,0.06798960268497467,absent,Lung Lesion,0.628404974937439,present,Lung Opacity,0.5227904319763184,present,Enlarged Cardiomediastinum,0.50612473487854,present,Pleural_Thickening,,unavailable,,,not_computed,,"[""Atelectasis"", ""Cardiomegaly"", ""Consolidation"", ""Pleural Effusion"", ""Fracture"", ""Lung Opacity"", ""Enlarged Cardiomediastinum"", ""Pleural Other""]","{""Atelectasis"": 0.6411927938461304, ""Cardiomegaly"": 0.5945315957069397, ""Consolidation"": 0.568190336227417, ""Edema"": 0.43663978576660156, ""Effusion"": 0.6764262914657593, ""Emphysema"": 0.5014653205871582, ""Enlarged Cardiomediastinum"": 0.5227904319763184, ""Fibrosis"": 0.5086982250213623, ""Fracture"": 0.5115368366241455, ""Hernia"": 0.5246175527572632, ""Infiltration"": 0.5259506702423096, ""Lung Lesion"": 0.06798960268497467, ""Lung Opacity"": 0.628404974937439, ""Mass"": 0.5485012531280518, ""Nodule"": 0.5044281482696533, ""Pleural_Thickening"": 0.50612473487854, ""Pneumonia"": 0.14295753836631775, ""Pneumothorax"": 0.4111766219139099}",retrieval_agent
patient00457/study9,patient00457/study9/view1_frontal.dcm,/home/jovyan/Desktop/MEDAGENT-X/data/raw/chexpert_plus/dicom_train/patient00457/study9/view1_frontal.dcm,torchxrayvision.DenseNet,densenet121-res224-all,cuda,0.5,0.2,"[""Atelectasis"", ""Consolidation"", ""Infiltration"", ""Pneumothorax"", ""Edema"", ""Emphysema"", ""Fibrosis"", ""Effusion"", ""Pneumonia"", ""Pleural_Thickening"", ""Cardiomegaly"", ""Nodule"", ""Mass"", ""Hernia"", ""Lung Lesion"", ""Fracture"", ""Lung Opacity"", ""Enlarged Cardiomediastinum""]",0.5963468551635742,present,Atelectasis,0.6212848424911499,present,Cardiomegaly,0.5393980741500854,present,Consolidation,0.02852410450577736,absent,Edema,0.5945903062820435,present,Effusion,0.049888767302036285,absent,Pneumonia,0.3563357889652252,uncertain,Pneumothorax,0.5091438889503479,present,Fracture,0.02821032889187336,absent,Lung Lesion,0.5845181941986084,present,Lung Opacity,0.5196654796600342,present,Enlarged Cardiomediastinum,0.515267550945282,present,Pleural_Thickening,,unavailable,,,not_computed,,"[""Atelectasis"", ""Cardiomegaly"", ""Consolidation"", ""Pleural Effusion"", ""Fracture"", ""Lung Opacity"", ""Enlarged Cardiomediastinum"", ""Pleural Other""]","{""Atelectasis"": 0.5963468551635742, ""Cardiomegaly"": 0.6212848424911499, ""Consolidation"": 0.5393980741500854, ""Edema"": 0.02852410450577736, ""Effusion"": 0.5945903062820435, ""Emphysema"": 0.5109035968780518, ""Enlarged Cardiomediastinum"": 0.5196654796600342, ""Fibrosis"": 0.505682647228241, ""Fracture"": 0.5091438889503479, ""Hernia"": 0.5333744287490845, ""Infiltration"": 0.3017520010471344, ""Lung Lesion"": 0.02821032889187336, ""Lung Opacity"": 0.5845181941986084, ""Mass"": 0.5402032732963562, ""Nodule"": 0.5062204599380493, ""Pleural_Thickening"": 0.515267550945282, ""Pneumonia"": 0.049888767302036285, ""Pneumothorax"": 0.3563357889652252}",retrieval_agent
patient00457/study2,patient00457/study2/view1_frontal.dcm,/home/jovyan/Desktop/MEDAGENT-X/data/raw/chexpert_plus/dicom_train/patient00457/study2/view1_frontal.dcm,torchxrayvision.DenseNet,densenet121-res224-all,cuda,0.5,0.2,"[""Atelectasis"", ""Consolidation"", ""Infiltration"", ""Pneumothorax"", ""Edema"", ""Emphysema"", ""Fibrosis"", ""Effusion"", ""Pneumonia"", ""Pleural_Thickening"", ""Cardiomegaly"", ""Nodule"", ""Mass"", ""Hernia"", ""Lung Lesion"", ""Fracture"", ""Lung Opacity"", ""Enlarged Cardiomediastinum""]",0.6698890924453735,present,Atelectasis,0.5953543186187744,present,Cardiomegaly,0.6000112891197205,present,Consolidation,0.3268507719039917,uncertain,Edema,0.7217934131622314,present,Effusion,0.10012014955282211,absent,Pneumonia,0.5006685256958008,present,Pneumothorax,0.5042818784713745,present,Fracture,0.1159803718328476,absent,Lung Lesion,0.6414717435836792,present,Lung Opacity,0.5016962289810181,present,Enlarged Cardiomediastinum,0.5117107629776001,present,Pleural_Thickening,,unavailable,,,not_computed,,"[""Atelectasis"", ""Cardiomegaly"", ""Consolidation"", ""Pleural Effusion"", ""Pneumothorax"", ""Fracture"", ""Lung Opacity"", ""Enlarged Cardiomediastinum"", ""Pleural Other""]","{""Atelectasis"": 0.6698890924453735, ""Cardiomegaly"": 0.5953543186187744, ""Consolidation"": 0.6000112891197205, ""Edema"": 0.3268507719039917, ""Effusion"": 0.7217934131622314, ""Emphysema"": 0.4658195376396179, ""Enlarged Cardiomediastinum"": 0.5016962289810181, ""Fibrosis"": 0.5081319212913513, ""Fracture"": 0.5042818784713745, ""Hernia"": 0.5217490196228027, ""Infiltration"": 0.5273450613021851, ""Lung Lesion"": 0.1159803718328476, ""Lung Opacity"": 0.6414717435836792, ""Mass"": 0.5549569129943848, ""Nodule"": 0.5085856914520264, ""Pleural_Thickening"": 0.5117107629776001, ""Pneumonia"": 0.10012014955282211, ""Pneumothorax"": 0.5006685256958008}",retrieval_agent
patient00457/study6,patient00457/study6/view1_frontal.dcm,/home/jovyan/Desktop/MEDAGENT-X/data/raw/chexpert_plus/dicom_train/patient00457/study6/view1_frontal.dcm,torchxrayvision.DenseNet,densenet121-res224-all,cuda,0.5,0.2,"[""Atelectasis"", ""Consolidation"", ""Infiltration"", ""Pneumothorax"", ""Edema"", ""Emphysema"", ""Fibrosis"", ""Effusion"", ""Pneumonia"", ""Pleural_Thickening"", ""Cardiomegaly"", ""Nodule"", ""Mass"", ""Hernia"", ""Lung Lesion"", ""Fracture"", ""Lung Opacity"", ""Enlarged Cardiomediastinum""]",0.6247915625572205,present,Atelectasis,0.5930871963500977,present,Cardiomegaly,0.5766701698303223,present,Consolidation,0.5305953025817871,present,Edema,0.6455698609352112,present,Effusion,0.5452196002006531,present,Pneumonia,0.5118705034255981,present,Pneumothorax,0.519585132598877,present,Fracture,0.16823318600654602,absent,Lung Lesion,0.6856601238250732,present,Lung Opacity,0.5358506441116333,present,Enlarged Cardiomediastinum,0.5176395773887634,present,Pleural_Thickening,,unavailable,,,not_computed,,"[""Atelectasis"", ""Cardiomegaly"", ""Consolidation"", ""Edema"", ""Pleural Effusion"", ""Pneumonia"", ""Pneumothorax"", ""Fracture"", ""Lung Opacity"", ""Enlarged Cardiomediastinum"", ""Pleural Other""]","{""Atelectasis"": 0.6247915625572205, ""Cardiomegaly"": 0.5930871963500977, ""Consolidation"": 0.5766701698303223, ""Edema"": 0.5305953025817871, ""Effusion"": 0.6455698609352112, ""Emphysema"": 0.5054389238357544, ""Enlarged Cardiomediastinum"": 0.5358506441116333, ""Fibrosis"": 0.5498284697532654, ""Fracture"": 0.519585132598877, ""Hernia"": 0.16516567766666412, ""Infiltration"": 0.5777449607849121, ""Lung Lesion"": 0.16823318600654602, ""Lung Opacity"": 0.6856601238250732, ""Mass"": 0.5519212484359741, ""Nodule"": 0.526599645614624, ""Pleural_Thickening"": 0.5176395773887634, ""Pneumonia"": 0.5452196002006531, ""Pneumothorax"": 0.5118705034255981}",retrieval_agent
patient00457/study8,patient00457/study8/view1_frontal.dcm,/home/jovyan/Desktop/MEDAGENT-X/data/raw/chexpert_plus/dicom_train/patient00457/study8/view1_frontal.dcm,torchxrayvision.DenseNet,densenet121-res224-all,cuda,0.5,0.2,"[""Atelectasis"", ""Consolidation"", ""Infiltration"", ""Pneumothorax"", ""Edema"", ""Emphysema"", ""Fibrosis"", ""Effusion"", ""Pneumonia"", ""Pleural_Thickening"", ""Cardiomegaly"", ""Nodule"", ""Mass"", ""Hernia"", ""Lung Lesion"", ""Fracture"", ""Lung Opacity"", ""Enlarged Cardiomediastinum""]",0.6833745241165161,present,Atelectasis,0.6938815116882324,present,Cardiomegaly,0.6780647039413452,present,Consolidation,0.5556337833404541,present,Edema,0.869671642780304,present,Effusion,0.24320876598358154,uncertain,Pneumonia,0.5074512362480164,present,Pneumothorax,0.525602400302887,present,Fracture,0.470786988735199,uncertain,Lung Lesion,0.8709745407104492,present,Lung Opacity,0.5983523726463318,present,Enlarged Cardiomediastinum,0.5122251510620117,present,Pleural_Thickening,,unavailable,,,not_computed,,"[""Atelectasis"", ""Cardiomegaly"", ""Consolidation"", ""Edema"", ""Pleural Effusion"", ""Pneumothorax"", ""Fracture"", ""Lung Opacity"", ""Enlarged Cardiomediastinum"", ""Pleural Other""]","{""Atelectasis"": 0.6833745241165161, ""Cardiomegaly"": 0.6938815116882324, ""Consolidation"": 0.6780647039413452, ""Edema"": 0.5556337833404541, ""Effusion"": 0.869671642780304, ""Emphysema"": 0.5000607371330261, ""Enlarged Cardiomediastinum"": 0.5983523726463318, ""Fibrosis"": 0.5125068426132202, ""Fracture"": 0.525602400302887, ""Hernia"": 0.05668967217206955, ""Infiltration"": 0.6033727526664734, ""Lung Lesion"": 0.470786988735199, ""Lung Opacity"": 0.8709745407104492, ""Mass"": 0.6050702333450317, ""Nodule"": 0.5352355241775513, ""Pleural_Thickening"": 0.5122251510620117, ""Pneumonia"": 0.24320876598358154, ""Pneumothorax"": 0.5074512362480164}",retrieval_agent
patient00457/study7,patient00457/study7/view1_frontal.dcm,/home/jovyan/Desktop/MEDAGENT-X/data/raw/chexpert_plus/dicom_train/patient00457/study7/view1_frontal.dcm,torchxrayvision.DenseNet,densenet121-res224-all,cuda,0.5,0.2,"[""Atelectasis"", ""Consolidation"", ""Infiltration"", ""Pneumothorax"", ""Edema"", ""Emphysema"", ""Fibrosis"", ""Effusion"", ""Pneumonia"", ""Pleural_Thickening"", ""Cardiomegaly"", ""Nodule"", ""Mass"", ""Hernia"", ""Lung Lesion"", ""Fracture"", ""Lung Opacity"", ""Enlarged Cardiomediastinum""]",0.6734309196472168,present,Atelectasis,0.6599513292312622,present,Cardiomegaly,0.6553598046302795,present,Consolidation,0.527229905128479,present,Edema,0.8953303694725037,present,Effusion,0.1439998745918274,absent,Pneumonia,0.5136620402336121,present,Pneumothorax,0.5368267297744751,present,Fracture,0.2580523192882538,uncertain,Lung Lesion,0.8555865287780762,present,Lung Opacity,0.622226357460022,present,Enlarged Cardiomediastinum,0.542546808719635,present,Pleural_Thickening,,unavailable,,,not_computed,,"[""Atelectasis"", ""Cardiomegaly"", ""Consolidation"", ""Edema"", ""Pleural Effusion"", ""Pneumothorax"", ""Fracture"", ""Lung Opacity"", ""Enlarged Cardiomediastinum"", ""Pleural Other""]","{""Atelectasis"": 0.6734309196472168, ""Cardiomegaly"": 0.6599513292312622, ""Consolidation"": 0.6553598046302795, ""Edema"": 0.527229905128479, ""Effusion"": 0.8953303694725037, ""Emphysema"": 0.500244677066803, ""Enlarged Cardiomediastinum"": 0.622226357460022, ""Fibrosis"": 0.5261527299880981, ""Fracture"": 0.5368267297744751, ""Hernia"": 0.05056179314851761, ""Infiltration"": 0.5867533683776855, ""Lung Lesion"": 0.2580523192882538, ""Lung Opacity"": 0.8555865287780762, ""Mass"": 0.6209472417831421, ""Nodule"": 0.5268135666847229, ""Pleural_Thickening"": 0.542546808719635, ""Pneumonia"": 0.1439998745918274, ""Pneumothorax"": 0.5136620402336121}",retrieval_agent
patient00459/study1,patient00459/study1/view1_frontal.dcm,/home/jovyan/Desktop/MEDAGENT-X/data/raw/chexpert_plus/dicom_train/patient00459/study1/view1_frontal.dcm,torchxrayvision.DenseNet,densenet121-res224-all,cuda,0.5,0.2,"[""Atelectasis"", ""Consolidation"", ""Infiltration"", ""Pneumothorax"", ""Edema"", ""Emphysema"", ""Fibrosis"", ""Effusion"", ""Pneumonia"", ""Pleural_Thickening"", ""Cardiomegaly"", ""Nodule"", ""Mass"", ""Hernia"", ""Lung Lesion"", ""Fracture"", ""Lung Opacity"", ""Enlarged Cardiomediastinum""]",0.5399727821350098,present,Atelectasis,0.05104280263185501,absent,Cardiomegaly,0.526465654373169,present,Consolidation,0.028105419129133224,absent,Edema,0.6073733568191528,present,Effusion,0.34818118810653687,uncertain,Pneumonia,0.5250197649002075,present,Pneumothorax,0.4305085837841034,uncertain,Fracture,0.04706263914704323,absent,Lung Lesion,0.50385582447052,present,Lung Opacity,0.26935938000679016,uncertain,Enlarged Cardiomediastinum,0.5064799189567566,present,Pleural_Thickening,,unavailable,,,not_computed,,"[""Atelectasis"", ""Consolidation"", ""Pleural Effusion"", ""Pneumothorax"", ""Lung Opacity"", ""Pleural Other""]","{""Atelectasis"": 0.5399727821350098, ""Cardiomegaly"": 0.05104280263185501, ""Consolidation"": 0.526465654373169, ""Edema"": 0.028105419129133224, ""Effusion"": 0.6073733568191528, ""Emphysema"": 0.5006788969039917, ""Enlarged Cardiomediastinum"": 0.26935938000679016, ""Fibrosis"": 0.502642035484314, ""Fracture"": 0.4305085837841034, ""Hernia"": 0.006140220444649458, ""Infiltration"": 0.5010063648223877, ""Lung Lesion"": 0.04706263914704323, ""Lung Opacity"": 0.50385582447052, ""Mass"": 0.5074509978294373, ""Nodule"": 0.4884207248687744, ""Pleural_Thickening"": 0.5064799189567566, ""Pneumonia"": 0.34818118810653687, ""Pneumothorax"": 0.5250197649002075}",retrieval_agent
patient00459/study1,patient00459/study1/view2_lateral.dcm,/home/jovyan/Desktop/MEDAGENT-X/data/raw/chexpert_plus/dicom_train/patient00459/study1/view2_lateral.dcm,torchxrayvision.DenseNet,densenet121-res224-all,cuda,0.5,0.2,"[""Atelectasis"", ""Consolidation"", ""Infiltration"", ""Pneumothorax"", ""Edema"", ""Emphysema"", ""Fibrosis"", ""Effusion"", ""Pneumonia"", ""Pleural_Thickening"", ""Cardiomegaly"", ""Nodule"", ""Mass"", ""Hernia"", ""Lung Lesion"", ""Fracture"", ""Lung Opacity"", ""Enlarged Cardiomediastinum""]",0.5036740303039551,present,Atelectasis,0.32600441575050354,uncertain,Cardiomegaly,0.5270521640777588,present,Consolidation,0.16563168168067932,absent,Edema,0.505450963973999,present,Effusion,0.5093550682067871,present,Pneumonia,0.5009032487869263,present,Pneumothorax,0.43481341004371643,uncertain,Fracture,0.011563852429389954,absent,Lung Lesion,0.8110562562942505,present,Lung Opacity,0.5124955177307129,present,Enlarged Cardiomediastinum,0.5018091201782227,present,Pleural_Thickening,,unavailable,,,not_computed,,"[""Atelectasis"", ""Consolidation"", ""Pleural Effusion"", ""Pneumonia"", ""Pneumothorax"", ""Lung Opacity"", ""Enlarged Cardiomediastinum"", ""Pleural Other""]","{""Atelectasis"": 0.5036740303039551, ""Cardiomegaly"": 0.32600441575050354, ""Consolidation"": 0.5270521640777588, ""Edema"": 0.16563168168067932, ""Effusion"": 0.505450963973999, ""Emphysema"": 0.5054492950439453, ""Enlarged Cardiomediastinum"": 0.5124955177307129, ""Fibrosis"": 0.5223474502563477, ""Fracture"": 0.43481341004371643, ""Hernia"": 0.020373404026031494, ""Infiltration"": 0.5477249622344971, ""Lung Lesion"": 0.011563852429389954, ""Lung Opacity"": 0.8110562562942505, ""Mass"": 0.5095351934432983, ""Nodule"": 0.5064502358436584, ""Pleural_Thickening"": 0.5018091201782227, ""Pneumonia"": 0.5093550682067871, ""Pneumothorax"": 0.5009032487869263}",retrieval_agent
patient00462/study1,patient00462/study1/view1_frontal.dcm,/home/jovyan/Desktop/MEDAGENT-X/data/raw/chexpert_plus/dicom_train/patient00462/study1/view1_frontal.dcm,torchxrayvision.DenseNet,densenet121-res224-all,cuda,0.5,0.2,"[""Atelectasis"", ""Consolidation"", ""Infiltration"", ""Pneumothorax"", ""Edema"", ""Emphysema"", ""Fibrosis"", ""Effusion"", ""Pneumonia"", ""Pleural_Thickening"", ""Cardiomegaly"", ""Nodule"", ""Mass"", ""Hernia"", ""Lung Lesion"", ""Fracture"", ""Lung Opacity"", ""Enlarged Cardiomediastinum""]",0.5903287529945374,present,Atelectasis,0.5175056457519531,present,Cardiomegaly,0.5685789585113525,present,Consolidation,0.17442360520362854,absent,Edema,0.6672563552856445,present,Effusion,0.05521703138947487,absent,Pneumonia,0.17361171543598175,absent,Pneumothorax,0.3141557574272156,uncertain,Fracture,0.02721606008708477,absent,Lung Lesion,0.7068473100662231,present,Lung Opacity,0.5014147758483887,present,Enlarged Cardiomediastinum,0.1796770542860031,absent,Pleural_Thickening,,unavailable,,,not_computed,,"[""Atelectasis"", ""Cardiomegaly"", ""Consolidation"", ""Pleural Effusion"", ""Lung Opacity"", ""Enlarged Cardiomediastinum""]","{""Atelectasis"": 0.5903287529945374, ""Cardiomegaly"": 0.5175056457519531, ""Consolidation"": 0.5685789585113525, ""Edema"": 0.17442360520362854, ""Effusion"": 0.6672563552856445, ""Emphysema"": 0.03494337946176529, ""Enlarged Cardiomediastinum"": 0.5014147758483887, ""Fibrosis"": 0.2684055268764496, ""Fracture"": 0.3141557574272156, ""Hernia"": 0.07984460145235062, ""Infiltration"": 0.5385852456092834, ""Lung Lesion"": 0.02721606008708477, ""Lung Opacity"": 0.7068473100662231, ""Mass"": 0.5113807916641235, ""Nodule"": 0.35442793369293213, ""Pleural_Thickening"": 0.1796770542860031, ""Pneumonia"": 0.05521703138947487, ""Pneumothorax"": 0.17361171543598175}",retrieval_agent
patient00464/study1,patient00464/study1/view1_frontal.dcm,/home/jovyan/Desktop/MEDAGENT-X/data/raw/chexpert_plus/dicom_train/patient00464/study1/view1_frontal.dcm,torchxrayvision.DenseNet,densenet121-res224-all,cuda,0.5,0.2,"[""Atelectasis"", ""Consolidation"", ""Infiltration"", ""Pneumothorax"", ""Edema"", ""Emphysema"", ""Fibrosis"", ""Effusion"", ""Pneumonia"", ""Pleural_Thickening"", ""Cardiomegaly"", ""Nodule"", ""Mass"", ""Hernia"", ""Lung Lesion"", ""Fracture"", ""Lung Opacity"", ""Enlarged Cardiomediastinum""]",0.7571593523025513,present,Atelectasis,0.8318290710449219,present,Cardiomegaly,0.6006448268890381,present,Consolidation,0.5510081052780151,present,Edema,0.7499173879623413,present,Effusion,0.31595495343208313,uncertain,Pneumonia,0.5072546005249023,present,Pneumothorax,0.5511290431022644,present,Fracture,0.46731510758399963,uncertain,Lung Lesion,0.8001937866210938,present,Lung Opacity,0.540763795375824,present,Enlarged Cardiomediastinum,0.31262072920799255,uncertain,Pleural_Thickening,,unavailable,,,not_computed,,"[""Atelectasis"", ""Cardiomegaly"", ""Consolidation"", ""Edema"", ""Pleural Effusion"", ""Pneumothorax"", ""Fracture"", ""Lung Opacity"", ""Enlarged Cardiomediastinum""]","{""Atelectasis"": 0.7571593523025513, ""Cardiomegaly"": 0.8318290710449219, ""Consolidation"": 0.6006448268890381, ""Edema"": 0.5510081052780151, ""Effusion"": 0.7499173879623413, ""Emphysema"": 0.232486292719841, ""Enlarged Cardiomediastinum"": 0.540763795375824, ""Fibrosis"": 0.5043162107467651, ""Fracture"": 0.5511290431022644, ""Hernia"": 0.6669459939002991, ""Infiltration"": 0.6083488464355469, ""Lung Lesion"": 0.46731510758399963, ""Lung Opacity"": 0.8001937866210938, ""Mass"": 0.5672124624252319, ""Nodule"": 0.5398240089416504, ""Pleural_Thickening"": 0.31262072920799255, ""Pneumonia"": 0.31595495343208313, ""Pneumothorax"": 0.5072546005249023}",retrieval_agent
patient00472/study2,patient00472/study2/view1_frontal.dcm,/home/jovyan/Desktop/MEDAGENT-X/data/raw/chexpert_plus/dicom_train/patient00472/study2/view1_frontal.dcm,torchxrayvision.DenseNet,densenet121-res224-all,cuda,0.5,0.2,"[""Atelectasis"", ""Consolidation"", ""Infiltration"", ""Pneumothorax"", ""Edema"", ""Emphysema"", ""Fibrosis"", ""Effusion"", ""Pneumonia"", ""Pleural_Thickening"", ""Cardiomegaly"", ""Nodule"", ""Mass"", ""Hernia"", ""Lung Lesion"", ""Fracture"", ""Lung Opacity"", ""Enlarged Cardiomediastinum""]",0.32257044315338135,uncertain,Atelectasis,0.17999081313610077,absent,Cardiomegaly,0.24088948965072632,uncertain,Consolidation,0.001454758457839489,absent,Edema,0.021064626052975655,absent,Effusion,0.008841222152113914,absent,Pneumonia,0.007253029849380255,absent,Pneumothorax,0.10003860294818878,absent,Fracture,0.0002676288422662765,absent,Lung Lesion,0.05909508839249611,absent,Lung Opacity,0.03565232455730438,absent,Enlarged Cardiomediastinum,0.11257153749465942,absent,Pleural_Thickening,,unavailable,,,not_computed,,[],"{""Atelectasis"": 0.32257044315338135, ""Cardiomegaly"": 0.17999081313610077, ""Consolidation"": 0.24088948965072632, ""Edema"": 0.001454758457839489, ""Effusion"": 0.021064626052975655, ""Emphysema"": 0.47134459018707275, ""Enlarged Cardiomediastinum"": 0.03565232455730438, ""Fibrosis"": 0.34395843744277954, ""Fracture"": 0.10003860294818878, ""Hernia"": 0.043184373527765274, ""Infiltration"": 0.054614074528217316, ""Lung Lesion"": 0.0002676288422662765, ""Lung Opacity"": 0.05909508839249611, ""Mass"": 0.5022510886192322, ""Nodule"": 0.28290799260139465, ""Pleural_Thickening"": 0.11257153749465942, ""Pneumonia"": 0.008841222152113914, ""Pneumothorax"": 0.007253029849380255}",retrieval_agent
patient00472/study2,patient00472/study2/view2_lateral.dcm,/home/jovyan/Desktop/MEDAGENT-X/data/raw/chexpert_plus/dicom_train/patient00472/study2/view2_lateral.dcm,torchxrayvision.DenseNet,densenet121-res224-all,cuda,0.5,0.2,"[""Atelectasis"", ""Consolidation"", ""Infiltration"", ""Pneumothorax"", ""Edema"", ""Emphysema"", ""Fibrosis"", ""Effusion"", ""Pneumonia"", ""Pleural_Thickening"", ""Cardiomegaly"", ""Nodule"", ""Mass"", ""Hernia"", ""Lung Lesion"", ""Fracture"", ""Lung Opacity"", ""Enlarged Cardiomediastinum""]",0.698408842086792,present,Atelectasis,0.5790804028511047,present,Cardiomegaly,0.6875104904174805,present,Consolidation,0.5239498615264893,present,Edema,0.8328386545181274,present,Effusion,0.5264743566513062,present,Pneumonia,0.5271379947662354,present,Pneumothorax,0.5455372333526611,present,Fracture,0.5621218681335449,present,Lung Lesion,0.8020923137664795,present,Lung Opacity,0.7187248468399048,present,Enlarged Cardiomediastinum,0.5126360654830933,present,Pleural_Thickening,,unavailable,,,not_computed,,"[""Atelectasis"", ""Cardiomegaly"", ""Consolidation"", ""Edema"", ""Pleural Effusion"", ""Pneumonia"", ""Pneumothorax"", ""Fracture"", ""Lung Lesion"", ""Lung Opacity"", ""Enlarged Cardiomediastinum"", ""Pleural Other""]","{""Atelectasis"": 0.698408842086792, ""Cardiomegaly"": 0.5790804028511047, ""Consolidation"": 0.6875104904174805, ""Edema"": 0.5239498615264893, ""Effusion"": 0.8328386545181274, ""Emphysema"": 0.5091789960861206, ""Enlarged Cardiomediastinum"": 0.7187248468399048, ""Fibrosis"": 0.501429557800293, ""Fracture"": 0.5455372333526611, ""Hernia"": 0.009282630868256092, ""Infiltration"": 0.2946801781654358, ""Lung Lesion"": 0.5621218681335449, ""Lung Opacity"": 0.8020923137664795, ""Mass"": 0.6746912002563477, ""Nodule"": 0.5278835892677307, ""Pleural_Thickening"": 0.5126360654830933, ""Pneumonia"": 0.5264743566513062, ""Pneumothorax"": 0.5271379947662354}",retrieval_agent
patient00475/study1,patient00475/study1/view1_frontal.dcm,/home/jovyan/Desktop/MEDAGENT-X/data/raw/chexpert_plus/dicom_train/patient00475/study1/view1_frontal.dcm,torchxrayvision.DenseNet,densenet121-res224-all,cuda,0.5,0.2,"[""Atelectasis"", ""Consolidation"", ""Infiltration"", ""Pneumothorax"", ""Edema"", ""Emphysema"", ""Fibrosis"", ""Effusion"", ""Pneumonia"", ""Pleural_Thickening"", ""Cardiomegaly"", ""Nodule"", ""Mass"", ""Hernia"", ""Lung Lesion"", ""Fracture"", ""Lung Opacity"", ""Enlarged Cardiomediastinum""]",0.5432716608047485,present,Atelectasis,0.30017590522766113,uncertain,Cardiomegaly,0.504956841468811,present,Consolidation,0.5174371004104614,present,Edema,0.3325144350528717,uncertain,Effusion,0.1494327336549759,absent,Pneumonia,0.5040873289108276,present,Pneumothorax,0.5232017040252686,present,Fracture,0.30580762028694153,uncertain,Lung Lesion,0.6568654179573059,present,Lung Opacity,0.5516802668571472,present,Enlarged Cardiomediastinum,0.3611202538013458,uncertain,Pleural_Thickening,,unavailable,,,not_computed,,"[""Atelectasis"", ""Consolidation"", ""Edema"", ""Pneumothorax"", ""Fracture"", ""Lung Opacity"", ""Enlarged Cardiomediastinum""]","{""Atelectasis"": 0.5432716608047485, ""Cardiomegaly"": 0.30017590522766113, ""Consolidation"": 0.504956841468811, ""Edema"": 0.5174371004104614, ""Effusion"": 0.3325144350528717, ""Emphysema"": 0.5016677379608154, ""Enlarged Cardiomediastinum"": 0.5516802668571472, ""Fibrosis"": 0.5257217884063721, ""Fracture"": 0.5232017040252686, ""Hernia"": 0.011371787637472153, ""Infiltration"": 0.5778079032897949, ""Lung Lesion"": 0.30580762028694153, ""Lung Opacity"": 0.6568654179573059, ""Mass"": 0.5412463545799255, ""Nodule"": 0.5214539766311646, ""Pleural_Thickening"": 0.3611202538013458, ""Pneumonia"": 0.1494327336549759, ""Pneumothorax"": 0.5040873289108276}",retrieval_agent
patient00475/study2,patient00475/study2/view1_frontal.dcm,/home/jovyan/Desktop/MEDAGENT-X/data/raw/chexpert_plus/dicom_train/patient00475/study2/view1_frontal.dcm,torchxrayvision.DenseNet,densenet121-res224-all,cuda,0.5,0.2,"[""Atelectasis"", ""Consolidation"", ""Infiltration"", ""Pneumothorax"", ""Edema"", ""Emphysema"", ""Fibrosis"", ""Effusion"", ""Pneumonia"", ""Pleural_Thickening"", ""Cardiomegaly"", ""Nodule"", ""Mass"", ""Hernia"", ""Lung Lesion"", ""Fracture"", ""Lung Opacity"", ""Enlarged Cardiomediastinum""]",0.5108744502067566,present,Atelectasis,0.23485232889652252,uncertain,Cardiomegaly,0.2190464735031128,uncertain,Consolidation,0.09902211278676987,absent,Edema,0.22455647587776184,uncertain,Effusion,0.06043211370706558,absent,Pneumonia,0.5004911422729492,present,Pneumothorax,0.5190727710723877,present,Fracture,0.09297621250152588,absent,Lung Lesion,0.508804202079773,present,Lung Opacity,0.17184890806674957,absent,Enlarged Cardiomediastinum,0.13540412485599518,absent,Pleural_Thickening,,unavailable,,,not_computed,,"[""Atelectasis"", ""Pneumothorax"", ""Fracture"", ""Lung Opacity""]","{""Atelectasis"": 0.5108744502067566, ""Cardiomegaly"": 0.23485232889652252, ""Consolidation"": 0.2190464735031128, ""Edema"": 0.09902211278676987, ""Effusion"": 0.22455647587776184, ""Emphysema"": 0.5041961669921875, ""Enlarged Cardiomediastinum"": 0.17184890806674957, ""Fibrosis"": 0.5068904161453247, ""Fracture"": 0.5190727710723877, ""Hernia"": 0.017105478793382645, ""Infiltration"": 0.5020720958709717, ""Lung Lesion"": 0.09297621250152588, ""Lung Opacity"": 0.508804202079773, ""Mass"": 0.5028438568115234, ""Nodule"": 0.5117776989936829, ""Pleural_Thickening"": 0.13540412485599518, ""Pneumonia"": 0.06043211370706558, ""Pneumothorax"": 0.5004911422729492}",retrieval_agent
patient00476/study1,patient00476/study1/view1_frontal.dcm,/home/jovyan/Desktop/MEDAGENT-X/data/raw/chexpert_plus/dicom_train/patient00476/study1/view1_frontal.dcm,torchxrayvision.DenseNet,densenet121-res224-all,cuda,0.5,0.2,"[""Atelectasis"", ""Consolidation"", ""Infiltration"", ""Pneumothorax"", ""Edema"", ""Emphysema"", ""Fibrosis"", ""Effusion"", ""Pneumonia"", ""Pleural_Thickening"", ""Cardiomegaly"", ""Nodule"", ""Mass"", ""Hernia"", ""Lung Lesion"", ""Fracture"", ""Lung Opacity"", ""Enlarged Cardiomediastinum""]",0.5602980852127075,present,Atelectasis,0.4781954884529114,uncertain,Cardiomegaly,0.5119093656539917,present,Consolidation,0.012911166995763779,absent,Edema,0.29564541578292847,uncertain,Effusion,0.4059200584888458,uncertain,Pneumonia,0.24912965297698975,uncertain,Pneumothorax,0.3795626163482666,uncertain,Fracture,0.0023757421877235174,absent,Lung Lesion,0.34490442276000977,uncertain,Lung Opacity,0.18967321515083313,absent,Enlarged Cardiomediastinum,0.40720945596694946,uncertain,Pleural_Thickening,,unavailable,,,not_computed,,"[""Atelectasis"", ""Consolidation""]","{""Atelectasis"": 0.5602980852127075, ""Cardiomegaly"": 0.4781954884529114, ""Consolidation"": 0.5119093656539917, ""Edema"": 0.012911166995763779, ""Effusion"": 0.29564541578292847, ""Emphysema"": 0.20762526988983154, ""Enlarged Cardiomediastinum"": 0.18967321515083313, ""Fibrosis"": 0.5069132447242737, ""Fracture"": 0.3795626163482666, ""Hernia"": 0.09151250869035721, ""Infiltration"": 0.40059414505958557, ""Lung Lesion"": 0.0023757421877235174, ""Lung Opacity"": 0.34490442276000977, ""Mass"": 0.4634953439235687, ""Nodule"": 0.5010600090026855, ""Pleural_Thickening"": 0.40720945596694946, ""Pneumonia"": 0.4059200584888458, ""Pneumothorax"": 0.24912965297698975}",retrieval_agent
patient00479/study1,patient00479/study1/view2_lateral.dcm,/home/jovyan/Desktop/MEDAGENT-X/data/raw/chexpert_plus/dicom_train/patient00479/study1/view2_lateral.dcm,torchxrayvision.DenseNet,densenet121-res224-all,cuda,0.5,0.2,"[""Atelectasis"", ""Consolidation"", ""Infiltration"", ""Pneumothorax"", ""Edema"", ""Emphysema"", ""Fibrosis"", ""Effusion"", ""Pneumonia"", ""Pleural_Thickening"", ""Cardiomegaly"", ""Nodule"", ""Mass"", ""Hernia"", ""Lung Lesion"", ""Fracture"", ""Lung Opacity"", ""Enlarged Cardiomediastinum""]",0.11183188855648041,absent,Atelectasis,0.058071136474609375,absent,Cardiomegaly,0.5099354982376099,present,Consolidation,0.03987899422645569,absent,Edema,0.11657701432704926,absent,Effusion,0.4213637411594391,uncertain,Pneumonia,0.4886897802352905,uncertain,Pneumothorax,0.27060869336128235,uncertain,Fracture,0.000624308770056814,absent,Lung Lesion,0.7281640768051147,present,Lung Opacity,0.31537994742393494,uncertain,Enlarged Cardiomediastinum,0.5072792172431946,present,Pleural_Thickening,,unavailable,,,not_computed,,"[""Consolidation"", ""Lung Opacity"", ""Pleural Other""]","{""Atelectasis"": 0.11183188855648041, ""Cardiomegaly"": 0.058071136474609375, ""Consolidation"": 0.5099354982376099, ""Edema"": 0.03987899422645569, ""Effusion"": 0.11657701432704926, ""Emphysema"": 0.5029816627502441, ""Enlarged Cardiomediastinum"": 0.31537994742393494, ""Fibrosis"": 0.5273116827011108, ""Fracture"": 0.27060869336128235, ""Hernia"": 0.020970243960618973, ""Infiltration"": 0.5280520915985107, ""Lung Lesion"": 0.000624308770056814, ""Lung Opacity"": 0.7281640768051147, ""Mass"": 0.505818247795105, ""Nodule"": 0.5083367824554443, ""Pleural_Thickening"": 0.5072792172431946, ""Pneumonia"": 0.4213637411594391, ""Pneumothorax"": 0.4886897802352905}",retrieval_agent
patient00485/study2,patient00485/study2/view1_frontal.dcm,/home/jovyan/Desktop/MEDAGENT-X/data/raw/chexpert_plus/dicom_train/patient00485/study2/view1_frontal.dcm,torchxrayvision.DenseNet,densenet121-res224-all,cuda,0.5,0.2,"[""Atelectasis"", ""Consolidation"", ""Infiltration"", ""Pneumothorax"", ""Edema"", ""Emphysema"", ""Fibrosis"", ""Effusion"", ""Pneumonia"", ""Pleural_Thickening"", ""Cardiomegaly"", ""Nodule"", ""Mass"", ""Hernia"", ""Lung Lesion"", ""Fracture"", ""Lung Opacity"", ""Enlarged Cardiomediastinum""]",0.32753750681877136,uncertain,Atelectasis,0.08259967714548111,absent,Cardiomegaly,0.26503631472587585,uncertain,Consolidation,0.09478572010993958,absent,Edema,0.07298410683870316,absent,Effusion,0.10408957302570343,absent,Pneumonia,0.2512987554073334,uncertain,Pneumothorax,0.5015308856964111,present,Fracture,0.07956402748823166,absent,Lung Lesion,0.31273290514945984,uncertain,Lung Opacity,0.3515739440917969,uncertain,Enlarged Cardiomediastinum,0.39089706540107727,uncertain,Pleural_Thickening,,unavailable,,,not_computed,,"[""Fracture""]","{""Atelectasis"": 0.32753750681877136, ""Cardiomegaly"": 0.08259967714548111, ""Consolidation"": 0.26503631472587585, ""Edema"": 0.09478572010993958, ""Effusion"": 0.07298410683870316, ""Emphysema"": 0.5012221336364746, ""Enlarged Cardiomediastinum"": 0.3515739440917969, ""Fibrosis"": 0.507023811340332, ""Fracture"": 0.5015308856964111, ""Hernia"": 0.00581752322614193, ""Infiltration"": 0.5238603353500366, ""Lung Lesion"": 0.07956402748823166, ""Lung Opacity"": 0.31273290514945984, ""Mass"": 0.5491202473640442, ""Nodule"": 0.5241898894309998, ""Pleural_Thickening"": 0.39089706540107727, ""Pneumonia"": 0.10408957302570343, ""Pneumothorax"": 0.2512987554073334}",retrieval_agent
patient00485/study1,patient00485/study1/view1_frontal.dcm,/home/jovyan/Desktop/MEDAGENT-X/data/raw/chexpert_plus/dicom_train/patient00485/study1/view1_frontal.dcm,torchxrayvision.DenseNet,densenet121-res224-all,cuda,0.5,0.2,"[""Atelectasis"", ""Consolidation"", ""Infiltration"", ""Pneumothorax"", ""Edema"", ""Emphysema"", ""Fibrosis"", ""Effusion"", ""Pneumonia"", ""Pleural_Thickening"", ""Cardiomegaly"", ""Nodule"", ""Mass"", ""Hernia"", ""Lung Lesion"", ""Fracture"", ""Lung Opacity"", ""Enlarged Cardiomediastinum""]",0.6046969890594482,present,Atelectasis,0.5175554156303406,present,Cardiomegaly,0.5354330539703369,present,Consolidation,0.5181397795677185,present,Edema,0.5346704721450806,present,Effusion,0.15677984058856964,absent,Pneumonia,0.5085029602050781,present,Pneumothorax,0.5261247158050537,present,Fracture,0.234503835439682,uncertain,Lung Lesion,0.7301656007766724,present,Lung Opacity,0.5587166547775269,present,Enlarged Cardiomediastinum,0.5190681219100952,present,Pleural_Thickening,,unavailable,,,not_computed,,"[""Atelectasis"", ""Cardiomegaly"", ""Consolidation"", ""Edema"", ""Pleural Effusion"", ""Pneumothorax"", ""Fracture"", ""Lung Opacity"", ""Enlarged Cardiomediastinum"", ""Pleural Other""]","{""Atelectasis"": 0.6046969890594482, ""Cardiomegaly"": 0.5175554156303406, ""Consolidation"": 0.5354330539703369, ""Edema"": 0.5181397795677185, ""Effusion"": 0.5346704721450806, ""Emphysema"": 0.5024390816688538, ""Enlarged Cardiomediastinum"": 0.5587166547775269, ""Fibrosis"": 0.526664137840271, ""Fracture"": 0.5261247158050537, ""Hernia"": 0.05292424559593201, ""Infiltration"": 0.594987154006958, ""Lung Lesion"": 0.234503835439682, ""Lung Opacity"": 0.7301656007766724, ""Mass"": 0.5910549163818359, ""Nodule"": 0.5190938115119934, ""Pleural_Thickening"": 0.5190681219100952, ""Pneumonia"": 0.15677984058856964, ""Pneumothorax"": 0.5085029602050781}",retrieval_agent
patient00491/study1,patient00491/study1/view1_frontal.dcm,/home/jovyan/Desktop/MEDAGENT-X/data/raw/chexpert_plus/dicom_train/patient00491/study1/view1_frontal.dcm,torchxrayvision.DenseNet,densenet121-res224-all,cuda,0.5,0.2,"[""Atelectasis"", ""Consolidation"", ""Infiltration"", ""Pneumothorax"", ""Edema"", ""Emphysema"", ""Fibrosis"", ""Effusion"", ""Pneumonia"", ""Pleural_Thickening"", ""Cardiomegaly"", ""Nodule"", ""Mass"", ""Hernia"", ""Lung Lesion"", ""Fracture"", ""Lung Opacity"", ""Enlarged Cardiomediastinum""]",0.7613029479980469,present,Atelectasis,0.6325323581695557,present,Cardiomegaly,0.7241023778915405,present,Consolidation,0.5909007787704468,present,Edema,0.8883224725723267,present,Effusion,0.6015075445175171,present,Pneumonia,0.5284367799758911,present,Pneumothorax,0.5699403285980225,present,Fracture,0.306865930557251,uncertain,Lung Lesion,0.8333551287651062,present,Lung Opacity,0.6515747904777527,present,Enlarged Cardiomediastinum,0.5186677575111389,present,Pleural_Thickening,,unavailable,,,not_computed,,"[""Atelectasis"", ""Cardiomegaly"", ""Consolidation"", ""Edema"", ""Pleural Effusion"", ""Pneumonia"", ""Pneumothorax"", ""Fracture"", ""Lung Opacity"", ""Enlarged Cardiomediastinum"", ""Pleural Other""]","{""Atelectasis"": 0.7613029479980469, ""Cardiomegaly"": 0.6325323581695557, ""Consolidation"": 0.7241023778915405, ""Edema"": 0.5909007787704468, ""Effusion"": 0.8883224725723267, ""Emphysema"": 0.5018212795257568, ""Enlarged Cardiomediastinum"": 0.6515747904777527, ""Fibrosis"": 0.5168815851211548, ""Fracture"": 0.5699403285980225, ""Hernia"": 0.05546160787343979, ""Infiltration"": 0.5585516691207886, ""Lung Lesion"": 0.306865930557251, ""Lung Opacity"": 0.8333551287651062, ""Mass"": 0.5959964990615845, ""Nodule"": 0.5251036882400513, ""Pleural_Thickening"": 0.5186677575111389, ""Pneumonia"": 0.6015075445175171, ""Pneumothorax"": 0.5284367799758911}",retrieval_agent
patient00491/study2,patient00491/study2/view1_frontal.dcm,/home/jovyan/Desktop/MEDAGENT-X/data/raw/chexpert_plus/dicom_train/patient00491/study2/view1_frontal.dcm,torchxrayvision.DenseNet,densenet121-res224-all,cuda,0.5,0.2,"[""Atelectasis"", ""Consolidation"", ""Infiltration"", ""Pneumothorax"", ""Edema"", ""Emphysema"", ""Fibrosis"", ""Effusion"", ""Pneumonia"", ""Pleural_Thickening"", ""Cardiomegaly"", ""Nodule"", ""Mass"", ""Hernia"", ""Lung Lesion"", ""Fracture"", ""Lung Opacity"", ""Enlarged Cardiomediastinum""]",0.6958498954772949,present,Atelectasis,0.785529375076294,present,Cardiomegaly,0.6187536120414734,present,Consolidation,0.7385739088058472,present,Edema,0.8537346124649048,present,Effusion,0.5758256912231445,present,Pneumonia,0.5095549821853638,present,Pneumothorax,0.5190306901931763,present,Fracture,0.4408871829509735,uncertain,Lung Lesion,0.7787990570068359,present,Lung Opacity,0.6336047053337097,present,Enlarged Cardiomediastinum,0.511901319026947,present,Pleural_Thickening,,unavailable,,,not_computed,,"[""Atelectasis"", ""Cardiomegaly"", ""Consolidation"", ""Edema"", ""Pleural Effusion"", ""Pneumonia"", ""Pneumothorax"", ""Fracture"", ""Lung Opacity"", ""Enlarged Cardiomediastinum"", ""Pleural Other""]","{""Atelectasis"": 0.6958498954772949, ""Cardiomegaly"": 0.785529375076294, ""Consolidation"": 0.6187536120414734, ""Edema"": 0.7385739088058472, ""Effusion"": 0.8537346124649048, ""Emphysema"": 0.3014787435531616, ""Enlarged Cardiomediastinum"": 0.6336047053337097, ""Fibrosis"": 0.5403744578361511, ""Fracture"": 0.5190306901931763, ""Hernia"": 0.5477801561355591, ""Infiltration"": 0.7583838701248169, ""Lung Lesion"": 0.4408871829509735, ""Lung Opacity"": 0.7787990570068359, ""Mass"": 0.5314290523529053, ""Nodule"": 0.5076322555541992, ""Pleural_Thickening"": 0.511901319026947, ""Pneumonia"": 0.5758256912231445, ""Pneumothorax"": 0.5095549821853638}",retrieval_agent
patient00493/study1,patient00493/study1/view1_frontal.dcm,/home/jovyan/Desktop/MEDAGENT-X/data/raw/chexpert_plus/dicom_train/patient00493/study1/view1_frontal.dcm,torchxrayvision.DenseNet,densenet121-res224-all,cuda,0.5,0.2,"[""Atelectasis"", ""Consolidation"", ""Infiltration"", ""Pneumothorax"", ""Edema"", ""Emphysema"", ""Fibrosis"", ""Effusion"", ""Pneumonia"", ""Pleural_Thickening"", ""Cardiomegaly"", ""Nodule"", ""Mass"", ""Hernia"", ""Lung Lesion"", ""Fracture"", ""Lung Opacity"", ""Enlarged Cardiomediastinum""]",0.25171229243278503,uncertain,Atelectasis,0.5011651515960693,present,Cardiomegaly,0.2577207684516907,uncertain,Consolidation,0.03363126143813133,absent,Edema,0.03462371230125427,absent,Effusion,0.04089678078889847,absent,Pneumonia,0.004783091135323048,absent,Pneumothorax,0.1835186928510666,absent,Fracture,0.001157494611106813,absent,Lung Lesion,0.18809126317501068,absent,Lung Opacity,0.08408737927675247,absent,Enlarged Cardiomediastinum,0.04204058647155762,absent,Pleural_Thickening,,unavailable,,,not_computed,,"[""Cardiomegaly""]","{""Atelectasis"": 0.25171229243278503, ""Cardiomegaly"": 0.5011651515960693, ""Consolidation"": 0.2577207684516907, ""Edema"": 0.03363126143813133, ""Effusion"": 0.03462371230125427, ""Emphysema"": 0.26421067118644714, ""Enlarged Cardiomediastinum"": 0.08408737927675247, ""Fibrosis"": 0.17080339789390564, ""Fracture"": 0.1835186928510666, ""Hernia"": 0.00705276895314455, ""Infiltration"": 0.07822559028863907, ""Lung Lesion"": 0.001157494611106813, ""Lung Opacity"": 0.18809126317501068, ""Mass"": 0.24449118971824646, ""Nodule"": 0.2981410026550293, ""Pleural_Thickening"": 0.04204058647155762, ""Pneumonia"": 0.04089678078889847, ""Pneumothorax"": 0.004783091135323048}",retrieval_agent
patient00493/study1,patient00493/study1/view2_lateral.dcm,/home/jovyan/Desktop/MEDAGENT-X/data/raw/chexpert_plus/dicom_train/patient00493/study1/view2_lateral.dcm,torchxrayvision.DenseNet,densenet121-res224-all,cuda,0.5,0.2,"[""Atelectasis"", ""Consolidation"", ""Infiltration"", ""Pneumothorax"", ""Edema"", ""Emphysema"", ""Fibrosis"", ""Effusion"", ""Pneumonia"", ""Pleural_Thickening"", ""Cardiomegaly"", ""Nodule"", ""Mass"", ""Hernia"", ""Lung Lesion"", ""Fracture"", ""Lung Opacity"", ""Enlarged Cardiomediastinum""]",0.5221479535102844,present,Atelectasis,0.3767836391925812,uncertain,Cardiomegaly,0.5257934331893921,present,Consolidation,0.4227590262889862,uncertain,Edema,0.5978457927703857,present,Effusion,0.5847941040992737,present,Pneumonia,0.3455148935317993,uncertain,Pneumothorax,0.33961161971092224,uncertain,Fracture,0.017159458249807358,absent,Lung Lesion,0.7537088394165039,present,Lung Opacity,0.5044512748718262,present,Enlarged Cardiomediastinum,0.27442219853401184,uncertain,Pleural_Thickening,,unavailable,,,not_computed,,"[""Atelectasis"", ""Consolidation"", ""Pleural Effusion"", ""Pneumonia"", ""Lung Opacity"", ""Enlarged Cardiomediastinum""]","{""Atelectasis"": 0.5221479535102844, ""Cardiomegaly"": 0.3767836391925812, ""Consolidation"": 0.5257934331893921, ""Edema"": 0.4227590262889862, ""Effusion"": 0.5978457927703857, ""Emphysema"": 0.5065311193466187, ""Enlarged Cardiomediastinum"": 0.5044512748718262, ""Fibrosis"": 0.5055131912231445, ""Fracture"": 0.33961161971092224, ""Hernia"": 0.012802173383533955, ""Infiltration"": 0.508072018623352, ""Lung Lesion"": 0.017159458249807358, ""Lung Opacity"": 0.7537088394165039, ""Mass"": 0.5282742381095886, ""Nodule"": 0.5078241229057312, ""Pleural_Thickening"": 0.27442219853401184, ""Pneumonia"": 0.5847941040992737, ""Pneumothorax"": 0.3455148935317993}",retrieval_agent
patient00496/study1,patient00496/study1/view1_frontal.dcm,/home/jovyan/Desktop/MEDAGENT-X/data/raw/chexpert_plus/dicom_train/patient00496/study1/view1_frontal.dcm,torchxrayvision.DenseNet,densenet121-res224-all,cuda,0.5,0.2,"[""Atelectasis"", ""Consolidation"", ""Infiltration"", ""Pneumothorax"", ""Edema"", ""Emphysema"", ""Fibrosis"", ""Effusion"", ""Pneumonia"", ""Pleural_Thickening"", ""Cardiomegaly"", ""Nodule"", ""Mass"", ""Hernia"", ""Lung Lesion"", ""Fracture"", ""Lung Opacity"", ""Enlarged Cardiomediastinum""]",0.5764813423156738,present,Atelectasis,0.46827057003974915,uncertain,Cardiomegaly,0.5454496145248413,present,Consolidation,0.09055420756340027,absent,Edema,0.5334584712982178,present,Effusion,0.11239039152860641,absent,Pneumonia,0.24162112176418304,uncertain,Pneumothorax,0.5155490636825562,present,Fracture,0.008695738390088081,absent,Lung Lesion,0.5427367687225342,present,Lung Opacity,0.14417366683483124,absent,Enlarged Cardiomediastinum,0.2813664376735687,uncertain,Pleural_Thickening,,unavailable,,,not_computed,,"[""Atelectasis"", ""Consolidation"", ""Pleural Effusion"", ""Fracture"", ""Lung Opacity""]","{""Atelectasis"": 0.5764813423156738, ""Cardiomegaly"": 0.46827057003974915, ""Consolidation"": 0.5454496145248413, ""Edema"": 0.09055420756340027, ""Effusion"": 0.5334584712982178, ""Emphysema"": 0.31022611260414124, ""Enlarged Cardiomediastinum"": 0.14417366683483124, ""Fibrosis"": 0.5005218982696533, ""Fracture"": 0.5155490636825562, ""Hernia"": 0.5188761353492737, ""Infiltration"": 0.42149627208709717, ""Lung Lesion"": 0.008695738390088081, ""Lung Opacity"": 0.5427367687225342, ""Mass"": 0.5478047132492065, ""Nodule"": 0.515182614326477, ""Pleural_Thickening"": 0.2813664376735687, ""Pneumonia"": 0.11239039152860641, ""Pneumothorax"": 0.24162112176418304}",retrieval_agent
patient00496/study2,patient00496/study2/view1_frontal.dcm,/home/jovyan/Desktop/MEDAGENT-X/data/raw/chexpert_plus/dicom_train/patient00496/study2/view1_frontal.dcm,torchxrayvision.DenseNet,densenet121-res224-all,cuda,0.5,0.2,"[""Atelectasis"", ""Consolidation"", ""Infiltration"", ""Pneumothorax"", ""Edema"", ""Emphysema"", ""Fibrosis"", ""Effusion"", ""Pneumonia"", ""Pleural_Thickening"", ""Cardiomegaly"", ""Nodule"", ""Mass"", ""Hernia"", ""Lung Lesion"", ""Fracture"", ""Lung Opacity"", ""Enlarged Cardiomediastinum""]",0.6254844665527344,present,Atelectasis,0.5153731107711792,present,Cardiomegaly,0.5671474933624268,present,Consolidation,0.10198935121297836,absent,Edema,0.5996286869049072,present,Effusion,0.209657222032547,uncertain,Pneumonia,0.5034654140472412,present,Pneumothorax,0.5131033658981323,present,Fracture,0.031394798308610916,absent,Lung Lesion,0.5988963842391968,present,Lung Opacity,0.22976860404014587,uncertain,Enlarged Cardiomediastinum,0.278323769569397,uncertain,Pleural_Thickening,,unavailable,,,not_computed,,"[""Atelectasis"", ""Cardiomegaly"", ""Consolidation"", ""Pleural Effusion"", ""Pneumothorax"", ""Fracture"", ""Lung Opacity""]","{""Atelectasis"": 0.6254844665527344, ""Cardiomegaly"": 0.5153731107711792, ""Consolidation"": 0.5671474933624268, ""Edema"": 0.10198935121297836, ""Effusion"": 0.5996286869049072, ""Emphysema"": 0.12449504435062408, ""Enlarged Cardiomediastinum"": 0.22976860404014587, ""Fibrosis"": 0.28880080580711365, ""Fracture"": 0.5131033658981323, ""Hernia"": 0.5130446553230286, ""Infiltration"": 0.5424706935882568, ""Lung Lesion"": 0.031394798308610916, ""Lung Opacity"": 0.5988963842391968, ""Mass"": 0.5478644967079163, ""Nodule"": 0.5060070753097534, ""Pleural_Thickening"": 0.278323769569397, ""Pneumonia"": 0.209657222032547, ""Pneumothorax"": 0.5034654140472412}",retrieval_agent
patient00496/study4,patient00496/study4/view1_frontal.dcm,/home/jovyan/Desktop/MEDAGENT-X/data/raw/chexpert_plus/dicom_train/patient00496/study4/view1_frontal.dcm,torchxrayvision.DenseNet,densenet121-res224-all,cuda,0.5,0.2,"[""Atelectasis"", ""Consolidation"", ""Infiltration"", ""Pneumothorax"", ""Edema"", ""Emphysema"", ""Fibrosis"", ""Effusion"", ""Pneumonia"", ""Pleural_Thickening"", ""Cardiomegaly"", ""Nodule"", ""Mass"", ""Hernia"", ""Lung Lesion"", ""Fracture"", ""Lung Opacity"", ""Enlarged Cardiomediastinum""]",0.6456161737442017,present,Atelectasis,0.5069986581802368,present,Cardiomegaly,0.5764867067337036,present,Consolidation,0.25829169154167175,uncertain,Edema,0.652664303779602,present,Effusion,0.2263011336326599,uncertain,Pneumonia,0.5017708539962769,present,Pneumothorax,0.5190694332122803,present,Fracture,0.04203608259558678,absent,Lung Lesion,0.6332257986068726,present,Lung Opacity,0.4652981758117676,uncertain,Enlarged Cardiomediastinum,0.5072222352027893,present,Pleural_Thickening,,unavailable,,,not_computed,,"[""Atelectasis"", ""Cardiomegaly"", ""Consolidation"", ""Pleural Effusion"", ""Pneumothorax"", ""Fracture"", ""Lung Opacity"", ""Pleural Other""]","{""Atelectasis"": 0.6456161737442017, ""Cardiomegaly"": 0.5069986581802368, ""Consolidation"": 0.5764867067337036, ""Edema"": 0.25829169154167175, ""Effusion"": 0.652664303779602, ""Emphysema"": 0.24111954867839813, ""Enlarged Cardiomediastinum"": 0.4652981758117676, ""Fibrosis"": 0.5050618648529053, ""Fracture"": 0.5190694332122803, ""Hernia"": 0.5575673580169678, ""Infiltration"": 0.5454055070877075, ""Lung Lesion"": 0.04203608259558678, ""Lung Opacity"": 0.6332257986068726, ""Mass"": 0.5812346935272217, ""Nodule"": 0.5143252611160278, ""Pleural_Thickening"": 0.5072222352027893, ""Pneumonia"": 0.2263011336326599, ""Pneumothorax"": 0.5017708539962769}",retrieval_agent
patient00496/study6,patient00496/study6/view1_frontal.dcm,/home/jovyan/Desktop/MEDAGENT-X/data/raw/chexpert_plus/dicom_train/patient00496/study6/view1_frontal.dcm,torchxrayvision.DenseNet,densenet121-res224-all,cuda,0.5,0.2,"[""Atelectasis"", ""Consolidation"", ""Infiltration"", ""Pneumothorax"", ""Edema"", ""Emphysema"", ""Fibrosis"", ""Effusion"", ""Pneumonia"", ""Pleural_Thickening"", ""Cardiomegaly"", ""Nodule"", ""Mass"", ""Hernia"", ""Lung Lesion"", ""Fracture"", ""Lung Opacity"", ""Enlarged Cardiomediastinum""]",0.7530043125152588,present,Atelectasis,0.51790452003479,present,Cardiomegaly,0.6002716422080994,present,Consolidation,0.517891526222229,present,Edema,0.7230939865112305,present,Effusion,0.5117096900939941,present,Pneumonia,0.5100518465042114,present,Pneumothorax,0.5244882702827454,present,Fracture,0.1269523650407791,absent,Lung Lesion,0.7508180141448975,present,Lung Opacity,0.5011606812477112,present,Enlarged Cardiomediastinum,0.3438805043697357,uncertain,Pleural_Thickening,,unavailable,,,not_computed,,"[""Atelectasis"", ""Cardiomegaly"", ""Consolidation"", ""Edema"", ""Pleural Effusion"", ""Pneumonia"", ""Pneumothorax"", ""Fracture"", ""Lung Opacity"", ""Enlarged Cardiomediastinum""]","{""Atelectasis"": 0.7530043125152588, ""Cardiomegaly"": 0.51790452003479, ""Consolidation"": 0.6002716422080994, ""Edema"": 0.517891526222229, ""Effusion"": 0.7230939865112305, ""Emphysema"": 0.5001968145370483, ""Enlarged Cardiomediastinum"": 0.5011606812477112, ""Fibrosis"": 0.5049443244934082, ""Fracture"": 0.5244882702827454, ""Hernia"": 0.1666593849658966, ""Infiltration"": 0.6372789144515991, ""Lung Lesion"": 0.1269523650407791, ""Lung Opacity"": 0.7508180141448975, ""Mass"": 0.5238082408905029, ""Nodule"": 0.5108972787857056, ""Pleural_Thickening"": 0.3438805043697357, ""Pneumonia"": 0.5117096900939941, ""Pneumothorax"": 0.5100518465042114}",retrieval_agent
patient00496/study3,patient00496/study3/view1_frontal.dcm,/home/jovyan/Desktop/MEDAGENT-X/data/raw/chexpert_plus/dicom_train/patient00496/study3/view1_frontal.dcm,torchxrayvision.DenseNet,densenet121-res224-all,cuda,0.5,0.2,"[""Atelectasis"", ""Consolidation"", ""Infiltration"", ""Pneumothorax"", ""Edema"", ""Emphysema"", ""Fibrosis"", ""Effusion"", ""Pneumonia"", ""Pleural_Thickening"", ""Cardiomegaly"", ""Nodule"", ""Mass"", ""Hernia"", ""Lung Lesion"", ""Fracture"", ""Lung Opacity"", ""Enlarged Cardiomediastinum""]",0.7457209229469299,present,Atelectasis,0.5769312381744385,present,Cardiomegaly,0.7104454040527344,present,Consolidation,0.5374174118041992,present,Edema,0.7767172455787659,present,Effusion,0.5001913905143738,present,Pneumonia,0.5116552114486694,present,Pneumothorax,0.537459135055542,present,Fracture,0.25987011194229126,uncertain,Lung Lesion,0.8146011233329773,present,Lung Opacity,0.529946506023407,present,Enlarged Cardiomediastinum,0.5051848888397217,present,Pleural_Thickening,,unavailable,,,not_computed,,"[""Atelectasis"", ""Cardiomegaly"", ""Consolidation"", ""Edema"", ""Pleural Effusion"", ""Pneumonia"", ""Pneumothorax"", ""Fracture"", ""Lung Opacity"", ""Enlarged Cardiomediastinum"", ""Pleural Other""]","{""Atelectasis"": 0.7457209229469299, ""Cardiomegaly"": 0.5769312381744385, ""Consolidation"": 0.7104454040527344, ""Edema"": 0.5374174118041992, ""Effusion"": 0.7767172455787659, ""Emphysema"": 0.33829838037490845, ""Enlarged Cardiomediastinum"": 0.529946506023407, ""Fibrosis"": 0.5084362626075745, ""Fracture"": 0.537459135055542, ""Hernia"": 0.08227510750293732, ""Infiltration"": 0.5700434446334839, ""Lung Lesion"": 0.25987011194229126, ""Lung Opacity"": 0.8146011233329773, ""Mass"": 0.5839656591415405, ""Nodule"": 0.5352783203125, ""Pleural_Thickening"": 0.5051848888397217, ""Pneumonia"": 0.5001913905143738, ""Pneumothorax"": 0.5116552114486694}",retrieval_agent
patient00496/study7,patient00496/study7/view1_frontal.dcm,/home/jovyan/Desktop/MEDAGENT-X/data/raw/chexpert_plus/dicom_train/patient00496/study7/view1_frontal.dcm,torchxrayvision.DenseNet,densenet121-res224-all,cuda,0.5,0.2,"[""Atelectasis"", ""Consolidation"", ""Infiltration"", ""Pneumothorax"", ""Edema"", ""Emphysema"", ""Fibrosis"", ""Effusion"", ""Pneumonia"", ""Pleural_Thickening"", ""Cardiomegaly"", ""Nodule"", ""Mass"", ""Hernia"", ""Lung Lesion"", ""Fracture"", ""Lung Opacity"", ""Enlarged Cardiomediastinum""]",0.7147927284240723,present,Atelectasis,0.6174200177192688,present,Cardiomegaly,0.64121413230896,present,Consolidation,0.5773732662200928,present,Edema,0.8114991784095764,present,Effusion,0.5088592767715454,present,Pneumonia,0.5095977783203125,present,Pneumothorax,0.5488537549972534,present,Fracture,0.2406107783317566,uncertain,Lung Lesion,0.780096173286438,present,Lung Opacity,0.5216939449310303,present,Enlarged Cardiomediastinum,0.5023856163024902,present,Pleural_Thickening,,unavailable,,,not_computed,,"[""Atelectasis"", ""Cardiomegaly"", ""Consolidation"", ""Edema"", ""Pleural Effusion"", ""Pneumonia"", ""Pneumothorax"", ""Fracture"", ""Lung Opacity"", ""Enlarged Cardiomediastinum"", ""Pleural Other""]","{""Atelectasis"": 0.7147927284240723, ""Cardiomegaly"": 0.6174200177192688, ""Consolidation"": 0.64121413230896, ""Edema"": 0.5773732662200928, ""Effusion"": 0.8114991784095764, ""Emphysema"": 0.5039076805114746, ""Enlarged Cardiomediastinum"": 0.5216939449310303, ""Fibrosis"": 0.5171279907226562, ""Fracture"": 0.5488537549972534, ""Hernia"": 0.08697368204593658, ""Infiltration"": 0.5841282606124878, ""Lung Lesion"": 0.2406107783317566, ""Lung Opacity"": 0.780096173286438, ""Mass"": 0.5574213862419128, ""Nodule"": 0.5316928625106812, ""Pleural_Thickening"": 0.5023856163024902, ""Pneumonia"": 0.5088592767715454, ""Pneumothorax"": 0.5095977783203125}",retrieval_agent
patient00496/study5,patient00496/study5/view1_frontal.dcm,/home/jovyan/Desktop/MEDAGENT-X/data/raw/chexpert_plus/dicom_train/patient00496/study5/view1_frontal.dcm,torchxrayvision.DenseNet,densenet121-res224-all,cuda,0.5,0.2,"[""Atelectasis"", ""Consolidation"", ""Infiltration"", ""Pneumothorax"", ""Edema"", ""Emphysema"", ""Fibrosis"", ""Effusion"", ""Pneumonia"", ""Pleural_Thickening"", ""Cardiomegaly"", ""Nodule"", ""Mass"", ""Hernia"", ""Lung Lesion"", ""Fracture"", ""Lung Opacity"", ""Enlarged Cardiomediastinum""]",0.7842161059379578,present,Atelectasis,0.7163498401641846,present,Cardiomegaly,0.6807509064674377,present,Consolidation,0.5623464584350586,present,Edema,0.8354949951171875,present,Effusion,0.5017848014831543,present,Pneumonia,0.5140549540519714,present,Pneumothorax,0.5319253206253052,present,Fracture,0.3601541817188263,uncertain,Lung Lesion,0.8306896090507507,present,Lung Opacity,0.5336349010467529,present,Enlarged Cardiomediastinum,0.5017930269241333,present,Pleural_Thickening,,unavailable,,,not_computed,,"[""Atelectasis"", ""Cardiomegaly"", ""Consolidation"", ""Edema"", ""Pleural Effusion"", ""Pneumonia"", ""Pneumothorax"", ""Fracture"", ""Lung Opacity"", ""Enlarged Cardiomediastinum"", ""Pleural Other""]","{""Atelectasis"": 0.7842161059379578, ""Cardiomegaly"": 0.7163498401641846, ""Consolidation"": 0.6807509064674377, ""Edema"": 0.5623464584350586, ""Effusion"": 0.8354949951171875, ""Emphysema"": 0.15702499449253082, ""Enlarged Cardiomediastinum"": 0.5336349010467529, ""Fibrosis"": 0.5023004412651062, ""Fracture"": 0.5319253206253052, ""Hernia"": 0.2987824082374573, ""Infiltration"": 0.6501044631004333, ""Lung Lesion"": 0.3601541817188263, ""Lung Opacity"": 0.8306896090507507, ""Mass"": 0.5513941645622253, ""Nodule"": 0.5268218517303467, ""Pleural_Thickening"": 0.5017930269241333, ""Pneumonia"": 0.5017848014831543, ""Pneumothorax"": 0.5140549540519714}",retrieval_agent
patient00500/study1,patient00500/study1/view1_frontal.dcm,/home/jovyan/Desktop/MEDAGENT-X/data/raw/chexpert_plus/dicom_train/patient00500/study1/view1_frontal.dcm,torchxrayvision.DenseNet,densenet121-res224-all,cuda,0.5,0.2,"[""Atelectasis"", ""Consolidation"", ""Infiltration"", ""Pneumothorax"", ""Edema"", ""Emphysema"", ""Fibrosis"", ""Effusion"", ""Pneumonia"", ""Pleural_Thickening"", ""Cardiomegaly"", ""Nodule"", ""Mass"", ""Hernia"", ""Lung Lesion"", ""Fracture"", ""Lung Opacity"", ""Enlarged Cardiomediastinum""]",0.4671042561531067,uncertain,Atelectasis,0.4717731773853302,uncertain,Cardiomegaly,0.3039448857307434,uncertain,Consolidation,0.08123469352722168,absent,Edema,0.15457721054553986,absent,Effusion,0.011399002745747566,absent,Pneumonia,0.16732510924339294,absent,Pneumothorax,0.5021424293518066,present,Fracture,0.005650846287608147,absent,Lung Lesion,0.4957782030105591,uncertain,Lung Opacity,0.16632461547851562,absent,Enlarged Cardiomediastinum,0.08342301845550537,absent,Pleural_Thickening,,unavailable,,,not_computed,,"[""Fracture""]","{""Atelectasis"": 0.4671042561531067, ""Cardiomegaly"": 0.4717731773853302, ""Consolidation"": 0.3039448857307434, ""Edema"": 0.08123469352722168, ""Effusion"": 0.15457721054553986, ""Emphysema"": 0.41218051314353943, ""Enlarged Cardiomediastinum"": 0.16632461547851562, ""Fibrosis"": 0.5012105107307434, ""Fracture"": 0.5021424293518066, ""Hernia"": 0.009068907238543034, ""Infiltration"": 0.17412278056144714, ""Lung Lesion"": 0.005650846287608147, ""Lung Opacity"": 0.4957782030105591, ""Mass"": 0.5057339072227478, ""Nodule"": 0.5014035105705261, ""Pleural_Thickening"": 0.08342301845550537, ""Pneumonia"": 0.011399002745747566, ""Pneumothorax"": 0.16732510924339294}",retrieval_agent
patient00500/study2,patient00500/study2/view1_frontal.dcm,/home/jovyan/Desktop/MEDAGENT-X/data/raw/chexpert_plus/dicom_train/patient00500/study2/view1_frontal.dcm,torchxrayvision.DenseNet,densenet121-res224-all,cuda,0.5,0.2,"[""Atelectasis"", ""Consolidation"", ""Infiltration"", ""Pneumothorax"", ""Edema"", ""Emphysema"", ""Fibrosis"", ""Effusion"", ""Pneumonia"", ""Pleural_Thickening"", ""Cardiomegaly"", ""Nodule"", ""Mass"", ""Hernia"", ""Lung Lesion"", ""Fracture"", ""Lung Opacity"", ""Enlarged Cardiomediastinum""]",0.11184263974428177,absent,Atelectasis,0.01521479245275259,absent,Cardiomegaly,0.5011168718338013,present,Consolidation,0.0006446808692999184,absent,Edema,0.039560168981552124,absent,Effusion,0.003914022818207741,absent,Pneumonia,0.39046621322631836,uncertain,Pneumothorax,0.16924059391021729,absent,Fracture,0.0023333746939897537,absent,Lung Lesion,0.5050443410873413,present,Lung Opacity,0.07159246504306793,absent,Enlarged Cardiomediastinum,0.1884336918592453,absent,Pleural_Thickening,,unavailable,,,not_computed,,"[""Consolidation"", ""Lung Opacity""]","{""Atelectasis"": 0.11184263974428177, ""Cardiomegaly"": 0.01521479245275259, ""Consolidation"": 0.5011168718338013, ""Edema"": 0.0006446808692999184, ""Effusion"": 0.039560168981552124, ""Emphysema"": 0.06610932946205139, ""Enlarged Cardiomediastinum"": 0.07159246504306793, ""Fibrosis"": 0.23748134076595306, ""Fracture"": 0.16924059391021729, ""Hernia"": 0.007258699741214514, ""Infiltration"": 0.4503381550312042, ""Lung Lesion"": 0.0023333746939897537, ""Lung Opacity"": 0.5050443410873413, ""Mass"": 0.5024346113204956, ""Nodule"": 0.5052170753479004, ""Pleural_Thickening"": 0.1884336918592453, ""Pneumonia"": 0.003914022818207741, ""Pneumothorax"": 0.39046621322631836}",retrieval_agent
patient00500/study2,patient00500/study2/view2_lateral.dcm,/home/jovyan/Desktop/MEDAGENT-X/data/raw/chexpert_plus/dicom_train/patient00500/study2/view2_lateral.dcm,torchxrayvision.DenseNet,densenet121-res224-all,cuda,0.5,0.2,"[""Atelectasis"", ""Consolidation"", ""Infiltration"", ""Pneumothorax"", ""Edema"", ""Emphysema"", ""Fibrosis"", ""Effusion"", ""Pneumonia"", ""Pleural_Thickening"", ""Cardiomegaly"", ""Nodule"", ""Mass"", ""Hernia"", ""Lung Lesion"", ""Fracture"", ""Lung Opacity"", ""Enlarged Cardiomediastinum""]",0.5375397205352783,present,Atelectasis,0.5044044256210327,present,Cardiomegaly,0.5262373685836792,present,Consolidation,0.5052022337913513,present,Edema,0.5275317430496216,present,Effusion,0.5309303998947144,present,Pneumonia,0.41688627004623413,uncertain,Pneumothorax,0.5106934309005737,present,Fracture,0.04702192544937134,absent,Lung Lesion,0.6793252229690552,present,Lung Opacity,0.5104460716247559,present,Enlarged Cardiomediastinum,0.16190923750400543,absent,Pleural_Thickening,,unavailable,,,not_computed,,"[""Atelectasis"", ""Cardiomegaly"", ""Consolidation"", ""Edema"", ""Pleural Effusion"", ""Pneumonia"", ""Fracture"", ""Lung Opacity"", ""Enlarged Cardiomediastinum""]","{""Atelectasis"": 0.5375397205352783, ""Cardiomegaly"": 0.5044044256210327, ""Consolidation"": 0.5262373685836792, ""Edema"": 0.5052022337913513, ""Effusion"": 0.5275317430496216, ""Emphysema"": 0.5045561790466309, ""Enlarged Cardiomediastinum"": 0.5104460716247559, ""Fibrosis"": 0.3938734829425812, ""Fracture"": 0.5106934309005737, ""Hernia"": 0.03513353690505028, ""Infiltration"": 0.5117754936218262, ""Lung Lesion"": 0.04702192544937134, ""Lung Opacity"": 0.6793252229690552, ""Mass"": 0.5154551267623901, ""Nodule"": 0.5012320280075073, ""Pleural_Thickening"": 0.16190923750400543, ""Pneumonia"": 0.5309303998947144, ""Pneumothorax"": 0.41688627004623413}",retrieval_agent
patient00503/study1,patient00503/study1/view1_frontal.dcm,/home/jovyan/Desktop/MEDAGENT-X/data/raw/chexpert_plus/dicom_train/patient00503/study1/view1_frontal.dcm,torchxrayvision.DenseNet,densenet121-res224-all,cuda,0.5,0.2,"[""Atelectasis"", ""Consolidation"", ""Infiltration"", ""Pneumothorax"", ""Edema"", ""Emphysema"", ""Fibrosis"", ""Effusion"", ""Pneumonia"", ""Pleural_Thickening"", ""Cardiomegaly"", ""Nodule"", ""Mass"", ""Hernia"", ""Lung Lesion"", ""Fracture"", ""Lung Opacity"", ""Enlarged Cardiomediastinum""]",0.5394704341888428,present,Atelectasis,0.566058874130249,present,Cardiomegaly,0.5369143486022949,present,Consolidation,0.548047661781311,present,Edema,0.26809579133987427,uncertain,Effusion,0.5436745285987854,present,Pneumonia,0.19614385068416595,absent,Pneumothorax,0.382132351398468,uncertain,Fracture,0.35289978981018066,uncertain,Lung Lesion,0.6235631108283997,present,Lung Opacity,0.5600650310516357,present,Enlarged Cardiomediastinum,0.1335548758506775,absent,Pleural_Thickening,,unavailable,,,not_computed,,"[""Atelectasis"", ""Cardiomegaly"", ""Consolidation"", ""Edema"", ""Pneumonia"", ""Lung Opacity"", ""Enlarged Cardiomediastinum""]","{""Atelectasis"": 0.5394704341888428, ""Cardiomegaly"": 0.566058874130249, ""Consolidation"": 0.5369143486022949, ""Edema"": 0.548047661781311, ""Effusion"": 0.26809579133987427, ""Emphysema"": 0.20460541546344757, ""Enlarged Cardiomediastinum"": 0.5600650310516357, ""Fibrosis"": 0.501838207244873, ""Fracture"": 0.382132351398468, ""Hernia"": 0.01843208633363247, ""Infiltration"": 0.5569567680358887, ""Lung Lesion"": 0.35289978981018066, ""Lung Opacity"": 0.6235631108283997, ""Mass"": 0.6180418729782104, ""Nodule"": 0.5180120468139648, ""Pleural_Thickening"": 0.1335548758506775, ""Pneumonia"": 0.5436745285987854, ""Pneumothorax"": 0.19614385068416595}",retrieval_agent
patient00506/study1,patient00506/study1/view1_frontal.dcm,/home/jovyan/Desktop/MEDAGENT-X/data/raw/chexpert_plus/dicom_train/patient00506/study1/view1_frontal.dcm,torchxrayvision.DenseNet,densenet121-res224-all,cuda,0.5,0.2,"[""Atelectasis"", ""Consolidation"", ""Infiltration"", ""Pneumothorax"", ""Edema"", ""Emphysema"", ""Fibrosis"", ""Effusion"", ""Pneumonia"", ""Pleural_Thickening"", ""Cardiomegaly"", ""Nodule"", ""Mass"", ""Hernia"", ""Lung Lesion"", ""Fracture"", ""Lung Opacity"", ""Enlarged Cardiomediastinum""]",0.7859957814216614,present,Atelectasis,0.6394838094711304,present,Cardiomegaly,0.7502232789993286,present,Consolidation,0.5871927738189697,present,Edema,0.8917275071144104,present,Effusion,0.5326488614082336,present,Pneumonia,0.5088993310928345,present,Pneumothorax,0.5615648031234741,present,Fracture,0.5010882616043091,present,Lung Lesion,0.7844827175140381,present,Lung Opacity,0.5912525057792664,present,Enlarged Cardiomediastinum,0.5123533606529236,present,Pleural_Thickening,,unavailable,,,not_computed,,"[""Atelectasis"", ""Cardiomegaly"", ""Consolidation"", ""Edema"", ""Pleural Effusion"", ""Pneumonia"", ""Pneumothorax"", ""Fracture"", ""Lung Lesion"", ""Lung Opacity"", ""Enlarged Cardiomediastinum"", ""Pleural Other""]","{""Atelectasis"": 0.7859957814216614, ""Cardiomegaly"": 0.6394838094711304, ""Consolidation"": 0.7502232789993286, ""Edema"": 0.5871927738189697, ""Effusion"": 0.8917275071144104, ""Emphysema"": 0.5013209581375122, ""Enlarged Cardiomediastinum"": 0.5912525057792664, ""Fibrosis"": 0.5208548903465271, ""Fracture"": 0.5615648031234741, ""Hernia"": 0.03653593733906746, ""Infiltration"": 0.5157762765884399, ""Lung Lesion"": 0.5010882616043091, ""Lung Opacity"": 0.7844827175140381, ""Mass"": 0.6633144021034241, ""Nodule"": 0.5390998125076294, ""Pleural_Thickening"": 0.5123533606529236, ""Pneumonia"": 0.5326488614082336, ""Pneumothorax"": 0.5088993310928345}",retrieval_agent
patient00507/study1,patient00507/study1/view1_frontal.dcm,/home/jovyan/Desktop/MEDAGENT-X/data/raw/chexpert_plus/dicom_train/patient00507/study1/view1_frontal.dcm,torchxrayvision.DenseNet,densenet121-res224-all,cuda,0.5,0.2,"[""Atelectasis"", ""Consolidation"", ""Infiltration"", ""Pneumothorax"", ""Edema"", ""Emphysema"", ""Fibrosis"", ""Effusion"", ""Pneumonia"", ""Pleural_Thickening"", ""Cardiomegaly"", ""Nodule"", ""Mass"", ""Hernia"", ""Lung Lesion"", ""Fracture"", ""Lung Opacity"", ""Enlarged Cardiomediastinum""]",0.2786310315132141,uncertain,Atelectasis,0.2274768054485321,uncertain,Cardiomegaly,0.428890585899353,uncertain,Consolidation,0.19462192058563232,absent,Edema,0.10280570387840271,absent,Effusion,0.11979130655527115,absent,Pneumonia,0.5012019276618958,present,Pneumothorax,0.5044595003128052,present,Fracture,0.008275322616100311,absent,Lung Lesion,0.4508782625198364,uncertain,Lung Opacity,0.3636382520198822,uncertain,Enlarged Cardiomediastinum,0.304030179977417,uncertain,Pleural_Thickening,,unavailable,,,not_computed,,"[""Pneumothorax"", ""Fracture""]","{""Atelectasis"": 0.2786310315132141, ""Cardiomegaly"": 0.2274768054485321, ""Consolidation"": 0.428890585899353, ""Edema"": 0.19462192058563232, ""Effusion"": 0.10280570387840271, ""Emphysema"": 0.5006901025772095, ""Enlarged Cardiomediastinum"": 0.3636382520198822, ""Fibrosis"": 0.5080508589744568, ""Fracture"": 0.5044595003128052, ""Hernia"": 0.02149062789976597, ""Infiltration"": 0.3913942277431488, ""Lung Lesion"": 0.008275322616100311, ""Lung Opacity"": 0.4508782625198364, ""Mass"": 0.5026702284812927, ""Nodule"": 0.5032176971435547, ""Pleural_Thickening"": 0.304030179977417, ""Pneumonia"": 0.11979130655527115, ""Pneumothorax"": 0.5012019276618958}",retrieval_agent
patient00508/study4,patient00508/study4/view1_frontal.dcm,/home/jovyan/Desktop/MEDAGENT-X/data/raw/chexpert_plus/dicom_train/patient00508/study4/view1_frontal.dcm,torchxrayvision.DenseNet,densenet121-res224-all,cuda,0.5,0.2,"[""Atelectasis"", ""Consolidation"", ""Infiltration"", ""Pneumothorax"", ""Edema"", ""Emphysema"", ""Fibrosis"", ""Effusion"", ""Pneumonia"", ""Pleural_Thickening"", ""Cardiomegaly"", ""Nodule"", ""Mass"", ""Hernia"", ""Lung Lesion"", ""Fracture"", ""Lung Opacity"", ""Enlarged Cardiomediastinum""]",0.5994952321052551,present,Atelectasis,0.5542157888412476,present,Cardiomegaly,0.5747143030166626,present,Consolidation,0.5165936946868896,present,Edema,0.550905704498291,present,Effusion,0.2690446972846985,uncertain,Pneumonia,0.4523068070411682,uncertain,Pneumothorax,0.5081860423088074,present,Fracture,0.0930420458316803,absent,Lung Lesion,0.7282498478889465,present,Lung Opacity,0.5545153617858887,present,Enlarged Cardiomediastinum,0.5000231266021729,present,Pleural_Thickening,,unavailable,,,not_computed,,"[""Atelectasis"", ""Cardiomegaly"", ""Consolidation"", ""Edema"", ""Pleural Effusion"", ""Fracture"", ""Lung Opacity"", ""Enlarged Cardiomediastinum"", ""Pleural Other""]","{""Atelectasis"": 0.5994952321052551, ""Cardiomegaly"": 0.5542157888412476, ""Consolidation"": 0.5747143030166626, ""Edema"": 0.5165936946868896, ""Effusion"": 0.550905704498291, ""Emphysema"": 0.5018941760063171, ""Enlarged Cardiomediastinum"": 0.5545153617858887, ""Fibrosis"": 0.5029543042182922, ""Fracture"": 0.5081860423088074, ""Hernia"": 0.05593954026699066, ""Infiltration"": 0.5012611150741577, ""Lung Lesion"": 0.0930420458316803, ""Lung Opacity"": 0.7282498478889465, ""Mass"": 0.5898541212081909, ""Nodule"": 0.5109901428222656, ""Pleural_Thickening"": 0.5000231266021729, ""Pneumonia"": 0.2690446972846985, ""Pneumothorax"": 0.4523068070411682}",retrieval_agent
patient00508/study1,patient00508/study1/view1_frontal.dcm,/home/jovyan/Desktop/MEDAGENT-X/data/raw/chexpert_plus/dicom_train/patient00508/study1/view1_frontal.dcm,torchxrayvision.DenseNet,densenet121-res224-all,cuda,0.5,0.2,"[""Atelectasis"", ""Consolidation"", ""Infiltration"", ""Pneumothorax"", ""Edema"", ""Emphysema"", ""Fibrosis"", ""Effusion"", ""Pneumonia"", ""Pleural_Thickening"", ""Cardiomegaly"", ""Nodule"", ""Mass"", ""Hernia"", ""Lung Lesion"", ""Fracture"", ""Lung Opacity"", ""Enlarged Cardiomediastinum""]",0.7040228843688965,present,Atelectasis,0.5367476940155029,present,Cardiomegaly,0.634850263595581,present,Consolidation,0.5093749761581421,present,Edema,0.7154492139816284,present,Effusion,0.2258034199476242,uncertain,Pneumonia,0.5159181356430054,present,Pneumothorax,0.5516659021377563,present,Fracture,0.505066990852356,present,Lung Lesion,0.7476792335510254,present,Lung Opacity,0.5790630578994751,present,Enlarged Cardiomediastinum,0.5509908199310303,present,Pleural_Thickening,,unavailable,,,not_computed,,"[""Atelectasis"", ""Cardiomegaly"", ""Consolidation"", ""Edema"", ""Pleural Effusion"", ""Pneumothorax"", ""Fracture"", ""Lung Lesion"", ""Lung Opacity"", ""Enlarged Cardiomediastinum"", ""Pleural Other""]","{""Atelectasis"": 0.7040228843688965, ""Cardiomegaly"": 0.5367476940155029, ""Consolidation"": 0.634850263595581, ""Edema"": 0.5093749761581421, ""Effusion"": 0.7154492139816284, ""Emphysema"": 0.5018682479858398, ""Enlarged Cardiomediastinum"": 0.5790630578994751, ""Fibrosis"": 0.5336101055145264, ""Fracture"": 0.5516659021377563, ""Hernia"": 0.29214420914649963, ""Infiltration"": 0.5585876703262329, ""Lung Lesion"": 0.505066990852356, ""Lung Opacity"": 0.7476792335510254, ""Mass"": 0.6856114864349365, ""Nodule"": 0.5343490242958069, ""Pleural_Thickening"": 0.5509908199310303, ""Pneumonia"": 0.2258034199476242, ""Pneumothorax"": 0.5159181356430054}",retrieval_agent
patient00508/study2,patient00508/study2/view1_frontal.dcm,/home/jovyan/Desktop/MEDAGENT-X/data/raw/chexpert_plus/dicom_train/patient00508/study2/view1_frontal.dcm,torchxrayvision.DenseNet,densenet121-res224-all,cuda,0.5,0.2,"[""Atelectasis"", ""Consolidation"", ""Infiltration"", ""Pneumothorax"", ""Edema"", ""Emphysema"", ""Fibrosis"", ""Effusion"", ""Pneumonia"", ""Pleural_Thickening"", ""Cardiomegaly"", ""Nodule"", ""Mass"", ""Hernia"", ""Lung Lesion"", ""Fracture"", ""Lung Opacity"", ""Enlarged Cardiomediastinum""]",0.6114954948425293,present,Atelectasis,0.5406844019889832,present,Cardiomegaly,0.593951940536499,present,Consolidation,0.5136187076568604,present,Edema,0.6873027086257935,present,Effusion,0.44403570890426636,uncertain,Pneumonia,0.39561113715171814,uncertain,Pneumothorax,0.5181596279144287,present,Fracture,0.36602547764778137,uncertain,Lung Lesion,0.749586820602417,present,Lung Opacity,0.5917732119560242,present,Enlarged Cardiomediastinum,0.5080440044403076,present,Pleural_Thickening,,unavailable,,,not_computed,,"[""Atelectasis"", ""Cardiomegaly"", ""Consolidation"", ""Edema"", ""Pleural Effusion"", ""Fracture"", ""Lung Opacity"", ""Enlarged Cardiomediastinum"", ""Pleural Other""]","{""Atelectasis"": 0.6114954948425293, ""Cardiomegaly"": 0.5406844019889832, ""Consolidation"": 0.593951940536499, ""Edema"": 0.5136187076568604, ""Effusion"": 0.6873027086257935, ""Emphysema"": 0.5057758688926697, ""Enlarged Cardiomediastinum"": 0.5917732119560242, ""Fibrosis"": 0.5050780773162842, ""Fracture"": 0.5181596279144287, ""Hernia"": 0.01853426732122898, ""Infiltration"": 0.5329734086990356, ""Lung Lesion"": 0.36602547764778137, ""Lung Opacity"": 0.749586820602417, ""Mass"": 0.5968822836875916, ""Nodule"": 0.5190827250480652, ""Pleural_Thickening"": 0.5080440044403076, ""Pneumonia"": 0.44403570890426636, ""Pneumothorax"": 0.39561113715171814}",retrieval_agent
patient00508/study3,patient00508/study3/view1_frontal.dcm,/home/jovyan/Desktop/MEDAGENT-X/data/raw/chexpert_plus/dicom_train/patient00508/study3/view1_frontal.dcm,torchxrayvision.DenseNet,densenet121-res224-all,cuda,0.5,0.2,"[""Atelectasis"", ""Consolidation"", ""Infiltration"", ""Pneumothorax"", ""Edema"", ""Emphysema"", ""Fibrosis"", ""Effusion"", ""Pneumonia"", ""Pleural_Thickening"", ""Cardiomegaly"", ""Nodule"", ""Mass"", ""Hernia"", ""Lung Lesion"", ""Fracture"", ""Lung Opacity"", ""Enlarged Cardiomediastinum""]",0.6767739057540894,present,Atelectasis,0.6583974957466125,present,Cardiomegaly,0.622736930847168,present,Consolidation,0.519932210445404,present,Edema,0.7442123889923096,present,Effusion,0.1601392924785614,absent,Pneumonia,0.5028055310249329,present,Pneumothorax,0.5170378684997559,present,Fracture,0.15880650281906128,absent,Lung Lesion,0.7831929326057434,present,Lung Opacity,0.576482892036438,present,Enlarged Cardiomediastinum,0.5232915878295898,present,Pleural_Thickening,,unavailable,,,not_computed,,"[""Atelectasis"", ""Cardiomegaly"", ""Consolidation"", ""Edema"", ""Pleural Effusion"", ""Pneumothorax"", ""Fracture"", ""Lung Opacity"", ""Enlarged Cardiomediastinum"", ""Pleural Other""]","{""Atelectasis"": 0.6767739057540894, ""Cardiomegaly"": 0.6583974957466125, ""Consolidation"": 0.622736930847168, ""Edema"": 0.519932210445404, ""Effusion"": 0.7442123889923096, ""Emphysema"": 0.5021036863327026, ""Enlarged Cardiomediastinum"": 0.576482892036438, ""Fibrosis"": 0.5239148139953613, ""Fracture"": 0.5170378684997559, ""Hernia"": 0.30411893129348755, ""Infiltration"": 0.5315672159194946, ""Lung Lesion"": 0.15880650281906128, ""Lung Opacity"": 0.7831929326057434, ""Mass"": 0.5986055731773376, ""Nodule"": 0.5183519721031189, ""Pleural_Thickening"": 0.5232915878295898, ""Pneumonia"": 0.1601392924785614, ""Pneumothorax"": 0.5028055310249329}",retrieval_agent
patient00511/study1,patient00511/study1/view1_frontal.dcm,/home/jovyan/Desktop/MEDAGENT-X/data/raw/chexpert_plus/dicom_train/patient00511/study1/view1_frontal.dcm,torchxrayvision.DenseNet,densenet121-res224-all,cuda,0.5,0.2,"[""Atelectasis"", ""Consolidation"", ""Infiltration"", ""Pneumothorax"", ""Edema"", ""Emphysema"", ""Fibrosis"", ""Effusion"", ""Pneumonia"", ""Pleural_Thickening"", ""Cardiomegaly"", ""Nodule"", ""Mass"", ""Hernia"", ""Lung Lesion"", ""Fracture"", ""Lung Opacity"", ""Enlarged Cardiomediastinum""]",0.5039678812026978,present,Atelectasis,0.6292669773101807,present,Cardiomegaly,0.510470986366272,present,Consolidation,0.5058957934379578,present,Edema,0.5061749219894409,present,Effusion,0.241664856672287,uncertain,Pneumonia,0.41025927662849426,uncertain,Pneumothorax,0.34025099873542786,uncertain,Fracture,0.03433845937252045,absent,Lung Lesion,0.5445172786712646,present,Lung Opacity,0.5088844895362854,present,Enlarged Cardiomediastinum,0.5025871992111206,present,Pleural_Thickening,,unavailable,,,not_computed,,"[""Atelectasis"", ""Cardiomegaly"", ""Consolidation"", ""Edema"", ""Pleural Effusion"", ""Lung Opacity"", ""Enlarged Cardiomediastinum"", ""Pleural Other""]","{""Atelectasis"": 0.5039678812026978, ""Cardiomegaly"": 0.6292669773101807, ""Consolidation"": 0.510470986366272, ""Edema"": 0.5058957934379578, ""Effusion"": 0.5061749219894409, ""Emphysema"": 0.5000569820404053, ""Enlarged Cardiomediastinum"": 0.5088844895362854, ""Fibrosis"": 0.5323100090026855, ""Fracture"": 0.34025099873542786, ""Hernia"": 0.02533576823771, ""Infiltration"": 0.528162956237793, ""Lung Lesion"": 0.03433845937252045, ""Lung Opacity"": 0.5445172786712646, ""Mass"": 0.5087928175926208, ""Nodule"": 0.5128918886184692, ""Pleural_Thickening"": 0.5025871992111206, ""Pneumonia"": 0.241664856672287, ""Pneumothorax"": 0.41025927662849426}",retrieval_agent
patient00515/study3,patient00515/study3/view1_frontal.dcm,/home/jovyan/Desktop/MEDAGENT-X/data/raw/chexpert_plus/dicom_train/patient00515/study3/view1_frontal.dcm,torchxrayvision.DenseNet,densenet121-res224-all,cuda,0.5,0.2,"[""Atelectasis"", ""Consolidation"", ""Infiltration"", ""Pneumothorax"", ""Edema"", ""Emphysema"", ""Fibrosis"", ""Effusion"", ""Pneumonia"", ""Pleural_Thickening"", ""Cardiomegaly"", ""Nodule"", ""Mass"", ""Hernia"", ""Lung Lesion"", ""Fracture"", ""Lung Opacity"", ""Enlarged Cardiomediastinum""]",0.5797910690307617,present,Atelectasis,0.14636936783790588,absent,Cardiomegaly,0.6021938323974609,present,Consolidation,0.13893862068653107,absent,Edema,0.5884795188903809,present,Effusion,0.15808360278606415,absent,Pneumonia,0.5007361173629761,present,Pneumothorax,0.3192060589790344,uncertain,Fracture,0.22091570496559143,uncertain,Lung Lesion,0.6688253879547119,present,Lung Opacity,0.5774319171905518,present,Enlarged Cardiomediastinum,0.5016182661056519,present,Pleural_Thickening,,unavailable,,,not_computed,,"[""Atelectasis"", ""Consolidation"", ""Pleural Effusion"", ""Pneumothorax"", ""Lung Opacity"", ""Enlarged Cardiomediastinum"", ""Pleural Other""]","{""Atelectasis"": 0.5797910690307617, ""Cardiomegaly"": 0.14636936783790588, ""Consolidation"": 0.6021938323974609, ""Edema"": 0.13893862068653107, ""Effusion"": 0.5884795188903809, ""Emphysema"": 0.4861700236797333, ""Enlarged Cardiomediastinum"": 0.5774319171905518, ""Fibrosis"": 0.501960039138794, ""Fracture"": 0.3192060589790344, ""Hernia"": 0.018406208604574203, ""Infiltration"": 0.44361990690231323, ""Lung Lesion"": 0.22091570496559143, ""Lung Opacity"": 0.6688253879547119, ""Mass"": 0.6722680330276489, ""Nodule"": 0.5114457607269287, ""Pleural_Thickening"": 0.5016182661056519, ""Pneumonia"": 0.15808360278606415, ""Pneumothorax"": 0.5007361173629761}",retrieval_agent
patient00515/study9,patient00515/study9/view1_frontal.dcm,/home/jovyan/Desktop/MEDAGENT-X/data/raw/chexpert_plus/dicom_train/patient00515/study9/view1_frontal.dcm,torchxrayvision.DenseNet,densenet121-res224-all,cuda,0.5,0.2,"[""Atelectasis"", ""Consolidation"", ""Infiltration"", ""Pneumothorax"", ""Edema"", ""Emphysema"", ""Fibrosis"", ""Effusion"", ""Pneumonia"", ""Pleural_Thickening"", ""Cardiomegaly"", ""Nodule"", ""Mass"", ""Hernia"", ""Lung Lesion"", ""Fracture"", ""Lung Opacity"", ""Enlarged Cardiomediastinum""]",0.6376546025276184,present,Atelectasis,0.5118007063865662,present,Cardiomegaly,0.6512371301651001,present,Consolidation,0.5107272267341614,present,Edema,0.7648427486419678,present,Effusion,0.2440575361251831,uncertain,Pneumonia,0.5043964385986328,present,Pneumothorax,0.5140640735626221,present,Fracture,0.30913546681404114,uncertain,Lung Lesion,0.8183842897415161,present,Lung Opacity,0.5833656787872314,present,Enlarged Cardiomediastinum,0.5242594480514526,present,Pleural_Thickening,,unavailable,,,not_computed,,"[""Atelectasis"", ""Cardiomegaly"", ""Consolidation"", ""Edema"", ""Pleural Effusion"", ""Pneumothorax"", ""Fracture"", ""Lung Opacity"", ""Enlarged Cardiomediastinum"", ""Pleural Other""]","{""Atelectasis"": 0.6376546025276184, ""Cardiomegaly"": 0.5118007063865662, ""Consolidation"": 0.6512371301651001, ""Edema"": 0.5107272267341614, ""Effusion"": 0.7648427486419678, ""Emphysema"": 0.5017873048782349, ""Enlarged Cardiomediastinum"": 0.5833656787872314, ""Fibrosis"": 0.5259406566619873, ""Fracture"": 0.5140640735626221, ""Hernia"": 0.02010294608771801, ""Infiltration"": 0.47101178765296936, ""Lung Lesion"": 0.30913546681404114, ""Lung Opacity"": 0.8183842897415161, ""Mass"": 0.6753444671630859, ""Nodule"": 0.5230683088302612, ""Pleural_Thickening"": 0.5242594480514526, ""Pneumonia"": 0.2440575361251831, ""Pneumothorax"": 0.5043964385986328}",retrieval_agent
patient00515/study9,patient00515/study9/view2_lateral.dcm,/home/jovyan/Desktop/MEDAGENT-X/data/raw/chexpert_plus/dicom_train/patient00515/study9/view2_lateral.dcm,torchxrayvision.DenseNet,densenet121-res224-all,cuda,0.5,0.2,"[""Atelectasis"", ""Consolidation"", ""Infiltration"", ""Pneumothorax"", ""Edema"", ""Emphysema"", ""Fibrosis"", ""Effusion"", ""Pneumonia"", ""Pleural_Thickening"", ""Cardiomegaly"", ""Nodule"", ""Mass"", ""Hernia"", ""Lung Lesion"", ""Fracture"", ""Lung Opacity"", ""Enlarged Cardiomediastinum""]",0.7167123556137085,present,Atelectasis,0.6372780203819275,present,Cardiomegaly,0.7117262482643127,present,Consolidation,0.6148425340652466,present,Edema,0.7762424349784851,present,Effusion,0.6219791769981384,present,Pneumonia,0.5251561999320984,present,Pneumothorax,0.5421956777572632,present,Fracture,0.5613994002342224,present,Lung Lesion,0.8436824083328247,present,Lung Opacity,0.6169896125793457,present,Enlarged Cardiomediastinum,0.5092208981513977,present,Pleural_Thickening,,unavailable,,,not_computed,,"[""Atelectasis"", ""Cardiomegaly"", ""Consolidation"", ""Edema"", ""Pleural Effusion"", ""Pneumonia"", ""Pneumothorax"", ""Fracture"", ""Lung Lesion"", ""Lung Opacity"", ""Enlarged Cardiomediastinum"", ""Pleural Other""]","{""Atelectasis"": 0.7167123556137085, ""Cardiomegaly"": 0.6372780203819275, ""Consolidation"": 0.7117262482643127, ""Edema"": 0.6148425340652466, ""Effusion"": 0.7762424349784851, ""Emphysema"": 0.5066795349121094, ""Enlarged Cardiomediastinum"": 0.6169896125793457, ""Fibrosis"": 0.5344653129577637, ""Fracture"": 0.5421956777572632, ""Hernia"": 0.035304199904203415, ""Infiltration"": 0.5591461658477783, ""Lung Lesion"": 0.5613994002342224, ""Lung Opacity"": 0.8436824083328247, ""Mass"": 0.5749857425689697, ""Nodule"": 0.5294062495231628, ""Pleural_Thickening"": 0.5092208981513977, ""Pneumonia"": 0.6219791769981384, ""Pneumothorax"": 0.5251561999320984}",retrieval_agent
patient00515/study6,patient00515/study6/view1_frontal.dcm,/home/jovyan/Desktop/MEDAGENT-X/data/raw/chexpert_plus/dicom_train/patient00515/study6/view1_frontal.dcm,torchxrayvision.DenseNet,densenet121-res224-all,cuda,0.5,0.2,"[""Atelectasis"", ""Consolidation"", ""Infiltration"", ""Pneumothorax"", ""Edema"", ""Emphysema"", ""Fibrosis"", ""Effusion"", ""Pneumonia"", ""Pleural_Thickening"", ""Cardiomegaly"", ""Nodule"", ""Mass"", ""Hernia"", ""Lung Lesion"", ""Fracture"", ""Lung Opacity"", ""Enlarged Cardiomediastinum""]",0.6238265633583069,present,Atelectasis,0.21936249732971191,uncertain,Cardiomegaly,0.6393674612045288,present,Consolidation,0.2269049882888794,uncertain,Edema,0.6835955381393433,present,Effusion,0.1287730485200882,absent,Pneumonia,0.5060696005821228,present,Pneumothorax,0.45088815689086914,uncertain,Fracture,0.5054526329040527,present,Lung Lesion,0.7694723010063171,present,Lung Opacity,0.6078372001647949,present,Enlarged Cardiomediastinum,0.5163854956626892,present,Pleural_Thickening,,unavailable,,,not_computed,,"[""Atelectasis"", ""Consolidation"", ""Pleural Effusion"", ""Pneumothorax"", ""Lung Lesion"", ""Lung Opacity"", ""Enlarged Cardiomediastinum"", ""Pleural Other""]","{""Atelectasis"": 0.6238265633583069, ""Cardiomegaly"": 0.21936249732971191, ""Consolidation"": 0.6393674612045288, ""Edema"": 0.2269049882888794, ""Effusion"": 0.6835955381393433, ""Emphysema"": 0.500400185585022, ""Enlarged Cardiomediastinum"": 0.6078372001647949, ""Fibrosis"": 0.5067253708839417, ""Fracture"": 0.45088815689086914, ""Hernia"": 0.018816329538822174, ""Infiltration"": 0.3514211177825928, ""Lung Lesion"": 0.5054526329040527, ""Lung Opacity"": 0.7694723010063171, ""Mass"": 0.7300800085067749, ""Nodule"": 0.5134497880935669, ""Pleural_Thickening"": 0.5163854956626892, ""Pneumonia"": 0.1287730485200882, ""Pneumothorax"": 0.5060696005821228}",retrieval_agent
patient00515/study1,patient00515/study1/view1_frontal.dcm,/home/jovyan/Desktop/MEDAGENT-X/data/raw/chexpert_plus/dicom_train/patient00515/study1/view1_frontal.dcm,torchxrayvision.DenseNet,densenet121-res224-all,cuda,0.5,0.2,"[""Atelectasis"", ""Consolidation"", ""Infiltration"", ""Pneumothorax"", ""Edema"", ""Emphysema"", ""Fibrosis"", ""Effusion"", ""Pneumonia"", ""Pleural_Thickening"", ""Cardiomegaly"", ""Nodule"", ""Mass"", ""Hernia"", ""Lung Lesion"", ""Fracture"", ""Lung Opacity"", ""Enlarged Cardiomediastinum""]",0.6583633422851562,present,Atelectasis,0.522845983505249,present,Cardiomegaly,0.6555315256118774,present,Consolidation,0.4809289872646332,uncertain,Edema,0.7271567583084106,present,Effusion,0.1500507891178131,absent,Pneumonia,0.5040687322616577,present,Pneumothorax,0.5080099701881409,present,Fracture,0.5156639814376831,present,Lung Lesion,0.7520154714584351,present,Lung Opacity,0.6210813522338867,present,Enlarged Cardiomediastinum,0.5133193731307983,present,Pleural_Thickening,,unavailable,,,not_computed,,"[""Atelectasis"", ""Cardiomegaly"", ""Consolidation"", ""Pleural Effusion"", ""Pneumothorax"", ""Fracture"", ""Lung Lesion"", ""Lung Opacity"", ""Enlarged Cardiomediastinum"", ""Pleural Other""]","{""Atelectasis"": 0.6583633422851562, ""Cardiomegaly"": 0.522845983505249, ""Consolidation"": 0.6555315256118774, ""Edema"": 0.4809289872646332, ""Effusion"": 0.7271567583084106, ""Emphysema"": 0.5028727054595947, ""Enlarged Cardiomediastinum"": 0.6210813522338867, ""Fibrosis"": 0.5086947679519653, ""Fracture"": 0.5080099701881409, ""Hernia"": 0.02376045100390911, ""Infiltration"": 0.2969491481781006, ""Lung Lesion"": 0.5156639814376831, ""Lung Opacity"": 0.7520154714584351, ""Mass"": 0.6791467666625977, ""Nodule"": 0.5190696716308594, ""Pleural_Thickening"": 0.5133193731307983, ""Pneumonia"": 0.1500507891178131, ""Pneumothorax"": 0.5040687322616577}",retrieval_agent
patient00515/study2,patient00515/study2/view1_frontal.dcm,/home/jovyan/Desktop/MEDAGENT-X/data/raw/chexpert_plus/dicom_train/patient00515/study2/view1_frontal.dcm,torchxrayvision.DenseNet,densenet121-res224-all,cuda,0.5,0.2,"[""Atelectasis"", ""Consolidation"", ""Infiltration"", ""Pneumothorax"", ""Edema"", ""Emphysema"", ""Fibrosis"", ""Effusion"", ""Pneumonia"", ""Pleural_Thickening"", ""Cardiomegaly"", ""Nodule"", ""Mass"", ""Hernia"", ""Lung Lesion"", ""Fracture"", ""Lung Opacity"", ""Enlarged Cardiomediastinum""]",0.6479716897010803,present,Atelectasis,0.08540906012058258,absent,Cardiomegaly,0.6400506496429443,present,Consolidation,0.14765915274620056,absent,Edema,0.7729625105857849,present,Effusion,0.14918553829193115,absent,Pneumonia,0.5247802734375,present,Pneumothorax,0.31223398447036743,uncertain,Fracture,0.6752439737319946,present,Lung Lesion,0.6661601066589355,present,Lung Opacity,0.746567964553833,present,Enlarged Cardiomediastinum,0.5161902904510498,present,Pleural_Thickening,,unavailable,,,not_computed,,"[""Atelectasis"", ""Consolidation"", ""Pleural Effusion"", ""Pneumothorax"", ""Lung Lesion"", ""Lung Opacity"", ""Enlarged Cardiomediastinum"", ""Pleural Other""]","{""Atelectasis"": 0.6479716897010803, ""Cardiomegaly"": 0.08540906012058258, ""Consolidation"": 0.6400506496429443, ""Edema"": 0.14765915274620056, ""Effusion"": 0.7729625105857849, ""Emphysema"": 0.5004478693008423, ""Enlarged Cardiomediastinum"": 0.746567964553833, ""Fibrosis"": 0.38502201437950134, ""Fracture"": 0.31223398447036743, ""Hernia"": 0.001331691979430616, ""Infiltration"": 0.2812933325767517, ""Lung Lesion"": 0.6752439737319946, ""Lung Opacity"": 0.6661601066589355, ""Mass"": 0.8574132919311523, ""Nodule"": 0.5148999094963074, ""Pleural_Thickening"": 0.5161902904510498, ""Pneumonia"": 0.14918553829193115, ""Pneumothorax"": 0.5247802734375}",retrieval_agent
patient00515/study7,patient00515/study7/view1_frontal.dcm,/home/jovyan/Desktop/MEDAGENT-X/data/raw/chexpert_plus/dicom_train/patient00515/study7/view1_frontal.dcm,torchxrayvision.DenseNet,densenet121-res224-all,cuda,0.5,0.2,"[""Atelectasis"", ""Consolidation"", ""Infiltration"", ""Pneumothorax"", ""Edema"", ""Emphysema"", ""Fibrosis"", ""Effusion"", ""Pneumonia"", ""Pleural_Thickening"", ""Cardiomegaly"", ""Nodule"", ""Mass"", ""Hernia"", ""Lung Lesion"", ""Fracture"", ""Lung Opacity"", ""Enlarged Cardiomediastinum""]",0.6465912461280823,present,Atelectasis,0.5017443895339966,present,Cardiomegaly,0.6454750299453735,present,Consolidation,0.44078144431114197,uncertain,Edema,0.8127942085266113,present,Effusion,0.4173740744590759,uncertain,Pneumonia,0.5226505994796753,present,Pneumothorax,0.5013521909713745,present,Fracture,0.5733095407485962,present,Lung Lesion,0.6942296028137207,present,Lung Opacity,0.6655358076095581,present,Enlarged Cardiomediastinum,0.5228407382965088,present,Pleural_Thickening,,unavailable,,,not_computed,,"[""Atelectasis"", ""Cardiomegaly"", ""Consolidation"", ""Pleural Effusion"", ""Pneumothorax"", ""Fracture"", ""Lung Lesion"", ""Lung Opacity"", ""Enlarged Cardiomediastinum"", ""Pleural Other""]","{""Atelectasis"": 0.6465912461280823, ""Cardiomegaly"": 0.5017443895339966, ""Consolidation"": 0.6454750299453735, ""Edema"": 0.44078144431114197, ""Effusion"": 0.8127942085266113, ""Emphysema"": 0.5023289918899536, ""Enlarged Cardiomediastinum"": 0.6655358076095581, ""Fibrosis"": 0.5124626159667969, ""Fracture"": 0.5013521909713745, ""Hernia"": 0.005555838346481323, ""Infiltration"": 0.30599427223205566, ""Lung Lesion"": 0.5733095407485962, ""Lung Opacity"": 0.6942296028137207, ""Mass"": 0.7241928577423096, ""Nodule"": 0.5307559967041016, ""Pleural_Thickening"": 0.5228407382965088, ""Pneumonia"": 0.4173740744590759, ""Pneumothorax"": 0.5226505994796753}",retrieval_agent
patient00515/study11,patient00515/study11/view1_frontal.dcm,/home/jovyan/Desktop/MEDAGENT-X/data/raw/chexpert_plus/dicom_train/patient00515/study11/view1_frontal.dcm,torchxrayvision.DenseNet,densenet121-res224-all,cuda,0.5,0.2,"[""Atelectasis"", ""Consolidation"", ""Infiltration"", ""Pneumothorax"", ""Edema"", ""Emphysema"", ""Fibrosis"", ""Effusion"", ""Pneumonia"", ""Pleural_Thickening"", ""Cardiomegaly"", ""Nodule"", ""Mass"", ""Hernia"", ""Lung Lesion"", ""Fracture"", ""Lung Opacity"", ""Enlarged Cardiomediastinum""]",0.6803993582725525,present,Atelectasis,0.691203773021698,present,Cardiomegaly,0.8122091889381409,present,Consolidation,0.7852328419685364,present,Edema,0.847322404384613,present,Effusion,0.744049608707428,present,Pneumonia,0.5247220993041992,present,Pneumothorax,0.5031012296676636,present,Fracture,0.5148062705993652,present,Lung Lesion,0.9684083461761475,present,Lung Opacity,0.7028050422668457,present,Enlarged Cardiomediastinum,0.5350657105445862,present,Pleural_Thickening,,unavailable,,,not_computed,,"[""Atelectasis"", ""Cardiomegaly"", ""Consolidation"", ""Edema"", ""Pleural Effusion"", ""Pneumonia"", ""Pneumothorax"", ""Fracture"", ""Lung Lesion"", ""Lung Opacity"", ""Enlarged Cardiomediastinum"", ""Pleural Other""]","{""Atelectasis"": 0.6803993582725525, ""Cardiomegaly"": 0.691203773021698, ""Consolidation"": 0.8122091889381409, ""Edema"": 0.7852328419685364, ""Effusion"": 0.847322404384613, ""Emphysema"": 0.5038028955459595, ""Enlarged Cardiomediastinum"": 0.7028050422668457, ""Fibrosis"": 0.5348974466323853, ""Fracture"": 0.5031012296676636, ""Hernia"": 0.008911307901144028, ""Infiltration"": 0.7547130584716797, ""Lung Lesion"": 0.5148062705993652, ""Lung Opacity"": 0.9684083461761475, ""Mass"": 0.6726266145706177, ""Nodule"": 0.5681726336479187, ""Pleural_Thickening"": 0.5350657105445862, ""Pneumonia"": 0.744049608707428, ""Pneumothorax"": 0.5247220993041992}",retrieval_agent
patient00515/study8,patient00515/study8/view1_frontal.dcm,/home/jovyan/Desktop/MEDAGENT-X/data/raw/chexpert_plus/dicom_train/patient00515/study8/view1_frontal.dcm,torchxrayvision.DenseNet,densenet121-res224-all,cuda,0.5,0.2,"[""Atelectasis"", ""Consolidation"", ""Infiltration"", ""Pneumothorax"", ""Edema"", ""Emphysema"", ""Fibrosis"", ""Effusion"", ""Pneumonia"", ""Pleural_Thickening"", ""Cardiomegaly"", ""Nodule"", ""Mass"", ""Hernia"", ""Lung Lesion"", ""Fracture"", ""Lung Opacity"", ""Enlarged Cardiomediastinum""]",0.6012799739837646,present,Atelectasis,0.1380874067544937,absent,Cardiomegaly,0.618750810623169,present,Consolidation,0.40883979201316833,uncertain,Edema,0.7003453373908997,present,Effusion,0.4008433222770691,uncertain,Pneumonia,0.5161799192428589,present,Pneumothorax,0.3851742148399353,uncertain,Fracture,0.4147808849811554,uncertain,Lung Lesion,0.7720432877540588,present,Lung Opacity,0.6400534510612488,present,Enlarged Cardiomediastinum,0.5320130586624146,present,Pleural_Thickening,,unavailable,,,not_computed,,"[""Atelectasis"", ""Consolidation"", ""Pleural Effusion"", ""Pneumothorax"", ""Lung Opacity"", ""Enlarged Cardiomediastinum"", ""Pleural Other""]","{""Atelectasis"": 0.6012799739837646, ""Cardiomegaly"": 0.1380874067544937, ""Consolidation"": 0.618750810623169, ""Edema"": 0.40883979201316833, ""Effusion"": 0.7003453373908997, ""Emphysema"": 0.5019400119781494, ""Enlarged Cardiomediastinum"": 0.6400534510612488, ""Fibrosis"": 0.5112136006355286, ""Fracture"": 0.3851742148399353, ""Hernia"": 0.004859465174376965, ""Infiltration"": 0.31333717703819275, ""Lung Lesion"": 0.4147808849811554, ""Lung Opacity"": 0.7720432877540588, ""Mass"": 0.7672877311706543, ""Nodule"": 0.5177961587905884, ""Pleural_Thickening"": 0.5320130586624146, ""Pneumonia"": 0.4008433222770691, ""Pneumothorax"": 0.5161799192428589}",retrieval_agent
patient00515/study5,patient00515/study5/view1_frontal.dcm,/home/jovyan/Desktop/MEDAGENT-X/data/raw/chexpert_plus/dicom_train/patient00515/study5/view1_frontal.dcm,torchxrayvision.DenseNet,densenet121-res224-all,cuda,0.5,0.2,"[""Atelectasis"", ""Consolidation"", ""Infiltration"", ""Pneumothorax"", ""Edema"", ""Emphysema"", ""Fibrosis"", ""Effusion"", ""Pneumonia"", ""Pleural_Thickening"", ""Cardiomegaly"", ""Nodule"", ""Mass"", ""Hernia"", ""Lung Lesion"", ""Fracture"", ""Lung Opacity"", ""Enlarged Cardiomediastinum""]",0.6964086294174194,present,Atelectasis,0.35168546438217163,uncertain,Cardiomegaly,0.6168407201766968,present,Consolidation,0.1398630291223526,absent,Edema,0.7823390960693359,present,Effusion,0.034693267196416855,absent,Pneumonia,0.5082425475120544,present,Pneumothorax,0.5088073015213013,present,Fracture,0.5270251631736755,present,Lung Lesion,0.7164111137390137,present,Lung Opacity,0.6305851936340332,present,Enlarged Cardiomediastinum,0.5226739645004272,present,Pleural_Thickening,,unavailable,,,not_computed,,"[""Atelectasis"", ""Consolidation"", ""Pleural Effusion"", ""Pneumothorax"", ""Fracture"", ""Lung Lesion"", ""Lung Opacity"", ""Enlarged Cardiomediastinum"", ""Pleural Other""]","{""Atelectasis"": 0.6964086294174194, ""Cardiomegaly"": 0.35168546438217163, ""Consolidation"": 0.6168407201766968, ""Edema"": 0.1398630291223526, ""Effusion"": 0.7823390960693359, ""Emphysema"": 0.5005512833595276, ""Enlarged Cardiomediastinum"": 0.6305851936340332, ""Fibrosis"": 0.5049095153808594, ""Fracture"": 0.5088073015213013, ""Hernia"": 0.016948960721492767, ""Infiltration"": 0.28123149275779724, ""Lung Lesion"": 0.5270251631736755, ""Lung Opacity"": 0.7164111137390137, ""Mass"": 0.7420834302902222, ""Nodule"": 0.5221557021141052, ""Pleural_Thickening"": 0.5226739645004272, ""Pneumonia"": 0.034693267196416855, ""Pneumothorax"": 0.5082425475120544}",retrieval_agent
patient00515/study4,patient00515/study4/view1_frontal.dcm,/home/jovyan/Desktop/MEDAGENT-X/data/raw/chexpert_plus/dicom_train/patient00515/study4/view1_frontal.dcm,torchxrayvision.DenseNet,densenet121-res224-all,cuda,0.5,0.2,"[""Atelectasis"", ""Consolidation"", ""Infiltration"", ""Pneumothorax"", ""Edema"", ""Emphysema"", ""Fibrosis"", ""Effusion"", ""Pneumonia"", ""Pleural_Thickening"", ""Cardiomegaly"", ""Nodule"", ""Mass"", ""Hernia"", ""Lung Lesion"", ""Fracture"", ""Lung Opacity"", ""Enlarged Cardiomediastinum""]",0.6342272758483887,present,Atelectasis,0.15480689704418182,absent,Cardiomegaly,0.5979083776473999,present,Consolidation,0.22386963665485382,uncertain,Edema,0.6614141464233398,present,Effusion,0.2204468995332718,uncertain,Pneumonia,0.5131559371948242,present,Pneumothorax,0.5126824975013733,present,Fracture,0.11399880796670914,absent,Lung Lesion,0.7608413696289062,present,Lung Opacity,0.5954766869544983,present,Enlarged Cardiomediastinum,0.5353327989578247,present,Pleural_Thickening,,unavailable,,,not_computed,,"[""Atelectasis"", ""Consolidation"", ""Pleural Effusion"", ""Pneumothorax"", ""Fracture"", ""Lung Opacity"", ""Enlarged Cardiomediastinum"", ""Pleural Other""]","{""Atelectasis"": 0.6342272758483887, ""Cardiomegaly"": 0.15480689704418182, ""Consolidation"": 0.5979083776473999, ""Edema"": 0.22386963665485382, ""Effusion"": 0.6614141464233398, ""Emphysema"": 0.5020290017127991, ""Enlarged Cardiomediastinum"": 0.5954766869544983, ""Fibrosis"": 0.504520058631897, ""Fracture"": 0.5126824975013733, ""Hernia"": 0.02959923818707466, ""Infiltration"": 0.415581077337265, ""Lung Lesion"": 0.11399880796670914, ""Lung Opacity"": 0.7608413696289062, ""Mass"": 0.6982436776161194, ""Nodule"": 0.515334963798523, ""Pleural_Thickening"": 0.5353327989578247, ""Pneumonia"": 0.2204468995332718, ""Pneumothorax"": 0.5131559371948242}",retrieval_agent
patient00515/study13,patient00515/study13/view1_frontal.dcm,/home/jovyan/Desktop/MEDAGENT-X/data/raw/chexpert_plus/dicom_train/patient00515/study13/view1_frontal.dcm,torchxrayvision.DenseNet,densenet121-res224-all,cuda,0.5,0.2,"[""Atelectasis"", ""Consolidation"", ""Infiltration"", ""Pneumothorax"", ""Edema"", ""Emphysema"", ""Fibrosis"", ""Effusion"", ""Pneumonia"", ""Pleural_Thickening"", ""Cardiomegaly"", ""Nodule"", ""Mass"", ""Hernia"", ""Lung Lesion"", ""Fracture"", ""Lung Opacity"", ""Enlarged Cardiomediastinum""]",0.667083740234375,present,Atelectasis,0.5817461013793945,present,Cardiomegaly,0.7097930312156677,present,Consolidation,0.5962568521499634,present,Edema,0.8118374943733215,present,Effusion,0.5897056460380554,present,Pneumonia,0.5274331569671631,present,Pneumothorax,0.512764573097229,present,Fracture,0.44155824184417725,uncertain,Lung Lesion,0.898976743221283,present,Lung Opacity,0.6564294099807739,present,Enlarged Cardiomediastinum,0.5449665784835815,present,Pleural_Thickening,,unavailable,,,not_computed,,"[""Atelectasis"", ""Cardiomegaly"", ""Consolidation"", ""Edema"", ""Pleural Effusion"", ""Pneumonia"", ""Pneumothorax"", ""Fracture"", ""Lung Opacity"", ""Enlarged Cardiomediastinum"", ""Pleural Other""]","{""Atelectasis"": 0.667083740234375, ""Cardiomegaly"": 0.5817461013793945, ""Consolidation"": 0.7097930312156677, ""Edema"": 0.5962568521499634, ""Effusion"": 0.8118374943733215, ""Emphysema"": 0.5054105520248413, ""Enlarged Cardiomediastinum"": 0.6564294099807739, ""Fibrosis"": 0.5279161930084229, ""Fracture"": 0.512764573097229, ""Hernia"": 0.0283049363642931, ""Infiltration"": 0.6257409453392029, ""Lung Lesion"": 0.44155824184417725, ""Lung Opacity"": 0.898976743221283, ""Mass"": 0.6085056066513062, ""Nodule"": 0.5401396751403809, ""Pleural_Thickening"": 0.5449665784835815, ""Pneumonia"": 0.5897056460380554, ""Pneumothorax"": 0.5274331569671631}",retrieval_agent
patient00515/study10,patient00515/study10/view1_frontal.dcm,/home/jovyan/Desktop/MEDAGENT-X/data/raw/chexpert_plus/dicom_train/patient00515/study10/view1_frontal.dcm,torchxrayvision.DenseNet,densenet121-res224-all,cuda,0.5,0.2,"[""Atelectasis"", ""Consolidation"", ""Infiltration"", ""Pneumothorax"", ""Edema"", ""Emphysema"", ""Fibrosis"", ""Effusion"", ""Pneumonia"", ""Pleural_Thickening"", ""Cardiomegaly"", ""Nodule"", ""Mass"", ""Hernia"", ""Lung Lesion"", ""Fracture"", ""Lung Opacity"", ""Enlarged Cardiomediastinum""]",0.6310502886772156,present,Atelectasis,0.5528637766838074,present,Cardiomegaly,0.7014387845993042,present,Consolidation,0.5593479871749878,present,Edema,0.818486213684082,present,Effusion,0.5439539551734924,present,Pneumonia,0.516594409942627,present,Pneumothorax,0.5072047710418701,present,Fracture,0.5005297660827637,present,Lung Lesion,0.8970269560813904,present,Lung Opacity,0.7091696262359619,present,Enlarged Cardiomediastinum,0.5378929376602173,present,Pleural_Thickening,,unavailable,,,not_computed,,"[""Atelectasis"", ""Cardiomegaly"", ""Consolidation"", ""Edema"", ""Pleural Effusion"", ""Pneumonia"", ""Pneumothorax"", ""Fracture"", ""Lung Lesion"", ""Lung Opacity"", ""Enlarged Cardiomediastinum"", ""Pleural Other""]","{""Atelectasis"": 0.6310502886772156, ""Cardiomegaly"": 0.5528637766838074, ""Consolidation"": 0.7014387845993042, ""Edema"": 0.5593479871749878, ""Effusion"": 0.818486213684082, ""Emphysema"": 0.5034751892089844, ""Enlarged Cardiomediastinum"": 0.7091696262359619, ""Fibrosis"": 0.5385349988937378, ""Fracture"": 0.5072047710418701, ""Hernia"": 0.007144900970160961, ""Infiltration"": 0.5558204650878906, ""Lung Lesion"": 0.5005297660827637, ""Lung Opacity"": 0.8970269560813904, ""Mass"": 0.7145270109176636, ""Nodule"": 0.5362433791160583, ""Pleural_Thickening"": 0.5378929376602173, ""Pneumonia"": 0.5439539551734924, ""Pneumothorax"": 0.516594409942627}",retrieval_agent
patient00515/study12,patient00515/study12/view1_frontal.dcm,/home/jovyan/Desktop/MEDAGENT-X/data/raw/chexpert_plus/dicom_train/patient00515/study12/view1_frontal.dcm,torchxrayvision.DenseNet,densenet121-res224-all,cuda,0.5,0.2,"[""Atelectasis"", ""Consolidation"", ""Infiltration"", ""Pneumothorax"", ""Edema"", ""Emphysema"", ""Fibrosis"", ""Effusion"", ""Pneumonia"", ""Pleural_Thickening"", ""Cardiomegaly"", ""Nodule"", ""Mass"", ""Hernia"", ""Lung Lesion"", ""Fracture"", ""Lung Opacity"", ""Enlarged Cardiomediastinum""]",0.6572121977806091,present,Atelectasis,0.5968101024627686,present,Cardiomegaly,0.6933774948120117,present,Consolidation,0.5980809330940247,present,Edema,0.7745397090911865,present,Effusion,0.5319321155548096,present,Pneumonia,0.5378717184066772,present,Pneumothorax,0.5222970843315125,present,Fracture,0.5019952058792114,present,Lung Lesion,0.8992049694061279,present,Lung Opacity,0.6802361607551575,present,Enlarged Cardiomediastinum,0.5525106191635132,present,Pleural_Thickening,,unavailable,,,not_computed,,"[""Atelectasis"", ""Cardiomegaly"", ""Consolidation"", ""Edema"", ""Pleural Effusion"", ""Pneumonia"", ""Pneumothorax"", ""Fracture"", ""Lung Lesion"", ""Lung Opacity"", ""Enlarged Cardiomediastinum"", ""Pleural Other""]","{""Atelectasis"": 0.6572121977806091, ""Cardiomegaly"": 0.5968101024627686, ""Consolidation"": 0.6933774948120117, ""Edema"": 0.5980809330940247, ""Effusion"": 0.7745397090911865, ""Emphysema"": 0.5081301927566528, ""Enlarged Cardiomediastinum"": 0.6802361607551575, ""Fibrosis"": 0.5440914034843445, ""Fracture"": 0.5222970843315125, ""Hernia"": 0.05107646435499191, ""Infiltration"": 0.6032785177230835, ""Lung Lesion"": 0.5019952058792114, ""Lung Opacity"": 0.8992049694061279, ""Mass"": 0.6295843124389648, ""Nodule"": 0.539158821105957, ""Pleural_Thickening"": 0.5525106191635132, ""Pneumonia"": 0.5319321155548096, ""Pneumothorax"": 0.5378717184066772}",retrieval_agent
patient00521/study2,patient00521/study2/view1_frontal.dcm,/home/jovyan/Desktop/MEDAGENT-X/data/raw/chexpert_plus/dicom_train/patient00521/study2/view1_frontal.dcm,torchxrayvision.DenseNet,densenet121-res224-all,cuda,0.5,0.2,"[""Atelectasis"", ""Consolidation"", ""Infiltration"", ""Pneumothorax"", ""Edema"", ""Emphysema"", ""Fibrosis"", ""Effusion"", ""Pneumonia"", ""Pleural_Thickening"", ""Cardiomegaly"", ""Nodule"", ""Mass"", ""Hernia"", ""Lung Lesion"", ""Fracture"", ""Lung Opacity"", ""Enlarged Cardiomediastinum""]",0.5837938785552979,present,Atelectasis,0.5185221433639526,present,Cardiomegaly,0.6486296653747559,present,Consolidation,0.5528602600097656,present,Edema,0.6995845437049866,present,Effusion,0.3381088674068451,uncertain,Pneumonia,0.5531670451164246,present,Pneumothorax,0.5068613290786743,present,Fracture,0.3772776126861572,uncertain,Lung Lesion,0.8574954867362976,present,Lung Opacity,0.5199078321456909,present,Enlarged Cardiomediastinum,0.5100036859512329,present,Pleural_Thickening,,unavailable,,,not_computed,,"[""Atelectasis"", ""Cardiomegaly"", ""Consolidation"", ""Edema"", ""Pleural Effusion"", ""Pneumothorax"", ""Fracture"", ""Lung Opacity"", ""Enlarged Cardiomediastinum"", ""Pleural Other""]","{""Atelectasis"": 0.5837938785552979, ""Cardiomegaly"": 0.5185221433639526, ""Consolidation"": 0.6486296653747559, ""Edema"": 0.5528602600097656, ""Effusion"": 0.6995845437049866, ""Emphysema"": 0.5009175539016724, ""Enlarged Cardiomediastinum"": 0.5199078321456909, ""Fibrosis"": 0.5100635290145874, ""Fracture"": 0.5068613290786743, ""Hernia"": 0.0293160080909729, ""Infiltration"": 0.6620395183563232, ""Lung Lesion"": 0.3772776126861572, ""Lung Opacity"": 0.8574954867362976, ""Mass"": 0.5392768383026123, ""Nodule"": 0.5142923593521118, ""Pleural_Thickening"": 0.5100036859512329, ""Pneumonia"": 0.3381088674068451, ""Pneumothorax"": 0.5531670451164246}",retrieval_agent
patient00521/study1,patient00521/study1/view1_frontal.dcm,/home/jovyan/Desktop/MEDAGENT-X/data/raw/chexpert_plus/dicom_train/patient00521/study1/view1_frontal.dcm,torchxrayvision.DenseNet,densenet121-res224-all,cuda,0.5,0.2,"[""Atelectasis"", ""Consolidation"", ""Infiltration"", ""Pneumothorax"", ""Edema"", ""Emphysema"", ""Fibrosis"", ""Effusion"", ""Pneumonia"", ""Pleural_Thickening"", ""Cardiomegaly"", ""Nodule"", ""Mass"", ""Hernia"", ""Lung Lesion"", ""Fracture"", ""Lung Opacity"", ""Enlarged Cardiomediastinum""]",0.5197625756263733,present,Atelectasis,0.1680522859096527,absent,Cardiomegaly,0.5300571322441101,present,Consolidation,0.157395601272583,absent,Edema,0.3651214838027954,uncertain,Effusion,0.1170574277639389,absent,Pneumonia,0.3856744170188904,uncertain,Pneumothorax,0.2587861716747284,uncertain,Fracture,0.03271007165312767,absent,Lung Lesion,0.5883351564407349,present,Lung Opacity,0.13612963259220123,absent,Enlarged Cardiomediastinum,0.24052339792251587,uncertain,Pleural_Thickening,,unavailable,,,not_computed,,"[""Atelectasis"", ""Consolidation"", ""Lung Opacity""]","{""Atelectasis"": 0.5197625756263733, ""Cardiomegaly"": 0.1680522859096527, ""Consolidation"": 0.5300571322441101, ""Edema"": 0.157395601272583, ""Effusion"": 0.3651214838027954, ""Emphysema"": 0.083958201110363, ""Enlarged Cardiomediastinum"": 0.13612963259220123, ""Fibrosis"": 0.5000718832015991, ""Fracture"": 0.2587861716747284, ""Hernia"": 0.28020045161247253, ""Infiltration"": 0.5383490324020386, ""Lung Lesion"": 0.03271007165312767, ""Lung Opacity"": 0.5883351564407349, ""Mass"": 0.5194498300552368, ""Nodule"": 0.5152649879455566, ""Pleural_Thickening"": 0.24052339792251587, ""Pneumonia"": 0.1170574277639389, ""Pneumothorax"": 0.3856744170188904}",retrieval_agent
patient00521/study3,patient00521/study3/view1_frontal.dcm,/home/jovyan/Desktop/MEDAGENT-X/data/raw/chexpert_plus/dicom_train/patient00521/study3/view1_frontal.dcm,torchxrayvision.DenseNet,densenet121-res224-all,cuda,0.5,0.2,"[""Atelectasis"", ""Consolidation"", ""Infiltration"", ""Pneumothorax"", ""Edema"", ""Emphysema"", ""Fibrosis"", ""Effusion"", ""Pneumonia"", ""Pleural_Thickening"", ""Cardiomegaly"", ""Nodule"", ""Mass"", ""Hernia"", ""Lung Lesion"", ""Fracture"", ""Lung Opacity"", ""Enlarged Cardiomediastinum""]",0.4157755672931671,uncertain,Atelectasis,0.15253397822380066,absent,Cardiomegaly,0.8367352485656738,present,Consolidation,0.5661691427230835,present,Edema,0.6186491250991821,present,Effusion,0.8832929134368896,present,Pneumonia,0.5091934204101562,present,Pneumothorax,0.10210593789815903,absent,Fracture,0.06831954419612885,absent,Lung Lesion,0.9935293197631836,present,Lung Opacity,0.5395100116729736,present,Enlarged Cardiomediastinum,0.46867644786834717,uncertain,Pleural_Thickening,,unavailable,,,not_computed,,"[""Consolidation"", ""Edema"", ""Pleural Effusion"", ""Pneumonia"", ""Pneumothorax"", ""Lung Opacity"", ""Enlarged Cardiomediastinum""]","{""Atelectasis"": 0.4157755672931671, ""Cardiomegaly"": 0.15253397822380066, ""Consolidation"": 0.8367352485656738, ""Edema"": 0.5661691427230835, ""Effusion"": 0.6186491250991821, ""Emphysema"": 0.5011867880821228, ""Enlarged Cardiomediastinum"": 0.5395100116729736, ""Fibrosis"": 0.5283954739570618, ""Fracture"": 0.10210593789815903, ""Hernia"": 2.3352575226454064e-05, ""Infiltration"": 0.8012873530387878, ""Lung Lesion"": 0.06831954419612885, ""Lung Opacity"": 0.9935293197631836, ""Mass"": 0.5756152868270874, ""Nodule"": 0.5928105115890503, ""Pleural_Thickening"": 0.46867644786834717, ""Pneumonia"": 0.8832929134368896, ""Pneumothorax"": 0.5091934204101562}",retrieval_agent
patient00521/study4,patient00521/study4/view1_frontal.dcm,/home/jovyan/Desktop/MEDAGENT-X/data/raw/chexpert_plus/dicom_train/patient00521/study4/view1_frontal.dcm,torchxrayvision.DenseNet,densenet121-res224-all,cuda,0.5,0.2,"[""Atelectasis"", ""Consolidation"", ""Infiltration"", ""Pneumothorax"", ""Edema"", ""Emphysema"", ""Fibrosis"", ""Effusion"", ""Pneumonia"", ""Pleural_Thickening"", ""Cardiomegaly"", ""Nodule"", ""Mass"", ""Hernia"", ""Lung Lesion"", ""Fracture"", ""Lung Opacity"", ""Enlarged Cardiomediastinum""]",0.32180356979370117,uncertain,Atelectasis,0.44655266404151917,uncertain,Cardiomegaly,0.5863598585128784,present,Consolidation,0.5162403583526611,present,Edema,0.4377795457839966,uncertain,Effusion,0.5231753587722778,present,Pneumonia,0.5215082168579102,present,Pneumothorax,0.25062718987464905,uncertain,Fracture,0.3228182792663574,uncertain,Lung Lesion,0.8947919607162476,present,Lung Opacity,0.5145233869552612,present,Enlarged Cardiomediastinum,0.48091354966163635,uncertain,Pleural_Thickening,,unavailable,,,not_computed,,"[""Consolidation"", ""Edema"", ""Pneumonia"", ""Pneumothorax"", ""Lung Opacity"", ""Enlarged Cardiomediastinum""]","{""Atelectasis"": 0.32180356979370117, ""Cardiomegaly"": 0.44655266404151917, ""Consolidation"": 0.5863598585128784, ""Edema"": 0.5162403583526611, ""Effusion"": 0.4377795457839966, ""Emphysema"": 0.50104820728302, ""Enlarged Cardiomediastinum"": 0.5145233869552612, ""Fibrosis"": 0.5161840319633484, ""Fracture"": 0.25062718987464905, ""Hernia"": 0.0005995460087433457, ""Infiltration"": 0.6572144627571106, ""Lung Lesion"": 0.3228182792663574, ""Lung Opacity"": 0.8947919607162476, ""Mass"": 0.5430780649185181, ""Nodule"": 0.5762759447097778, ""Pleural_Thickening"": 0.48091354966163635, ""Pneumonia"": 0.5231753587722778, ""Pneumothorax"": 0.5215082168579102}",retrieval_agent
patient00525/study1,patient00525/study1/view1_frontal.dcm,/home/jovyan/Desktop/MEDAGENT-X/data/raw/chexpert_plus/dicom_train/patient00525/study1/view1_frontal.dcm,torchxrayvision.DenseNet,densenet121-res224-all,cuda,0.5,0.2,"[""Atelectasis"", ""Consolidation"", ""Infiltration"", ""Pneumothorax"", ""Edema"", ""Emphysema"", ""Fibrosis"", ""Effusion"", ""Pneumonia"", ""Pleural_Thickening"", ""Cardiomegaly"", ""Nodule"", ""Mass"", ""Hernia"", ""Lung Lesion"", ""Fracture"", ""Lung Opacity"", ""Enlarged Cardiomediastinum""]",0.6804171800613403,present,Atelectasis,0.6491629481315613,present,Cardiomegaly,0.6393654346466064,present,Consolidation,0.5941102504730225,present,Edema,0.7420270442962646,present,Effusion,0.4677406847476959,uncertain,Pneumonia,0.5038493871688843,present,Pneumothorax,0.5248697996139526,present,Fracture,0.19757287204265594,absent,Lung Lesion,0.8115603923797607,present,Lung Opacity,0.5941637754440308,present,Enlarged Cardiomediastinum,0.5214272737503052,present,Pleural_Thickening,,unavailable,,,not_computed,,"[""Atelectasis"", ""Cardiomegaly"", ""Consolidation"", ""Edema"", ""Pleural Effusion"", ""Pneumothorax"", ""Fracture"", ""Lung Opacity"", ""Enlarged Cardiomediastinum"", ""Pleural Other""]","{""Atelectasis"": 0.6804171800613403, ""Cardiomegaly"": 0.6491629481315613, ""Consolidation"": 0.6393654346466064, ""Edema"": 0.5941102504730225, ""Effusion"": 0.7420270442962646, ""Emphysema"": 0.5020067691802979, ""Enlarged Cardiomediastinum"": 0.5941637754440308, ""Fibrosis"": 0.528091311454773, ""Fracture"": 0.5248697996139526, ""Hernia"": 0.1646202951669693, ""Infiltration"": 0.6075813174247742, ""Lung Lesion"": 0.19757287204265594, ""Lung Opacity"": 0.8115603923797607, ""Mass"": 0.5662100315093994, ""Nodule"": 0.5222935676574707, ""Pleural_Thickening"": 0.5214272737503052, ""Pneumonia"": 0.4677406847476959, ""Pneumothorax"": 0.5038493871688843}",retrieval_agent
patient00525/study2,patient00525/study2/view1_frontal.dcm,/home/jovyan/Desktop/MEDAGENT-X/data/raw/chexpert_plus/dicom_train/patient00525/study2/view1_frontal.dcm,torchxrayvision.DenseNet,densenet121-res224-all,cuda,0.5,0.2,"[""Atelectasis"", ""Consolidation"", ""Infiltration"", ""Pneumothorax"", ""Edema"", ""Emphysema"", ""Fibrosis"", ""Effusion"", ""Pneumonia"", ""Pleural_Thickening"", ""Cardiomegaly"", ""Nodule"", ""Mass"", ""Hernia"", ""Lung Lesion"", ""Fracture"", ""Lung Opacity"", ""Enlarged Cardiomediastinum""]",0.6698951721191406,present,Atelectasis,0.6883493065834045,present,Cardiomegaly,0.5793242454528809,present,Consolidation,0.557960569858551,present,Edema,0.7793890237808228,present,Effusion,0.5075567364692688,present,Pneumonia,0.4905935525894165,uncertain,Pneumothorax,0.5090484023094177,present,Fracture,0.19589467346668243,absent,Lung Lesion,0.6781226396560669,present,Lung Opacity,0.566055417060852,present,Enlarged Cardiomediastinum,0.509535551071167,present,Pleural_Thickening,,unavailable,,,not_computed,,"[""Atelectasis"", ""Cardiomegaly"", ""Consolidation"", ""Edema"", ""Pleural Effusion"", ""Pneumonia"", ""Fracture"", ""Lung Opacity"", ""Enlarged Cardiomediastinum"", ""Pleural Other""]","{""Atelectasis"": 0.6698951721191406, ""Cardiomegaly"": 0.6883493065834045, ""Consolidation"": 0.5793242454528809, ""Edema"": 0.557960569858551, ""Effusion"": 0.7793890237808228, ""Emphysema"": 0.5002021193504333, ""Enlarged Cardiomediastinum"": 0.566055417060852, ""Fibrosis"": 0.5103997588157654, ""Fracture"": 0.5090484023094177, ""Hernia"": 0.5321598052978516, ""Infiltration"": 0.5964070558547974, ""Lung Lesion"": 0.19589467346668243, ""Lung Opacity"": 0.6781226396560669, ""Mass"": 0.5556333065032959, ""Nodule"": 0.5036216974258423, ""Pleural_Thickening"": 0.509535551071167, ""Pneumonia"": 0.5075567364692688, ""Pneumothorax"": 0.4905935525894165}",retrieval_agent
patient00529/study1,patient00529/study1/view1_frontal.dcm,/home/jovyan/Desktop/MEDAGENT-X/data/raw/chexpert_plus/dicom_train/patient00529/study1/view1_frontal.dcm,torchxrayvision.DenseNet,densenet121-res224-all,cuda,0.5,0.2,"[""Atelectasis"", ""Consolidation"", ""Infiltration"", ""Pneumothorax"", ""Edema"", ""Emphysema"", ""Fibrosis"", ""Effusion"", ""Pneumonia"", ""Pleural_Thickening"", ""Cardiomegaly"", ""Nodule"", ""Mass"", ""Hernia"", ""Lung Lesion"", ""Fracture"", ""Lung Opacity"", ""Enlarged Cardiomediastinum""]",0.42113253474235535,uncertain,Atelectasis,0.2398366779088974,uncertain,Cardiomegaly,0.38779565691947937,uncertain,Consolidation,0.08238064497709274,absent,Edema,0.1532699316740036,absent,Effusion,0.03405969589948654,absent,Pneumonia,0.15467660129070282,absent,Pneumothorax,0.38206946849823,uncertain,Fracture,0.005289676133543253,absent,Lung Lesion,0.4916403591632843,uncertain,Lung Opacity,0.2473485767841339,uncertain,Enlarged Cardiomediastinum,0.3225152790546417,uncertain,Pleural_Thickening,,unavailable,,,not_computed,,[],"{""Atelectasis"": 0.42113253474235535, ""Cardiomegaly"": 0.2398366779088974, ""Consolidation"": 0.38779565691947937, ""Edema"": 0.08238064497709274, ""Effusion"": 0.1532699316740036, ""Emphysema"": 0.5015233755111694, ""Enlarged Cardiomediastinum"": 0.2473485767841339, ""Fibrosis"": 0.5111844539642334, ""Fracture"": 0.38206946849823, ""Hernia"": 0.0919969454407692, ""Infiltration"": 0.37036100029945374, ""Lung Lesion"": 0.005289676133543253, ""Lung Opacity"": 0.4916403591632843, ""Mass"": 0.5462836027145386, ""Nodule"": 0.5189953446388245, ""Pleural_Thickening"": 0.3225152790546417, ""Pneumonia"": 0.03405969589948654, ""Pneumothorax"": 0.15467660129070282}",retrieval_agent
patient00529/study2,patient00529/study2/view1_frontal.dcm,/home/jovyan/Desktop/MEDAGENT-X/data/raw/chexpert_plus/dicom_train/patient00529/study2/view1_frontal.dcm,torchxrayvision.DenseNet,densenet121-res224-all,cuda,0.5,0.2,"[""Atelectasis"", ""Consolidation"", ""Infiltration"", ""Pneumothorax"", ""Edema"", ""Emphysema"", ""Fibrosis"", ""Effusion"", ""Pneumonia"", ""Pleural_Thickening"", ""Cardiomegaly"", ""Nodule"", ""Mass"", ""Hernia"", ""Lung Lesion"", ""Fracture"", ""Lung Opacity"", ""Enlarged Cardiomediastinum""]",0.5313276052474976,present,Atelectasis,0.4293072521686554,uncertain,Cardiomegaly,0.5172202587127686,present,Consolidation,0.219804584980011,uncertain,Edema,0.4394436180591583,uncertain,Effusion,0.0747283473610878,absent,Pneumonia,0.36616432666778564,uncertain,Pneumothorax,0.513164758682251,present,Fracture,0.07202521711587906,absent,Lung Lesion,0.5936232209205627,present,Lung Opacity,0.5184956789016724,present,Enlarged Cardiomediastinum,0.5089728832244873,present,Pleural_Thickening,,unavailable,,,not_computed,,"[""Atelectasis"", ""Consolidation"", ""Fracture"", ""Lung Opacity"", ""Enlarged Cardiomediastinum"", ""Pleural Other""]","{""Atelectasis"": 0.5313276052474976, ""Cardiomegaly"": 0.4293072521686554, ""Consolidation"": 0.5172202587127686, ""Edema"": 0.219804584980011, ""Effusion"": 0.4394436180591583, ""Emphysema"": 0.500715434551239, ""Enlarged Cardiomediastinum"": 0.5184956789016724, ""Fibrosis"": 0.507062554359436, ""Fracture"": 0.513164758682251, ""Hernia"": 0.6293475031852722, ""Infiltration"": 0.5288971662521362, ""Lung Lesion"": 0.07202521711587906, ""Lung Opacity"": 0.5936232209205627, ""Mass"": 0.7278671264648438, ""Nodule"": 0.5384174585342407, ""Pleural_Thickening"": 0.5089728832244873, ""Pneumonia"": 0.0747283473610878, ""Pneumothorax"": 0.36616432666778564}",retrieval_agent
patient00530/study1,patient00530/study1/view1_frontal.dcm,/home/jovyan/Desktop/MEDAGENT-X/data/raw/chexpert_plus/dicom_train/patient00530/study1/view1_frontal.dcm,torchxrayvision.DenseNet,densenet121-res224-all,cuda,0.5,0.2,"[""Atelectasis"", ""Consolidation"", ""Infiltration"", ""Pneumothorax"", ""Edema"", ""Emphysema"", ""Fibrosis"", ""Effusion"", ""Pneumonia"", ""Pleural_Thickening"", ""Cardiomegaly"", ""Nodule"", ""Mass"", ""Hernia"", ""Lung Lesion"", ""Fracture"", ""Lung Opacity"", ""Enlarged Cardiomediastinum""]",0.1195533350110054,absent,Atelectasis,0.05675216391682625,absent,Cardiomegaly,0.11287610977888107,absent,Consolidation,0.053687747567892075,absent,Edema,0.04184842109680176,absent,Effusion,0.00928176287561655,absent,Pneumonia,0.1803857535123825,absent,Pneumothorax,0.31817418336868286,uncertain,Fracture,0.009015357121825218,absent,Lung Lesion,0.13563719391822815,absent,Lung Opacity,0.15293535590171814,absent,Enlarged Cardiomediastinum,0.3597257733345032,uncertain,Pleural_Thickening,,unavailable,,,not_computed,,[],"{""Atelectasis"": 0.1195533350110054, ""Cardiomegaly"": 0.05675216391682625, ""Consolidation"": 0.11287610977888107, ""Edema"": 0.053687747567892075, ""Effusion"": 0.04184842109680176, ""Emphysema"": 0.45583653450012207, ""Enlarged Cardiomediastinum"": 0.15293535590171814, ""Fibrosis"": 0.5090087652206421, ""Fracture"": 0.31817418336868286, ""Hernia"": 0.028681857511401176, ""Infiltration"": 0.4576469659805298, ""Lung Lesion"": 0.009015357121825218, ""Lung Opacity"": 0.13563719391822815, ""Mass"": 0.5358688235282898, ""Nodule"": 0.5320370197296143, ""Pleural_Thickening"": 0.3597257733345032, ""Pneumonia"": 0.00928176287561655, ""Pneumothorax"": 0.1803857535123825}",retrieval_agent
patient00533/study2,patient00533/study2/view1_frontal.dcm,/home/jovyan/Desktop/MEDAGENT-X/data/raw/chexpert_plus/dicom_train/patient00533/study2/view1_frontal.dcm,torchxrayvision.DenseNet,densenet121-res224-all,cuda,0.5,0.2,"[""Atelectasis"", ""Consolidation"", ""Infiltration"", ""Pneumothorax"", ""Edema"", ""Emphysema"", ""Fibrosis"", ""Effusion"", ""Pneumonia"", ""Pleural_Thickening"", ""Cardiomegaly"", ""Nodule"", ""Mass"", ""Hernia"", ""Lung Lesion"", ""Fracture"", ""Lung Opacity"", ""Enlarged Cardiomediastinum""]",0.6498746871948242,present,Atelectasis,0.50486159324646,present,Cardiomegaly,0.6045458316802979,present,Consolidation,0.44809749722480774,uncertain,Edema,0.744914174079895,present,Effusion,0.10375463217496872,absent,Pneumonia,0.5077924728393555,present,Pneumothorax,0.5191890001296997,present,Fracture,0.17682728171348572,absent,Lung Lesion,0.7132548093795776,present,Lung Opacity,0.5445111393928528,present,Enlarged Cardiomediastinum,0.5629035234451294,present,Pleural_Thickening,,unavailable,,,not_computed,,"[""Atelectasis"", ""Cardiomegaly"", ""Consolidation"", ""Pleural Effusion"", ""Pneumothorax"", ""Fracture"", ""Lung Opacity"", ""Enlarged Cardiomediastinum"", ""Pleural Other""]","{""Atelectasis"": 0.6498746871948242, ""Cardiomegaly"": 0.50486159324646, ""Consolidation"": 0.6045458316802979, ""Edema"": 0.44809749722480774, ""Effusion"": 0.744914174079895, ""Emphysema"": 0.501275897026062, ""Enlarged Cardiomediastinum"": 0.5445111393928528, ""Fibrosis"": 0.512968897819519, ""Fracture"": 0.5191890001296997, ""Hernia"": 0.32169410586357117, ""Infiltration"": 0.531721830368042, ""Lung Lesion"": 0.17682728171348572, ""Lung Opacity"": 0.7132548093795776, ""Mass"": 0.6492775678634644, ""Nodule"": 0.520496129989624, ""Pleural_Thickening"": 0.5629035234451294, ""Pneumonia"": 0.10375463217496872, ""Pneumothorax"": 0.5077924728393555}",retrieval_agent
patient00533/study1,patient00533/study1/view1_frontal.dcm,/home/jovyan/Desktop/MEDAGENT-X/data/raw/chexpert_plus/dicom_train/patient00533/study1/view1_frontal.dcm,torchxrayvision.DenseNet,densenet121-res224-all,cuda,0.5,0.2,"[""Atelectasis"", ""Consolidation"", ""Infiltration"", ""Pneumothorax"", ""Edema"", ""Emphysema"", ""Fibrosis"", ""Effusion"", ""Pneumonia"", ""Pleural_Thickening"", ""Cardiomegaly"", ""Nodule"", ""Mass"", ""Hernia"", ""Lung Lesion"", ""Fracture"", ""Lung Opacity"", ""Enlarged Cardiomediastinum""]",0.6817699074745178,present,Atelectasis,0.5600308179855347,present,Cardiomegaly,0.6648876667022705,present,Consolidation,0.5686216354370117,present,Edema,0.7473745346069336,present,Effusion,0.5080069303512573,present,Pneumonia,0.5253380537033081,present,Pneumothorax,0.5489131808280945,present,Fracture,0.5680367946624756,present,Lung Lesion,0.8367992639541626,present,Lung Opacity,0.6456642746925354,present,Enlarged Cardiomediastinum,0.5485936999320984,present,Pleural_Thickening,,unavailable,,,not_computed,,"[""Atelectasis"", ""Cardiomegaly"", ""Consolidation"", ""Edema"", ""Pleural Effusion"", ""Pneumonia"", ""Pneumothorax"", ""Fracture"", ""Lung Lesion"", ""Lung Opacity"", ""Enlarged Cardiomediastinum"", ""Pleural Other""]","{""Atelectasis"": 0.6817699074745178, ""Cardiomegaly"": 0.5600308179855347, ""Consolidation"": 0.6648876667022705, ""Edema"": 0.5686216354370117, ""Effusion"": 0.7473745346069336, ""Emphysema"": 0.5043530464172363, ""Enlarged Cardiomediastinum"": 0.6456642746925354, ""Fibrosis"": 0.5324429273605347, ""Fracture"": 0.5489131808280945, ""Hernia"": 0.029045401141047478, ""Infiltration"": 0.5740739703178406, ""Lung Lesion"": 0.5680367946624756, ""Lung Opacity"": 0.8367992639541626, ""Mass"": 0.7152650356292725, ""Nodule"": 0.594266414642334, ""Pleural_Thickening"": 0.5485936999320984, ""Pneumonia"": 0.5080069303512573, ""Pneumothorax"": 0.5253380537033081}",retrieval_agent
patient00533/study4,patient00533/study4/view1_frontal.dcm,/home/jovyan/Desktop/MEDAGENT-X/data/raw/chexpert_plus/dicom_train/patient00533/study4/view1_frontal.dcm,torchxrayvision.DenseNet,densenet121-res224-all,cuda,0.5,0.2,"[""Atelectasis"", ""Consolidation"", ""Infiltration"", ""Pneumothorax"", ""Edema"", ""Emphysema"", ""Fibrosis"", ""Effusion"", ""Pneumonia"", ""Pleural_Thickening"", ""Cardiomegaly"", ""Nodule"", ""Mass"", ""Hernia"", ""Lung Lesion"", ""Fracture"", ""Lung Opacity"", ""Enlarged Cardiomediastinum""]",0.6062415838241577,present,Atelectasis,0.5110791921615601,present,Cardiomegaly,0.5639878511428833,present,Consolidation,0.2069850116968155,uncertain,Edema,0.5709452629089355,present,Effusion,0.021359305828809738,absent,Pneumonia,0.2575143873691559,uncertain,Pneumothorax,0.5040008425712585,present,Fracture,0.16044043004512787,absent,Lung Lesion,0.6602612137794495,present,Lung Opacity,0.5253158807754517,present,Enlarged Cardiomediastinum,0.5176762342453003,present,Pleural_Thickening,,unavailable,,,not_computed,,"[""Atelectasis"", ""Cardiomegaly"", ""Consolidation"", ""Pleural Effusion"", ""Fracture"", ""Lung Opacity"", ""Enlarged Cardiomediastinum"", ""Pleural Other""]","{""Atelectasis"": 0.6062415838241577, ""Cardiomegaly"": 0.5110791921615601, ""Consolidation"": 0.5639878511428833, ""Edema"": 0.2069850116968155, ""Effusion"": 0.5709452629089355, ""Emphysema"": 0.5013465285301208, ""Enlarged Cardiomediastinum"": 0.5253158807754517, ""Fibrosis"": 0.5178666114807129, ""Fracture"": 0.5040008425712585, ""Hernia"": 0.07924140244722366, ""Infiltration"": 0.5067206621170044, ""Lung Lesion"": 0.16044043004512787, ""Lung Opacity"": 0.6602612137794495, ""Mass"": 0.6823885440826416, ""Nodule"": 0.5191338658332825, ""Pleural_Thickening"": 0.5176762342453003, ""Pneumonia"": 0.021359305828809738, ""Pneumothorax"": 0.2575143873691559}",retrieval_agent
patient00533/study3,patient00533/study3/view1_frontal.dcm,/home/jovyan/Desktop/MEDAGENT-X/data/raw/chexpert_plus/dicom_train/patient00533/study3/view1_frontal.dcm,torchxrayvision.DenseNet,densenet121-res224-all,cuda,0.5,0.2,"[""Atelectasis"", ""Consolidation"", ""Infiltration"", ""Pneumothorax"", ""Edema"", ""Emphysema"", ""Fibrosis"", ""Effusion"", ""Pneumonia"", ""Pleural_Thickening"", ""Cardiomegaly"", ""Nodule"", ""Mass"", ""Hernia"", ""Lung Lesion"", ""Fracture"", ""Lung Opacity"", ""Enlarged Cardiomediastinum""]",0.6611565351486206,present,Atelectasis,0.35925060510635376,uncertain,Cardiomegaly,0.5676099061965942,present,Consolidation,0.44969654083251953,uncertain,Edema,0.71390700340271,present,Effusion,0.11405682563781738,absent,Pneumonia,0.5081254243850708,present,Pneumothorax,0.5692125558853149,present,Fracture,0.5312118530273438,present,Lung Lesion,0.6920726299285889,present,Lung Opacity,0.5726689100265503,present,Enlarged Cardiomediastinum,0.5523130893707275,present,Pleural_Thickening,,unavailable,,,not_computed,,"[""Atelectasis"", ""Consolidation"", ""Pleural Effusion"", ""Pneumothorax"", ""Fracture"", ""Lung Lesion"", ""Lung Opacity"", ""Enlarged Cardiomediastinum"", ""Pleural Other""]","{""Atelectasis"": 0.6611565351486206, ""Cardiomegaly"": 0.35925060510635376, ""Consolidation"": 0.5676099061965942, ""Edema"": 0.44969654083251953, ""Effusion"": 0.71390700340271, ""Emphysema"": 0.5062191486358643, ""Enlarged Cardiomediastinum"": 0.5726689100265503, ""Fibrosis"": 0.540586531162262, ""Fracture"": 0.5692125558853149, ""Hernia"": 0.02313557080924511, ""Infiltration"": 0.5464857816696167, ""Lung Lesion"": 0.5312118530273438, ""Lung Opacity"": 0.6920726299285889, ""Mass"": 0.7037303447723389, ""Nodule"": 0.6210098266601562, ""Pleural_Thickening"": 0.5523130893707275, ""Pneumonia"": 0.11405682563781738, ""Pneumothorax"": 0.5081254243850708}",retrieval_agent
patient00535/study1,patient00535/study1/view1_frontal.dcm,/home/jovyan/Desktop/MEDAGENT-X/data/raw/chexpert_plus/dicom_train/patient00535/study1/view1_frontal.dcm,torchxrayvision.DenseNet,densenet121-res224-all,cuda,0.5,0.2,"[""Atelectasis"", ""Consolidation"", ""Infiltration"", ""Pneumothorax"", ""Edema"", ""Emphysema"", ""Fibrosis"", ""Effusion"", ""Pneumonia"", ""Pleural_Thickening"", ""Cardiomegaly"", ""Nodule"", ""Mass"", ""Hernia"", ""Lung Lesion"", ""Fracture"", ""Lung Opacity"", ""Enlarged Cardiomediastinum""]",0.11792261898517609,absent,Atelectasis,0.013581265695393085,absent,Cardiomegaly,0.12073323130607605,absent,Consolidation,0.002321363426744938,absent,Edema,0.014624134637415409,absent,Effusion,0.003742726519703865,absent,Pneumonia,0.00810870062559843,absent,Pneumothorax,0.14696456491947174,absent,Fracture,0.0008543429430574179,absent,Lung Lesion,0.08212843537330627,absent,Lung Opacity,0.02445552684366703,absent,Enlarged Cardiomediastinum,0.07034028321504593,absent,Pleural_Thickening,,unavailable,,,not_computed,,[],"{""Atelectasis"": 0.11792261898517609, ""Cardiomegaly"": 0.013581265695393085, ""Consolidation"": 0.12073323130607605, ""Edema"": 0.002321363426744938, ""Effusion"": 0.014624134637415409, ""Emphysema"": 0.23989523947238922, ""Enlarged Cardiomediastinum"": 0.02445552684366703, ""Fibrosis"": 0.267042875289917, ""Fracture"": 0.14696456491947174, ""Hernia"": 0.015872595831751823, ""Infiltration"": 0.0884111225605011, ""Lung Lesion"": 0.0008543429430574179, ""Lung Opacity"": 0.08212843537330627, ""Mass"": 0.31746089458465576, ""Nodule"": 0.3018399178981781, ""Pleural_Thickening"": 0.07034028321504593, ""Pneumonia"": 0.003742726519703865, ""Pneumothorax"": 0.00810870062559843}",retrieval_agent
patient00535/study1,patient00535/study1/view2_lateral.dcm,/home/jovyan/Desktop/MEDAGENT-X/data/raw/chexpert_plus/dicom_train/patient00535/study1/view2_lateral.dcm,torchxrayvision.DenseNet,densenet121-res224-all,cuda,0.5,0.2,"[""Atelectasis"", ""Consolidation"", ""Infiltration"", ""Pneumothorax"", ""Edema"", ""Emphysema"", ""Fibrosis"", ""Effusion"", ""Pneumonia"", ""Pleural_Thickening"", ""Cardiomegaly"", ""Nodule"", ""Mass"", ""Hernia"", ""Lung Lesion"", ""Fracture"", ""Lung Opacity"", ""Enlarged Cardiomediastinum""]",0.5138756036758423,present,Atelectasis,0.5093891620635986,present,Cardiomegaly,0.5059016942977905,present,Consolidation,0.5013806819915771,present,Edema,0.45469480752944946,uncertain,Effusion,0.6006022691726685,present,Pneumonia,0.046527620404958725,absent,Pneumothorax,0.1660553365945816,absent,Fracture,0.06799495220184326,absent,Lung Lesion,0.7196323275566101,present,Lung Opacity,0.5005307793617249,present,Enlarged Cardiomediastinum,0.04130038991570473,absent,Pleural_Thickening,,unavailable,,,not_computed,,"[""Atelectasis"", ""Cardiomegaly"", ""Consolidation"", ""Edema"", ""Pneumonia"", ""Lung Opacity"", ""Enlarged Cardiomediastinum""]","{""Atelectasis"": 0.5138756036758423, ""Cardiomegaly"": 0.5093891620635986, ""Consolidation"": 0.5059016942977905, ""Edema"": 0.5013806819915771, ""Effusion"": 0.45469480752944946, ""Emphysema"": 0.5051184892654419, ""Enlarged Cardiomediastinum"": 0.5005307793617249, ""Fibrosis"": 0.04645450413227081, ""Fracture"": 0.1660553365945816, ""Hernia"": 0.016836607828736305, ""Infiltration"": 0.5209144353866577, ""Lung Lesion"": 0.06799495220184326, ""Lung Opacity"": 0.7196323275566101, ""Mass"": 0.2659234404563904, ""Nodule"": 0.4020010828971863, ""Pleural_Thickening"": 0.04130038991570473, ""Pneumonia"": 0.6006022691726685, ""Pneumothorax"": 0.046527620404958725}",retrieval_agent
patient00535/study2,patient00535/study2/view1_frontal.dcm,/home/jovyan/Desktop/MEDAGENT-X/data/raw/chexpert_plus/dicom_train/patient00535/study2/view1_frontal.dcm,torchxrayvision.DenseNet,densenet121-res224-all,cuda,0.5,0.2,"[""Atelectasis"", ""Consolidation"", ""Infiltration"", ""Pneumothorax"", ""Edema"", ""Emphysema"", ""Fibrosis"", ""Effusion"", ""Pneumonia"", ""Pleural_Thickening"", ""Cardiomegaly"", ""Nodule"", ""Mass"", ""Hernia"", ""Lung Lesion"", ""Fracture"", ""Lung Opacity"", ""Enlarged Cardiomediastinum""]",0.6569585204124451,present,Atelectasis,0.5359244346618652,present,Cardiomegaly,0.6027959585189819,present,Consolidation,0.3741784691810608,uncertain,Edema,0.7309588193893433,present,Effusion,0.3305235505104065,uncertain,Pneumonia,0.21577836573123932,uncertain,Pneumothorax,0.5186532139778137,present,Fracture,0.03709642216563225,absent,Lung Lesion,0.6233975887298584,present,Lung Opacity,0.5034477710723877,present,Enlarged Cardiomediastinum,0.500417172908783,present,Pleural_Thickening,,unavailable,,,not_computed,,"[""Atelectasis"", ""Cardiomegaly"", ""Consolidation"", ""Pleural Effusion"", ""Fracture"", ""Lung Opacity"", ""Enlarged Cardiomediastinum"", ""Pleural Other""]","{""Atelectasis"": 0.6569585204124451, ""Cardiomegaly"": 0.5359244346618652, ""Consolidation"": 0.6027959585189819, ""Edema"": 0.3741784691810608, ""Effusion"": 0.7309588193893433, ""Emphysema"": 0.5005499124526978, ""Enlarged Cardiomediastinum"": 0.5034477710723877, ""Fibrosis"": 0.5101172924041748, ""Fracture"": 0.5186532139778137, ""Hernia"": 0.1031365767121315, ""Infiltration"": 0.3110438883304596, ""Lung Lesion"": 0.03709642216563225, ""Lung Opacity"": 0.6233975887298584, ""Mass"": 0.5732758045196533, ""Nodule"": 0.5080961585044861, ""Pleural_Thickening"": 0.500417172908783, ""Pneumonia"": 0.3305235505104065, ""Pneumothorax"": 0.21577836573123932}",retrieval_agent
patient00535/study2,patient00535/study2/view2_lateral.dcm,/home/jovyan/Desktop/MEDAGENT-X/data/raw/chexpert_plus/dicom_train/patient00535/study2/view2_lateral.dcm,torchxrayvision.DenseNet,densenet121-res224-all,cuda,0.5,0.2,"[""Atelectasis"", ""Consolidation"", ""Infiltration"", ""Pneumothorax"", ""Edema"", ""Emphysema"", ""Fibrosis"", ""Effusion"", ""Pneumonia"", ""Pleural_Thickening"", ""Cardiomegaly"", ""Nodule"", ""Mass"", ""Hernia"", ""Lung Lesion"", ""Fracture"", ""Lung Opacity"", ""Enlarged Cardiomediastinum""]",0.6091861724853516,present,Atelectasis,0.5919044613838196,present,Cardiomegaly,0.5852974653244019,present,Consolidation,0.556647777557373,present,Edema,0.7736717462539673,present,Effusion,0.6931827068328857,present,Pneumonia,0.3919641077518463,uncertain,Pneumothorax,0.5118874907493591,present,Fracture,0.25824227929115295,uncertain,Lung Lesion,0.8182305693626404,present,Lung Opacity,0.5399767160415649,present,Enlarged Cardiomediastinum,0.4436884820461273,uncertain,Pleural_Thickening,,unavailable,,,not_computed,,"[""Atelectasis"", ""Cardiomegaly"", ""Consolidation"", ""Edema"", ""Pleural Effusion"", ""Pneumonia"", ""Fracture"", ""Lung Opacity"", ""Enlarged Cardiomediastinum""]","{""Atelectasis"": 0.6091861724853516, ""Cardiomegaly"": 0.5919044613838196, ""Consolidation"": 0.5852974653244019, ""Edema"": 0.556647777557373, ""Effusion"": 0.7736717462539673, ""Emphysema"": 0.5047038793563843, ""Enlarged Cardiomediastinum"": 0.5399767160415649, ""Fibrosis"": 0.5168442726135254, ""Fracture"": 0.5118874907493591, ""Hernia"": 0.04065373167395592, ""Infiltration"": 0.5333555936813354, ""Lung Lesion"": 0.25824227929115295, ""Lung Opacity"": 0.8182305693626404, ""Mass"": 0.5196196436882019, ""Nodule"": 0.5130771994590759, ""Pleural_Thickening"": 0.4436884820461273, ""Pneumonia"": 0.6931827068328857, ""Pneumothorax"": 0.3919641077518463}",retrieval_agent
patient00539/study1,patient00539/study1/view1_frontal.dcm,/home/jovyan/Desktop/MEDAGENT-X/data/raw/chexpert_plus/dicom_train/patient00539/study1/view1_frontal.dcm,torchxrayvision.DenseNet,densenet121-res224-all,cuda,0.5,0.2,"[""Atelectasis"", ""Consolidation"", ""Infiltration"", ""Pneumothorax"", ""Edema"", ""Emphysema"", ""Fibrosis"", ""Effusion"", ""Pneumonia"", ""Pleural_Thickening"", ""Cardiomegaly"", ""Nodule"", ""Mass"", ""Hernia"", ""Lung Lesion"", ""Fracture"", ""Lung Opacity"", ""Enlarged Cardiomediastinum""]",0.6698817610740662,present,Atelectasis,0.5540404319763184,present,Cardiomegaly,0.7281719446182251,present,Consolidation,0.508975088596344,present,Edema,0.8880773782730103,present,Effusion,0.5641646385192871,present,Pneumonia,0.5280333757400513,present,Pneumothorax,0.5178831815719604,present,Fracture,0.5341721773147583,present,Lung Lesion,0.8449699878692627,present,Lung Opacity,0.7191096544265747,present,Enlarged Cardiomediastinum,0.5265758037567139,present,Pleural_Thickening,,unavailable,,,not_computed,,"[""Atelectasis"", ""Cardiomegaly"", ""Consolidation"", ""Edema"", ""Pleural Effusion"", ""Pneumonia"", ""Pneumothorax"", ""Fracture"", ""Lung Lesion"", ""Lung Opacity"", ""Enlarged Cardiomediastinum"", ""Pleural Other""]","{""Atelectasis"": 0.6698817610740662, ""Cardiomegaly"": 0.5540404319763184, ""Consolidation"": 0.7281719446182251, ""Edema"": 0.508975088596344, ""Effusion"": 0.8880773782730103, ""Emphysema"": 0.5038413405418396, ""Enlarged Cardiomediastinum"": 0.7191096544265747, ""Fibrosis"": 0.5081825852394104, ""Fracture"": 0.5178831815719604, ""Hernia"": 0.007591420318931341, ""Infiltration"": 0.5157068371772766, ""Lung Lesion"": 0.5341721773147583, ""Lung Opacity"": 0.8449699878692627, ""Mass"": 0.6888303160667419, ""Nodule"": 0.5323954820632935, ""Pleural_Thickening"": 0.5265758037567139, ""Pneumonia"": 0.5641646385192871, ""Pneumothorax"": 0.5280333757400513}",retrieval_agent
patient00542/study3,patient00542/study3/view2_lateral.dcm,/home/jovyan/Desktop/MEDAGENT-X/data/raw/chexpert_plus/dicom_train/patient00542/study3/view2_lateral.dcm,torchxrayvision.DenseNet,densenet121-res224-all,cuda,0.5,0.2,"[""Atelectasis"", ""Consolidation"", ""Infiltration"", ""Pneumothorax"", ""Edema"", ""Emphysema"", ""Fibrosis"", ""Effusion"", ""Pneumonia"", ""Pleural_Thickening"", ""Cardiomegaly"", ""Nodule"", ""Mass"", ""Hernia"", ""Lung Lesion"", ""Fracture"", ""Lung Opacity"", ""Enlarged Cardiomediastinum""]",0.6024547815322876,present,Atelectasis,0.5350973606109619,present,Cardiomegaly,0.6408712863922119,present,Consolidation,0.5019513368606567,present,Edema,0.7724917531013489,present,Effusion,0.5002155303955078,present,Pneumonia,0.5228724479675293,present,Pneumothorax,0.5381193161010742,present,Fracture,0.39611703157424927,uncertain,Lung Lesion,0.782261848449707,present,Lung Opacity,0.5532598495483398,present,Enlarged Cardiomediastinum,0.5442672967910767,present,Pleural_Thickening,,unavailable,,,not_computed,,"[""Atelectasis"", ""Cardiomegaly"", ""Consolidation"", ""Edema"", ""Pleural Effusion"", ""Pneumonia"", ""Pneumothorax"", ""Fracture"", ""Lung Opacity"", ""Enlarged Cardiomediastinum"", ""Pleural Other""]","{""Atelectasis"": 0.6024547815322876, ""Cardiomegaly"": 0.5350973606109619, ""Consolidation"": 0.6408712863922119, ""Edema"": 0.5019513368606567, ""Effusion"": 0.7724917531013489, ""Emphysema"": 0.5042930841445923, ""Enlarged Cardiomediastinum"": 0.5532598495483398, ""Fibrosis"": 0.5408916473388672, ""Fracture"": 0.5381193161010742, ""Hernia"": 0.026312198489904404, ""Infiltration"": 0.5482794046401978, ""Lung Lesion"": 0.39611703157424927, ""Lung Opacity"": 0.782261848449707, ""Mass"": 0.5614860653877258, ""Nodule"": 0.5218127965927124, ""Pleural_Thickening"": 0.5442672967910767, ""Pneumonia"": 0.5002155303955078, ""Pneumothorax"": 0.5228724479675293}",retrieval_agent
patient00542/study1,patient00542/study1/view1_frontal.dcm,/home/jovyan/Desktop/MEDAGENT-X/data/raw/chexpert_plus/dicom_train/patient00542/study1/view1_frontal.dcm,torchxrayvision.DenseNet,densenet121-res224-all,cuda,0.5,0.2,"[""Atelectasis"", ""Consolidation"", ""Infiltration"", ""Pneumothorax"", ""Edema"", ""Emphysema"", ""Fibrosis"", ""Effusion"", ""Pneumonia"", ""Pleural_Thickening"", ""Cardiomegaly"", ""Nodule"", ""Mass"", ""Hernia"", ""Lung Lesion"", ""Fracture"", ""Lung Opacity"", ""Enlarged Cardiomediastinum""]",0.6636978387832642,present,Atelectasis,0.5547055006027222,present,Cardiomegaly,0.5708909034729004,present,Consolidation,0.5953987836837769,present,Edema,0.6105499863624573,present,Effusion,0.5530713796615601,present,Pneumonia,0.5349936485290527,present,Pneumothorax,0.5234130024909973,present,Fracture,0.6170492172241211,present,Lung Lesion,0.7040736079216003,present,Lung Opacity,0.6076723337173462,present,Enlarged Cardiomediastinum,0.5844769477844238,present,Pleural_Thickening,,unavailable,,,not_computed,,"[""Atelectasis"", ""Cardiomegaly"", ""Consolidation"", ""Edema"", ""Pleural Effusion"", ""Pneumonia"", ""Pneumothorax"", ""Fracture"", ""Lung Lesion"", ""Lung Opacity"", ""Enlarged Cardiomediastinum"", ""Pleural Other""]","{""Atelectasis"": 0.6636978387832642, ""Cardiomegaly"": 0.5547055006027222, ""Consolidation"": 0.5708909034729004, ""Edema"": 0.5953987836837769, ""Effusion"": 0.6105499863624573, ""Emphysema"": 0.5243930816650391, ""Enlarged Cardiomediastinum"": 0.6076723337173462, ""Fibrosis"": 0.6420638561248779, ""Fracture"": 0.5234130024909973, ""Hernia"": 0.06236949563026428, ""Infiltration"": 0.619637668132782, ""Lung Lesion"": 0.6170492172241211, ""Lung Opacity"": 0.7040736079216003, ""Mass"": 0.5837845206260681, ""Nodule"": 0.5443843007087708, ""Pleural_Thickening"": 0.5844769477844238, ""Pneumonia"": 0.5530713796615601, ""Pneumothorax"": 0.5349936485290527}",retrieval_agent
patient00542/study5,patient00542/study5/view1_frontal.dcm,/home/jovyan/Desktop/MEDAGENT-X/data/raw/chexpert_plus/dicom_train/patient00542/study5/view1_frontal.dcm,torchxrayvision.DenseNet,densenet121-res224-all,cuda,0.5,0.2,"[""Atelectasis"", ""Consolidation"", ""Infiltration"", ""Pneumothorax"", ""Edema"", ""Emphysema"", ""Fibrosis"", ""Effusion"", ""Pneumonia"", ""Pleural_Thickening"", ""Cardiomegaly"", ""Nodule"", ""Mass"", ""Hernia"", ""Lung Lesion"", ""Fracture"", ""Lung Opacity"", ""Enlarged Cardiomediastinum""]",0.8520324230194092,present,Atelectasis,0.8348896503448486,present,Cardiomegaly,0.8359988927841187,present,Consolidation,0.7232967615127563,present,Edema,0.9564971327781677,present,Effusion,0.5760021805763245,present,Pneumonia,0.551193118095398,present,Pneumothorax,0.5690256357192993,present,Fracture,0.5478640198707581,present,Lung Lesion,0.8905499577522278,present,Lung Opacity,0.6795428395271301,present,Enlarged Cardiomediastinum,0.520480751991272,present,Pleural_Thickening,,unavailable,,,not_computed,,"[""Atelectasis"", ""Cardiomegaly"", ""Consolidation"", ""Edema"", ""Pleural Effusion"", ""Pneumonia"", ""Pneumothorax"", ""Fracture"", ""Lung Lesion"", ""Lung Opacity"", ""Enlarged Cardiomediastinum"", ""Pleural Other""]","{""Atelectasis"": 0.8520324230194092, ""Cardiomegaly"": 0.8348896503448486, ""Consolidation"": 0.8359988927841187, ""Edema"": 0.7232967615127563, ""Effusion"": 0.9564971327781677, ""Emphysema"": 0.5046613812446594, ""Enlarged Cardiomediastinum"": 0.6795428395271301, ""Fibrosis"": 0.5161360502243042, ""Fracture"": 0.5690256357192993, ""Hernia"": 0.05204053223133087, ""Infiltration"": 0.6211907863616943, ""Lung Lesion"": 0.5478640198707581, ""Lung Opacity"": 0.8905499577522278, ""Mass"": 0.6198067665100098, ""Nodule"": 0.5413771271705627, ""Pleural_Thickening"": 0.520480751991272, ""Pneumonia"": 0.5760021805763245, ""Pneumothorax"": 0.551193118095398}",retrieval_agent
patient00542/study2,patient00542/study2/view1_frontal.dcm,/home/jovyan/Desktop/MEDAGENT-X/data/raw/chexpert_plus/dicom_train/patient00542/study2/view1_frontal.dcm,torchxrayvision.DenseNet,densenet121-res224-all,cuda,0.5,0.2,"[""Atelectasis"", ""Consolidation"", ""Infiltration"", ""Pneumothorax"", ""Edema"", ""Emphysema"", ""Fibrosis"", ""Effusion"", ""Pneumonia"", ""Pleural_Thickening"", ""Cardiomegaly"", ""Nodule"", ""Mass"", ""Hernia"", ""Lung Lesion"", ""Fracture"", ""Lung Opacity"", ""Enlarged Cardiomediastinum""]",0.7305088043212891,present,Atelectasis,0.5584322214126587,present,Cardiomegaly,0.6949742436408997,present,Consolidation,0.5197432041168213,present,Edema,0.9133939743041992,present,Effusion,0.5089092254638672,present,Pneumonia,0.5226736664772034,present,Pneumothorax,0.5117162466049194,present,Fracture,0.5347896814346313,present,Lung Lesion,0.8460689783096313,present,Lung Opacity,0.6833350658416748,present,Enlarged Cardiomediastinum,0.5410228967666626,present,Pleural_Thickening,,unavailable,,,not_computed,,"[""Atelectasis"", ""Cardiomegaly"", ""Consolidation"", ""Edema"", ""Pleural Effusion"", ""Pneumonia"", ""Pneumothorax"", ""Fracture"", ""Lung Lesion"", ""Lung Opacity"", ""Enlarged Cardiomediastinum"", ""Pleural Other""]","{""Atelectasis"": 0.7305088043212891, ""Cardiomegaly"": 0.5584322214126587, ""Consolidation"": 0.6949742436408997, ""Edema"": 0.5197432041168213, ""Effusion"": 0.9133939743041992, ""Emphysema"": 0.5031816959381104, ""Enlarged Cardiomediastinum"": 0.6833350658416748, ""Fibrosis"": 0.517318844795227, ""Fracture"": 0.5117162466049194, ""Hernia"": 0.007419518660753965, ""Infiltration"": 0.5503679513931274, ""Lung Lesion"": 0.5347896814346313, ""Lung Opacity"": 0.8460689783096313, ""Mass"": 0.7567493915557861, ""Nodule"": 0.5378158092498779, ""Pleural_Thickening"": 0.5410228967666626, ""Pneumonia"": 0.5089092254638672, ""Pneumothorax"": 0.5226736664772034}",retrieval_agent
patient00545/study2,patient00545/study2/view1_frontal.dcm,/home/jovyan/Desktop/MEDAGENT-X/data/raw/chexpert_plus/dicom_train/patient00545/study2/view1_frontal.dcm,torchxrayvision.DenseNet,densenet121-res224-all,cuda,0.5,0.2,"[""Atelectasis"", ""Consolidation"", ""Infiltration"", ""Pneumothorax"", ""Edema"", ""Emphysema"", ""Fibrosis"", ""Effusion"", ""Pneumonia"", ""Pleural_Thickening"", ""Cardiomegaly"", ""Nodule"", ""Mass"", ""Hernia"", ""Lung Lesion"", ""Fracture"", ""Lung Opacity"", ""Enlarged Cardiomediastinum""]",0.5127756595611572,present,Atelectasis,0.23532499372959137,uncertain,Cardiomegaly,0.3572307527065277,uncertain,Consolidation,0.00702657038345933,absent,Edema,0.08094202727079391,absent,Effusion,0.025015579536557198,absent,Pneumonia,0.039079125970602036,absent,Pneumothorax,0.25345954298973083,uncertain,Fracture,0.0030967742204666138,absent,Lung Lesion,0.22324012219905853,uncertain,Lung Opacity,0.10342078655958176,absent,Enlarged Cardiomediastinum,0.18058322370052338,absent,Pleural_Thickening,,unavailable,,,not_computed,,"[""Atelectasis""]","{""Atelectasis"": 0.5127756595611572, ""Cardiomegaly"": 0.23532499372959137, ""Consolidation"": 0.3572307527065277, ""Edema"": 0.00702657038345933, ""Effusion"": 0.08094202727079391, ""Emphysema"": 0.5011732578277588, ""Enlarged Cardiomediastinum"": 0.10342078655958176, ""Fibrosis"": 0.5044137239456177, ""Fracture"": 0.25345954298973083, ""Hernia"": 0.7178798317909241, ""Infiltration"": 0.2327268123626709, ""Lung Lesion"": 0.0030967742204666138, ""Lung Opacity"": 0.22324012219905853, ""Mass"": 0.5253245234489441, ""Nodule"": 0.5041763782501221, ""Pleural_Thickening"": 0.18058322370052338, ""Pneumonia"": 0.025015579536557198, ""Pneumothorax"": 0.039079125970602036}",retrieval_agent
patient00545/study2,patient00545/study2/view2_lateral.dcm,/home/jovyan/Desktop/MEDAGENT-X/data/raw/chexpert_plus/dicom_train/patient00545/study2/view2_lateral.dcm,torchxrayvision.DenseNet,densenet121-res224-all,cuda,0.5,0.2,"[""Atelectasis"", ""Consolidation"", ""Infiltration"", ""Pneumothorax"", ""Edema"", ""Emphysema"", ""Fibrosis"", ""Effusion"", ""Pneumonia"", ""Pleural_Thickening"", ""Cardiomegaly"", ""Nodule"", ""Mass"", ""Hernia"", ""Lung Lesion"", ""Fracture"", ""Lung Opacity"", ""Enlarged Cardiomediastinum""]",0.4583360552787781,uncertain,Atelectasis,0.2714082598686218,uncertain,Cardiomegaly,0.5073533058166504,present,Consolidation,0.2592272162437439,uncertain,Edema,0.2031591236591339,uncertain,Effusion,0.6003984212875366,present,Pneumonia,0.049450844526290894,absent,Pneumothorax,0.18896561861038208,absent,Fracture,0.010190223343670368,absent,Lung Lesion,0.7190728783607483,present,Lung Opacity,0.31997552514076233,uncertain,Enlarged Cardiomediastinum,0.031086891889572144,absent,Pleural_Thickening,,unavailable,,,not_computed,,"[""Consolidation"", ""Pneumonia"", ""Lung Opacity""]","{""Atelectasis"": 0.4583360552787781, ""Cardiomegaly"": 0.2714082598686218, ""Consolidation"": 0.5073533058166504, ""Edema"": 0.2592272162437439, ""Effusion"": 0.2031591236591339, ""Emphysema"": 0.5031417608261108, ""Enlarged Cardiomediastinum"": 0.31997552514076233, ""Fibrosis"": 0.03945866599678993, ""Fracture"": 0.18896561861038208, ""Hernia"": 0.007128322031348944, ""Infiltration"": 0.4220049977302551, ""Lung Lesion"": 0.010190223343670368, ""Lung Opacity"": 0.7190728783607483, ""Mass"": 0.2801889181137085, ""Nodule"": 0.4161646366119385, ""Pleural_Thickening"": 0.031086891889572144, ""Pneumonia"": 0.6003984212875366, ""Pneumothorax"": 0.049450844526290894}",retrieval_agent
patient00545/study1,patient00545/study1/view1_frontal.dcm,/home/jovyan/Desktop/MEDAGENT-X/data/raw/chexpert_plus/dicom_train/patient00545/study1/view1_frontal.dcm,torchxrayvision.DenseNet,densenet121-res224-all,cuda,0.5,0.2,"[""Atelectasis"", ""Consolidation"", ""Infiltration"", ""Pneumothorax"", ""Edema"", ""Emphysema"", ""Fibrosis"", ""Effusion"", ""Pneumonia"", ""Pleural_Thickening"", ""Cardiomegaly"", ""Nodule"", ""Mass"", ""Hernia"", ""Lung Lesion"", ""Fracture"", ""Lung Opacity"", ""Enlarged Cardiomediastinum""]",0.5137083530426025,present,Atelectasis,0.05686035007238388,absent,Cardiomegaly,0.34458234906196594,uncertain,Consolidation,0.028987647965550423,absent,Edema,0.14733703434467316,absent,Effusion,0.0054926155135035515,absent,Pneumonia,0.0791226252913475,absent,Pneumothorax,0.3686002492904663,uncertain,Fracture,0.026756683364510536,absent,Lung Lesion,0.47832557559013367,uncertain,Lung Opacity,0.3773445188999176,uncertain,Enlarged Cardiomediastinum,0.28659123182296753,uncertain,Pleural_Thickening,,unavailable,,,not_computed,,"[""Atelectasis""]","{""Atelectasis"": 0.5137083530426025, ""Cardiomegaly"": 0.05686035007238388, ""Consolidation"": 0.34458234906196594, ""Edema"": 0.028987647965550423, ""Effusion"": 0.14733703434467316, ""Emphysema"": 0.35270899534225464, ""Enlarged Cardiomediastinum"": 0.3773445188999176, ""Fibrosis"": 0.5037401914596558, ""Fracture"": 0.3686002492904663, ""Hernia"": 0.6197881102561951, ""Infiltration"": 0.4971282184123993, ""Lung Lesion"": 0.026756683364510536, ""Lung Opacity"": 0.47832557559013367, ""Mass"": 0.5982069969177246, ""Nodule"": 0.5119801759719849, ""Pleural_Thickening"": 0.28659123182296753, ""Pneumonia"": 0.0054926155135035515, ""Pneumothorax"": 0.0791226252913475}",retrieval_agent
patient00546/study3,patient00546/study3/view1_frontal.dcm,/home/jovyan/Desktop/MEDAGENT-X/data/raw/chexpert_plus/dicom_train/patient00546/study3/view1_frontal.dcm,torchxrayvision.DenseNet,densenet121-res224-all,cuda,0.5,0.2,"[""Atelectasis"", ""Consolidation"", ""Infiltration"", ""Pneumothorax"", ""Edema"", ""Emphysema"", ""Fibrosis"", ""Effusion"", ""Pneumonia"", ""Pleural_Thickening"", ""Cardiomegaly"", ""Nodule"", ""Mass"", ""Hernia"", ""Lung Lesion"", ""Fracture"", ""Lung Opacity"", ""Enlarged Cardiomediastinum""]",0.7929394841194153,present,Atelectasis,0.6978577375411987,present,Cardiomegaly,0.7907247543334961,present,Consolidation,0.6761834621429443,present,Edema,0.910322368144989,present,Effusion,0.5567049980163574,present,Pneumonia,0.5417089462280273,present,Pneumothorax,0.5693615674972534,present,Fracture,0.5430694818496704,present,Lung Lesion,0.8889521956443787,present,Lung Opacity,0.6437005996704102,present,Enlarged Cardiomediastinum,0.5201301574707031,present,Pleural_Thickening,,unavailable,,,not_computed,,"[""Atelectasis"", ""Cardiomegaly"", ""Consolidation"", ""Edema"", ""Pleural Effusion"", ""Pneumonia"", ""Pneumothorax"", ""Fracture"", ""Lung Lesion"", ""Lung Opacity"", ""Enlarged Cardiomediastinum"", ""Pleural Other""]","{""Atelectasis"": 0.7929394841194153, ""Cardiomegaly"": 0.6978577375411987, ""Consolidation"": 0.7907247543334961, ""Edema"": 0.6761834621429443, ""Effusion"": 0.910322368144989, ""Emphysema"": 0.5093716382980347, ""Enlarged Cardiomediastinum"": 0.6437005996704102, ""Fibrosis"": 0.5200824737548828, ""Fracture"": 0.5693615674972534, ""Hernia"": 0.05367105454206467, ""Infiltration"": 0.58802729845047, ""Lung Lesion"": 0.5430694818496704, ""Lung Opacity"": 0.8889521956443787, ""Mass"": 0.6485840082168579, ""Nodule"": 0.5363261103630066, ""Pleural_Thickening"": 0.5201301574707031, ""Pneumonia"": 0.5567049980163574, ""Pneumothorax"": 0.5417089462280273}",retrieval_agent
patient00546/study4,patient00546/study4/view1_frontal.dcm,/home/jovyan/Desktop/MEDAGENT-X/data/raw/chexpert_plus/dicom_train/patient00546/study4/view1_frontal.dcm,torchxrayvision.DenseNet,densenet121-res224-all,cuda,0.5,0.2,"[""Atelectasis"", ""Consolidation"", ""Infiltration"", ""Pneumothorax"", ""Edema"", ""Emphysema"", ""Fibrosis"", ""Effusion"", ""Pneumonia"", ""Pleural_Thickening"", ""Cardiomegaly"", ""Nodule"", ""Mass"", ""Hernia"", ""Lung Lesion"", ""Fracture"", ""Lung Opacity"", ""Enlarged Cardiomediastinum""]",0.7037135362625122,present,Atelectasis,0.6608166694641113,present,Cardiomegaly,0.714662492275238,present,Consolidation,0.5912374258041382,present,Edema,0.8046265840530396,present,Effusion,0.5301991105079651,present,Pneumonia,0.524768054485321,present,Pneumothorax,0.5594484806060791,present,Fracture,0.5151101350784302,present,Lung Lesion,0.8172289729118347,present,Lung Opacity,0.5691120624542236,present,Enlarged Cardiomediastinum,0.5138827562332153,present,Pleural_Thickening,,unavailable,,,not_computed,,"[""Atelectasis"", ""Cardiomegaly"", ""Consolidation"", ""Edema"", ""Pleural Effusion"", ""Pneumonia"", ""Pneumothorax"", ""Fracture"", ""Lung Lesion"", ""Lung Opacity"", ""Enlarged Cardiomediastinum"", ""Pleural Other""]","{""Atelectasis"": 0.7037135362625122, ""Cardiomegaly"": 0.6608166694641113, ""Consolidation"": 0.714662492275238, ""Edema"": 0.5912374258041382, ""Effusion"": 0.8046265840530396, ""Emphysema"": 0.5102170705795288, ""Enlarged Cardiomediastinum"": 0.5691120624542236, ""Fibrosis"": 0.5373241901397705, ""Fracture"": 0.5594484806060791, ""Hernia"": 0.08376159518957138, ""Infiltration"": 0.583191990852356, ""Lung Lesion"": 0.5151101350784302, ""Lung Opacity"": 0.8172289729118347, ""Mass"": 0.6281938552856445, ""Nodule"": 0.5627009868621826, ""Pleural_Thickening"": 0.5138827562332153, ""Pneumonia"": 0.5301991105079651, ""Pneumothorax"": 0.524768054485321}",retrieval_agent
patient00546/study1,patient00546/study1/view1_frontal.dcm,/home/jovyan/Desktop/MEDAGENT-X/data/raw/chexpert_plus/dicom_train/patient00546/study1/view1_frontal.dcm,torchxrayvision.DenseNet,densenet121-res224-all,cuda,0.5,0.2,"[""Atelectasis"", ""Consolidation"", ""Infiltration"", ""Pneumothorax"", ""Edema"", ""Emphysema"", ""Fibrosis"", ""Effusion"", ""Pneumonia"", ""Pleural_Thickening"", ""Cardiomegaly"", ""Nodule"", ""Mass"", ""Hernia"", ""Lung Lesion"", ""Fracture"", ""Lung Opacity"", ""Enlarged Cardiomediastinum""]",0.61686110496521,present,Atelectasis,0.7524847984313965,present,Cardiomegaly,0.5599965453147888,present,Consolidation,0.5228700041770935,present,Edema,0.6032218933105469,present,Effusion,0.31163132190704346,uncertain,Pneumonia,0.5049360394477844,present,Pneumothorax,0.5525937676429749,present,Fracture,0.12131983041763306,absent,Lung Lesion,0.7455930113792419,present,Lung Opacity,0.5367885231971741,present,Enlarged Cardiomediastinum,0.42022666335105896,uncertain,Pleural_Thickening,,unavailable,,,not_computed,,"[""Atelectasis"", ""Cardiomegaly"", ""Consolidation"", ""Edema"", ""Pleural Effusion"", ""Pneumothorax"", ""Fracture"", ""Lung Opacity"", ""Enlarged Cardiomediastinum""]","{""Atelectasis"": 0.61686110496521, ""Cardiomegaly"": 0.7524847984313965, ""Consolidation"": 0.5599965453147888, ""Edema"": 0.5228700041770935, ""Effusion"": 0.6032218933105469, ""Emphysema"": 0.5102009177207947, ""Enlarged Cardiomediastinum"": 0.5367885231971741, ""Fibrosis"": 0.51868736743927, ""Fracture"": 0.5525937676429749, ""Hernia"": 0.16251884400844574, ""Infiltration"": 0.5602008104324341, ""Lung Lesion"": 0.12131983041763306, ""Lung Opacity"": 0.7455930113792419, ""Mass"": 0.5550873279571533, ""Nodule"": 0.5356045961380005, ""Pleural_Thickening"": 0.42022666335105896, ""Pneumonia"": 0.31163132190704346, ""Pneumothorax"": 0.5049360394477844}",retrieval_agent
patient00546/study2,patient00546/study2/view1_frontal.dcm,/home/jovyan/Desktop/MEDAGENT-X/data/raw/chexpert_plus/dicom_train/patient00546/study2/view1_frontal.dcm,torchxrayvision.DenseNet,densenet121-res224-all,cuda,0.5,0.2,"[""Atelectasis"", ""Consolidation"", ""Infiltration"", ""Pneumothorax"", ""Edema"", ""Emphysema"", ""Fibrosis"", ""Effusion"", ""Pneumonia"", ""Pleural_Thickening"", ""Cardiomegaly"", ""Nodule"", ""Mass"", ""Hernia"", ""Lung Lesion"", ""Fracture"", ""Lung Opacity"", ""Enlarged Cardiomediastinum""]",0.7520482540130615,present,Atelectasis,0.6991612315177917,present,Cardiomegaly,0.661846399307251,present,Consolidation,0.5330257415771484,present,Edema,0.7599713206291199,present,Effusion,0.5111300945281982,present,Pneumonia,0.5176181793212891,present,Pneumothorax,0.552121639251709,present,Fracture,0.352022647857666,uncertain,Lung Lesion,0.7668592929840088,present,Lung Opacity,0.5504987835884094,present,Enlarged Cardiomediastinum,0.5079577565193176,present,Pleural_Thickening,,unavailable,,,not_computed,,"[""Atelectasis"", ""Cardiomegaly"", ""Consolidation"", ""Edema"", ""Pleural Effusion"", ""Pneumonia"", ""Pneumothorax"", ""Fracture"", ""Lung Opacity"", ""Enlarged Cardiomediastinum"", ""Pleural Other""]","{""Atelectasis"": 0.7520482540130615, ""Cardiomegaly"": 0.6991612315177917, ""Consolidation"": 0.661846399307251, ""Edema"": 0.5330257415771484, ""Effusion"": 0.7599713206291199, ""Emphysema"": 0.5092036724090576, ""Enlarged Cardiomediastinum"": 0.5504987835884094, ""Fibrosis"": 0.5544166564941406, ""Fracture"": 0.552121639251709, ""Hernia"": 0.1357235312461853, ""Infiltration"": 0.585818886756897, ""Lung Lesion"": 0.352022647857666, ""Lung Opacity"": 0.7668592929840088, ""Mass"": 0.5764292478561401, ""Nodule"": 0.5471165180206299, ""Pleural_Thickening"": 0.5079577565193176, ""Pneumonia"": 0.5111300945281982, ""Pneumothorax"": 0.5176181793212891}",retrieval_agent
patient00554/study1,patient00554/study1/view1_frontal.dcm,/home/jovyan/Desktop/MEDAGENT-X/data/raw/chexpert_plus/dicom_train/patient00554/study1/view1_frontal.dcm,torchxrayvision.DenseNet,densenet121-res224-all,cuda,0.5,0.2,"[""Atelectasis"", ""Consolidation"", ""Infiltration"", ""Pneumothorax"", ""Edema"", ""Emphysema"", ""Fibrosis"", ""Effusion"", ""Pneumonia"", ""Pleural_Thickening"", ""Cardiomegaly"", ""Nodule"", ""Mass"", ""Hernia"", ""Lung Lesion"", ""Fracture"", ""Lung Opacity"", ""Enlarged Cardiomediastinum""]",0.5620719194412231,present,Atelectasis,0.02818334847688675,absent,Cardiomegaly,0.11629129201173782,absent,Consolidation,0.05518249422311783,absent,Edema,0.0897533968091011,absent,Effusion,0.053598932921886444,absent,Pneumonia,0.07239161431789398,absent,Pneumothorax,0.5038274526596069,present,Fracture,0.10823656618595123,absent,Lung Lesion,0.27182814478874207,uncertain,Lung Opacity,0.2630172073841095,uncertain,Enlarged Cardiomediastinum,0.05204947665333748,absent,Pleural_Thickening,,unavailable,,,not_computed,,"[""Atelectasis"", ""Fracture""]","{""Atelectasis"": 0.5620719194412231, ""Cardiomegaly"": 0.02818334847688675, ""Consolidation"": 0.11629129201173782, ""Edema"": 0.05518249422311783, ""Effusion"": 0.0897533968091011, ""Emphysema"": 0.15131241083145142, ""Enlarged Cardiomediastinum"": 0.2630172073841095, ""Fibrosis"": 0.43636295199394226, ""Fracture"": 0.5038274526596069, ""Hernia"": 0.0006899368017911911, ""Infiltration"": 0.5275202989578247, ""Lung Lesion"": 0.10823656618595123, ""Lung Opacity"": 0.27182814478874207, ""Mass"": 0.2646107077598572, ""Nodule"": 0.36816656589508057, ""Pleural_Thickening"": 0.05204947665333748, ""Pneumonia"": 0.053598932921886444, ""Pneumothorax"": 0.07239161431789398}",retrieval_agent
patient00564/study1,patient00564/study1/view1_frontal.dcm,/home/jovyan/Desktop/MEDAGENT-X/data/raw/chexpert_plus/dicom_train/patient00564/study1/view1_frontal.dcm,torchxrayvision.DenseNet,densenet121-res224-all,cuda,0.5,0.2,"[""Atelectasis"", ""Consolidation"", ""Infiltration"", ""Pneumothorax"", ""Edema"", ""Emphysema"", ""Fibrosis"", ""Effusion"", ""Pneumonia"", ""Pleural_Thickening"", ""Cardiomegaly"", ""Nodule"", ""Mass"", ""Hernia"", ""Lung Lesion"", ""Fracture"", ""Lung Opacity"", ""Enlarged Cardiomediastinum""]",0.6066815853118896,present,Atelectasis,0.5896337032318115,present,Cardiomegaly,0.7536492347717285,present,Consolidation,0.6628423929214478,present,Edema,0.8311781287193298,present,Effusion,0.8325486183166504,present,Pneumonia,0.5084627866744995,present,Pneumothorax,0.5055946111679077,present,Fracture,0.30108970403671265,uncertain,Lung Lesion,0.935462236404419,present,Lung Opacity,0.5634121894836426,present,Enlarged Cardiomediastinum,0.37056297063827515,uncertain,Pleural_Thickening,,unavailable,,,not_computed,,"[""Atelectasis"", ""Cardiomegaly"", ""Consolidation"", ""Edema"", ""Pleural Effusion"", ""Pneumonia"", ""Pneumothorax"", ""Fracture"", ""Lung Opacity"", ""Enlarged Cardiomediastinum""]","{""Atelectasis"": 0.6066815853118896, ""Cardiomegaly"": 0.5896337032318115, ""Consolidation"": 0.7536492347717285, ""Edema"": 0.6628423929214478, ""Effusion"": 0.8311781287193298, ""Emphysema"": 0.2845707833766937, ""Enlarged Cardiomediastinum"": 0.5634121894836426, ""Fibrosis"": 0.5026673674583435, ""Fracture"": 0.5055946111679077, ""Hernia"": 0.19919836521148682, ""Infiltration"": 0.7893531322479248, ""Lung Lesion"": 0.30108970403671265, ""Lung Opacity"": 0.935462236404419, ""Mass"": 0.5617138147354126, ""Nodule"": 0.5418069362640381, ""Pleural_Thickening"": 0.37056297063827515, ""Pneumonia"": 0.8325486183166504, ""Pneumothorax"": 0.5084627866744995}",retrieval_agent
patient00571/study1,patient00571/study1/view1_frontal.dcm,/home/jovyan/Desktop/MEDAGENT-X/data/raw/chexpert_plus/dicom_train/patient00571/study1/view1_frontal.dcm,torchxrayvision.DenseNet,densenet121-res224-all,cuda,0.5,0.2,"[""Atelectasis"", ""Consolidation"", ""Infiltration"", ""Pneumothorax"", ""Edema"", ""Emphysema"", ""Fibrosis"", ""Effusion"", ""Pneumonia"", ""Pleural_Thickening"", ""Cardiomegaly"", ""Nodule"", ""Mass"", ""Hernia"", ""Lung Lesion"", ""Fracture"", ""Lung Opacity"", ""Enlarged Cardiomediastinum""]",0.5773736238479614,present,Atelectasis,0.5470274686813354,present,Cardiomegaly,0.5203360319137573,present,Consolidation,0.41892242431640625,uncertain,Edema,0.5101372599601746,present,Effusion,0.05595572665333748,absent,Pneumonia,0.2676437795162201,uncertain,Pneumothorax,0.5048442482948303,present,Fracture,0.03452286124229431,absent,Lung Lesion,0.5814770460128784,present,Lung Opacity,0.5018314123153687,present,Enlarged Cardiomediastinum,0.5099760293960571,present,Pleural_Thickening,,unavailable,,,not_computed,,"[""Atelectasis"", ""Cardiomegaly"", ""Consolidation"", ""Pleural Effusion"", ""Fracture"", ""Lung Opacity"", ""Enlarged Cardiomediastinum"", ""Pleural Other""]","{""Atelectasis"": 0.5773736238479614, ""Cardiomegaly"": 0.5470274686813354, ""Consolidation"": 0.5203360319137573, ""Edema"": 0.41892242431640625, ""Effusion"": 0.5101372599601746, ""Emphysema"": 0.5023884773254395, ""Enlarged Cardiomediastinum"": 0.5018314123153687, ""Fibrosis"": 0.5340161323547363, ""Fracture"": 0.5048442482948303, ""Hernia"": 0.27421826124191284, ""Infiltration"": 0.5095473527908325, ""Lung Lesion"": 0.03452286124229431, ""Lung Opacity"": 0.5814770460128784, ""Mass"": 0.5443495512008667, ""Nodule"": 0.524520993232727, ""Pleural_Thickening"": 0.5099760293960571, ""Pneumonia"": 0.05595572665333748, ""Pneumothorax"": 0.2676437795162201}",retrieval_agent
patient00575/study2,patient00575/study2/view1_frontal.dcm,/home/jovyan/Desktop/MEDAGENT-X/data/raw/chexpert_plus/dicom_train/patient00575/study2/view1_frontal.dcm,torchxrayvision.DenseNet,densenet121-res224-all,cuda,0.5,0.2,"[""Atelectasis"", ""Consolidation"", ""Infiltration"", ""Pneumothorax"", ""Edema"", ""Emphysema"", ""Fibrosis"", ""Effusion"", ""Pneumonia"", ""Pleural_Thickening"", ""Cardiomegaly"", ""Nodule"", ""Mass"", ""Hernia"", ""Lung Lesion"", ""Fracture"", ""Lung Opacity"", ""Enlarged Cardiomediastinum""]",0.636145830154419,present,Atelectasis,0.5610417723655701,present,Cardiomegaly,0.5926558971405029,present,Consolidation,0.546066403388977,present,Edema,0.6575437784194946,present,Effusion,0.4895402193069458,uncertain,Pneumonia,0.33100149035453796,uncertain,Pneumothorax,0.5151721239089966,present,Fracture,0.07742001861333847,absent,Lung Lesion,0.7353338003158569,present,Lung Opacity,0.5743363499641418,present,Enlarged Cardiomediastinum,0.5011907815933228,present,Pleural_Thickening,,unavailable,,,not_computed,,"[""Atelectasis"", ""Cardiomegaly"", ""Consolidation"", ""Edema"", ""Pleural Effusion"", ""Fracture"", ""Lung Opacity"", ""Enlarged Cardiomediastinum"", ""Pleural Other""]","{""Atelectasis"": 0.636145830154419, ""Cardiomegaly"": 0.5610417723655701, ""Consolidation"": 0.5926558971405029, ""Edema"": 0.546066403388977, ""Effusion"": 0.6575437784194946, ""Emphysema"": 0.5005067586898804, ""Enlarged Cardiomediastinum"": 0.5743363499641418, ""Fibrosis"": 0.5044237375259399, ""Fracture"": 0.5151721239089966, ""Hernia"": 0.08721738308668137, ""Infiltration"": 0.5926426649093628, ""Lung Lesion"": 0.07742001861333847, ""Lung Opacity"": 0.7353338003158569, ""Mass"": 0.5494567155838013, ""Nodule"": 0.5104056596755981, ""Pleural_Thickening"": 0.5011907815933228, ""Pneumonia"": 0.4895402193069458, ""Pneumothorax"": 0.33100149035453796}",retrieval_agent
patient00575/study3,patient00575/study3/view1_frontal.dcm,/home/jovyan/Desktop/MEDAGENT-X/data/raw/chexpert_plus/dicom_train/patient00575/study3/view1_frontal.dcm,torchxrayvision.DenseNet,densenet121-res224-all,cuda,0.5,0.2,"[""Atelectasis"", ""Consolidation"", ""Infiltration"", ""Pneumothorax"", ""Edema"", ""Emphysema"", ""Fibrosis"", ""Effusion"", ""Pneumonia"", ""Pleural_Thickening"", ""Cardiomegaly"", ""Nodule"", ""Mass"", ""Hernia"", ""Lung Lesion"", ""Fracture"", ""Lung Opacity"", ""Enlarged Cardiomediastinum""]",0.6513729095458984,present,Atelectasis,0.6030447483062744,present,Cardiomegaly,0.6149375438690186,present,Consolidation,0.6169219017028809,present,Edema,0.7532028555870056,present,Effusion,0.5273633599281311,present,Pneumonia,0.5015774369239807,present,Pneumothorax,0.5209511518478394,present,Fracture,0.16401183605194092,absent,Lung Lesion,0.7895902991294861,present,Lung Opacity,0.6074969172477722,present,Enlarged Cardiomediastinum,0.5230048894882202,present,Pleural_Thickening,,unavailable,,,not_computed,,"[""Atelectasis"", ""Cardiomegaly"", ""Consolidation"", ""Edema"", ""Pleural Effusion"", ""Pneumonia"", ""Pneumothorax"", ""Fracture"", ""Lung Opacity"", ""Enlarged Cardiomediastinum"", ""Pleural Other""]","{""Atelectasis"": 0.6513729095458984, ""Cardiomegaly"": 0.6030447483062744, ""Consolidation"": 0.6149375438690186, ""Edema"": 0.6169219017028809, ""Effusion"": 0.7532028555870056, ""Emphysema"": 0.5007097125053406, ""Enlarged Cardiomediastinum"": 0.6074969172477722, ""Fibrosis"": 0.5197259187698364, ""Fracture"": 0.5209511518478394, ""Hernia"": 0.10324577987194061, ""Infiltration"": 0.6265223026275635, ""Lung Lesion"": 0.16401183605194092, ""Lung Opacity"": 0.7895902991294861, ""Mass"": 0.5584678649902344, ""Nodule"": 0.5129693746566772, ""Pleural_Thickening"": 0.5230048894882202, ""Pneumonia"": 0.5273633599281311, ""Pneumothorax"": 0.5015774369239807}",retrieval_agent
patient00575/study1,patient00575/study1/view1_frontal.dcm,/home/jovyan/Desktop/MEDAGENT-X/data/raw/chexpert_plus/dicom_train/patient00575/study1/view1_frontal.dcm,torchxrayvision.DenseNet,densenet121-res224-all,cuda,0.5,0.2,"[""Atelectasis"", ""Consolidation"", ""Infiltration"", ""Pneumothorax"", ""Edema"", ""Emphysema"", ""Fibrosis"", ""Effusion"", ""Pneumonia"", ""Pleural_Thickening"", ""Cardiomegaly"", ""Nodule"", ""Mass"", ""Hernia"", ""Lung Lesion"", ""Fracture"", ""Lung Opacity"", ""Enlarged Cardiomediastinum""]",0.6218892931938171,present,Atelectasis,0.554661750793457,present,Cardiomegaly,0.5602160692214966,present,Consolidation,0.513849675655365,present,Edema,0.7237563133239746,present,Effusion,0.18446801602840424,absent,Pneumonia,0.5105869770050049,present,Pneumothorax,0.5241433382034302,present,Fracture,0.0501151904463768,absent,Lung Lesion,0.7656623721122742,present,Lung Opacity,0.6098494529724121,present,Enlarged Cardiomediastinum,0.5339521169662476,present,Pleural_Thickening,,unavailable,,,not_computed,,"[""Atelectasis"", ""Cardiomegaly"", ""Consolidation"", ""Edema"", ""Pleural Effusion"", ""Pneumothorax"", ""Fracture"", ""Lung Opacity"", ""Enlarged Cardiomediastinum"", ""Pleural Other""]","{""Atelectasis"": 0.6218892931938171, ""Cardiomegaly"": 0.554661750793457, ""Consolidation"": 0.5602160692214966, ""Edema"": 0.513849675655365, ""Effusion"": 0.7237563133239746, ""Emphysema"": 0.5018868446350098, ""Enlarged Cardiomediastinum"": 0.6098494529724121, ""Fibrosis"": 0.5165983438491821, ""Fracture"": 0.5241433382034302, ""Hernia"": 0.10664522647857666, ""Infiltration"": 0.5818250179290771, ""Lung Lesion"": 0.0501151904463768, ""Lung Opacity"": 0.7656623721122742, ""Mass"": 0.5322482585906982, ""Nodule"": 0.5067192316055298, ""Pleural_Thickening"": 0.5339521169662476, ""Pneumonia"": 0.18446801602840424, ""Pneumothorax"": 0.5105869770050049}",retrieval_agent
patient00582/study1,patient00582/study1/view1_frontal.dcm,/home/jovyan/Desktop/MEDAGENT-X/data/raw/chexpert_plus/dicom_train/patient00582/study1/view1_frontal.dcm,torchxrayvision.DenseNet,densenet121-res224-all,cuda,0.5,0.2,"[""Atelectasis"", ""Consolidation"", ""Infiltration"", ""Pneumothorax"", ""Edema"", ""Emphysema"", ""Fibrosis"", ""Effusion"", ""Pneumonia"", ""Pleural_Thickening"", ""Cardiomegaly"", ""Nodule"", ""Mass"", ""Hernia"", ""Lung Lesion"", ""Fracture"", ""Lung Opacity"", ""Enlarged Cardiomediastinum""]",0.5231282711029053,present,Atelectasis,0.11221174895763397,absent,Cardiomegaly,0.2969602048397064,uncertain,Consolidation,0.007538435980677605,absent,Edema,0.14896176755428314,absent,Effusion,0.015217066742479801,absent,Pneumonia,0.1176578626036644,absent,Pneumothorax,0.5029011964797974,present,Fracture,0.007700779475271702,absent,Lung Lesion,0.30718469619750977,uncertain,Lung Opacity,0.07222064584493637,absent,Enlarged Cardiomediastinum,0.20590296387672424,uncertain,Pleural_Thickening,,unavailable,,,not_computed,,"[""Atelectasis"", ""Fracture""]","{""Atelectasis"": 0.5231282711029053, ""Cardiomegaly"": 0.11221174895763397, ""Consolidation"": 0.2969602048397064, ""Edema"": 0.007538435980677605, ""Effusion"": 0.14896176755428314, ""Emphysema"": 0.511428713798523, ""Enlarged Cardiomediastinum"": 0.07222064584493637, ""Fibrosis"": 0.5059143304824829, ""Fracture"": 0.5029011964797974, ""Hernia"": 0.10046485811471939, ""Infiltration"": 0.3868166506290436, ""Lung Lesion"": 0.007700779475271702, ""Lung Opacity"": 0.30718469619750977, ""Mass"": 0.5099511742591858, ""Nodule"": 0.5101869702339172, ""Pleural_Thickening"": 0.20590296387672424, ""Pneumonia"": 0.015217066742479801, ""Pneumothorax"": 0.1176578626036644}",retrieval_agent
patient00585/study1,patient00585/study1/view1_frontal.dcm,/home/jovyan/Desktop/MEDAGENT-X/data/raw/chexpert_plus/dicom_train/patient00585/study1/view1_frontal.dcm,torchxrayvision.DenseNet,densenet121-res224-all,cuda,0.5,0.2,"[""Atelectasis"", ""Consolidation"", ""Infiltration"", ""Pneumothorax"", ""Edema"", ""Emphysema"", ""Fibrosis"", ""Effusion"", ""Pneumonia"", ""Pleural_Thickening"", ""Cardiomegaly"", ""Nodule"", ""Mass"", ""Hernia"", ""Lung Lesion"", ""Fracture"", ""Lung Opacity"", ""Enlarged Cardiomediastinum""]",0.6072377562522888,present,Atelectasis,0.5366745591163635,present,Cardiomegaly,0.7300764322280884,present,Consolidation,0.6244052648544312,present,Edema,0.7058460116386414,present,Effusion,0.737051248550415,present,Pneumonia,0.5143790245056152,present,Pneumothorax,0.5043920278549194,present,Fracture,0.288581907749176,uncertain,Lung Lesion,0.9556493163108826,present,Lung Opacity,0.6206673383712769,present,Enlarged Cardiomediastinum,0.5180511474609375,present,Pleural_Thickening,,unavailable,,,not_computed,,"[""Atelectasis"", ""Cardiomegaly"", ""Consolidation"", ""Edema"", ""Pleural Effusion"", ""Pneumonia"", ""Pneumothorax"", ""Fracture"", ""Lung Opacity"", ""Enlarged Cardiomediastinum"", ""Pleural Other""]","{""Atelectasis"": 0.6072377562522888, ""Cardiomegaly"": 0.5366745591163635, ""Consolidation"": 0.7300764322280884, ""Edema"": 0.6244052648544312, ""Effusion"": 0.7058460116386414, ""Emphysema"": 0.5071156024932861, ""Enlarged Cardiomediastinum"": 0.6206673383712769, ""Fibrosis"": 0.5502222776412964, ""Fracture"": 0.5043920278549194, ""Hernia"": 0.010506154969334602, ""Infiltration"": 0.6635843515396118, ""Lung Lesion"": 0.288581907749176, ""Lung Opacity"": 0.9556493163108826, ""Mass"": 0.6311759948730469, ""Nodule"": 0.5606969594955444, ""Pleural_Thickening"": 0.5180511474609375, ""Pneumonia"": 0.737051248550415, ""Pneumothorax"": 0.5143790245056152}",retrieval_agent
patient00586/study2,patient00586/study2/view1_frontal.dcm,/home/jovyan/Desktop/MEDAGENT-X/data/raw/chexpert_plus/dicom_train/patient00586/study2/view1_frontal.dcm,torchxrayvision.DenseNet,densenet121-res224-all,cuda,0.5,0.2,"[""Atelectasis"", ""Consolidation"", ""Infiltration"", ""Pneumothorax"", ""Edema"", ""Emphysema"", ""Fibrosis"", ""Effusion"", ""Pneumonia"", ""Pleural_Thickening"", ""Cardiomegaly"", ""Nodule"", ""Mass"", ""Hernia"", ""Lung Lesion"", ""Fracture"", ""Lung Opacity"", ""Enlarged Cardiomediastinum""]",0.8024932146072388,present,Atelectasis,0.7726757526397705,present,Cardiomegaly,0.749662458896637,present,Consolidation,0.6517636775970459,present,Edema,0.9266982674598694,present,Effusion,0.5289600491523743,present,Pneumonia,0.5207682847976685,present,Pneumothorax,0.5741050243377686,present,Fracture,0.5314013957977295,present,Lung Lesion,0.8961772322654724,present,Lung Opacity,0.5792744159698486,present,Enlarged Cardiomediastinum,0.5085700154304504,present,Pleural_Thickening,,unavailable,,,not_computed,,"[""Atelectasis"", ""Cardiomegaly"", ""Consolidation"", ""Edema"", ""Pleural Effusion"", ""Pneumonia"", ""Pneumothorax"", ""Fracture"", ""Lung Lesion"", ""Lung Opacity"", ""Enlarged Cardiomediastinum"", ""Pleural Other""]","{""Atelectasis"": 0.8024932146072388, ""Cardiomegaly"": 0.7726757526397705, ""Consolidation"": 0.749662458896637, ""Edema"": 0.6517636775970459, ""Effusion"": 0.9266982674598694, ""Emphysema"": 0.5047879219055176, ""Enlarged Cardiomediastinum"": 0.5792744159698486, ""Fibrosis"": 0.528683066368103, ""Fracture"": 0.5741050243377686, ""Hernia"": 0.1670704185962677, ""Infiltration"": 0.6030778884887695, ""Lung Lesion"": 0.5314013957977295, ""Lung Opacity"": 0.8961772322654724, ""Mass"": 0.5924121737480164, ""Nodule"": 0.5456318855285645, ""Pleural_Thickening"": 0.5085700154304504, ""Pneumonia"": 0.5289600491523743, ""Pneumothorax"": 0.5207682847976685}",retrieval_agent
patient00586/study3,patient00586/study3/view1_frontal.dcm,/home/jovyan/Desktop/MEDAGENT-X/data/raw/chexpert_plus/dicom_train/patient00586/study3/view1_frontal.dcm,torchxrayvision.DenseNet,densenet121-res224-all,cuda,0.5,0.2,"[""Atelectasis"", ""Consolidation"", ""Infiltration"", ""Pneumothorax"", ""Edema"", ""Emphysema"", ""Fibrosis"", ""Effusion"", ""Pneumonia"", ""Pleural_Thickening"", ""Cardiomegaly"", ""Nodule"", ""Mass"", ""Hernia"", ""Lung Lesion"", ""Fracture"", ""Lung Opacity"", ""Enlarged Cardiomediastinum""]",0.706338107585907,present,Atelectasis,0.718851625919342,present,Cardiomegaly,0.6617860794067383,present,Consolidation,0.6277176737785339,present,Edema,0.8571478724479675,present,Effusion,0.5206866264343262,present,Pneumonia,0.508544921875,present,Pneumothorax,0.5260467529296875,present,Fracture,0.3865765333175659,uncertain,Lung Lesion,0.8661158680915833,present,Lung Opacity,0.5844584703445435,present,Enlarged Cardiomediastinum,0.5041981339454651,present,Pleural_Thickening,,unavailable,,,not_computed,,"[""Atelectasis"", ""Cardiomegaly"", ""Consolidation"", ""Edema"", ""Pleural Effusion"", ""Pneumonia"", ""Pneumothorax"", ""Fracture"", ""Lung Opacity"", ""Enlarged Cardiomediastinum"", ""Pleural Other""]","{""Atelectasis"": 0.706338107585907, ""Cardiomegaly"": 0.718851625919342, ""Consolidation"": 0.6617860794067383, ""Edema"": 0.6277176737785339, ""Effusion"": 0.8571478724479675, ""Emphysema"": 0.5033472776412964, ""Enlarged Cardiomediastinum"": 0.5844584703445435, ""Fibrosis"": 0.5165263414382935, ""Fracture"": 0.5260467529296875, ""Hernia"": 0.31289902329444885, ""Infiltration"": 0.6669836640357971, ""Lung Lesion"": 0.3865765333175659, ""Lung Opacity"": 0.8661158680915833, ""Mass"": 0.5609073638916016, ""Nodule"": 0.5312449932098389, ""Pleural_Thickening"": 0.5041981339454651, ""Pneumonia"": 0.5206866264343262, ""Pneumothorax"": 0.508544921875}",retrieval_agent
patient00586/study1,patient00586/study1/view1_frontal.dcm,/home/jovyan/Desktop/MEDAGENT-X/data/raw/chexpert_plus/dicom_train/patient00586/study1/view1_frontal.dcm,torchxrayvision.DenseNet,densenet121-res224-all,cuda,0.5,0.2,"[""Atelectasis"", ""Consolidation"", ""Infiltration"", ""Pneumothorax"", ""Edema"", ""Emphysema"", ""Fibrosis"", ""Effusion"", ""Pneumonia"", ""Pleural_Thickening"", ""Cardiomegaly"", ""Nodule"", ""Mass"", ""Hernia"", ""Lung Lesion"", ""Fracture"", ""Lung Opacity"", ""Enlarged Cardiomediastinum""]",0.7274943590164185,present,Atelectasis,0.644080400466919,present,Cardiomegaly,0.7351617813110352,present,Consolidation,0.6016353368759155,present,Edema,0.9308792948722839,present,Effusion,0.5077892541885376,present,Pneumonia,0.5109682679176331,present,Pneumothorax,0.5484681129455566,present,Fracture,0.518758237361908,present,Lung Lesion,0.9015615582466125,present,Lung Opacity,0.5900632739067078,present,Enlarged Cardiomediastinum,0.5192837715148926,present,Pleural_Thickening,,unavailable,,,not_computed,,"[""Atelectasis"", ""Cardiomegaly"", ""Consolidation"", ""Edema"", ""Pleural Effusion"", ""Pneumonia"", ""Pneumothorax"", ""Fracture"", ""Lung Lesion"", ""Lung Opacity"", ""Enlarged Cardiomediastinum"", ""Pleural Other""]","{""Atelectasis"": 0.7274943590164185, ""Cardiomegaly"": 0.644080400466919, ""Consolidation"": 0.7351617813110352, ""Edema"": 0.6016353368759155, ""Effusion"": 0.9308792948722839, ""Emphysema"": 0.5016101598739624, ""Enlarged Cardiomediastinum"": 0.5900632739067078, ""Fibrosis"": 0.5215727686882019, ""Fracture"": 0.5484681129455566, ""Hernia"": 0.18770025670528412, ""Infiltration"": 0.6426247358322144, ""Lung Lesion"": 0.518758237361908, ""Lung Opacity"": 0.9015615582466125, ""Mass"": 0.6048128604888916, ""Nodule"": 0.5455376505851746, ""Pleural_Thickening"": 0.5192837715148926, ""Pneumonia"": 0.5077892541885376, ""Pneumothorax"": 0.5109682679176331}",retrieval_agent
patient00589/study2,patient00589/study2/view1_frontal.dcm,/home/jovyan/Desktop/MEDAGENT-X/data/raw/chexpert_plus/dicom_train/patient00589/study2/view1_frontal.dcm,torchxrayvision.DenseNet,densenet121-res224-all,cuda,0.5,0.2,"[""Atelectasis"", ""Consolidation"", ""Infiltration"", ""Pneumothorax"", ""Edema"", ""Emphysema"", ""Fibrosis"", ""Effusion"", ""Pneumonia"", ""Pleural_Thickening"", ""Cardiomegaly"", ""Nodule"", ""Mass"", ""Hernia"", ""Lung Lesion"", ""Fracture"", ""Lung Opacity"", ""Enlarged Cardiomediastinum""]",0.2580835819244385,uncertain,Atelectasis,0.18553858995437622,absent,Cardiomegaly,0.5262280702590942,present,Consolidation,0.04507710784673691,absent,Edema,0.06988217681646347,absent,Effusion,0.4113076329231262,uncertain,Pneumonia,0.12449152022600174,absent,Pneumothorax,0.1888100653886795,absent,Fracture,0.004098228178918362,absent,Lung Lesion,0.5689888000488281,present,Lung Opacity,0.19783031940460205,absent,Enlarged Cardiomediastinum,0.5005844831466675,present,Pleural_Thickening,,unavailable,,,not_computed,,"[""Consolidation"", ""Lung Opacity"", ""Pleural Other""]","{""Atelectasis"": 0.2580835819244385, ""Cardiomegaly"": 0.18553858995437622, ""Consolidation"": 0.5262280702590942, ""Edema"": 0.04507710784673691, ""Effusion"": 0.06988217681646347, ""Emphysema"": 0.5018555521965027, ""Enlarged Cardiomediastinum"": 0.19783031940460205, ""Fibrosis"": 0.5173723697662354, ""Fracture"": 0.1888100653886795, ""Hernia"": 0.0047819907777011395, ""Infiltration"": 0.5171570777893066, ""Lung Lesion"": 0.004098228178918362, ""Lung Opacity"": 0.5689888000488281, ""Mass"": 0.5385478734970093, ""Nodule"": 0.5312062501907349, ""Pleural_Thickening"": 0.5005844831466675, ""Pneumonia"": 0.4113076329231262, ""Pneumothorax"": 0.12449152022600174}",retrieval_agent
patient00589/study2,patient00589/study2/view2_lateral.dcm,/home/jovyan/Desktop/MEDAGENT-X/data/raw/chexpert_plus/dicom_train/patient00589/study2/view2_lateral.dcm,torchxrayvision.DenseNet,densenet121-res224-all,cuda,0.5,0.2,"[""Atelectasis"", ""Consolidation"", ""Infiltration"", ""Pneumothorax"", ""Edema"", ""Emphysema"", ""Fibrosis"", ""Effusion"", ""Pneumonia"", ""Pleural_Thickening"", ""Cardiomegaly"", ""Nodule"", ""Mass"", ""Hernia"", ""Lung Lesion"", ""Fracture"", ""Lung Opacity"", ""Enlarged Cardiomediastinum""]",0.23437680304050446,uncertain,Atelectasis,0.07565020024776459,absent,Cardiomegaly,0.5062823295593262,present,Consolidation,0.10833350569009781,absent,Edema,0.3279346823692322,uncertain,Effusion,0.8575865030288696,present,Pneumonia,0.11206584423780441,absent,Pneumothorax,0.04693809151649475,absent,Fracture,0.0032651396468281746,absent,Lung Lesion,0.9115566611289978,present,Lung Opacity,0.5191074013710022,present,Enlarged Cardiomediastinum,0.028865361586213112,absent,Pleural_Thickening,,unavailable,,,not_computed,,"[""Consolidation"", ""Pneumonia"", ""Lung Opacity"", ""Enlarged Cardiomediastinum""]","{""Atelectasis"": 0.23437680304050446, ""Cardiomegaly"": 0.07565020024776459, ""Consolidation"": 0.5062823295593262, ""Edema"": 0.10833350569009781, ""Effusion"": 0.3279346823692322, ""Emphysema"": 0.508535623550415, ""Enlarged Cardiomediastinum"": 0.5191074013710022, ""Fibrosis"": 0.04705929011106491, ""Fracture"": 0.04693809151649475, ""Hernia"": 0.0002003597910515964, ""Infiltration"": 0.501354455947876, ""Lung Lesion"": 0.0032651396468281746, ""Lung Opacity"": 0.9115566611289978, ""Mass"": 0.3445834517478943, ""Nodule"": 0.5027433037757874, ""Pleural_Thickening"": 0.028865361586213112, ""Pneumonia"": 0.8575865030288696, ""Pneumothorax"": 0.11206584423780441}",retrieval_agent
patient00589/study1,patient00589/study1/view1_frontal.dcm,/home/jovyan/Desktop/MEDAGENT-X/data/raw/chexpert_plus/dicom_train/patient00589/study1/view1_frontal.dcm,torchxrayvision.DenseNet,densenet121-res224-all,cuda,0.5,0.2,"[""Atelectasis"", ""Consolidation"", ""Infiltration"", ""Pneumothorax"", ""Edema"", ""Emphysema"", ""Fibrosis"", ""Effusion"", ""Pneumonia"", ""Pleural_Thickening"", ""Cardiomegaly"", ""Nodule"", ""Mass"", ""Hernia"", ""Lung Lesion"", ""Fracture"", ""Lung Opacity"", ""Enlarged Cardiomediastinum""]",0.3601079285144806,uncertain,Atelectasis,0.08373992890119553,absent,Cardiomegaly,0.1987803876399994,absent,Consolidation,0.0065101925283670425,absent,Edema,0.07440506666898727,absent,Effusion,0.06553175300359726,absent,Pneumonia,0.5004161596298218,present,Pneumothorax,0.38909128308296204,uncertain,Fracture,0.020433936268091202,absent,Lung Lesion,0.16673018038272858,absent,Lung Opacity,0.10151179134845734,absent,Enlarged Cardiomediastinum,0.5029273629188538,present,Pleural_Thickening,,unavailable,,,not_computed,,"[""Pneumothorax"", ""Pleural Other""]","{""Atelectasis"": 0.3601079285144806, ""Cardiomegaly"": 0.08373992890119553, ""Consolidation"": 0.1987803876399994, ""Edema"": 0.0065101925283670425, ""Effusion"": 0.07440506666898727, ""Emphysema"": 0.5002022981643677, ""Enlarged Cardiomediastinum"": 0.10151179134845734, ""Fibrosis"": 0.5017811059951782, ""Fracture"": 0.38909128308296204, ""Hernia"": 0.09560123085975647, ""Infiltration"": 0.5096285343170166, ""Lung Lesion"": 0.020433936268091202, ""Lung Opacity"": 0.16673018038272858, ""Mass"": 0.23679043352603912, ""Nodule"": 0.5082762241363525, ""Pleural_Thickening"": 0.5029273629188538, ""Pneumonia"": 0.06553175300359726, ""Pneumothorax"": 0.5004161596298218}",retrieval_agent
patient00589/study1,patient00589/study1/view2_lateral.dcm,/home/jovyan/Desktop/MEDAGENT-X/data/raw/chexpert_plus/dicom_train/patient00589/study1/view2_lateral.dcm,torchxrayvision.DenseNet,densenet121-res224-all,cuda,0.5,0.2,"[""Atelectasis"", ""Consolidation"", ""Infiltration"", ""Pneumothorax"", ""Edema"", ""Emphysema"", ""Fibrosis"", ""Effusion"", ""Pneumonia"", ""Pleural_Thickening"", ""Cardiomegaly"", ""Nodule"", ""Mass"", ""Hernia"", ""Lung Lesion"", ""Fracture"", ""Lung Opacity"", ""Enlarged Cardiomediastinum""]",0.15165439248085022,absent,Atelectasis,0.0623832643032074,absent,Cardiomegaly,0.5048912763595581,present,Consolidation,0.18059369921684265,absent,Edema,0.19293366372585297,absent,Effusion,0.8472943902015686,present,Pneumonia,0.05597647652029991,absent,Pneumothorax,0.035608936101198196,absent,Fracture,0.007169982418417931,absent,Lung Lesion,0.9255220293998718,present,Lung Opacity,0.5051600933074951,present,Enlarged Cardiomediastinum,0.08962457627058029,absent,Pleural_Thickening,,unavailable,,,not_computed,,"[""Consolidation"", ""Pneumonia"", ""Lung Opacity"", ""Enlarged Cardiomediastinum""]","{""Atelectasis"": 0.15165439248085022, ""Cardiomegaly"": 0.0623832643032074, ""Consolidation"": 0.5048912763595581, ""Edema"": 0.18059369921684265, ""Effusion"": 0.19293366372585297, ""Emphysema"": 0.505412757396698, ""Enlarged Cardiomediastinum"": 0.5051600933074951, ""Fibrosis"": 0.07292875647544861, ""Fracture"": 0.035608936101198196, ""Hernia"": 0.00021370290778577328, ""Infiltration"": 0.5586808919906616, ""Lung Lesion"": 0.007169982418417931, ""Lung Opacity"": 0.9255220293998718, ""Mass"": 0.09386113286018372, ""Nodule"": 0.45744961500167847, ""Pleural_Thickening"": 0.08962457627058029, ""Pneumonia"": 0.8472943902015686, ""Pneumothorax"": 0.05597647652029991}",retrieval_agent
patient00597/study1,patient00597/study1/view1_frontal.dcm,/home/jovyan/Desktop/MEDAGENT-X/data/raw/chexpert_plus/dicom_train/patient00597/study1/view1_frontal.dcm,torchxrayvision.DenseNet,densenet121-res224-all,cuda,0.5,0.2,"[""Atelectasis"", ""Consolidation"", ""Infiltration"", ""Pneumothorax"", ""Edema"", ""Emphysema"", ""Fibrosis"", ""Effusion"", ""Pneumonia"", ""Pleural_Thickening"", ""Cardiomegaly"", ""Nodule"", ""Mass"", ""Hernia"", ""Lung Lesion"", ""Fracture"", ""Lung Opacity"", ""Enlarged Cardiomediastinum""]",0.5323764085769653,present,Atelectasis,0.08254560083150864,absent,Cardiomegaly,0.5638765096664429,present,Consolidation,0.021081911399960518,absent,Edema,0.5405304431915283,present,Effusion,0.01543235033750534,absent,Pneumonia,0.2530951499938965,uncertain,Pneumothorax,0.5057288408279419,present,Fracture,0.020902391523122787,absent,Lung Lesion,0.6328924894332886,present,Lung Opacity,0.1442217230796814,absent,Enlarged Cardiomediastinum,0.4357331693172455,uncertain,Pleural_Thickening,,unavailable,,,not_computed,,"[""Atelectasis"", ""Consolidation"", ""Pleural Effusion"", ""Fracture"", ""Lung Opacity""]","{""Atelectasis"": 0.5323764085769653, ""Cardiomegaly"": 0.08254560083150864, ""Consolidation"": 0.5638765096664429, ""Edema"": 0.021081911399960518, ""Effusion"": 0.5405304431915283, ""Emphysema"": 0.17852702736854553, ""Enlarged Cardiomediastinum"": 0.1442217230796814, ""Fibrosis"": 0.3438650965690613, ""Fracture"": 0.5057288408279419, ""Hernia"": 0.3780420124530792, ""Infiltration"": 0.5157033801078796, ""Lung Lesion"": 0.020902391523122787, ""Lung Opacity"": 0.6328924894332886, ""Mass"": 0.6059562563896179, ""Nodule"": 0.5448405742645264, ""Pleural_Thickening"": 0.4357331693172455, ""Pneumonia"": 0.01543235033750534, ""Pneumothorax"": 0.2530951499938965}",retrieval_agent
patient00597/study2,patient00597/study2/view1_frontal.dcm,/home/jovyan/Desktop/MEDAGENT-X/data/raw/chexpert_plus/dicom_train/patient00597/study2/view1_frontal.dcm,torchxrayvision.DenseNet,densenet121-res224-all,cuda,0.5,0.2,"[""Atelectasis"", ""Consolidation"", ""Infiltration"", ""Pneumothorax"", ""Edema"", ""Emphysema"", ""Fibrosis"", ""Effusion"", ""Pneumonia"", ""Pleural_Thickening"", ""Cardiomegaly"", ""Nodule"", ""Mass"", ""Hernia"", ""Lung Lesion"", ""Fracture"", ""Lung Opacity"", ""Enlarged Cardiomediastinum""]",0.5973782539367676,present,Atelectasis,0.1870393306016922,absent,Cardiomegaly,0.5519381165504456,present,Consolidation,0.04679759591817856,absent,Edema,0.5813683271408081,present,Effusion,0.017150359228253365,absent,Pneumonia,0.5022106766700745,present,Pneumothorax,0.5436865091323853,present,Fracture,0.04806201532483101,absent,Lung Lesion,0.6576573848724365,present,Lung Opacity,0.280536025762558,uncertain,Enlarged Cardiomediastinum,0.2539997696876526,uncertain,Pleural_Thickening,,unavailable,,,not_computed,,"[""Atelectasis"", ""Consolidation"", ""Pleural Effusion"", ""Pneumothorax"", ""Fracture"", ""Lung Opacity""]","{""Atelectasis"": 0.5973782539367676, ""Cardiomegaly"": 0.1870393306016922, ""Consolidation"": 0.5519381165504456, ""Edema"": 0.04679759591817856, ""Effusion"": 0.5813683271408081, ""Emphysema"": 0.5027243494987488, ""Enlarged Cardiomediastinum"": 0.280536025762558, ""Fibrosis"": 0.5003169775009155, ""Fracture"": 0.5436865091323853, ""Hernia"": 0.26507675647735596, ""Infiltration"": 0.5059369802474976, ""Lung Lesion"": 0.04806201532483101, ""Lung Opacity"": 0.6576573848724365, ""Mass"": 0.6797826290130615, ""Nodule"": 0.5587036609649658, ""Pleural_Thickening"": 0.2539997696876526, ""Pneumonia"": 0.017150359228253365, ""Pneumothorax"": 0.5022106766700745}",retrieval_agent
