manifest_row_index,study_key,dicom_path,local_dicom_path,workflow_a_feature_ready,convnext_feature_path,raddino_feature_path,validation_status,validation_preview_path,validation_metadata_path,validation_intensity_mean,validation_intensity_mean_outlier_z,validation_intensity_std,validation_intensity_std_outlier_z,validation_contrast_proxy,validation_contrast_proxy_outlier_z,validation_noise_proxy,validation_noise_proxy_outlier_z,validation_blur_proxy,validation_blur_proxy_outlier_z,validation_sharpness_proxy,validation_sharpness_proxy_outlier_z,validation_edge_density,validation_edge_density_outlier_z,validation_entropy,validation_entropy_outlier_z,low_contrast_evidence_z,low_sharpness_evidence_z,low_entropy_evidence_z,high_blur_evidence_z,high_noise_evidence_z,convnext_vector_source,convnext_vector_valid,convnext_vector_dim,convnext_embedding_norm,convnext_embedding_mean,convnext_embedding_std,convnext_embedding_min,convnext_embedding_max,convnext_embedding_nan_count,convnext_embedding_inf_count,raddino_vector_source,raddino_vector_valid,raddino_vector_dim,raddino_embedding_norm,raddino_embedding_mean,raddino_embedding_std,raddino_embedding_min,raddino_embedding_max,raddino_embedding_nan_count,raddino_embedding_inf_count,raddino_patch_token_count,raddino_patch_dim,raddino_patch_mean,raddino_patch_std,raddino_patch_variability,convnext_embedding_norm_outlier_z,convnext_embedding_mean_outlier_z,convnext_embedding_std_outlier_z,raddino_embedding_norm_outlier_z,raddino_embedding_mean_outlier_z,raddino_embedding_std_outlier_z,raddino_patch_variability_outlier_z,convnext_embedding_outlier_distance,convnext_embedding_outlier_z,raddino_embedding_outlier_distance,raddino_embedding_outlier_z,evidence_complete,max_handcrafted_quality_outlier_z,max_deep_feature_outlier_z,max_quality_evidence_z,evidence_notes
0,patient00003/study1,patient00003/study1/view1_frontal.dcm,/home/jovyan/Desktop/MEDAGENT-X/data/raw/chexpert_plus/dicom_train/patient00003/study1/view1_frontal.dcm,True,/home/jovyan/Desktop/MEDAGENT-X/outputs/chexpert_plus/convnext_features/patient00003_study1_view1_frontal.npz,/home/jovyan/Desktop/MEDAGENT-X/outputs/chexpert_plus/raddino_features/patient00003__study1__view1_frontal.npz,ok,/home/jovyan/Desktop/MEDAGENT-X/outputs/chexpert_plus/dicom_preprocessing_preview/patient00003_study1_view1_frontal.png,/home/jovyan/Desktop/MEDAGENT-X/outputs/chexpert_plus/dicom_preprocessing_metadata/patient00003_study1_view1_frontal.txt,0.3340252041816711,0.7282843436127047,0.0762446150183677,0.8540454120406611,0.2644688636064529,0.5511641122622946,0.0084255160763859,0.3588238857250677,0.9989347590275984,0.45336860531130524,0.0010663769207894,0.4532445400592735,0.0010246976052285,0.6475049959694457,4.169795036315918,0.49710859998988444,0.5511641122622946,0.4532445400592735,0.49710859998988444,0.45336860531130524,0.0,pooled_embedding,True,768,10.440082550048828,-0.02016894333064556,0.37618377804756165,-6.117623329162598,1.0214790105819702,0,0,cls_embedding,True,768,12.261709213256836,0.022758929058909416,0.4418705999851227,-1.6885544061660767,1.6523572206497192,0,0,1369,768,0.032594479620456696,0.5234895944595337,2.0794661045074463,0.15776513996238253,0.5467919892633822,0.15443682949383658,0.09110293778296265,0.06786994031958961,0.08999097421985952,0.5345566645976877,1.0315423693167867,0.3287425716455319,0.9966277358864672,0.05178638327925772,True,0.8540454120406611,0.3287425716455319,0.8540454120406611,
1,patient00007/study2,patient00007/study2/view1_frontal.dcm,/home/jovyan/Desktop/MEDAGENT-X/data/raw/chexpert_plus/dicom_train/patient00007/study2/view1_frontal.dcm,True,/home/jovyan/Desktop/MEDAGENT-X/outputs/chexpert_plus/convnext_features/patient00007_study2_view1_frontal.npz,/home/jovyan/Desktop/MEDAGENT-X/outputs/chexpert_plus/raddino_features/patient00007__study2__view1_frontal.npz,ok,/home/jovyan/Desktop/MEDAGENT-X/outputs/chexpert_plus/dicom_preprocessing_preview/patient00007_study2_view1_frontal.png,/home/jovyan/Desktop/MEDAGENT-X/outputs/chexpert_plus/dicom_preprocessing_metadata/patient00007_study2_view1_frontal.txt,0.4391436576843261,2.2242215861290338,0.0994106084108352,0.23703644545474142,0.2764356732368469,0.4019415327634375,0.0068414341658353,1.1032076695312858,0.9990920622432574,0.7248253599734923,0.0009087628568522,0.7245129200824647,0.0045299773203921,6.404978971497395,4.417574405670166,0.29333869752779457,0.4019415327634375,0.7245129200824647,0.0,0.7248253599734923,0.0,pooled_embedding,True,768,10.84569263458252,-0.024150557816028595,0.39061439037323,-7.617824554443359,1.1636812686920166,0,0,cls_embedding,True,768,12.122200012207031,0.03534069284796715,0.4359922409057617,-1.8176136016845703,1.6397275924682617,0,0,1369,768,0.03372817486524582,0.522569477558136,1.8019604682922363,0.7182101994761937,1.281132081339594,0.7134561286344518,0.2198987701524689,2.355286814555187,0.2404106149977604,0.984097786304438,0.7526023467953876,0.7921485321828496,0.9184558872139099,0.6679403237364492,True,6.404978971497395,0.7921485321828496,6.404978971497395,extreme_outlier
2,patient00007/study1,patient00007/study1/view1_frontal.dcm,/home/jovyan/Desktop/MEDAGENT-X/data/raw/chexpert_plus/dicom_train/patient00007/study1/view1_frontal.dcm,True,/home/jovyan/Desktop/MEDAGENT-X/outputs/chexpert_plus/convnext_features/patient00007_study1_view1_frontal.npz,/home/jovyan/Desktop/MEDAGENT-X/outputs/chexpert_plus/raddino_features/patient00007__study1__view1_frontal.npz,ok,/home/jovyan/Desktop/MEDAGENT-X/outputs/chexpert_plus/dicom_preprocessing_preview/patient00007_study1_view1_frontal.png,/home/jovyan/Desktop/MEDAGENT-X/outputs/chexpert_plus/dicom_preprocessing_metadata/patient00007_study1_view1_frontal.txt,0.4149343371391296,1.8796995444433604,0.1841510236263275,4.228176737686469,0.6473717559129,4.223521794198447,0.0119448527693748,1.294965067085184,0.997182054891782,2.5712572715248565,0.0028259083628654,2.575071791419904,0.0015042006047895,0.3172360494105461,5.332072734832764,3.2107031849542578,0.0,0.0,0.0,0.0,1.294965067085184,pooled_embedding,True,768,10.405125617980957,-0.02791224606335163,0.37442368268966675,-6.805558681488037,1.1094616651535034,0,0,cls_embedding,True,768,12.237176895141602,0.031622547656297684,0.44043734669685364,-1.9621320962905884,1.5089644193649292,0,0,1369,768,0.03259032964706421,0.5300243496894836,2.141080856323242,0.10946397433500046,1.9749105734668806,0.08625349456764614,0.11375133880474997,1.6391989283214097,0.12666608063214277,0.8717444722489964,0.979658837237715,0.12025406211956571,1.0068537734657508,0.1459373145638131,True,4.228176737686469,0.1459373145638131,4.228176737686469,moderate_outlier
3,patient00009/study1,patient00009/study1/view1_frontal.dcm,/home/jovyan/Desktop/MEDAGENT-X/data/raw/chexpert_plus/dicom_train/patient00009/study1/view1_frontal.dcm,True,/home/jovyan/Desktop/MEDAGENT-X/outputs/chexpert_plus/convnext_features/patient00009_study1_view1_frontal.npz,/home/jovyan/Desktop/MEDAGENT-X/outputs/chexpert_plus/raddino_features/patient00009__study1__view1_frontal.npz,ok,/home/jovyan/Desktop/MEDAGENT-X/outputs/chexpert_plus/dicom_preprocessing_preview/patient00009_study1_view1_frontal.png,/home/jovyan/Desktop/MEDAGENT-X/outputs/chexpert_plus/dicom_preprocessing_metadata/patient00009_study1_view1_frontal.txt,0.3128986358642578,0.4276328471389118,0.0612395144999027,1.5607620491487146,0.2286516577005386,0.9977940847277491,0.0042939488776028,2.3003091106973286,0.999756537687254,1.8715047004077532,0.0002435216010781,1.869454642099961,0.0014279629517552,0.1638489107420399,3.573607444763184,2.3990218697854955,0.9977940847277491,1.869454642099961,2.3990218697854955,1.8715047004077532,0.0,pooled_embedding,True,768,10.610751152038574,-0.016405906528234482,0.3825308382511139,-6.897656440734863,1.0780253410339355,0,0,cls_embedding,True,768,11.809165954589844,0.02106640674173832,0.42560550570487976,-1.654860019683838,1.7815937995910645,0,0,1369,768,0.031595680862665176,0.537449300289154,2.2725861072540283,0.39358367220929746,0.14723522058159347,0.4003119917197569,0.5088939167623067,0.3938375037224471,0.5061937964398998,1.59140925948294,0.7565563386720859,0.7762598322424858,0.9546409506418904,0.33478514081037974,True,2.3990218697854955,0.7762598322424858,2.3990218697854955,
3,patient00009/study1,patient00009/study1/view2_lateral.dcm,/home/jovyan/Desktop/MEDAGENT-X/data/raw/chexpert_plus/dicom_train/patient00009/study1/view2_lateral.dcm,True,/home/jovyan/Desktop/MEDAGENT-X/outputs/chexpert_plus/convnext_features/patient00009_study1_view2_lateral.npz,/home/jovyan/Desktop/MEDAGENT-X/outputs/chexpert_plus/raddino_features/patient00009__study1__view2_lateral.npz,ok,/home/jovyan/Desktop/MEDAGENT-X/outputs/chexpert_plus/dicom_preprocessing_preview/patient00009_study1_view2_lateral.png,/home/jovyan/Desktop/MEDAGENT-X/outputs/chexpert_plus/dicom_preprocessing_metadata/patient00009_study1_view2_lateral.txt,0.2472840249538421,0.5061265152134837,0.1139144524931907,0.9201446927076157,0.3588475808501243,0.6257105997013631,0.0050956783816218,1.9235644248222719,0.9996874141895674,1.752218897671295,0.0003126835508737,1.7504205304754232,0.0019899564001174,1.294557472244338,3.945399522781372,1.2129584615450857,0.0,1.7504205304754232,1.2129584615450857,1.752218897671295,0.0,pooled_embedding,True,768,9.597436904907227,-0.013774222694337368,0.3460436165332794,-4.238210678100586,1.5684937238693237,0,0,cls_embedding,True,768,10.571660041809082,0.020062847062945366,0.38094398379325867,-1.1753915548324585,1.066190481185913,0,0,1369,768,0.035381972789764404,0.5695992112159729,2.07260799407959,1.0065466134876513,0.6326038960257135,1.0131457779142423,1.6513676955482899,0.5871158433382337,1.6490246429132502,0.4970255352552717,1.8388482925461773,3.572816402414518,0.9908540382712785,0.001371939601022952,True,1.9235644248222719,3.572816402414518,3.572816402414518,moderate_outlier
4,patient00016/study1,patient00016/study1/view1_frontal.dcm,/home/jovyan/Desktop/MEDAGENT-X/data/raw/chexpert_plus/dicom_train/patient00016/study1/view1_frontal.dcm,True,/home/jovyan/Desktop/MEDAGENT-X/outputs/chexpert_plus/convnext_features/patient00016_study1_view1_frontal.npz,/home/jovyan/Desktop/MEDAGENT-X/outputs/chexpert_plus/raddino_features/patient00016__study1__view1_frontal.npz,ok,/home/jovyan/Desktop/MEDAGENT-X/outputs/chexpert_plus/dicom_preprocessing_preview/patient00016_study1_view1_frontal.png,/home/jovyan/Desktop/MEDAGENT-X/outputs/chexpert_plus/dicom_preprocessing_metadata/patient00016_study1_view1_frontal.txt,0.2425371408462524,0.5736792662846641,0.0611037015914917,1.5671586235528627,0.1902625262737274,1.4764952083488476,0.0034214595798403,2.710304882048026,0.9997921426637874,1.9329478904853898,0.0002079005498671,1.9307617654324396,0.0006782465089749,1.3445508811437732,3.4246163368225098,2.874322210297286,1.4764952083488476,1.9307617654324396,2.874322210297286,1.9329478904853898,0.0,pooled_embedding,True,768,11.288284301757812,-0.01718549244105816,0.4069681465625763,-6.985791206359863,1.153141975402832,0,0,cls_embedding,True,768,13.061270713806152,0.017623474821448326,0.47097840905189514,-1.623378038406372,1.2700034379959106,0,0,1369,768,0.032716043293476105,0.5663625001907349,2.1907875537872314,1.3297539522296344,0.0034540501277734894,1.3469750062099723,0.6470576152052003,1.0569213033468148,0.6548403851008465,1.1437652440533972,1.129393873634909,0.721948536479759,1.0698504333681642,0.7259463504825125,True,2.874322210297286,1.3297539522296344,2.874322210297286,
4,patient00016/study1,patient00016/study1/view2_lateral.dcm,/home/jovyan/Desktop/MEDAGENT-X/data/raw/chexpert_plus/dicom_train/patient00016/study1/view2_lateral.dcm,True,/home/jovyan/Desktop/MEDAGENT-X/outputs/chexpert_plus/convnext_features/patient00016_study1_view2_lateral.npz,/home/jovyan/Desktop/MEDAGENT-X/outputs/chexpert_plus/raddino_features/patient00016__study1__view2_lateral.npz,ok,/home/jovyan/Desktop/MEDAGENT-X/outputs/chexpert_plus/dicom_preprocessing_preview/patient00016_study1_view2_lateral.png,/home/jovyan/Desktop/MEDAGENT-X/outputs/chexpert_plus/dicom_preprocessing_metadata/patient00016_study1_view2_lateral.txt,0.2494747042655944,0.4749510302280856,0.1116798892617225,0.8149002786228734,0.3566501997411251,0.5983099066716936,0.0025100207421928,3.1386036247817057,0.9998921972030888,2.1056111155453134,0.0001078144196071,2.1030192514727593,0.0007090647780448,1.2825457442697237,3.790513038635254,1.7070657923304724,0.0,2.1030192514727593,1.7070657923304724,2.1056111155453134,0.0,pooled_embedding,True,768,10.389664649963379,-0.01209650281816721,0.37470951676368713,-4.678956508636475,2.446094274520874,0,0,cls_embedding,True,768,12.872114181518555,0.0251704603433609,0.4637998938560486,-1.5653901100158691,1.6212021112442017,0,0,1369,768,0.03626687824726105,0.5919575691223145,1.8960424661636353,0.08810103620511046,0.9420303793951511,0.0973262585033222,0.4724270328437323,0.396573552618382,0.47115142318133646,0.4692324063942436,1.8776562858798351,3.728762236547342,1.1643012240819597,1.59555296373041,True,3.1386036247817057,3.728762236547342,3.728762236547342,moderate_outlier
5,patient00021/study1,patient00021/study1/view1_frontal.dcm,/home/jovyan/Desktop/MEDAGENT-X/data/raw/chexpert_plus/dicom_train/patient00021/study1/view1_frontal.dcm,True,/home/jovyan/Desktop/MEDAGENT-X/outputs/chexpert_plus/convnext_features/patient00021_study1_view1_frontal.npz,/home/jovyan/Desktop/MEDAGENT-X/outputs/chexpert_plus/raddino_features/patient00021__study1__view1_frontal.npz,ok,/home/jovyan/Desktop/MEDAGENT-X/outputs/chexpert_plus/dicom_preprocessing_preview/patient00021_study1_view1_frontal.png,/home/jovyan/Desktop/MEDAGENT-X/outputs/chexpert_plus/dicom_preprocessing_metadata/patient00021_study1_view1_frontal.txt,0.5222415924072266,3.406785552645511,0.2131045460700988,5.5918421119180195,0.7320541776716709,5.279486567044746,0.0078913085162639,0.6098560086809345,0.9987895416917214,0.2027683454709516,0.0012119252933189,0.2027423307715227,0.0104297827752291,18.275153896886877,5.231813430786133,2.8908634172560843,0.0,0.2027423307715227,0.0,0.2027683454709516,0.0,pooled_embedding,True,768,10.521642684936523,-0.01804092526435852,0.37923818826675415,-6.705922603607178,0.972832202911377,0,0,cls_embedding,True,768,10.3115873336792,0.025111937895417213,0.37123897671699524,-1.0713995695114136,1.8492902517318726,0,0,1369,768,0.03196505829691887,0.5839502215385437,2.589280843734741,0.2704595141755859,0.15431577428227866,0.27275989309549475,1.8914685682371226,0.3853025521907723,1.897363279333744,3.324526747448937,1.0259802396155582,0.30639173921893614,0.8971608134996948,0.8640036577915039,True,18.275153896886877,1.8914685682371226,18.275153896886877,extreme_outlier
6,patient00026/study1,patient00026/study1/view1_frontal.dcm,/home/jovyan/Desktop/MEDAGENT-X/data/raw/chexpert_plus/dicom_train/patient00026/study1/view1_frontal.dcm,True,/home/jovyan/Desktop/MEDAGENT-X/outputs/chexpert_plus/convnext_features/patient00026_study1_view1_frontal.npz,/home/jovyan/Desktop/MEDAGENT-X/outputs/chexpert_plus/raddino_features/patient00026__study1__view1_frontal.npz,ok,/home/jovyan/Desktop/MEDAGENT-X/outputs/chexpert_plus/dicom_preprocessing_preview/patient00026_study1_view1_frontal.png,/home/jovyan/Desktop/MEDAGENT-X/outputs/chexpert_plus/dicom_preprocessing_metadata/patient00026_study1_view1_frontal.txt,0.3069486320018768,0.34295853854449376,0.0468844138085842,2.236864716600483,0.1320881396532058,2.2019126170314145,0.0045973071828484,2.1577565055550405,0.9996942580580528,1.7640293004058567,0.0003058354486711,1.7622067476715786,0.0016977722494027,0.7066945323627596,3.3188717365264893,3.211660761722748,2.2019126170314145,1.7622067476715786,3.211660761722748,1.7640293004058567,0.0,pooled_embedding,True,768,10.355391502380371,-0.014637227170169353,0.37338119745254517,-6.894825458526611,1.112752914428711,0,0,cls_embedding,True,768,11.658374786376953,0.020211579278111458,0.42019957304000854,-1.6743464469909668,1.927314281463623,0,0,1369,768,0.03363903984427452,0.5480461120605469,2.0818099975585938,0.04074467853721094,0.4734376109493528,0.045869250748446,0.6481053370686713,0.5584710938508333,0.6445246534939482,0.5473836603413098,0.7976845966585031,0.6109902589620974,0.937814451254712,0.4897063969938371,True,3.211660761722748,0.6481053370686713,3.211660761722748,
6,patient00026/study1,patient00026/study1/view2_lateral.dcm,/home/jovyan/Desktop/MEDAGENT-X/data/raw/chexpert_plus/dicom_train/patient00026/study1/view2_lateral.dcm,True,/home/jovyan/Desktop/MEDAGENT-X/outputs/chexpert_plus/convnext_features/patient00026_study1_view2_lateral.npz,/home/jovyan/Desktop/MEDAGENT-X/outputs/chexpert_plus/raddino_features/patient00026__study1__view2_lateral.npz,ok,/home/jovyan/Desktop/MEDAGENT-X/outputs/chexpert_plus/dicom_preprocessing_preview/patient00026_study1_view2_lateral.png,/home/jovyan/Desktop/MEDAGENT-X/outputs/chexpert_plus/dicom_preprocessing_metadata/patient00026_study1_view2_lateral.txt,0.3018030524253845,0.2697319654137186,0.0728262513875961,1.015044963265161,0.1831776946783065,1.5648409645392465,0.0055485209450125,1.7107669308542295,0.9996163987372216,1.6296681656732679,0.0003837484691757,1.6281112340667918,0.0022312831206088,1.7800972766212668,3.5402145385742188,2.505549433085537,1.5648409645392465,1.6281112340667918,2.505549433085537,1.6296681656732679,0.0,pooled_embedding,True,768,8.89266586303711,-0.01850006729364395,0.3203527331352234,-3.320723533630371,1.064621925354004,0,0,cls_embedding,True,768,12.072264671325684,0.020799124613404274,0.4351235032081604,-1.5330419540405273,1.8618464469909668,0,0,1369,768,0.03625951334834099,0.5769281387329102,1.8217370510101318,1.9803524027559398,0.23899659943481388,2.008370326074184,0.2659994125837318,0.4453141095138561,0.2626404942275295,0.8758700912644916,2.0436743519001954,4.395888350594812,1.0351525742945165,0.40648382943894323,True,2.505549433085537,4.395888350594812,4.395888350594812,moderate_outlier
7,patient00027/study1,patient00027/study1/view1_frontal.dcm,/home/jovyan/Desktop/MEDAGENT-X/data/raw/chexpert_plus/dicom_train/patient00027/study1/view1_frontal.dcm,True,/home/jovyan/Desktop/MEDAGENT-X/outputs/chexpert_plus/convnext_features/patient00027_study1_view1_frontal.npz,/home/jovyan/Desktop/MEDAGENT-X/outputs/chexpert_plus/raddino_features/patient00027__study1__view1_frontal.npz,ok,/home/jovyan/Desktop/MEDAGENT-X/outputs/chexpert_plus/dicom_preprocessing_preview/patient00027_study1_view1_frontal.png,/home/jovyan/Desktop/MEDAGENT-X/outputs/chexpert_plus/dicom_preprocessing_metadata/patient00027_study1_view1_frontal.txt,0.2486950457096099,0.486046325406817,0.0661528185009956,1.329353157454257,0.185071125626564,1.541230440186596,0.0041075944900512,2.3878798248192608,0.999682750823658,1.7441713687617755,0.0003173498553223,1.7423893889843245,0.0011560945549219,0.38313953689409214,3.8498051166534415,1.5179166191937936,1.541230440186596,1.7423893889843245,1.5179166191937936,1.7441713687617755,0.0,pooled_embedding,True,768,10.930277824401855,-0.017692672088742256,0.394015371799469,-7.308250427246094,1.0256181955337524,0,0,cls_embedding,True,768,11.83553695678711,0.02846362255513668,0.4261285662651062,-1.5658246278762817,1.9847580194473267,0,0,1369,768,0.03393734619021416,0.5561965107917786,2.2876975536346436,0.8350843935603576,0.09008648488554825,0.8452048174897829,0.4845480302339883,1.0308127890363201,0.4928093501153139,1.6741069142710856,0.9525497460038128,0.011319034000315541,0.9547245287136046,0.33401563911181353,True,2.3878798248192608,0.8350843935603576,2.3878798248192608,
7,patient00027/study1,patient00027/study1/view2_lateral.dcm,/home/jovyan/Desktop/MEDAGENT-X/data/raw/chexpert_plus/dicom_train/patient00027/study1/view2_lateral.dcm,True,/home/jovyan/Desktop/MEDAGENT-X/outputs/chexpert_plus/convnext_features/patient00027_study1_view2_lateral.npz,/home/jovyan/Desktop/MEDAGENT-X/outputs/chexpert_plus/raddino_features/patient00027__study1__view2_lateral.npz,ok,/home/jovyan/Desktop/MEDAGENT-X/outputs/chexpert_plus/dicom_preprocessing_preview/patient00027_study1_view2_lateral.png,/home/jovyan/Desktop/MEDAGENT-X/outputs/chexpert_plus/dicom_preprocessing_metadata/patient00027_study1_view2_lateral.txt,0.2076517194509506,1.070132546819179,0.1295165419578552,1.6549785703452882,0.3404748737812042,0.3966083723008538,0.0035977375227957,2.6274692399611164,0.9997736873546176,1.9010997282432736,0.0002263638743897,1.8989846764596956,0.0007344946346391,1.2313818798995126,3.618585824966431,2.2555351897966163,0.0,1.8989846764596956,2.2555351897966163,1.9010997282432736,0.0,pooled_embedding,True,768,9.72707748413086,-0.012430354952812195,0.35077548027038574,-4.257091045379639,1.797508955001831,0,0,cls_embedding,True,768,13.88047981262207,0.030262669548392296,0.49995356798171997,-1.5301623344421387,1.8784137964248657,0,0,1369,768,0.03734815493226051,0.5898318886756897,1.9495941400527954,0.8274178765334824,0.8804571135264808,0.8298407947125984,1.403356963009522,1.3772962350088012,1.3962773981967942,0.1761699338109399,1.7145783742767509,3.073450823382222,1.2526443218498273,2.408926165512641,True,2.6274692399611164,3.073450823382222,3.073450823382222,
8,patient00031/study1,patient00031/study1/view1_frontal.dcm,/home/jovyan/Desktop/MEDAGENT-X/data/raw/chexpert_plus/dicom_train/patient00031/study1/view1_frontal.dcm,True,/home/jovyan/Desktop/MEDAGENT-X/outputs/chexpert_plus/convnext_features/patient00031_study1_view1_frontal.npz,/home/jovyan/Desktop/MEDAGENT-X/outputs/chexpert_plus/raddino_features/patient00031__study1__view1_frontal.npz,ok,/home/jovyan/Desktop/MEDAGENT-X/outputs/chexpert_plus/dicom_preprocessing_preview/patient00031_study1_view1_frontal.png,/home/jovyan/Desktop/MEDAGENT-X/outputs/chexpert_plus/dicom_preprocessing_metadata/patient00031_study1_view1_frontal.txt,0.184593990445137,1.3982663273144786,0.0859312713146209,0.39781913391040796,0.2945055048912763,0.17661607227182072,0.0109157571569085,0.8113776460030387,0.998194200185006,0.8246071767116103,0.0018090666271746,0.8249931278133479,0.0015493159537628,0.408006344843594,4.196253776550293,0.4127018966856917,0.17661607227182072,0.0,0.4127018966856917,0.0,0.8113776460030387,pooled_embedding,True,768,9.827715873718262,-0.01489699725061655,0.35431408882141113,-5.723763465881348,1.083612084388733,0,0,cls_embedding,True,768,13.086441993713379,0.030646895989775658,0.4712207615375519,-1.9024053812026978,1.4690697193145752,0,0,1369,768,0.033946651965379715,0.5296096801757812,2.2066047191619873,0.6883624378440608,0.4255275017475353,0.6927606467961733,0.670295910049278,1.4512954701279113,0.6610418731933502,1.2303249583879898,1.0144923280410614,0.2602287764105686,1.065691790695623,0.687657807392014,True,1.3982663273144786,0.6883624378440608,1.3982663273144786,
9,patient00031/study3,patient00031/study3/view1_frontal.dcm,/home/jovyan/Desktop/MEDAGENT-X/data/raw/chexpert_plus/dicom_train/patient00031/study3/view1_frontal.dcm,True,/home/jovyan/Desktop/MEDAGENT-X/outputs/chexpert_plus/convnext_features/patient00031_study3_view1_frontal.npz,/home/jovyan/Desktop/MEDAGENT-X/outputs/chexpert_plus/raddino_features/patient00031__study3__view1_frontal.npz,ok,/home/jovyan/Desktop/MEDAGENT-X/outputs/chexpert_plus/dicom_preprocessing_preview/patient00031_study3_view1_frontal.png,/home/jovyan/Desktop/MEDAGENT-X/outputs/chexpert_plus/dicom_preprocessing_metadata/patient00031_study3_view1_frontal.txt,0.2895083129405975,0.09476593357550836,0.1033734902739524,0.4236819491028029,0.3416361436247825,0.41108906405622847,0.0092631066218018,0.034772439896936735,0.9986963898159148,0.04201698516834429,0.0013053118018433,0.04201551331232949,0.0011932704970004,0.3083430137093908,4.660272598266602,1.0675764032344608,0.0,0.04201551331232949,0.0,0.04201698516834429,0.034772439896936735,pooled_embedding,True,768,10.820890426635742,-0.018137097358703613,0.39004382491111755,-7.083272933959961,1.0716577768325806,0,0,cls_embedding,True,768,12.546441078186035,0.029975222423672676,0.45173725485801697,-1.4977871179580688,1.6116118431091309,0,0,1369,768,0.03541988879442215,0.520129382610321,1.6995161771774292,0.6839401567952136,0.1720530577073322,0.6913533170873224,0.17176343425357465,1.3219359966820057,0.16248402120379957,1.5447259623403373,0.7546081648916855,0.7840883634063673,1.019161495223997,0.2592542720408309,True,1.0675764032344608,0.7840883634063673,1.0675764032344608,
10,patient00031/study2,patient00031/study2/view1_frontal.dcm,/home/jovyan/Desktop/MEDAGENT-X/data/raw/chexpert_plus/dicom_train/patient00031/study2/view1_frontal.dcm,True,/home/jovyan/Desktop/MEDAGENT-X/outputs/chexpert_plus/convnext_features/patient00031_study2_view1_frontal.npz,/home/jovyan/Desktop/MEDAGENT-X/outputs/chexpert_plus/raddino_features/patient00031__study2__view1_frontal.npz,ok,/home/jovyan/Desktop/MEDAGENT-X/outputs/chexpert_plus/dicom_preprocessing_preview/patient00031_study2_view1_frontal.png,/home/jovyan/Desktop/MEDAGENT-X/outputs/chexpert_plus/dicom_preprocessing_metadata/patient00031_study2_view1_frontal.txt,0.2734358012676239,0.13396144959296952,0.0933715924620628,0.047391708659012606,0.3191697224974632,0.13093943217679055,0.009750597178936,0.26385154437533215,0.9985956204587852,0.13187979463482938,0.0014063545968383,0.13188848120830043,0.0009951287616446,0.7069963382466073,4.402679443359375,0.24582189765911905,0.0,0.0,0.0,0.0,0.26385154437533215,pooled_embedding,True,768,11.074397087097168,-0.020564066246151924,0.3990834057331085,-7.434630393981934,1.2764049768447876,0,0,cls_embedding,True,768,11.63155746459961,0.023570388555526733,0.41905534267425537,-1.4762474298477173,1.6319233179092407,0,0,1369,768,0.03231536224484444,0.5340560078620911,2.0895657539367676,1.0342188131377679,0.619665593480856,1.0415325071031072,0.6728632688340522,0.0884112928605794,0.6738040354201147,0.5898271728568248,0.6403132713187035,1.243370356219496,0.9167733752005147,0.6834311794790024,True,0.7069963382466073,1.243370356219496,1.243370356219496,
11,patient00034/study1,patient00034/study1/view1_frontal.dcm,/home/jovyan/Desktop/MEDAGENT-X/data/raw/chexpert_plus/dicom_train/patient00034/study1/view1_frontal.dcm,True,/home/jovyan/Desktop/MEDAGENT-X/outputs/chexpert_plus/convnext_features/patient00034_study1_view1_frontal.npz,/home/jovyan/Desktop/MEDAGENT-X/outputs/chexpert_plus/raddino_features/patient00034__study1__view1_frontal.npz,ok,/home/jovyan/Desktop/MEDAGENT-X/outputs/chexpert_plus/dicom_preprocessing_preview/patient00034_study1_view1_frontal.png,/home/jovyan/Desktop/MEDAGENT-X/outputs/chexpert_plus/dicom_preprocessing_metadata/patient00034_study1_view1_frontal.txt,0.4123834669589996,1.843398195097649,0.1212376952171325,1.2650579083319529,0.4511527717113495,1.776729050472256,0.0071913842111825,0.938760908815382,0.9991558547129232,0.8349114552565557,0.0008448584703728,0.8344982790257494,0.0035134766934942,4.35981996660958,4.688244342803955,1.1568097802263735,0.0,0.8344982790257494,0.0,0.8349114552565557,0.0,pooled_embedding,True,768,10.385027885437012,-0.020162420347332954,0.3741946220397949,-5.960821628570557,1.4279621839523315,0,0,cls_embedding,True,768,11.625589370727539,0.02048902027308941,0.41900166869163513,-2.0980257987976074,2.4803738594055176,0,0,1369,768,0.0322842113673687,0.5427674055099487,2.412881374359131,0.08169426312421203,0.5455889375405256,0.07738004408181504,0.6783730532219524,0.505037963780097,0.6751774835330757,2.3591775640676986,1.0352343900046632,0.3435785679532102,0.9534805763102089,0.3454686849612276,True,4.35981996660958,0.6783730532219524,4.35981996660958,moderate_outlier
12,patient00038/study1,patient00038/study1/view1_frontal.dcm,/home/jovyan/Desktop/MEDAGENT-X/data/raw/chexpert_plus/dicom_train/patient00038/study1/view1_frontal.dcm,True,/home/jovyan/Desktop/MEDAGENT-X/outputs/chexpert_plus/convnext_features/patient00038_study1_view1_frontal.npz,/home/jovyan/Desktop/MEDAGENT-X/outputs/chexpert_plus/raddino_features/patient00038__study1__view1_frontal.npz,ok,/home/jovyan/Desktop/MEDAGENT-X/outputs/chexpert_plus/dicom_preprocessing_preview/patient00038_study1_view1_frontal.png,/home/jovyan/Desktop/MEDAGENT-X/outputs/chexpert_plus/dicom_preprocessing_metadata/patient00038_study1_view1_frontal.txt,0.3238952457904815,0.5841252400720639,0.1039228811860084,0.44955739707785314,0.4014191478490829,1.1565654588576577,0.0056589730083942,1.6588638541751353,0.9994107474739518,1.2747776169610132,0.0005895999493077,1.2738217998254848,0.0036839121104228,4.702729275723412,4.5102057456970215,0.5888443022942141,0.0,1.2738217998254848,0.0,1.2747776169610132,0.0,pooled_embedding,True,768,10.905029296875,-0.024065179750323296,0.39276477694511414,-7.33685827255249,1.2576895952224731,0,0,cls_embedding,True,768,10.679933547973633,0.019623808562755585,0.384878933429718,-1.5778419971466064,1.9844095706939697,0,0,1369,768,0.030360562726855278,0.5315443277359009,2.029057264328003,0.8001976561443177,1.2653855702543335,0.7967587333449831,1.5514088667033754,0.6716714847587307,1.5483343477467815,0.2586934044945413,0.7062285803541261,0.9784966287563256,0.8398978446654202,1.3912227103390462,True,4.702729275723412,1.5514088667033754,4.702729275723412,moderate_outlier
13,patient00038/study3,patient00038/study3/view1_frontal.dcm,/home/jovyan/Desktop/MEDAGENT-X/data/raw/chexpert_plus/dicom_train/patient00038/study3/view1_frontal.dcm,True,/home/jovyan/Desktop/MEDAGENT-X/outputs/chexpert_plus/convnext_features/patient00038_study3_view1_frontal.npz,/home/jovyan/Desktop/MEDAGENT-X/outputs/chexpert_plus/raddino_features/patient00038__study3__view1_frontal.npz,ok,/home/jovyan/Desktop/MEDAGENT-X/outputs/chexpert_plus/dicom_preprocessing_preview/patient00038_study3_view1_frontal.png,/home/jovyan/Desktop/MEDAGENT-X/outputs/chexpert_plus/dicom_preprocessing_metadata/patient00038_study3_view1_frontal.txt,0.3222804963588714,0.5611457942032506,0.0846137925982475,0.45987030955905295,0.2529914528131485,0.6942840328963549,0.0051799518987536,1.8839630385938144,0.9995460761981628,1.5083131879473661,0.0004541299422271,1.50697821013876,0.0036476369311808,4.6297450516928755,4.283571243286133,0.13414821488679526,0.6942840328963549,1.50697821013876,0.13414821488679526,1.5083131879473661,0.0,pooled_embedding,True,768,9.716508865356445,-0.01095960196107626,0.35044294595718384,-6.04700231552124,1.2652037143707275,0,0,cls_embedding,True,768,11.693428039550781,0.02219327539205551,0.42136621475219727,-1.2689266204833984,2.059058427810669,0,0,1369,768,0.03293614462018013,0.5267098546028137,1.762272834777832,0.8420208916059868,1.1517121261194017,0.8427226527038687,0.6157439380655297,0.17681074756545329,0.6146717940658678,1.2012890552979107,0.8411435552476118,0.43635501076840766,0.9184008098556575,0.6684474199144116,True,4.6297450516928755,0.8420208916059868,4.6297450516928755,moderate_outlier
14,patient00038/study2,patient00038/study2/view1_frontal.dcm,/home/jovyan/Desktop/MEDAGENT-X/data/raw/chexpert_plus/dicom_train/patient00038/study2/view1_frontal.dcm,True,/home/jovyan/Desktop/MEDAGENT-X/outputs/chexpert_plus/convnext_features/patient00038_study2_view1_frontal.npz,/home/jovyan/Desktop/MEDAGENT-X/outputs/chexpert_plus/raddino_features/patient00038__study2__view1_frontal.npz,ok,/home/jovyan/Desktop/MEDAGENT-X/outputs/chexpert_plus/dicom_preprocessing_preview/patient00038_study2_view1_frontal.png,/home/jovyan/Desktop/MEDAGENT-X/outputs/chexpert_plus/dicom_preprocessing_metadata/patient00038_study2_view1_frontal.txt,0.3362910747528076,0.760529872928823,0.1005499958992004,0.290699804333914,0.3484107702970505,0.4955666565308317,0.0062484191730618,1.381874284707215,0.9992627146822248,1.0193187501004057,0.0007378293084912,1.018705364571299,0.0068215626981417,11.015557997972092,4.492324352264404,0.5318004121935216,0.0,1.018705364571299,0.0,1.0193187501004057,0.0,pooled_embedding,True,768,11.157596588134766,-0.023792600259184837,0.4019114375114441,-7.285200119018555,1.066493272781372,0,0,cls_embedding,True,768,11.143294334411621,0.030049318447709084,0.4009746015071869,-1.4466716051101685,1.4320380687713623,0,0,1369,768,0.03248455375432968,0.5309062004089355,1.9690572023391724,1.1491783545509022,1.215112986267226,1.151086024791368,1.1236310733565096,1.336206355287,1.1364669239288419,0.06965798481949949,0.750633599887431,0.8000597342931491,0.8684788289276082,1.1280781380204727,True,11.015557997972092,1.1491783545509022,11.015557997972092,extreme_outlier
15,patient00044/study6,patient00044/study6/view1_frontal.dcm,/home/jovyan/Desktop/MEDAGENT-X/data/raw/chexpert_plus/dicom_train/patient00044/study6/view1_frontal.dcm,True,/home/jovyan/Desktop/MEDAGENT-X/outputs/chexpert_plus/convnext_features/patient00044_study6_view1_frontal.npz,/home/jovyan/Desktop/MEDAGENT-X/outputs/chexpert_plus/raddino_features/patient00044__study6__view1_frontal.npz,ok,/home/jovyan/Desktop/MEDAGENT-X/outputs/chexpert_plus/dicom_preprocessing_preview/patient00044_study6_view1_frontal.png,/home/jovyan/Desktop/MEDAGENT-X/outputs/chexpert_plus/dicom_preprocessing_metadata/patient00044_study6_view1_frontal.txt,0.4993464350700378,3.0809653242009722,0.1140802204608917,0.9279521032964166,0.3381588160991668,0.36772781747829114,0.0044789621606469,2.213368601643155,0.99958154914049,1.5695285277744617,0.0004186260339338,1.56808371967662,0.0046589395971709,6.664445965088821,4.275547027587891,0.15974647042318071,0.0,1.56808371967662,0.15974647042318071,1.5695285277744617,0.0,pooled_embedding,True,768,9.487273216247559,-0.010076656006276608,0.34219416975975037,-5.447046756744385,1.0331445932388306,0,0,cls_embedding,True,768,15.61428451538086,0.020275771617889404,0.5630670189857483,-1.8726589679718018,1.9545629024505615,0,0,1369,768,0.03279934078454971,0.5688393712043762,2.186561346054077,1.1587634774201856,1.3145562729161804,1.1622673112804747,3.0040171214621694,0.546108113242389,3.0112693543043187,1.1206372482695048,1.259136742942956,1.243306592874846,1.314987239426957,2.9829162084178313,True,6.664445965088821,3.0040171214621694,6.664445965088821,extreme_outlier
15,patient00044/study6,patient00044/study6/view2_lateral.dcm,/home/jovyan/Desktop/MEDAGENT-X/data/raw/chexpert_plus/dicom_train/patient00044/study6/view2_lateral.dcm,True,/home/jovyan/Desktop/MEDAGENT-X/outputs/chexpert_plus/convnext_features/patient00044_study6_view2_lateral.npz,/home/jovyan/Desktop/MEDAGENT-X/outputs/chexpert_plus/raddino_features/patient00044__study6__view2_lateral.npz,ok,/home/jovyan/Desktop/MEDAGENT-X/outputs/chexpert_plus/dicom_preprocessing_preview/patient00044_study6_view2_lateral.png,/home/jovyan/Desktop/MEDAGENT-X/outputs/chexpert_plus/dicom_preprocessing_metadata/patient00044_study6_view2_lateral.txt,0.639206051826477,5.071302914400907,0.2787477374076843,8.683533192164425,0.8907480435445905,7.258352175139403,0.0054046334698796,1.7783818076281976,0.9994543560727286,1.3500325864778961,0.0005459418171085,1.3489614827996772,0.0044444346608669,6.2328705282749715,4.984482765197754,2.101847541087332,0.0,1.3489614827996772,0.0,1.3500325864778961,0.0,pooled_embedding,True,768,8.421215057373047,-0.00939311645925045,0.30372920632362366,-1.8772445917129517,1.4608657360076904,0,0,cls_embedding,True,768,13.109552383422852,0.02376316301524639,0.47245296835899353,-1.6091744899749756,1.612884521484375,0,0,1369,768,0.037264250218868256,0.5828304290771484,2.062328338623047,2.6317717952051987,1.4406233484061954,2.652339694646028,0.6916315772068341,0.12553826027696643,0.6925724593557527,0.44076994086182114,2.0455572406996003,4.403454540938076,1.2171534396741828,2.082162296023568,True,8.683533192164425,4.403454540938076,8.683533192164425,extreme_outlier
16,patient00044/study7,patient00044/study7/view1_frontal.dcm,/home/jovyan/Desktop/MEDAGENT-X/data/raw/chexpert_plus/dicom_train/patient00044/study7/view1_frontal.dcm,True,/home/jovyan/Desktop/MEDAGENT-X/outputs/chexpert_plus/convnext_features/patient00044_study7_view1_frontal.npz,/home/jovyan/Desktop/MEDAGENT-X/outputs/chexpert_plus/raddino_features/patient00044__study7__view1_frontal.npz,ok,/home/jovyan/Desktop/MEDAGENT-X/outputs/chexpert_plus/dicom_preprocessing_preview/patient00044_study7_view1_frontal.png,/home/jovyan/Desktop/MEDAGENT-X/outputs/chexpert_plus/dicom_preprocessing_metadata/patient00044_study7_view1_frontal.txt,0.284102201461792,0.0178317395413858,0.0576395466923713,1.7303148715043561,0.1475229263305664,2.0094453886599957,0.0038534067571163,2.507326442559777,0.9997806745869736,1.913157532729307,0.0002193735272157,1.9110157104062997,0.0001761043946851,2.3548409287822207,3.4242594242095947,2.8754608063436957,2.0094453886599957,1.9110157104062997,2.8754608063436957,1.913157532729307,0.0,pooled_embedding,True,768,9.8399076461792,-0.011582799255847931,0.35487812757492065,-6.08648681640625,1.301225185394287,0,0,cls_embedding,True,768,15.581962585449219,0.016369575634598732,0.5620272755622864,-1.912144422531128,1.6819660663604736,0,0,1369,768,0.03323700651526451,0.560614287853241,2.0336735248565674,0.6715166568761042,1.0367741378977091,0.6709106697086324,2.9741772984396837,1.2984132225631853,2.984663658710213,0.28395597102775383,0.9562157980378282,0.02605067800735127,1.3099231644825753,2.9362913678173794,True,2.8754608063436957,2.9741772984396837,2.9741772984396837,
16,patient00044/study7,patient00044/study7/view2_lateral.dcm,/home/jovyan/Desktop/MEDAGENT-X/data/raw/chexpert_plus/dicom_train/patient00044/study7/view2_lateral.dcm,True,/home/jovyan/Desktop/MEDAGENT-X/outputs/chexpert_plus/convnext_features/patient00044_study7_view2_lateral.npz,/home/jovyan/Desktop/MEDAGENT-X/outputs/chexpert_plus/raddino_features/patient00044__study7__view2_lateral.npz,ok,/home/jovyan/Desktop/MEDAGENT-X/outputs/chexpert_plus/dicom_preprocessing_preview/patient00044_study7_view2_lateral.png,/home/jovyan/Desktop/MEDAGENT-X/outputs/chexpert_plus/dicom_preprocessing_metadata/patient00044_study7_view2_lateral.txt,0.249747946858406,0.47106252390775344,0.1007161289453506,0.29852440954354326,0.3374229483306408,0.3585517638782887,0.0043264939449727,2.2850156967446287,0.99976072872498,1.878737136788625,0.0002393285394646,1.8766712889068398,0.0002079010215033,2.2908673748644515,3.7606921195983887,1.802198268143998,0.0,1.8766712889068398,1.802198268143998,1.878737136788625,0.0,pooled_embedding,True,768,9.561686515808105,-0.016033507883548737,0.34465491771698,-2.3937900066375732,1.9459508657455444,0,0,cls_embedding,True,768,12.932731628417969,0.01967793144285679,0.46625471115112305,-1.5214730501174927,1.3976960182189941,0,0,1369,768,0.03679090738296509,0.5763214230537415,1.9896880388259888,1.0559441253106951,0.21591772513634544,1.0669417930441243,0.5283894673697331,0.661247809294042,0.5339670373204817,0.043244628921433485,2.262092457715034,5.273578506026404,1.175710501997258,1.7005979660278598,True,2.2908673748644515,5.273578506026404,5.273578506026404,moderate_outlier
17,patient00044/study1,patient00044/study1/view1_frontal.dcm,/home/jovyan/Desktop/MEDAGENT-X/data/raw/chexpert_plus/dicom_train/patient00044/study1/view1_frontal.dcm,True,/home/jovyan/Desktop/MEDAGENT-X/outputs/chexpert_plus/convnext_features/patient00044_study1_view1_frontal.npz,/home/jovyan/Desktop/MEDAGENT-X/outputs/chexpert_plus/raddino_features/patient00044__study1__view1_frontal.npz,ok,/home/jovyan/Desktop/MEDAGENT-X/outputs/chexpert_plus/dicom_preprocessing_preview/patient00044_study1_view1_frontal.png,/home/jovyan/Desktop/MEDAGENT-X/outputs/chexpert_plus/dicom_preprocessing_metadata/patient00044_study1_view1_frontal.txt,0.2941475510597229,0.16078677813755127,0.0785688161849975,0.7445791921761599,0.2332112342119217,0.9409375131380346,0.0103368936106562,0.539361007218874,0.9983392389891796,0.574315007437695,0.0016635237261652,0.5745003355176899,0.0012171790422012,0.26023996761447193,4.091963291168213,0.7454016389681655,0.9409375131380346,0.0,0.7454016389681655,0.0,0.539361007218874,pooled_embedding,True,768,9.4260892868042,-0.00875940266996622,0.34002187848091125,-6.097208499908447,0.9181715846061707,0,0,cls_embedding,True,768,12.058570861816406,0.006992802023887634,0.4350700080394745,-1.6924796104431152,1.5739352703094482,0,0,1369,768,0.03159160912036896,0.5444480180740356,2.00911545753479,1.2433033650750844,1.5575009225865541,1.2464184699992138,0.2786416295901011,3.1043120372815776,0.2640093667221242,0.1495615178107814,0.8541038727766285,0.3842753396987912,0.962966271988493,0.2581340673179675,True,0.9409375131380346,1.2433033650750844,1.2433033650750844,
18,patient00044/study3,patient00044/study3/view1_frontal.dcm,/home/jovyan/Desktop/MEDAGENT-X/data/raw/chexpert_plus/dicom_train/patient00044/study3/view1_frontal.dcm,True,/home/jovyan/Desktop/MEDAGENT-X/outputs/chexpert_plus/convnext_features/patient00044_study3_view1_frontal.npz,/home/jovyan/Desktop/MEDAGENT-X/outputs/chexpert_plus/raddino_features/patient00044__study3__view1_frontal.npz,ok,/home/jovyan/Desktop/MEDAGENT-X/outputs/chexpert_plus/dicom_preprocessing_preview/patient00044_study3_view1_frontal.png,/home/jovyan/Desktop/MEDAGENT-X/outputs/chexpert_plus/dicom_preprocessing_metadata/patient00044_study3_view1_frontal.txt,0.3967343866825104,1.6206966501578097,0.0941333100199699,0.011516009573370156,0.2744810879230499,0.4263146339812069,0.0110490377992391,0.8740082133906119,0.9980835376691972,1.015576492109072,0.0019201422110199,1.0161644797673857,0.0015115166073257,0.3319555567780457,4.433133125305176,0.3429729665970078,0.4263146339812069,0.0,0.0,0.0,0.8740082133906119,pooled_embedding,True,768,8.970268249511719,-0.008629823103547096,0.3235715925693512,-5.64161491394043,0.8636437654495239,0,0,cls_embedding,True,768,13.31052017211914,0.013211150653660297,0.4801202714443207,-1.99123215675354,1.7578669786453247,0,0,1369,768,0.032026179134845734,0.5305413603782654,1.7986632585525513,1.8731265822831165,1.5813996378149475,1.8836767576870954,0.8771663908952667,1.9067030423086708,0.8887688740796348,1.0021418243103808,0.9157775303115219,0.13644624207936676,1.048694883983389,0.5311676142447227,True,1.6206966501578097,1.8731265822831165,1.8731265822831165,
19,patient00044/study4,patient00044/study4/view1_frontal.dcm,/home/jovyan/Desktop/MEDAGENT-X/data/raw/chexpert_plus/dicom_train/patient00044/study4/view1_frontal.dcm,True,/home/jovyan/Desktop/MEDAGENT-X/outputs/chexpert_plus/convnext_features/patient00044_study4_view1_frontal.npz,/home/jovyan/Desktop/MEDAGENT-X/outputs/chexpert_plus/raddino_features/patient00044__study4__view1_frontal.npz,ok,,,0.4716230034828186,2.686434084254341,0.1206240952014923,1.236158312554566,0.4864469096064567,2.216836519427024,0.0117703406140208,1.2129591950040888,0.9975676407526723,1.9058551943809088,0.0024382900446653,1.907944819252303,0.0014309733986567,0.16990581068525845,4.364177703857422,0.12299651466471055,0.0,0.0,0.0,0.0,1.2129591950040888,pooled_embedding,True,768,8.690315246582031,-0.009239264763891697,0.31344860792160034,-3.798056125640869,1.5659090280532837,0,0,cls_embedding,True,768,11.664140701293945,0.015765773132443428,0.4205980598926544,-1.6979851722717285,1.4895414113998413,0,0,1369,768,0.030723584815859795,0.5468028783798218,1.983208417892456,2.259947037125546,1.4689986390202388,2.2758253134993174,0.6427822056514062,1.4147012197182718,0.6343278879645745,0.0077847899607691555,1.5027685618903437,2.222315399137862,0.9265631845322658,0.593296593278198,True,2.686434084254341,2.259947037125546,2.686434084254341,
20,patient00044/study2,patient00044/study2/view1_frontal.dcm,/home/jovyan/Desktop/MEDAGENT-X/data/raw/chexpert_plus/dicom_train/patient00044/study2/view1_frontal.dcm,True,/home/jovyan/Desktop/MEDAGENT-X/outputs/chexpert_plus/convnext_features/patient00044_study2_view1_frontal.npz,/home/jovyan/Desktop/MEDAGENT-X/outputs/chexpert_plus/raddino_features/patient00044__study2__view1_frontal.npz,ok,,,0.3920628130435943,1.5542156398808125,0.0786891877651214,0.738909880051002,0.2271062135696411,1.017065316309654,0.0106703676283359,0.6960654360922491,0.9982421753446348,0.7418168721227418,0.0017609200440347,0.7421284056828628,0.0015173084426669,0.34360850011073346,4.146928310394287,0.57005632665065,1.017065316309654,0.0,0.57005632665065,0.0,0.6960654360922491,pooled_embedding,True,768,8.640711784362793,-0.012210824526846409,0.3115556240081787,-4.8637847900390625,1.3424886465072632,0,0,cls_embedding,True,768,12.619050025939941,0.006691198796033859,0.4553016126155853,-1.9620298147201538,1.8669042587280273,0,0,1369,768,0.03102862276136875,0.5354718565940857,1.8607687950134277,2.3284858047637136,0.9209457127640679,2.3491565427419694,0.23879650299073835,3.1623986387405485,0.2536913473060427,0.6622681890994905,1.1549800040414437,0.8247637069054283,0.9917964604230542,0.007304923021957826,True,1.5542156398808125,2.3284858047637136,2.3284858047637136,
21,patient00044/study5,patient00044/study5/view1_frontal.dcm,/home/jovyan/Desktop/MEDAGENT-X/data/raw/chexpert_plus/dicom_train/patient00044/study5/view1_frontal.dcm,True,/home/jovyan/Desktop/MEDAGENT-X/outputs/chexpert_plus/convnext_features/patient00044_study5_view1_frontal.npz,/home/jovyan/Desktop/MEDAGENT-X/outputs/chexpert_plus/raddino_features/patient00044__study5__view1_frontal.npz,ok,,,0.4179300665855407,1.922331671325593,0.0722308754920959,1.0430862316435576,0.2136752307415008,1.184545702872297,0.0107800830155611,0.7476223376265083,0.9981909636958692,0.8301923571155565,0.0018123148474842,0.8305836153582582,0.0015730929620055,0.4558447437880679,4.108728885650635,0.6919172876097561,1.184545702872297,0.0,0.6919172876097561,0.0,0.7476223376265083,pooled_embedding,True,768,8.572914123535156,-0.004361192230135202,0.3093176484107971,-5.13683557510376,1.0672353506088257,0,0,cls_embedding,True,768,12.00766372680664,0.02455117367208004,0.43259313702583313,-1.6399646997451782,1.6870267391204834,0,0,1369,768,0.03397851437330246,0.5317325592041016,1.756712555885315,2.4221641069221156,2.3686749504119424,2.4358522089900827,0.3256394388943697,0.27730341642148254,0.3273893071264505,1.2317177788494198,1.3388444599620983,1.563603659267936,0.9389430145890125,0.47931573608395955,True,1.922331671325593,2.4221641069221156,2.4221641069221156,
22,patient00045/study1,patient00045/study1/view1_frontal.dcm,/home/jovyan/Desktop/MEDAGENT-X/data/raw/chexpert_plus/dicom_train/patient00045/study1/view1_frontal.dcm,True,/home/jovyan/Desktop/MEDAGENT-X/outputs/chexpert_plus/convnext_features/patient00045_study1_view1_frontal.npz,/home/jovyan/Desktop/MEDAGENT-X/outputs/chexpert_plus/raddino_features/patient00045__study1__view1_frontal.npz,ok,,,0.55051589012146,3.8091561502651547,0.079447865486145,0.7031773525020661,0.2082792818546295,1.2518315908083626,0.0069104409776628,1.0707803364783481,0.9993400770905182,1.1528223673035993,0.0006603586953133,1.1520394542534584,0.001966201918718,1.246764396416454,4.063468933105469,0.836302218721421,1.2518315908083626,1.1520394542534584,0.836302218721421,1.1528223673035993,0.0,pooled_embedding,True,768,9.621435165405273,-0.014244363643229008,0.346891313791275,-5.623775959014893,1.1536600589752197,0,0,cls_embedding,True,768,12.043657302856445,0.016201460734009743,0.434285968542099,-1.2117024660110474,1.7700978517532349,0,0,1369,768,0.03368696942925453,0.5513157844543457,2.075971841812134,0.9733874119640545,0.5458945099298691,0.9803073150442214,0.29240992749006645,1.3307909371497202,0.28407192805237347,0.5154342508433873,1.1113562808551882,0.6494663695303498,1.0246176971162055,0.30948941790697665,True,3.8091561502651547,0.9733874119640545,3.8091561502651547,moderate_outlier
22,patient00045/study1,patient00045/study1/view2_lateral.dcm,/home/jovyan/Desktop/MEDAGENT-X/data/raw/chexpert_plus/dicom_train/patient00045/study1/view2_lateral.dcm,True,/home/jovyan/Desktop/MEDAGENT-X/outputs/chexpert_plus/convnext_features/patient00045_study1_view2_lateral.npz,/home/jovyan/Desktop/MEDAGENT-X/outputs/chexpert_plus/raddino_features/patient00045__study1__view2_lateral.npz,ok,,,0.2560509443283081,0.3813647749347381,0.1015469878911972,0.3376565592680503,0.3449917696416378,0.4529327287867866,0.0041561354883015,2.365069683685378,0.9997881984803942,1.926141448422516,0.0002118463889928,1.923970611389947,0.0018493043333412,1.0115710841283962,3.7223658561706543,1.9244638604302184,0.0,1.923970611389947,1.9244638604302184,1.926141448422516,0.0,pooled_embedding,True,768,9.40460205078125,-0.009481579065322876,0.3392268717288971,-4.807187080383301,1.2991819381713867,0,0,cls_embedding,True,768,13.241596221923828,0.030059775337576866,0.47686848044395447,-1.3686227798461914,1.696241021156311,0,0,1369,768,0.03683141991496086,0.5725290179252625,1.839997410774231,1.272992999852074,1.4243079470716342,1.2772157852685386,0.8135353366794911,1.3382202766848994,0.8055597288817422,0.7759399528750959,1.711738201102588,3.062037886595759,1.1836991547288418,1.7741493380579456,True,2.365069683685378,3.062037886595759,3.062037886595759,
23,patient00048/study1,patient00048/study1/view1_frontal.dcm,/home/jovyan/Desktop/MEDAGENT-X/data/raw/chexpert_plus/dicom_train/patient00048/study1/view1_frontal.dcm,True,/home/jovyan/Desktop/MEDAGENT-X/outputs/chexpert_plus/convnext_features/patient00048_study1_view1_frontal.npz,/home/jovyan/Desktop/MEDAGENT-X/outputs/chexpert_plus/raddino_features/patient00048__study1__view1_frontal.npz,ok,,,0.2615649104118347,0.30289570558041184,0.09970323741436,0.2508188113267222,0.3201465234160423,0.14311985095415675,0.0103319752961397,0.5370498176614669,0.9984150431037752,0.44350052375449045,0.00158747297246,0.4436099552951975,0.0012833487782275,0.12710907924677642,4.438599109649658,0.3604101429229875,0.0,0.0,0.0,0.0,0.5370498176614669,pooled_embedding,True,768,10.870620727539062,-0.01968195289373398,0.39176565408706665,-6.962518215179443,1.0495188236236572,0,0,cls_embedding,True,768,12.901224136352539,0.025399843230843544,0.4648393988609314,-2.2132060527801514,2.034472942352295,0,0,1369,768,0.03159546107053757,0.547818660736084,2.425408124923706,0.7526541816978317,0.4569750058274574,0.7580542801134599,0.4993015388610327,0.44075103858737225,0.49775101795095383,2.4277304257669816,0.8059575619207546,0.5777462193262018,1.0289393765831847,0.34927903762769114,True,0.5370498176614669,0.7526541816978317,0.7526541816978317,
24,patient00049/study2,patient00049/study2/view1_frontal.dcm,/home/jovyan/Desktop/MEDAGENT-X/data/raw/chexpert_plus/dicom_train/patient00049/study2/view1_frontal.dcm,True,/home/jovyan/Desktop/MEDAGENT-X/outputs/chexpert_plus/convnext_features/patient00049_study2_view1_frontal.npz,/home/jovyan/Desktop/MEDAGENT-X/outputs/chexpert_plus/raddino_features/patient00049__study2__view1_frontal.npz,ok,,,0.3499137461185455,0.9543936595384056,0.105713739991188,0.5339040304625752,0.4178266152739525,1.3611617286908473,0.006124997511506,1.4398719695621751,0.9993601082241478,1.1873899157450707,0.0006403014995157,1.1865597430900612,0.0028908879188411,3.1071960083641006,4.425431251525879,0.3184030222528375,0.0,1.1865597430900612,0.0,1.1873899157450707,0.0,pooled_embedding,True,768,9.874929428100586,-0.020951086655259132,0.3557143807411194,-6.194511413574219,1.0942113399505615,0,0,cls_embedding,True,768,11.275577545166016,0.03091076761484146,0.40569648146629333,-1.6529428958892822,2.0945725440979004,0,0,1369,768,0.033652909100055695,0.5233182907104492,2.0866000652313232,0.6231258860308074,0.6910448301956381,0.6385155330143283,1.0015063238101287,1.5021152376436606,1.0156400949352016,0.5735973895128196,0.7138930176278455,0.9476978947549912,0.8798772702767148,1.023132907779498,True,3.1071960083641006,1.023132907779498,3.1071960083641006,
25,patient00049/study1,patient00049/study1/view1_frontal.dcm,/home/jovyan/Desktop/MEDAGENT-X/data/raw/chexpert_plus/dicom_train/patient00049/study1/view1_frontal.dcm,True,/home/jovyan/Desktop/MEDAGENT-X/outputs/chexpert_plus/convnext_features/patient00049_study1_view1_frontal.npz,/home/jovyan/Desktop/MEDAGENT-X/outputs/chexpert_plus/raddino_features/patient00049__study1__view1_frontal.npz,ok,,,0.3126228749752044,0.42370850302787544,0.1022397726774215,0.3702856332124441,0.3242979198694229,0.1948865378514286,0.0097879450768232,0.2814018802268534,0.9983769313778292,0.5092695889100473,0.0016257072566077,0.5094146941808435,0.0011134041359801,0.4690309691381622,4.606282234191895,0.8953403632200366,0.0,0.0,0.0,0.0,0.2814018802268534,pooled_embedding,True,768,10.900335311889648,-0.026188617572188377,0.3924591541290283,-6.703971862792969,1.0839070081710815,0,0,cls_embedding,True,768,10.043787956237793,0.02529287338256836,0.3615403175354004,-1.0653475522994995,1.1826914548873901,0,0,1369,768,0.03370189294219017,0.5305799841880798,2.260932445526123,0.7937118196358475,1.6570170381804672,0.7849193845637968,2.138702753982965,0.42014941907188175,2.145539481302233,1.5276343917225386,0.8843339588937492,0.26279892233008234,0.8239419373322602,1.538128442227852,True,0.8953403632200366,2.138702753982965,2.138702753982965,
26,patient00049/study3,patient00049/study3/view1_frontal.dcm,/home/jovyan/Desktop/MEDAGENT-X/data/raw/chexpert_plus/dicom_train/patient00049/study3/view1_frontal.dcm,True,/home/jovyan/Desktop/MEDAGENT-X/outputs/chexpert_plus/convnext_features/patient00049_study3_view1_frontal.npz,/home/jovyan/Desktop/MEDAGENT-X/outputs/chexpert_plus/raddino_features/patient00049__study3__view1_frontal.npz,ok,,,0.3323451280593872,0.7043752357649242,0.091821938753128,0.12037796133440999,0.2808302789926529,0.3471420977413983,0.0059151225723326,1.5384953427018213,0.9993959112397208,1.2491748600252155,0.0006044539040885,1.248256769969197,0.0050350863288299,7.421238292663837,4.445760726928711,0.38325660120091554,0.3471420977413983,1.248256769969197,0.0,1.2491748600252155,0.0,pooled_embedding,True,768,9.951128959655762,-0.0204185638576746,0.3584994375705719,-5.640681743621826,1.3087661266326904,0,0,cls_embedding,True,768,11.79058837890625,0.01809360645711422,0.42507126927375793,-1.3884639739990234,1.5971511602401733,0,0,1369,768,0.032481297850608826,0.524953305721283,1.846950888633728,0.5178384372572853,0.5928301884601038,0.5306267974755041,0.5260448595357641,0.96637734879929,0.5198642189123814,0.7378869235939709,1.0011077690485977,0.20644433569924037,0.9704944574629907,0.18882220846633263,True,7.421238292663837,0.5260448595357641,7.421238292663837,extreme_outlier
27,patient00055/study2,patient00055/study2/view1_frontal.dcm,/home/jovyan/Desktop/MEDAGENT-X/data/raw/chexpert_plus/dicom_train/patient00055/study2/view1_frontal.dcm,True,/home/jovyan/Desktop/MEDAGENT-X/outputs/chexpert_plus/convnext_features/patient00055_study2_view1_frontal.npz,/home/jovyan/Desktop/MEDAGENT-X/outputs/chexpert_plus/raddino_features/patient00055__study2__view1_frontal.npz,ok,,,0.6104081869125366,4.661481449241798,0.0787136554718017,0.7377574895447493,0.2205780148506164,1.0984700250350092,0.0112252300605177,0.9568035923760021,0.9986272618651312,0.07727650223784796,0.0013746251352131,0.07727914344320436,0.0024480250346801,2.2161734241119886,4.142398357391357,0.5845074454761588,1.0984700250350092,0.0,0.5845074454761588,0.0,0.9568035923760021,pooled_embedding,True,768,12.024645805358887,-0.02568700723350048,0.43314099311828613,-8.206820487976074,1.0770474672317505,0,0,cls_embedding,True,768,12.27236557006836,0.030098943039774895,0.4418167769908905,-1.5792304277420044,1.5509686470031738,0,0,1369,768,0.03176072984933853,0.5490792393684387,2.1193315982818604,2.3472093421364995,1.5645036661172715,2.360870051540986,0.08126491752882443,1.3457636929932406,0.09136823534812584,0.7527212769768528,0.9149307782012113,0.1398488262586315,0.9840007267126333,0.06447024729126935,True,4.661481449241798,2.3472093421364995,4.661481449241798,moderate_outlier
27,patient00055/study2,patient00055/study2/view2_lateral.dcm,/home/jovyan/Desktop/MEDAGENT-X/data/raw/chexpert_plus/dicom_train/patient00055/study2/view2_lateral.dcm,True,/home/jovyan/Desktop/MEDAGENT-X/outputs/chexpert_plus/convnext_features/patient00055_study2_view2_lateral.npz,/home/jovyan/Desktop/MEDAGENT-X/outputs/chexpert_plus/raddino_features/patient00055__study2__view2_lateral.npz,ok,,,0.2365416139364242,0.6590014118648817,0.1315857321023941,1.7524341721045797,0.370444968342781,0.7703265943192228,0.0068453243002295,1.1013796371924385,0.9994334797911048,1.314006573689281,0.0005668413359671,1.3129914780779193,0.0031250962551688,3.578413905712728,4.047204494476318,0.8881878199866082,0.0,1.3129914780779193,0.8881878199866082,1.314006573689281,0.0,pooled_embedding,True,768,9.319424629211426,-0.013988434337079525,0.335994690656662,-4.944181442260742,1.266478419303894,0,0,cls_embedding,True,768,10.210990905761719,0.024381553754210472,0.3676498532295227,-1.1433677673339844,1.2073991298675537,0,0,1369,768,0.033891234546899796,0.5907599329948425,2.0968217849731445,1.3906855004116054,0.5930962545821348,1.4024254130320473,1.9843398668291452,0.24463584638615843,1.9892043285797243,0.6295359296935044,1.3021954131509246,1.416333324365446,0.9297229526841282,0.5642046686852548,True,3.578413905712728,1.9843398668291452,3.578413905712728,moderate_outlier
28,patient00055/study3,patient00055/study3/view1_frontal.dcm,/home/jovyan/Desktop/MEDAGENT-X/data/raw/chexpert_plus/dicom_train/patient00055/study3/view1_frontal.dcm,True,/home/jovyan/Desktop/MEDAGENT-X/outputs/chexpert_plus/convnext_features/patient00055_study3_view1_frontal.npz,/home/jovyan/Desktop/MEDAGENT-X/outputs/chexpert_plus/raddino_features/patient00055__study3__view1_frontal.npz,ok,,,0.3152044713497162,0.46044711583176107,0.0974845141172409,0.1463204332396351,0.2803418785333633,0.35323230713008247,0.0110040698200464,0.8528770873556294,0.9981940069369472,0.8249406631612729,0.0018092605751007,0.8253269301302715,0.0013443154660293,0.004446517850678632,4.4576592445373535,0.4212143662591177,0.35323230713008247,0.0,0.0,0.0,0.8528770873556294,pooled_embedding,True,768,12.121212005615234,-0.021824069321155548,0.436841756105423,-7.782167911529541,1.0811772346496582,0,0,cls_embedding,True,768,13.890189170837402,0.02748340368270874,0.5004649758338928,-1.8585314750671387,1.739646553993225,0,0,1369,768,0.03390537202358246,0.5373731255531311,2.0138041973114014,2.4806381002303977,0.8520514202632448,2.504231808108648,1.4123207077927133,0.8420297200007041,1.4093636667245075,0.17522072829741278,0.8236945301498722,0.5064720804730035,1.0969606852805331,0.9755499183472872,True,0.8528770873556294,2.4806381002303977,2.4806381002303977,
29,patient00055/study1,patient00055/study1/view1_frontal.dcm,/home/jovyan/Desktop/MEDAGENT-X/data/raw/chexpert_plus/dicom_train/patient00055/study1/view1_frontal.dcm,True,/home/jovyan/Desktop/MEDAGENT-X/outputs/chexpert_plus/convnext_features/patient00055_study1_view1_frontal.npz,/home/jovyan/Desktop/MEDAGENT-X/outputs/chexpert_plus/raddino_features/patient00055__study1__view1_frontal.npz,ok,,,0.2535015940666199,0.41764449437126744,0.077003575861454,0.8182995498878155,0.2051282078027725,1.2911245529873332,0.0121548678725957,1.3936543054072656,0.9978846781750232,1.3587465455379633,0.0021198058966547,1.3598041474381113,0.0019160305808906,1.1458216516410669,4.009774208068848,1.0075951330861832,1.2911245529873332,0.0,1.0075951330861832,0.0,1.3936543054072656,pooled_embedding,True,768,11.47543716430664,-0.014525547623634338,0.41382932662963867,-7.466734409332275,0.9685314297676086,0,0,cls_embedding,True,768,11.525269508361816,0.025942660868167877,0.4150724411010742,-1.7723530530929565,1.5346896648406982,0,0,1369,768,0.031700391322374344,0.5275076627731323,2.1191229820251465,1.588349340236181,0.49403497636145477,1.612766365980919,0.7709890246371629,0.545293791622647,0.7757213589118219,0.7515796208609267,0.7515972951584795,0.796187226338372,0.9438054000991639,0.43454784622477166,True,1.3936543054072656,1.588349340236181,1.588349340236181,
30,patient00058/study1,patient00058/study1/view1_frontal.dcm,/home/jovyan/Desktop/MEDAGENT-X/data/raw/chexpert_plus/dicom_train/patient00058/study1/view1_frontal.dcm,True,/home/jovyan/Desktop/MEDAGENT-X/outputs/chexpert_plus/convnext_features/patient00058_study1_view1_frontal.npz,/home/jovyan/Desktop/MEDAGENT-X/outputs/chexpert_plus/raddino_features/patient00058__study1__view1_frontal.npz,ok,,,0.2861224710941314,0.04658213000318021,0.0398890227079391,2.5663366363533573,0.1096868813037872,2.481249688328209,0.0057461471296846,1.6178994306665206,0.9995842739532128,1.5742307127596284,0.0004158989468123,1.5727772888109464,0.0028266875703457,2.9780274497150057,3.208505868911743,3.563741736105833,2.481249688328209,1.5727772888109464,3.563741736105833,1.5742307127596284,0.0,pooled_embedding,True,768,11.19554328918457,-0.02032807283103466,0.4034726321697235,-7.530122756958008,1.0234438180923462,0,0,cls_embedding,True,768,11.476141929626465,0.018405646085739136,0.4137004017829895,-1.5966501235961914,1.783260703086853,0,0,1369,768,0.03232233598828316,0.5220815539360046,1.9690215587615967,1.2016105842689089,0.5761406799507307,1.2115642584239807,0.8163439356244258,0.9062807719943213,0.8108300786366971,0.069853044921592,0.7788508717693091,0.686671598948471,0.8865771829160008,0.9614469409890121,True,3.563741736105833,1.2016105842689089,3.563741736105833,moderate_outlier
30,patient00058/study1,patient00058/study1/view2_lateral.dcm,/home/jovyan/Desktop/MEDAGENT-X/data/raw/chexpert_plus/dicom_train/patient00058/study1/view2_lateral.dcm,True,/home/jovyan/Desktop/MEDAGENT-X/outputs/chexpert_plus/convnext_features/patient00058_study1_view2_lateral.npz,/home/jovyan/Desktop/MEDAGENT-X/outputs/chexpert_plus/raddino_features/patient00058__study1__view2_lateral.npz,ok,,,0.264366865158081,0.2630211800609764,0.0869514197111129,0.349771748740758,0.3003723323345184,0.10345846789816113,0.0058512999676167,1.5684865392898037,0.9995742806613724,1.5569853782633514,0.0004259006527718,1.5555634279071193,0.0014379235604241,0.1838892609143086,4.042646408081055,0.9027286878658755,0.10345846789816113,1.5555634279071193,0.9027286878658755,1.5569853782633514,0.0,pooled_embedding,True,768,9.339447975158691,-0.017163174226880074,0.33657097816467285,-3.5216567516326904,1.4531220197677612,0,0,cls_embedding,True,768,13.270546913146973,0.026996083557605743,0.478098064661026,-1.3653616905212402,1.4773650169372559,0,0,1369,768,0.03395118936896324,0.5744825601577759,1.9296931028366089,1.3630185716566603,0.007570259648981103,1.3801009383970595,0.8402628094604893,0.748175386639532,0.8370232059747719,0.2850787082709017,2.012025228590397,4.268709681713766,1.2168426921927504,2.0793012499395545,True,1.5684865392898037,4.268709681713766,4.268709681713766,moderate_outlier
31,patient00064/study1,patient00064/study1/view1_frontal.dcm,/home/jovyan/Desktop/MEDAGENT-X/data/raw/chexpert_plus/dicom_train/patient00064/study1/view1_frontal.dcm,True,/home/jovyan/Desktop/MEDAGENT-X/outputs/chexpert_plus/convnext_features/patient00064_study1_view1_frontal.npz,/home/jovyan/Desktop/MEDAGENT-X/outputs/chexpert_plus/raddino_features/patient00064__study1__view1_frontal.npz,ok,,,0.2474669516086578,0.5035232920260266,0.0791461616754531,0.7173871275203997,0.3074481151998043,0.015225546698343159,0.0094970474019646,0.14470471168434426,0.9986431871133132,0.04979444365067248,0.0013586563291028,0.04979535134853772,0.0010772813734575,0.5417085367654173,4.070577621459961,0.813624610358191,0.015225546698343159,0.0,0.813624610358191,0.0,0.14470471168434426,pooled_embedding,True,768,10.493460655212402,-0.015037495642900467,0.3783514201641083,-6.828766345977783,1.1575042009353638,0,0,cls_embedding,True,768,12.052947044372559,0.027498379349708557,0.43405306339263916,-1.8877242803573608,1.8019412755966187,0,0,1369,768,0.032605960965156555,0.5182927250862122,1.967355489730835,0.2315194583727004,0.39961499748447993,0.2384078869536909,0.28383357566479706,0.8449139252089533,0.29003167097452254,0.07897063685083944,0.7737019276486538,0.707362088634329,0.9332007674229859,0.5321844952837853,True,0.813624610358191,0.707362088634329,0.813624610358191,
32,patient00067/study4,patient00067/study4/view1_frontal.dcm,/home/jovyan/Desktop/MEDAGENT-X/data/raw/chexpert_plus/dicom_train/patient00067/study4/view1_frontal.dcm,True,/home/jovyan/Desktop/MEDAGENT-X/outputs/chexpert_plus/convnext_features/patient00067_study4_view1_frontal.npz,/home/jovyan/Desktop/MEDAGENT-X/outputs/chexpert_plus/raddino_features/patient00067__study4__view1_frontal.npz,ok,,,0.1915704756975174,1.2989841959364883,0.1094738915562629,0.7110012558904371,0.3474969556555152,0.4841716580136515,0.0089303851127624,0.12157837391064943,0.9987490246496216,0.13284844770625723,0.0012525422498583,0.1328367923526575,0.0008724333024435,0.9538547430562089,4.503548622131348,0.567607242302327,0.0,0.1328367923526575,0.0,0.13284844770625723,0.0,pooled_embedding,True,768,10.619733810424805,-0.027065277099609375,0.3822496235370636,-7.175936222076416,1.254881501197815,0,0,cls_embedding,True,768,13.160900115966797,0.029191993176937103,0.4740050435066223,-1.707764983177185,1.6877738237380981,0,0,1369,768,0.03318243846297264,0.5373796820640564,2.2222211360931396,0.4059953126142712,1.8187017619148127,0.38941817454771654,0.7390361491169208,1.1710917055585812,0.7322880641724644,1.3157860733516,0.7298915644011682,0.883409419439392,1.0445234848551146,0.49276162271167284,True,1.2989841959364883,0.883409419439392,1.2989841959364883,
33,patient00067/study3,patient00067/study3/view1_frontal.dcm,/home/jovyan/Desktop/MEDAGENT-X/data/raw/chexpert_plus/dicom_train/patient00067/study3/view1_frontal.dcm,True,/home/jovyan/Desktop/MEDAGENT-X/outputs/chexpert_plus/convnext_features/patient00067_study3_view1_frontal.npz,/home/jovyan/Desktop/MEDAGENT-X/outputs/chexpert_plus/raddino_features/patient00067__study3__view1_frontal.npz,ok,,,0.2261432558298111,0.8069801028975769,0.1223986968398094,1.3197392589464005,0.3909645937383175,1.0262002587665267,0.0088194282725453,0.17371865277494086,0.9988827764579552,0.36366274904360885,0.0011184731265529,0.3635821521365164,0.0010070172657659,0.6830771387744712,4.777625560760498,1.441947087528091,0.0,0.3635821521365164,0.0,0.36366274904360885,0.0,pooled_embedding,True,768,11.470200538635254,-0.030530015006661415,0.4127677083015442,-7.578109264373779,1.2221564054489136,0,0,cls_embedding,True,768,12.82043170928955,0.031820833683013916,0.46152180433273315,-2.1355996131896973,1.4338008165359497,0,0,1369,768,0.03430372476577759,0.5433568358421326,2.221776008605957,1.581113718889572,2.457712887433102,1.5716409362116923,0.4247134270058486,1.6773873836993898,0.4128580451942506,1.3133501053876755,0.7494468774899307,0.8048284532673864,1.018286183584095,0.25119529460973644,True,1.441947087528091,1.581113718889572,1.581113718889572,
33,patient00067/study3,patient00067/study3/view2_lateral.dcm,/home/jovyan/Desktop/MEDAGENT-X/data/raw/chexpert_plus/dicom_train/patient00067/study3/view2_lateral.dcm,True,/home/jovyan/Desktop/MEDAGENT-X/outputs/chexpert_plus/convnext_features/patient00067_study3_view2_lateral.npz,/home/jovyan/Desktop/MEDAGENT-X/outputs/chexpert_plus/raddino_features/patient00067__study3__view2_lateral.npz,ok,,,0.3692174553871155,1.229104109048892,0.2024338841438293,5.089270716080307,0.5870020724833012,3.470729683090258,0.0053723999299108,1.7935288301954238,0.999376929113706,1.2164175746577013,0.0006234593456611,1.2155466474189733,0.0369231027166756,71.57866440526311,5.000576019287109,2.1531870421779553,0.0,1.2155466474189733,0.0,1.2164175746577013,0.0,pooled_embedding,True,768,9.229377746582031,-0.018059728667140007,0.3325464427471161,-4.563579082489014,1.3785085678100586,0,0,cls_embedding,True,768,17.319486618041992,0.030398184433579445,0.6242234110832214,-2.434094190597534,1.8844001293182373,0,0,1369,768,0.0352993980050087,0.573859691619873,2.1838326454162598,1.515106298657494,0.15778373748680136,1.5360051313527086,4.578271167201185,1.4033954222875278,4.576182692598448,1.1057043862731915,1.6332344421653087,2.746578798959335,1.6902359156393356,6.437823552027198,True,71.57866440526311,6.437823552027198,71.57866440526311,extreme_outlier
34,patient00067/study1,patient00067/study1/view1_frontal.dcm,/home/jovyan/Desktop/MEDAGENT-X/data/raw/chexpert_plus/dicom_train/patient00067/study1/view1_frontal.dcm,True,/home/jovyan/Desktop/MEDAGENT-X/outputs/chexpert_plus/convnext_features/patient00067_study1_view1_frontal.npz,/home/jovyan/Desktop/MEDAGENT-X/outputs/chexpert_plus/raddino_features/patient00067__study1__view1_frontal.npz,ok,,,0.3006905317306518,0.2538997201240865,0.1243259385228157,1.4105093113984057,0.4095238372683525,1.2576285407093812,0.0095582669600844,0.17347269774153093,0.99862080708948,0.08841545094278418,0.0013810977106913,0.0884190444183403,0.0012549992683997,0.18414717029588734,4.899693012237549,1.8313575835930693,0.0,0.0,0.0,0.0,0.17347269774153093,pooled_embedding,True,768,9.092085838317871,-0.023405393585562706,0.32724645733833313,-4.944118976593018,1.4830328226089478,0,0,cls_embedding,True,768,12.021549224853516,0.016270553693175316,0.4334850609302521,-1.666702151298523,1.4200191497802734,0,0,1369,768,0.03057650849223137,0.5545598268508911,2.0893261432647705,1.7048071336018003,1.14369939627652,1.7413182574910424,0.3128202537413133,1.3174841326727555,0.3045661227151802,0.5885158992608184,1.3289104239389842,1.523684781715809,0.9527900544699671,0.3518263062614656,True,1.8313575835930693,1.7048071336018003,1.8313575835930693,
35,patient00067/study2,patient00067/study2/view1_frontal.dcm,/home/jovyan/Desktop/MEDAGENT-X/data/raw/chexpert_plus/dicom_train/patient00067/study2/view1_frontal.dcm,True,/home/jovyan/Desktop/MEDAGENT-X/outputs/chexpert_plus/convnext_features/patient00067_study2_view1_frontal.npz,/home/jovyan/Desktop/MEDAGENT-X/outputs/chexpert_plus/raddino_features/patient00067__study2__view1_frontal.npz,ok,,,0.2945148348808288,0.16601358207404704,0.131353810429573,1.7415110260392197,0.438339464366436,1.6169508946417046,0.010674268938601,0.6978987201399958,0.9982971719072652,0.646909795069766,0.0017057326622307,0.6471458179256095,0.0014456725844998,0.1994799904703487,4.941018581390381,1.9631913377121792,0.0,0.0,0.0,0.0,0.6978987201399958,pooled_embedding,True,768,9.511383056640625,-0.0181190874427557,0.34273388981819153,-5.853105545043945,0.9678770899772644,0,0,cls_embedding,True,768,12.06882381439209,0.021924516186118126,0.43494391441345215,-1.8103008270263672,1.780552625656128,0,0,1369,768,0.032632917165756226,0.5428580641746521,1.9479483366012573,1.1254501022128236,0.16873143945824554,1.1413594023163318,0.26917603483869246,0.22857182782578536,0.2672359402734502,0.18517662200321167,1.1980463928768492,0.9978214548874937,0.9299929789674549,0.5617185418888871,True,1.9631913377121792,1.1254501022128236,1.9631913377121792,
36,patient00068/study1,patient00068/study1/view1_frontal.dcm,/home/jovyan/Desktop/MEDAGENT-X/data/raw/chexpert_plus/dicom_train/patient00068/study1/view1_frontal.dcm,True,/home/jovyan/Desktop/MEDAGENT-X/outputs/chexpert_plus/convnext_features/patient00068_study1_view1_frontal.npz,/home/jovyan/Desktop/MEDAGENT-X/outputs/chexpert_plus/raddino_features/patient00068__study1__view1_frontal.npz,ok,,,0.2728303968906402,0.14257693930134346,0.1048904210329055,0.49512700229480683,0.3714285772293806,0.7825919064458232,0.0112756667658686,0.980504554631655,0.9980043989097168,1.1521455426942353,0.0019995914772152,1.1529040142762954,0.0014234197434521,0.15470815556068662,4.359979152679443,0.10960260926906795,0.0,0.0,0.0,0.0,0.980504554631655,pooled_embedding,True,768,10.306680679321289,-0.024184921756386757,0.37112313508987427,-6.480683326721191,1.1809998750686646,0,0,cls_embedding,True,768,11.692265510559082,0.01786826364696026,0.42152976989746094,-1.7625012397766113,2.0683372020721436,0,0,1369,768,0.03130482882261276,0.5319603085517883,2.0284130573272705,0.0265606996308369,1.2874699172148036,0.04160454529767055,0.6168171926466819,1.0097767450796369,0.610486628466795,0.25516797040856154,0.9760371869758028,0.10570084195753723,0.9296110051347183,0.5652353676192504,True,1.1529040142762954,0.6168171926466819,1.1529040142762954,
37,patient00070/study1,patient00070/study1/view1_frontal.dcm,/home/jovyan/Desktop/MEDAGENT-X/data/raw/chexpert_plus/dicom_train/patient00070/study1/view1_frontal.dcm,True,/home/jovyan/Desktop/MEDAGENT-X/outputs/chexpert_plus/convnext_features/patient00070_study1_view1_frontal.npz,/home/jovyan/Desktop/MEDAGENT-X/outputs/chexpert_plus/raddino_features/patient00070__study1__view1_frontal.npz,ok,,,0.2501624226570129,0.4651641324969432,0.07374969124794,0.9715523980623705,0.1929143965244293,1.443427170038875,0.0059661148115992,1.5145333267497356,0.9994641378181268,1.3669128571679219,0.0005361494841054,1.3658149934829433,0.0010873273550098,0.5214964197327667,4.023042678833008,0.9652670454610667,1.443427170038875,1.3658149934829433,0.9652670454610667,1.3669128571679219,0.0,pooled_embedding,True,768,11.409646034240723,-0.02400306798517704,0.41100987792015076,-6.946709156036377,1.204454779624939,0,0,cls_embedding,True,768,13.287543296813965,0.03317166492342949,0.4783240854740143,-1.29230797290802,1.6502091884613037,0,0,1369,768,0.031445980072021484,0.5401070713996887,2.259819507598877,1.4974435289379624,1.2539301268647334,1.5035453429244459,0.8559539851334131,1.9375477157313434,0.8428067875898171,1.5215438194378037,1.5130104385911576,2.2634713020329684,1.1225421339599497,1.211077824254306,True,1.5145333267497356,2.2634713020329684,2.2634713020329684,
38,patient00076/study1,patient00076/study1/view1_frontal.dcm,/home/jovyan/Desktop/MEDAGENT-X/data/raw/chexpert_plus/dicom_train/patient00076/study1/view1_frontal.dcm,True,/home/jovyan/Desktop/MEDAGENT-X/outputs/chexpert_plus/convnext_features/patient00076_study1_view1_frontal.npz,/home/jovyan/Desktop/MEDAGENT-X/outputs/chexpert_plus/raddino_features/patient00076__study1__view1_frontal.npz,ok,,,0.3453100323677063,0.8888783610890147,0.0768033266067504,0.8277309748684988,0.2202686220407486,1.102328061938146,0.0112138548865914,0.9514582280029126,0.9979654823519664,1.2193034989083298,0.0020386653486639,1.220153760551137,0.001591382968346,0.49264351220681707,4.158990383148193,0.5315768001443268,1.102328061938146,0.0,0.5315768001443268,0.0,0.9514582280029126,pooled_embedding,True,768,10.05190372467041,-0.02247331105172634,0.36201995611190796,-6.774650573730469,1.0039722919464111,0,0,cls_embedding,True,768,13.210967063903809,0.024645015597343445,0.4760722517967224,-1.7863514423370361,1.599766731262207,0,0,1369,768,0.03307737782597542,0.5245508551597595,1.868942379951477,0.3785945640654843,0.9717928552910035,0.39424742817538133,0.7852582920668048,0.295376692863871,0.7851852628995212,0.6175381024775063,1.0524419718932916,0.4127254235496753,1.0688364636240393,0.7166107505530613,True,1.220153760551137,0.7852582920668048,1.220153760551137,
39,patient00078/study6,patient00078/study6/view1_frontal.dcm,/home/jovyan/Desktop/MEDAGENT-X/data/raw/chexpert_plus/dicom_train/patient00078/study6/view1_frontal.dcm,True,/home/jovyan/Desktop/MEDAGENT-X/outputs/chexpert_plus/convnext_features/patient00078_study6_view1_frontal.npz,/home/jovyan/Desktop/MEDAGENT-X/outputs/chexpert_plus/raddino_features/patient00078__study6__view1_frontal.npz,ok,,,0.3369780778884887,0.7703065918791726,0.0834511443972587,0.5146292114225498,0.2947496920824051,0.17357113016392006,0.0092869894579052,0.045995341811455905,0.9986805447272218,0.014673257095651818,0.0013211985351517,0.01467297609974131,0.0015022191874359,0.31324951616508967,4.141282081604004,0.5880685053888447,0.17357113016392006,0.01467297609974131,0.5880685053888447,0.014673257095651818,0.045995341811455905,pooled_embedding,True,768,10.491914749145508,-0.02256825752556324,0.37792110443115234,-6.423617362976074,1.128692388534546,0,0,cls_embedding,True,768,12.0725736618042,0.02703649364411831,0.4347916841506958,-1.6209924221038818,1.177903413772583,0,0,1369,768,0.03298138082027435,0.5440435409545898,2.1195321083068848,0.22938342810446996,0.9893040941604774,0.2217381300495905,0.26571415049653463,0.7559580771859209,0.27113131670932195,0.7538185715979886,0.9806586614455347,0.12427175040182516,0.9824752625637425,0.07851516636630074,True,0.7703065918791726,0.26571415049653463,0.7703065918791726,
40,patient00078/study7,patient00078/study7/view1_frontal.dcm,/home/jovyan/Desktop/MEDAGENT-X/data/raw/chexpert_plus/dicom_train/patient00078/study7/view1_frontal.dcm,True,/home/jovyan/Desktop/MEDAGENT-X/outputs/chexpert_plus/convnext_features/patient00078_study7_view1_frontal.npz,/home/jovyan/Desktop/MEDAGENT-X/outputs/chexpert_plus/raddino_features/patient00078__study7__view1_frontal.npz,ok,,,0.2583647072315216,0.3484376914214484,0.095987319946289,0.0758049423043463,0.3306471370160579,0.27405939926412,0.0091819129884243,0.0033816628877548893,0.9987274349495148,0.09559129501190032,0.0012741865357384,0.0955849747116065,0.0012646015217285,0.16482781687596867,4.215091228485107,0.35260805992761546,0.0,0.0955849747116065,0.35260805992761546,0.09559129501190032,0.0,pooled_embedding,True,768,11.188664436340332,-0.018891893327236176,0.4032939076423645,-7.403636932373047,1.2546778917312622,0,0,cls_embedding,True,768,13.515035629272461,0.02869236469268799,0.4868370592594147,-1.949432373046875,1.5235264301300049,0,0,1369,768,0.031436070799827576,0.5329517126083374,1.9553745985031128,1.1921058425509903,0.31126215066843377,1.2046407504141539,1.065976435955222,1.0748668712003804,1.0606428267742112,0.14453627377593642,0.7292278895560609,0.8860763269092887,1.0935802542560145,0.9444263549304651,True,0.35260805992761546,1.1921058425509903,1.1921058425509903,
41,patient00078/study9,patient00078/study9/view1_frontal.dcm,/home/jovyan/Desktop/MEDAGENT-X/data/raw/chexpert_plus/dicom_train/patient00078/study9/view1_frontal.dcm,True,/home/jovyan/Desktop/MEDAGENT-X/outputs/chexpert_plus/convnext_features/patient00078_study9_view1_frontal.npz,/home/jovyan/Desktop/MEDAGENT-X/outputs/chexpert_plus/raddino_features/patient00078__study9__view1_frontal.npz,ok,,,0.3334624469280243,0.7202757637090327,0.0998767539858818,0.2589911689698785,0.325274720788002,0.2070669566287955,0.0096530662849545,0.21802031846687045,0.9985794498151848,0.15978532990439132,0.0014225710183382,0.1597984422876865,0.001196776081549,0.3012899164291221,4.352313995361328,0.08514979504590442,0.0,0.0,0.0,0.0,0.21802031846687045,pooled_embedding,True,768,10.748794555664062,-0.02215360291302204,0.3872305154800415,-7.262077808380127,1.1527347564697266,0,0,cls_embedding,True,768,12.486855506896973,0.015613502822816372,0.45030999183654785,-1.8695985078811646,1.9593256711959839,0,0,1369,768,0.030029263347387314,0.5442877411842346,2.005901336669922,0.5843228735023797,0.9128282054296183,0.5823701200521973,0.11675363422864574,1.4440273806227206,0.12596219800678848,0.13197218512643896,0.785310896664536,0.6607126692469641,0.9847014018989974,0.05801914432859286,True,0.7202757637090327,0.6607126692469641,0.7202757637090327,
42,patient00078/study5,patient00078/study5/view1_frontal.dcm,/home/jovyan/Desktop/MEDAGENT-X/data/raw/chexpert_plus/dicom_train/patient00078/study5/view1_frontal.dcm,True,/home/jovyan/Desktop/MEDAGENT-X/outputs/chexpert_plus/convnext_features/patient00078_study5_view1_frontal.npz,/home/jovyan/Desktop/MEDAGENT-X/outputs/chexpert_plus/raddino_features/patient00078__study5__view1_frontal.npz,ok,,,0.3144814968109131,0.45015848903076544,0.1105663850903511,0.7624559832695037,0.4065934084355831,1.221086959204397,0.0101596293970942,0.4560619018216969,0.9984141471088752,0.4450467341527516,0.0015883718151599,0.44515694670577793,0.0011179766375652,0.45983127703352517,4.561262130737305,0.7517205808209195,0.0,0.0,0.0,0.0,0.4560619018216969,pooled_embedding,True,768,11.157052993774414,-0.025402912870049477,0.4017932116985321,-7.443155765533447,1.2934229373931885,0,0,cls_embedding,True,768,11.377233505249023,0.019482014700770378,0.4100780487060547,-1.9536151885986328,1.2912912368774414,0,0,1369,768,0.03287189081311226,0.5586580634117126,2.346747398376465,1.1484272519889704,1.5121073626125454,1.1465061421375438,0.907656857999353,0.6989799575793738,0.9035214302957543,1.997258223070814,0.8207737322695717,0.5182089991500585,0.9106777249642074,0.7395537139488458,True,1.221086959204397,1.1484272519889704,1.221086959204397,
43,patient00078/study4,patient00078/study4/view1_frontal.dcm,/home/jovyan/Desktop/MEDAGENT-X/data/raw/chexpert_plus/dicom_train/patient00078/study4/view1_frontal.dcm,True,/home/jovyan/Desktop/MEDAGENT-X/outputs/chexpert_plus/convnext_features/patient00078_study4_view1_frontal.npz,/home/jovyan/Desktop/MEDAGENT-X/outputs/chexpert_plus/raddino_features/patient00078__study4__view1_frontal.npz,ok,,,0.1911568790674209,1.3048700759292429,0.0890775397419929,0.24963483886384327,0.2913309019058943,0.21620243329826244,0.0110379345715045,0.8687906406006599,0.9982322698879228,0.7589106303222536,0.0017708605155348,0.7592368764191623,0.0013184046237136,0.05657810644388917,4.23169469833374,0.2996409065061191,0.21620243329826244,0.0,0.2996409065061191,0.0,0.8687906406006599,pooled_embedding,True,768,10.824217796325684,-0.02225104719400406,0.3899509608745575,-7.227653980255127,1.1750414371490479,0,0,cls_embedding,True,768,12.260011672973633,0.019777581095695496,0.44195273518562317,-1.4754832983016968,1.5617153644561768,0,0,1369,768,0.03201289102435112,0.5460242033004761,2.253751277923584,0.6885376951085116,0.9308001217292324,0.6877559098906206,0.09267011838546543,0.6420560065034793,0.08788924018359044,1.4883353263377457,0.6295713766418997,1.2865355286915359,0.9579552915666826,0.304270067670431,True,1.3048700759292429,1.2865355286915359,1.3048700759292429,
44,patient00078/study1,patient00078/study1/view1_frontal.dcm,/home/jovyan/Desktop/MEDAGENT-X/data/raw/chexpert_plus/dicom_train/patient00078/study1/view1_frontal.dcm,True,/home/jovyan/Desktop/MEDAGENT-X/outputs/chexpert_plus/convnext_features/patient00078_study1_view1_frontal.npz,/home/jovyan/Desktop/MEDAGENT-X/outputs/chexpert_plus/raddino_features/patient00078__study1__view1_frontal.npz,ok,,,0.296951025724411,0.20068293356616967,0.09389029443264,0.022961661565589465,0.3025641068816185,0.07612768703844672,0.0120438151061534,1.3414689493749286,0.9976689625171774,1.7310051301024052,0.0023364839144051,1.7327270541478,0.0020046157653368,1.3240515345115584,4.427300453186035,0.32436601023136324,0.07612768703844672,0.0,0.0,0.0,1.3414689493749286,pooled_embedding,True,768,10.712389945983887,-0.021393587812781334,0.38595762848854065,-6.7519049644470215,1.2390347719192505,0,0,cls_embedding,True,768,11.459235191345215,0.017577147111296654,0.41312575340270996,-1.495153546333313,1.4074203968048096,0,0,1369,768,0.031780097633600235,0.5414758920669556,2.204561948776245,0.534021403157432,0.7726565336771276,0.5330604734609493,0.8319523500745208,1.0658436854288516,0.82553459085997,1.2191458617008417,0.9156147441409559,0.13710038116189907,0.9205598657700105,0.6485690336425318,True,1.7327270541478,0.8319523500745208,1.7327270541478,
45,patient00078/study8,patient00078/study8/view1_frontal.dcm,/home/jovyan/Desktop/MEDAGENT-X/data/raw/chexpert_plus/dicom_train/patient00078/study8/view1_frontal.dcm,True,/home/jovyan/Desktop/MEDAGENT-X/outputs/chexpert_plus/convnext_features/patient00078_study8_view1_frontal.npz,/home/jovyan/Desktop/MEDAGENT-X/outputs/chexpert_plus/raddino_features/patient00078__study8__view1_frontal.npz,ok,,,0.3712899386882782,1.2585975505084752,0.101870872080326,0.35291099522946867,0.3032967001199722,0.06699246586196039,0.0093668336048722,0.08351530074679708,0.9986397778593604,0.05567776275494388,0.0013620748650282,0.05567896781885332,0.0015273679461542,0.3638478227410956,4.31876802444458,0.021866063953397463,0.06699246586196039,0.0,0.021866063953397463,0.0,0.08351530074679708,pooled_embedding,True,768,10.54300594329834,-0.017074720934033394,0.3800545930862427,-6.555900573730469,0.9951386451721191,0,0,cls_embedding,True,768,12.07324504852295,0.013496801257133484,0.4354465901851654,-1.6774728298187256,1.3117765188217163,0,0,1369,768,0.028951793909072876,0.5605520009994507,2.3652637004852295,0.29997784485950313,0.02388394331974618,0.30438613595379005,0.2650943217638594,1.851688800987268,0.25437311444262634,2.0985890104207203,1.0949578121442165,0.5835708500262378,0.9817922179476138,0.08480394500796123,True,1.2585975505084752,0.5835708500262378,1.2585975505084752,
46,patient00078/study3,patient00078/study3/view1_frontal.dcm,/home/jovyan/Desktop/MEDAGENT-X/data/raw/chexpert_plus/dicom_train/patient00078/study3/view1_frontal.dcm,True,/home/jovyan/Desktop/MEDAGENT-X/outputs/chexpert_plus/convnext_features/patient00078_study3_view1_frontal.npz,/home/jovyan/Desktop/MEDAGENT-X/outputs/chexpert_plus/raddino_features/patient00078__study3__view1_frontal.npz,ok,,,0.2668072283267975,0.2282924523475693,0.0991272702813148,0.22369166513735977,0.3516483567655086,0.5359384029775083,0.0115585764870047,1.1134480642394715,0.9980512246153248,1.0713388406451958,0.0019525805255398,1.0719938189182505,0.0014161037409159,0.13998864819318702,4.330826282501221,0.016601293189704214,0.0,0.0,0.0,0.0,1.1134480642394715,pooled_embedding,True,768,10.5402193069458,-0.024522004649043083,0.37954607605934143,-6.3481292724609375,1.1552118062973022,0,0,cls_embedding,True,768,11.162718772888184,0.01524292305111885,0.4025113880634308,-1.6276992559432983,1.146281123161316,0,0,1369,768,0.03126367926597595,0.5513979196548462,2.192969560623169,0.2961274559367583,1.3496390406543748,0.28468698351562505,1.1056983011588821,1.5153983658092143,1.0971425344824517,1.1557063146510607,1.1840932675036309,0.9417522900538863,0.8785662559534877,1.0352033914347978,True,1.1134480642394715,1.1056983011588821,1.1134480642394715,
47,patient00078/study2,patient00078/study2/view1_frontal.dcm,/home/jovyan/Desktop/MEDAGENT-X/data/raw/chexpert_plus/dicom_train/patient00078/study2/view1_frontal.dcm,True,/home/jovyan/Desktop/MEDAGENT-X/outputs/chexpert_plus/convnext_features/patient00078_study2_view1_frontal.npz,/home/jovyan/Desktop/MEDAGENT-X/outputs/chexpert_plus/raddino_features/patient00078__study2__view1_frontal.npz,ok,,,0.2251306474208831,0.82139049974538,0.0971498414874076,0.13055787868714502,0.313308922573924,0.05785698919249207,0.0132057601585984,1.887484309409744,0.9975308941235422,1.9692685241507224,0.0024752174504101,1.9715002995477808,0.0023973625810856,2.114242573862833,4.292982578277588,0.10412487464899878,0.0,0.0,0.10412487464899878,0.0,1.887484309409744,pooled_embedding,True,768,10.321041107177734,-0.01860557310283184,0.3719634413719177,-6.196337699890137,1.1900173425674438,0,0,cls_embedding,True,768,12.38381576538086,0.02083609253168106,0.4463764429092407,-1.617553949356079,1.386685848236084,0,0,1369,768,0.032714083790779114,0.5393314361572266,2.1905417442321777,0.006718414757910448,0.25845532551641653,0.009052397249466791,0.021626652095267946,0.43819435568697523,0.0253077451841893,1.1424200469613746,1.0172421544230699,0.2712786641276653,0.9797746787031539,0.10337939002234847,True,2.114242573862833,0.2712786641276653,2.114242573862833,
48,patient00079/study1,patient00079/study1/view1_frontal.dcm,/home/jovyan/Desktop/MEDAGENT-X/data/raw/chexpert_plus/dicom_train/patient00079/study1/view1_frontal.dcm,True,/home/jovyan/Desktop/MEDAGENT-X/outputs/chexpert_plus/convnext_features/patient00079_study1_view1_frontal.npz,/home/jovyan/Desktop/MEDAGENT-X/outputs/chexpert_plus/raddino_features/patient00079__study1__view1_frontal.npz,ok,,,0.4417214393615722,2.2609059121020296,0.1610260009765625,3.139024537740971,0.4739099442958832,2.060504267096386,0.0059618246741592,1.5165493265028835,0.999276763921684,1.0435633971857934,0.0007237595273181,1.0429207591291625,0.0253400417012144,48.274004365624116,5.233305931091309,2.8956246806164887,0.0,1.0429207591291625,0.0,1.0435633971857934,0.0,pooled_embedding,True,768,11.96080207824707,-0.0245959535241127,0.4308968484401703,-7.931074142456055,1.1378989219665527,0,0,cls_embedding,True,768,12.43642520904541,0.023104140534996986,0.4481656849384308,-1.4547349214553833,1.3183462619781494,0,0,1369,768,0.03189634904265404,0.5376611351966858,1.9317528009414673,2.2589943228233067,1.363277634728942,2.273935404776275,0.07019604419474303,0.0013847054855524801,0.07109214516078102,0.2738069743446326,0.8867648984528038,0.25303044772733957,1.0412299843488524,0.4624384269042439,True,48.274004365624116,2.2589943228233067,48.274004365624116,extreme_outlier
48,patient00079/study1,patient00079/study1/view2_lateral.dcm,/home/jovyan/Desktop/MEDAGENT-X/data/raw/chexpert_plus/dicom_train/patient00079/study1/view2_lateral.dcm,True,/home/jovyan/Desktop/MEDAGENT-X/outputs/chexpert_plus/convnext_features/patient00079_study1_view2_lateral.npz,/home/jovyan/Desktop/MEDAGENT-X/outputs/chexpert_plus/raddino_features/patient00079__study1__view2_lateral.npz,ok,,,0.2461206167936325,0.5226829383448512,0.1546191722154617,2.837272978596101,0.4412698438391089,1.6534918606408728,0.0037850053049623,2.5394693080474195,0.9996939921535763,1.7635704314251974,0.0003061015158891,1.7617488213837764,0.0099166890211188,17.24282958364691,4.575003623962402,0.7955576694854997,0.0,1.7617488213837764,0.0,1.7635704314251974,0.0,pooled_embedding,True,768,10.557692527770996,-0.013220123946666718,0.3807384669780731,-6.015648365020752,1.4095817804336548,0,0,cls_embedding,True,768,12.88125991821289,0.023587172850966454,0.4642135500907898,-1.5630300045013428,1.509725570678711,0,0,1369,768,0.035083986818790436,0.5874763131141663,1.904036045074463,0.3202707912695886,0.7347978494778985,0.33087833843861525,0.4808704384493512,0.09164382683216318,0.4817363536687874,0.4254874059065728,1.3759161521863061,1.7125723502516423,1.190610688011535,1.8377836920415498,True,17.24282958364691,1.8377836920415498,17.24282958364691,extreme_outlier
49,patient00082/study1,patient00082/study1/view1_frontal.dcm,/home/jovyan/Desktop/MEDAGENT-X/data/raw/chexpert_plus/dicom_train/patient00082/study1/view1_frontal.dcm,True,/home/jovyan/Desktop/MEDAGENT-X/outputs/chexpert_plus/convnext_features/patient00082_study1_view1_frontal.npz,/home/jovyan/Desktop/MEDAGENT-X/outputs/chexpert_plus/raddino_features/patient00082__study1__view1_frontal.npz,ok,,,0.5426168441772461,3.696745088129441,0.214039921760559,5.6358968359487704,0.6552188396453857,4.3213726092670655,0.0138536868616938,2.191954758612462,0.9962794062407232,4.128949988677065,0.0037344882730394,4.138821841369261,0.0011995195825001,0.29577010116625957,5.616303443908691,4.1174348327348,0.0,0.0,0.0,0.0,2.191954758612462,pooled_embedding,True,768,12.425292015075684,-0.024032948538661003,0.44771453738212585,-8.064177513122559,1.1092897653579712,0,0,cls_embedding,True,768,12.43052864074707,0.02074967324733734,0.44806787371635437,-1.4588184356689453,1.5652644634246826,0,0,1369,768,0.03194338083267212,0.5584927201271057,2.244947910308838,2.9007956493084603,1.2594410793884532,2.925426309897064,0.06475229269739771,0.45483808514492674,0.06858928191439673,1.4401587429955116,0.9912693952466678,0.1669098667082393,1.0374762757943066,0.42787810444882296,True,5.6358968359487704,2.9007956493084603,5.6358968359487704,moderate_outlier
49,patient00082/study1,patient00082/study1/view2_lateral.dcm,/home/jovyan/Desktop/MEDAGENT-X/data/raw/chexpert_plus/dicom_train/patient00082/study1/view2_lateral.dcm,True,/home/jovyan/Desktop/MEDAGENT-X/outputs/chexpert_plus/convnext_features/patient00082_study1_view2_lateral.npz,/home/jovyan/Desktop/MEDAGENT-X/outputs/chexpert_plus/raddino_features/patient00082__study1__view2_lateral.npz,ok,,,0.321184903383255,0.5455544467256884,0.21172596514225,5.5269131181994045,0.5736753232777119,3.3045490589963076,0.0097770206630229,0.2762683347792535,0.9980187401857282,1.1273969307382572,0.001985192997381,1.1281228989249634,0.0013571184704677,0.021312620042546103,4.917245388031006,1.8873518661159092,0.0,0.0,0.0,0.0,0.2762683347792535,pooled_embedding,True,768,10.167404174804688,-0.021616831421852112,0.3662472069263458,-5.99312162399292,1.0326416492462158,0,0,cls_embedding,True,768,14.029545783996582,0.022795677185058594,0.5057341456413269,-1.6826817989349365,1.9277030229568481,0,0,1369,768,0.03570542111992836,0.6034035682678223,2.1387548446655273,0.21900371778809052,0.8138299654702587,0.23049035853424907,1.5409756699957025,0.06079251686765571,1.544194938331372,0.8590153327438822,1.367629192720063,1.6792720763808113,1.3178903986695238,3.009645539719015,True,5.5269131181994045,3.009645539719015,5.5269131181994045,moderate_outlier
50,patient00087/study3,patient00087/study3/view1_frontal.dcm,/home/jovyan/Desktop/MEDAGENT-X/data/raw/chexpert_plus/dicom_train/patient00087/study3/view1_frontal.dcm,True,/home/jovyan/Desktop/MEDAGENT-X/outputs/chexpert_plus/convnext_features/patient00087_study3_view1_frontal.npz,/home/jovyan/Desktop/MEDAGENT-X/outputs/chexpert_plus/raddino_features/patient00087__study3__view1_frontal.npz,ok,,,0.4080357551574707,1.7815260519399252,0.1054776608943939,0.5227850762661324,0.3401709645986557,0.3928187146097933,0.0055794310756027,1.696241798149015,0.9994483213271192,1.3396184798656405,0.0005519831902347,1.3385637209494854,0.0001917402331366,2.3233822410432428,4.656731605529785,1.056280191824121,0.0,1.3385637209494854,0.0,1.3396184798656405,0.0,pooled_embedding,True,768,11.930931091308594,-0.026545194908976555,0.4297012388706207,-8.55996036529541,1.1176458597183228,0,0,cls_embedding,True,768,11.861222267150879,0.023191774263978004,0.4273761808872223,-1.7426142692565918,1.3792719841003418,0,0,1369,768,0.0306420736014843,0.5028489232063293,1.6757956743240356,2.217720578183261,1.722781575478239,2.2276193643663644,0.4608351790164561,0.015492917230580442,0.46088449817034566,1.6745368293455973,0.8506659434314798,0.39809029670544305,0.9514281725105801,0.3643651272644006,True,2.3233822410432428,2.217720578183261,2.3233822410432428,
50,patient00087/study3,patient00087/study3/view2_frontal.dcm,/home/jovyan/Desktop/MEDAGENT-X/data/raw/chexpert_plus/dicom_train/patient00087/study3/view2_frontal.dcm,True,/home/jovyan/Desktop/MEDAGENT-X/outputs/chexpert_plus/convnext_features/patient00087_study3_view2_frontal.npz,/home/jovyan/Desktop/MEDAGENT-X/outputs/chexpert_plus/raddino_features/patient00087__study3__view2_frontal.npz,ok,,,0.4088348746299743,1.792898294779361,0.1037778258323669,0.44272551803819676,0.3096459209918976,0.012180442004001434,0.0054742810316383,1.7456533765985185,0.9994876144742978,1.4074263130931202,0.0005126481992192,1.4062628781468594,0.000208201238843,2.2902633494664695,4.6509623527526855,1.0378755511220334,0.0,1.4062628781468594,0.0,1.4074263130931202,0.0,pooled_embedding,True,768,11.965514183044434,-0.025566749274730682,0.4310106933116913,-8.45838737487793,1.1202775239944458,0,0,cls_embedding,True,768,12.481414794921875,0.022021882236003876,0.449845552444458,-1.4277124404907227,1.421138882637024,0,0,1369,768,0.029889782890677452,0.5095838308334351,1.8260189294815063,2.2655051960838413,1.542324160582492,2.2783455766284573,0.11173073235377026,0.20981983045628153,0.11407779190329889,0.8524374363913777,0.8464331610373528,0.4150992869791656,1.0035059146955443,0.11511364326588387,True,2.2902633494664695,2.2655051960838413,2.2902633494664695,
50,patient00087/study3,patient00087/study3/view3_lateral.dcm,/home/jovyan/Desktop/MEDAGENT-X/data/raw/chexpert_plus/dicom_train/patient00087/study3/view3_lateral.dcm,True,/home/jovyan/Desktop/MEDAGENT-X/outputs/chexpert_plus/convnext_features/patient00087_study3_view3_lateral.npz,/home/jovyan/Desktop/MEDAGENT-X/outputs/chexpert_plus/raddino_features/patient00087__study3__view3_lateral.npz,ok,,,0.2825221419334411,0.004654035459034794,0.128927394747734,1.6272306632528906,0.428571430966258,1.495146404921786,0.0052171116694808,1.8665011065087052,0.9995631172202863,1.5377207276622933,0.0004370737296994,1.5363335292400047,0.0001594278886016,2.3883933985832666,4.632401943206787,0.9786655143679174,0.0,1.5363335292400047,0.0,1.5377207276622933,0.0,pooled_embedding,True,768,10.019280433654785,-0.01968485862016678,0.3610033690929413,-4.988165855407715,1.441575288772583,0,0,cls_embedding,True,768,12.091472625732422,0.020875154063105583,0.4358137845993042,-1.751071810722351,1.5090620517730713,0,0,1369,768,0.03603203594684601,0.5570405721664429,1.9803498983383179,0.42367125957173135,0.457510916931871,0.4336284156229724,0.24826649993485062,0.4306713871021252,0.244977082127361,0.007858508327111812,1.639218158662034,2.7706237335240624,1.0748652837438284,0.7721179814256648,True,2.3883933985832666,2.7706237335240624,2.7706237335240624,
51,patient00087/study1,patient00087/study1/view1_frontal.dcm,/home/jovyan/Desktop/MEDAGENT-X/data/raw/chexpert_plus/dicom_train/patient00087/study1/view1_frontal.dcm,True,/home/jovyan/Desktop/MEDAGENT-X/outputs/chexpert_plus/convnext_features/patient00087_study1_view1_frontal.npz,/home/jovyan/Desktop/MEDAGENT-X/outputs/chexpert_plus/raddino_features/patient00087__study1__view1_frontal.npz,ok,,,0.3029371201992035,0.2858708464746974,0.0824899226427078,0.5599012444259523,0.2564102560281753,0.6516525671755715,0.0093327462673187,0.0674971509661867,0.9986004698501209,0.12351124330842947,0.0014014915795996,0.12351877881364225,0.0012126274203775,0.2693976504660726,4.287574768066406,0.12137646818585089,0.6516525671755715,0.0,0.12137646818585089,0.0,0.0674971509661867,pooled_embedding,True,768,11.132476806640625,-0.018979951739311218,0.40126001834869385,-7.53914213180542,0.9988296627998352,0,0,cls_embedding,True,768,10.697745323181152,0.024180633947253227,0.3852635622024536,-1.6772282123565674,1.1212953329086304,0,0,1369,768,0.030855383723974228,0.5137902498245239,1.9083681106567383,1.1144695098468989,0.3275030053942401,1.1258510676329894,1.5349649160781258,0.20594014397279706,1.5384921926407986,0.40178010119071333,0.9137888088023246,0.14443771002111885,0.8448565331867299,1.3455681605086065,True,0.6516525671755715,1.5349649160781258,1.5349649160781258,
52,patient00087/study2,patient00087/study2/view1_frontal.dcm,/home/jovyan/Desktop/MEDAGENT-X/data/raw/chexpert_plus/dicom_train/patient00087/study2/view1_frontal.dcm,True,/home/jovyan/Desktop/MEDAGENT-X/outputs/chexpert_plus/convnext_features/patient00087_study2_view1_frontal.npz,/home/jovyan/Desktop/MEDAGENT-X/outputs/chexpert_plus/raddino_features/patient00087__study2__view1_frontal.npz,ok,,,0.2765892148017883,0.08908532566205213,0.0900297239422798,0.2047884604536423,0.2625152617692947,0.5755249498170284,0.0099885882809758,0.37568712299577195,0.9984615075346576,0.36331727027346994,0.0015408630715683,0.3633900054246659,0.0012380810125347,0.21818603108330517,4.392165660858154,0.21228161145031452,0.5755249498170284,0.0,0.0,0.0,0.37568712299577195,pooled_embedding,True,768,10.848772048950195,-0.02171526849269867,0.39086857438087463,-7.509309768676758,0.9437365531921387,0,0,cls_embedding,True,768,11.389896392822266,0.024672619998455048,0.4102562665939331,-1.53949773311615,1.4289443492889404,0,0,1369,768,0.02995089255273342,0.5145460963249207,1.84942626953125,0.7224651296033473,0.8319849847305475,0.7233028186154112,0.8959663950555149,0.30069310097161395,0.8989610639906421,0.7243403583098537,0.6510259448691152,1.200322605766429,0.8765461875981024,1.0538021219248248,True,0.5755249498170284,1.200322605766429,1.200322605766429,
53,patient00089/study1,patient00089/study1/view1_frontal.dcm,/home/jovyan/Desktop/MEDAGENT-X/data/raw/chexpert_plus/dicom_train/patient00089/study1/view1_frontal.dcm,True,/home/jovyan/Desktop/MEDAGENT-X/outputs/chexpert_plus/convnext_features/patient00089_study1_view1_frontal.npz,/home/jovyan/Desktop/MEDAGENT-X/outputs/chexpert_plus/raddino_features/patient00089__study1__view1_frontal.npz,ok,,,0.3389574885368347,0.7984755194882474,0.136105328798294,1.9653000688761797,0.4673539474606514,1.9787529240772006,0.0046486547216773,2.133627529024207,0.9995494841409291,1.514194244348815,0.0004507189150899,1.5128489032901786,0.0170409513241964,31.576563195584402,5.0246405601501465,2.229955948890266,0.0,1.5128489032901786,0.0,1.514194244348815,0.0,pooled_embedding,True,768,10.237369537353516,-0.01360058318823576,0.36915886402130127,-5.676117420196533,1.1956775188446045,0,0,cls_embedding,True,768,14.02364730834961,0.027831628918647766,0.5052688121795654,-1.8463633060455322,2.0523579120635986,0,0,1369,768,0.031433556228876114,0.5553876757621765,1.8675261735916138,0.12233022944851181,0.6646287069075376,0.11769732717655795,1.5355301576212756,0.9090953831963018,1.5322876541360506,0.625288316567336,1.3150333586395104,1.4679212562782487,1.1684474484231886,1.6337271714833943,True,31.576563195584402,1.6337271714833943,31.576563195584402,extreme_outlier
53,patient00089/study1,patient00089/study1/view2_lateral.dcm,/home/jovyan/Desktop/MEDAGENT-X/data/raw/chexpert_plus/dicom_train/patient00089/study1/view2_lateral.dcm,True,/home/jovyan/Desktop/MEDAGENT-X/outputs/chexpert_plus/convnext_features/patient00089_study1_view2_lateral.npz,/home/jovyan/Desktop/MEDAGENT-X/outputs/chexpert_plus/raddino_features/patient00089__study1__view2_lateral.npz,ok,,,0.4362629950046539,2.183226970606653,0.275182843208313,8.515632281595687,0.7564986757934093,5.584302234456735,0.0057268575765192,1.6269638802240571,0.9993002090486808,1.084022443496675,0.0007002810016274,1.0833294731128762,0.0512806052772764,100.46539095763339,5.107707500457764,2.494949917719627,0.0,1.0833294731128762,0.0,1.084022443496675,0.0,pooled_embedding,True,768,9.955312728881836,-0.011576122604310513,0.3590448200702667,-4.12943172454834,1.2535849809646606,0,0,cls_embedding,True,768,14.936864852905273,0.022072799503803253,0.5385355353355408,-2.2334749698638916,1.6682952642440796,0,0,1369,768,0.03661907836794853,0.5871298313140869,1.719818115234375,0.5120575829779966,1.038005531073203,0.5094995344140014,2.378618734578244,0.20001353274823422,2.383540270627058,1.4336232510130271,2.0209020523341685,4.304380263062066,1.2864900898687783,2.7205435006064285,True,100.46539095763339,4.304380263062066,100.46539095763339,extreme_outlier
54,patient00095/study1,patient00095/study1/view1_frontal.dcm,/home/jovyan/Desktop/MEDAGENT-X/data/raw/chexpert_plus/dicom_train/patient00095/study1/view1_frontal.dcm,True,/home/jovyan/Desktop/MEDAGENT-X/outputs/chexpert_plus/convnext_features/patient00095_study1_view1_frontal.npz,/home/jovyan/Desktop/MEDAGENT-X/outputs/chexpert_plus/raddino_features/patient00095__study1__view1_frontal.npz,ok,,,0.398877203464508,1.6511910050619016,0.1152387037873268,0.982514846118197,0.3531780391931534,0.5550130907779619,0.0071607674472033,0.953148184162032,0.9990982212687004,0.7354539351849454,0.0009025926701724,0.7351323819709477,0.0018794014084507,1.0721252073155345,4.640887260437012,1.0057347416836993,0.0,0.7351323819709477,0.0,0.7354539351849454,0.0,pooled_embedding,True,768,10.620465278625488,-0.021806932985782623,0.38261210918426514,-6.938567161560059,1.0635908842086792,0,0,cls_embedding,True,768,11.634716987609863,0.02454269863665104,0.41911372542381287,-1.9623485803604126,1.1642338037490845,0,0,1369,768,0.029630091041326523,0.5196520686149597,1.9694379568099976,0.4070060067633969,0.8488909188782414,0.4034603002644956,0.6699463759486075,0.2756711858620878,0.6723100960235069,0.06757429931420353,0.8050612817401419,0.5813478268399082,0.9477632296960622,0.39810818525888103,True,1.6511910050619016,0.6699463759486075,1.6511910050619016,
55,patient00096/study1,patient00096/study1/view1_frontal.dcm,/home/jovyan/Desktop/MEDAGENT-X/data/raw/chexpert_plus/dicom_train/patient00096/study1/view1_frontal.dcm,True,/home/jovyan/Desktop/MEDAGENT-X/outputs/chexpert_plus/convnext_features/patient00096_study1_view1_frontal.npz,/home/jovyan/Desktop/MEDAGENT-X/outputs/chexpert_plus/raddino_features/patient00096__study1__view1_frontal.npz,ok,,,0.4829169511795044,2.8471578811857436,0.1101412773132324,0.7424340754999349,0.3545787632465362,0.572479705762878,0.0069297780282795,1.0616935671579986,0.9991193366528044,0.7718925649885459,0.0008814395987428,0.7715387741156788,0.0003197702775203,2.0657908621115983,4.826072216033936,1.5964980004409035,0.0,0.7715387741156788,0.0,0.7718925649885459,0.0,pooled_embedding,True,768,11.95593547821045,-0.030920961871743202,0.4303131699562073,-8.24239444732666,1.1941393613815308,0,0,cls_embedding,True,768,13.838953971862793,0.017755506560206413,0.499054491519928,-1.3973184823989868,2.0226919651031494,0,0,1369,768,0.03144354373216629,0.5260416269302368,2.134321689605713,2.252269978308328,2.529816291204361,2.25132461531947,1.365020027630433,1.0314929448913999,1.3732711890508706,0.8347548140929911,0.9097356909058154,0.16072473743259846,1.1359187544891636,1.3342361121543027,True,2.8471578811857436,2.252269978308328,2.8471578811857436,
55,patient00096/study1,patient00096/study1/view2_lateral.dcm,/home/jovyan/Desktop/MEDAGENT-X/data/raw/chexpert_plus/dicom_train/patient00096/study1/view2_lateral.dcm,True,/home/jovyan/Desktop/MEDAGENT-X/outputs/chexpert_plus/convnext_features/patient00096_study1_view2_lateral.npz,/home/jovyan/Desktop/MEDAGENT-X/outputs/chexpert_plus/raddino_features/patient00096__study1__view2_lateral.npz,ok,,,0.3807727396488189,1.3935469780120313,0.1609998196363449,3.137791437790005,0.514774139970541,2.5700687104239335,0.0076931668445467,0.7029657439415764,0.9989284359580668,0.4424569406808666,0.0010727135231718,0.442338661356662,0.0002757218455835,2.154414562720278,4.665341377258301,1.0837464446150038,0.0,0.442338661356662,0.0,0.4424569406808666,0.0,pooled_embedding,True,768,10.433272361755371,-0.019880469888448715,0.37595298886299133,-6.494076728820801,0.9992243647575378,0,0,cls_embedding,True,768,14.984865188598633,0.0320429764688015,0.5397694706916809,-1.9096977710723877,1.6279263496398926,0,0,1369,768,0.036220159381628036,0.5645727515220642,2.079730272293091,0.14835527435755003,0.4935880402416842,0.14549641828354826,2.422932967210362,1.7201704784190686,2.415115087767002,0.5360023274279118,1.3504961665528277,1.6104248150989002,1.3753680940216635,3.5388415751860647,True,3.137791437790005,3.5388415751860647,3.5388415751860647,moderate_outlier
56,patient00096/study2,patient00096/study2/view1_frontal.dcm,/home/jovyan/Desktop/MEDAGENT-X/data/raw/chexpert_plus/dicom_train/patient00096/study2/view1_frontal.dcm,True,/home/jovyan/Desktop/MEDAGENT-X/outputs/chexpert_plus/convnext_features/patient00096_study2_view1_frontal.npz,/home/jovyan/Desktop/MEDAGENT-X/outputs/chexpert_plus/raddino_features/patient00096__study2__view1_frontal.npz,ok,,,0.3377015292644501,0.7806020045340301,0.0846964716911315,0.45597625430695937,0.2661782652139663,0.5298483794019025,0.0097745582461357,0.27511120825215035,0.998444105380628,0.39334801209402165,0.0015583191998302,0.39343361648826597,0.001333646295664,0.02591246609496561,4.352694511413574,0.08636368902724716,0.5298483794019025,0.0,0.0,0.0,0.27511120825215035,pooled_embedding,True,768,10.986571311950684,-0.021882101893424988,0.3958393931388855,-7.473826885223389,1.1375164985656738,0,0,cls_embedding,True,768,12.352514266967773,0.02631504274904728,0.4449555277824402,-1.7842051982879639,1.4739384651184082,0,0,1369,768,0.032428719103336334,0.5195964574813843,1.848778247833252,0.9128669936054566,0.8627545269101105,0.9158645447256413,0.0072711016886343694,0.6170118500105064,0.01105164356081695,0.7278866683933818,0.7637594973407779,0.747314697735724,0.9909898203774312,0.0001217963615773916,True,0.7806020045340301,0.9128669936054566,0.9128669936054566,
57,patient00102/study1,patient00102/study1/view1_frontal.dcm,/home/jovyan/Desktop/MEDAGENT-X/data/raw/chexpert_plus/dicom_train/patient00102/study1/view1_frontal.dcm,True,/home/jovyan/Desktop/MEDAGENT-X/outputs/chexpert_plus/convnext_features/patient00102_study1_view1_frontal.npz,/home/jovyan/Desktop/MEDAGENT-X/outputs/chexpert_plus/raddino_features/patient00102__study1__view1_frontal.npz,ok,,,0.3804027140140533,1.3882811554158336,0.1013924777507782,0.33037937463995404,0.3037851303815841,0.060901884847124346,0.0073319082148373,0.8727265775983806,0.998841545452328,0.29251077079482535,0.0011597981210798,0.2924580148625356,0.0018701132718524,1.0534378443174306,4.58159875869751,0.8165969773250378,0.060901884847124346,0.2924580148625356,0.0,0.29251077079482535,0.0,pooled_embedding,True,768,10.180684089660645,-0.019152501598000526,0.3668641746044159,-6.774418354034424,1.0122697353363037,0,0,cls_embedding,True,768,11.947328567504883,0.020310023799538612,0.43063342571258545,-1.7128570079803467,1.3827180862426758,0,0,1369,768,0.02901534177362919,0.5250354409217834,1.887900471687317,0.20065441397247752,0.359326849611909,0.20658999788401802,0.3813412636123139,0.5395113906584966,0.37753579661227993,0.5137896136615304,0.7589996993685669,0.7664414446071319,0.9378013153063591,0.4898273394176388,True,1.3882811554158336,0.7664414446071319,1.3882811554158336,
58,patient00102/study3,patient00102/study3/view1_frontal.dcm,/home/jovyan/Desktop/MEDAGENT-X/data/raw/chexpert_plus/dicom_train/patient00102/study3/view1_frontal.dcm,True,/home/jovyan/Desktop/MEDAGENT-X/outputs/chexpert_plus/convnext_features/patient00102_study3_view1_frontal.npz,/home/jovyan/Desktop/MEDAGENT-X/outputs/chexpert_plus/raddino_features/patient00102__study3__view1_frontal.npz,ok,,,0.4188932478427887,1.936038672009108,0.1259990036487579,1.4893080477356677,0.524542149156332,2.6918728981976026,0.012112102471292,1.3735582036675678,0.9973788044506512,2.2317283146113187,0.0026280842721462,2.23459823672278,0.0016776508315856,0.6662110365824017,4.6633501052856445,1.0773940370133905,0.0,0.0,0.0,0.0,1.3735582036675678,pooled_embedding,True,768,10.525798797607422,-0.022050991654396057,0.37917637825012207,-6.570042133331299,1.1014360189437866,0,0,cls_embedding,True,768,12.409200668334961,0.028194651007652283,0.4468899071216583,-1.8590023517608643,1.547511339187622,0,0,1369,768,0.030745264142751694,0.5378220677375793,2.186638832092285,0.2762021544648815,0.8939033292558738,0.27036546994852445,0.045062165172469575,0.9790108133290055,0.03844663332311527,1.1210612919697058,0.8881809973452314,0.24734000346510931,0.9743400091775317,0.15341628780352934,True,2.6918728981976026,0.2762021544648815,2.6918728981976026,
59,patient00102/study2,patient00102/study2/view1_frontal.dcm,/home/jovyan/Desktop/MEDAGENT-X/data/raw/chexpert_plus/dicom_train/patient00102/study2/view1_frontal.dcm,True,/home/jovyan/Desktop/MEDAGENT-X/outputs/chexpert_plus/convnext_features/patient00102_study2_view1_frontal.npz,/home/jovyan/Desktop/MEDAGENT-X/outputs/chexpert_plus/raddino_features/patient00102__study2__view1_frontal.npz,ok,,,0.2415301352739334,0.5880099293495981,0.0962467789649963,0.08802505405518306,0.2815628871321678,0.33800669075183504,0.0105327498167753,0.6313967680099244,0.9982257962048852,0.7700822073351306,0.0017773571889847,0.7704182522321499,0.0010910951909583,0.5139156830218301,4.509154796600342,0.5854916427266961,0.33800669075183504,0.0,0.0,0.0,0.6313967680099244,pooled_embedding,True,768,10.136252403259277,-0.016127152368426323,0.36540478467941284,-6.316483974456787,0.998065173625946,0,0,cls_embedding,True,768,11.936120986938477,0.01982542686164379,0.4302511513233185,-1.245863914489746,1.5811114311218262,0,0,1369,768,0.029353199526667595,0.5224937200546265,2.0150511264801025,0.26204716548195045,0.1986466156655799,0.26312447574515047,0.39168817734299516,0.6328412578487159,0.3873177060764394,0.18204456999603386,0.9270800455606029,0.09102827487959855,0.9718551186271375,0.17629462730169118,True,0.7704182522321499,0.39168817734299516,0.7704182522321499,
60,patient00107/study1,patient00107/study1/view1_frontal.dcm,/home/jovyan/Desktop/MEDAGENT-X/data/raw/chexpert_plus/dicom_train/patient00107/study1/view1_frontal.dcm,True,/home/jovyan/Desktop/MEDAGENT-X/outputs/chexpert_plus/convnext_features/patient00107_study1_view1_frontal.npz,/home/jovyan/Desktop/MEDAGENT-X/outputs/chexpert_plus/raddino_features/patient00107__study1__view1_frontal.npz,ok,,,0.3939734697341919,1.5814061321862927,0.1301508843898773,1.6848551013143362,0.4017094224691391,1.1601850975839079,0.009386490099132,0.09275218141314406,0.998539976968392,0.22790326915149317,0.0014621578156948,0.22793098148488644,0.0009853740915963,0.7266223480700074,4.782317161560059,1.45691388312011,0.0,0.0,0.0,0.0,0.09275218141314406,pooled_embedding,True,768,11.551888465881348,-0.025857677683234215,0.4160400629043579,-7.947404384613037,1.2006877660751343,0,0,cls_embedding,True,768,13.312705993652344,0.024870090186595917,0.47973668575286865,-1.997471809387207,1.5184017419815063,0,0,1369,768,0.03249076008796692,0.551871120929718,1.996398687362671,1.6939846680910189,1.595980885780868,1.6984068235712069,0.8791843560306242,0.338724431737503,0.8789534100807889,0.07996877048362054,0.8438986676076431,0.4252838819053208,1.0877893959066185,0.8911100335004423,True,1.6848551013143362,1.6939846680910189,1.6939846680910189,
61,patient00113/study1,patient00113/study1/view1_frontal.dcm,/home/jovyan/Desktop/MEDAGENT-X/data/raw/chexpert_plus/dicom_train/patient00113/study1/view1_frontal.dcm,True,/home/jovyan/Desktop/MEDAGENT-X/outputs/chexpert_plus/convnext_features/patient00113_study1_view1_frontal.npz,/home/jovyan/Desktop/MEDAGENT-X/outputs/chexpert_plus/raddino_features/patient00113__study1__view1_frontal.npz,ok,,,0.2510205507278442,0.4529521402421979,0.0842019543051719,0.47926724549803895,0.2686202749609947,0.4993972395519464,0.0102419238537549,0.49473329793282145,0.9983553431413192,0.5465242158884764,0.0016473662108182,0.5466917573750253,0.0012578951860703,0.17832069862954347,4.2688469886779785,0.18112043575130954,0.4993972395519464,0.0,0.18112043575130954,0.0,0.49473329793282145,pooled_embedding,True,768,9.2494535446167,-0.01971403881907463,0.33317822217941284,-5.7645182609558105,0.8733227849006653,0,0,cls_embedding,True,768,11.780845642089844,0.012495946139097214,0.4249209463596344,-2.1020121574401855,1.8055784702301025,0,0,1369,768,0.028836172074079514,0.5280619859695435,1.957206130027771,1.4873668950939414,0.4628927011381169,1.5115309865635942,0.5350394196678812,2.0444462617520127,0.5237107887523457,0.13451318545302876,0.999016114053095,0.198039240383249,0.89424903120404,0.8908123813765964,True,0.5466917573750253,1.4873668950939414,1.4873668950939414,
62,patient00113/study2,patient00113/study2/view1_frontal.dcm,/home/jovyan/Desktop/MEDAGENT-X/data/raw/chexpert_plus/dicom_train/patient00113/study2/view1_frontal.dcm,True,/home/jovyan/Desktop/MEDAGENT-X/outputs/chexpert_plus/convnext_features/patient00113_study2_view1_frontal.npz,/home/jovyan/Desktop/MEDAGENT-X/outputs/chexpert_plus/raddino_features/patient00113__study2__view1_frontal.npz,ok,,,0.3666827380657196,1.1930326305027243,0.0732539966702461,0.9948988331328611,0.2329670488834381,0.9439824320193,0.0090734595432877,0.05434555895897573,0.9987357056093225,0.10986389879119232,0.0012658948544412,0.10985572503028512,0.001128493391211,0.43867198519271955,4.067343711853027,0.8239411880292016,0.9439824320193,0.10985572503028512,0.8239411880292016,0.10986389879119232,0.0,pooled_embedding,True,768,9.567438125610352,-0.009532897733151913,0.34510353207588196,-5.3417439460754395,1.0173959732055664,0,0,cls_embedding,True,768,12.32548713684082,0.019352050498127937,0.44433653354644775,-1.673043131828308,1.5387295484542847,0,0,1369,768,0.03109797090291977,0.5118947625160217,1.7853680849075317,1.0479969331159402,1.4148431042554472,1.0495631760569766,0.03222272993297633,0.7240101235246947,0.026890909138940607,1.0748998947658122,1.2924115535571041,1.3770179149785482,1.0021934453478067,0.10302976322790533,True,1.1930326305027243,1.3770179149785482,1.3770179149785482,
63,patient00114/study5,patient00114/study5/view1_frontal.dcm,/home/jovyan/Desktop/MEDAGENT-X/data/raw/chexpert_plus/dicom_train/patient00114/study5/view1_frontal.dcm,True,/home/jovyan/Desktop/MEDAGENT-X/outputs/chexpert_plus/convnext_features/patient00114_study5_view1_frontal.npz,/home/jovyan/Desktop/MEDAGENT-X/outputs/chexpert_plus/raddino_features/patient00114__study5__view1_frontal.npz,ok,,,0.2490639686584472,0.48079619509767263,0.0969247594475746,0.1199568685793853,0.3521367590874433,0.5420286355928262,0.0085927657783031,0.28023074914268387,0.9988594487120862,0.323406266296876,0.0011418536305427,0.323342142564998,0.0010288128566551,0.6392252730752526,4.355348587036133,0.09483052348859261,0.0,0.323342142564998,0.0,0.323406266296876,0.0,pooled_embedding,True,768,10.535856246948242,-0.019420253112912178,0.37968364357948303,-6.671372890472412,1.3022772073745728,0,0,cls_embedding,True,768,12.491738319396973,0.02674102783203125,0.44996288418769836,-1.9500292539596558,1.646723985671997,0,0,1369,768,0.030506247654557228,0.5443806052207947,1.9249941110610962,0.2900988695844115,0.4087089966870678,0.29001613358622047,0.12126147955719305,0.6990534976375444,0.11708016015467457,0.31079402300094433,0.970476982650594,0.08335774645170509,0.9585982842433801,0.2983500464646744,True,0.6392252730752526,0.2983500464646744,0.6392252730752526,
64,patient00114/study10,patient00114/study10/view1_frontal.dcm,/home/jovyan/Desktop/MEDAGENT-X/data/raw/chexpert_plus/dicom_train/patient00114/study10/view1_frontal.dcm,True,/home/jovyan/Desktop/MEDAGENT-X/outputs/chexpert_plus/convnext_features/patient00114_study10_view1_frontal.npz,/home/jovyan/Desktop/MEDAGENT-X/outputs/chexpert_plus/raddino_features/patient00114__study10__view1_frontal.npz,ok,,,0.2194553464651107,0.902155520342016,0.0899567678570747,0.2082245773346504,0.3120879214257002,0.04263146572078414,0.0090143578127026,0.08211834618002335,0.9987238042631176,0.08932585191558817,0.0012778264936059,0.08932027060206175,0.0011960139979515,0.3028231984465283,4.173832893371582,0.4842273290199467,0.0,0.08932027060206175,0.4842273290199467,0.08932585191558817,0.0,pooled_embedding,True,768,10.638497352600098,-0.015181019902229309,0.3835834264755249,-6.605961799621582,1.1953403949737549,0,0,cls_embedding,True,768,11.96066951751709,0.01757747493684292,0.4312354028224945,-1.7282451391220093,1.9374247789382935,0,0,1369,768,0.030334478244185448,0.5495139956474304,2.0824012756347656,0.4319215282388447,0.37314442425404,0.44108760942845704,0.3690248088660154,1.0657805485984222,0.362131977382019,0.550619439961306,1.024509904991191,0.3004833543797631,0.8975575550083955,0.8603508663526102,True,0.902155520342016,0.8603508663526102,0.902155520342016,
65,patient00114/study15,patient00114/study15/view1_frontal.dcm,/home/jovyan/Desktop/MEDAGENT-X/data/raw/chexpert_plus/dicom_train/patient00114/study15/view1_frontal.dcm,True,/home/jovyan/Desktop/MEDAGENT-X/outputs/chexpert_plus/convnext_features/patient00114_study15_view1_frontal.npz,/home/jovyan/Desktop/MEDAGENT-X/outputs/chexpert_plus/raddino_features/patient00114__study15__view1_frontal.npz,ok,,,0.2216552346944809,0.8708489835539241,0.0907843559980392,0.16924647737635873,0.3054945133626461,0.03958638425307696,0.0102879162877798,0.5163458306168243,0.9983799935068356,0.503985300226304,0.00162263517268,0.5041273536380951,0.0013988650887129,0.10530516266235562,4.312661647796631,0.04134617213018329,0.03958638425307696,0.0,0.04134617213018329,0.0,0.5163458306168243,pooled_embedding,True,768,10.658981323242188,-0.02004496194422245,0.38410019874572754,-6.648133277893066,1.3670486211776733,0,0,cls_embedding,True,768,13.850310325622559,0.02283337712287903,0.4992581605911255,-1.6460808515548706,2.0982909202575684,0,0,1369,768,0.029386071488261223,0.5466780662536621,2.127608299255371,0.4602249175857425,0.5239257617428831,0.4611065570506677,1.3755042897734684,0.05353178136828208,1.3784828183701243,0.7980156679075662,0.9052162686847365,0.17888555966334538,1.0982408212411707,0.987336105512201,True,0.8708489835539241,1.3755042897734684,1.3755042897734684,
66,patient00114/study16,patient00114/study16/view1_frontal.dcm,/home/jovyan/Desktop/MEDAGENT-X/data/raw/chexpert_plus/dicom_train/patient00114/study16/view1_frontal.dcm,True,/home/jovyan/Desktop/MEDAGENT-X/outputs/chexpert_plus/convnext_features/patient00114_study16_view1_frontal.npz,/home/jovyan/Desktop/MEDAGENT-X/outputs/chexpert_plus/raddino_features/patient00114__study16__view1_frontal.npz,ok,,,0.1596276313066482,1.7535617602363487,0.0769369527697563,0.8214373927340126,0.2583638709038496,0.6272915670343953,0.0086345514282584,0.2605950472163123,0.9988710776611092,0.3434742397879415,0.0011301982449367,0.3434021390710522,0.0007578735841018,1.1843443594560938,4.138875484466553,0.5957458524111966,0.6272915670343953,0.3434021390710522,0.5957458524111966,0.3434742397879415,0.0,pooled_embedding,True,768,9.93906021118164,-0.013895951211452484,0.3583756387233734,-6.069000720977783,1.0181927680969238,0,0,cls_embedding,True,768,12.294093132019043,0.023943522945046425,0.44297826290130615,-1.6230251789093018,1.864867091178894,0,0,1369,768,0.03158615529537201,0.5464186668395996,1.8328466415405273,0.5345142318559627,0.6101531713775145,0.5354225707409402,0.06120588625532963,0.16027427897283342,0.061647306249608104,0.8150726626544254,0.8349243989006863,0.46134603557572734,0.9373492141109446,0.4939898264272082,True,1.7535617602363487,0.5345142318559627,1.7535617602363487,
67,patient00114/study20,patient00114/study20/view1_frontal.dcm,/home/jovyan/Desktop/MEDAGENT-X/data/raw/chexpert_plus/dicom_train/patient00114/study20/view1_frontal.dcm,True,/home/jovyan/Desktop/MEDAGENT-X/outputs/chexpert_plus/convnext_features/patient00114_study20_view1_frontal.npz,/home/jovyan/Desktop/MEDAGENT-X/outputs/chexpert_plus/raddino_features/patient00114__study20__view1_frontal.npz,ok,,,0.2514722943305969,0.4465233919405568,0.0949966311454773,0.02914505776250809,0.3245421312749386,0.19793178190557756,0.0084008947014808,0.37039383806926174,0.9989259580280664,0.43818079900522666,0.0010751967784017,0.43806474945710294,0.0010524374481783,0.5916935305342595,4.3774919509887695,0.16547063464848488,0.0,0.43806474945710294,0.0,0.43818079900522666,0.0,pooled_embedding,True,768,10.27255630493164,-0.015240351669490337,0.37036553025245667,-6.547129154205322,1.1229324340820312,0,0,cls_embedding,True,768,13.87057113647461,0.029765790328383446,0.49962523579597473,-1.5620051622390747,1.648162603378296,0,0,1369,768,0.030777418985962868,0.5506137609481812,1.9373893737792969,0.07371149238704984,0.3622017035076048,0.07095296902917103,1.3942092065713174,1.2816008890694282,1.3878758002731453,0.24296073084215644,0.9132475127121612,0.14661285135263824,1.1231377437289225,1.2165615919400976,True,0.5916935305342595,1.3942092065713174,1.3942092065713174,
68,patient00114/study3,patient00114/study3/view1_frontal.dcm,/home/jovyan/Desktop/MEDAGENT-X/data/raw/chexpert_plus/dicom_train/patient00114/study3/view1_frontal.dcm,True,/home/jovyan/Desktop/MEDAGENT-X/outputs/chexpert_plus/convnext_features/patient00114_study3_view1_frontal.npz,/home/jovyan/Desktop/MEDAGENT-X/outputs/chexpert_plus/raddino_features/patient00114__study3__view1_frontal.npz,ok,,,0.2574390172958374,0.36161115434513547,0.1069527193903923,0.5922580117221022,0.3675213735550642,0.7338702313363555,0.0090829795226454,0.04987197826289991,0.9987202831019604,0.08324941554794542,0.001281356671825,0.08324450741972324,0.0010827683753597,0.5306689062396922,4.397181034088135,0.22828128174575676,0.0,0.08324450741972324,0.0,0.08324941554794542,0.0,pooled_embedding,True,768,10.181751251220703,-0.00818482507020235,0.36731112003326416,-5.6841630935668945,1.4999258518218994,0,0,cls_embedding,True,768,11.383106231689453,0.02490478940308094,0.40999671816825867,-2.175304889678955,1.8498680591583252,0,0,1369,768,0.031008370220661163,0.5417040586471558,1.8624931573867798,0.19917988104826415,1.6634718469601977,0.18927603263082923,0.902235117465526,0.34540724999925354,0.9056025740493748,0.6528315858327071,1.3969606319491163,1.797137375871158,0.8832180136477135,0.9923747478252035,True,0.7338702313363555,1.797137375871158,1.797137375871158,
69,patient00114/study17,patient00114/study17/view1_frontal.dcm,/home/jovyan/Desktop/MEDAGENT-X/data/raw/chexpert_plus/dicom_train/patient00114/study17/view1_frontal.dcm,True,/home/jovyan/Desktop/MEDAGENT-X/outputs/chexpert_plus/convnext_features/patient00114_study17_view1_frontal.npz,/home/jovyan/Desktop/MEDAGENT-X/outputs/chexpert_plus/raddino_features/patient00114__study17__view1_frontal.npz,ok,,,0.1136547625064849,2.4078001388645522,0.0664586350321769,1.3149496797686164,0.2014652034267783,1.3368011350157765,0.0082269264385104,0.4521441269839865,0.9989869182565926,0.5433793210434575,0.0010141091188415,0.5432022608844225,0.0007220454089815,1.2564292288964538,3.77754545211792,1.7484340214314946,1.3368011350157765,0.5432022608844225,1.7484340214314946,0.5433793210434575,0.0,pooled_embedding,True,768,10.330765724182129,-0.007160811219364405,0.372710645198822,-5.804080963134766,1.5765275955200195,0,0,cls_embedding,True,768,13.41934871673584,0.018378155305981636,0.4838801324367523,-1.8373117446899414,2.0943844318389893,0,0,1369,768,0.0323777049779892,0.5610029101371765,2.0283868312835693,0.006718414757910448,1.8523335331611692,0.0198931076400411,0.9776376349708871,0.9115752974506086,0.9849788762624022,0.25502444792541656,1.058698176010831,0.4378653209215069,1.0725812196909579,0.7510886476271084,True,2.4078001388645522,0.9776376349708871,2.4078001388645522,
70,patient00114/study13,patient00114/study13/view1_frontal.dcm,/home/jovyan/Desktop/MEDAGENT-X/data/raw/chexpert_plus/dicom_train/patient00114/study13/view1_frontal.dcm,True,/home/jovyan/Desktop/MEDAGENT-X/outputs/chexpert_plus/convnext_features/patient00114_study13_view1_frontal.npz,/home/jovyan/Desktop/MEDAGENT-X/outputs/chexpert_plus/raddino_features/patient00114__study13__view1_frontal.npz,ok,,,0.2464661449193954,0.5177657389907673,0.0953154787421226,0.044162278138596765,0.3294261358678341,0.258833875792412,0.0090916128829121,0.04581503313936512,0.9987062854429906,0.05909378045240931,0.0012953904224559,0.059091124757053554,0.0011589767351119,0.3773407044946704,4.339692115783691,0.044884414486828915,0.0,0.059091124757053554,0.0,0.05909378045240931,0.0,pooled_embedding,True,768,10.492396354675293,-0.015602611936628819,0.3782901167869568,-6.317460536956787,1.215083360671997,0,0,cls_embedding,True,768,12.218619346618652,0.022843340411782265,0.4403092861175537,-1.5485563278198242,1.7618727684020996,0,0,1369,768,0.030672136694192886,0.5469601154327393,1.8834893703460693,0.23004887861986564,0.29538904776139335,0.23603309022595803,0.13088379236885195,0.05161292394801778,0.12994298598549844,0.5379294429515951,1.0263398257746865,0.3078366983294412,0.9392508300618485,0.4764816849466926,True,0.5177657389907673,0.4764816849466926,0.5177657389907673,
71,patient00114/study19,patient00114/study19/view1_frontal.dcm,/home/jovyan/Desktop/MEDAGENT-X/data/raw/chexpert_plus/dicom_train/patient00114/study19/view1_frontal.dcm,True,/home/jovyan/Desktop/MEDAGENT-X/outputs/chexpert_plus/convnext_features/patient00114_study19_view1_frontal.npz,/home/jovyan/Desktop/MEDAGENT-X/outputs/chexpert_plus/raddino_features/patient00114__study19__view1_frontal.npz,ok,,,0.3002497255802154,0.24762662234538474,0.1149363294243812,0.9682734891432379,0.362881563603878,0.6760131724639592,0.0100657939910888,0.41196724098877713,0.9984419274122776,0.397106512628754,0.001560503966175,0.39719380141262167,0.0014825574306199,0.27369084011500994,4.605024337768555,0.8913275156977504,0.0,0.0,0.0,0.0,0.41196724098877713,pooled_embedding,True,768,11.181021690368652,-0.02338007278740406,0.4027823805809021,-7.129626274108887,1.1481090784072876,0,0,cls_embedding,True,768,12.869876861572266,0.022906998172402382,0.4638363718986511,-1.7599554061889648,1.89751398563385,0,0,1369,768,0.030090097337961197,0.5587334632873535,2.106767416000366,1.1815456040749885,1.1390294119474182,1.1848249939558133,0.47036152402717524,0.039352899421012194,0.47208484932806843,0.6839635695516265,0.9702738016684176,0.08254128507291104,1.0132079452363585,0.20444005182704378,True,0.9682734891432379,1.1815456040749885,1.1815456040749885,
72,patient00114/study7,patient00114/study7/view1_frontal.dcm,/home/jovyan/Desktop/MEDAGENT-X/data/raw/chexpert_plus/dicom_train/patient00114/study7/view1_frontal.dcm,True,/home/jovyan/Desktop/MEDAGENT-X/outputs/chexpert_plus/convnext_features/patient00114_study7_view1_frontal.npz,/home/jovyan/Desktop/MEDAGENT-X/outputs/chexpert_plus/raddino_features/patient00114__study7__view1_frontal.npz,ok,,,0.2567400634288788,0.37155794375787915,0.0813932046294212,0.6115549381317652,0.2547008618712425,0.6729682071294247,0.0097181275486946,0.2485935794576717,0.9985102219829144,0.27925118190039755,0.0014920007670298,0.27929346057800797,0.0011751329073794,0.3448351257246583,4.175488471984863,0.4789458253818239,0.6729682071294247,0.0,0.4789458253818239,0.0,0.2485935794576717,pooled_embedding,True,768,10.398131370544434,-0.013117700815200806,0.3749808967113495,-6.488898754119873,1.1917235851287842,0,0,cls_embedding,True,768,12.954925537109375,0.01925031654536724,0.46707406640052795,-1.663924217224121,1.7085860967636108,0,0,1369,768,0.029960520565509796,0.5478070974349976,1.8552473783493042,0.09979978803814546,0.7536880288429598,0.10783909224310598,0.5488790330896458,0.7436033474132713,0.5549332832780818,0.6924842384259754,0.9617607845504056,0.048332622335793975,0.9921789438124319,0.010826440230512829,True,0.6729682071294247,0.5488790330896458,0.6729682071294247,
73,patient00114/study2,patient00114/study2/view1_frontal.dcm,/home/jovyan/Desktop/MEDAGENT-X/data/raw/chexpert_plus/dicom_train/patient00114/study2/view1_frontal.dcm,True,/home/jovyan/Desktop/MEDAGENT-X/outputs/chexpert_plus/convnext_features/patient00114_study2_view1_frontal.npz,/home/jovyan/Desktop/MEDAGENT-X/outputs/chexpert_plus/raddino_features/patient00114__study2__view1_frontal.npz,ok,,,0.208824336528778,1.0534450718851194,0.0846839770674705,0.45656473143210535,0.2913309000432491,0.21620245652489767,0.0093975607305765,0.0979544367188158,0.9986435775565164,0.04912065930125451,0.0013582648243755,0.04912153550689793,0.0010964858801151,0.50306982992558,4.232575416564941,0.29683130477235964,0.21620245652489767,0.0,0.29683130477235964,0.0,0.0979544367188158,pooled_embedding,True,768,9.346061706542969,-0.0056523047387599945,0.3371995985507965,-5.3366522789001465,1.0634896755218506,0,0,cls_embedding,True,768,13.421906471252441,0.017505573108792305,0.4840048849582672,-1.9911751747131348,1.6354292631149292,0,0,1369,768,0.030317630618810654,0.5551396608352661,1.9407193660736084,1.3538801571531576,2.1305515253679257,1.355749170104367,0.9799989711371301,1.0796283209179292,0.9881711326759808,0.2247372897322825,1.1564715877448155,0.8307574789307265,1.0335770236492805,0.3919777649555247,True,1.0534450718851194,1.3538801571531576,1.3538801571531576,
74,patient00114/study12,patient00114/study12/view1_frontal.dcm,/home/jovyan/Desktop/MEDAGENT-X/data/raw/chexpert_plus/dicom_train/patient00114/study12/view1_frontal.dcm,True,/home/jovyan/Desktop/MEDAGENT-X/outputs/chexpert_plus/convnext_features/patient00114_study12_view1_frontal.npz,/home/jovyan/Desktop/MEDAGENT-X/outputs/chexpert_plus/raddino_features/patient00114__study12__view1_frontal.npz,ok,,,0.2442036271095276,0.5499635552719233,0.0855781286954879,0.4144515959126506,0.2710622809827328,0.4689461461552601,0.0090285465121269,0.07545086409187915,0.998750468192118,0.13533955610258142,0.0012510950909927,0.1353274865921255,0.0011649209871726,0.3653811047585018,3.8547074794769287,1.5022774662837848,0.4689461461552601,0.1353274865921255,1.5022774662837848,0.13533955610258142,0.0,pooled_embedding,True,768,9.940656661987305,-0.017501674592494965,0.35827529430389404,-6.251577854156494,1.3892436027526855,0,0,cls_embedding,True,768,12.722639083862305,0.02119395136833191,0.4585992097854614,-1.3925926685333252,1.8265037536621094,0,0,1369,768,0.0297087412327528,0.5351338982582092,1.9539164304733276,0.5323083622267105,0.05486029222037133,0.5393097562452068,0.3344306177235777,0.36927333063353357,0.33807261340877764,0.1525161238387981,1.131293544792531,0.7295821649620773,0.9719103975739,0.17578567510219392,True,1.5022774662837848,0.7295821649620773,1.5022774662837848,
75,patient00114/study9,patient00114/study9/view1_frontal.dcm,/home/jovyan/Desktop/MEDAGENT-X/data/raw/chexpert_plus/dicom_train/patient00114/study9/view1_frontal.dcm,True,/home/jovyan/Desktop/MEDAGENT-X/outputs/chexpert_plus/convnext_features/patient00114_study9_view1_frontal.npz,/home/jovyan/Desktop/MEDAGENT-X/outputs/chexpert_plus/raddino_features/patient00114__study9__view1_frontal.npz,ok,,,0.2528123259544372,0.4274534461274587,0.0900432839989662,0.20414980310852052,0.3006105050444603,0.10048852459318051,0.0087361959740519,0.21283075479109856,0.9988192763941794,0.2540812559940493,0.0011821193620562,0.25404109489663756,0.0010545712822513,0.587400340885523,4.446798801422119,0.3865681891675611,0.10048852459318051,0.25404109489663756,0.0,0.2540812559940493,0.0,pooled_embedding,True,768,9.758702278137207,-0.011504006572067738,0.35194888710975647,-5.469644069671631,1.0786739587783813,0,0,cls_embedding,True,768,12.46273422241211,0.027002446353435516,0.4488987922668457,-1.6047213077545166,1.527682900428772,0,0,1369,768,0.031194381415843964,0.5332344174385071,1.8150949478149414,0.7837208378383625,1.0513060889126786,0.7843848532633884,0.09448470221791387,0.7494008151210468,0.08985141785968635,0.9122191172457315,1.3719815938971727,1.6967617421362522,0.9460751776597399,0.4136500478859561,True,0.587400340885523,1.6967617421362522,1.6967617421362522,
76,patient00114/study1,patient00114/study1/view1_frontal.dcm,/home/jovyan/Desktop/MEDAGENT-X/data/raw/chexpert_plus/dicom_train/patient00114/study1/view1_frontal.dcm,True,/home/jovyan/Desktop/MEDAGENT-X/outputs/chexpert_plus/convnext_features/patient00114_study1_view1_frontal.npz,/home/jovyan/Desktop/MEDAGENT-X/outputs/chexpert_plus/raddino_features/patient00114__study1__view1_frontal.npz,ok,,,0.1657109260559082,1.6669905934298257,0.0759017243981361,0.87019502101714,0.2385836523026228,0.8739450472760749,0.011344158090651,1.0126896526116598,0.9981407757456146,0.9168012547290638,0.0018626874079927,0.9172794503962118,0.001453293420475,0.21481281064481048,3.985040903091431,1.0864974812882584,0.8739450472760749,0.0,1.0864974812882584,0.0,1.0126896526116598,pooled_embedding,True,768,10.00065803527832,-0.006857345346361399,0.3608025014400482,-4.840156555175781,1.3576115369796753,0,0,cls_embedding,True,768,13.760826110839844,0.028182195499539375,0.49575066566467285,-1.8103066682815552,2.4426493644714355,0,0,1369,768,0.02987898886203766,0.5492858290672302,2.00842022895813,0.4494024520749612,1.908302577361986,0.44140971360300124,1.2928918610580538,0.9766119725046818,1.2887305389083752,0.14575686725759227,1.3365267934848484,1.5542903606150278,1.0525857510059144,0.5669907520764543,True,1.6669905934298257,1.5542903606150278,1.6669905934298257,
77,patient00114/study6,patient00114/study6/view1_frontal.dcm,/home/jovyan/Desktop/MEDAGENT-X/data/raw/chexpert_plus/dicom_train/patient00114/study6/view1_frontal.dcm,True,/home/jovyan/Desktop/MEDAGENT-X/outputs/chexpert_plus/convnext_features/patient00114_study6_view1_frontal.npz,/home/jovyan/Desktop/MEDAGENT-X/outputs/chexpert_plus/raddino_features/patient00114__study6__view1_frontal.npz,ok,,,0.2653274536132812,0.24935107745783158,0.1068576276302337,0.5877793393617753,0.3658119700849056,0.712554475249329,0.0089331399649381,0.12028382766735535,0.9987533523864988,0.14031678459176908,0.0012482036836445,0.14030386603276904,0.001163854070136,0.3675276995830712,4.6253981590271,0.9563225634932782,0.0,0.14030386603276904,0.0,0.14031678459176908,0.0,pooled_embedding,True,768,9.420042991638184,-0.012982607819139957,0.33966848254203796,-5.579235553741455,1.0293312072753906,0,0,cls_embedding,True,768,12.91950798034668,0.027818715199828148,0.4653618633747101,-1.9543683528900146,1.5825080871582031,0,0,1369,768,0.029982643201947212,0.5373086333274841,1.8265258073806763,1.251657733921834,0.7786036010387022,1.2601084746649678,0.5161813065639446,0.9066082943021735,0.5111202122143186,0.849663538217139,1.2752480154265948,1.3080480445855995,1.0016458979249516,0.09798850463829238,True,0.9563225634932782,1.3080480445855995,1.3080480445855995,
78,patient00114/study18,patient00114/study18/view1_frontal.dcm,/home/jovyan/Desktop/MEDAGENT-X/data/raw/chexpert_plus/dicom_train/patient00114/study18/view1_frontal.dcm,True,/home/jovyan/Desktop/MEDAGENT-X/outputs/chexpert_plus/convnext_features/patient00114_study18_view1_frontal.npz,/home/jovyan/Desktop/MEDAGENT-X/outputs/chexpert_plus/raddino_features/patient00114__study18__view1_frontal.npz,ok,,,0.2287074476480484,0.7704891737596214,0.1054252535104751,0.5203167709004242,0.3418803494423628,0.41413423843047453,0.0082906819880008,0.4221844406494506,0.9989297755857436,0.44476872420082336,0.0010713710216805,0.44464923057635275,0.0009478795785982,0.8020598233285934,4.404531478881836,0.2517301235031481,0.0,0.44464923057635275,0.0,0.44476872420082336,0.0,pooled_embedding,True,768,11.060504913330078,-0.019787197932600975,0.3986208140850067,-6.894683837890625,1.424863338470459,0,0,cls_embedding,True,768,13.519705772399902,0.02018437348306179,0.487432599067688,-1.6810736656188965,1.8255549669265747,0,0,1369,768,0.03290712460875511,0.559026837348938,1.9328962564468384,1.0150235306471371,0.4763856373227665,1.0236124318440556,1.070287943489186,0.563710733312486,1.0758819237432842,0.26754939407951084,1.0104781196175812,0.2440981026186901,1.071766580521465,0.7435882804639735,True,0.8020598233285934,1.070287943489186,1.070287943489186,
79,patient00114/study4,patient00114/study4/view1_frontal.dcm,/home/jovyan/Desktop/MEDAGENT-X/data/raw/chexpert_plus/dicom_train/patient00114/study4/view1_frontal.dcm,True,/home/jovyan/Desktop/MEDAGENT-X/outputs/chexpert_plus/convnext_features/patient00114_study4_view1_frontal.npz,/home/jovyan/Desktop/MEDAGENT-X/outputs/chexpert_plus/raddino_features/patient00114__study4__view1_frontal.npz,ok,,,0.2777590155601501,0.07243792967735865,0.1031660139560699,0.4139101408118126,0.331379733979702,0.28319466689387673,0.0115658435970544,1.1168629879502359,0.998042527422954,1.0863475078601115,0.0019613117910921,1.0870211343922584,0.0015473345364093,0.40401981159833866,4.441266536712647,0.368919570155611,0.0,0.0,0.0,0.0,1.1168629879502359,pooled_embedding,True,768,10.0758695602417,-0.013946796767413616,0.36331406235694885,-6.3683295249938965,1.3577264547348022,0,0,cls_embedding,True,768,11.622983932495117,0.027392446994781494,0.41851285099983215,-1.2804642915725708,1.552934169769287,0,0,1369,768,0.029014961794018745,0.5479769706726074,2.0517539978027344,0.3454801651508448,0.6007755858821744,0.3441157809666584,0.680778411315232,0.824512119412492,0.6876856989405088,0.3829016756577595,1.0878435348209123,0.5549828758453442,0.8724691608553109,1.09133922872008,True,1.1168629879502359,1.09133922872008,1.1168629879502359,
80,patient00114/study8,patient00114/study8/view1_frontal.dcm,/home/jovyan/Desktop/MEDAGENT-X/data/raw/chexpert_plus/dicom_train/patient00114/study8/view1_frontal.dcm,True,/home/jovyan/Desktop/MEDAGENT-X/outputs/chexpert_plus/convnext_features/patient00114_study8_view1_frontal.npz,/home/jovyan/Desktop/MEDAGENT-X/outputs/chexpert_plus/raddino_features/patient00114__study8__view1_frontal.npz,ok,,,0.1515460312366485,1.86857074411119,0.0732101127505302,0.9969656967387778,0.2234432231634855,1.0627417241383386,0.0094005847349762,0.09937546161803519,0.9986724745679018,0.0007466552175896392,0.0013292900985106,0.0007466472595791779,0.0010635638687021,0.569307613079529,3.952890634536743,1.1890608745189024,1.0627417241383386,0.0007466472595791779,1.1890608745189024,0.0007466552175896392,0.09937546161803519,pooled_embedding,True,768,10.656489372253418,-0.006532676517963409,0.384477436542511,-6.504122734069824,1.1913087368011475,0,0,cls_embedding,True,768,12.884779930114746,0.02389536239206791,0.4643250107765198,-1.9164619445800781,1.7609612941741943,0,0,1369,768,0.03005058877170086,0.5406255722045898,1.8543248176574707,0.4567817053149923,1.9681821408444158,0.4757201579158317,0.48412013710319257,0.15099890461157828,0.48458848911713515,0.6975329679580623,1.1333950599431672,0.7380268822730471,0.9747801069235091,0.14936431632202898,True,1.86857074411119,0.7380268822730471,1.86857074411119,
81,patient00114/study14,patient00114/study14/view1_frontal.dcm,/home/jovyan/Desktop/MEDAGENT-X/data/raw/chexpert_plus/dicom_train/patient00114/study14/view1_frontal.dcm,True,/home/jovyan/Desktop/MEDAGENT-X/outputs/chexpert_plus/convnext_features/patient00114_study14_view1_frontal.npz,/home/jovyan/Desktop/MEDAGENT-X/outputs/chexpert_plus/raddino_features/patient00114__study14__view1_frontal.npz,ok,,,0.2103685140609741,1.031469932387745,0.0884922072291374,0.27720307971409214,0.3181929271668196,0.11875908307932725,0.0082566300407052,0.4381859600185204,0.9989615279742144,0.49956353745981663,0.0010395515710115,0.4994134478079236,0.0009257791542701,0.846525001834573,4.36216926574707,0.11658934492860078,0.0,0.4994134478079236,0.0,0.49956353745981663,0.0,pooled_embedding,True,768,10.605569839477539,-0.012851801700890064,0.3824796974658966,-6.728833198547363,1.0539789199829102,0,0,cls_embedding,True,768,13.346617698669434,0.026419535279273987,0.48087936639785767,-1.5806015729904175,1.5240448713302612,0,0,1369,768,0.03213640674948692,0.543728232383728,1.8522770404815674,0.38642447884267445,0.8027285325890549,0.3983308778720226,0.9104918701005097,0.6371363559778661,0.9081931366477806,0.7087394643919928,0.8469611162821659,0.41297775442969026,1.0635203011799272,0.6676649451917442,True,1.031469932387745,0.9104918701005097,1.031469932387745,
82,patient00114/study11,patient00114/study11/view1_frontal.dcm,/home/jovyan/Desktop/MEDAGENT-X/data/raw/chexpert_plus/dicom_train/patient00114/study11/view1_frontal.dcm,True,/home/jovyan/Desktop/MEDAGENT-X/outputs/chexpert_plus/convnext_features/patient00114_study11_view1_frontal.npz,/home/jovyan/Desktop/MEDAGENT-X/outputs/chexpert_plus/raddino_features/patient00114__study11__view1_frontal.npz,ok,,,0.2299844622611999,0.7523160209458517,0.0996262729167938,0.24719390452721302,0.3328449409455061,0.3014653647398307,0.0087014390155673,0.22916356946314423,0.9988353004503084,0.28173382657297,0.0011660576565191,0.28168477549607107,0.0010295749402526,0.6376919910578465,4.269359111785889,0.1794866987388257,0.0,0.28168477549607107,0.1794866987388257,0.28173382657297,0.0,pooled_embedding,True,768,10.071211814880371,-0.016540316864848137,0.3630369305610657,-6.015442371368408,1.07845139503479,0,0,cls_embedding,True,768,11.977245330810547,0.019759342074394226,0.4317396879196167,-1.4320825338363647,1.7794079780578613,0,0,1369,768,0.030091729015111923,0.5355896949768066,1.7491528987884521,0.3519159281551862,0.12244555314211236,0.3548514322895498,0.35372190658955427,0.6455687101600932,0.34922797098589814,1.2730881346159642,1.3083666422378548,1.4411317585259522,0.9138482168944042,0.7103630557350599,True,0.7523160209458517,1.4411317585259522,1.4411317585259522,
83,patient00115/study1,patient00115/study1/view1_frontal.dcm,/home/jovyan/Desktop/MEDAGENT-X/data/raw/chexpert_plus/dicom_train/patient00115/study1/view1_frontal.dcm,True,/home/jovyan/Desktop/MEDAGENT-X/outputs/chexpert_plus/convnext_features/patient00115_study1_view1_frontal.npz,/home/jovyan/Desktop/MEDAGENT-X/outputs/chexpert_plus/raddino_features/patient00115__study1__view1_frontal.npz,ok,,,0.5233871340751648,3.423087718315022,0.2391889840364456,6.820378119240684,0.7517315298318863,5.524857333167484,0.0164208151400089,3.3982867346299956,0.99423002418115,7.665550309427428,0.005803461652249,7.699716363528907,0.0116995073891625,20.829789535271416,5.759745121002197,4.575031792100138,0.0,0.0,0.0,0.0,3.3982867346299956,pooled_embedding,True,768,11.755084037780762,-0.023729538545012474,0.4235108196735382,-7.945012092590332,1.4265884160995483,0,0,cls_embedding,True,768,10.995150566101074,0.024711398407816887,0.3959830105304718,-1.2317394018173218,1.1544772386550903,0,0,1369,768,0.030956199392676353,0.5164164304733276,1.91756272315979,1.9747468057411017,1.2034823411704136,1.9878122291705675,1.2603983962738023,0.3081615422938205,1.264195310625035,0.35146242334992517,0.8713747721215196,0.314874049572636,0.9303197131827218,0.5587103062539798,True,20.829789535271416,1.9747468057411017,20.829789535271416,extreme_outlier
84,patient00115/study2,patient00115/study2/view1_frontal.dcm,/home/jovyan/Desktop/MEDAGENT-X/data/raw/chexpert_plus/dicom_train/patient00115/study2/view1_frontal.dcm,True,/home/jovyan/Desktop/MEDAGENT-X/outputs/chexpert_plus/convnext_features/patient00115_study2_view1_frontal.npz,/home/jovyan/Desktop/MEDAGENT-X/outputs/chexpert_plus/raddino_features/patient00115__study2__view1_frontal.npz,ok,,,0.3842979669570923,1.4437143714911271,0.0825404673814773,0.5575206667175437,0.2445470690727234,0.7995830025418635,0.0060399915091693,1.4798175615446243,0.9993717013378228,1.2073960484962285,0.0006286936695687,1.2065378919090777,0.0022836597083353,1.8854768968592261,4.279232025146484,0.14799086555123,0.7995830025418635,1.2065378919090777,0.14799086555123,1.2073960484962285,0.0,pooled_embedding,True,768,10.936789512634277,-0.01889084465801716,0.394195020198822,-7.313671588897705,1.1021432876586914,0,0,cls_embedding,True,768,11.038118362426758,0.023749493062496185,0.3975951373577118,-1.1779663562774658,1.5534420013427734,0,0,1369,768,0.031670279800891876,0.5069858431816101,1.8548885583877563,0.844081811618024,0.31106874172498195,0.8521641148523369,1.2207302378211267,0.12290552619446134,1.2229430606402965,0.6944478869453683,0.8022793371662074,0.5925267781287203,0.8918950248698724,0.9124856724136463,True,1.8854768968592261,1.2207302378211267,1.8854768968592261,
85,patient00120/study1,patient00120/study1/view1_frontal.dcm,/home/jovyan/Desktop/MEDAGENT-X/data/raw/chexpert_plus/dicom_train/patient00120/study1/view1_frontal.dcm,True,/home/jovyan/Desktop/MEDAGENT-X/outputs/chexpert_plus/convnext_features/patient00120_study1_view1_frontal.npz,/home/jovyan/Desktop/MEDAGENT-X/outputs/chexpert_plus/raddino_features/patient00120__study1__view1_frontal.npz,ok,,,0.2676362991333008,0.2164939730624835,0.0976484045386314,0.15403941434987686,0.348443329334259,0.49597265810253816,0.0059180944226682,1.5370988257774212,0.999355645591494,1.1796887904224869,0.0006447698688134,1.1788692662985012,0.0010735198438516,0.5492765853647925,4.520546913146973,0.6218339248172466,0.0,1.1788692662985012,0.0,1.1796887904224869,0.0,pooled_embedding,True,768,11.42726993560791,-0.025986596941947937,0.4115264117717743,-7.553729057312012,1.11211359500885,0,0,cls_embedding,True,768,13.933566093444824,0.016351403668522835,0.5025182962417603,-1.6164318323135376,1.8286032676696777,0,0,1369,768,0.0328536331653595,0.5259538292884827,1.8395541906356812,1.5217950646300649,1.619757818646111,1.5235550545846626,1.452366574379363,1.3019130118681206,1.4619054924251123,0.7783654828402463,0.7522981062951667,0.7933710905917842,1.1814317112644839,1.7532730296981114,True,1.5370988257774212,1.7532730296981114,1.7532730296981114,
86,patient00121/study1,patient00121/study1/view1_frontal.dcm,/home/jovyan/Desktop/MEDAGENT-X/data/raw/chexpert_plus/dicom_train/patient00121/study1/view1_frontal.dcm,True,/home/jovyan/Desktop/MEDAGENT-X/outputs/chexpert_plus/convnext_features/patient00121_study1_view1_frontal.npz,/home/jovyan/Desktop/MEDAGENT-X/outputs/chexpert_plus/raddino_features/patient00121__study1__view1_frontal.npz,ok,,,0.254663735628128,0.40110609616421833,0.0776784271001815,0.7865151178278766,0.2210012227296829,1.093192747855121,0.0090367952361702,0.07157466528294845,0.998807226490284,0.23328684443829742,0.001194197917357,0.23325278421153256,0.0021210310686241,1.5582745143353398,4.108553409576416,0.6924770783179443,1.093192747855121,0.23325278421153256,0.6924770783179443,0.23328684443829742,0.0,pooled_embedding,True,768,10.799803733825684,-0.019798265770077705,0.3892010748386383,-6.623325347900391,1.0058797597885132,0,0,cls_embedding,True,768,15.91873550415039,0.016765763983130455,0.5741731524467468,-2.465985059738159,1.7494267225265503,0,0,1369,768,0.031645517796278,0.5078237056732178,1.796169400215149,0.6548039660112266,0.4784269089781676,0.6587065004286792,3.28508832120542,1.2221102105973864,3.2954610110372777,1.0157895077076229,1.0703886779250966,0.4848423716743575,1.356053288855102,3.3610105355568405,True,1.5582745143353398,3.3610105355568405,3.3610105355568405,
87,patient00122/study3,patient00122/study3/view1_frontal.dcm,/home/jovyan/Desktop/MEDAGENT-X/data/raw/chexpert_plus/dicom_train/patient00122/study3/view1_frontal.dcm,True,/home/jovyan/Desktop/MEDAGENT-X/outputs/chexpert_plus/convnext_features/patient00122_study3_view1_frontal.npz,/home/jovyan/Desktop/MEDAGENT-X/outputs/chexpert_plus/raddino_features/patient00122__study3__view1_frontal.npz,ok,,,0.6474664211273193,5.188855957299854,0.0971389636397361,0.13004554916853153,0.2849800884723663,0.2953951999367534,0.0095055103302001,0.14868156824716683,0.9988874869278036,0.37179156480000836,0.0011137521360069,0.3717074134585548,0.0012639752575353,0.16608783563077303,4.450324535369873,0.39781572312501495,0.2953951999367534,0.3717074134585548,0.0,0.37179156480000836,0.14868156824716683,pooled_embedding,True,768,11.11538314819336,-0.01251152902841568,0.4008966088294983,-7.0035223960876465,0.892691433429718,0,0,cls_embedding,True,768,12.685386657714844,0.028974639251828194,0.4568265378475189,-1.507407784461975,2.340048313140869,0,0,1369,768,0.03391864523291588,0.5437655448913574,1.9099695682525635,1.090850628583628,0.8654859558788236,1.1117731525634833,0.30003892744550836,1.1292309107879583,0.2927122207341328,0.3930160964699413,1.057708301370065,0.4338876139266107,0.9897429799876943,0.0116014318456815,True,5.188855957299854,1.090850628583628,5.188855957299854,moderate_outlier
87,patient00122/study3,patient00122/study3/view2_lateral.dcm,/home/jovyan/Desktop/MEDAGENT-X/data/raw/chexpert_plus/dicom_train/patient00122/study3/view2_lateral.dcm,True,/home/jovyan/Desktop/MEDAGENT-X/outputs/chexpert_plus/convnext_features/patient00122_study3_view2_lateral.npz,/home/jovyan/Desktop/MEDAGENT-X/outputs/chexpert_plus/raddino_features/patient00122__study3__view2_lateral.npz,ok,,,0.2711975276470184,0.16581424761687782,0.09305040538311,0.06251911497266886,0.3421839810907841,0.417920435352989,0.0074166595004498,0.8329006808145798,0.999380735759595,1.2229866694777478,0.0006196479662321,1.2221063838887498,0.0028262054038928,2.977057349906988,3.627915382385254,2.225772730282882,0.0,1.2221063838887498,2.225772730282882,1.2229866694777478,0.0,pooled_embedding,True,768,9.672661781311035,-0.005902659613639116,0.34898221492767334,-3.9145004749298096,1.5439752340316772,0,0,cls_embedding,True,768,13.897345542907715,0.02469574473798275,0.5008687973022461,-1.4341230392456055,1.4832431077957153,0,0,1369,768,0.035452552139759064,0.5704919695854187,1.8263567686080933,0.9026058784304348,2.0843778883808737,0.8993090828512179,1.4189275186023655,0.30514675864081964,1.41969693820181,0.8505886058585008,2.1809144014948494,4.947373036403254,1.2658300096904929,2.530326539821952,True,2.977057349906988,4.947373036403254,4.947373036403254,moderate_outlier
88,patient00122/study5,patient00122/study5/view1_frontal.dcm,/home/jovyan/Desktop/MEDAGENT-X/data/raw/chexpert_plus/dicom_train/patient00122/study5/view1_frontal.dcm,True,/home/jovyan/Desktop/MEDAGENT-X/outputs/chexpert_plus/convnext_features/patient00122_study5_view1_frontal.npz,/home/jovyan/Desktop/MEDAGENT-X/outputs/chexpert_plus/raddino_features/patient00122__study5__view1_frontal.npz,ok,,,0.3870697617530823,1.48315969175385,0.1282081454992294,1.593355154753621,0.4796093069016933,2.1315736344387246,0.0106289163231849,0.6765868477904083,0.9981966060484077,0.820455399722018,0.0018066520569846,0.8208374292193785,0.0013726649758571,0.05259157319843229,4.408243656158447,0.2635724350880519,0.0,0.0,0.0,0.0,0.6765868477904083,pooled_embedding,True,768,9.429643630981445,-0.017719218507409096,0.33980128169059753,-5.919952869415283,0.9662214517593384,0,0,cls_embedding,True,768,13.77124309539795,0.03162432834506035,0.4959196150302887,-2.1457631587982178,1.8086752891540527,0,0,1369,768,0.03325779363512993,0.5503942966461182,1.8494757413864136,1.2383922084990853,0.09498251377022952,1.2549640438342544,1.3025088912384681,1.6395418761048781,1.293053735661499,0.7240696227166483,1.0037578999819274,0.21709360775528558,1.0914012268885955,0.9243640918743773,True,2.1315736344387246,1.3025088912384681,2.1315736344387246,
89,patient00122/study1,patient00122/study1/view1_frontal.dcm,/home/jovyan/Desktop/MEDAGENT-X/data/raw/chexpert_plus/dicom_train/patient00122/study1/view1_frontal.dcm,True,/home/jovyan/Desktop/MEDAGENT-X/outputs/chexpert_plus/convnext_features/patient00122_study1_view1_frontal.npz,/home/jovyan/Desktop/MEDAGENT-X/outputs/chexpert_plus/raddino_features/patient00122__study1__view1_frontal.npz,ok,,,0.2443120926618576,0.5484199855764609,0.0557459630072116,1.8194996851890055,0.1316130757331848,2.207836523716812,0.0044930232688784,2.206761076564963,0.9996963359979166,1.7676151826744348,0.0003037562419194,1.765785254774166,0.0001761043946851,2.3548409287822207,3.4260854721069336,2.869635484286613,2.207836523716812,1.765785254774166,2.869635484286613,1.7676151826744348,0.0,pooled_embedding,True,768,9.636730194091797,-0.0023635129909962416,0.347727507352829,-5.17748498916626,1.0855387449264526,0,0,cls_embedding,True,768,13.977190017700195,0.030312037095427513,0.5034466981887817,-2.095580816268921,2.2736313343048096,0,0,1369,768,0.03543678671121597,0.5684232115745544,2.10540771484375,0.9522537577741226,2.7371124176236674,0.947914487340416,1.4926404745480621,1.3868040677002733,1.4856621029831147,0.6765225811754819,1.2843142421214349,1.3444797217457243,1.1066199393761462,1.0644824850003274,True,2.869635484286613,1.4926404745480621,2.869635484286613,
90,patient00122/study4,patient00122/study4/view1_frontal.dcm,/home/jovyan/Desktop/MEDAGENT-X/data/raw/chexpert_plus/dicom_train/patient00122/study4/view1_frontal.dcm,True,/home/jovyan/Desktop/MEDAGENT-X/outputs/chexpert_plus/convnext_features/patient00122_study4_view1_frontal.npz,/home/jovyan/Desktop/MEDAGENT-X/outputs/chexpert_plus/raddino_features/patient00122__study4__view1_frontal.npz,ok,,,0.242642804980278,0.5721755634806356,0.1018281802535057,0.3509002773242266,0.359951164573431,0.6394719625851276,0.0097900228574872,0.2823782604394462,0.9985482835257844,0.2135687172308531,0.0014538270188495,0.21359290969056183,0.0010253072721065,0.6462783703555213,4.542555332183838,0.692043544753179,0.0,0.0,0.0,0.0,0.2823782604394462,pooled_embedding,True,768,10.87042236328125,-0.013119380921125412,0.3920331299304962,-6.7762651443481445,1.0831243991851807,0,0,cls_embedding,True,768,13.629171371459961,0.03351656720042229,0.49065694212913513,-1.6217986345291138,1.9494584798812866,0,0,1369,768,0.03371129930019379,0.548694908618927,2.0886776447296143,0.7523800951489162,0.7533781622941258,0.7684158749755903,1.1713473205100153,2.003973401054862,1.1583887115219447,0.5849669796775967,0.8938382063457576,0.22460710488759789,1.1136321399413358,1.1290436807174413,True,0.692043544753179,1.1713473205100153,1.1713473205100153,
91,patient00122/study8,patient00122/study8/view1_frontal.dcm,/home/jovyan/Desktop/MEDAGENT-X/data/raw/chexpert_plus/dicom_train/patient00122/study8/view1_frontal.dcm,True,/home/jovyan/Desktop/MEDAGENT-X/outputs/chexpert_plus/convnext_features/patient00122_study8_view1_frontal.npz,/home/jovyan/Desktop/MEDAGENT-X/outputs/chexpert_plus/raddino_features/patient00122__study8__view1_frontal.npz,ok,,,0.3449061214923858,0.8831303187528132,0.1140828356146812,0.9280752729272609,0.3445665687322616,0.4476305991079436,0.0101193487644195,0.4371334300269026,0.99841973314865,0.43540695519265493,0.0015827680472284,0.4355123438649453,0.0017817514510071,0.8756573601660905,4.7503581047058105,1.3549604792209444,0.0,0.0,0.0,0.0,0.4371334300269026,pooled_embedding,True,768,10.525786399841309,-0.021141132339835167,0.37922775745391846,-6.565483570098877,1.1678904294967651,0,0,cls_embedding,True,768,12.856054306030273,0.029459089040756226,0.46296659111976624,-1.9712532758712769,1.9721556901931763,0,0,1369,768,0.03268260136246681,0.5334563851356506,1.9313595294952393,0.27618502405557427,0.7260954776208436,0.2723558197582529,0.4576004478178071,1.2225324381508826,0.4498282789911624,0.27595915921688413,0.9020747707254648,0.19150933836463405,1.0105008772013335,0.17951612850168977,True,1.3549604792209444,0.4576004478178071,1.3549604792209444,
92,patient00122/study2,patient00122/study2/view1_frontal.dcm,/home/jovyan/Desktop/MEDAGENT-X/data/raw/chexpert_plus/dicom_train/patient00122/study2/view1_frontal.dcm,True,/home/jovyan/Desktop/MEDAGENT-X/outputs/chexpert_plus/convnext_features/patient00122_study2_view1_frontal.npz,/home/jovyan/Desktop/MEDAGENT-X/outputs/chexpert_plus/raddino_features/patient00122__study2__view1_frontal.npz,ok,,,0.2288996279239654,0.767754262595674,0.1003353893756866,0.28059217457078905,0.331868140026927,0.2892849459624638,0.0172735769301652,3.7990122550806853,0.9954106920808348,5.628082257426249,0.0046104667708277,5.646461845657587,0.0031192048416198,3.566560614969538,4.316728591918945,0.02837210976568178,0.0,0.0,0.02837210976568178,0.0,3.7990122550806853,pooled_embedding,True,768,9.41209888458252,-0.014825314283370972,0.339306116104126,-5.217640399932861,1.1380339860916138,0,0,cls_embedding,True,768,11.300630569458008,0.025685258209705353,0.4069666266441345,-1.5862858295440674,1.4253982305526733,0,0,1369,768,0.03307924047112465,0.5548747181892395,2.402984142303467,1.2626343731163803,0.4387481882204876,1.27414598240075,0.9783772033451019,0.4957199003119039,0.9831387150760752,2.3050147884284717,1.0830833134879,0.5358544277431427,0.8793561473787278,1.027930876276952,True,5.646461845657587,1.2626343731163803,5.646461845657587,moderate_outlier
93,patient00122/study7,patient00122/study7/view1_frontal.dcm,/home/jovyan/Desktop/MEDAGENT-X/data/raw/chexpert_plus/dicom_train/patient00122/study7/view1_frontal.dcm,True,/home/jovyan/Desktop/MEDAGENT-X/outputs/chexpert_plus/convnext_features/patient00122_study7_view1_frontal.npz,/home/jovyan/Desktop/MEDAGENT-X/outputs/chexpert_plus/raddino_features/patient00122__study7__view1_frontal.npz,ok,,,0.3931505382061004,1.5696950207696676,0.1170060113072395,1.0657522510040558,0.4644688889384269,1.9427770969362685,0.0096689313650131,0.22547555688967708,0.9985170942266444,0.2673918122596021,0.001485108048655,0.2674304548234384,0.0010815490416036,0.5331221574677429,4.641035079956055,1.0062063045085317,0.0,0.0,0.0,0.0,0.22547555688967708,pooled_embedding,True,768,10.459421157836914,-0.01105509977787733,0.3772599399089813,-6.270725727081299,1.1444951295852661,0,0,cls_embedding,True,768,14.661416053771973,0.031871598213911057,0.5280873775482178,-1.6700984239578247,2.111372232437134,0,0,1369,768,0.03311727195978165,0.5496180653572083,1.9863951206207275,0.18448594303405225,1.1340992015531928,0.19612565294470327,2.124322551297191,1.687164265384169,2.116185364276083,0.025224076412732707,1.0496469687967496,0.4014939979630283,1.1909152946621022,1.840588199613913,True,1.9427770969362685,2.124322551297191,2.124322551297191,
94,patient00122/study6,patient00122/study6/view1_frontal.dcm,/home/jovyan/Desktop/MEDAGENT-X/data/raw/chexpert_plus/dicom_train/patient00122/study6/view1_frontal.dcm,True,/home/jovyan/Desktop/MEDAGENT-X/outputs/chexpert_plus/convnext_features/patient00122_study6_view1_frontal.npz,/home/jovyan/Desktop/MEDAGENT-X/outputs/chexpert_plus/raddino_features/patient00122__study6__view1_frontal.npz,ok,,,0.4168361723423004,1.9067644984524108,0.0974276810884475,0.1436436869601874,0.2854700982570648,0.2892849227358293,0.0110460016876459,0.8725814991400728,0.9980681792477988,1.0420803827770933,0.0019355599069967,1.042699760356198,0.0015147173584353,0.3383953412513518,4.483218669891357,0.5027521421838462,0.2892849227358293,0.0,0.0,0.0,0.8725814991400728,pooled_embedding,True,768,10.402758598327637,-0.015239504165947437,0.3750677704811096,-6.9347825050354,0.9450987577438354,0,0,cls_embedding,True,768,13.688522338867188,0.03971848636865616,0.4923425316810608,-1.5537331104278564,2.058928966522217,0,0,1369,768,0.03227349370718002,0.5457333922386169,2.084467887878418,0.10619338388111525,0.36235801091305875,0.11120444589470599,1.2261405326539243,3.198418200500485,1.201520778052185,0.5619290116331316,0.9271364330510874,0.09080168768755632,1.098785712382047,0.9923529077647312,True,1.9067644984524108,1.2261405326539243,1.9067644984524108,
95,patient00124/study6,patient00124/study6/view1_frontal.dcm,/home/jovyan/Desktop/MEDAGENT-X/data/raw/chexpert_plus/dicom_train/patient00124/study6/view1_frontal.dcm,True,/home/jovyan/Desktop/MEDAGENT-X/outputs/chexpert_plus/convnext_features/patient00124_study6_view1_frontal.npz,/home/jovyan/Desktop/MEDAGENT-X/outputs/chexpert_plus/raddino_features/patient00124__study6__view1_frontal.npz,ok,,,0.1426093131303787,1.9957488845382783,0.0689800605177879,1.196194504638884,0.208791209384799,1.2454480057988415,0.0087407100945711,0.21070950203878921,0.9989138278372408,0.41724783701109647,0.0010873532155528,0.4171423969051974,0.0007962249426913,1.1071829448012303,3.8726766109466553,1.4449536808289982,1.2454480057988415,0.4171423969051974,1.4449536808289982,0.41724783701109647,0.0,pooled_embedding,True,768,9.969265937805176,-0.022909842431545258,0.3590046465396881,-5.810563564300537,1.2418309450149536,0,0,cls_embedding,True,768,13.454913139343262,0.018966704607009888,0.4851417541503906,-1.9134397506713867,1.71030592918396,0,0,1369,768,0.03249676153063774,0.5482757091522217,1.9802987575531006,0.49277796616462255,1.0523035362791304,0.5110557940100072,1.010470949031861,0.7982249565704416,1.0172621516460667,0.00813837716924455,0.9620286466399284,0.04940899793254413,1.0696814244920616,0.7243902890112881,True,1.9957488845382783,1.010470949031861,1.9957488845382783,
96,patient00124/study4,patient00124/study4/view1_frontal.dcm,/home/jovyan/Desktop/MEDAGENT-X/data/raw/chexpert_plus/dicom_train/patient00124/study4/view1_frontal.dcm,True,/home/jovyan/Desktop/MEDAGENT-X/outputs/chexpert_plus/convnext_features/patient00124_study4_view1_frontal.npz,/home/jovyan/Desktop/MEDAGENT-X/outputs/chexpert_plus/raddino_features/patient00124__study4__view1_frontal.npz,ok,,,0.2008691430091858,1.166655168312974,0.0949237048625946,0.025710344524018044,0.3084249179810285,0.0030451046943424168,0.0094403773546218,0.11807460879096023,0.9986286987864712,0.07479681991200289,0.0013731842627748,0.07479926872648192,0.0012060735014388,0.2825838758161661,4.273351192474365,0.16675146012754577,0.0030451046943424168,0.0,0.16675146012754577,0.0,0.11807460879096023,pooled_embedding,True,768,10.469983100891113,-0.017658323049545288,0.377390056848526,-6.7965521812438965,1.1994837522506714,0,0,cls_embedding,True,768,11.437771797180176,0.016303809359669685,0.4124029278755188,-2.2713170051574707,1.5998460054397583,0,0,1369,768,0.0316447839140892,0.5343245267868042,1.9151408672332764,0.1990797340400066,0.08375139727241275,0.2011661792029831,0.8517674998722329,1.3110793317040885,0.8440307655028112,0.364716072293442,0.810027641050336,0.5613910349859005,0.87470597299905,1.07074494233996,True,1.166655168312974,1.07074494233996,1.166655168312974,
97,patient00124/study2,patient00124/study2/view1_frontal.dcm,/home/jovyan/Desktop/MEDAGENT-X/data/raw/chexpert_plus/dicom_train/patient00124/study2/view1_frontal.dcm,True,/home/jovyan/Desktop/MEDAGENT-X/outputs/chexpert_plus/convnext_features/patient00124_study2_view1_frontal.npz,/home/jovyan/Desktop/MEDAGENT-X/outputs/chexpert_plus/raddino_features/patient00124__study2__view1_frontal.npz,ok,,,0.2368592172861099,0.654481609077536,0.0867095589637756,0.36116300958545056,0.2901098951697349,0.23142802644987537,0.0084486687555909,0.3479440954584906,0.9988886143434708,0.3737371359498392,0.0011126222088932,0.37365212251573504,0.0010234782714724,0.6499582471974964,4.309414863586426,0.05170382140206637,0.23142802644987537,0.37365212251573504,0.05170382140206637,0.3737371359498392,0.0,pooled_embedding,True,768,10.268136024475098,-0.016484243795275688,0.3701525628566742,-6.505566596984863,1.0850138664245605,0,0,cls_embedding,True,768,11.008492469787598,0.02297847904264927,0.3965696096420288,-2.101269006729126,1.2282658815383911,0,0,1369,768,0.033380620181560516,0.5399690270423889,1.987202763557434,0.07981914216696842,0.1327872633262581,0.07920299208040042,1.248081061088963,0.025586200531488364,1.2491849945742788,0.029643916518675137,0.8473379255883661,0.4114635859165392,0.8582947485634556,1.2218427700324064,True,0.654481609077536,1.248081061088963,1.248081061088963,
98,patient00124/study3,patient00124/study3/view1_frontal.dcm,/home/jovyan/Desktop/MEDAGENT-X/data/raw/chexpert_plus/dicom_train/patient00124/study3/view1_frontal.dcm,True,/home/jovyan/Desktop/MEDAGENT-X/outputs/chexpert_plus/convnext_features/patient00124_study3_view1_frontal.npz,/home/jovyan/Desktop/MEDAGENT-X/outputs/chexpert_plus/raddino_features/patient00124__study3__view1_frontal.npz,ok,,,0.2649142444133758,0.25523144394432334,0.1051696985960006,0.5082805363192825,0.3811965864151716,0.9043960942194922,0.0090657174587249,0.05798368029791734,0.9987339918964576,0.1069065598025223,0.0012676129117608,0.10689878949907121,0.0009579390820855,0.7818205006982313,4.463823318481445,0.44087853605462846,0.0,0.10689878949907121,0.0,0.1069065598025223,0.0,pooled_embedding,True,768,10.741772651672363,-0.025177421048283577,0.38679173588752747,-6.879512786865234,1.192704677581787,0,0,cls_embedding,True,768,11.323238372802734,0.021067222580313683,0.40804868936538696,-1.6448190212249756,1.547005295753479,0,0,1369,768,0.0320577472448349,0.5384809374809265,2.0233211517333984,0.5746204732155317,1.4705192867790124,0.5653724864973064,0.9575055272985116,0.3936803791103559,0.9554501231352706,0.22730242793103758,0.8275012870388343,0.4911750288247491,0.8900765152175729,0.9292286558015427,True,0.9043960942194922,0.9575055272985116,0.9575055272985116,
99,patient00124/study5,patient00124/study5/view1_frontal.dcm,/home/jovyan/Desktop/MEDAGENT-X/data/raw/chexpert_plus/dicom_train/patient00124/study5/view1_frontal.dcm,True,/home/jovyan/Desktop/MEDAGENT-X/outputs/chexpert_plus/convnext_features/patient00124_study5_view1_frontal.npz,/home/jovyan/Desktop/MEDAGENT-X/outputs/chexpert_plus/raddino_features/patient00124__study5__view1_frontal.npz,ok,,,0.262989729642868,0.28261915012764055,0.1067523211240768,0.5828195685288364,0.3645909689366817,0.6973289517776197,0.0092656156048178,0.035951448544479854,0.9986332671951932,0.06691315777296289,0.0013686033198609,0.06691504233074948,0.0011419060625274,0.41168622168556995,4.48043966293335,0.4938867610769973,0.0,0.0,0.0,0.0,0.035951448544479854,pooled_embedding,True,768,10.03222370147705,-0.016731707379221916,0.36161983013153076,-6.864687919616699,0.9988381862640381,0,0,cls_embedding,True,768,11.21030330657959,0.012743028812110424,0.404316246509552,-1.9134695529937744,1.5634500980377197,0,0,1369,768,0.03055865876376629,0.5330012440681458,1.8169887065887451,0.40578711225499886,0.08714687506473591,0.4097476813919788,1.0617679397305235,1.996859925037825,1.050958530501867,0.9018554892128161,0.810639256071656,0.5589333244351931,0.8688559346289494,1.1246061330822241,True,0.6973289517776197,1.1246061330822241,1.1246061330822241,
100,patient00124/study1,patient00124/study1/view1_frontal.dcm,/home/jovyan/Desktop/MEDAGENT-X/data/raw/chexpert_plus/dicom_train/patient00124/study1/view1_frontal.dcm,True,/home/jovyan/Desktop/MEDAGENT-X/outputs/chexpert_plus/convnext_features/patient00124_study1_view1_frontal.npz,/home/jovyan/Desktop/MEDAGENT-X/outputs/chexpert_plus/raddino_features/patient00124__study1__view1_frontal.npz,ok,,,0.263102650642395,0.28101217511016285,0.0828983187675476,0.5406664291976524,0.2783882841467857,0.3775930517782781,0.0088754864409565,0.14737608094374569,0.998780046461632,0.18638251169097395,0.0012214436428621,0.18636037096045455,0.0010393296103009,0.6180659812344469,4.230724334716797,0.30273648827558336,0.3775930517782781,0.18636037096045455,0.30273648827558336,0.18638251169097395,0.0,pooled_embedding,True,768,11.218971252441406,-0.018264101818203926,0.4044175446033478,-7.5390143394470215,1.0227187871932983,0,0,cls_embedding,True,768,12.157880783081055,0.025974372401833534,0.4379401206970215,-1.5893769264221191,1.9696283340454102,0,0,1369,768,0.033799249678850174,0.5354163646697998,2.090946912765503,1.2339817869643739,0.1954768388960771,1.2481686847970956,0.18695804258952572,0.551401203770712,0.19056687892717,0.5973855887191789,0.7024912500410393,0.9935146970211108,0.9315313603804808,0.5475546938114402,True,0.6180659812344469,1.2339817869643739,1.2339817869643739,
101,patient00124/study7,patient00124/study7/view1_frontal.dcm,/home/jovyan/Desktop/MEDAGENT-X/data/raw/chexpert_plus/dicom_train/patient00124/study7/view1_frontal.dcm,True,/home/jovyan/Desktop/MEDAGENT-X/outputs/chexpert_plus/convnext_features/patient00124_study7_view1_frontal.npz,/home/jovyan/Desktop/MEDAGENT-X/outputs/chexpert_plus/raddino_features/patient00124__study7__view1_frontal.npz,ok,,,0.4071732759475708,1.7692521387686975,0.1928099393844604,4.635998052715928,0.633818868547678,4.05452129408526,0.012258805334568,1.4424960734413839,0.9969219516030788,3.0201151943113436,0.0030875520315021,3.0253847416822737,0.0027742891284202,2.8726038596941494,5.360798358917236,3.302341532352816,0.0,0.0,0.0,0.0,1.4424960734413839,pooled_embedding,True,768,11.656229972839355,-0.02528403140604496,0.4198473393917084,-7.935790061950684,1.071605920791626,0,0,cls_embedding,True,768,12.053735733032227,0.02598222903907299,0.4341749846935272,-1.6271768808364868,1.7760188579559326,0,0,1369,768,0.03250285983085632,0.5471836924552917,2.2696213722229004,1.8381568282681264,1.490181727786844,1.8458947461597328,0.2831054529916118,0.5529143353090696,0.28691186185174433,1.575184695138322,0.7729110824211354,0.7105400168929478,0.9876168233855005,0.031176914783363138,True,4.635998052715928,1.8381568282681264,4.635998052715928,moderate_outlier
101,patient00124/study7,patient00124/study7/view2_lateral.dcm,/home/jovyan/Desktop/MEDAGENT-X/data/raw/chexpert_plus/dicom_train/patient00124/study7/view2_lateral.dcm,True,/home/jovyan/Desktop/MEDAGENT-X/outputs/chexpert_plus/convnext_features/patient00124_study7_view2_lateral.npz,/home/jovyan/Desktop/MEDAGENT-X/outputs/chexpert_plus/raddino_features/patient00124__study7__view2_lateral.npz,ok,,,0.3376822173595428,0.7803271774526556,0.1828638762235641,4.167554119209243,0.5224125795066357,2.665317794024887,0.0080214133486151,0.548717801905126,0.9986508402272752,0.03658753322305046,0.0013509824639186,0.03658791969533362,0.0102253328781153,17.863808800714423,4.976366996765137,2.0759572208336308,0.0,0.0,0.0,0.0,0.0,pooled_embedding,True,768,10.616937637329102,-0.016344361007213593,0.38275691866874695,-5.623600959777832,1.3695181608200073,0,0,cls_embedding,True,768,12.639406204223633,0.025500761345028877,0.45537179708480835,-1.3848240375518799,1.2692075967788696,0,0,1369,768,0.03536100685596466,0.5918500423431396,2.2125635147094727,0.4021317464535978,0.1585862300123848,0.4090699926806618,0.25758946364266067,0.46018713786385756,0.25548727751482847,1.2629345713083793,1.5738766809171103,2.5080558866685023,1.1696852237976993,1.6451233455466858,True,17.863808800714423,2.5080558866685023,17.863808800714423,extreme_outlier
102,patient00125/study1,patient00125/study1/view1_frontal.dcm,/home/jovyan/Desktop/MEDAGENT-X/data/raw/chexpert_plus/dicom_train/patient00125/study1/view1_frontal.dcm,True,/home/jovyan/Desktop/MEDAGENT-X/outputs/chexpert_plus/convnext_features/patient00125_study1_view1_frontal.npz,/home/jovyan/Desktop/MEDAGENT-X/outputs/chexpert_plus/raddino_features/patient00125__study1__view1_frontal.npz,ok,,,0.4640755355358124,2.5790263169935748,0.1655593514442443,3.3525382155340506,0.5267857313156128,2.7198497046703287,0.0062118251807987,1.3990703490293648,0.9992161018452852,0.9388793936115946,0.0007845131331123,0.9383581851260792,0.0504734063307808,98.84133864474951,5.391340732574463,3.3997755389856037,0.0,0.9383581851260792,0.0,0.9388793936115946,0.0,pooled_embedding,True,768,12.27616024017334,-0.02239767275750637,0.4424112141132355,-8.168468475341797,1.1668777465820312,0,0,cls_embedding,True,768,13.570590019226074,0.031428832560777664,0.48867687582969666,-1.4198191165924072,2.3063695430755615,0,0,1369,768,0.033296115696430206,0.534156858921051,2.0535166263580322,2.694735273475764,0.9578426770038061,2.7199838802908127,1.1172646222684772,1.6018908012495294,1.1077213641454142,0.3925476912749499,0.9186760971191542,0.12479865662655468,1.1308150289290682,1.287246209097694,True,98.84133864474951,2.694735273475764,98.84133864474951,extreme_outlier
102,patient00125/study1,patient00125/study1/view2_lateral.dcm,/home/jovyan/Desktop/MEDAGENT-X/data/raw/chexpert_plus/dicom_train/patient00125/study1/view2_lateral.dcm,True,/home/jovyan/Desktop/MEDAGENT-X/outputs/chexpert_plus/convnext_features/patient00125_study1_view2_lateral.npz,/home/jovyan/Desktop/MEDAGENT-X/outputs/chexpert_plus/raddino_features/patient00125__study1__view2_lateral.npz,ok,,,0.3835146725177765,1.432567334176705,0.2116033732891082,5.521139234706747,0.6381507199257612,4.108538200563113,0.0055560213513672,1.7072423777201968,0.9993727861876568,1.209268164167802,0.0006276074564084,1.208407365209835,0.0519640418475345,101.84043827088348,5.091162204742432,2.442168347087258,0.0,1.208407365209835,0.0,1.209268164167802,0.0,pooled_embedding,True,768,10.37520694732666,-0.013245205394923687,0.3741486668586731,-6.108452320098877,1.5512707233428955,0,0,cls_embedding,True,768,12.76082706451416,0.022075578570365906,0.4599372148513794,-1.3320722579956055,1.5412635803222656,0,0,1369,768,0.03573128208518028,0.5719507336616516,1.9839668273925781,0.068124343505312,0.7301720091083591,0.07559981240745235,0.36968601821010505,0.19947830461754917,0.3723104404379273,0.01193519922335303,1.5314196887762368,2.3374469351245706,1.1141579988053354,1.1338852531628723,True,101.84043827088348,2.3374469351245706,101.84043827088348,extreme_outlier
103,patient00126/study1,patient00126/study1/view1_frontal.dcm,/home/jovyan/Desktop/MEDAGENT-X/data/raw/chexpert_plus/dicom_train/patient00126/study1/view1_frontal.dcm,True,/home/jovyan/Desktop/MEDAGENT-X/outputs/chexpert_plus/convnext_features/patient00126_study1_view1_frontal.npz,/home/jovyan/Desktop/MEDAGENT-X/outputs/chexpert_plus/raddino_features/patient00126__study1__view1_frontal.npz,ok,,,0.2827291190624237,0.0017085507674591514,0.1017843931913375,0.34883797555648605,0.3118437156081199,0.03958629134653811,0.0079118721187114,0.6001928643090395,0.9990030823486272,0.5712735503343407,0.0009979124879464,0.571078160502733,0.001811929961469,0.9363753280571769,4.620734691619873,0.9414455169550175,0.0,0.571078160502733,0.0,0.5712735503343407,0.0,pooled_embedding,True,768,9.874452590942383,-0.008091074414551258,0.3562217354774475,-6.00196647644043,1.0703622102737427,0,0,cls_embedding,True,768,12.660706520080566,0.023948656395077705,0.45622575283050537,-2.283669948577881,1.3965733051300049,0,0,1369,768,0.03405032679438591,0.5280141830444336,1.732790231704712,0.6237847479272387,1.6807625377982398,0.6188614058908846,0.2772540584499076,0.16126294434023825,0.2773389056263141,1.3626331165999728,0.9032532386943164,0.18677378894260338,1.0704810962753055,0.7317528517371402,True,0.9414455169550175,0.7317528517371402,0.9414455169550175,
104,patient00127/study1,patient00127/study1/view1_frontal.dcm,/home/jovyan/Desktop/MEDAGENT-X/data/raw/chexpert_plus/dicom_train/patient00127/study1/view1_frontal.dcm,True,/home/jovyan/Desktop/MEDAGENT-X/outputs/chexpert_plus/convnext_features/patient00127_study1_view1_frontal.npz,/home/jovyan/Desktop/MEDAGENT-X/outputs/chexpert_plus/raddino_features/patient00127__study1__view1_frontal.npz,ok,,,0.4626942873001098,2.559369818937358,0.1815168857574463,4.104112986558387,0.5462288558483124,2.9622997215000364,0.01211101654917,1.3730479126196686,0.9970102533821243,2.867733602681615,0.0029987120069563,2.8724828436044345,0.0160671609032824,29.617335433685735,5.355473518371582,3.2853546224660306,0.0,0.0,0.0,0.0,1.3730479126196686,pooled_embedding,True,768,11.290319442749023,-0.02339509315788746,0.4067319929599762,-7.3679938316345215,1.0535027980804443,0,0,cls_embedding,True,768,13.414079666137695,0.0162359606474638,0.4837665259838104,-1.6962355375289917,1.5384408235549927,0,0,1369,768,0.032555896788835526,0.5254348516464233,1.8825103044509888,1.3325659748036034,1.1417996601179257,1.3378267858548167,0.9727732120333433,1.3241465032110147,0.9820718333936586,0.543287398197367,0.9483621240129643,0.005508483948917208,1.1018781658444134,1.0208250673063497,True,29.617335433685735,1.3325659748036034,29.617335433685735,extreme_outlier
105,patient00129/study1,patient00129/study1/view1_frontal.dcm,/home/jovyan/Desktop/MEDAGENT-X/data/raw/chexpert_plus/dicom_train/patient00129/study1/view1_frontal.dcm,True,/home/jovyan/Desktop/MEDAGENT-X/outputs/chexpert_plus/convnext_features/patient00129_study1_view1_frontal.npz,/home/jovyan/Desktop/MEDAGENT-X/outputs/chexpert_plus/raddino_features/patient00129__study1__view1_frontal.npz,ok,,,0.2970331013202667,0.201850948662008,0.1005151495337486,0.2890585953212034,0.3743589781224727,0.8191331395512886,0.0056799463927745,1.6490081471436702,0.9993873572729188,1.2344133558955654,0.000613018288277,1.2335166727553069,0.0048441081792908,7.0369978190906375,4.419883728027344,0.3007057257879987,0.0,1.2335166727553069,0.0,1.2344133558955654,0.0,pooled_embedding,True,768,9.804564476013184,-0.012251273728907108,0.3535795509815216,-5.498082160949707,1.0631705522537231,0,0,cls_embedding,True,768,11.872411727905273,0.01581975258886814,0.4281165599822998,-1.4678727388381958,1.5784095525741577,0,0,1369,768,0.03330064192414284,0.5335559248924255,1.9740461111068726,0.7203515006395956,0.913485555364423,0.7212154912047447,0.4505049936180488,1.404305166616896,0.4419391503245428,0.0423560942757813,1.1191076962850783,0.6806146160921185,0.9898121874022874,0.010964240510796168,True,7.0369978190906375,0.7203515006395956,7.0369978190906375,extreme_outlier
106,patient00133/study1,patient00133/study1/view1_frontal.dcm,/home/jovyan/Desktop/MEDAGENT-X/data/raw/chexpert_plus/dicom_train/patient00133/study1/view1_frontal.dcm,True,/home/jovyan/Desktop/MEDAGENT-X/outputs/chexpert_plus/convnext_features/patient00133_study1_view1_frontal.npz,/home/jovyan/Desktop/MEDAGENT-X/outputs/chexpert_plus/raddino_features/patient00133__study1__view1_frontal.npz,ok,,,0.6627873182296753,5.406887138319806,0.1435880362987518,2.3177238246970244,0.5384284555912018,2.86503103557282,0.012148106470704,1.3904770215241182,0.998415287730042,0.4430783743902061,0.0015872275689616,0.4431875931797866,0.0021425947491665,1.601659785601132,4.601499080657959,0.8800815029106992,0.0,0.0,0.0,0.0,1.3904770215241182,pooled_embedding,True,768,11.089774131774902,-0.019895019009709358,0.39967289566993713,-7.51701545715332,1.094078540802002,0,0,cls_embedding,True,768,11.45588207244873,0.012390636838972569,0.41319283843040466,-1.2891311645507812,1.3819515705108643,0,0,1369,768,0.032052185386419296,0.5733457207679749,2.4269628524780273,1.055465791573886,0.49627137462410387,1.0643684231335182,0.8350479719837343,2.064728071697459,0.823817971369534,2.4362386995177863,1.0174906144300537,0.2722770744990705,0.9658665107070458,0.23143162522520186,True,5.406887138319806,1.055465791573886,5.406887138319806,moderate_outlier
106,patient00133/study1,patient00133/study1/view2_lateral.dcm,/home/jovyan/Desktop/MEDAGENT-X/data/raw/chexpert_plus/dicom_train/patient00133/study1/view2_lateral.dcm,True,/home/jovyan/Desktop/MEDAGENT-X/outputs/chexpert_plus/convnext_features/patient00133_study1_view2_lateral.npz,/home/jovyan/Desktop/MEDAGENT-X/outputs/chexpert_plus/raddino_features/patient00133__study1__view2_lateral.npz,ok,,,0.2421461194753646,0.5792438785086834,0.1276696622371673,1.5679934399397017,0.374168336391449,0.8167558935064251,0.0065381866879761,1.2457081952269946,0.9994752839884752,1.3861477038110959,0.0005249914829619,1.385018945331429,0.0021548825062851,1.6263822662922371,3.869135856628418,1.4562491316541368,0.0,1.385018945331429,1.4562491316541368,1.3861477038110959,0.0,pooled_embedding,True,768,9.60918140411377,-0.012470610439777374,0.3465171158313751,-4.804494857788086,1.240634560585022,0,0,cls_embedding,True,768,13.428298950195312,0.02831212617456913,0.4837241470813751,-1.7633622884750366,1.3846405744552612,0,0,1369,768,0.035324301570653915,0.5794588327407837,1.9034316539764404,0.9903188449785473,0.8730326835337968,0.9948031573939606,0.985900550675656,1.0016356812741634,0.9809874118408375,0.4287949467681415,1.5996830133202387,2.6117559156268264,1.2604017421055709,2.4803485845856503,True,1.6263822662922371,2.6117559156268264,2.6117559156268264,
107,patient00134/study4,patient00134/study4/view1_frontal.dcm,/home/jovyan/Desktop/MEDAGENT-X/data/raw/chexpert_plus/dicom_train/patient00134/study4/view1_frontal.dcm,True,/home/jovyan/Desktop/MEDAGENT-X/outputs/chexpert_plus/convnext_features/patient00134_study4_view1_frontal.npz,/home/jovyan/Desktop/MEDAGENT-X/outputs/chexpert_plus/raddino_features/patient00134__study4__view1_frontal.npz,ok,,,0.4008271694183349,1.678940906195054,0.1498923897743225,2.6146489590480457,0.5654521025717258,3.202007927029187,0.0086972108110785,0.23115046599615555,0.9987078789981902,0.061843764431246596,0.0012937927385792,0.06184088646102339,0.0036413878456811,4.617172139149744,4.906190395355225,1.852085051500057,0.0,0.06184088646102339,0.0,0.061843764431246596,0.0,pooled_embedding,True,768,11.118606567382812,-0.03024575114250183,0.4000664949417114,-7.315336227416992,1.3569254875183105,0,0,cls_embedding,True,768,11.173919677734375,0.01727619580924511,0.4028337895870209,-1.9463398456573486,2.0656776428222656,0,0,1369,768,0.03111567534506321,0.5435789227485657,2.0529348850250244,1.0953045350035038,2.405285322447285,1.0796158418905273,1.095357550497986,1.1238047306909462,1.088892694567953,0.38936410164882457,0.8419844703519923,0.4329758819827463,0.8659347148224311,1.1515017476482967,True,4.617172139149744,1.1515017476482967,4.617172139149744,moderate_outlier
108,patient00134/study2,patient00134/study2/view1_frontal.dcm,/home/jovyan/Desktop/MEDAGENT-X/data/raw/chexpert_plus/dicom_train/patient00134/study2/view1_frontal.dcm,True,/home/jovyan/Desktop/MEDAGENT-X/outputs/chexpert_plus/convnext_features/patient00134_study2_view1_frontal.npz,/home/jovyan/Desktop/MEDAGENT-X/outputs/chexpert_plus/raddino_features/patient00134__study2__view1_frontal.npz,ok,,,0.2695065438747406,0.18987858187173046,0.0898492559790611,0.2132882177138295,0.3108669146895408,0.027405872569171215,0.0055675860494375,1.701807953117018,0.9993851279809636,1.230566286674293,0.0006152503192424,1.229675141047915,0.0054830812700481,8.322586372470399,4.44110631942749,0.36840845690030594,0.0,1.229675141047915,0.0,1.230566286674293,0.0,pooled_embedding,True,768,10.925215721130371,-0.024373581632971764,0.39347559213638306,-7.1180195808410645,1.1066532135009766,0,0,cls_embedding,True,768,11.997953414916992,0.031597577035427094,0.4317842125892639,-1.295303225517273,1.9320850372314453,0,0,1369,768,0.03215638920664787,0.5206629633903503,1.8139477968215942,0.8280899156678424,1.322264976267135,0.8242945995351416,0.3346040641161019,1.634389767249048,0.34808864201268114,0.9184969211334783,0.8527915322518755,0.38954884188787264,0.9051809755523386,0.7901621800485317,True,8.322586372470399,0.8280899156678424,8.322586372470399,extreme_outlier
109,patient00134/study5,patient00134/study5/view1_frontal.dcm,/home/jovyan/Desktop/MEDAGENT-X/data/raw/chexpert_plus/dicom_train/patient00134/study5/view1_frontal.dcm,True,/home/jovyan/Desktop/MEDAGENT-X/outputs/chexpert_plus/convnext_features/patient00134_study5_view1_frontal.npz,/home/jovyan/Desktop/MEDAGENT-X/outputs/chexpert_plus/raddino_features/patient00134__study5__view1_frontal.npz,ok,,,0.3110218644142151,0.4009245745734352,0.0445723384618759,2.3457598294159805,0.1356894373893737,2.157005498565231,0.003825488500297,2.5204456490288427,0.99979960950552,1.9458333525901677,0.0002004306588787,1.9436181386313471,0.0013544566340523,0.015957110591354802,3.285313367843628,3.31871617115252,2.157005498565231,1.9436181386313471,3.31871617115252,1.9458333525901677,0.0,pooled_embedding,True,768,11.082429885864258,-0.01605149358510971,0.3995804786682129,-7.365777969360352,0.9610294103622437,0,0,cls_embedding,True,768,13.89222526550293,0.03196442499756813,0.5002723932266235,-2.3957760334014893,2.315410614013672,0,0,1369,768,0.03219590336084366,0.5506955981254578,2.142523765563965,1.0453180006450504,0.21260057281312889,1.0607883333655554,1.4142004440771758,1.705042032891421,1.4044357257439666,0.8796408183216646,0.9031799536981685,0.18706827698158665,1.0830396998324003,0.8473796731101993,True,3.31871617115252,1.4142004440771758,3.31871617115252,
109,patient00134/study5,patient00134/study5/view2_lateral.dcm,/home/jovyan/Desktop/MEDAGENT-X/data/raw/chexpert_plus/dicom_train/patient00134/study5/view2_lateral.dcm,True,/home/jovyan/Desktop/MEDAGENT-X/outputs/chexpert_plus/convnext_features/patient00134_study5_view2_lateral.npz,/home/jovyan/Desktop/MEDAGENT-X/outputs/chexpert_plus/raddino_features/patient00134__study5__view2_lateral.npz,ok,,,0.2312412112951278,0.734431266921177,0.1293249875307083,1.6459566580688716,0.3567112386226654,0.5990710434854718,0.005455516744405,1.7544709958378515,0.9996123716918728,1.6227187294732666,0.0003877786220982,1.621174968182753,0.0006919837878084,1.316912020167636,3.801647901535034,1.6715441816721706,0.0,1.621174968182753,1.6715441816721706,1.6227187294732666,0.0,pooled_embedding,True,768,9.791999816894531,-0.02430323325097561,0.3525015413761139,-4.762056350708008,1.3080663681030273,0,0,cls_embedding,True,768,15.11662483215332,0.03954368457198143,0.5440390110015869,-1.526402473449707,1.7615432739257812,0,0,1369,768,0.033412158489227295,0.5765914916992188,1.9108179807662964,0.7377125116105616,1.3092904310161777,0.7629758933610656,2.544574355997881,3.164752638065988,2.524367127499941,0.3883731441402007,1.7029540602069464,3.026739741511741,1.3286074556691199,3.1083172773611456,True,1.7544709958378515,3.1083172773611456,3.1083172773611456,
110,patient00134/study6,patient00134/study6/view1_frontal.dcm,/home/jovyan/Desktop/MEDAGENT-X/data/raw/chexpert_plus/dicom_train/patient00134/study6/view1_frontal.dcm,True,/home/jovyan/Desktop/MEDAGENT-X/outputs/chexpert_plus/convnext_features/patient00134_study6_view1_frontal.npz,/home/jovyan/Desktop/MEDAGENT-X/outputs/chexpert_plus/raddino_features/patient00134__study6__view1_frontal.npz,ok,,,0.2477757334709167,0.49912902753511174,0.0905757248401641,0.17907267681487707,0.3362637422978878,0.34409680723398034,0.0061676544137299,1.4198268531629596,0.999314974896918,1.1095037359516389,0.0006854946841485,1.1087780929175655,0.0052845579390537,7.923165292620634,4.3929548263549805,0.2147991484667584,0.0,1.1087780929175655,0.0,1.1095037359516389,0.0,pooled_embedding,True,768,10.832533836364746,-0.02156982384622097,0.390289843082428,-6.887775897979736,1.0803178548812866,0,0,cls_embedding,True,768,11.790910720825195,0.023313447833061218,0.4248286187648773,-1.7367734909057617,1.7075711488723755,0,0,1369,768,0.031216580420732498,0.5337232351303101,2.0935866832733154,0.7000282465822742,0.8051602292253316,0.7008836753699839,0.5257472713089967,0.0389263670836231,0.5260733330354957,0.611831779022646,0.876608980572993,0.29384093415303086,0.9052879960406532,0.7891768444712629,True,7.923165292620634,0.7891768444712629,7.923165292620634,extreme_outlier
111,patient00134/study1,patient00134/study1/view1_frontal.dcm,/home/jovyan/Desktop/MEDAGENT-X/data/raw/chexpert_plus/dicom_train/patient00134/study1/view1_frontal.dcm,True,/home/jovyan/Desktop/MEDAGENT-X/outputs/chexpert_plus/convnext_features/patient00134_study1_view1_frontal.npz,/home/jovyan/Desktop/MEDAGENT-X/outputs/chexpert_plus/raddino_features/patient00134__study1__view1_frontal.npz,ok,,,0.7737573981285095,6.986098682955838,0.1214148998260498,1.2734039667365584,0.3704864382743835,0.770843712110555,0.0127496477216482,1.6731502529466837,0.9981443152064896,0.9106932387017265,0.0018591347616165,0.911165017437672,0.0020111696032947,1.3372375969314896,4.577595233917236,0.8038252306240934,0.0,0.0,0.0,0.0,1.6731502529466837,pooled_embedding,True,768,11.687464714050293,-0.01665051467716694,0.42140620946884155,-7.426353454589844,0.9871269464492798,0,0,cls_embedding,True,768,13.062274932861328,0.025387445464730263,0.4706600606441498,-1.7258450984954834,2.414426565170288,0,0,1369,768,0.031972866505384445,0.5518587827682495,2.2733917236328125,1.8813149179319653,0.10212146803998544,1.906282929162903,0.6479847169885911,0.4383633184547719,0.6466942592026512,1.595818009215185,1.1095258311175593,0.6421109000341937,1.0164145744834423,0.23396342562227154,True,6.986098682955838,1.8813149179319653,6.986098682955838,extreme_outlier
111,patient00134/study1,patient00134/study1/view2_lateral.dcm,/home/jovyan/Desktop/MEDAGENT-X/data/raw/chexpert_plus/dicom_train/patient00134/study1/view2_lateral.dcm,True,/home/jovyan/Desktop/MEDAGENT-X/outputs/chexpert_plus/convnext_features/patient00134_study1_view2_lateral.npz,/home/jovyan/Desktop/MEDAGENT-X/outputs/chexpert_plus/raddino_features/patient00134__study1__view2_lateral.npz,ok,,,0.2376492768526077,0.6432382974614598,0.1304461658000946,1.6987623913703078,0.3637306988239288,0.6866016377101579,0.00671719154343,1.161591136169017,0.9994376554893116,1.3212125387990132,0.000562660919968,1.320186360612962,0.0028907168841114,3.106851893261426,3.817574977874756,1.620734808466883,0.0,1.320186360612962,1.620734808466883,1.3212125387990132,0.0,pooled_embedding,True,768,10.218640327453613,-0.011946679092943668,0.36853981018066406,-4.439702033996582,1.6340694427490234,0,0,cls_embedding,True,768,14.859597206115723,0.014234274625778198,0.5360105633735657,-1.7743175029754639,2.201125144958496,0,0,1369,768,0.032254546880722046,0.5784530639648438,1.5820086002349854,0.14820900701654227,0.969662780417339,0.14167850249423736,2.307284723569605,1.7096567612246198,2.318929488882188,2.187788233695334,1.8867912287870492,3.765470042570018,1.2782965918927287,2.645106122350946,True,3.106851893261426,3.765470042570018,3.765470042570018,moderate_outlier
112,patient00134/study7,patient00134/study7/view1_frontal.dcm,/home/jovyan/Desktop/MEDAGENT-X/data/raw/chexpert_plus/dicom_train/patient00134/study7/view1_frontal.dcm,True,/home/jovyan/Desktop/MEDAGENT-X/outputs/chexpert_plus/convnext_features/patient00134_study7_view1_frontal.npz,/home/jovyan/Desktop/MEDAGENT-X/outputs/chexpert_plus/raddino_features/patient00134__study7__view1_frontal.npz,ok,,,0.3436849117279053,0.8657513228987229,0.1113221570849418,0.798051655673051,0.3670300394296646,0.7277434399982763,0.0064966427162289,1.2652303289484574,0.999263930999896,1.0214177386446774,0.0007366111967712,1.0208018474911438,0.0050195398234404,7.389959339507749,4.749400615692139,1.3519059690523527,0.0,1.0208018474911438,0.0,1.0214177386446774,0.0,pooled_embedding,True,768,10.964215278625488,-0.018563145771622658,0.39520129561424255,-6.917016983032227,1.2489874362945557,0,0,cls_embedding,True,768,12.701622009277344,0.025045327842235565,0.4576455056667328,-2.119622230529785,2.2030680179595947,0,0,1369,768,0.03190283104777336,0.5238094329833984,1.8831926584243774,0.8819769124531693,0.2506303363264593,0.8911456469436833,0.31502751316292815,0.37247393745791163,0.3136685528519392,0.5395532041359036,1.023935254785312,0.29817418304694193,1.03283132455198,0.385112127710936,True,7.389959339507749,0.8819769124531693,7.389959339507749,extreme_outlier
113,patient00134/study3,patient00134/study3/view1_frontal.dcm,/home/jovyan/Desktop/MEDAGENT-X/data/raw/chexpert_plus/dicom_train/patient00134/study3/view1_frontal.dcm,True,/home/jovyan/Desktop/MEDAGENT-X/outputs/chexpert_plus/convnext_features/patient00134_study3_view1_frontal.npz,/home/jovyan/Desktop/MEDAGENT-X/outputs/chexpert_plus/raddino_features/patient00134__study3__view1_frontal.npz,ok,,,0.2876280844211578,0.06800846356953896,0.0907938554883003,0.16879906632414365,0.3511599563062191,0.5298481935888255,0.004984104540199,1.9759946417819687,0.9995632080321568,1.5378774408962774,0.0004369828384369,1.5364899615082979,0.0057337645710383,8.826951246262656,4.321108341217041,0.014400159617018824,0.0,1.5364899615082979,0.014400159617018824,1.5378774408962774,0.0,pooled_embedding,True,768,11.013467788696289,-0.022891847416758537,0.3967544436454773,-7.1634931564331055,1.336212158203125,0,0,cls_embedding,True,768,11.744101524353027,0.016887793317437172,0.42344212532043457,-2.10569167137146,2.246131658554077,0,0,1369,768,0.031100083142518997,0.5414332151412964,2.074995517730713,0.9500307577355632,1.0489846662921176,0.9513121668589952,0.5689618362037404,1.1986082429340483,0.5615519152449828,0.5100913002208532,0.8750284855405651,0.30019198699041066,0.8970652364197186,0.8648836341283255,True,8.826951246262656,0.9500307577355632,8.826951246262656,extreme_outlier
114,patient00136/study3,patient00136/study3/view1_frontal.dcm,/home/jovyan/Desktop/MEDAGENT-X/data/raw/chexpert_plus/dicom_train/patient00136/study3/view1_frontal.dcm,True,/home/jovyan/Desktop/MEDAGENT-X/outputs/chexpert_plus/convnext_features/patient00136_study3_view1_frontal.npz,/home/jovyan/Desktop/MEDAGENT-X/outputs/chexpert_plus/raddino_features/patient00136__study3__view1_frontal.npz,ok,,,0.2617315351963043,0.30052447377183084,0.1184289529919624,1.1327705666088559,0.3968254011124372,1.0992827946573618,0.0108429426327347,0.7771610119643965,0.99824363923162,0.7392906554238251,0.0017594509990885,0.73960004347468,0.0011995195825001,0.29577010116625957,4.49347734451294,0.5354786022272171,0.0,0.0,0.0,0.0,0.7771610119643965,pooled_embedding,True,768,10.14389419555664,-0.019258206710219383,0.36552929878234863,-5.866463661193848,1.0413079261779785,0,0,cls_embedding,True,768,12.774003982543945,0.03453778475522995,0.4596463739871979,-1.614520788192749,2.1853652000427246,0,0,1369,768,0.03381757065653801,0.5614596605300903,2.31363844871521,0.2514882447297417,0.37882233369875035,0.25830099459373196,0.3818510375273977,2.200652519946047,0.3648681971650863,1.8160689165993396,1.1485898973382929,0.7990857360953183,1.014292956712504,0.2144297316166515,True,1.1327705666088559,0.7990857360953183,1.1327705666088559,
115,patient00136/study1,patient00136/study1/view1_frontal.dcm,/home/jovyan/Desktop/MEDAGENT-X/data/raw/chexpert_plus/dicom_train/patient00136/study1/view1_frontal.dcm,True,/home/jovyan/Desktop/MEDAGENT-X/outputs/chexpert_plus/convnext_features/patient00136_study1_view1_frontal.npz,/home/jovyan/Desktop/MEDAGENT-X/outputs/chexpert_plus/raddino_features/patient00136__study1__view1_frontal.npz,ok,,,0.4840098619461059,2.862711058235337,0.1552260667085647,2.86585675480722,0.5710907727479935,3.272320477711772,0.0064096911810338,1.3060901559215405,0.999198465212166,0.9084440133198624,0.0008021777612157,0.9079557265534055,0.0109375504465713,19.29676234252606,4.895506858825684,1.8180032286278967,0.0,0.9079557265534055,0.0,0.9084440133198624,0.0,pooled_embedding,True,768,10.426946640014648,-0.017300749197602272,0.3758520483970642,-6.6790595054626465,1.0235322713851929,0,0,cls_embedding,True,768,13.489729881286621,0.03388754650950432,0.4855876863002777,-1.5119524002075195,1.6542984247207642,0,0,1369,768,0.03365202993154526,0.5788981914520264,2.4774487018585205,0.13961481243949178,0.0178030699484479,0.14158614287429636,1.042613999276901,2.0754213342534413,1.0286729812486408,2.7125233938214404,0.9869547695527573,0.14957199775369504,1.1472619476452333,1.4386726733447401,True,19.29676234252606,1.4386726733447401,19.29676234252606,extreme_outlier
115,patient00136/study1,patient00136/study1/view2_lateral.dcm,/home/jovyan/Desktop/MEDAGENT-X/data/raw/chexpert_plus/dicom_train/patient00136/study1/view2_lateral.dcm,True,/home/jovyan/Desktop/MEDAGENT-X/outputs/chexpert_plus/convnext_features/patient00136_study1_view2_lateral.npz,/home/jovyan/Desktop/MEDAGENT-X/outputs/chexpert_plus/raddino_features/patient00136__study1__view2_lateral.npz,ok,,,0.2480195760726928,0.49565891151690256,0.1091514825820922,0.6958163002335933,0.3557346165180206,0.5868928544650198,0.0064657330513,1.2797552428324621,0.9993257762313712,1.1281435023696427,0.0006746786530129,1.1273934827574192,0.0009998816187124,0.6974337780533885,4.03570032119751,0.9248875771217898,0.0,1.1273934827574192,0.9248875771217898,1.1281435023696427,0.0,pooled_embedding,True,768,9.145973205566406,-0.012210525572299957,0.32980096340179443,-3.976316213607788,2.302056074142456,0,0,cls_embedding,True,768,14.158687591552734,0.02311852015554905,0.5103843212127686,-2.168330430984497,1.603587031364441,0,0,1369,768,0.03441161662340164,0.5910066962242126,2.1122844219207764,1.6303491506860937,0.9210008497719259,1.6423606972005125,1.6602002549889123,0.0013847054855524801,1.6631869443601128,0.7141554810059462,1.8428712645411576,3.588982291695531,1.2309615642489633,2.2092934333706915,True,1.2797552428324621,3.588982291695531,3.588982291695531,moderate_outlier
116,patient00136/study2,patient00136/study2/view1_frontal.dcm,/home/jovyan/Desktop/MEDAGENT-X/data/raw/chexpert_plus/dicom_train/patient00136/study2/view1_frontal.dcm,True,/home/jovyan/Desktop/MEDAGENT-X/outputs/chexpert_plus/convnext_features/patient00136_study2_view1_frontal.npz,/home/jovyan/Desktop/MEDAGENT-X/outputs/chexpert_plus/raddino_features/patient00136__study2__view1_frontal.npz,ok,,,0.1807883828878402,1.4524238028638892,0.0838101133704185,0.49772233730828236,0.264224674552679,0.554209077596829,0.008383659645915,0.37849284847442494,0.998941846452982,0.4655993120103178,0.0010592744220048,0.46546859729938617,0.0008524667121884,0.9940267319134518,4.13545560836792,0.6066556865392544,0.554209077596829,0.46546859729938617,0.6066556865392544,0.4655993120103178,0.0,pooled_embedding,True,768,10.743315696716309,-0.013415311463177204,0.387433797121048,-6.934906482696533,1.007957935333252,0,0,cls_embedding,True,768,14.237116813659668,0.030854372307658195,0.5128103494644165,-1.9012298583984375,1.891851544380188,0,0,1369,768,0.0350402370095253,0.5482733845710754,1.934618353843689,0.5767525503123835,0.6987988798708124,0.5902449321474165,1.7326066401401627,1.4912539091498593,1.7252658839422783,0.2581251859362718,0.8822305171796141,0.2712513813335755,1.1819311001198012,1.7578708932827811,True,1.4524238028638892,1.7578708932827811,1.7578708932827811,
116,patient00136/study2,patient00136/study2/view2_frontal.dcm,/home/jovyan/Desktop/MEDAGENT-X/data/raw/chexpert_plus/dicom_train/patient00136/study2/view2_frontal.dcm,True,/home/jovyan/Desktop/MEDAGENT-X/outputs/chexpert_plus/convnext_features/patient00136_study2_view2_frontal.npz,/home/jovyan/Desktop/MEDAGENT-X/outputs/chexpert_plus/raddino_features/patient00136__study2__view2_frontal.npz,ok,,,0.3117965161800384,0.41194861828662455,0.1235048547387123,1.3718375564193943,0.3963370248675346,1.0931928872149272,0.0082519305869936,0.44039430361007553,0.9988823889638804,0.362994053978713,0.0011188614880666,0.36291374605616333,0.000803083695069,1.0933834066441743,4.923906803131104,1.9086026166414234,0.0,0.36291374605616333,0.0,0.362994053978713,0.0,pooled_embedding,True,768,9.95993423461914,-0.01712227798998356,0.3589901030063629,-5.870962619781494,1.1972253322601318,0,0,cls_embedding,True,768,15.348052978515625,0.03191525861620903,0.5529047846794128,-2.0241639614105225,2.5837485790252686,0,0,1369,768,0.032171543687582016,0.5495672821998596,2.0449631214141846,0.505671893477784,0.015112864910843427,0.5116191876916473,2.75823037667729,1.695572943254985,2.751230861721111,0.34573848577213345,1.3639852206164294,1.6646291582486583,1.2935781239854107,2.785802894372943,True,1.9086026166414234,2.785802894372943,2.785802894372943,
117,patient00138/study2,patient00138/study2/view1_frontal.dcm,/home/jovyan/Desktop/MEDAGENT-X/data/raw/chexpert_plus/dicom_train/patient00138/study2/view1_frontal.dcm,True,/home/jovyan/Desktop/MEDAGENT-X/outputs/chexpert_plus/convnext_features/patient00138_study2_view1_frontal.npz,/home/jovyan/Desktop/MEDAGENT-X/outputs/chexpert_plus/raddino_features/patient00138__study2__view1_frontal.npz,ok,,,0.2372766584157943,0.648541018138028,0.0634577274322509,1.4562877084397274,0.2263736352324485,1.0262003516730658,0.0085286283865571,0.3103698688645635,0.9989100345630852,0.4107018176719566,0.0010911547578871,0.410599590985124,0.0008593254645661,0.980227193756396,3.630547761917114,2.21737510907486,1.0262003516730658,0.410599590985124,2.21737510907486,0.4107018176719566,0.0,pooled_embedding,True,768,11.112407684326172,-0.025041377171874046,0.4002017676830292,-7.434332370758057,1.1511608362197876,0,0,cls_embedding,True,768,12.046953201293945,0.032759130001068115,0.43347087502479553,-1.561545968055725,1.9194731712341309,0,0,1369,768,0.03159419074654579,0.5227019786834717,2.1499249935150146,1.0867393303498962,1.4454283411096782,1.0848560958269295,0.28936713189329705,1.8580964718118635,0.30492912177224263,0.9201441678150287,0.8505052132893247,0.39873617385433774,0.9712156790311517,0.18218193536168162,True,2.21737510907486,1.0867393303498962,2.21737510907486,
118,patient00138/study6,patient00138/study6/view1_frontal.dcm,/home/jovyan/Desktop/MEDAGENT-X/data/raw/chexpert_plus/dicom_train/patient00138/study6/view1_frontal.dcm,True,/home/jovyan/Desktop/MEDAGENT-X/outputs/chexpert_plus/convnext_features/patient00138_study6_view1_frontal.npz,/home/jovyan/Desktop/MEDAGENT-X/outputs/chexpert_plus/raddino_features/patient00138__study6__view1_frontal.npz,ok,,,0.3574505150318146,1.0616491692031649,0.0960780009627342,0.0800758755721928,0.2957265228033066,0.16139033976040057,0.0084051256999373,0.3684056286090366,0.9988749029300746,0.35007547228485764,0.001126364339143,0.3500006454976926,0.0009048980636979,0.8885369291129044,4.566828727722168,0.7694787241018658,0.16139033976040057,0.3500006454976926,0.0,0.35007547228485764,0.0,pooled_embedding,True,768,9.947312355041504,-0.006690417882055044,0.35888034105300903,-5.993837833404541,0.919381856918335,0,0,cls_embedding,True,768,12.820752143859863,0.019673483446240425,0.4622105360031128,-1.8596763610839844,2.0299246311187744,0,0,1369,768,0.032066427171230316,0.5356007814407349,1.6569229364395142,0.5231119678763217,1.9390894679458905,0.5158711936946808,0.4250092543555345,0.6621044612887309,0.43048180193524427,1.7778182177164286,0.973862286253878,0.096961232456974,0.9775459518561348,0.12389923523109689,True,1.0616491692031649,0.5231119678763217,1.0616491692031649,
119,patient00138/study5,patient00138/study5/view1_frontal.dcm,/home/jovyan/Desktop/MEDAGENT-X/data/raw/chexpert_plus/dicom_train/patient00138/study5/view1_frontal.dcm,True,/home/jovyan/Desktop/MEDAGENT-X/outputs/chexpert_plus/convnext_features/patient00138_study5_view1_frontal.npz,/home/jovyan/Desktop/MEDAGENT-X/outputs/chexpert_plus/raddino_features/patient00138__study5__view1_frontal.npz,ok,,,0.3044764399528503,0.3077768550858604,0.0363770499825477,2.731745028722975,0.1059024631977081,2.528440263688996,0.0043848170898854,2.2576087785768024,0.9997564119763008,1.8712877621383166,0.0002436473732814,1.8692381765067971,0.001844159961276,1.0012208112655598,3.087997913360596,3.948177244368828,2.528440263688996,1.8692381765067971,3.948177244368828,1.8712877621383166,0.0,pooled_embedding,True,768,11.559710502624512,-0.025034040212631226,0.41637322306632996,-7.85968542098999,1.069720983505249,0,0,cls_embedding,True,768,12.955915451049805,0.014353136532008648,0.46728596091270447,-2.31825590133667,1.6875417232513428,0,0,1369,768,0.031951360404491425,0.5261265635490417,2.2163729667663574,1.7047926386400787,1.4440751655710338,1.7113129259627116,0.5497929282949255,1.6867648173121061,0.5603553910421867,1.283781864360113,0.9014244945478826,0.19412240470016667,1.0211341710288764,0.27741666022999356,True,3.948177244368828,1.7047926386400787,3.948177244368828,moderate_outlier
119,patient00138/study5,patient00138/study5/view2_lateral.dcm,/home/jovyan/Desktop/MEDAGENT-X/data/raw/chexpert_plus/dicom_train/patient00138/study5/view2_lateral.dcm,True,/home/jovyan/Desktop/MEDAGENT-X/outputs/chexpert_plus/convnext_features/patient00138_study5_view2_lateral.npz,/home/jovyan/Desktop/MEDAGENT-X/outputs/chexpert_plus/raddino_features/patient00138__study5__view2_lateral.npz,ok,,,0.2682476937770843,0.20779323606498132,0.0993488952517509,0.2341298527131803,0.3539644815027714,0.5648197939589142,0.0075031546875834,0.7922552986214603,0.9991766268257264,0.8707577048414727,0.000824051676318,0.8703086957850728,0.0022952508592945,1.908797833545282,3.774720907211304,1.7574446743117986,0.0,0.8703086957850728,1.7574446743117986,0.8707577048414727,0.0,pooled_embedding,True,768,9.340452194213867,-0.016372492536902428,0.3366466462612152,-2.976079225540161,1.474170207977295,0,0,cls_embedding,True,768,14.441853523254395,0.023510217666625977,0.5205948948860168,-1.4557952880859375,2.087125778198242,0,0,1369,768,0.03426355496048927,0.5629361867904663,1.9873807430267334,1.3616310085027759,0.15339785474959075,1.3771696749591822,1.9216209469415677,0.07682281462086765,1.9244623791083528,0.030617912279290938,1.8420275407704485,3.585591876580024,1.2481061465655992,2.3671432729670254,True,1.908797833545282,3.585591876580024,3.585591876580024,moderate_outlier
120,patient00138/study3,patient00138/study3/view1_frontal.dcm,/home/jovyan/Desktop/MEDAGENT-X/data/raw/chexpert_plus/dicom_train/patient00138/study3/view1_frontal.dcm,True,/home/jovyan/Desktop/MEDAGENT-X/outputs/chexpert_plus/convnext_features/patient00138_study3_view1_frontal.npz,/home/jovyan/Desktop/MEDAGENT-X/outputs/chexpert_plus/raddino_features/patient00138__study3__view1_frontal.npz,ok,,,0.4257474839687347,2.033581080103463,0.0866980925202369,0.36170306104377187,0.2671550810337066,0.5176677748114593,0.0074790380895137,0.8035880487804575,0.9989853239269688,0.5406280006478997,0.001015706686303,0.5404526995417778,0.000549614690533,1.6033530056484835,4.401412963867188,0.24178166906959014,0.5176677748114593,0.5404526995417778,0.0,0.5406280006478997,0.0,pooled_embedding,True,768,11.173357009887695,-0.026458194479346275,0.4023147225379944,-7.569978713989258,1.0051746368408203,0,0,cls_embedding,True,768,11.746787071228027,0.02988702617585659,0.4228207468986511,-1.2714029550552368,1.613187313079834,0,0,1369,768,0.03303738310933113,0.5168963074684143,1.953060269355774,1.1709550579517511,1.7067358473596805,1.1667086545043872,0.5664825212730393,1.304950036904568,0.5774521890679909,0.15720148053855879,0.7067102216862591,0.976561203787388,0.9477884853098248,0.3978756573087849,True,2.033581080103463,1.1709550579517511,2.033581080103463,
121,patient00138/study1,patient00138/study1/view1_frontal.dcm,/home/jovyan/Desktop/MEDAGENT-X/data/raw/chexpert_plus/dicom_train/patient00138/study1/view1_frontal.dcm,True,/home/jovyan/Desktop/MEDAGENT-X/outputs/chexpert_plus/convnext_features/patient00138_study1_view1_frontal.npz,/home/jovyan/Desktop/MEDAGENT-X/outputs/chexpert_plus/raddino_features/patient00138__study1__view1_frontal.npz,ok,,,0.3342365324497223,0.7312917492207627,0.109795831143856,0.7261641041776419,0.4222222231328487,1.4159736596422665,0.01123224850744,0.9601016655638016,0.9980007517956244,1.1584393349174742,0.002003253204748,1.1592061859930582,0.0012225345071452,0.24946498423939292,4.553029537200928,0.7254575738185607,0.0,0.0,0.0,0.0,0.9601016655638016,pooled_embedding,True,768,11.092341423034668,-0.027613505721092224,0.3993067741394043,-7.313328266143799,1.2257386445999146,0,0,cls_embedding,True,768,12.534063339233398,0.02337079681456089,0.4516798257827759,-1.3632831573486328,1.7730000019073486,0,0,1369,768,0.030512379482388496,0.5308842658996582,2.201786756515503,1.0590131040242723,1.9198130718762543,1.0501854489963292,0.16033622243341536,0.04997136635685504,0.16101448510514554,1.2039585734844076,0.7442047489919044,0.8258933945599617,1.016982215830829,0.23918968858852066,True,1.4159736596422665,1.0590131040242723,1.4159736596422665,
122,patient00138/study4,patient00138/study4/view1_frontal.dcm,/home/jovyan/Desktop/MEDAGENT-X/data/raw/chexpert_plus/dicom_train/patient00138/study4/view1_frontal.dcm,True,/home/jovyan/Desktop/MEDAGENT-X/outputs/chexpert_plus/convnext_features/patient00138_study4_view1_frontal.npz,/home/jovyan/Desktop/MEDAGENT-X/outputs/chexpert_plus/raddino_features/patient00138__study4__view1_frontal.npz,ok,,,0.3238504230976105,0.5834873698091232,0.0890163630247116,0.2525161660401022,0.2808302789926529,0.3471420977413983,0.00983302667737,0.3025863986356291,0.9984962945118172,0.30328569441087005,0.0015059700235724,0.30333584295036625,0.0012809101107155,0.13201558170247527,4.402114868164063,0.24402083190234267,0.3471420977413983,0.0,0.0,0.0,0.3025863986356291,pooled_embedding,True,768,11.171300888061523,-0.017694225534796715,0.4027210474014282,-7.201607704162598,1.109726071357727,0,0,cls_embedding,True,768,12.059066772460938,0.02771840989589691,0.43426036834716797,-1.3980094194412231,1.7049620151519775,0,0,1369,768,0.0327715203166008,0.5095388889312744,1.7436771392822266,1.1681140454543393,0.09037299120675399,1.1824490427328314,0.2781838015489205,0.8872902178507521,0.28472700408182017,1.3030543243467922,0.9087075134572915,0.1648563602265953,0.9325468348791544,0.5382052396358051,True,0.5834873698091232,1.1681140454543393,1.1681140454543393,
123,patient00138/study8,patient00138/study8/view1_frontal.dcm,/home/jovyan/Desktop/MEDAGENT-X/data/raw/chexpert_plus/dicom_train/patient00138/study8/view1_frontal.dcm,True,/home/jovyan/Desktop/MEDAGENT-X/outputs/chexpert_plus/convnext_features/patient00138_study8_view1_frontal.npz,/home/jovyan/Desktop/MEDAGENT-X/outputs/chexpert_plus/raddino_features/patient00138__study8__view1_frontal.npz,ok,,,0.3332507312297821,0.7172628445947133,0.1215752214193344,1.2809548616554205,0.4256410226225853,1.4586050789097824,0.0103122815489768,0.5277954312987394,0.9983939279453308,0.4799387641393305,0.001608655671589,0.4800673394505353,0.001471735843535,0.25191823546704056,4.776158332824707,1.437266446199029,0.0,0.0,0.0,0.0,0.5277954312987394,pooled_embedding,True,768,10.082297325134277,-0.011369355954229832,0.3636358976364136,-6.01984167098999,1.301699161529541,0,0,cls_embedding,True,768,14.279268264770508,0.016016630455851555,0.5150097012519836,-1.700676441192627,1.8270585536956787,0,0,1369,768,0.030444897711277008,0.5460218787193298,1.7654128074645996,0.33659870678695025,1.0761400720781016,0.3316483867698733,1.7715211432019717,1.366387912624169,1.7815444646420553,1.1841054998159146,1.086288113452319,0.548732578885441,1.1304508841472218,1.2838935350959184,True,1.4586050789097824,1.7715211432019717,1.7715211432019717,
124,patient00138/study7,patient00138/study7/view1_frontal.dcm,/home/jovyan/Desktop/MEDAGENT-X/data/raw/chexpert_plus/dicom_train/patient00138/study7/view1_frontal.dcm,True,/home/jovyan/Desktop/MEDAGENT-X/outputs/chexpert_plus/convnext_features/patient00138_study7_view1_frontal.npz,/home/jovyan/Desktop/MEDAGENT-X/outputs/chexpert_plus/raddino_features/patient00138__study7__view1_frontal.npz,ok,,,0.360780119895935,1.1090326661357512,0.0965448394417762,0.10206323377583912,0.2857143133878708,0.28623963222841126,0.008996739052236,0.0903976652573711,0.9987736798275942,0.1753956681813336,0.0012278258800506,0.17537595053628482,0.0010873408769448,0.5214692141350552,4.536725044250488,0.6734441942395478,0.28623963222841126,0.17537595053628482,0.0,0.1753956681813336,0.0,pooled_embedding,True,768,9.966987609863281,-0.008490157313644886,0.3595524728298187,-6.225305557250977,0.8688371181488037,0,0,cls_embedding,True,768,13.209786415100098,0.02217729575932026,0.47615090012550354,-1.9171316623687744,1.822352647781372,0,0,1369,768,0.03058364801108837,0.5387927293777466,1.7421420812606812,0.4959260083057715,1.6071585829346229,0.48983386233806503,0.7841683091533787,0.17988830931689234,0.7871977723776468,1.311454956235238,0.8540620658270149,0.38444333652289847,1.0246185978157272,0.30949771063014647,True,1.1090326661357512,0.7841683091533787,1.1090326661357512,
125,patient00146/study18,patient00146/study18/view1_frontal.dcm,/home/jovyan/Desktop/MEDAGENT-X/data/raw/chexpert_plus/dicom_train/patient00146/study18/view1_frontal.dcm,True,/home/jovyan/Desktop/MEDAGENT-X/outputs/chexpert_plus/convnext_features/patient00146_study18_view1_frontal.npz,/home/jovyan/Desktop/MEDAGENT-X/outputs/chexpert_plus/raddino_features/patient00146__study18__view1_frontal.npz,ok,,,0.1919746249914169,1.2932327606733574,0.090218186378479,0.1959121760883366,0.2681318745017051,0.5054874489406306,0.0099942116066813,0.3783296078561541,0.9984935044216277,0.30810052813755445,0.0015087685314938,0.30815233388624325,0.0011217870555528,0.4521648669462943,4.362396240234375,0.11731342204027889,0.5054874489406306,0.0,0.0,0.0,0.3783296078561541,pooled_embedding,True,768,10.034307479858398,-0.0122436648234725,0.3618747889995575,-5.579492092132568,1.0689419507980347,0,0,cls_embedding,True,768,12.862676620483398,0.021699801087379456,0.46363431215286255,-1.5857205390930176,1.8988651037216187,0,0,1369,768,0.03144172206521034,0.5308281779289246,1.992295503616333,0.4029078857675939,0.9148888866859164,0.3998709745345387,0.46371421304464944,0.27185033142513976,0.4669144005741119,0.05751402562066282,1.1703905953331093,0.8866895450387421,1.0434238480314526,0.4826372876288147,True,1.2932327606733574,0.8866895450387421,1.2932327606733574,
126,patient00146/study13,patient00146/study13/view1_frontal.dcm,/home/jovyan/Desktop/MEDAGENT-X/data/raw/chexpert_plus/dicom_train/patient00146/study13/view1_frontal.dcm,True,/home/jovyan/Desktop/MEDAGENT-X/outputs/chexpert_plus/convnext_features/patient00146_study13_view1_frontal.npz,/home/jovyan/Desktop/MEDAGENT-X/outputs/chexpert_plus/raddino_features/patient00146__study13__view1_frontal.npz,ok,,,0.2248710989952087,0.8250841248251382,0.089762806892395,0.2173598337442947,0.3052503131330013,0.04263148894741868,0.0114022623747587,1.039993724813587,0.9981061885416554,0.9764880837633217,0.001897404785268,0.9770312673145105,0.0013868397307711,0.08111061872318909,4.277681350708008,0.15293771170076206,0.04263148894741868,0.0,0.15293771170076206,0.0,1.039993724813587,pooled_embedding,True,768,10.403367042541504,-0.023042218759655952,0.37469133734703064,-7.017301559448242,1.0764508247375488,0,0,cls_embedding,True,768,11.687443733215332,0.019825467839837074,0.4212680459022522,-1.6785380840301514,1.549849033355713,0,0,1369,768,0.030262906104326248,0.5297011137008667,1.9004700183868408,0.10703409166096166,1.076718065945522,0.09662201640127212,0.6212686899086224,0.6328333657449122,0.6171838085489848,0.44500254936475164,0.7911723729475927,0.6371589441070903,0.9349329139881882,0.5162366551775128,True,1.039993724813587,0.6371589441070903,1.039993724813587,
127,patient00146/study30,patient00146/study30/view1_frontal.dcm,/home/jovyan/Desktop/MEDAGENT-X/data/raw/chexpert_plus/dicom_train/patient00146/study30/view1_frontal.dcm,True,/home/jovyan/Desktop/MEDAGENT-X/outputs/chexpert_plus/convnext_features/patient00146_study30_view1_frontal.npz,/home/jovyan/Desktop/MEDAGENT-X/outputs/chexpert_plus/raddino_features/patient00146__study30__view1_frontal.npz,ok,,,0.3371173143386841,0.7722880612066086,0.0906615704298019,0.17502948454537345,0.279609277844429,0.36236762121310695,0.0100173931568861,0.3892229650373781,0.9983473301027004,0.5603522450825765,0.0016554057365283,0.5605285246092141,0.00138409622982,0.07559080346032652,4.4194817543029785,0.2994233791385351,0.36236762121310695,0.0,0.0,0.0,0.3892229650373781,pooled_embedding,True,768,10.422566413879395,-0.019162287935614586,0.37560349702835083,-7.115127086639404,1.4128170013427734,0,0,cls_embedding,True,768,11.272271156311035,0.020918577909469604,0.40621477365493774,-1.2696694135665894,1.4779284000396729,0,0,1369,768,0.03159340098500252,0.5268063545227051,1.9321719408035278,0.13356250705887343,0.36113177072895336,0.1319576524954476,1.0045588042308462,0.4223082681941757,1.0023776651003844,0.27151322411400625,0.8018831282234348,0.5941189020383575,0.8928024904521954,0.9041306542531928,True,0.7722880612066086,1.0045588042308462,1.0045588042308462,
128,patient00146/study21,patient00146/study21/view1_frontal.dcm,/home/jovyan/Desktop/MEDAGENT-X/data/raw/chexpert_plus/dicom_train/patient00146/study21/view1_frontal.dcm,True,/home/jovyan/Desktop/MEDAGENT-X/outputs/chexpert_plus/convnext_features/patient00146_study21_view1_frontal.npz,/home/jovyan/Desktop/MEDAGENT-X/outputs/chexpert_plus/raddino_features/patient00146__study21__view1_frontal.npz,ok,,,0.2426051348447799,0.5727116459356613,0.0798824205994606,0.682710490054688,0.2390720471739769,0.8678549075672951,0.0090768663212656,0.05274466302999218,0.9987138555721778,0.0721574847952917,0.0012878007255494,0.0721536950205395,0.0013209957079451,0.05136494758470903,4.2568840980529785,0.21928355881387418,0.8678549075672951,0.0721536950205395,0.21928355881387418,0.0721574847952917,0.0,pooled_embedding,True,768,10.74512004852295,-0.02239036373794079,0.38708412647247314,-7.426096439361572,1.3248032331466675,0,0,cls_embedding,True,768,12.160741806030273,0.032084204256534576,0.43763846158981323,-2.067824125289917,1.5256145000457764,0,0,1369,768,0.03272140398621559,0.5271108150482178,1.8581207990646362,0.5792456837284796,0.9564946544565504,0.5766992393878203,0.18431672696733004,1.7281106523095398,0.19828594711117423,0.6767593932726712,0.7029517976490897,0.9916640349609058,0.9486239716689358,0.3901833504718541,True,0.8678549075672951,0.9916640349609058,0.9916640349609058,
129,patient00146/study16,patient00146/study16/view1_frontal.dcm,/home/jovyan/Desktop/MEDAGENT-X/data/raw/chexpert_plus/dicom_train/patient00146/study16/view1_frontal.dcm,True,/home/jovyan/Desktop/MEDAGENT-X/outputs/chexpert_plus/convnext_features/patient00146_study16_view1_frontal.npz,/home/jovyan/Desktop/MEDAGENT-X/outputs/chexpert_plus/raddino_features/patient00146__study16__view1_frontal.npz,ok,,,0.1457154750823974,1.9515451963134067,0.0789209604263305,0.727993752198229,0.2525030663236975,0.70037406808528,0.0099864825606346,0.37469761351095265,0.998555805756771,0.2005876703850992,0.0014462829567492,0.2006088811488058,0.0010015302638638,0.6941167692999952,4.11180591583252,0.6821011750012261,0.70037406808528,0.0,0.6821011750012261,0.0,0.37469761351095265,pooled_embedding,True,768,10.563090324401855,-0.01757863350212574,0.38075709342956543,-6.849671363830566,1.2689571380615234,0,0,cls_embedding,True,768,11.725740432739258,0.02255977690219879,0.4225143492221832,-1.2852681875228882,1.9193936586380005,0,0,1369,768,0.03239389881491661,0.5552405118942261,2.0797877311706543,0.32772910793719146,0.06905403523386949,0.33159989796940426,0.5859129194284516,0.10622520607342008,0.585292511138703,0.5363167721409839,0.8088171758918131,0.566255161744829,0.9533880767717297,0.3463203264326861,True,1.9515451963134067,0.5859129194284516,1.9515451963134067,
130,patient00146/study19,patient00146/study19/view1_frontal.dcm,/home/jovyan/Desktop/MEDAGENT-X/data/raw/chexpert_plus/dicom_train/patient00146/study19/view1_frontal.dcm,True,/home/jovyan/Desktop/MEDAGENT-X/outputs/chexpert_plus/convnext_features/patient00146_study19_view1_frontal.npz,/home/jovyan/Desktop/MEDAGENT-X/outputs/chexpert_plus/raddino_features/patient00146__study19__view1_frontal.npz,ok,,,0.2514609098434448,0.4466854042014901,0.0848752632737159,0.4475554519383388,0.2537240609526634,0.6851486259067916,0.0086299357935786,0.2627640029910943,0.99880342055382,0.22671897386657527,0.0011980129638686,0.2266867363534733,0.0011835158269521,0.32796902353279084,4.359152317047119,0.10696489979081193,0.6851486259067916,0.2266867363534733,0.0,0.22671897386657527,0.0,pooled_embedding,True,768,10.73823070526123,-0.02153022587299347,0.3868839144706726,-6.003387451171875,1.3803619146347046,0,0,cls_embedding,True,768,14.090296745300293,0.03491981700062752,0.5072392225265503,-1.7999191284179688,1.8438289165496826,0,0,1369,768,0.03353859856724739,0.5320337414741516,1.7844974994659424,0.5697264470488396,0.7978570662966592,0.5689433403032752,1.5970613659174058,2.27422916877967,1.582707918120799,1.0796641888313026,1.4256467345763602,1.9124094581910007,1.1106358821559708,1.101457192923556,True,0.6851486259067916,1.9124094581910007,1.9124094581910007,
131,patient00146/study2,patient00146/study2/view1_frontal.dcm,/home/jovyan/Desktop/MEDAGENT-X/data/raw/chexpert_plus/dicom_train/patient00146/study2/view1_frontal.dcm,True,/home/jovyan/Desktop/MEDAGENT-X/outputs/chexpert_plus/convnext_features/patient00146_study2_view1_frontal.npz,/home/jovyan/Desktop/MEDAGENT-X/outputs/chexpert_plus/raddino_features/patient00146__study2__view1_frontal.npz,ok,,,0.2804601788520813,0.03399776401780735,0.1102333962917327,0.7467727345192101,0.403418805450201,1.1815005981779538,0.0102981561794877,0.5211577088944087,0.998363556932386,0.5323497499876267,0.0016391254030168,0.5325085650473472,0.0014644198409988,0.23719872809954096,4.625837326049805,0.9577235614341512,0.0,0.0,0.0,0.0,0.5211577088944087,pooled_embedding,True,768,10.487223625183105,-0.02038988284766674,0.37787535786628723,-7.092308044433594,1.122542142868042,0,0,cls_embedding,True,768,13.83749771118164,0.02031017281115055,0.49890440702438354,-1.6609691381454468,1.4708309173583984,0,0,1369,768,0.03151312470436096,0.534877359867096,2.106041193008423,0.2229015447673784,0.5875404710333341,0.21996597984197266,1.3636755979787354,0.5394826920992105,1.369430720035395,0.6799893015183569,0.6959229502410835,1.019908718024258,1.0969741174635776,0.9756735881981967,True,1.1815005981779538,1.3636755979787354,1.3636755979787354,
132,patient00146/study14,patient00146/study14/view1_frontal.dcm,/home/jovyan/Desktop/MEDAGENT-X/data/raw/chexpert_plus/dicom_train/patient00146/study14/view1_frontal.dcm,True,/home/jovyan/Desktop/MEDAGENT-X/outputs/chexpert_plus/convnext_features/patient00146_study14_view1_frontal.npz,/home/jovyan/Desktop/MEDAGENT-X/outputs/chexpert_plus/raddino_features/patient00146__study14__view1_frontal.npz,ok,,,0.1754576861858368,1.528284771698295,0.0798780396580696,0.682916825504651,0.2691086810082197,0.49330696048335937,0.0089267287403345,0.12329655800501817,0.9987785547553522,0.18380828748369277,0.001222938997671,0.1837867270454556,0.0009780580890601,0.7413418554375069,4.168262481689453,0.5019976416641144,0.49330696048335937,0.1837867270454556,0.5019976416641144,0.18380828748369277,0.0,pooled_embedding,True,768,9.148512840270996,-0.010499593801796436,0.32995152473449707,-4.313126564025879,1.1100143194198608,0,0,cls_embedding,True,768,12.025341033935547,0.027421176433563232,0.43305984139442444,-1.7866376638412476,1.692644476890564,0,0,1369,768,0.032065171748399734,0.5399183034896851,1.948538064956665,1.6268400522257003,1.2365526940049831,1.6365281872012385,0.3093196301033633,0.8300452016428447,0.3154469431903207,0.18194932325721946,1.3321689206679959,1.5367787076515282,0.9481027906118961,0.39498185443858735,True,1.528284771698295,1.6268400522257003,1.6268400522257003,
133,patient00146/study27,patient00146/study27/view1_frontal.dcm,/home/jovyan/Desktop/MEDAGENT-X/data/raw/chexpert_plus/dicom_train/patient00146/study27/view1_frontal.dcm,True,/home/jovyan/Desktop/MEDAGENT-X/outputs/chexpert_plus/convnext_features/patient00146_study27_view1_frontal.npz,/home/jovyan/Desktop/MEDAGENT-X/outputs/chexpert_plus/raddino_features/patient00146__study27__view1_frontal.npz,ok,,,0.1860157698392868,1.3780330316800704,0.0864839404821395,0.37178928525851707,0.2630036752671003,0.5694345778419031,0.010299147106707,0.5216233604166354,0.998366866482774,0.5266384884349361,0.0016358050052076,0.5267938533507238,0.0013209957079451,0.05136494758470903,4.036733150482178,0.9215927220295738,0.5694345778419031,0.0,0.9215927220295738,0.0,0.5216233604166354,pooled_embedding,True,768,9.689742088317871,-0.016564955934882164,0.34925585985183716,-6.109715938568115,0.9960160255432129,0,0,cls_embedding,True,768,11.93554973602295,0.021796301007270813,0.43013519048690796,-2.0668258666992188,1.7146408557891846,0,0,1369,768,0.03101394698023796,0.5266385674476624,2.0554404258728027,0.879005445300264,0.11790130180289234,0.8887085074724902,0.3922155600288936,0.2532651444314861,0.39028499458700655,0.4030757177885586,1.0401970947710961,0.3635206744079933,0.9348602761811452,0.5169054300696982,True,1.3780330316800704,0.879005445300264,1.3780330316800704,
134,patient00146/study1,patient00146/study1/view1_frontal.dcm,/home/jovyan/Desktop/MEDAGENT-X/data/raw/chexpert_plus/dicom_train/patient00146/study1/view1_frontal.dcm,True,/home/jovyan/Desktop/MEDAGENT-X/outputs/chexpert_plus/convnext_features/patient00146_study1_view1_frontal.npz,/home/jovyan/Desktop/MEDAGENT-X/outputs/chexpert_plus/raddino_features/patient00146__study1__view1_frontal.npz,ok,,,0.2730749845504761,0.13909622038647515,0.0916308537125587,0.12937776624118846,0.2691086679697037,0.4933071230698011,0.0090870857238769,0.047942412885368164,0.9986693498051026,0.004645720043148204,0.001332423184067,0.0046456827275299945,0.0010498463639467,0.5969066893936412,4.408708572387695,0.2650555762306699,0.4933071230698011,0.0,0.0,0.0,0.0,pooled_embedding,True,768,9.966156959533691,-0.012539359740912914,0.359404057264328,-6.073123931884766,1.0290696620941162,0,0,cls_embedding,True,768,11.610154151916504,0.013210189528763294,0.4187370240688324,-2.0685460567474365,1.2587002515792847,0,0,1369,768,0.029535818845033646,0.5307543277740479,1.9352810382843018,0.4970737457293549,0.8603530611566468,0.49558324867939196,0.6926229510036982,1.906888148016066,0.681949398715249,0.2544986337371672,1.0825506208411897,0.5337138584430643,0.9139557936412941,0.7093725986957895,True,0.5969066893936412,0.7093725986957895,0.7093725986957895,
135,patient00146/study9,patient00146/study9/view1_frontal.dcm,/home/jovyan/Desktop/MEDAGENT-X/data/raw/chexpert_plus/dicom_train/patient00146/study9/view1_frontal.dcm,True,/home/jovyan/Desktop/MEDAGENT-X/outputs/chexpert_plus/convnext_features/patient00146_study9_view1_frontal.npz,/home/jovyan/Desktop/MEDAGENT-X/outputs/chexpert_plus/raddino_features/patient00146__study9__view1_frontal.npz,ok,,,0.2885840237140655,0.08161240409753824,0.0726187378168106,1.0248185261092986,0.2227106243371963,1.0718770149947294,0.0088292984291911,0.16908051853338035,0.9987471242800724,0.12956899694414206,0.0012544473866,0.12955787583509645,0.0011358093937472,0.42395247782521994,4.056550979614258,0.858371358923577,1.0718770149947294,0.12955787583509645,0.858371358923577,0.12956899694414206,0.0,pooled_embedding,True,768,8.554346084594727,-0.009056858718395233,0.3085455000400543,-4.891716003417969,1.5141948461532593,0,0,cls_embedding,True,768,12.427295684814453,0.017392057925462723,0.44809404015541077,-1.4833667278289795,1.746505856513977,0,0,1369,768,0.030575264245271683,0.525546133518219,1.8707300424575806,2.447820189169152,1.5026402868334234,2.4657640264032232,0.06176760604431659,1.10149052465006,0.06925884740200348,0.6077550881264048,1.3928457775934897,1.7806022670005133,0.994346611579161,0.030784115661563045,True,1.0718770149947294,2.447820189169152,2.447820189169152,
136,patient00146/study25,patient00146/study25/view1_frontal.dcm,/home/jovyan/Desktop/MEDAGENT-X/data/raw/chexpert_plus/dicom_train/patient00146/study25/view1_frontal.dcm,True,/home/jovyan/Desktop/MEDAGENT-X/outputs/chexpert_plus/convnext_features/patient00146_study25_view1_frontal.npz,/home/jovyan/Desktop/MEDAGENT-X/outputs/chexpert_plus/raddino_features/patient00146__study25__view1_frontal.npz,ok,,,0.2284313142299652,0.774418819318986,0.0889049619436264,0.25776298176771734,0.3103785179555416,0.021315709633757535,0.0095035647973418,0.14776733325657992,0.9985794790685576,0.15973484762010043,0.0014225416816771,0.1597479511809091,0.0012920365312393,0.10962966424774477,4.325577735900879,0.00014222943265106006,0.0,0.0,0.00014222943265106006,0.0,0.14776733325657992,pooled_embedding,True,768,11.217957496643066,-0.02503603883087635,0.40401822328567505,-7.337923526763916,1.2679592370986938,0,0,cls_embedding,True,768,11.624285697937012,0.02381777949631214,0.41877850890159607,-2.0680432319641113,1.8095957040786743,0,0,1369,768,0.03273569047451019,0.5341013669967651,2.2338099479675293,1.2325810465725608,1.4444437762216977,1.2326996029522284,0.679576612707133,0.13605699971929022,0.6808878552542597,1.3792060491536793,0.8013033067551598,0.5964488535445034,0.8925381488501349,0.9065644422984923,True,0.774418819318986,1.2325810465725608,1.2325810465725608,
137,patient00146/study31,patient00146/study31/view1_frontal.dcm,/home/jovyan/Desktop/MEDAGENT-X/data/raw/chexpert_plus/dicom_train/patient00146/study31/view1_frontal.dcm,True,/home/jovyan/Desktop/MEDAGENT-X/outputs/chexpert_plus/convnext_features/patient00146_study31_view1_frontal.npz,/home/jovyan/Desktop/MEDAGENT-X/outputs/chexpert_plus/raddino_features/patient00146__study31__view1_frontal.npz,ok,,,0.3055182993412018,0.32260352165645373,0.0800112783908844,0.6766414907228852,0.2427350431680679,0.8221784300587077,0.0100236656144261,0.39217048665623505,0.9985293585985788,0.2462272951239967,0.0014728073729202,0.24625985432994899,0.0023072842998585,1.933008639400219,4.2201433181762695,0.3364912595111665,0.8221784300587077,0.0,0.3364912595111665,0.0,0.39217048665623505,pooled_embedding,True,768,10.1232271194458,-0.011522558517754078,0.3651087284088135,-6.302161693572998,1.1919714212417603,0,0,cls_embedding,True,768,12.136418342590332,0.031190866604447365,0.43682312965393066,-2.1683506965637207,1.857901930809021,0,0,1369,768,0.03285720571875572,0.533575713634491,1.9408386945724487,0.28004463704486915,1.0478845026306531,0.27459323155132354,0.20677231194869705,1.5560602782656618,0.21914924165553182,0.22408426243397278,0.867581385042624,0.3301173760471843,0.9265575873606351,0.593348126329735,True,1.933008639400219,0.593348126329735,1.933008639400219,
138,patient00146/study26,patient00146/study26/view1_frontal.dcm,/home/jovyan/Desktop/MEDAGENT-X/data/raw/chexpert_plus/dicom_train/patient00146/study26/view1_frontal.dcm,True,/home/jovyan/Desktop/MEDAGENT-X/outputs/chexpert_plus/convnext_features/patient00146_study26_view1_frontal.npz,/home/jovyan/Desktop/MEDAGENT-X/outputs/chexpert_plus/raddino_features/patient00146__study26__view1_frontal.npz,ok,,,0.2345307916402816,0.6876173575970547,0.0886013209819793,0.2720639935496396,0.3040293119847774,0.057857012419127996,0.0094255516305565,0.11110777929566018,0.9985876866807588,0.14557104453232367,0.0014143107691779,0.14558178958342458,0.0013764753938448,0.060257983285864306,4.249520301818848,0.2427749933425407,0.057857012419127996,0.0,0.2427749933425407,0.0,0.11110777929566018,pooled_embedding,True,768,10.307900428771973,-0.014410874806344509,0.371675044298172,-6.830259323120117,1.1360772848129272,0,0,cls_embedding,True,768,11.826520919799805,0.02073446474969387,0.42624884843826294,-2.2595229148864746,1.7744358777999878,0,0,1369,768,0.030647167935967445,0.5240525603294373,1.983249545097351,0.024875330899765517,0.5151843989176546,0.020224447776579422,0.49287169619806764,0.4577671318520604,0.48973148416089374,0.008009859309337442,0.8358632508607524,0.4575733578497504,0.9180102458658471,0.6720433350557129,True,0.6876173575970547,0.6720433350557129,0.6876173575970547,
139,patient00146/study29,patient00146/study29/view1_frontal.dcm,/home/jovyan/Desktop/MEDAGENT-X/data/raw/chexpert_plus/dicom_train/patient00146/study29/view1_frontal.dcm,True,/home/jovyan/Desktop/MEDAGENT-X/outputs/chexpert_plus/convnext_features/patient00146_study29_view1_frontal.npz,/home/jovyan/Desktop/MEDAGENT-X/outputs/chexpert_plus/raddino_features/patient00146__study29__view1_frontal.npz,ok,,,0.185884341597557,1.3799033826505314,0.0790136456489563,0.7236284239711297,0.2390720508992672,0.867854861114026,0.0112177049741148,0.9532674417181662,0.9980946249440936,0.9964432808214524,0.001909012440592,0.9970091155911951,0.0014257059942447,0.15930800161310568,4.099265098571777,0.722107956591848,0.867854861114026,0.0,0.722107956591848,0.0,0.9532674417181662,pooled_embedding,True,768,10.320252418518066,-0.017646469175815582,0.371981680393219,-6.78131628036499,1.6679842472076416,0,0,cls_embedding,True,768,12.36677074432373,0.024179643020033836,0.4455918073654175,-1.7337660789489746,1.6142363548278809,0,0,1369,768,0.03213268890976906,0.5270677208900452,1.9107553958892822,0.0078081723346078965,0.08156515479261262,0.008345846156918177,0.005890574056766755,0.20574929855354473,0.005229931792718924,0.3887156409749785,0.7483727111713746,0.8091448774922722,0.9802227792333215,0.09925373706075123,True,1.3799033826505314,0.8091448774922722,1.3799033826505314,
140,patient00146/study8,patient00146/study8/view1_frontal.dcm,/home/jovyan/Desktop/MEDAGENT-X/data/raw/chexpert_plus/dicom_train/patient00146/study8/view1_frontal.dcm,True,/home/jovyan/Desktop/MEDAGENT-X/outputs/chexpert_plus/convnext_features/patient00146_study8_view1_frontal.npz,/home/jovyan/Desktop/MEDAGENT-X/outputs/chexpert_plus/raddino_features/patient00146__study8__view1_frontal.npz,ok,,,0.1450790166854858,1.9606026147544824,0.0714819282293319,1.0783604699107736,0.2210012217983603,1.0931927594684387,0.0100829470902681,0.4200277388620552,0.9984339424606604,0.4108860723347743,0.0015685139223933,0.4109796768168667,0.0010858090667602,0.5245511555622571,3.844782829284668,1.533938346460072,1.0931927594684387,0.0,1.533938346460072,0.0,0.4200277388620552,pooled_embedding,True,768,10.116537094116211,-0.01766323111951351,0.36462152004241943,-6.628365993499756,1.2789376974105835,0,0,cls_embedding,True,768,12.80431842803955,0.021573618054389954,0.4615320861339569,-2.3616065979003906,1.849660038948059,0,0,1369,768,0.031805019825696945,0.5366901755332947,1.9736778736114502,0.2892884694518009,0.08465660609300882,0.2934669198862659,0.4098375374216425,0.2961522714285768,0.4131211432503148,0.04437128041412169,0.7335331014048465,0.8687762864999561,0.989728867412663,0.011731366052526004,True,1.9606026147544824,0.8687762864999561,1.9606026147544824,
141,patient00146/study4,patient00146/study4/view1_frontal.dcm,/home/jovyan/Desktop/MEDAGENT-X/data/raw/chexpert_plus/dicom_train/patient00146/study4/view1_frontal.dcm,True,/home/jovyan/Desktop/MEDAGENT-X/outputs/chexpert_plus/convnext_features/patient00146_study4_view1_frontal.npz,/home/jovyan/Desktop/MEDAGENT-X/outputs/chexpert_plus/raddino_features/patient00146__study4__view1_frontal.npz,ok,,,0.2235290706157684,0.8441824864012802,0.0810872465372085,0.6259650831193629,0.2778998874127865,0.3836832147136918,0.0102808028459548,0.5130031179033521,0.998444716982124,0.3922925768535144,0.0015577056910842,0.3923777111997393,0.0012191813393161,0.2562114251161803,4.135697841644287,0.6058829319746903,0.3836832147136918,0.0,0.6058829319746903,0.0,0.5130031179033521,pooled_embedding,True,768,10.198030471801758,-0.015337635762989521,0.3676699697971344,-6.495527267456055,1.1147847175598145,0,0,cls_embedding,True,768,12.090418815612793,0.01959248073399067,0.4358352720737457,-1.7369706630706787,1.7574084997177124,0,0,1369,768,0.03245892375707626,0.5361378192901611,1.8896284103393555,0.17668633590409796,0.3442593310252852,0.17537475533446018,0.24923938452235936,0.6777049981166341,0.24442724532033994,0.5043334391470454,0.7011236854476897,0.9990101113139045,0.9203530094150678,0.6504735561234031,True,0.8441824864012802,0.9990101113139045,0.9990101113139045,
142,patient00146/study6,patient00146/study6/view1_frontal.dcm,/home/jovyan/Desktop/MEDAGENT-X/data/raw/chexpert_plus/dicom_train/patient00146/study6/view1_frontal.dcm,True,/home/jovyan/Desktop/MEDAGENT-X/outputs/chexpert_plus/convnext_features/patient00146_study6_view1_frontal.npz,/home/jovyan/Desktop/MEDAGENT-X/outputs/chexpert_plus/raddino_features/patient00146__study6__view1_frontal.npz,ok,,,0.3257446587085724,0.6104441742722618,0.0952161028981208,0.03948183216648877,0.2908424884080887,0.22229280527338763,0.0098689328879117,0.3194592640393395,0.9983349273713922,0.5817555277539919,0.0016678497195243,0.5819457701521379,0.0012295456762425,0.2353587896786544,4.478403568267822,0.48739136345753176,0.22229280527338763,0.0,0.0,0.0,0.3194592640393395,pooled_embedding,True,768,10.037321090698242,-0.0131460502743721,0.3619519770145416,-6.840179443359375,1.1612863540649414,0,0,cls_embedding,True,768,13.217802047729492,0.02557499147951603,0.4762701690196991,-1.7770129442214966,2.200990676879883,0,0,1369,768,0.031941283494234085,0.5231391191482544,1.8101755380630493,0.39874387858214777,0.7484594602473347,0.39688083183894896,0.7915683950882302,0.47448332517220926,0.7902497098279911,0.9391406732091154,0.9112815291923734,0.15451294907860846,1.0497794302673977,0.5411530110192753,True,0.6104441742722618,0.7915683950882302,0.7915683950882302,
143,patient00146/study12,patient00146/study12/view1_frontal.dcm,/home/jovyan/Desktop/MEDAGENT-X/data/raw/chexpert_plus/dicom_train/patient00146/study12/view1_frontal.dcm,True,/home/jovyan/Desktop/MEDAGENT-X/outputs/chexpert_plus/convnext_features/patient00146_study12_view1_frontal.npz,/home/jovyan/Desktop/MEDAGENT-X/outputs/chexpert_plus/raddino_features/patient00146__study12__view1_frontal.npz,ok,,,0.3155986070632934,0.46605604816380886,0.0970476940274238,0.1257468939609818,0.2886446863412857,0.24969874752246315,0.0093890773132443,0.09396795202298625,0.9986412921387722,0.05306458429547093,0.0013605564599856,0.053065652319994924,0.001452378920158,0.21297287222392347,4.502402305603027,0.5639503486542718,0.24969874752246315,0.0,0.0,0.0,0.09396795202298625,pooled_embedding,True,768,10.24986743927002,-0.01587739773094654,0.36951929330825806,-6.731348037719727,1.1866357326507568,0,0,cls_embedding,True,768,12.276650428771973,0.02305641770362854,0.44239503145217896,-1.660114049911499,1.4635149240493774,0,0,1369,768,0.030572449788451195,0.531352698802948,1.8322687149047852,0.1050614591430462,0.24470954922096666,0.10373486163197801,0.07730910716531603,0.010575777828904835,0.07657144815446511,0.8182353762830022,0.9500462296696491,0.0012589172702474002,0.9630717694421557,0.25716275429144325,True,0.5639503486542718,0.25716275429144325,0.5639503486542718,
144,patient00146/study28,patient00146/study28/view1_frontal.dcm,/home/jovyan/Desktop/MEDAGENT-X/data/raw/chexpert_plus/dicom_train/patient00146/study28/view1_frontal.dcm,True,/home/jovyan/Desktop/MEDAGENT-X/outputs/chexpert_plus/convnext_features/patient00146_study28_view1_frontal.npz,/home/jovyan/Desktop/MEDAGENT-X/outputs/chexpert_plus/raddino_features/patient00146__study28__view1_frontal.npz,ok,,,0.174083724617958,1.547837573425197,0.0766452550888061,0.8351758947773456,0.2332112453877926,0.9409373737782274,0.0090263122692704,0.07650076822902444,0.998657805895935,0.02456694101512741,0.0013439980102702,0.024567029051314183,0.0010897795444569,0.5165627116791548,4.130817413330078,0.6214521110461727,0.9409373737782274,0.0,0.6214521110461727,0.0,0.0,pooled_embedding,True,768,10.247965812683105,-0.012626267038285732,0.36957597732543945,-6.989117622375488,0.9751496911048889,0,0,cls_embedding,True,768,12.183039665222168,0.021835803985595703,0.43907496333122253,-1.8396949768066406,1.5485271215438843,0,0,1369,768,0.030651792883872986,0.523997962474823,1.9835178852081299,0.10768900038601441,0.8443245096760504,0.10153901166788085,0.16373119344647755,0.24565715636475116,0.16152771696523593,0.009478355261880086,0.7505260767540545,0.8004918046807831,0.9533198254930187,0.34694871464289684,True,1.547837573425197,0.8004918046807831,1.547837573425197,
145,patient00146/study3,patient00146/study3/view1_frontal.dcm,/home/jovyan/Desktop/MEDAGENT-X/data/raw/chexpert_plus/dicom_train/patient00146/study3/view1_frontal.dcm,True,/home/jovyan/Desktop/MEDAGENT-X/outputs/chexpert_plus/convnext_features/patient00146_study3_view1_frontal.npz,/home/jovyan/Desktop/MEDAGENT-X/outputs/chexpert_plus/raddino_features/patient00146__study3__view1_frontal.npz,ok,,,0.2653385400772095,0.2491933063555607,0.101596787571907,0.34000204591353955,0.3338217362761497,0.3136457138372933,0.0099315261468291,0.3488727726485643,0.9983894938964144,0.48759056276155416,0.0016131040174514,0.48772335405819717,0.0022903660439935,1.8989697786128008,4.569639205932617,0.778444502455292,0.0,0.0,0.0,0.0,0.3488727726485643,pooled_embedding,True,768,9.848677635192871,-0.016079353168606758,0.35501959919929504,-6.289329528808594,1.0157241821289062,0,0,cls_embedding,True,768,14.607972145080566,0.027243444696068764,0.5264152884483337,-1.8943318128585815,1.911861538887024,0,0,1369,768,0.0315067358314991,0.541679322719574,1.9319865703582764,0.6593988688769388,0.20746235333318377,0.6654302807603836,2.0749827754745755,0.7958153537863856,2.0733987569325008,0.272527667119872,0.7817146958370861,0.6751636235368229,1.1576165199575337,1.5340070214436896,True,1.8989697786128008,2.0749827754745755,2.0749827754745755,
146,patient00146/study20,patient00146/study20/view1_frontal.dcm,/home/jovyan/Desktop/MEDAGENT-X/data/raw/chexpert_plus/dicom_train/patient00146/study20/view1_frontal.dcm,True,/home/jovyan/Desktop/MEDAGENT-X/outputs/chexpert_plus/convnext_features/patient00146_study20_view1_frontal.npz,/home/jovyan/Desktop/MEDAGENT-X/outputs/chexpert_plus/raddino_features/patient00146__study20__view1_frontal.npz,ok,,,0.2161511480808258,0.9491774584985662,0.0881684422492981,0.29245190110544667,0.3045177143067121,0.051766779803810004,0.0104884738102555,0.6105908102841768,0.9983057347769436,0.6321329273257462,0.0016971406294032,0.6323581348470828,0.001010370433595,0.6763306978976837,4.284914016723633,0.12986459903283393,0.051766779803810004,0.0,0.12986459903283393,0.0,0.6105908102841768,pooled_embedding,True,768,9.91028881072998,-0.019130585715174675,0.3570946455001831,-6.3821611404418945,1.3537752628326416,0,0,cls_embedding,True,768,11.443800926208496,0.020683757960796356,0.4124242663383484,-1.449747920036316,1.3498640060424805,0,0,1369,768,0.031074464321136475,0.5329338312149048,1.831533432006836,0.5742686409628373,0.3552848431666972,0.5850462400399877,0.8462013674177259,0.4675328928451162,0.8434847417110954,0.8222592248104492,0.7518041752973159,0.795355900288118,0.906030087771458,0.7823444201806091,True,0.9491774584985662,0.8462013674177259,0.9491774584985662,
147,patient00146/study22,patient00146/study22/view1_frontal.dcm,/home/jovyan/Desktop/MEDAGENT-X/data/raw/chexpert_plus/dicom_train/patient00146/study22/view1_frontal.dcm,True,/home/jovyan/Desktop/MEDAGENT-X/outputs/chexpert_plus/convnext_features/patient00146_study22_view1_frontal.npz,/home/jovyan/Desktop/MEDAGENT-X/outputs/chexpert_plus/raddino_features/patient00146__study22__view1_frontal.npz,ok,,,0.2119536995887756,1.0089112094583186,0.0793109536170959,0.7096256862240222,0.2398046478629112,0.8587195934842702,0.0092525593936443,0.029816139624674925,0.9986666525605964,0.00930033080309454,0.0013351276284083,0.009300281543151106,0.0012202482563527,0.2540648302916104,4.25823974609375,0.21495887135904035,0.8587195934842702,0.0,0.21495887135904035,0.0,0.029816139624674925,pooled_embedding,True,768,10.262435913085938,-0.0187500212341547,0.36983877420425415,-6.520498752593994,1.6516754627227783,0,0,cls_embedding,True,768,11.634143829345703,0.02107771672308445,0.41928157210350037,-1.2789392471313477,1.497151255607605,0,0,1369,768,0.03171579912304878,0.5273415446281433,1.8726012706756592,0.08769517727690875,0.28509629099543926,0.09135867255988465,0.6704755195115873,0.391659283072635,0.6680151155836421,0.5975147589540094,0.7972956736692594,0.6125531050348018,0.9042791079059629,0.7984656581203997,True,1.0089112094583186,0.7984656581203997,1.0089112094583186,
148,patient00146/study10,patient00146/study10/view1_frontal.dcm,/home/jovyan/Desktop/MEDAGENT-X/data/raw/chexpert_plus/dicom_train/patient00146/study10/view1_frontal.dcm,True,/home/jovyan/Desktop/MEDAGENT-X/outputs/chexpert_plus/convnext_features/patient00146_study10_view1_frontal.npz,/home/jovyan/Desktop/MEDAGENT-X/outputs/chexpert_plus/raddino_features/patient00146__study10__view1_frontal.npz,ok,,,0.2719682455062866,0.15484618719804086,0.0817379802465438,0.5953165487661031,0.2517704516649246,0.7095095563680636,0.0092637240886688,0.03506259681355327,0.9986170166208946,0.09495662873444598,0.001384898670949,0.09496084853075516,0.0013452299663463,0.0026065794297916276,4.193879127502441,0.42027732529106365,0.7095095563680636,0.0,0.42027732529106365,0.0,0.03506259681355327,pooled_embedding,True,768,9.983449935913086,-0.014758024364709854,0.35994428396224976,-6.704209804534912,0.953669011592865,0,0,cls_embedding,True,768,11.384526252746582,0.02703952044248581,0.4099128544330597,-1.6512236595153809,1.681228518486023,0,0,1369,768,0.03053906559944153,0.521571934223175,1.9306875467300415,0.47317946019337565,0.45115865268077354,0.47465571329601175,0.9009241444783762,0.756541016671419,0.9077485390631852,0.2796365966600129,0.8287758949833667,0.486053151035463,0.9022221292643275,0.8174042209059255,True,0.7095095563680636,0.9009241444783762,0.9009241444783762,
149,patient00146/study7,patient00146/study7/view1_frontal.dcm,/home/jovyan/Desktop/MEDAGENT-X/data/raw/chexpert_plus/dicom_train/patient00146/study7/view1_frontal.dcm,True,/home/jovyan/Desktop/MEDAGENT-X/outputs/chexpert_plus/convnext_features/patient00146_study7_view1_frontal.npz,/home/jovyan/Desktop/MEDAGENT-X/outputs/chexpert_plus/raddino_features/patient00146__study7__view1_frontal.npz,ok,,,0.306206613779068,0.3323989017049221,0.1163249611854553,1.0336758613006294,0.4063670486211777,1.2182643192156508,0.0053203203715384,1.818001793658992,0.9994255782183205,1.3003709000905785,0.0005747519317083,1.2993766112435186,0.0078267509632736,13.037956978989694,4.767096996307373,1.4083596450368034,0.0,1.2993766112435186,0.0,1.3003709000905785,0.0,pooled_embedding,True,768,9.947980880737305,-0.014611889608204365,0.35866934061050415,-6.603650093078613,1.35899019241333,0,0,cls_embedding,True,768,12.806007385253906,0.025158805772662163,0.46141159534454346,-1.939643383026123,1.8570455312728882,0,0,1369,768,0.032235004007816315,0.5348789095878601,1.755616545677185,0.522188243497525,0.47811068707328763,0.5240450200594589,0.41139679407727864,0.39432896655022087,0.41003793907446723,1.2377157138950337,0.8481484710343458,0.4082064944047697,0.9947263572694138,0.03428042692693795,True,13.037956978989694,0.522188243497525,13.037956978989694,extreme_outlier
150,patient00146/study23,patient00146/study23/view1_frontal.dcm,/home/jovyan/Desktop/MEDAGENT-X/data/raw/chexpert_plus/dicom_train/patient00146/study23/view1_frontal.dcm,True,/home/jovyan/Desktop/MEDAGENT-X/outputs/chexpert_plus/convnext_features/patient00146_study23_view1_frontal.npz,/home/jovyan/Desktop/MEDAGENT-X/outputs/chexpert_plus/raddino_features/patient00146__study23__view1_frontal.npz,ok,,,0.1696294248104095,1.6112265669788062,0.0700038895010948,1.1479737696184147,0.2139194272458553,1.181500644631224,0.0089462958276271,0.11410169100987047,0.9987822631837174,0.19020788920015186,0.0012192215071991,0.19018487193730868,0.000907641564649,0.8830171138500419,3.999712228775024,1.039694110338445,1.181500644631224,0.19018487193730868,1.039694110338445,0.19020788920015186,0.0,pooled_embedding,True,768,10.468381881713867,-0.014805116690695286,0.3774549663066864,-6.761007308959961,1.1826494932174683,0,0,cls_embedding,True,768,12.01915168762207,0.024374032393097878,0.43301835656166077,-1.7242566347122192,1.5687793493270874,0,0,1369,768,0.03144478052854538,0.5235728621482849,1.888035774230957,0.19686727579179011,0.44247328569530103,0.20368066985587668,0.3150336762327133,0.24318728660619446,0.31650848665131,0.5130491681234869,0.7005232133129373,1.001423045348457,0.9365304696009582,0.5015279913812959,True,1.6112265669788062,1.001423045348457,1.6112265669788062,
151,patient00146/study5,patient00146/study5/view1_frontal.dcm,/home/jovyan/Desktop/MEDAGENT-X/data/raw/chexpert_plus/dicom_train/patient00146/study5/view1_frontal.dcm,True,/home/jovyan/Desktop/MEDAGENT-X/outputs/chexpert_plus/convnext_features/patient00146_study5_view1_frontal.npz,/home/jovyan/Desktop/MEDAGENT-X/outputs/chexpert_plus/raddino_features/patient00146__study5__view1_frontal.npz,ok,,,0.158846840262413,1.7646731718179998,0.0740841105580329,0.9558017744712773,0.240537254139781,0.8495842097213411,0.0093198604881763,0.06144193060704752,0.9986760337073484,0.006888630380135964,0.0013257215032353,0.006888529748408047,0.0009585487489635,0.7805938750843064,3.983843326568604,1.0903179007546022,0.8495842097213411,0.006888529748408047,1.0903179007546022,0.006888630380135964,0.06144193060704752,pooled_embedding,True,768,10.198892593383789,-0.012018371373414993,0.3678245544433594,-7.184154987335205,0.932380199432373,0,0,cls_embedding,True,768,12.726092338562012,0.024262694641947746,0.4585718810558319,-1.5659226179122925,1.8464548587799072,0,0,1369,768,0.03240569680929184,0.5327765941619873,1.9299566745758057,0.17549511359535008,0.9564403762805905,0.16938638847653592,0.3376186856795679,0.22174444057163128,0.3373733064017897,0.28363630731529454,0.5884956413850407,1.4515940449146458,0.9936207440164607,0.024101066974558917,True,1.7646731718179998,1.4515940449146458,1.7646731718179998,
152,patient00146/study11,patient00146/study11/view1_frontal.dcm,/home/jovyan/Desktop/MEDAGENT-X/data/raw/chexpert_plus/dicom_train/patient00146/study11/view1_frontal.dcm,True,/home/jovyan/Desktop/MEDAGENT-X/outputs/chexpert_plus/convnext_features/patient00146_study11_view1_frontal.npz,/home/jovyan/Desktop/MEDAGENT-X/outputs/chexpert_plus/raddino_features/patient00146__study11__view1_frontal.npz,ok,,,0.2821029424667358,0.010619649234656374,0.0907546952366828,0.17064345259115793,0.260073259472847,0.6059759967604449,0.0091485762968659,0.019047072887416232,0.998647320509396,0.042661478938836775,0.0013545117108151,0.04266207998534981,0.0010382626932644,0.6202125760588152,4.323528289794922,0.006680219823391767,0.6059759967604449,0.0,0.006680219823391767,0.0,0.0,pooled_embedding,True,768,8.986898422241211,-0.013788006268441677,0.3239935040473938,-5.152222156524658,1.4821754693984985,0,0,cls_embedding,True,768,13.172338485717773,0.019227324053645134,0.47492679953575134,-1.525187611579895,1.5268795490264893,0,0,1369,768,0.029930276796221733,0.5291478037834167,2.041236400604248,1.8501481147831769,0.6300617536073413,1.867332568443287,0.7495961289744593,0.7480315351111106,0.7558746142478514,0.3253439409172298,1.0348861294727751,0.3421791196830074,1.0290582997443676,0.35037396088509787,True,0.6202125760588152,1.8501481147831769,1.8501481147831769,
153,patient00146/study15,patient00146/study15/view1_frontal.dcm,/home/jovyan/Desktop/MEDAGENT-X/data/raw/chexpert_plus/dicom_train/patient00146/study15/view1_frontal.dcm,True,/home/jovyan/Desktop/MEDAGENT-X/outputs/chexpert_plus/convnext_features/patient00146_study15_view1_frontal.npz,/home/jovyan/Desktop/MEDAGENT-X/outputs/chexpert_plus/raddino_features/patient00146__study15__view1_frontal.npz,ok,,,0.1661623418331146,1.6605665104027152,0.0742442160844802,0.948261055960661,0.2473748605698347,0.7643212782797728,0.0094172544777393,0.10720882308149603,0.9986676201813092,0.007630516379186796,0.0013341574231162,0.007630468511854811,0.0010669170365312,0.5625611722027417,3.9869697093963614,1.0803443470094012,0.7643212782797728,0.0,1.0803443470094012,0.0,0.10720882308149603,pooled_embedding,True,768,9.499232292175293,-0.014959183521568775,0.3424474596977234,-6.22344970703125,1.1492303609848022,0,0,cls_embedding,True,768,13.753645896911621,0.028241803869605064,0.4954877495765686,-2.0446929931640625,1.8854273557662964,0,0,1369,768,0.032174933701753616,0.5353410840034485,1.8620632886886597,1.1422392210576873,0.41405831704756557,1.1524552561569932,1.2862630392848833,0.9880921136830887,1.282002854703743,0.6551840498064382,0.7356408705838421,0.8603064380346698,1.0736963100484924,0.7613552630990672,True,1.6605665104027152,1.2862630392848833,1.6605665104027152,
154,patient00146/study24,patient00146/study24/view1_frontal.dcm,/home/jovyan/Desktop/MEDAGENT-X/data/raw/chexpert_plus/dicom_train/patient00146/study24/view1_frontal.dcm,True,/home/jovyan/Desktop/MEDAGENT-X/outputs/chexpert_plus/convnext_features/patient00146_study24_view1_frontal.npz,/home/jovyan/Desktop/MEDAGENT-X/outputs/chexpert_plus/raddino_features/patient00146__study24__view1_frontal.npz,ok,,,0.3195693492889404,0.5225635497284837,0.0800555497407913,0.674556379764252,0.2368742376565933,0.8952609427229091,0.0098619069904088,0.316157689712274,0.9983725681462352,0.5167991787114554,0.001630084705539,0.5169486886136063,0.0014926169341072,0.29393016274537215,4.281144142150879,0.1418909722364626,0.8952609427229091,0.0,0.1418909722364626,0.0,0.316157689712274,pooled_embedding,True,768,10.499439239501953,-0.02204119600355625,0.3782241940498352,-7.197301387786865,1.160166621208191,0,0,cls_embedding,True,768,11.399026870727539,0.022152824327349663,0.4107299745082855,-1.7513388395309448,1.5746417045593262,0,0,1369,768,0.0327809639275074,0.5241511464118958,1.9226186275482178,0.23978026883015663,0.8920966904750333,0.23347934673458953,0.8875370764665477,0.18460133021564584,0.8868394883351642,0.32379389809926384,0.7693426583254396,0.7248793533115695,0.8806253026340694,1.016245788254474,True,0.8952609427229091,1.016245788254474,1.016245788254474,
155,patient00146/study17,patient00146/study17/view1_frontal.dcm,/home/jovyan/Desktop/MEDAGENT-X/data/raw/chexpert_plus/dicom_train/patient00146/study17/view1_frontal.dcm,True,/home/jovyan/Desktop/MEDAGENT-X/outputs/chexpert_plus/convnext_features/patient00146_study17_view1_frontal.npz,/home/jovyan/Desktop/MEDAGENT-X/outputs/chexpert_plus/raddino_features/patient00146__study17__view1_frontal.npz,ok,,,0.1737926751375198,1.551979488975653,0.0800155475735664,0.6764404189323625,0.2324786446988582,0.9500726878612532,0.0093820663169026,0.09067337997445354,0.998640430915739,0.05455078919382147,0.0013614200288429,0.05455193418537214,0.0010268314393015,0.6432118063207091,4.148229598999023,0.5659050526217223,0.9500726878612532,0.0,0.5659050526217223,0.0,0.09067337997445354,pooled_embedding,True,768,9.938950538635254,-0.009670045226812363,0.3585105836391449,-5.632190227508545,1.0172821283340454,0,0,cls_embedding,True,768,12.590771675109863,0.018862202763557434,0.45393863320350647,-1.3864705562591553,1.4372059106826782,0,0,1369,768,0.03201070427894592,0.5249137878417969,1.749348759651184,0.5346657700921419,1.3895486154262637,0.5301950162522799,0.21268973938095614,0.8183512561977566,0.21881445891172843,1.2720162826168404,1.1375691923821514,0.75480019387877,1.046099684794631,0.5072736652350406,True,1.551979488975653,0.75480019387877,1.551979488975653,
156,patient00147/study1,patient00147/study1/view1_frontal.dcm,/home/jovyan/Desktop/MEDAGENT-X/data/raw/chexpert_plus/dicom_train/patient00147/study1/view1_frontal.dcm,True,/home/jovyan/Desktop/MEDAGENT-X/outputs/chexpert_plus/convnext_features/patient00147_study1_view1_frontal.npz,/home/jovyan/Desktop/MEDAGENT-X/outputs/chexpert_plus/raddino_features/patient00147__study1__view1_frontal.npz,ok,,,0.2745424211025238,0.11821317924486908,0.0590235106647014,1.6651323448561517,0.1589743643999099,1.8666493402179198,0.0091217476874589,0.031654237738948654,0.998608528861879,0.10960387867835313,0.0013934100279584,0.10960968106551502,0.0010437158555533,0.6092410294949007,3.572467088699341,2.4026597488035186,1.8666493402179198,0.0,2.4026597488035186,0.0,0.0,pooled_embedding,True,768,9.202543258666992,-0.012845645658671856,0.331819623708725,-4.794094085693359,0.9757003784179688,0,0,cls_embedding,True,768,14.638654708862305,0.022430522367358208,0.527750551700592,-2.1023948192596436,2.022909164428711,0,0,1369,768,0.03148696944117546,0.530788004398346,1.953040599822998,1.5521844107410645,0.8038639083583413,1.5641609614917211,2.1033091246455426,0.13111869513014113,2.107566424480033,0.15730912240091752,1.1088462768197065,0.6393801826557897,1.183526128388253,1.7725562878684766,True,2.4026597488035186,2.1033091246455426,2.4026597488035186,
157,patient00147/study9,patient00147/study9/view1_frontal.dcm,/home/jovyan/Desktop/MEDAGENT-X/data/raw/chexpert_plus/dicom_train/patient00147/study9/view1_frontal.dcm,True,/home/jovyan/Desktop/MEDAGENT-X/outputs/chexpert_plus/convnext_features/patient00147_study9_view1_frontal.npz,/home/jovyan/Desktop/MEDAGENT-X/outputs/chexpert_plus/raddino_features/patient00147__study9__view1_frontal.npz,ok,,,0.3167542219161987,0.48250156499613517,0.085392951965332,0.4231731286904819,0.2520146518945694,0.7064644516737218,0.0087617235258221,0.2008349763837777,0.9987385244579866,0.11472836076070514,0.0012630688725039,0.1147195012882945,0.0010699653709213,0.5564280441329169,4.186710834503174,0.44314507995462926,0.7064644516737218,0.1147195012882945,0.44314507995462926,0.11472836076070514,0.0,pooled_embedding,True,768,8.90878963470459,-0.005232516676187515,0.3214256763458252,-4.6699604988098145,1.134519100189209,0,0,cls_embedding,True,768,14.94515609741211,0.028867363929748535,0.538513720035553,-2.2662041187286377,1.7366708517074585,0,0,1369,768,0.030772622674703598,0.5373939275741577,1.5725959539413452,1.9580736465900102,2.207974190383249,1.9668061881102374,2.386273267251367,1.1085704592259313,2.3829820451863655,2.239299105270996,1.1699577201756164,0.8849500818067676,1.2037317225550794,1.9585888046879363,True,0.7064644516737218,2.386273267251367,2.386273267251367,
158,patient00147/study14,patient00147/study14/view1_frontal.dcm,/home/jovyan/Desktop/MEDAGENT-X/data/raw/chexpert_plus/dicom_train/patient00147/study14/view1_frontal.dcm,True,/home/jovyan/Desktop/MEDAGENT-X/outputs/chexpert_plus/convnext_features/patient00147_study14_view1_frontal.npz,/home/jovyan/Desktop/MEDAGENT-X/outputs/chexpert_plus/raddino_features/patient00147__study14__view1_frontal.npz,ok,,,0.1692759394645691,1.616257005269197,0.0734657943248748,0.9849234966769426,0.2356532495468855,0.9104863036081756,0.008466150611639,0.3397291098151552,0.9988886545336908,0.373806491853695,0.0011125819291919,0.373721447606698,0.0009134333999902,0.8713641705173543,3.932212829589844,1.2550256684461405,0.9104863036081756,0.373721447606698,1.2550256684461405,0.373806491853695,0.0,pooled_embedding,True,768,9.938958168029785,-0.011887582950294018,0.3584442436695099,-5.9699602127075195,1.0586644411087036,0,0,cls_embedding,True,768,12.408738136291504,0.02514995075762272,0.4470548927783966,-1.8344416618347168,1.8296945095062256,0,0,1369,768,0.031514015048742294,0.5254894495010376,1.927962303161621,0.5346552283017989,0.9805620442697304,0.5327649226771382,0.04463515248021461,0.39262355466464666,0.042668403869118764,0.29455053978354795,1.0973422551951564,0.5931524833079189,0.9859549515253131,0.046477737032365955,True,1.616257005269197,0.5931524833079189,1.616257005269197,
159,patient00147/study11,patient00147/study11/view1_frontal.dcm,/home/jovyan/Desktop/MEDAGENT-X/data/raw/chexpert_plus/dicom_train/patient00147/study11/view1_frontal.dcm,True,/home/jovyan/Desktop/MEDAGENT-X/outputs/chexpert_plus/convnext_features/patient00147_study11_view1_frontal.npz,/home/jovyan/Desktop/MEDAGENT-X/outputs/chexpert_plus/raddino_features/patient00147__study11__view1_frontal.npz,ok,,,0.2272078394889831,0.7918300479789181,0.0970900505781173,0.1277418208879137,0.313308922573924,0.05785698919249207,0.009784054942429,0.2795738478880062,0.9985037228736316,0.29046663675742235,0.0014985193265601,0.290512504359366,0.0011647685704531,0.3656877611619831,4.285326957702637,0.1285472654641086,0.0,0.0,0.1285472654641086,0.0,0.2795738478880062,pooled_embedding,True,768,9.403124809265137,-0.018026260659098625,0.33882686495780945,-5.143870830535889,1.1090692281723022,0,0,cls_embedding,True,768,11.463741302490234,0.009670578874647617,0.4135490655899048,-1.5984009504318237,1.331068754196167,0,0,1369,768,0.02910076268017292,0.5396692752838135,2.0946226119995117,1.275034154007218,0.15161114086878613,1.2927114205041392,0.8277922779695627,2.5885915729052305,0.8147025769807371,0.6175009171068733,1.0893197694759034,0.5609149693362152,0.876694711959392,1.0524346609874444,True,0.7918300479789181,1.275034154007218,1.275034154007218,
160,patient00147/study13,patient00147/study13/view1_frontal.dcm,/home/jovyan/Desktop/MEDAGENT-X/data/raw/chexpert_plus/dicom_train/patient00147/study13/view1_frontal.dcm,True,/home/jovyan/Desktop/MEDAGENT-X/outputs/chexpert_plus/convnext_features/patient00147_study13_view1_frontal.npz,/home/jovyan/Desktop/MEDAGENT-X/outputs/chexpert_plus/raddino_features/patient00147__study13__view1_frontal.npz,ok,,,0.1995324790477752,1.1856771890331796,0.0867631137371063,0.3586406639828481,0.2947497051209211,0.17357096757747897,0.0089367656037211,0.11858008577242614,0.9987139519485174,0.0723238005839284,0.0012877041008323,0.07231999509442369,0.0014093974052577,0.12649576643961224,4.203708171844482,0.38892143978051497,0.17357096757747897,0.07231999509442369,0.38892143978051497,0.0723238005839284,0.0,pooled_embedding,True,768,10.552687644958496,-0.017634442076086998,0.380378782749176,-6.869849681854248,1.2949483394622803,0,0,cls_embedding,True,768,11.331010818481445,0.019597060978412628,0.4084027409553528,-1.3947385549545288,1.5680943727493286,0,0,1369,768,0.029729463160037994,0.537268340587616,1.9924908876419067,0.3133553768046452,0.0793469637662032,0.3169447352752669,0.9503299531915466,0.6768228761505788,0.9463903987699307,0.058583268120093034,0.8300889180731987,0.48077690603049567,0.855472262265592,1.247829347083531,True,1.1856771890331796,1.247829347083531,1.247829347083531,
161,patient00147/study6,patient00147/study6/view1_frontal.dcm,/home/jovyan/Desktop/MEDAGENT-X/data/raw/chexpert_plus/dicom_train/patient00147/study6/view1_frontal.dcm,True,/home/jovyan/Desktop/MEDAGENT-X/outputs/chexpert_plus/convnext_features/patient00147_study6_view1_frontal.npz,/home/jovyan/Desktop/MEDAGENT-X/outputs/chexpert_plus/raddino_features/patient00147__study6__view1_frontal.npz,ok,,,0.2111793905496597,1.0199303758390459,0.0817120447754859,0.5965380686663063,0.2876678984612226,0.261879003713389,0.0087122013792395,0.22410617379461664,0.9988116266214826,0.24088011155786757,0.001189787290059,0.24084388168168763,0.0012418914305223,0.21051962099607427,4.078803062438965,0.7873844209118724,0.261879003713389,0.24084388168168763,0.7873844209118724,0.24088011155786757,0.0,pooled_embedding,True,768,10.181863784790039,-0.0214670579880476,0.3667786419391632,-6.812976837158203,1.2206096649169922,0,0,cls_embedding,True,768,12.938238143920898,0.029019733890891075,0.4659656882286072,-1.7298325300216675,2.303220748901367,0,0,1369,768,0.032046277076005936,0.5269802212715149,1.8258289098739624,0.19902438964070635,0.7862068398325702,0.20990339924940124,0.5334731195039191,1.1379158122919026,0.526571312834365,0.8534773220192555,0.7981837951930801,0.6089842822241818,1.0060476711543338,0.13851554608876915,True,1.0199303758390459,0.6089842822241818,1.0199303758390459,
162,patient00147/study7,patient00147/study7/view1_frontal.dcm,/home/jovyan/Desktop/MEDAGENT-X/data/raw/chexpert_plus/dicom_train/patient00147/study7/view1_frontal.dcm,True,/home/jovyan/Desktop/MEDAGENT-X/outputs/chexpert_plus/convnext_features/patient00147_study7_view1_frontal.npz,/home/jovyan/Desktop/MEDAGENT-X/outputs/chexpert_plus/raddino_features/patient00147__study7__view1_frontal.npz,ok,,,0.2201938182115554,0.8916463532905353,0.0798153653740882,0.6858686857173819,0.2510378584265709,0.7186447775445506,0.0085644293576478,0.2935464570530056,0.9988369600389972,0.2845977639543538,0.0011643941979855,0.2845477414673389,0.0013481258840169,0.003219892236552258,4.143881320953369,0.579776605523808,0.7186447775445506,0.2845477414673389,0.579776605523808,0.2845977639543538,0.0,pooled_embedding,True,768,9.761144638061523,-0.013843465596437454,0.35195282101631165,-6.051666736602783,0.9855248332023621,0,0,cls_embedding,True,768,13.640296936035156,0.02186272107064724,0.49171602725982666,-2.164205551147461,1.8436470031738281,0,0,1369,768,0.030032770708203316,0.5339386463165283,1.723496437072754,0.7803461472048412,0.619833237467365,0.7842324598904857,1.1816185165261937,0.24047312036171517,1.1854893365026755,1.4134935703770184,0.9419262022122733,0.031370557903457816,1.0837867860521433,0.8542580815644332,True,0.8916463532905353,1.1816185165261937,1.1816185165261937,
163,patient00147/study3,patient00147/study3/view1_frontal.dcm,/home/jovyan/Desktop/MEDAGENT-X/data/raw/chexpert_plus/dicom_train/patient00147/study3/view1_frontal.dcm,True,/home/jovyan/Desktop/MEDAGENT-X/outputs/chexpert_plus/convnext_features/patient00147_study3_view1_frontal.npz,/home/jovyan/Desktop/MEDAGENT-X/outputs/chexpert_plus/raddino_features/patient00147__study3__view1_frontal.npz,ok,,,0.1932428181171417,1.2751851461560169,0.0735323652625083,0.9817881102051503,0.242490854114294,0.8252233953932425,0.0095460219308733,0.1677185753591802,0.9986088158403228,0.10910864254041457,0.0013931222492828,0.10911438735133015,0.0009117568160756,0.8747373909558486,4.048943519592285,0.8826401115280156,0.8252233953932425,0.0,0.8826401115280156,0.0,0.1677185753591802,pooled_embedding,True,768,9.75537395477295,-0.017780650407075882,0.3515673875808716,-6.4259419441223145,1.0259902477264404,0,0,cls_embedding,True,768,11.127827644348145,0.022550443187355995,0.4009071886539459,-1.369484543800354,1.2180403470993042,0,0,1369,768,0.03158080577850342,0.5130931735038757,1.858906626701355,0.7883196938754534,0.10631256770270726,0.7991635469491969,1.1379100256100994,0.10802281208070078,1.1381919320529497,0.6724589377777084,0.8488846657385272,0.4052481735186401,0.8724579532843505,1.0914424166103238,True,1.2751851461560169,1.1379100256100994,1.2751851461560169,
164,patient00147/study8,patient00147/study8/view1_frontal.dcm,/home/jovyan/Desktop/MEDAGENT-X/data/raw/chexpert_plus/dicom_train/patient00147/study8/view1_frontal.dcm,True,/home/jovyan/Desktop/MEDAGENT-X/outputs/chexpert_plus/convnext_features/patient00147_study8_view1_frontal.npz,/home/jovyan/Desktop/MEDAGENT-X/outputs/chexpert_plus/raddino_features/patient00147__study8__view1_frontal.npz,ok,,,0.2218629270792007,0.8678933200815585,0.0833915844559669,0.517434390992277,0.2578754648566246,0.6333818461029823,0.0097179701551795,0.24851961789069962,0.9985304839291644,0.24428532218078167,0.0014716787263751,0.24431734924975493,0.000976229088426,0.7450217322794822,4.20927619934082,0.37115873298836066,0.6333818461029823,0.0,0.37115873298836066,0.0,0.24851961789069962,pooled_embedding,True,768,10.062870025634766,-0.016936196014285088,0.36271733045578003,-6.249469757080078,1.0549824237823486,0,0,cls_embedding,True,768,12.454588890075684,0.020746074616909027,0.44893714785575867,-1.5970972776412964,1.5284152030944824,0,0,1369,768,0.031705282628536224,0.529223620891571,1.8319145441055298,0.3634420581713562,0.04943247462438733,0.3672322393426402,0.08696487664152273,0.45553115535168515,0.09083288799926484,0.820173582180383,0.7240441218587426,0.9069067514705088,0.9586324497000448,0.29803548576236893,True,0.8678933200815585,0.9069067514705088,0.9069067514705088,
165,patient00147/study12,patient00147/study12/view1_frontal.dcm,/home/jovyan/Desktop/MEDAGENT-X/data/raw/chexpert_plus/dicom_train/patient00147/study12/view1_frontal.dcm,True,/home/jovyan/Desktop/MEDAGENT-X/outputs/chexpert_plus/convnext_features/patient00147_study12_view1_frontal.npz,/home/jovyan/Desktop/MEDAGENT-X/outputs/chexpert_plus/raddino_features/patient00147__study12__view1_frontal.npz,ok,,,0.3099358081817627,0.38546894417309385,0.0781221836805343,0.7656148807534515,0.2500610500574112,0.7308252892284556,0.0086480816826224,0.2542369783107505,0.9988017668834076,0.2238652496019714,0.0011996706016361,0.2238337884589621,0.0009939094278886,0.709449589474457,4.224467277526856,0.3226972862996148,0.7308252892284556,0.2238337884589621,0.3226972862996148,0.2238652496019714,0.0,pooled_embedding,True,768,10.147400856018066,-0.009800530038774014,0.36603161692619324,-5.730996131896973,1.284172534942627,0,0,cls_embedding,True,768,11.583901405334473,0.020828647539019585,0.4174787998199463,-1.6312097311019897,1.5956825017929077,0,0,1369,768,0.02998528629541397,0.5247060656547546,1.938461184501648,0.24664297434338556,1.3654829432768798,0.23884197716741357,0.7168596631529659,0.43962820745530506,0.714145737349953,0.23709522790598989,1.1066737795929438,0.6306502313474099,0.8843922872121075,0.9815632337061366,True,0.7656148807534515,0.9815632337061366,0.9815632337061366,
166,patient00147/study5,patient00147/study5/view1_frontal.dcm,/home/jovyan/Desktop/MEDAGENT-X/data/raw/chexpert_plus/dicom_train/patient00147/study5/view1_frontal.dcm,True,/home/jovyan/Desktop/MEDAGENT-X/outputs/chexpert_plus/convnext_features/patient00147_study5_view1_frontal.npz,/home/jovyan/Desktop/MEDAGENT-X/outputs/chexpert_plus/raddino_features/patient00147__study5__view1_frontal.npz,ok,,,0.3515363931655884,0.9774854961117939,0.0874567106366157,0.3259733407798709,0.2568986564874649,0.6455623577868873,0.0094989845529198,0.14561500789329127,0.9984387686961428,0.4025574808575373,0.0015636725584045,0.4026472416677567,0.0011771143247329,0.34084859247940297,4.338202953338623,0.04013379931924324,0.6455623577868873,0.0,0.0,0.0,0.14561500789329127,pooled_embedding,True,768,10.124885559082031,-0.018520412966609,0.36488062143325806,-6.785913467407227,1.3071579933166504,0,0,cls_embedding,True,768,11.553853988647461,0.02104046940803528,0.41638249158859253,-1.6042298078536987,2.110071897506714,0,0,1369,768,0.032794538885354996,0.5188009142875671,1.940510630607605,0.27775311536908087,0.24274900776398686,0.2834297381891782,0.7445996402558057,0.3988328466981772,0.7421988535539423,0.22587959822313197,0.7792363307808675,0.6851226725052849,0.8730254163252714,1.0862177953082757,True,0.9774854961117939,1.0862177953082757,1.0862177953082757,
167,patient00147/study15,patient00147/study15/view1_frontal.dcm,/home/jovyan/Desktop/MEDAGENT-X/data/raw/chexpert_plus/dicom_train/patient00147/study15/view1_frontal.dcm,True,/home/jovyan/Desktop/MEDAGENT-X/outputs/chexpert_plus/convnext_features/patient00147_study15_view1_frontal.npz,/home/jovyan/Desktop/MEDAGENT-X/outputs/chexpert_plus/raddino_features/patient00147__study15__view1_frontal.npz,ok,,,0.1740805059671402,1.5478833779387586,0.0931698754429817,0.05689226303364141,0.278144090436399,0.3806380751793983,0.0085554113611578,0.297784148491098,0.998868106718168,0.33834731008259206,0.0011331759160384,0.3382772917330516,0.0012540847680827,0.18598710871677435,4.205897808074951,0.3819362252913848,0.3806380751793983,0.3382772917330516,0.3819362252913848,0.33834731008259206,0.0,pooled_embedding,True,768,9.789060592651367,-0.011508849449455738,0.3530447781085968,-5.324967861175537,1.096091628074646,0,0,cls_embedding,True,768,10.781052589416504,0.010490904562175274,0.3888862431049347,-1.7896828651428223,1.2478629350662231,0,0,1369,768,0.027367979288101196,0.5524320602416992,2.219358205795288,0.7417737363401644,1.0504129037386558,0.7419317539575099,1.4580550877910317,2.4306027754475408,1.4457924523480699,1.3001186371915536,1.3572418177980075,1.6375315042068457,0.8282220091188358,1.498721903620248,True,1.5478833779387586,1.6375315042068457,1.6375315042068457,
168,patient00147/study10,patient00147/study10/view1_frontal.dcm,/home/jovyan/Desktop/MEDAGENT-X/data/raw/chexpert_plus/dicom_train/patient00147/study10/view1_frontal.dcm,True,/home/jovyan/Desktop/MEDAGENT-X/outputs/chexpert_plus/convnext_features/patient00147_study10_view1_frontal.npz,/home/jovyan/Desktop/MEDAGENT-X/outputs/chexpert_plus/raddino_features/patient00147__study10__view1_frontal.npz,ok,,,0.1584866940975189,1.7697984000045133,0.0676541700959205,1.258641858387886,0.2210012208670377,1.0931927710817564,0.0086029404774308,0.27544950583365907,0.9988455720095714,0.29945936467561873,0.0011557622347027,0.2994041485521647,0.0012040920840852,0.28657040906162257,3.922719955444336,1.2853091288227974,1.0931927710817564,0.2994041485521647,1.2853091288227974,0.29945936467561873,0.0,pooled_embedding,True,768,9.37756633758545,-0.011108596809208393,0.3382013738155365,-5.47243070602417,1.044696569442749,0,0,cls_embedding,True,768,11.866660118103027,0.01999794691801071,0.4277339577674866,-1.9585338830947876,1.4540685415267944,0,0,1369,768,0.030118534341454506,0.5327164530754089,1.9697840213775635,1.3103491516559385,1.1242325971750753,1.3169419667956592,0.45581491845720284,0.5996151421032868,0.45172944842237384,0.06568045491161299,0.9868485890586867,0.14914532262071106,0.9135992647115795,0.7126551536934866,True,1.7697984000045133,1.3103491516559385,1.7697984000045133,
169,patient00147/study2,patient00147/study2/view1_frontal.dcm,/home/jovyan/Desktop/MEDAGENT-X/data/raw/chexpert_plus/dicom_train/patient00147/study2/view1_frontal.dcm,True,/home/jovyan/Desktop/MEDAGENT-X/outputs/chexpert_plus/convnext_features/patient00147_study2_view1_frontal.npz,/home/jovyan/Desktop/MEDAGENT-X/outputs/chexpert_plus/raddino_features/patient00147__study2__view1_frontal.npz,ok,,,0.1662830859422683,1.6588482049703308,0.0759292766451835,0.8688973535104049,0.2505494635552168,0.7247349172533304,0.0120728565379977,1.3551159525882261,0.9977501918525034,1.5908283914478645,0.0022548811975866,1.5922812319674535,0.0014787442988171,0.26601896993907154,4.020512580871582,0.973338375617714,0.7247349172533304,0.0,0.973338375617714,0.0,1.3551159525882261,pooled_embedding,True,768,9.909331321716309,-0.01608365960419178,0.35721030831336975,-6.253490924835205,1.3891379833221436,0,0,cls_embedding,True,768,12.070470809936523,0.016589224338531494,0.4352395534515381,-1.582431435585022,1.4696513414382935,0,0,1369,768,0.030836116522550583,0.5315468907356262,1.9139375686645508,0.5755916356508715,0.20666810559382207,0.5805656439776001,0.26765551747884847,1.2561104699795569,0.2596709179077792,0.3713011447701037,0.8862745859222885,0.2550007169937661,0.9320332424456906,0.5429338752912491,True,1.6588482049703308,0.5755916356508715,1.6588482049703308,
170,patient00147/study4,patient00147/study4/view1_frontal.dcm,/home/jovyan/Desktop/MEDAGENT-X/data/raw/chexpert_plus/dicom_train/patient00147/study4/view1_frontal.dcm,True,/home/jovyan/Desktop/MEDAGENT-X/outputs/chexpert_plus/convnext_features/patient00147_study4_view1_frontal.npz,/home/jovyan/Desktop/MEDAGENT-X/outputs/chexpert_plus/raddino_features/patient00147__study4__view1_frontal.npz,ok,,,0.2523138225078583,0.4345476322233503,0.0655607432126998,1.3572389724239247,0.1951159983873367,1.4159738454553439,0.0110296057537198,0.8648768045446367,0.9980531546910733,1.0680081261602403,0.0019506429089233,1.0686590015324529,0.0014742413041299,0.25695912296033074,3.873612880706787,1.441966862743326,1.4159738454553439,0.0,1.441966862743326,0.0,0.8648768045446367,pooled_embedding,True,768,9.546073913574219,-0.015193621627986431,0.3441290259361267,-5.712205410003662,1.1520154476165771,0,0,cls_embedding,True,768,12.816603660583496,0.02876349724829197,0.4615840017795563,-2.334439992904663,1.7904928922653198,0,0,1369,768,0.03210676088929176,0.5187143087387085,1.921268343925476,1.0775165815236503,0.3708202533714052,1.0873140162126091,0.4211793467033508,1.088566487207573,0.41444959778267354,0.3311833488564609,1.0789189054049497,0.5191201924380173,0.9918881093187123,0.008148732641324664,True,1.441966862743326,1.0775165815236503,1.441966862743326,
171,patient00150/study1,patient00150/study1/view1_frontal.dcm,/home/jovyan/Desktop/MEDAGENT-X/data/raw/chexpert_plus/dicom_train/patient00150/study1/view1_frontal.dcm,True,/home/jovyan/Desktop/MEDAGENT-X/outputs/chexpert_plus/convnext_features/patient00150_study1_view1_frontal.npz,/home/jovyan/Desktop/MEDAGENT-X/outputs/chexpert_plus/raddino_features/patient00150__study1__view1_frontal.npz,ok,,,0.2065788954496383,1.0853998697748757,0.0803183764219284,0.662177656409023,0.2671550773084163,0.5176678212647283,0.009408738464117,0.10320702090138702,0.9986606589037836,0.019643530845971775,0.001341137336567,0.019643545055931754,0.0009588535824025,0.779980562277344,4.206106185913086,0.38127147382541143,0.5176678212647283,0.0,0.38127147382541143,0.0,0.10320702090138702,pooled_embedding,True,768,10.729528427124023,-0.016081685200333595,0.38683435320854187,-7.00858211517334,1.147538423538208,0,0,cls_embedding,True,768,11.375877380371094,0.027015388011932373,0.4096016585826874,-1.6435887813568115,1.5243762731552124,0,0,1369,768,0.032029200345277786,0.5329055190086365,2.0126497745513916,0.5577022174389675,0.20703225031861594,0.5670234147037517,0.9089088416042738,0.7518932849950413,0.9157116402267271,0.1689031295393395,0.7817688769656737,0.6749459023776998,0.8884247322578889,0.944436589737681,True,1.0853998697748757,0.944436589737681,1.0853998697748757,
172,patient00150/study3,patient00150/study3/view1_frontal.dcm,/home/jovyan/Desktop/MEDAGENT-X/data/raw/chexpert_plus/dicom_train/patient00150/study3/view1_frontal.dcm,True,/home/jovyan/Desktop/MEDAGENT-X/outputs/chexpert_plus/convnext_features/patient00150_study3_view1_frontal.npz,/home/jovyan/Desktop/MEDAGENT-X/outputs/chexpert_plus/raddino_features/patient00150__study3__view1_frontal.npz,ok,,,0.2195895612239837,0.9002455145380548,0.0767714455723762,0.8292325214507921,0.2307692393660545,0.971388467174914,0.0096699157729744,0.22593814491505648,0.9985520655792696,0.20704206130241795,0.0014500339748337,0.20706473016254254,0.0010972479637126,0.5015365479081744,4.179649353027344,0.46567209244799346,0.971388467174914,0.0,0.46567209244799346,0.0,0.22593814491505648,pooled_embedding,True,768,11.021636009216309,-0.022055847570300102,0.39709702134132385,-7.067577838897705,1.316772699356079,0,0,cls_embedding,True,768,10.784452438354492,0.02155333198606968,0.38855305314064026,-1.243715763092041,1.802916407585144,0,0,1369,768,0.03219257667660713,0.5423865914344788,2.090998888015747,0.9613170620214322,0.8947989191592112,0.964583089749267,1.4549163243933225,0.30005922154338305,1.4543183545706708,0.5976700241857754,0.7804932459142815,0.680071891414153,0.8549709072019949,1.2524453135100115,True,0.971388467174914,1.4549163243933225,1.4549163243933225,
173,patient00150/study2,patient00150/study2/view1_frontal.dcm,/home/jovyan/Desktop/MEDAGENT-X/data/raw/chexpert_plus/dicom_train/patient00150/study2/view1_frontal.dcm,True,/home/jovyan/Desktop/MEDAGENT-X/outputs/chexpert_plus/convnext_features/patient00150_study2_view1_frontal.npz,/home/jovyan/Desktop/MEDAGENT-X/outputs/chexpert_plus/raddino_features/patient00150__study2__view1_frontal.npz,ok,,,0.2797009944915771,0.04480169159637946,0.0854285284876823,0.4214975304361109,0.2815628871321678,0.33800669075183504,0.0103461379185318,0.5437050457621307,0.9983858291141026,0.4939148448733219,0.0016167806461453,0.49405117205125637,0.0012931034482758,0.10748306942337646,4.263129234313965,0.19936079004990698,0.33800669075183504,0.0,0.19936079004990698,0.0,0.5437050457621307,pooled_embedding,True,768,11.202238082885742,-0.017756396904587746,0.4038357734680176,-7.1690778732299805,1.1789829730987549,0,0,cls_embedding,True,768,12.324402809143066,0.018701113760471344,0.44432517886161804,-1.907052993774414,1.3372308015823364,0,0,1369,768,0.0320642925798893,0.5541149973869324,2.2715585231781006,1.210861005294805,0.10183942764464982,1.2256317830362435,0.03322378855378849,0.8493758337139538,0.02718146090520277,1.5857857876433499,0.7607209320648797,0.7595248522892708,0.9943703189243601,0.031002388732776793,True,0.5437050457621307,1.210861005294805,1.210861005294805,
174,patient00157/study1,patient00157/study1/view1_frontal.dcm,/home/jovyan/Desktop/MEDAGENT-X/data/raw/chexpert_plus/dicom_train/patient00157/study1/view1_frontal.dcm,True,/home/jovyan/Desktop/MEDAGENT-X/outputs/chexpert_plus/convnext_features/patient00157_study1_view1_frontal.npz,/home/jovyan/Desktop/MEDAGENT-X/outputs/chexpert_plus/raddino_features/patient00157__study1__view1_frontal.npz,ok,,,0.4206549525260925,1.961109433214732,0.1070217192173004,0.5955077950590097,0.3264957368373871,0.2222926659135804,0.0081457020714879,0.4903126719681649,0.9988959314561352,0.38636421193849835,0.0011052888585254,0.3862734966794532,0.001075909622982,0.5444684443967478,4.654777526855469,1.0500464355139172,0.0,0.3862734966794532,0.0,0.38636421193849835,0.0,pooled_embedding,True,768,10.388177871704102,-0.012680442072451115,0.37463656067848206,-6.816132068634033,0.9454696774482727,0,0,cls_embedding,True,768,11.518877983093262,0.017741238698363304,0.41527292132377625,-1.6995545625686646,1.6144427061080933,0,0,1369,768,0.033121783286333084,0.5183116793632507,1.8538975715637207,0.08604670481203752,0.8343328593735698,0.09450005413312774,0.776889723737148,1.0342408319430403,0.7705913281201012,0.699871079683479,0.6903336216337548,1.0423688463905545,0.9125053011213753,0.7227272554250291,True,1.961109433214732,1.0423688463905545,1.961109433214732,
174,patient00157/study1,patient00157/study1/view2_lateral.dcm,/home/jovyan/Desktop/MEDAGENT-X/data/raw/chexpert_plus/dicom_train/patient00157/study1/view2_lateral.dcm,True,/home/jovyan/Desktop/MEDAGENT-X/outputs/chexpert_plus/convnext_features/patient00157_study1_view2_lateral.npz,/home/jovyan/Desktop/MEDAGENT-X/outputs/chexpert_plus/raddino_features/patient00157__study1__view2_lateral.npz,ok,,,0.3406980037689209,0.8232447343129204,0.1013974994421005,0.3306158884040253,0.299145296216011,0.1187592456657697,0.0052346810698509,1.8582449824790104,0.9995542389348072,1.5223995496874334,0.0004459598567336,1.5210396828342156,0.0002121640735502,2.282290282975556,4.466076850891113,0.44806758737771835,0.1187592456657697,1.5210396828342156,0.0,1.5223995496874334,0.0,pooled_embedding,True,768,8.886932373046875,-0.02004736103117466,0.32005229592323303,-3.9043092727661133,1.1094664335250854,0,0,cls_embedding,True,768,17.99700164794922,0.02644915133714676,0.6488720178604126,-2.3544979095458984,1.8724746704101562,0,0,1369,768,0.03346719965338707,0.5670577883720398,1.8795613050460815,1.9882745581986303,0.5243682319367836,2.0200087926819985,5.203757597939184,0.6428401946359709,5.206908806305657,0.5594258490520981,1.5124963795989332,2.261405610111032,1.7239259110683618,6.7480066918819865,True,2.282290282975556,6.7480066918819865,6.7480066918819865,extreme_outlier
174,patient00157/study1,patient00157/study1/view3_lateral.dcm,/home/jovyan/Desktop/MEDAGENT-X/data/raw/chexpert_plus/dicom_train/patient00157/study1/view3_lateral.dcm,True,/home/jovyan/Desktop/MEDAGENT-X/outputs/chexpert_plus/convnext_features/patient00157_study1_view3_lateral.npz,/home/jovyan/Desktop/MEDAGENT-X/outputs/chexpert_plus/raddino_features/patient00157__study1__view3_lateral.npz,ok,,,0.2927448153495788,0.14082449254171966,0.1217209473252296,1.287818322651703,0.4029304068535566,1.175410412015905,0.0054225563071668,1.7699595983045955,0.9995196125842304,1.4626451656845174,0.0004806182987522,1.46138929894297,0.0001755840608691,2.3558878198132547,4.52101993560791,0.6233429258567103,0.0,1.46138929894297,0.0,1.4626451656845174,0.0,pooled_embedding,True,768,8.784697532653809,-0.01674238033592701,0.31654801964759827,-3.668778896331787,1.146117091178894,0,0,cls_embedding,True,768,17.831724166870117,0.02808108739554882,0.6428338885307312,-1.9721928834915161,1.9057389497756958,0,0,1369,768,0.03432204946875572,0.569700300693512,2.003760576248169,2.129535866517304,0.0851784323542936,2.155758962071273,5.051172316199102,0.9571392825651067,5.052400850517437,0.12025683625226714,1.561266141658433,2.4573817627412144,1.7524418121834622,7.0105520449172625,True,2.3558878198132547,7.0105520449172625,7.0105520449172625,extreme_outlier
175,patient00159/study1,patient00159/study1/view1_frontal.dcm,/home/jovyan/Desktop/MEDAGENT-X/data/raw/chexpert_plus/dicom_train/patient00159/study1/view1_frontal.dcm,True,/home/jovyan/Desktop/MEDAGENT-X/outputs/chexpert_plus/convnext_features/patient00159_study1_view1_frontal.npz,/home/jovyan/Desktop/MEDAGENT-X/outputs/chexpert_plus/raddino_features/patient00159__study1__view1_frontal.npz,ok,,,0.543174684047699,3.7046836889151713,0.1609378159046173,3.1348711595339043,0.4905247390270233,2.2676858471666215,0.0074656824581325,0.8098640597344635,0.9988114327858688,0.2405456111699715,0.0011899815872311,0.2405094782800998,0.0155393418036384,28.555384308399187,5.319387435913086,3.1702354887316253,0.0,0.2405094782800998,0.0,0.2405456111699715,0.0,pooled_embedding,True,768,11.520146369934082,-0.026925737038254738,0.41482454538345337,-8.009831428527832,1.2997913360595703,0,0,cls_embedding,True,768,12.307001113891602,0.019682269543409348,0.44365429878234863,-1.5845463275909424,1.611448049545288,0,0,1369,768,0.03325073793530464,0.5297920107841492,2.021228313446045,1.650125549369377,1.792966005256386,1.6513195803347889,0.04928915060652341,0.6604123224868265,0.04434841841262413,0.21584933377606705,0.7547914726396623,0.7833517605262473,1.0074011884395777,0.1509773536977713,True,28.555384308399187,1.650125549369377,28.555384308399187,extreme_outlier
175,patient00159/study1,patient00159/study1/view2_lateral.dcm,/home/jovyan/Desktop/MEDAGENT-X/data/raw/chexpert_plus/dicom_train/patient00159/study1/view2_lateral.dcm,True,/home/jovyan/Desktop/MEDAGENT-X/outputs/chexpert_plus/convnext_features/patient00159_study1_view2_lateral.npz,/home/jovyan/Desktop/MEDAGENT-X/outputs/chexpert_plus/raddino_features/patient00159__study1__view2_lateral.npz,ok,,,0.2493465691804886,0.4767745163953164,0.1179952770471572,1.1123451116157197,0.3667887728661299,0.7247349172533304,0.0030960252042859,2.8632313628330994,0.9997980316070368,1.9431103872671551,0.000202009192435,1.9409013363997876,0.0013094120372628,0.07467083424988302,4.447569370269775,0.38902640053830023,0.0,1.9409013363997876,0.0,1.9431103872671551,0.0,pooled_embedding,True,768,9.460599899291992,-0.016914138570427895,0.34096071124076843,-5.264510154724121,1.0451231002807617,0,0,cls_embedding,True,768,11.653483390808105,0.019323451444506645,0.42006462812423706,-1.3417460918426514,1.2203372716903687,0,0,1369,768,0.035378191620111465,0.5770642757415771,1.9873162508010864,1.1956188941827621,0.05350058955930141,1.2100495606569484,0.6526211063440852,0.7295180945156722,0.6479777201544077,0.03026497744573893,1.4614862705024474,2.0564268588557155,1.0919774024258138,0.9296689289622414,True,2.8632313628330994,2.0564268588557155,2.8632313628330994,
176,patient00162/study1,patient00162/study1/view1_frontal.dcm,/home/jovyan/Desktop/MEDAGENT-X/data/raw/chexpert_plus/dicom_train/patient00162/study1/view1_frontal.dcm,True,/home/jovyan/Desktop/MEDAGENT-X/outputs/chexpert_plus/convnext_features/patient00162_study1_view1_frontal.npz,/home/jovyan/Desktop/MEDAGENT-X/outputs/chexpert_plus/raddino_features/patient00162__study1__view1_frontal.npz,ok,,,0.2450496107339859,0.5379243902327023,0.0502449758350849,2.07858753003722,0.1316171884536743,2.2077852393077544,0.0044471505098044,2.22831737219949,0.9997042142784692,1.7812106610768768,0.0002958732366096,1.7793526359245921,0.0001761043946851,2.3548409287822207,3.330637693405152,3.174125882036491,2.2077852393077544,1.7793526359245921,3.174125882036491,1.7812106610768768,0.0,pooled_embedding,True,768,9.534939765930176,-0.015391114167869091,0.3437180817127228,-5.597671031951904,1.080459713935852,0,0,cls_embedding,True,768,14.050749778747559,0.030395209789276123,0.5061008930206299,-2.368954658508301,2.3581788539886475,0,0,1369,768,0.03368127718567848,0.5649135112762451,2.04641056060791,1.0929010068053222,0.33439616197476013,1.103233351204689,1.5605513405103355,1.4028225272977797,1.5535795316007215,0.35365962209189034,1.04567107009534,0.38551726775468786,1.1301767530752642,1.281369615589586,True,3.174125882036491,1.5605513405103355,3.174125882036491,
176,patient00162/study1,patient00162/study1/view2_lateral.dcm,/home/jovyan/Desktop/MEDAGENT-X/data/raw/chexpert_plus/dicom_train/patient00162/study1/view2_lateral.dcm,True,/home/jovyan/Desktop/MEDAGENT-X/outputs/chexpert_plus/convnext_features/patient00162_study1_view2_lateral.npz,/home/jovyan/Desktop/MEDAGENT-X/outputs/chexpert_plus/raddino_features/patient00162__study1__view2_lateral.npz,ok,,,0.2299830764532089,0.7523357423336351,0.1120657250285148,0.8330725364659927,0.324543721973896,0.19795161745147216,0.0047242641448974,2.0980975301187708,0.9996967425934786,1.7683168410051775,0.0003033493994735,1.766485468247933,0.0001761043946851,2.3548409287822207,3.5642311573028564,2.428933403998696,0.0,1.766485468247933,2.428933403998696,1.7683168410051775,0.0,pooled_embedding,True,768,10.254188537597656,-0.01119841169565916,0.3698466718196869,-4.949284076690674,2.2585768699645996,0,0,cls_embedding,True,768,15.218995094299316,0.01658347062766552,0.5489177703857422,-1.6113507747650146,2.194169044494629,0,0,1369,768,0.03598456829786301,0.6006749272346497,1.8091315031051636,0.09909085263758532,1.107667791057306,0.0910527313188301,2.639083270275665,1.25721859309999,2.649208299006978,0.944854172788133,1.581621377012183,2.5391771322909564,1.3490137253400853,3.2961974096870224,True,2.428933403998696,3.2961974096870224,3.2961974096870224,
177,patient00163/study1,patient00163/study1/view1_frontal.dcm,/home/jovyan/Desktop/MEDAGENT-X/data/raw/chexpert_plus/dicom_train/patient00163/study1/view1_frontal.dcm,True,/home/jovyan/Desktop/MEDAGENT-X/outputs/chexpert_plus/convnext_features/patient00163_study1_view1_frontal.npz,/home/jovyan/Desktop/MEDAGENT-X/outputs/chexpert_plus/raddino_features/patient00163__study1__view1_frontal.npz,ok,,,0.2975718975067138,0.20951853940916082,0.0741463601589202,0.9528699161644134,0.1869010478258133,1.51841185116512,0.0041980664245784,2.345365709543355,0.9997634614090072,1.8834529052134856,0.0002365945547353,1.8813767294620738,0.0013685482900974,0.04430896448284542,3.9454269409179688,1.2128709942469313,1.51841185116512,1.8813767294620738,1.2128709942469313,1.8834529052134856,0.0,pooled_embedding,True,768,11.090572357177734,-0.013631823472678661,0.3999643325805664,-6.825468063354492,1.1505743265151978,0,0,cls_embedding,True,768,11.257155418395996,0.02622535265982151,0.4053601324558258,-1.4941917657852173,1.869826316833496,0,0,1369,768,0.032378681004047394,0.5493872165679932,2.061786413192749,1.0565687263885122,0.6588669754695728,1.0756582321760557,1.018513755101447,0.5997381871762258,1.0242468330822743,0.43780424446010685,1.0750849564827691,0.5037138724680139,0.9224246718903745,0.6313997995637235,True,2.345365709543355,1.0565687263885122,2.345365709543355,
177,patient00163/study1,patient00163/study1/view2_lateral.dcm,/home/jovyan/Desktop/MEDAGENT-X/data/raw/chexpert_plus/dicom_train/patient00163/study1/view2_lateral.dcm,True,/home/jovyan/Desktop/MEDAGENT-X/outputs/chexpert_plus/convnext_features/patient00163_study1_view2_lateral.npz,/home/jovyan/Desktop/MEDAGENT-X/outputs/chexpert_plus/raddino_features/patient00163__study1__view2_lateral.npz,ok,,,0.2287945598363876,0.769249483082376,0.1187466457486152,1.147733395837421,0.356650173664093,0.5983095814988101,0.0047014434821903,2.10882130086682,0.9996736726359068,1.7285052212209846,0.0003264338884036,1.726754927969328,0.0007295012371197,1.2414283979552376,4.1209635734558105,0.6528870974176609,0.0,1.726754927969328,0.6528870974176609,1.7285052212209846,0.0,pooled_embedding,True,768,10.15007209777832,-0.00886442605406046,0.36615192890167236,-3.469834566116333,1.9497965574264526,0,0,cls_embedding,True,768,12.063887596130371,0.025749502703547478,0.4345558285713196,-1.3048670291900635,1.2058640718460083,0,0,1369,768,0.03455733880400658,0.5977668166160583,2.0587410926818848,0.24295202999957713,1.5381311714895944,0.2341812798461411,0.2737331847255207,0.5080929254160983,0.2771665573345155,0.4211386746672795,1.9769129439187505,4.127614663624281,1.0939110714527807,0.9474721824974968,True,2.10882130086682,4.127614663624281,4.127614663624281,moderate_outlier
178,patient00166/study1,patient00166/study1/view1_frontal.dcm,/home/jovyan/Desktop/MEDAGENT-X/data/raw/chexpert_plus/dicom_train/patient00166/study1/view1_frontal.dcm,True,/home/jovyan/Desktop/MEDAGENT-X/outputs/chexpert_plus/convnext_features/patient00166_study1_view1_frontal.npz,/home/jovyan/Desktop/MEDAGENT-X/outputs/chexpert_plus/raddino_features/patient00166__study1__view1_frontal.npz,ok,,,0.2843438982963562,0.02127131921722051,0.0391528494656086,2.601009238346827,0.1148141324520111,2.4173143817839158,0.004292192403227,2.3011345042791307,0.9997673282643194,1.890125902897566,0.0002327258844161,1.8880350688520873,0.001596022750252,0.5019785696526049,3.277521848678589,3.343572095532395,2.4173143817839158,1.8880350688520873,3.343572095532395,1.890125902897566,0.0,pooled_embedding,True,768,10.553189277648926,-0.01702737994492054,0.3804245591163635,-6.6676411628723145,0.9772692322731018,0,0,cls_embedding,True,768,12.55728816986084,0.019127747043967247,0.45271822810173035,-1.8128465414047241,1.5659719705581665,0,0,1369,768,0.03244420513510704,0.558188259601593,2.2765469551086426,0.31404849951969094,0.03261517192857715,0.31871803997813397,0.18177754221585923,0.7672093473540214,0.18758586356150386,1.6130850686873746,1.157001276612558,0.8328859778613661,1.0132902418946164,0.20519775557656672,True,3.343572095532395,0.8328859778613661,3.343572095532395,
178,patient00166/study1,patient00166/study1/view2_lateral.dcm,/home/jovyan/Desktop/MEDAGENT-X/data/raw/chexpert_plus/dicom_train/patient00166/study1/view2_lateral.dcm,True,/home/jovyan/Desktop/MEDAGENT-X/outputs/chexpert_plus/convnext_features/patient00166_study1_view2_lateral.npz,/home/jovyan/Desktop/MEDAGENT-X/outputs/chexpert_plus/raddino_features/patient00166__study1__view2_lateral.npz,ok,,,0.2193514853715896,0.9036335641361319,0.1085697710514068,0.668418601949129,0.3308307528495788,0.2763490344435105,0.0076519143767654,0.7223508955892679,0.9992568802694932,1.0092503561464272,0.0007436723681166,1.0086489185958134,0.0031160535677499,3.5602203767430636,3.758236885070801,1.8100307745474238,0.0,1.0086489185958134,1.8100307745474238,1.0092503561464272,0.0,pooled_embedding,True,768,9.77971363067627,-0.0071716043166816235,0.35282212495803833,-5.016500949859619,1.718977451324463,0,0,cls_embedding,True,768,10.16418743133545,0.02906964160501957,0.3656146824359894,-1.0692721605300903,1.1449421644210815,0,0,1369,768,0.035257767885923386,0.5743540525436401,2.0213816165924072,0.7546887472340117,1.850342932587756,0.7505569879647496,2.0275491490926445,1.147527677260787,2.0412817290161462,0.21668828792754188,1.5219284023454698,2.29930720018095,0.9267312701001076,0.5917490326883704,True,3.5602203767430636,2.29930720018095,3.5602203767430636,moderate_outlier
179,patient00170/study5,patient00170/study5/view1_frontal.dcm,/home/jovyan/Desktop/MEDAGENT-X/data/raw/chexpert_plus/dicom_train/patient00170/study5/view1_frontal.dcm,True,/home/jovyan/Desktop/MEDAGENT-X/outputs/chexpert_plus/convnext_features/patient00170_study5_view1_frontal.npz,/home/jovyan/Desktop/MEDAGENT-X/outputs/chexpert_plus/raddino_features/patient00170__study5__view1_frontal.npz,ok,,,0.2871183156967163,0.06075396167617937,0.0913779363036155,0.14128977845959834,0.3079365119338035,0.009135383762929477,0.009164860472083,0.011394895380979868,0.9986924801079816,0.03527003709883359,0.0013092317385599,0.035268939711326656,0.0011249878066624,0.4457250824729878,4.322648525238037,0.00948677921634584,0.009135383762929477,0.035268939711326656,0.00948677921634584,0.03527003709883359,0.0,pooled_embedding,True,768,11.1771821975708,-0.016943933442234993,0.4029657542705536,-7.088457107543945,1.4429415464401245,0,0,cls_embedding,True,768,11.455854415893555,0.019113531336188316,0.41293540596961975,-1.2724437713623047,1.5444425344467163,0,0,1369,768,0.03263533115386963,0.5395561456680298,1.9800477027893066,1.1762404480849233,0.04800543954250647,1.191928603224525,0.8350735047014154,0.7699471899099116,0.8304053366109319,0.009512278757896175,0.7819954066805602,0.6740356165754906,0.8991564895019495,0.845629507227539,True,0.4457250824729878,1.1762404480849233,1.1762404480849233,
180,patient00170/study2,patient00170/study2/view1_frontal.dcm,/home/jovyan/Desktop/MEDAGENT-X/data/raw/chexpert_plus/dicom_train/patient00170/study2/view1_frontal.dcm,True,/home/jovyan/Desktop/MEDAGENT-X/outputs/chexpert_plus/convnext_features/patient00170_study2_view1_frontal.npz,/home/jovyan/Desktop/MEDAGENT-X/outputs/chexpert_plus/raddino_features/patient00170__study2__view1_frontal.npz,ok,,,0.309635579586029,0.38119640093581086,0.0857370272278785,0.4069677249239627,0.2590964585542679,0.6181564155378119,0.0102188130840659,0.48387320157467784,0.9984460167828578,0.39004952233340867,0.0015564018394798,0.39013366200970523,0.0014468919182558,0.20193324169819832,4.225608348846436,0.3190571255259893,0.6181564155378119,0.0,0.3190571255259893,0.0,0.48387320157467784,pooled_embedding,True,768,10.740680694580078,-0.017582731321454048,0.3871718645095825,-6.990368843078613,1.0953741073608398,0,0,cls_embedding,True,768,12.440749168395996,0.02498372457921505,0.4482211172580719,-1.6860952377319336,1.4703402519226074,0,0,1369,768,0.0324365571141243,0.5310272574424744,1.932813048362732,0.5731116794727038,0.06980980730419638,0.5800980734016489,0.07418795253842145,0.36060959431706263,0.07251058685434433,0.2680047517760345,0.7488332961568264,0.8072940652349161,0.9662246387173,0.22813434752373607,True,0.6181564155378119,0.8072940652349161,0.8072940652349161,
181,patient00170/study4,patient00170/study4/view1_frontal.dcm,/home/jovyan/Desktop/MEDAGENT-X/data/raw/chexpert_plus/dicom_train/patient00170/study4/view1_frontal.dcm,True,/home/jovyan/Desktop/MEDAGENT-X/outputs/chexpert_plus/convnext_features/patient00170_study4_view1_frontal.npz,/home/jovyan/Desktop/MEDAGENT-X/outputs/chexpert_plus/raddino_features/patient00170__study4__view1_frontal.npz,ok,,,0.2155195474624633,0.9581657460534336,0.0903122425079345,0.19148228030547326,0.3067155163735151,0.024360837554734487,0.0093188537284731,0.0609688391638204,0.998669971783788,0.003572376979483025,0.0013317995471879,0.0035723459852988458,0.0012664305223625,0.16114794003419425,4.281474113464356,0.14083832231780166,0.024360837554734487,0.0,0.14083832231780166,0.0,0.0609688391638204,pooled_embedding,True,768,11.336909294128418,-0.016047144308686256,0.4087706506252289,-7.057217597961426,1.1048338413238525,0,0,cls_embedding,True,768,12.025802612304688,0.02111625112593174,0.4334297180175781,-1.4103070497512817,2.5336508750915527,0,0,1369,768,0.031890448182821274,0.5423415303230286,1.9223501682281494,1.3969407352563246,0.2134027218059531,1.4168011878758633,0.30889349784964903,0.3842378356412594,0.30598227659956034,0.3252630464267299,0.8519355887682034,0.3929883606329977,0.9211358621948503,0.64326584563889,True,0.9581657460534336,1.3969407352563246,1.3969407352563246,
182,patient00170/study1,patient00170/study1/view1_frontal.dcm,/home/jovyan/Desktop/MEDAGENT-X/data/raw/chexpert_plus/dicom_train/patient00170/study1/view1_frontal.dcm,True,/home/jovyan/Desktop/MEDAGENT-X/outputs/chexpert_plus/convnext_features/patient00170_study1_view1_frontal.npz,/home/jovyan/Desktop/MEDAGENT-X/outputs/chexpert_plus/raddino_features/patient00170__study1__view1_frontal.npz,ok,,,0.2756828367710113,0.10198396150436544,0.0810748189687728,0.6265504020488495,0.2456654459238052,0.785637173726607,0.0082302661612629,0.45057474130840264,0.9989396035815594,0.4617288088235314,0.0010615220526233,0.46160021714636906,0.0009303516558552,0.8373253097299362,4.113863468170166,0.6755373247136426,0.785637173726607,0.46160021714636906,0.6755373247136426,0.4617288088235314,0.0,pooled_embedding,True,768,10.904253005981445,-0.019226225093007088,0.39300331473350525,-7.032060146331787,1.168360710144043,0,0,cls_embedding,True,768,12.948931694030762,0.02950095571577549,0.466322124004364,-1.9781779050827026,1.333225965499878,0,0,1369,768,0.03295852616429329,0.5371273159980774,1.9478398561477661,0.7991250289769275,0.3729238762226082,0.8059993133200798,0.5433454768611459,1.2305956571142926,0.5356920454445893,0.18577028318349323,0.727694894782908,0.8922365049572796,1.0287781760347425,0.3477948672790356,True,0.8373253097299362,0.8922365049572796,0.8922365049572796,
183,patient00170/study7,patient00170/study7/view1_frontal.dcm,/home/jovyan/Desktop/MEDAGENT-X/data/raw/chexpert_plus/dicom_train/patient00170/study7/view1_frontal.dcm,True,/home/jovyan/Desktop/MEDAGENT-X/outputs/chexpert_plus/convnext_features/patient00170_study7_view1_frontal.npz,/home/jovyan/Desktop/MEDAGENT-X/outputs/chexpert_plus/raddino_features/patient00170__study7__view1_frontal.npz,ok,,,0.2709038555622101,0.1699934853635694,0.0719145387411117,1.0579851951376134,0.2234432324767112,1.0627416080051664,0.0103136105462908,0.5284199470151775,0.998430783214797,0.4163379547116543,0.0015716830966994,0.4164341188796598,0.0012946276154709,0.10441650538836351,3.609381675720215,2.2848975814944477,1.0627416080051664,0.0,2.2848975814944477,0.0,0.5284199470151775,pooled_embedding,True,768,9.765210151672363,-0.00816829688847065,0.3522769808769226,-6.497220039367676,1.001177191734314,0,0,cls_embedding,True,768,11.045787811279297,0.0209422018378973,0.39802998304367065,-1.1110222339630127,1.483130693435669,0,0,1369,768,0.03124493546783924,0.5335429310798645,2.1013762950897217,0.7747286906758676,1.6665201848993092,0.7716750150642582,1.2136497510765607,0.4177584703513617,1.211815919376435,0.6544605660164028,0.756925345027104,0.7747770190668897,0.8759913724494327,1.058910294326211,True,2.2848975814944477,1.2136497510765607,2.2848975814944477,
184,patient00170/study10,patient00170/study10/view1_frontal.dcm,/home/jovyan/Desktop/MEDAGENT-X/data/raw/chexpert_plus/dicom_train/patient00170/study10/view1_frontal.dcm,True,/home/jovyan/Desktop/MEDAGENT-X/outputs/chexpert_plus/convnext_features/patient00170_study10_view1_frontal.npz,/home/jovyan/Desktop/MEDAGENT-X/outputs/chexpert_plus/raddino_features/patient00170__study10__view1_frontal.npz,ok,,,0.2247040569782257,0.8274612942558471,0.0792313292622566,0.7133758681181515,0.2444444522261619,0.8008626042917778,0.0083983885124325,0.371571533789591,0.998917258710382,0.423168464155623,0.0010839148890227,0.4230600748364172,0.0010743854557869,0.5475350084317613,4.179121971130371,0.46735450691336317,0.8008626042917778,0.4230600748364172,0.46735450691336317,0.423168464155623,0.0,pooled_embedding,True,768,10.908783912658691,-0.01708095520734787,0.39326605200767517,-6.855679035186768,1.0653666257858276,0,0,cls_embedding,True,768,11.643646240234375,0.020676711574196815,0.4196448028087616,-1.6140859127044678,1.5227323770523071,0,0,1369,768,0.03407565504312515,0.5264060497283936,1.8410831689834595,0.8053855347168182,0.022734139174571594,0.8161773434375774,0.6617028298917347,0.4688899759673558,0.6587205094754971,0.7699981220728932,0.7742624588821877,0.7051096529049315,0.9333152077366628,0.5311308455171342,True,0.8274612942558471,0.8053855347168182,0.8274612942558471,
185,patient00170/study3,patient00170/study3/view1_frontal.dcm,/home/jovyan/Desktop/MEDAGENT-X/data/raw/chexpert_plus/dicom_train/patient00170/study3/view1_frontal.dcm,True,/home/jovyan/Desktop/MEDAGENT-X/outputs/chexpert_plus/convnext_features/patient00170_study3_view1_frontal.npz,/home/jovyan/Desktop/MEDAGENT-X/outputs/chexpert_plus/raddino_features/patient00170__study3__view1_frontal.npz,ok,,,0.1710890084505081,1.5904552803679743,0.084901288151741,0.4463297211105839,0.2708180835470557,0.47199121600965,0.0094159729778766,0.10660662712787188,0.9986521022511752,0.03440966984785818,0.0013497170293703,0.03440998981161786,0.0011935753304394,0.3077297009024286,4.0828728675842285,0.7744012315249549,0.47199121600965,0.0,0.7744012315249549,0.0,0.10660662712787188,pooled_embedding,True,768,10.726990699768066,-0.01848035492002964,0.38663551211357117,-6.745603561401367,1.1350221633911133,0,0,cls_embedding,True,768,11.363054275512695,0.022527312859892845,0.4094095826148987,-1.7201510667800903,1.8091429471969604,0,0,1369,768,0.03160705789923668,0.5463719367980957,2.204253911972046,0.5541957544261599,0.23536099224378232,0.5593206224006727,0.9207472182229548,0.11247754594587972,0.9206266169552302,1.2174601248988113,0.9161929383953393,0.1347769684434056,0.8654710817380022,1.1557704085381941,True,1.5904552803679743,1.1557704085381941,1.5904552803679743,
186,patient00170/study9,patient00170/study9/view1_frontal.dcm,/home/jovyan/Desktop/MEDAGENT-X/data/raw/chexpert_plus/dicom_train/patient00170/study9/view1_frontal.dcm,True,/home/jovyan/Desktop/MEDAGENT-X/outputs/chexpert_plus/convnext_features/patient00170_study9_view1_frontal.npz,/home/jovyan/Desktop/MEDAGENT-X/outputs/chexpert_plus/raddino_features/patient00170__study9__view1_frontal.npz,ok,,,0.3440019190311432,0.8702626433687418,0.1004228666424751,0.2847122162680835,0.3494505509734154,0.5085324142751644,0.0108804497867822,0.7947861846677305,0.9981961273339084,0.8212815130588331,0.0018071325030177,0.8216643212735009,0.0013776947276008,0.06271123451371394,4.204699516296387,0.3857589265133326,0.0,0.0,0.3857589265133326,0.0,0.7947861846677305,pooled_embedding,True,768,10.800553321838379,-0.02055075578391552,0.3891891837120056,-7.4031982421875,1.0473086833953857,0,0,cls_embedding,True,768,12.265275001525879,0.031502846628427505,0.4414624273777008,-1.4149776697158813,1.7837454080581665,0,0,1369,768,0.031020065769553185,0.5362062454223633,2.09967041015625,0.6558396969124166,0.6172107083833307,0.6582458568242234,0.08781097807916609,1.6161453756469162,0.10043558574407625,0.6451250808627443,0.6649612843605875,1.144324911625491,0.9579254924732744,0.3045444273502251,True,0.8702626433687418,1.144324911625491,1.144324911625491,
187,patient00170/study8,patient00170/study8/view1_frontal.dcm,/home/jovyan/Desktop/MEDAGENT-X/data/raw/chexpert_plus/dicom_train/patient00170/study8/view1_frontal.dcm,True,/home/jovyan/Desktop/MEDAGENT-X/outputs/chexpert_plus/convnext_features/patient00170_study8_view1_frontal.npz,/home/jovyan/Desktop/MEDAGENT-X/outputs/chexpert_plus/raddino_features/patient00170__study8__view1_frontal.npz,ok,,,0.2598279118537903,0.32761487473285944,0.0903884395956993,0.18789351730076717,0.2923076972365379,0.20402208420079984,0.009240074083209,0.023949105501045728,0.9986847977929084,0.022012734574365228,0.0013169342419132,0.022012219120672825,0.0011504413988196,0.39451346309022073,4.343601703643799,0.05735649061844433,0.20402208420079984,0.022012219120672825,0.0,0.022012734574365228,0.023949105501045728,pooled_embedding,True,768,11.217789649963379,-0.022060452029109,0.40418556332588196,-7.3717732429504395,1.211916446685791,0,0,cls_embedding,True,768,11.78641414642334,0.023054108023643494,0.42468026280403137,-1.4391099214553833,1.3028111457824707,0,0,1369,768,0.03268351033329964,0.527542233467102,1.860443115234375,1.2323491271850169,0.8956481321400512,1.2391820937768367,0.5298985390285476,0.011020605497838792,0.5298695710734302,0.664050477390182,0.7449282587692442,0.8229860467164272,0.9546395755576034,0.334797801184959,True,0.39451346309022073,1.2323491271850169,1.2323491271850169,
188,patient00170/study11,patient00170/study11/view1_frontal.dcm,/home/jovyan/Desktop/MEDAGENT-X/data/raw/chexpert_plus/dicom_train/patient00170/study11/view1_frontal.dcm,True,/home/jovyan/Desktop/MEDAGENT-X/outputs/chexpert_plus/convnext_features/patient00170_study11_view1_frontal.npz,/home/jovyan/Desktop/MEDAGENT-X/outputs/chexpert_plus/raddino_features/patient00170__study11__view1_frontal.npz,ok,,,0.3536271750926971,1.0072393447132955,0.0965539664030075,0.10249309929659677,0.2923077195882797,0.2040218054811847,0.005401168949902,1.780009837386521,0.9994774950756724,1.3899633572439833,0.000522778078448,1.3888284191932343,0.0002299968297322,2.246411483767251,4.569077014923096,0.7766510425505262,0.2040218054811847,1.3888284191932343,0.0,1.3899633572439833,0.0,pooled_embedding,True,768,10.819860458374023,-0.025132158771157265,0.3896183371543884,-7.072707653045654,1.0000033378601074,0,0,cls_embedding,True,768,12.152318000793457,0.026172557845711708,0.4377272427082062,-1.6057742834091187,1.4807507991790771,0,0,1369,768,0.033697545528411865,0.5298399329185486,1.9254544973373413,0.6825170150989219,1.4621714407294926,0.6748705884136026,0.19209364059761488,0.5895702876211741,0.19601415259228974,0.3082745510468263,0.861021239385695,0.3564786304853354,0.9745915848469093,0.15110003545487552,True,2.246411483767251,0.6825170150989219,2.246411483767251,
188,patient00170/study11,patient00170/study11/view2_lateral.dcm,/home/jovyan/Desktop/MEDAGENT-X/data/raw/chexpert_plus/dicom_train/patient00170/study11/view2_lateral.dcm,True,/home/jovyan/Desktop/MEDAGENT-X/outputs/chexpert_plus/convnext_features/patient00170_study11_view2_lateral.npz,/home/jovyan/Desktop/MEDAGENT-X/outputs/chexpert_plus/raddino_features/patient00170__study11__view2_lateral.npz,ok,,,0.2663211524486542,0.23520978212720728,0.1608198881149292,3.1293169460951202,0.4537240546196699,1.8087921884389844,0.0058201663196086,1.5831167061729705,0.9994209209286892,1.2923338569600011,0.0005794145981781,1.2913517310503713,0.0001865580646734,2.3338085587620054,4.582089900970459,0.8181637828398035,0.0,1.2913517310503713,0.0,1.2923338569600011,0.0,pooled_embedding,True,768,8.772058486938477,-0.021920280531048775,0.31577450037002563,-2.8589935302734375,1.0668489933013916,0,0,cls_embedding,True,768,14.4811372756958,0.025562480092048645,0.5219174027442932,-1.4453179836273193,1.8263317346572876,0,0,1369,768,0.03497963398694992,0.5834505558013916,1.9902945756912231,2.1469996599441132,0.8697959178762423,2.1857238862658797,1.9578879713113961,0.47207372238815326,1.9583036525457536,0.04656391253162317,1.972296272601255,4.109063056141409,1.3549021786984068,3.3504122864868857,True,3.1293169460951202,4.109063056141409,4.109063056141409,moderate_outlier
189,patient00170/study6,patient00170/study6/view1_frontal.dcm,/home/jovyan/Desktop/MEDAGENT-X/data/raw/chexpert_plus/dicom_train/patient00170/study6/view1_frontal.dcm,True,/home/jovyan/Desktop/MEDAGENT-X/outputs/chexpert_plus/convnext_features/patient00170_study6_view1_frontal.npz,/home/jovyan/Desktop/MEDAGENT-X/outputs/chexpert_plus/raddino_features/patient00170__study6__view1_frontal.npz,ok,,,0.2234870493412017,0.8447804897727887,0.0896094143390655,0.22458438177801482,0.3113553188741207,0.03349612841112443,0.008422253653407,0.36035694708081933,0.9989530263420092,0.484892346676499,0.0010480709606781,0.48475079032727064,0.0017863239525923,0.8848570522709286,4.32797908782959,0.007518384715271276,0.0,0.48475079032727064,0.0,0.484892346676499,0.0,pooled_embedding,True,768,10.542451858520508,-0.014856119640171528,0.38012775778770447,-6.705358028411865,0.9519252181053162,0,0,cls_embedding,True,768,13.378357887268066,0.018076075240969658,0.48241138458251953,-2.0106682777404785,1.4445608854293823,0,0,1369,768,0.03343243896961212,0.5368418097496033,1.9274080991744995,0.2992122473358499,0.43306667168180524,0.30722042179072934,0.9397946256131487,0.9697537342992952,0.9473955096044019,0.29758343080237104,0.8301096862814993,0.4806934511726516,1.072843079544334,0.75349958626001,True,0.8848570522709286,0.9397946256131487,0.9397946256131487,
190,patient00172/study3,patient00172/study3/view1_frontal.dcm,/home/jovyan/Desktop/MEDAGENT-X/data/raw/chexpert_plus/dicom_train/patient00172/study3/view1_frontal.dcm,True,/home/jovyan/Desktop/MEDAGENT-X/outputs/chexpert_plus/convnext_features/patient00172_study3_view1_frontal.npz,/home/jovyan/Desktop/MEDAGENT-X/outputs/chexpert_plus/raddino_features/patient00172__study3__view1_frontal.npz,ok,,,0.2927199006080627,0.14046993167747823,0.0929256379604339,0.06839546436904817,0.287179484963417,0.2679693756885142,0.0116290114820003,1.14654652192527,0.998051538524637,1.07079713014809,0.0019522653892636,1.07145144024343,0.0019013985758181,1.1163826369058665,4.383354663848877,0.1841734247494986,0.2679693756885142,0.0,0.0,0.0,1.14654652192527,pooled_embedding,True,768,9.543329238891602,-0.006803466007113457,0.34429800510406494,-6.075850486755371,0.8438868522644043,0,0,cls_embedding,True,768,13.947815895080566,0.030606279149651527,0.5023670196533203,-1.4765267372131348,1.9942961931228638,0,0,1369,768,0.03301366791129112,0.5377870798110962,1.902055025100708,1.0813089905995092,1.9182396918389375,1.080768028149291,1.465522087054979,1.443472960330513,1.4580345192871944,0.43632857238340694,1.1297088620758136,0.7232142843564074,1.132171403381964,1.2997343225943077,True,1.14654652192527,1.465522087054979,1.465522087054979,
191,patient00172/study5,patient00172/study5/view1_frontal.dcm,/home/jovyan/Desktop/MEDAGENT-X/data/raw/chexpert_plus/dicom_train/patient00172/study5/view1_frontal.dcm,True,/home/jovyan/Desktop/MEDAGENT-X/outputs/chexpert_plus/convnext_features/patient00172_study5_view1_frontal.npz,/home/jovyan/Desktop/MEDAGENT-X/outputs/chexpert_plus/raddino_features/patient00172__study5__view1_frontal.npz,ok,,,0.3068200945854187,0.3411293268130673,0.0922795236110687,0.09882643413221164,0.2764346748590469,0.4019539822395501,0.0108681237325072,0.7889939873959133,0.9982469723485852,0.7335387252392144,0.0017561061540618,0.7338432558558855,0.0015514497878359,0.4122995344925317,4.379816055297852,0.1728848191911722,0.4019539822395501,0.0,0.0,0.0,0.7889939873959133,pooled_embedding,True,768,10.687898635864258,-0.024609526619315147,0.38488033413887024,-7.225220680236816,1.1656534671783447,0,0,cls_embedding,True,768,12.186556816101074,0.02684691548347473,0.43892425298690796,-2.7235562801361084,1.5278472900390625,0,0,1369,768,0.03210790082812309,0.5317966938018799,2.0472867488861084,0.5001809384329251,1.36578095794552,0.4913277791906106,0.16048413610825832,0.7194466938662198,0.16538420064499382,0.3584545777787799,0.8780078617341326,0.2882196775306893,0.9586651010182338,0.29773486570388336,True,0.7889939873959133,0.5001809384329251,0.7889939873959133,
192,patient00172/study4,patient00172/study4/view1_frontal.dcm,/home/jovyan/Desktop/MEDAGENT-X/data/raw/chexpert_plus/dicom_train/patient00172/study4/view1_frontal.dcm,True,/home/jovyan/Desktop/MEDAGENT-X/outputs/chexpert_plus/convnext_features/patient00172_study4_view1_frontal.npz,/home/jovyan/Desktop/MEDAGENT-X/outputs/chexpert_plus/raddino_features/patient00172__study4__view1_frontal.npz,ok,,,0.3465183079242706,0.9060732906571233,0.1086263805627822,0.6710848209096966,0.4100122079253196,1.2637183784719113,0.0103740748018026,0.556833005079363,0.9983143272634052,0.6173049501635227,0.0016885190270841,0.6175195599389558,0.0013956799005023,0.09889669012550051,4.465378284454346,0.44583907273778467,0.0,0.0,0.0,0.0,0.556833005079363,pooled_embedding,True,768,9.161766052246094,-0.015297810547053814,0.3302426040172577,-5.017836093902588,1.1489498615264893,0,0,cls_embedding,True,768,11.811488151550293,0.022248176857829094,0.42562931776046753,-1.4302691221237183,1.6722054481506348,0,0,1369,768,0.031186502426862717,0.548042356967926,2.1557319164276123,1.6085276446762875,0.35160440495058487,1.6252522321016922,0.5067500489156246,0.16623712212849492,0.5055844765941164,0.951922655083024,1.1262533203439558,0.7093285538286199,0.9286556542253258,0.5740312650649109,True,1.2637183784719113,1.6085276446762875,1.6085276446762875,
193,patient00172/study1,patient00172/study1/view1_frontal.dcm,/home/jovyan/Desktop/MEDAGENT-X/data/raw/chexpert_plus/dicom_train/patient00172/study1/view1_frontal.dcm,True,/home/jovyan/Desktop/MEDAGENT-X/outputs/chexpert_plus/convnext_features/patient00172_study1_view1_frontal.npz,/home/jovyan/Desktop/MEDAGENT-X/outputs/chexpert_plus/raddino_features/patient00172__study1__view1_frontal.npz,ok,,,0.3665250837802887,1.190789057569905,0.0790933892130851,0.719872627506936,0.2200244069099426,1.1053733524455644,0.0113841583952307,1.031486394041583,0.998016764093379,1.1308070556602365,0.0019871769472956,1.1315374602016466,0.0018203128810417,0.9532414302490448,4.115378379821777,0.670704566344312,1.1053733524455644,0.0,0.670704566344312,0.0,1.031486394041583,pooled_embedding,True,768,9.718751907348633,-0.01362833846360445,0.35043030977249146,-6.305212497711182,1.3920809030532837,0,0,cls_embedding,True,768,12.25316333770752,0.021675823256373405,0.4416162967681885,-1.4384750127792358,1.936097502708435,0,0,1369,768,0.03392935171723366,0.5320309400558472,1.8979432582855225,0.8389216052451737,0.6595097252621099,0.843212158689556,0.09899254754646118,0.27646828834625814,0.09649826613984648,0.4588302882408485,0.9186481588253061,0.12491092371805114,0.9513335042828451,0.3652367358161198,True,1.190789057569905,0.8389216052451737,1.190789057569905,
194,patient00172/study2,patient00172/study2/view1_frontal.dcm,/home/jovyan/Desktop/MEDAGENT-X/data/raw/chexpert_plus/dicom_train/patient00172/study2/view1_frontal.dcm,True,/home/jovyan/Desktop/MEDAGENT-X/outputs/chexpert_plus/convnext_features/patient00172_study2_view1_frontal.npz,/home/jovyan/Desktop/MEDAGENT-X/outputs/chexpert_plus/raddino_features/patient00172__study2__view1_frontal.npz,ok,,,0.3512392938137054,0.9732574850404742,0.082605168223381,0.5544733588136763,0.265445664525032,0.5389836934849277,0.0100230770185589,0.3918938966542654,0.9984772442361934,0.33616058495003454,0.0015250780852511,0.33622258419339046,0.0014235721601716,0.15501481196416791,4.180655956268311,0.46246090172792226,0.5389836934849277,0.0,0.46246090172792226,0.0,0.3918938966542654,pooled_embedding,True,768,10.37901496887207,-0.018890919163823128,0.37404370307922363,-6.91890287399292,1.0319503545761108,0,0,cls_embedding,True,768,11.434929847717285,0.016627727076411247,0.41228729486465454,-1.3766025304794312,1.6812511682510376,0,0,1369,768,0.032160524278879166,0.5231179594993591,1.7671149969100952,0.07338601461021275,0.3110824830353515,0.07153368013955004,0.854391206723614,1.2486951209920296,0.8469896653797068,1.1747902382848812,1.03580722359137,0.3458804393932058,0.8744134504747471,1.073438191594258,True,0.9732574850404742,1.073438191594258,1.073438191594258,
195,patient00177/study2,patient00177/study2/view1_frontal.dcm,/home/jovyan/Desktop/MEDAGENT-X/data/raw/chexpert_plus/dicom_train/patient00177/study2/view1_frontal.dcm,True,/home/jovyan/Desktop/MEDAGENT-X/outputs/chexpert_plus/convnext_features/patient00177_study2_view1_frontal.npz,/home/jovyan/Desktop/MEDAGENT-X/outputs/chexpert_plus/raddino_features/patient00177__study2__view1_frontal.npz,ok,,,0.3155652284622192,0.46558103839353326,0.0884968712925911,0.2769834096602199,0.2659340649843216,0.5328934840962435,0.0094839688390493,0.1385588993467389,0.9985021558527792,0.2931708306500992,0.0015000910498201,0.2932175854411839,0.0009137382334292,0.8707508577103918,4.392145156860352,0.21221620112299905,0.5328934840962435,0.0,0.0,0.0,0.1385588993467389,pooled_embedding,True,768,10.023348808288574,-0.011148090474307537,0.3615145981311798,-5.983958721160889,1.3474609851837158,0,0,cls_embedding,True,768,11.837441444396973,0.01898593083024025,0.42672476172447205,-1.2847214937210083,1.8488075733184814,0,0,1369,768,0.032426442950963974,0.5460491180419922,1.8650717735290527,0.4180498498713791,1.1169486720809203,0.4138242041171245,0.4827897944681467,0.7945221249585575,0.47755347587889774,0.6387200638649373,0.9636210637241427,0.05580795827945249,0.9771428219932149,0.12761084412440035,True,0.8707508577103918,0.4827897944681467,0.8707508577103918,
196,patient00177/study3,patient00177/study3/view1_frontal.dcm,/home/jovyan/Desktop/MEDAGENT-X/data/raw/chexpert_plus/dicom_train/patient00177/study3/view1_frontal.dcm,True,/home/jovyan/Desktop/MEDAGENT-X/outputs/chexpert_plus/convnext_features/patient00177_study3_view1_frontal.npz,/home/jovyan/Desktop/MEDAGENT-X/outputs/chexpert_plus/raddino_features/patient00177__study3__view1_frontal.npz,ok,,,0.3075300455093384,0.35123261498048214,0.1010051965713501,0.31213904013477295,0.3216117173433304,0.16139038621366963,0.0109587181359529,0.8315656526484615,0.9980917765611116,1.0013587098996117,0.0019118717173114,1.0019301952482662,0.0014825574306199,0.27369084011500994,4.5335845947265625,0.6634257659674636,0.0,0.0,0.0,0.0,0.8315656526484615,pooled_embedding,True,768,10.665369033813477,-0.02042061649262905,0.3843111991882324,-6.889557361602783,1.1181817054748535,0,0,cls_embedding,True,768,10.923575401306152,0.01729198358952999,0.3937911093235016,-1.1862366199493408,1.4568382501602173,0,0,1369,768,0.03167032450437546,0.539493203163147,1.9209007024765015,0.46905103155033684,0.5932087615607857,0.4692803834154458,1.3264770696328125,1.1207641183345878,1.3202832405595482,0.3331952731201844,0.7955258124407733,0.6196651059878693,0.8756032960448741,1.0624833063179502,True,1.0019301952482662,1.3264770696328125,1.3264770696328125,
197,patient00177/study5,patient00177/study5/view1_frontal.dcm,/home/jovyan/Desktop/MEDAGENT-X/data/raw/chexpert_plus/dicom_train/patient00177/study5/view1_frontal.dcm,True,/home/jovyan/Desktop/MEDAGENT-X/outputs/chexpert_plus/convnext_features/patient00177_study5_view1_frontal.npz,/home/jovyan/Desktop/MEDAGENT-X/outputs/chexpert_plus/raddino_features/patient00177__study5__view1_frontal.npz,ok,,,0.3396775722503662,0.8087230070502102,0.1221203580498695,1.306629939661202,0.4417582415044307,1.6595820351896047,0.0129060801118612,1.7466601729584135,0.9972819297795904,2.3989040694422754,0.0027254782617092,2.4022222996571476,0.0031692008486562,3.667150601137051,4.698779582977295,1.1904185191032988,0.0,0.0,0.0,0.0,1.7466601729584135,pooled_embedding,True,768,9.961180686950684,-0.017768003046512604,0.3590037524700165,-6.037378787994385,1.2060892581939697,0,0,cls_embedding,True,768,12.315106391906738,0.019125549122691154,0.4439713656902313,-1.386443853378296,1.6942983865737915,0,0,1369,768,0.032494962215423584,0.5510954260826111,2.197827100753784,0.5039496284805125,0.1039799802674711,0.511090428867485,0.04180630344884302,0.7676326511034908,0.036235084446054194,1.182289288029207,1.1417181957438889,0.7714725269340555,1.025432616422381,0.3169923642831587,True,3.667150601137051,0.7714725269340555,3.667150601137051,moderate_outlier
198,patient00177/study4,patient00177/study4/view1_frontal.dcm,/home/jovyan/Desktop/MEDAGENT-X/data/raw/chexpert_plus/dicom_train/patient00177/study4/view1_frontal.dcm,True,/home/jovyan/Desktop/MEDAGENT-X/outputs/chexpert_plus/convnext_features/patient00177_study4_view1_frontal.npz,/home/jovyan/Desktop/MEDAGENT-X/outputs/chexpert_plus/raddino_features/patient00177__study4__view1_frontal.npz,ok,,,0.3077523410320282,0.35439609522734417,0.1005831882357597,0.29226311118694565,0.3157509192824363,0.08830796645600571,0.0114448200911283,1.059992232296287,0.9979287560271304,1.2826817897390572,0.0020755429286509,1.2836234861096065,0.0013049919523972,0.08356386995103872,4.470508575439453,0.462205345100274,0.0,0.0,0.0,0.0,1.059992232296287,pooled_embedding,True,768,9.88965129852295,-0.012421132065355778,0.3566458225250244,-5.655600070953369,1.4497610330581665,0,0,cls_embedding,True,768,12.137259483337402,0.0217550378292799,0.43742498755455017,-1.902082085609436,1.3766303062438965,0,0,1369,768,0.0315404050052166,0.5473653674125671,2.04115629196167,0.602784183840386,0.8821581159838552,0.60243293849388,0.20599576515577153,0.26121213422978773,0.20374847283751507,0.32490554496871416,1.0401103838741952,0.3631722358007878,0.9793009633518341,0.10774087814956829,True,1.2836234861096065,0.602784183840386,1.2836234861096065,
199,patient00177/study1,patient00177/study1/view1_frontal.dcm,/home/jovyan/Desktop/MEDAGENT-X/data/raw/chexpert_plus/dicom_train/patient00177/study1/view1_frontal.dcm,True,/home/jovyan/Desktop/MEDAGENT-X/outputs/chexpert_plus/convnext_features/patient00177_study1_view1_frontal.npz,/home/jovyan/Desktop/MEDAGENT-X/outputs/chexpert_plus/raddino_features/patient00177__study1__view1_frontal.npz,ok,,,0.2648258209228515,0.25648979571968733,0.0965176522731781,0.10078276088993615,0.3054945096373558,0.03958643070634603,0.0129013024270534,1.7444150674046057,0.9974048355006064,2.1868067641414375,0.0026019169017672,2.189561772368899,0.0018501434693263,1.013259392498151,4.441784858703613,0.37057308238332687,0.03958643070634603,0.0,0.0,0.0,1.7444150674046057,pooled_embedding,True,768,9.911762237548828,-0.004408726003021002,0.35763275623321533,-5.236217975616455,1.4294302463531494,0,0,cls_embedding,True,768,12.653692245483398,0.015469990670681,0.4563386142253876,-1.8050087690353394,1.729728102684021,0,0,1369,768,0.03211323544383049,0.5575354099273682,2.078623056411743,0.5722327577028644,2.3599081661625303,0.564200673819305,0.2707784329828245,1.4716667837051312,0.2802268834185314,0.5299430691394995,1.0869137842128962,0.5512467709440679,1.026267997269757,0.32468369967557587,True,2.189561772368899,0.5722327577028644,2.189561772368899,
200,patient00186/study1,patient00186/study1/view1_frontal.dcm,/home/jovyan/Desktop/MEDAGENT-X/data/raw/chexpert_plus/dicom_train/patient00186/study1/view1_frontal.dcm,True,/home/jovyan/Desktop/MEDAGENT-X/outputs/chexpert_plus/convnext_features/patient00186_study1_view1_frontal.npz,/home/jovyan/Desktop/MEDAGENT-X/outputs/chexpert_plus/raddino_features/patient00186__study1__view1_frontal.npz,ok,,,0.3029495179653168,0.28604727867508545,0.1161856949329376,1.0271166398198515,0.4241758249700069,1.4403344971970005,0.0050684032030403,1.936381439208498,0.9995510755030612,1.5169404437704492,0.0004491261206567,1.5155902498097145,0.005874445203141,9.109995106684247,4.771673202514648,1.4229583173913725,0.0,1.5155902498097145,0.0,1.5169404437704492,0.0,pooled_embedding,True,768,10.310380935668945,-0.022582262754440308,0.37135785818099976,-6.805111885070801,1.0620383024215698,0,0,cls_embedding,True,768,11.898025512695312,0.024145901203155518,0.4286535084247589,-1.834104061126709,2.214691400527954,0,0,1369,768,0.03351650759577751,0.5381748676300049,1.8892238140106201,0.021447931314529645,0.9918871169771991,0.03251174071447957,0.4268581752910715,0.19925086853520713,0.42819933097350504,0.5065475996370187,0.776542851220491,0.6959461364538402,0.9178934345485255,0.6731188146073127,True,9.109995106684247,0.6959461364538402,9.109995106684247,extreme_outlier
201,patient00186/study2,patient00186/study2/view1_frontal.dcm,/home/jovyan/Desktop/MEDAGENT-X/data/raw/chexpert_plus/dicom_train/patient00186/study2/view1_frontal.dcm,True,/home/jovyan/Desktop/MEDAGENT-X/outputs/chexpert_plus/convnext_features/patient00186_study2_view1_frontal.npz,/home/jovyan/Desktop/MEDAGENT-X/outputs/chexpert_plus/raddino_features/patient00186__study2__view1_frontal.npz,ok,,,0.2849369347095489,0.02971080084107112,0.1198052689433097,1.1975928834961962,0.4373134337365627,1.6041565959135236,0.0059677860699594,1.51374797744829,0.9993476174758018,1.1658347428575035,0.0006528084049932,1.1650342021374696,0.0048221601716821,6.992839296987937,4.798412322998047,1.508259468892344,0.0,1.1650342021374696,0.0,1.1658347428575035,0.0,pooled_embedding,True,768,9.340483665466309,-0.016501344740390778,0.33664146065711975,-5.462230205535889,1.19059157371521,0,0,cls_embedding,True,768,11.81219482421875,0.024691903963685036,0.42552006244659424,-1.888348937034607,1.3389400243759155,0,0,1369,768,0.03182747960090637,0.5376067161560059,1.9276983737945557,1.3615875236176114,0.1296332890636803,1.3773705571325539,0.5060976439569422,0.30440705327522144,0.508380179415946,0.2959948978639253,1.0547015052441457,0.4218051203564742,0.9335440763454133,0.5290236566388816,True,6.992839296987937,1.3615875236176114,6.992839296987937,extreme_outlier
202,patient00187/study1,patient00187/study1/view1_frontal.dcm,/home/jovyan/Desktop/MEDAGENT-X/data/raw/chexpert_plus/dicom_train/patient00187/study1/view1_frontal.dcm,True,/home/jovyan/Desktop/MEDAGENT-X/outputs/chexpert_plus/convnext_features/patient00187_study1_view1_frontal.npz,/home/jovyan/Desktop/MEDAGENT-X/outputs/chexpert_plus/raddino_features/patient00187__study1__view1_frontal.npz,ok,,,0.2849718928337097,0.030208288752262308,0.0930630415678024,0.06192397054556572,0.2979243025183677,0.13398467623094018,0.0053398925811052,1.8088045196305806,0.9994451170515992,1.3340888902125179,0.0005551910144276,1.3330427588572074,0.0050963578500707,7.544514166866896,4.450849533081055,0.3994905317383713,0.13398467623094018,1.3330427588572074,0.0,1.3340888902125179,0.0,pooled_embedding,True,768,10.396661758422852,-0.016092784702777863,0.37481188774108887,-6.619594573974609,0.9945628643035889,0,0,cls_embedding,True,768,12.991943359375,0.026526570320129395,0.46805527806282043,-1.6853910684585571,1.581654667854309,0,0,1369,768,0.032028988003730774,0.5330842137336731,1.81355881690979,0.09776917567334405,0.2049851386063078,0.10129194968453868,0.5830541354866952,0.6577505311130443,0.5800412264602745,0.9206256205084878,0.8818335232272025,0.27284665972177324,1.0373676104429999,0.42687762464962714,True,7.544514166866896,0.5830541354866952,7.544514166866896,extreme_outlier
203,patient00190/study1,patient00190/study1/view1_frontal.dcm,/home/jovyan/Desktop/MEDAGENT-X/data/raw/chexpert_plus/dicom_train/patient00190/study1/view1_frontal.dcm,True,/home/jovyan/Desktop/MEDAGENT-X/outputs/chexpert_plus/convnext_features/patient00190_study1_view1_frontal.npz,/home/jovyan/Desktop/MEDAGENT-X/outputs/chexpert_plus/raddino_features/patient00190__study1__view1_frontal.npz,ok,,,0.2490895837545395,0.480431667510572,0.0790470167994499,0.7220566952629982,0.1829059869050979,1.5682290801724306,0.0112885432317852,0.9865553985666883,0.9981034167515848,0.9812713371382876,0.0019001871114596,0.9818199079969318,0.0027401477832512,2.8039128253123513,3.818958044052124,1.6163226537138948,1.5682290801724306,0.0,1.6163226537138948,0.0,0.9865553985666883,pooled_embedding,True,768,10.460553169250488,-0.019560426473617554,0.3769555687904358,-6.873710632324219,1.2525578737258911,0,0,cls_embedding,True,768,12.825984954833984,0.019156284630298615,0.4624212682247162,-2.741000175476074,2.0143229961395264,0,0,1369,768,0.03263811394572258,0.5263736248016357,1.7889909744262695,0.18605008117618027,0.43456155448363587,0.18433479296398597,0.42984022062853044,0.7617132145187495,0.43587416817996805,1.0550735684691779,0.9211845926958672,0.11471853133469309,1.0037526107038446,0.11738496866886391,True,2.8039128253123513,0.42984022062853044,2.8039128253123513,
203,patient00190/study1,patient00190/study1/view2_frontal.dcm,/home/jovyan/Desktop/MEDAGENT-X/data/raw/chexpert_plus/dicom_train/patient00190/study1/view2_frontal.dcm,True,/home/jovyan/Desktop/MEDAGENT-X/outputs/chexpert_plus/convnext_features/patient00190_study1_view2_frontal.npz,/home/jovyan/Desktop/MEDAGENT-X/outputs/chexpert_plus/raddino_features/patient00190__study1__view2_frontal.npz,ok,,,0.2675433158874511,0.21781721456539482,0.0818704664707183,0.5890766559578858,0.210012212395668,1.2302224591004987,0.0113991973921656,1.0385534436483546,0.9980859331417284,1.0114426465517226,0.0019177375361323,1.0120258119039545,0.0025997719845876,2.521482277697926,4.066330432891846,0.8271736751349076,1.2302224591004987,0.0,0.8271736751349076,0.0,1.0385534436483546,pooled_embedding,True,768,10.9730806350708,-0.012020609341561794,0.3957744538784027,-7.033635139465332,0.982516348361969,0,0,cls_embedding,True,768,13.26116943359375,0.028337446972727776,0.477681428194046,-2.023181438446045,1.5337227582931519,0,0,1369,768,0.034020546823740005,0.5397694706916809,2.094149351119995,0.8942264728316209,0.9560276216703643,0.9133488995774984,0.8316054572894724,1.0065122839608474,0.8263620151812153,0.6149109886610296,0.9125715512479357,0.14932913130749162,1.0384169200618185,0.4365385981255862,True,2.521482277697926,0.8942264728316209,2.521482277697926,
204,patient00190/study2,patient00190/study2/view1_frontal.dcm,/home/jovyan/Desktop/MEDAGENT-X/data/raw/chexpert_plus/dicom_train/patient00190/study2/view1_frontal.dcm,True,/home/jovyan/Desktop/MEDAGENT-X/outputs/chexpert_plus/convnext_features/patient00190_study2_view1_frontal.npz,/home/jovyan/Desktop/MEDAGENT-X/outputs/chexpert_plus/raddino_features/patient00190__study2__view1_frontal.npz,ok,,,0.3272159397602081,0.6313819263606221,0.0828885287046432,0.5411275257644071,0.2590964585542679,0.6181564155378119,0.0093776872381567,0.08861558537131663,0.9985651389689244,0.18448142951069343,0.0014369228156283,0.18449921266346872,0.0010292701068136,0.6383053038648091,4.338789939880371,0.04200636008494864,0.6181564155378119,0.0,0.0,0.0,0.08861558537131663,pooled_embedding,True,768,10.416594505310059,-0.017965108156204224,0.3754469156265259,-7.090239524841309,1.1694709062576294,0,0,cls_embedding,True,768,13.412843704223633,0.01924821175634861,0.48361140489578247,-1.7434805631637573,1.8165055513381958,0,0,1369,768,0.03502761200070381,0.5340924263000488,1.717160701751709,0.12531092066796723,0.14033261685019432,0.12589193445582275,0.9716321636845549,0.7440087145631868,0.9781024844608645,1.4481659928051553,0.7115998657137853,0.956912684217482,1.0941624229084403,0.9497863705147626,True,0.6383053038648091,0.9716321636845549,0.9716321636845549,
205,patient00197/study1,patient00197/study1/view1_frontal.dcm,/home/jovyan/Desktop/MEDAGENT-X/data/raw/chexpert_plus/dicom_train/patient00197/study1/view1_frontal.dcm,True,/home/jovyan/Desktop/MEDAGENT-X/outputs/chexpert_plus/convnext_features/patient00197_study1_view1_frontal.npz,/home/jovyan/Desktop/MEDAGENT-X/outputs/chexpert_plus/raddino_features/patient00197__study1__view1_frontal.npz,ok,,,0.3259572386741638,0.6134693927467044,0.0693836957216262,1.1771839213026385,0.2229913622140884,1.0683762966373092,0.0047263009473681,2.097140406172145,0.9995385678554858,1.4953561080335,0.0004616451624315,1.4940438211671172,0.0086975076818026,14.78988501212904,3.586348056793213,2.358377717796153,1.0683762966373092,1.4940438211671172,2.358377717796153,1.4953561080335,0.0,pooled_embedding,True,768,10.390911102294922,-0.01725662313401699,0.3745523691177368,-6.827580451965332,1.0266624689102173,0,0,cls_embedding,True,768,14.319470405578613,0.021347520872950554,0.516268253326416,-1.5828883647918701,2.212818145751953,0,0,1369,768,0.03384682536125183,0.5288772583007812,1.843778133392334,0.089823301202382,0.009664778882064295,0.09123860505396136,1.808636029886525,0.33969695416530943,1.813749191910431,0.7552498821798983,0.7873792163667757,0.6524013443493851,1.1834894481659548,1.7722185737673575,True,14.78988501212904,1.808636029886525,14.78988501212904,extreme_outlier
206,patient00201/study1,patient00201/study1/view1_frontal.dcm,/home/jovyan/Desktop/MEDAGENT-X/data/raw/chexpert_plus/dicom_train/patient00201/study1/view1_frontal.dcm,True,/home/jovyan/Desktop/MEDAGENT-X/outputs/chexpert_plus/convnext_features/patient00201_study1_view1_frontal.npz,/home/jovyan/Desktop/MEDAGENT-X/outputs/chexpert_plus/raddino_features/patient00201__study1__view1_frontal.npz,ok,,,0.4819605350494385,2.8335471548038833,0.0635503381490707,1.4519258893189213,0.1894235610961914,1.4869568561704745,0.0070783011615276,0.9919003252974516,0.9993485828705134,1.167500715891084,0.0006518417503684,1.1666979041419803,0.0015305652669295,0.3702807055176414,3.887277126312256,1.3983762036839809,1.4869568561704745,1.1666979041419803,1.3983762036839809,1.167500715891084,0.0,pooled_embedding,True,768,11.334671020507812,-0.019030047580599785,0.40856173634529114,-7.57244873046875,1.0924655199050903,0,0,cls_embedding,True,768,12.62668228149414,0.015038661658763885,0.45537787675857544,-1.7507250308990479,1.8417493104934692,0,0,1369,768,0.03212130442261696,0.5224984288215637,2.154179096221924,1.393848037514476,0.33674231895398626,1.4087081761785336,0.24584265263221572,1.5547376334145655,0.2556428485392838,0.9434248193309935,0.8804011637154258,0.27860244557036506,1.0123225275668737,0.19628802837597845,True,2.8335471548038833,1.393848037514476,2.8335471548038833,
206,patient00201/study1,patient00201/study1/view2_lateral.dcm,/home/jovyan/Desktop/MEDAGENT-X/data/raw/chexpert_plus/dicom_train/patient00201/study1/view2_lateral.dcm,True,/home/jovyan/Desktop/MEDAGENT-X/outputs/chexpert_plus/convnext_features/patient00201_study1_view2_lateral.npz,/home/jovyan/Desktop/MEDAGENT-X/outputs/chexpert_plus/raddino_features/patient00201__study1__view2_lateral.npz,ok,,,0.1896295398473739,1.3266055899621472,0.0778619199991226,0.7778728908522367,0.2776658684015274,0.3866013626236542,0.0033646041993051,2.7370220757806556,0.9998698733655952,2.067087068517906,0.0001301435695495,2.0645887194449624,0.0018885280017584,1.0904875516105432,3.6519579887390137,2.1490737974090948,0.3866013626236542,2.0645887194449624,2.1490737974090948,2.067087068517906,0.0,pooled_embedding,True,768,9.406208992004395,-0.021877536550164223,0.33871155977249146,-3.3106470108032227,1.4506962299346924,0,0,cls_embedding,True,768,11.875371932983398,0.02721683867275715,0.4276503622531891,-1.3030903339385986,1.6337608098983765,0,0,1369,768,0.03656284511089325,0.5697802901268005,1.8267580270767212,1.2707726352611002,0.8619125281172144,1.2971781626235355,0.447772112387617,0.7906912260258593,0.4538685500086347,0.8483927118663824,1.9467505937210836,4.006410435914264,1.0891270616248176,0.9034258960365839,True,2.7370220757806556,4.006410435914264,4.006410435914264,moderate_outlier
207,patient00201/study2,patient00201/study2/view1_frontal.dcm,/home/jovyan/Desktop/MEDAGENT-X/data/raw/chexpert_plus/dicom_train/patient00201/study2/view1_frontal.dcm,True,/home/jovyan/Desktop/MEDAGENT-X/outputs/chexpert_plus/convnext_features/patient00201_study2_view1_frontal.npz,/home/jovyan/Desktop/MEDAGENT-X/outputs/chexpert_plus/raddino_features/patient00201__study2__view1_frontal.npz,ok,,,0.2894349992275238,0.09372260854436816,0.0491895116865634,2.128298231589224,0.1422816216945648,2.07480290849026,0.0042940336279571,2.3002692852381825,0.9997713569364624,1.8970781464416955,0.0002286953531438,1.8949719859111216,0.001972025593966,1.2584814003806692,3.3858964443206787,2.997843528750923,2.07480290849026,1.8949719859111216,2.997843528750923,1.8970781464416955,0.0,pooled_embedding,True,768,10.604473114013672,-0.016672614961862564,0.38229259848594666,-6.520092964172363,1.164844274520874,0,0,cls_embedding,True,768,12.394888877868652,0.022367233410477638,0.44670242071151733,-1.6996673345565796,2.030770778656006,0,0,1369,768,0.03160666301846504,0.5381234288215637,2.2535462379455566,0.38490909648088234,0.09804545185160884,0.391082956697153,0.031849423991706,0.14330769072291372,0.03364909746601484,1.4872132414695212,0.9375272909591342,0.04904711950119656,0.9816126716636241,0.0864570241909052,True,2.997843528750923,0.38490909648088234,2.997843528750923,
207,patient00201/study2,patient00201/study2/view2_lateral.dcm,/home/jovyan/Desktop/MEDAGENT-X/data/raw/chexpert_plus/dicom_train/patient00201/study2/view2_lateral.dcm,True,/home/jovyan/Desktop/MEDAGENT-X/outputs/chexpert_plus/convnext_features/patient00201_study2_view2_lateral.npz,/home/jovyan/Desktop/MEDAGENT-X/outputs/chexpert_plus/raddino_features/patient00201__study2__view2_lateral.npz,ok,,,0.2991780936717987,0.23237626402434183,0.1033576056361198,0.4229338076413765,0.3539644777774811,0.5648197475056452,0.0086327763274312,0.2614291936462335,0.9990576488521964,0.6654384783054216,0.0009432400111109,0.6651745491913134,0.0030948597691119,3.517579293220507,3.97882080078125,1.106340388606086,0.0,0.6651745491913134,1.106340388606086,0.6654384783054216,0.0,pooled_embedding,True,768,9.555255889892578,-0.003935028333216906,0.34477314352989197,-3.294217348098755,2.1647675037384033,0,0,cls_embedding,True,768,10.996496200561523,0.023156099021434784,0.3961256146430969,-1.1017261743545532,1.3221508264541626,0,0,1369,768,0.03244604915380478,0.5724537372589111,2.0216424465179443,1.0648295368459684,2.4472735280621425,1.0623619103903001,1.2591560974928295,0.008622123405506181,1.2605462549778843,0.21811568425991118,1.9876475678156316,4.170750619232926,0.9605503123190469,0.280377761521194,True,3.517579293220507,4.170750619232926,4.170750619232926,moderate_outlier
208,patient00203/study2,patient00203/study2/view1_frontal.dcm,/home/jovyan/Desktop/MEDAGENT-X/data/raw/chexpert_plus/dicom_train/patient00203/study2/view1_frontal.dcm,True,/home/jovyan/Desktop/MEDAGENT-X/outputs/chexpert_plus/convnext_features/patient00203_study2_view1_frontal.npz,/home/jovyan/Desktop/MEDAGENT-X/outputs/chexpert_plus/raddino_features/patient00203__study2__view1_frontal.npz,ok,,,0.4432645142078399,2.28286535931235,0.1435941606760025,2.3180122732342183,0.4771705865859985,2.1011635128253614,0.0056767486967146,1.6505107923520252,0.9993629015899425,1.1922104021542628,0.0006375045632012,1.1913735291451224,0.0120347786612348,21.504342056947067,5.058267593383789,2.337230406858024,0.0,1.1913735291451224,0.0,1.1922104021542628,0.0,pooled_embedding,True,768,11.431013107299805,-0.024638818576931953,0.4117446541786194,-7.198022365570068,1.2793155908584595,0,0,cls_embedding,True,768,11.271417617797852,0.020449427887797356,0.4062078297138214,-1.4360363483428955,1.3888237476348877,0,0,1369,768,0.03185025975108147,0.5865931510925293,2.4806292057037354,1.5269671305170511,1.3711833541173204,1.5320094232950114,1.0053467967248013,0.5126631709824037,1.0025553516136105,2.729928756777388,0.8706086368747791,0.31795268337583976,0.9792726339119655,0.10800170675749411,True,21.504342056947067,1.5269671305170511,21.504342056947067,extreme_outlier
208,patient00203/study2,patient00203/study2/view2_lateral.dcm,/home/jovyan/Desktop/MEDAGENT-X/data/raw/chexpert_plus/dicom_train/patient00203/study2/view2_lateral.dcm,True,/home/jovyan/Desktop/MEDAGENT-X/outputs/chexpert_plus/convnext_features/patient00203_study2_view2_lateral.npz,/home/jovyan/Desktop/MEDAGENT-X/outputs/chexpert_plus/raddino_features/patient00203__study2__view2_lateral.npz,ok,,,0.2243699431419372,0.8322160572331332,0.1234455481171608,1.3690443078110601,0.3596295211464166,0.6354611641066394,0.0038546847645193,2.5067258877652048,0.9997692099731892,1.8933731510919787,0.000230843303143,1.8912751653222812,0.0001827083094858,2.341554113737767,4.208574771881104,0.3733963746507077,0.0,1.8912751653222812,0.3733963746507077,1.8933731510919787,0.0,pooled_embedding,True,768,10.350139617919922,-0.017586087808012962,0.37306421995162964,-5.317368984222412,1.522430658340454,0,0,cls_embedding,True,768,13.29974365234375,0.019133958965539932,0.47953158617019653,-1.5479676723480225,1.4642390012741089,0,0,1369,768,0.030654150992631912,0.6155949831008911,2.0881288051605225,0.03348797360991609,0.07042885333634594,0.033590039277290686,0.8672174353849963,0.7660129761637837,0.8737051758146046,0.581963445530326,1.567299795154093,2.4816273638770263,1.2610610921908763,2.4864192081378085,True,2.5067258877652048,2.4864192081378085,2.5067258877652048,
209,patient00203/study1,patient00203/study1/view1_frontal.dcm,/home/jovyan/Desktop/MEDAGENT-X/data/raw/chexpert_plus/dicom_train/patient00203/study1/view1_frontal.dcm,True,/home/jovyan/Desktop/MEDAGENT-X/outputs/chexpert_plus/convnext_features/patient00203_study1_view1_frontal.npz,/home/jovyan/Desktop/MEDAGENT-X/outputs/chexpert_plus/raddino_features/patient00203__study1__view1_frontal.npz,ok,,,0.3462606072425842,0.902405960761076,0.1377989053726196,2.0450648621755985,0.479940190911293,2.13569966025115,0.0056988205760717,1.6401388861001307,0.9994070800740474,1.2684488176932827,0.0005932716885581,1.2675023970168595,0.0029341742671804,3.1942864269553746,4.9479146003723145,1.9851905040758115,0.0,1.2675023970168595,0.0,1.2684488176932827,0.0,pooled_embedding,True,768,11.118237495422363,-0.02255975268781185,0.40056005120277405,-6.964601993560791,1.3995155096054077,0,0,cls_embedding,True,768,13.887174606323242,0.02688238024711609,0.5003886818885803,-2.0291976928710938,1.6081767082214355,0,0,1369,768,0.03206451237201691,0.542756199836731,1.7835452556610107,1.094794575895666,0.9877355235817898,1.0987354377135625,1.4095376415654597,0.7262769509763025,1.4074114028882052,1.0848753597193126,1.1323219240418994,0.733714598671515,1.1460909503613308,1.4278913238771365,True,3.1942864269553746,1.4278913238771365,3.1942864269553746,
209,patient00203/study1,patient00203/study1/view2_lateral.dcm,/home/jovyan/Desktop/MEDAGENT-X/data/raw/chexpert_plus/dicom_train/patient00203/study1/view2_lateral.dcm,True,/home/jovyan/Desktop/MEDAGENT-X/outputs/chexpert_plus/convnext_features/patient00203_study1_view2_lateral.npz,/home/jovyan/Desktop/MEDAGENT-X/outputs/chexpert_plus/raddino_features/patient00203__study1__view2_lateral.npz,ok,,,0.2532252371311188,0.42157732079962934,0.1550264656543731,2.856455859051279,0.4652014654129743,1.9519121090730447,0.0048055225051939,2.0599130111866826,0.9996146211333158,1.6266005704856206,0.0003855274408124,1.6250494593625553,0.0020977113105399,1.5113560846013094,4.827565670013428,1.6012623061421105,0.0,1.6250494593625553,0.0,1.6266005704856206,0.0,pooled_embedding,True,768,9.980839729309082,-0.008542831055819988,0.3600511848926544,-5.2774200439453125,1.2055280208587646,0,0,cls_embedding,True,768,15.153009414672852,0.02506798505783081,0.5462121963500977,-1.6226760149002075,2.1580538749694824,0,0,1369,768,0.03412420302629471,0.579615592956543,1.9627224206924438,0.47678607021444086,1.5974438200360892,0.47051453883690736,2.578164847203884,0.3768375533973573,2.5799761427121113,0.10432518824824942,1.521375668035369,2.297086095567232,1.3870221553972322,3.646140294093573,True,2.856455859051279,3.646140294093573,3.646140294093573,moderate_outlier
210,patient00207/study1,patient00207/study1/view1_frontal.dcm,/home/jovyan/Desktop/MEDAGENT-X/data/raw/chexpert_plus/dicom_train/patient00207/study1/view1_frontal.dcm,True,/home/jovyan/Desktop/MEDAGENT-X/outputs/chexpert_plus/convnext_features/patient00207_study1_view1_frontal.npz,/home/jovyan/Desktop/MEDAGENT-X/outputs/chexpert_plus/raddino_features/patient00207__study1__view1_frontal.npz,ok,,,0.4774212837219238,2.768949218973335,0.1190829128026962,1.1635710452645553,0.3700081706047058,0.7648798556137537,0.0089118294417858,0.1302979612505643,0.9984795865857504,0.33211841323498553,0.001522728591226,0.33217888769739107,0.0021461798273423,1.6088728209111443,4.68053674697876,1.1322215818373709,0.0,0.0,0.0,0.0,0.0,pooled_embedding,True,768,11.187198638916016,-0.024148346856236458,0.4029603600502014,-7.753748416900635,1.0273560285568237,0,0,cls_embedding,True,768,13.846611976623535,0.024392971768975258,0.4990507960319519,-1.840192437171936,1.9176708459854126,0,0,1369,768,0.03173598647117615,0.5273127555847168,1.955826997756958,1.1900805010813602,1.2807243079543769,1.1917196395844087,1.37208994911251,0.24683487349145292,1.3731766262712997,0.1420605109416853,0.7261288144392594,0.8985296338858888,1.1340030710688318,1.3165984517533662,True,2.768949218973335,1.37208994911251,2.768949218973335,
211,patient00215/study1,patient00215/study1/view1_frontal.dcm,/home/jovyan/Desktop/MEDAGENT-X/data/raw/chexpert_plus/dicom_train/patient00215/study1/view1_frontal.dcm,True,/home/jovyan/Desktop/MEDAGENT-X/outputs/chexpert_plus/convnext_features/patient00215_study1_view1_frontal.npz,/home/jovyan/Desktop/MEDAGENT-X/outputs/chexpert_plus/raddino_features/patient00215__study1__view1_frontal.npz,ok,,,0.7373924851417542,6.468590806411791,0.0919484570622444,0.11441914794017023,0.2473901510238647,0.7641306108368591,0.008809644728899,0.1783160862725143,0.9988767178319988,0.3532074323297117,0.0011245453497394,0.35313129447956615,0.0011424430471166,0.41060582995827705,4.332423686981201,0.02169721403869941,0.7641306108368591,0.35313129447956615,0.0,0.3532074323297117,0.0,pooled_embedding,True,768,11.268292427062988,-0.016540400683879852,0.40627291798591614,-7.161609649658203,1.343468189239502,0,0,cls_embedding,True,768,11.263955116271973,0.020825110375881195,0.4059191346168518,-1.4836846590042114,1.3619670867919922,0,0,1369,768,0.03298700973391533,0.5494726896286011,2.0928609371185303,1.3021305083598538,0.12243009416794659,1.3200429410351782,1.0122362283060284,0.440309439506358,1.0099426874660555,0.60786012048907,0.8796416803356305,0.2816543495467932,0.9678939832335055,0.21276472467451865,True,6.468590806411791,1.3021305083598538,6.468590806411791,extreme_outlier
211,patient00215/study1,patient00215/study1/view2_lateral.dcm,/home/jovyan/Desktop/MEDAGENT-X/data/raw/chexpert_plus/dicom_train/patient00215/study1/view2_lateral.dcm,True,/home/jovyan/Desktop/MEDAGENT-X/outputs/chexpert_plus/convnext_features/patient00215_study1_view2_lateral.npz,/home/jovyan/Desktop/MEDAGENT-X/outputs/chexpert_plus/raddino_features/patient00215__study1__view2_lateral.npz,ok,,,0.2566079199314117,0.3734384735091316,0.1188662201166153,1.153365160525259,0.3793566524982452,0.8814526620373794,0.0057053798809647,1.6370565706195555,0.999575214914144,1.558597609929102,0.0004249656049069,1.5571727317548818,0.0014157931392685,0.139363729979362,4.010159015655518,1.0063675485712162,0.0,1.5571727317548818,1.0063675485712162,1.558597609929102,0.0,pooled_embedding,True,768,10.010932922363281,-0.011226898990571499,0.3610638976097107,-4.137233257293701,1.8780690431594849,0,0,cls_embedding,True,768,15.231220245361328,0.026182865723967552,0.5489853620529175,-1.6506160497665405,1.707135796546936,0,0,1369,768,0.03540247306227684,0.5915125608444214,1.9516433477401733,0.43520529593065854,1.1024138010374973,0.4312836357717204,2.6503696119293068,0.5915555104597875,2.650937882749452,0.16495560887792876,1.774165942409333,3.3128971904357525,1.4658158784763027,4.3715925868076795,True,1.6370565706195555,4.3715925868076795,4.3715925868076795,moderate_outlier
212,patient00223/study1,patient00223/study1/view1_frontal.dcm,/home/jovyan/Desktop/MEDAGENT-X/data/raw/chexpert_plus/dicom_train/patient00223/study1/view1_frontal.dcm,True,/home/jovyan/Desktop/MEDAGENT-X/outputs/chexpert_plus/convnext_features/patient00223_study1_view1_frontal.npz,/home/jovyan/Desktop/MEDAGENT-X/outputs/chexpert_plus/raddino_features/patient00223__study1__view1_frontal.npz,ok,,,0.3736314177513122,1.2919190617774394,0.1471315026283264,2.4846155162962185,0.5294602140784264,2.7531997143235807,0.0079556833952665,0.5796052901449421,0.9989196433175892,0.4272835595204099,0.0010815251152962,0.4271730964235513,0.0037962432326976,4.928735045095688,5.064985275268555,2.3586606554910525,0.0,0.4271730964235513,0.0,0.4272835595204099,0.0,pooled_embedding,True,768,10.6599760055542,-0.027901867404580116,0.3836454749107361,-7.235535144805908,1.1989132165908813,0,0,cls_embedding,True,768,15.696983337402344,0.03645387664437294,0.565241813659668,-1.9842801094055176,2.370884418487549,0,0,1369,768,0.032194968312978745,0.5310782790184021,1.9535605907440186,0.4615993035016983,1.9729964089323981,0.44349126853742143,3.0803652299602766,2.5696779667737473,3.066919550081786,0.15446346298510633,0.9145295112095914,0.14146127540487127,1.3115848084698651,2.951590092044998,True,4.928735045095688,3.0803652299602766,4.928735045095688,moderate_outlier
213,patient00224/study1,patient00224/study1/view1_frontal.dcm,/home/jovyan/Desktop/MEDAGENT-X/data/raw/chexpert_plus/dicom_train/patient00224/study1/view1_frontal.dcm,True,/home/jovyan/Desktop/MEDAGENT-X/outputs/chexpert_plus/convnext_features/patient00224_study1_view1_frontal.npz,/home/jovyan/Desktop/MEDAGENT-X/outputs/chexpert_plus/raddino_features/patient00224__study1__view1_frontal.npz,ok,,,0.5728729963302612,4.1273193908591965,0.0836864411830902,0.5035471028421684,0.2140077948570251,1.180398726635519,0.0070651643909513,0.9980734902856065,0.999323966033314,1.1250196597460038,0.0006764912977814,1.1242737534792984,0.0015785807855451,0.46688602741570306,4.069238662719727,0.8178960568489309,1.180398726635519,1.1242737534792984,0.8178960568489309,1.1250196597460038,0.0,pooled_embedding,True,768,10.10619831085205,-0.018042417243123055,0.3642294406890869,-6.8917646408081055,1.0727858543395996,0,0,cls_embedding,True,768,12.429888725280762,0.01965857855975628,0.4480939507484436,-2.0613062381744385,1.6978704929351807,0,0,1369,768,0.032111626118421555,0.5424664616584778,2.061490535736084,0.3035739130902254,0.1545909440224295,0.30865545938556255,0.06416151843656662,0.6649750346813192,0.06925655959282033,0.43618504990026197,0.8209525008013489,0.5174906366321875,0.9926126561158574,0.014819621065267768,True,4.1273193908591965,0.5174906366321875,4.1273193908591965,moderate_outlier
213,patient00224/study1,patient00224/study1/view2_lateral.dcm,/home/jovyan/Desktop/MEDAGENT-X/data/raw/chexpert_plus/dicom_train/patient00224/study1/view2_lateral.dcm,True,/home/jovyan/Desktop/MEDAGENT-X/outputs/chexpert_plus/convnext_features/patient00224_study1_view2_lateral.npz,/home/jovyan/Desktop/MEDAGENT-X/outputs/chexpert_plus/raddino_features/patient00224__study1__view2_lateral.npz,ok,,,0.2649727761745453,0.25439848038287505,0.1074550077319145,0.6159150026994253,0.3603735640645027,0.6447391594056262,0.0051571824587881,1.8946627390094173,0.99965898273956,1.7031549982651655,0.0003411335928831,1.7014553771464875,0.0019327658463921,1.1794923430640827,3.799116373062134,1.6796200753400259,0.0,1.7014553771464875,1.6796200753400259,1.7031549982651655,0.0,pooled_embedding,True,768,8.345149993896484,-0.004675496369600296,0.30109336972236633,-3.1868672370910645,1.504773497581482,0,0,cls_embedding,True,768,12.935382843017578,0.01544236671179533,0.4665099084377289,-1.3840619325637817,1.6795109510421753,0,0,1369,768,0.03661712631583214,0.5774974822998047,1.844690203666687,2.736873444923927,2.310706974968301,2.754447872471795,0.5308370865129678,1.4769869584987805,0.5404972073323003,0.7502585616410694,1.666932126396725,2.881989394158935,1.1543513465479436,1.503944632670421,True,1.8946627390094173,2.881989394158935,2.881989394158935,
214,patient00228/study1,patient00228/study1/view1_frontal.dcm,/home/jovyan/Desktop/MEDAGENT-X/data/raw/chexpert_plus/dicom_train/patient00228/study1/view1_frontal.dcm,True,/home/jovyan/Desktop/MEDAGENT-X/outputs/chexpert_plus/convnext_features/patient00228_study1_view1_frontal.npz,/home/jovyan/Desktop/MEDAGENT-X/outputs/chexpert_plus/raddino_features/patient00228__study1__view1_frontal.npz,ok,,,0.2703918218612671,0.17728022006276992,0.1253193318843841,1.4572965764986396,0.3987878821790218,1.1237543535789336,0.0068695107474923,1.0900140638528282,0.9991781690584176,0.8734191220257232,0.000822506903205,0.8729673931715817,0.0031486245915231,3.6257519866658834,4.712356090545654,1.23372928280855,0.0,0.8729673931715817,0.0,0.8734191220257232,0.0,pooled_embedding,True,768,10.024301528930664,-0.01562730222940445,0.3613830804824829,-5.95344877243042,1.1036522388458252,0,0,cls_embedding,True,768,15.900267601013184,0.023552507162094116,0.5732678771018982,-2.0241270065307617,1.7521519660949707,0,0,1369,768,0.032926082611083984,0.5558802485466003,2.3247721195220947,0.4167334438023093,0.29083534927129423,0.41891899165211965,3.2680386288641468,0.08496746574625198,3.2722961804546546,1.87699812494393,1.387642409154718,1.759693078924022,1.3292473052033384,3.11420835971456,True,3.6257519866658834,3.2680386288641468,3.6257519866658834,moderate_outlier
215,patient00236/study2,patient00236/study2/view1_frontal.dcm,/home/jovyan/Desktop/MEDAGENT-X/data/raw/chexpert_plus/dicom_train/patient00236/study2/view1_frontal.dcm,True,/home/jovyan/Desktop/MEDAGENT-X/outputs/chexpert_plus/convnext_features/patient00236_study2_view1_frontal.npz,/home/jovyan/Desktop/MEDAGENT-X/outputs/chexpert_plus/raddino_features/patient00236__study2__view1_frontal.npz,ok,,,0.1847534924745559,1.395996459197948,0.0905389189720153,0.18080617532306473,0.2891330998390913,0.24360837554733794,0.0095607675611972,0.17464776760738687,0.9985749758106012,0.16750607966476092,0.0014270577812567,0.16752057620166624,0.0010096083499975,0.67786397991509,4.193667411804199,0.42095272494985586,0.24360837554733794,0.0,0.42095272494985586,0.0,0.17464776760738687,pooled_embedding,True,768,9.635049819946289,-0.012869863770902157,0.3474366366863251,-4.838932514190674,1.3699244260787964,0,0,cls_embedding,True,768,12.142616271972656,0.02284093387424946,0.4375631511211395,-1.548665165901184,1.7968065738677979,0,0,1369,768,0.03237621858716011,0.5497018694877625,2.0381577014923096,0.9545755870971466,0.7993972954227094,0.9591823609732173,0.20105034187248047,0.05207640568048767,0.2002130450464616,0.30849570614585425,1.2432825956171802,1.1795983715317313,0.9638626526308949,0.2498811079861387,True,1.395996459197948,1.1795983715317313,1.395996459197948,
216,patient00236/study1,patient00236/study1/view1_frontal.dcm,/home/jovyan/Desktop/MEDAGENT-X/data/raw/chexpert_plus/dicom_train/patient00236/study1/view1_frontal.dcm,True,/home/jovyan/Desktop/MEDAGENT-X/outputs/chexpert_plus/convnext_features/patient00236_study1_view1_frontal.npz,/home/jovyan/Desktop/MEDAGENT-X/outputs/chexpert_plus/raddino_features/patient00236__study1__view1_frontal.npz,ok,,,0.1817540973424911,1.4386807523317373,0.0898167341947555,0.2148199426102355,0.2915751030668616,0.21315731699060414,0.0095209600403904,0.15594161815592902,0.998686911799478,0.025660856834978266,0.0013148146681487,0.025660201585389023,0.0009567197483295,0.7842737519260806,4.268328666687012,0.18277394797902827,0.21315731699060414,0.025660201585389023,0.18277394797902827,0.025660856834978266,0.15594161815592902,pooled_embedding,True,768,9.85926628112793,-0.01925809681415558,0.3552440404891968,-5.568220138549805,1.0303699970245361,0,0,cls_embedding,True,768,13.327999114990234,0.023744912818074226,0.4803462326526642,-1.755767822265625,1.8739150762557983,0,0,1369,768,0.034151673316955566,0.5520268678665161,1.9939610958099365,0.6447681816047843,0.37880206526595517,0.6567357770381882,0.8933030684698009,0.122023404228406,0.8945509304885579,0.06662900805021672,1.0920695682516455,0.5719647461204379,1.0338876469400473,0.3948376676184697,True,1.4386807523317373,0.8933030684698009,1.4386807523317373,
216,patient00236/study1,patient00236/study1/view2_lateral.dcm,/home/jovyan/Desktop/MEDAGENT-X/data/raw/chexpert_plus/dicom_train/patient00236/study1/view2_lateral.dcm,True,/home/jovyan/Desktop/MEDAGENT-X/outputs/chexpert_plus/convnext_features/patient00236_study1_view2_lateral.npz,/home/jovyan/Desktop/MEDAGENT-X/outputs/chexpert_plus/raddino_features/patient00236__study1__view2_lateral.npz,ok,,,0.2702252268791199,0.17965102775548458,0.1412931233644485,2.20963703451586,0.4170940201729536,1.3520264842877256,0.0040256064385175,2.426407236578127,0.9996531112121002,1.6930225557561742,0.0003470091614872,1.6913429802122621,0.036629852948349,70.988657484948,4.692521095275879,1.1704531575680563,0.0,1.6913429802122621,0.0,1.6930225557561742,0.0,pooled_embedding,True,768,11.310894012451172,-0.011755506508052349,0.4079774022102356,-7.009629726409912,1.5849024057388306,0,0,cls_embedding,True,768,13.686079978942871,0.019045179709792137,0.4934864938259125,-1.47090482711792,1.4422223567962646,0,0,1369,768,0.034891270101070404,0.5750793218612671,1.9595873355865479,1.3609945479108232,1.0049212651618844,1.3860719878262449,1.2238857295511099,0.7831112190544282,1.2307932965508022,0.12148199635838668,1.358255175404599,1.6416035750267948,1.1992577974799083,1.9173974625811927,True,70.988657484948,1.9173974625811927,70.988657484948,extreme_outlier
217,patient00238/study1,patient00238/study1/view1_frontal.dcm,/home/jovyan/Desktop/MEDAGENT-X/data/raw/chexpert_plus/dicom_train/patient00238/study1/view1_frontal.dcm,True,/home/jovyan/Desktop/MEDAGENT-X/outputs/chexpert_plus/convnext_features/patient00238_study1_view1_frontal.npz,/home/jovyan/Desktop/MEDAGENT-X/outputs/chexpert_plus/raddino_features/patient00238__study1__view1_frontal.npz,ok,,,0.2435341477394104,0.559490894092879,0.0652575269341468,1.37151998229998,0.1818532645702362,1.5813562165735258,0.0026403453666716,3.077362134397579,0.9998800751046032,2.0846921184300977,0.0001199392791022,2.0821512469870993,0.0201760153732564,37.884187904485955,3.950846910476685,1.1955806108648093,1.5813562165735258,2.0821512469870993,1.1955806108648093,2.0846921184300977,0.0,pooled_embedding,True,768,11.424788475036621,-0.013183974660933018,0.4120456278324127,-7.231694221496582,0.9919459819793701,0,0,cls_embedding,True,768,13.342695236206055,0.024153321981430054,0.48085683584213257,-1.7833648920059204,2.44093656539917,0,0,1369,768,0.030885783955454826,0.5402610301971436,2.124795913696289,1.5183663473210363,0.7414649615028389,1.5436686708173126,0.9068706263824794,0.20068005678765302,0.9076166087336225,0.7826248387150357,0.9930015823883827,0.17387047831127717,1.087172329210385,0.8854287122981062,True,37.884187904485955,1.5183663473210363,37.884187904485955,extreme_outlier
218,patient00240/study1,patient00240/study1/view1_frontal.dcm,/home/jovyan/Desktop/MEDAGENT-X/data/raw/chexpert_plus/dicom_train/patient00240/study1/view1_frontal.dcm,True,/home/jovyan/Desktop/MEDAGENT-X/outputs/chexpert_plus/convnext_features/patient00240_study1_view1_frontal.npz,/home/jovyan/Desktop/MEDAGENT-X/outputs/chexpert_plus/raddino_features/patient00240__study1__view1_frontal.npz,ok,,,0.2583258748054504,0.3489903143952609,0.0497469753026962,2.1020425719474467,0.1528413593769073,1.9431261003468232,0.0050825485959649,1.9297343074923232,0.9996552718114784,1.6967510828105687,0.0003448470670264,1.6950641447275814,0.0025696406095772,2.460859144468554,3.447316884994507,2.801904611521856,1.9431261003468232,1.6950641447275814,2.801904611521856,1.6967510828105687,0.0,pooled_embedding,True,768,11.856294631958008,-0.031206943094730377,0.42668747901916504,-6.644199848175049,1.1281338930130005,0,0,cls_embedding,True,768,10.724958419799805,0.02334955334663391,0.38629859685897827,-1.1291749477386475,1.3557409048080444,0,0,1369,768,0.031983762979507446,0.5485471487045288,2.109400510787964,2.114592878706241,2.5825605933941964,2.1108710322847,1.5098416023183412,0.045880027998635865,1.5120069883303395,0.6983732268593839,1.8830366357559893,3.7503826058910876,0.9199219449962192,0.6544423579357939,True,2.801904611521856,3.7503826058910876,3.7503826058910876,moderate_outlier
218,patient00240/study1,patient00240/study1/view2_lateral.dcm,/home/jovyan/Desktop/MEDAGENT-X/data/raw/chexpert_plus/dicom_train/patient00240/study1/view2_lateral.dcm,True,/home/jovyan/Desktop/MEDAGENT-X/outputs/chexpert_plus/convnext_features/patient00240_study1_view2_lateral.npz,/home/jovyan/Desktop/MEDAGENT-X/outputs/chexpert_plus/raddino_features/patient00240__study1__view2_lateral.npz,ok,,,0.1976439356803894,1.212552987365851,0.1214435249567031,1.274752165373894,0.3258255422115326,0.21393553699408363,0.0057045207358896,1.6374602957410793,0.9994350932848024,1.3167909653560184,0.0005652260151691,1.315771594554491,0.0017076550022592,0.7265782397237996,3.674384355545044,2.0775308716152088,0.0,1.315771594554491,2.0775308716152088,1.3167909653560184,0.0,pooled_embedding,True,768,9.580971717834473,-0.01153052318841219,0.3455312252044678,-3.842985153198242,1.7741373777389526,0,0,cls_embedding,True,768,12.295833587646484,0.021334445104002953,0.44317442178726196,-1.7128627300262451,1.5412306785583496,0,0,1369,768,0.03600165992975235,0.588716983795166,2.0371992588043213,1.0292971147714258,1.0464155565521451,1.0329950147348115,0.05959908591849392,0.34221525274266135,0.05662785290174051,0.3032506117618281,1.73083063202847,3.13875880954484,1.1444327163634873,1.4126239953567563,True,2.0775308716152088,3.13875880954484,3.13875880954484,
219,patient00250/study4,patient00250/study4/view1_frontal.dcm,/home/jovyan/Desktop/MEDAGENT-X/data/raw/chexpert_plus/dicom_train/patient00250/study4/view1_frontal.dcm,True,/home/jovyan/Desktop/MEDAGENT-X/outputs/chexpert_plus/convnext_features/patient00250_study4_view1_frontal.npz,/home/jovyan/Desktop/MEDAGENT-X/outputs/chexpert_plus/raddino_features/patient00250__study4__view1_frontal.npz,ok,,,0.2701275944709778,0.18104043133354064,0.1189140379428863,1.1556173049433838,0.3943833969533443,1.06883172448731,0.0094592403620481,0.1269386181255997,0.9986622412834956,0.01691283230656869,0.0013395507121458,0.01691281769764425,0.0011048687996878,0.4862037277337121,4.697971820831299,1.1878416564411503,0.0,0.0,0.0,0.0,0.1269386181255997,pooled_embedding,True,768,9.333451271057129,-0.015689708292484283,0.3364262580871582,-4.483110427856445,1.0805710554122925,0,0,cls_embedding,True,768,14.455878257751465,0.015058754943311214,0.5214141607284546,-1.5660641193389893,2.2017319202423096,0,0,1369,768,0.030835581943392754,0.5681173205375671,2.0641543865203857,1.371304418866181,0.2793256277057342,1.385707167327478,1.934568676121571,1.5508678120608357,1.9454263372567697,0.450763019938253,1.4371880947753342,1.958787198667868,1.1655053986264212,1.6066397755977835,True,1.1878416564411503,1.958787198667868,1.958787198667868,
220,patient00250/study5,patient00250/study5/view1_frontal.dcm,/home/jovyan/Desktop/MEDAGENT-X/data/raw/chexpert_plus/dicom_train/patient00250/study5/view1_frontal.dcm,True,/home/jovyan/Desktop/MEDAGENT-X/outputs/chexpert_plus/convnext_features/patient00250_study5_view1_frontal.npz,/home/jovyan/Desktop/MEDAGENT-X/outputs/chexpert_plus/raddino_features/patient00250__study5__view1_frontal.npz,ok,,,0.276602566242218,0.0888953217539411,0.1304355561733245,1.6982626946343407,0.4153846185654402,1.3307107514273335,0.0104035651311278,0.5706909519333567,0.9983804336408334,0.5032257649163635,0.0016221936093643,0.5033673823364522,0.0011705604057942,0.3540348178294964,4.732295989990234,1.2973400655376341,0.0,0.0,0.0,0.0,0.5706909519333567,pooled_embedding,True,768,9.741095542907715,-0.012518889270722866,0.35127848386764526,-5.549409866333008,1.3010921478271484,0,0,cls_embedding,True,768,14.10493278503418,0.021333390846848488,0.5085206031799316,-1.7722653150558472,1.9585239887237549,0,0,1369,768,0.03126157075166702,0.5697371363639832,1.9455698728561401,0.8080486545021937,0.8641284861806888,0.8103552238955469,1.6105734562020182,0.34241829504961024,1.6154967993339433,0.19819280647461585,1.3164676339263608,1.473684740467213,1.1388133602245218,1.360886691479153,True,1.6982626946343407,1.6105734562020182,1.6982626946343407,
221,patient00250/study3,patient00250/study3/view1_frontal.dcm,/home/jovyan/Desktop/MEDAGENT-X/data/raw/chexpert_plus/dicom_train/patient00250/study3/view1_frontal.dcm,True,/home/jovyan/Desktop/MEDAGENT-X/outputs/chexpert_plus/convnext_features/patient00250_study3_view1_frontal.npz,/home/jovyan/Desktop/MEDAGENT-X/outputs/chexpert_plus/raddino_features/patient00250__study3__view1_frontal.npz,ok,,,0.2632485628128052,0.2789357038286725,0.1375005394220352,2.0310122951191443,0.4332112353295088,1.5530033941142793,0.0104338657110929,0.5849296476824325,0.9983057048434804,0.6321845832360168,0.0016971706645563,0.6324098281231879,0.0012878564805533,0.1180397606856086,4.789115905761719,1.4786027307215948,0.0,0.0,0.0,0.0,0.5849296476824325,pooled_embedding,True,768,9.783977508544922,-0.019895007833838463,0.3524878919124603,-4.0736775398254395,1.676285982131958,0,0,cls_embedding,True,768,13.81362247467041,0.010571037419140339,0.4983440041542053,-1.5504357814788818,2.1128556728363037,0,0,1369,768,0.02945551462471485,0.5806354880332947,2.15091609954834,0.7487972041561226,0.49626931342754843,0.7635046521852279,1.3416338191115122,2.4151697664594702,1.3550907320753065,0.9255680129280627,1.7842454111476225,3.3534004740375103,1.1219922477217013,1.206015032236356,True,2.0310122951191443,3.3534004740375103,3.3534004740375103,
222,patient00250/study1,patient00250/study1/view1_frontal.dcm,/home/jovyan/Desktop/MEDAGENT-X/data/raw/chexpert_plus/dicom_train/patient00250/study1/view1_frontal.dcm,True,/home/jovyan/Desktop/MEDAGENT-X/outputs/chexpert_plus/convnext_features/patient00250_study1_view1_frontal.npz,/home/jovyan/Desktop/MEDAGENT-X/outputs/chexpert_plus/raddino_features/patient00250__study1__view1_frontal.npz,ok,,,0.2793937623500824,0.0491739020622455,0.0648850947618484,1.3890609519211885,0.2301165759563446,0.9795269870101481,0.0046771764755249,2.1202247302746864,0.9997390592519594,1.841342320689184,0.0002610088558867,1.8393574593709385,0.0016538463607593,0.6183173840073242,3.730633497238159,1.8980890474032621,0.9795269870101481,1.8393574593709385,1.8980890474032621,1.841342320689184,0.0,pooled_embedding,True,768,9.266765594482422,-0.017243200913071632,0.333940714597702,-5.478638172149658,1.199088215827942,0,0,cls_embedding,True,768,14.242411613464355,0.024156153202056885,0.5133607983589172,-1.8953882455825806,1.7768229246139526,0,0,1369,768,0.03277740627527237,0.5670611262321472,1.8440895080566406,1.4634462550821048,0.007189281818984505,1.4819932256112147,1.7374948349183061,0.2012253294140882,1.7393511624799742,0.7535458788800131,1.1121412721258495,0.6526207742798497,1.1726025555918091,1.6719831632573035,True,2.1202247302746864,1.7374948349183061,2.1202247302746864,
222,patient00250/study1,patient00250/study1/view2_lateral.dcm,/home/jovyan/Desktop/MEDAGENT-X/data/raw/chexpert_plus/dicom_train/patient00250/study1/view2_lateral.dcm,True,/home/jovyan/Desktop/MEDAGENT-X/outputs/chexpert_plus/convnext_features/patient00250_study1_view2_lateral.npz,/home/jovyan/Desktop/MEDAGENT-X/outputs/chexpert_plus/raddino_features/patient00250__study1__view2_lateral.npz,ok,,,0.2578211724758148,0.3561727165913465,0.0902435779571533,0.1947162726640653,0.2636879608035087,0.5609017394321338,0.0067903604358434,1.127207979194094,0.9993988233484168,1.254200259998877,0.0006015382823534,1.2532748246090173,0.0017591200643549,0.8301239064916996,4.1781182289123535,0.4705565706110154,0.5609017394321338,1.2532748246090173,0.4705565706110154,1.254200259998877,0.0,pooled_embedding,True,768,9.300826072692871,-0.013169611804187298,0.3353561758995056,-5.019796848297119,1.7475042343139648,0,0,cls_embedding,True,768,13.49727725982666,0.01964201219379902,0.48664480447769165,-1.5921651124954224,1.7376476526260376,0,0,1369,768,0.032850682735443115,0.5753823518753052,2.00709867477417,1.4163837498200138,0.7441139426093347,1.427160473747495,1.0495817898882533,0.6681655970099472,1.055723274427342,0.13852463885693134,1.5424900957825334,2.3819321997952767,1.1329809582331876,1.307187878536937,True,1.254200259998877,2.3819321997952767,2.3819321997952767,
223,patient00250/study8,patient00250/study8/view1_frontal.dcm,/home/jovyan/Desktop/MEDAGENT-X/data/raw/chexpert_plus/dicom_train/patient00250/study8/view1_frontal.dcm,True,/home/jovyan/Desktop/MEDAGENT-X/outputs/chexpert_plus/convnext_features/patient00250_study8_view1_frontal.npz,/home/jovyan/Desktop/MEDAGENT-X/outputs/chexpert_plus/raddino_features/patient00250__study8__view1_frontal.npz,ok,,,0.2657471299171448,0.24337867782834816,0.1414260566234588,2.2158979819618283,0.4324786346405744,1.5438680800312536,0.0099067380651831,0.33722448231329144,0.9985039157773608,0.29013374451459845,0.0014983258442953,0.2901795034886034,0.0011364190606252,0.4227258522112951,4.845780849456787,1.6593710155246828,0.0,0.0,0.0,0.0,0.33722448231329144,pooled_embedding,True,768,9.097687721252441,-0.010069585405290127,0.3281300663948059,-4.6014814376831055,1.078050971031189,0,0,cls_embedding,True,768,15.332357406616211,0.018600324168801308,0.5529460310935974,-1.7273247241973877,2.2586631774902344,0,0,1369,768,0.03148500621318817,0.5737856030464172,1.8082321882247925,1.6970668240425248,1.3158603232702535,1.7070886278456603,2.7437401191739244,0.8687871804830548,2.752286304357612,0.9497756892101595,1.171897623990438,0.8927453809849248,1.2390096352431916,2.283391868201977,True,2.2158979819618283,2.7437401191739244,2.7437401191739244,
224,patient00250/study10,patient00250/study10/view1_frontal.dcm,/home/jovyan/Desktop/MEDAGENT-X/data/raw/chexpert_plus/dicom_train/patient00250/study10/view1_frontal.dcm,True,/home/jovyan/Desktop/MEDAGENT-X/outputs/chexpert_plus/convnext_features/patient00250_study10_view1_frontal.npz,/home/jovyan/Desktop/MEDAGENT-X/outputs/chexpert_plus/raddino_features/patient00250__study10__view1_frontal.npz,ok,,,0.2908135056495666,0.1133400879408821,0.1260197609663009,1.4902856847485835,0.3965811990201473,1.0962376667363862,0.0102899624034762,0.5173073309875106,0.9984069526333312,0.4574621763576931,0.0015955892158672,0.45757876078086984,0.0017796176169341,0.8713641705173538,4.803098201751709,1.523208010439531,0.0,0.0,0.0,0.0,0.5173073309875106,pooled_embedding,True,768,9.107170104980469,-0.013498983345925808,0.3283493220806122,-4.377278804779053,1.170836091041565,0,0,cls_embedding,True,768,14.430950164794922,0.019477317109704018,0.5203676819801331,-1.4952770471572876,2.2556819915771484,0,0,1369,768,0.031132178381085396,0.5700459480285645,1.9491690397262573,1.683964696370091,0.683367044793015,1.6985950062968367,1.91155489310538,0.699884679660867,1.9186482933708653,0.17849630278773557,1.5888776451826823,2.568335681737484,1.194202462043875,1.870853086465991,True,1.523208010439531,2.568335681737484,2.568335681737484,
225,patient00250/study7,patient00250/study7/view1_frontal.dcm,/home/jovyan/Desktop/MEDAGENT-X/data/raw/chexpert_plus/dicom_train/patient00250/study7/view1_frontal.dcm,True,/home/jovyan/Desktop/MEDAGENT-X/outputs/chexpert_plus/convnext_features/patient00250_study7_view1_frontal.npz,/home/jovyan/Desktop/MEDAGENT-X/outputs/chexpert_plus/raddino_features/patient00250__study7__view1_frontal.npz,ok,,,0.3588021397590637,1.0808840960882613,0.1364188343286514,1.9800656863311448,0.4112332314252853,1.2789441806632345,0.01124934758991,0.9681367801774193,0.998121567501259,0.949948750498087,0.0018819676479324,0.9504625263492864,0.0017982124567136,0.9087762517430652,4.819083690643311,1.5742037270191502,0.0,0.0,0.0,0.0,0.9681367801774193,pooled_embedding,True,768,9.007278442382812,-0.013281826861202717,0.3247506618499756,-4.295590877532959,1.4411331415176392,0,0,cls_embedding,True,768,14.245861053466797,0.019185226410627365,0.5136951208114624,-1.7011855840682983,1.976822853088379,0,0,1369,768,0.03115737810730934,0.5634863376617432,1.7013156414031982,1.821988357329701,0.7234178115289513,1.8380014621405254,1.7406793811201335,0.7561392368414142,1.7479060436188953,1.5348783628718206,1.359559225721658,1.6468437638893443,1.1650318767605,1.6022800688869057,True,1.9800656863311448,1.821988357329701,1.9800656863311448,
226,patient00250/study11,patient00250/study11/view1_frontal.dcm,/home/jovyan/Desktop/MEDAGENT-X/data/raw/chexpert_plus/dicom_train/patient00250/study11/view1_frontal.dcm,True,/home/jovyan/Desktop/MEDAGENT-X/outputs/chexpert_plus/convnext_features/patient00250_study11_view1_frontal.npz,/home/jovyan/Desktop/MEDAGENT-X/outputs/chexpert_plus/raddino_features/patient00250__study11__view1_frontal.npz,ok,,,0.3174352049827575,0.49219261254148944,0.1411528438329696,2.2030300891895123,0.4427350685000419,1.671762779139855,0.0102422265335917,0.4948755317154931,0.9984049469206444,0.4609234168318279,0.0015976013382896,0.4610418095488417,0.0018674096473686,1.0479982589275492,4.976707458496094,2.077043336501148,0.0,0.0,0.0,0.0,0.4948755317154931,pooled_embedding,True,768,9.562419891357422,-0.018230516463518143,0.34457218647003174,-4.283843517303467,1.2029062509536743,0,0,cls_embedding,True,768,14.6051025390625,0.01981903798878193,0.5266434550285339,-2.2089908123016357,1.8874711990356445,0,0,1369,768,0.03238322585821152,0.5705878138542175,2.2816548347473145,1.0549307957139837,0.18928259971422978,1.0701466718560768,2.0723335359055133,0.6340717085781058,2.079237245967942,1.6410380294046323,1.4491283024305945,2.0067676656430513,1.1774379258942962,1.7165023246191897,True,2.2030300891895123,2.0723335359055133,2.2030300891895123,
227,patient00250/study6,patient00250/study6/view1_frontal.dcm,/home/jovyan/Desktop/MEDAGENT-X/data/raw/chexpert_plus/dicom_train/patient00250/study6/view1_frontal.dcm,True,/home/jovyan/Desktop/MEDAGENT-X/outputs/chexpert_plus/convnext_features/patient00250_study6_view1_frontal.npz,/home/jovyan/Desktop/MEDAGENT-X/outputs/chexpert_plus/raddino_features/patient00250__study6__view1_frontal.npz,ok,,,0.2256033271551132,0.814663810047651,0.1179284900426864,1.1091995487356818,0.357509165070951,0.6090209504816622,0.0107112349942326,0.7152696226041733,0.9982198275588334,0.7803822465310468,0.0017833471065387,0.7807274542840267,0.0012440252645954,0.20622643134713653,4.450336456298828,0.3978537523850821,0.0,0.0,0.0,0.0,0.7152696226041733,pooled_embedding,True,768,8.644624710083008,-0.02212545834481716,0.31115034222602844,-3.4747469425201416,1.1483765840530396,0,0,cls_embedding,True,768,14.675577163696289,0.016878483816981316,0.5292902588844299,-1.5005477666854858,1.811238408088684,0,0,1369,768,0.031015563756227493,0.5749626755714417,1.8506115674972534,2.323079184041598,0.9076374254375095,2.364856523636689,2.137396183188519,1.200401185425445,2.146965549026407,0.7178537944466232,1.517147765609546,2.280096714932204,1.2111823675182631,2.027186749543472,True,1.1091995487356818,2.323079184041598,2.323079184041598,
228,patient00250/study2,patient00250/study2/view1_frontal.dcm,/home/jovyan/Desktop/MEDAGENT-X/data/raw/chexpert_plus/dicom_train/patient00250/study2/view1_frontal.dcm,True,/home/jovyan/Desktop/MEDAGENT-X/outputs/chexpert_plus/convnext_features/patient00250_study2_view1_frontal.npz,/home/jovyan/Desktop/MEDAGENT-X/outputs/chexpert_plus/raddino_features/patient00250__study2__view1_frontal.npz,ok,,,0.3487428724765777,0.9377309953825247,0.1471164226531982,2.4839052731827413,0.4334554523229599,1.556048707848332,0.011842742562294,1.2469819534558997,0.9979504226272408,1.2452919313951696,0.0020537867676466,1.24617912103371,0.0018902721552943,1.0939967194511362,4.815323829650879,1.562209298393975,0.0,0.0,0.0,0.0,1.2469819534558997,pooled_embedding,True,768,8.945931434631348,-0.008357654325664043,0.32270029187202454,-3.975088596343994,1.3946101665496826,0,0,cls_embedding,True,768,14.797538757324219,0.018499212339520454,0.533639669418335,-1.6371281147003174,2.004171371459961,0,0,1369,768,0.0305655337870121,0.5686458349227905,1.9112218618392944,1.9067535757531797,1.6315964728286427,1.917429580794532,2.2499919464085583,0.888260587886612,2.258261364962975,0.3861628978997678,1.551704302083875,2.4189585174196004,1.1898469085800571,1.830751589507983,True,2.4839052731827413,2.4189585174196004,2.4839052731827413,
229,patient00250/study9,patient00250/study9/view1_frontal.dcm,/home/jovyan/Desktop/MEDAGENT-X/data/raw/chexpert_plus/dicom_train/patient00250/study9/view1_frontal.dcm,True,/home/jovyan/Desktop/MEDAGENT-X/outputs/chexpert_plus/convnext_features/patient00250_study9_view1_frontal.npz,/home/jovyan/Desktop/MEDAGENT-X/outputs/chexpert_plus/raddino_features/patient00250__study9__view1_frontal.npz,ok,,,0.2006818503141403,1.1693205244748464,0.1136645600199699,0.9083751502046586,0.3374847462400794,0.35932236554564073,0.0107658039778471,0.7409124042247909,0.9983355795650076,0.5806300430554183,0.0016671953490003,0.5808195379648177,0.0014487209188899,0.2056131185401739,4.421179294586182,0.3048387457720942,0.0,0.0,0.0,0.0,0.7409124042247909,pooled_embedding,True,768,9.465046882629395,-0.015544876456260681,0.3411865532398224,-4.9195966720581055,1.4245966672897339,0,0,cls_embedding,True,768,14.303479194641113,0.023324139416217804,0.5156050324440002,-1.8157579898834229,1.9548877477645874,0,0,1369,768,0.03152860701084137,0.5792204737663269,2.0962891578674316,1.1894743481366434,0.3060373609331603,1.2013007956580377,1.7938728364355325,0.04098548871239803,1.796778223389701,0.6266211185358143,1.3727107343949638,1.699691716436919,1.1553568258717892,1.5132020614636825,True,1.1693205244748464,1.7938728364355325,1.7938728364355325,
230,patient00252/study1,patient00252/study1/view1_frontal.dcm,/home/jovyan/Desktop/MEDAGENT-X/data/raw/chexpert_plus/dicom_train/patient00252/study1/view1_frontal.dcm,True,/home/jovyan/Desktop/MEDAGENT-X/outputs/chexpert_plus/convnext_features/patient00252_study1_view1_frontal.npz,/home/jovyan/Desktop/MEDAGENT-X/outputs/chexpert_plus/raddino_features/patient00252__study1__view1_frontal.npz,ok,,,0.216056689620018,0.9505216937368595,0.0916930213570594,0.12644976795124754,0.2757020853459835,0.4110891569627673,0.0097888000309467,0.28180363595753455,0.9985237382515773,0.2559262777591083,0.0014784443192183,0.2559615602080018,0.0012079025020728,0.27890399897439166,4.301107883453369,0.07820413098724409,0.4110891569627673,0.0,0.07820413098724409,0.0,0.28180363595753455,pooled_embedding,True,768,10.490214347839355,-0.018783539533615112,0.37806668877601624,-6.959687232971191,1.071531891822815,0,0,cls_embedding,True,768,13.259804725646973,0.024842143058776855,0.47782665491104126,-1.663731575012207,1.673784852027893,0,0,1369,768,0.031525179743766785,0.5232329964637756,1.8083544969558716,0.22703392658179578,0.29127816299795395,0.22737783934223751,0.8303455497376852,0.3333420169434021,0.830078179897739,0.9491063525387651,0.8188413840459153,0.5259739369808384,1.0898376408027464,0.9099681848590829,True,0.9505216937368595,0.9099681848590829,0.9505216937368595,
231,patient00252/study3,patient00252/study3/view1_frontal.dcm,/home/jovyan/Desktop/MEDAGENT-X/data/raw/chexpert_plus/dicom_train/patient00252/study3/view1_frontal.dcm,True,/home/jovyan/Desktop/MEDAGENT-X/outputs/chexpert_plus/convnext_features/patient00252_study3_view1_frontal.npz,/home/jovyan/Desktop/MEDAGENT-X/outputs/chexpert_plus/raddino_features/patient00252__study3__view1_frontal.npz,ok,,,0.3310253322124481,0.685593264625055,0.1216849833726883,1.2861244770446156,0.4617826603353023,1.909280620125626,0.0103665133938193,0.5532797863676133,0.99812610459595,0.942119126702793,0.0018774134805426,0.9426243831067027,0.0015433717017021,0.3960467451074253,4.720170974731445,1.2586597445381567,0.0,0.0,0.0,0.0,0.5532797863676133,pooled_embedding,True,768,10.965577125549316,-0.02687530778348446,0.3947724401950836,-7.522976398468018,1.136122226715088,0,0,cls_embedding,True,768,12.55514907836914,0.027271047234535217,0.45222336053848267,-1.9443647861480713,1.6771148443222046,0,0,1369,768,0.031531717628240585,0.531322717666626,2.175874710083008,0.8838586220293773,1.783665199332736,0.8745324603067967,0.1798027185689976,0.8011314031621375,0.17492283973267655,1.0621544458876133,0.9224355859931205,0.1096915465185124,0.98874062498204,0.020830095101455233,True,1.909280620125626,0.8838586220293773,1.909280620125626,
232,patient00252/study4,patient00252/study4/view1_frontal.dcm,/home/jovyan/Desktop/MEDAGENT-X/data/raw/chexpert_plus/dicom_train/patient00252/study4/view1_frontal.dcm,True,/home/jovyan/Desktop/MEDAGENT-X/outputs/chexpert_plus/convnext_features/patient00252_study4_view1_frontal.npz,/home/jovyan/Desktop/MEDAGENT-X/outputs/chexpert_plus/raddino_features/patient00252__study4__view1_frontal.npz,ok,,,0.2569597959518432,0.36843093747552125,0.0934258326888084,0.04483707927852553,0.2732600793242454,0.4415402503594543,0.0099080549553036,0.33784330867840884,0.99845558562544,0.37353665613196596,0.0015468032797798,0.37361365310103123,0.0011829061600741,0.3291956491467152,4.392798900604248,0.21430172574508036,0.4415402503594543,0.0,0.0,0.0,0.33784330867840884,pooled_embedding,True,768,10.747607231140137,-0.01730053685605526,0.38743478059768677,-6.372402667999268,1.0650352239608765,0,0,cls_embedding,True,768,13.888097763061523,0.028014475479722023,0.5003598928451538,-1.9681435823440552,1.701696753501892,0,0,1369,768,0.03159446641802788,0.5220133662223816,1.772942304611206,0.5826823073802656,0.0177639072138946,0.5902830304906421,1.4103899060728882,0.9443103091002549,1.4066747283312255,1.1429001949049868,1.3239368658456903,1.503699062310057,1.1265557470776213,1.2480310830229056,True,0.4415402503594543,1.503699062310057,1.503699062310057,
233,patient00252/study2,patient00252/study2/view1_frontal.dcm,/home/jovyan/Desktop/MEDAGENT-X/data/raw/chexpert_plus/dicom_train/patient00252/study2/view1_frontal.dcm,True,/home/jovyan/Desktop/MEDAGENT-X/outputs/chexpert_plus/convnext_features/patient00252_study2_view1_frontal.npz,/home/jovyan/Desktop/MEDAGENT-X/outputs/chexpert_plus/raddino_features/patient00252__study2__view1_frontal.npz,ok,,,0.1295269131660461,2.1819240866653256,0.0716055855154991,1.0725364061981413,0.2114774119108915,1.211951854161083,0.0095479181036353,0.16860961530220783,0.9986195075301788,0.09065808882471871,0.0013824008638039,0.0906618914393904,0.0010246976052285,0.6475049959694457,3.9032142162323,1.347534885900237,1.211951854161083,0.0,1.347534885900237,0.0,0.16860961530220783,pooled_embedding,True,768,10.014402389526367,-0.013337492942810059,0.361117422580719,-5.902265548706055,1.1394578218460083,0,0,cls_embedding,True,768,12.617852210998535,0.025473259389400482,0.45459437370300293,-1.9692554473876953,1.4894756078720093,0,0,1369,768,0.030646231025457382,0.5353676676750183,2.2323498725891113,0.43041141677222405,0.7131511632526996,0.4292101623040451,0.2376906721835791,0.45489046001562383,0.23559401406413358,1.3712157610920435,1.0422532566524714,0.3717831443828344,1.0089577534489969,0.16530861779743175,True,2.1819240866653256,0.43041141677222405,2.1819240866653256,
234,patient00256/study3,patient00256/study3/view1_frontal.dcm,/home/jovyan/Desktop/MEDAGENT-X/data/raw/chexpert_plus/dicom_train/patient00256/study3/view1_frontal.dcm,True,/home/jovyan/Desktop/MEDAGENT-X/outputs/chexpert_plus/convnext_features/patient00256_study3_view1_frontal.npz,/home/jovyan/Desktop/MEDAGENT-X/outputs/chexpert_plus/raddino_features/patient00256__study3__view1_frontal.npz,ok,,,0.3683129549026489,1.2162321925061566,0.0988494530320167,0.21060690959620562,0.3030525296926498,0.07003719893014952,0.0110942153260111,0.8952378089674333,0.9979730562115556,1.2062333570440478,0.0020310606341809,1.2070653436496839,0.0017567551090084,0.8253657099937669,4.564364433288574,0.761617315460789,0.07003719893014952,0.0,0.0,0.0,0.8952378089674333,pooled_embedding,True,768,9.461884498596191,-0.007694832980632782,0.3413396179676056,-5.933136463165283,1.2731513977050781,0,0,cls_embedding,True,768,14.526253700256348,0.026886368170380592,0.523481011390686,-2.491619348526001,2.502896785736084,0,0,1369,768,0.032518431544303894,0.5403969287872314,1.851811408996582,1.193843920233776,1.753842433437637,1.1953713080578259,1.9995397577963407,0.7270449961691958,1.9983143847470939,0.7112876408427398,0.9956261834580256,0.1844171612987839,1.1651966673481322,1.603797292657327,True,1.2162321925061566,1.9995397577963407,1.9995397577963407,
235,patient00256/study4,patient00256/study4/view1_frontal.dcm,/home/jovyan/Desktop/MEDAGENT-X/data/raw/chexpert_plus/dicom_train/patient00256/study4/view1_frontal.dcm,True,/home/jovyan/Desktop/MEDAGENT-X/outputs/chexpert_plus/convnext_features/patient00256_study4_view1_frontal.npz,/home/jovyan/Desktop/MEDAGENT-X/outputs/chexpert_plus/raddino_features/patient00256__study4__view1_frontal.npz,ok,,,0.3269436955451965,0.6275076279218119,0.0781601816415786,0.7638252365445938,0.2288156300783157,0.995749397636186,0.0110822552815079,0.8896176051620075,0.9981144073956268,0.9623048808531235,0.001889154780656,0.9628322464252782,0.001606167390138,0.5223891833454982,4.17193078994751,0.4902952777562577,0.995749397636186,0.0,0.4902952777562577,0.0,0.8896176051620075,pooled_embedding,True,768,8.596942901611328,-0.0014716970035806298,0.31021198630332947,-4.8379106521606445,1.1231614351272583,0,0,cls_embedding,True,768,12.964393615722656,0.030591756105422974,0.4668109118938446,-1.8694956302642822,1.7741706371307373,0,0,1369,768,0.031190264970064163,0.5400797724723816,2.2369837760925293,2.3889627382371468,2.901592488890742,2.4012069610549664,0.557620026922032,1.4406759269960951,0.5481994982489613,1.3965748791139172,1.1664350038091706,0.8707944170844104,1.0331860264800548,0.38837786153967907,True,0.995749397636186,2.3889627382371468,2.3889627382371468,
236,patient00256/study2,patient00256/study2/view1_frontal.dcm,/home/jovyan/Desktop/MEDAGENT-X/data/raw/chexpert_plus/dicom_train/patient00256/study2/view1_frontal.dcm,True,/home/jovyan/Desktop/MEDAGENT-X/outputs/chexpert_plus/convnext_features/patient00256_study2_view1_frontal.npz,/home/jovyan/Desktop/MEDAGENT-X/outputs/chexpert_plus/raddino_features/patient00256__study2__view1_frontal.npz,ok,,,0.2104432880878448,1.0304058256791548,0.0888129770755767,0.2620953243956737,0.2725274823606014,0.45067551798920974,0.0123379230499267,1.4796746712983233,0.9977851449713938,1.5305101062839148,0.0022197715006768,1.5318541966768622,0.0015878773837974,0.48559041492654836,4.239738464355469,0.2739802829832236,0.45067551798920974,0.0,0.2739802829832236,0.0,1.4796746712983233,pooled_embedding,True,768,9.085677146911621,-0.008821002207696438,0.3277324438095093,-5.405366897583008,1.235191822052002,0,0,cls_embedding,True,768,11.621999740600586,0.021716436371207237,0.4188101291656494,-1.9944485425949097,1.4025919437408447,0,0,1369,768,0.032712485641241074,0.534365713596344,2.1414730548858643,1.7136622374898376,1.5461399507057447,1.7224919034613198,0.6816870238892673,0.268646496012842,0.6800787334064797,0.8738907857469375,1.0202615351097875,0.2834117274300222,0.9200019657936005,0.6537056079935828,True,1.5318541966768622,1.7136622374898376,1.7136622374898376,
237,patient00256/study5,patient00256/study5/view1_frontal.dcm,/home/jovyan/Desktop/MEDAGENT-X/data/raw/chexpert_plus/dicom_train/patient00256/study5/view1_frontal.dcm,True,/home/jovyan/Desktop/MEDAGENT-X/outputs/chexpert_plus/convnext_features/patient00256_study5_view1_frontal.npz,/home/jovyan/Desktop/MEDAGENT-X/outputs/chexpert_plus/raddino_features/patient00256__study5__view1_frontal.npz,ok,,,0.3507152795791626,0.9658002557630149,0.0957077741622924,0.06263877549721994,0.3543345481157303,0.5694344152554607,0.0050499225035309,1.945065796334583,0.9995663155062486,1.5432399811891087,0.0004338726575952,1.5418428703632037,0.0001886918987465,2.329515369113068,4.3963165283203125,0.2255233998056886,0.0,1.5418428703632037,0.0,1.5432399811891087,0.0,pooled_embedding,True,768,11.232122421264648,-0.02143639512360096,0.40473705530166626,-6.632281303405762,1.026993989944458,0,0,cls_embedding,True,768,12.486028671264648,0.028237298130989075,0.44966500997543335,-1.7120132446289062,1.8563196659088135,0,0,1369,768,0.031220529228448868,0.5323477983474731,2.1378390789031982,1.2521531980679503,0.7805516035499697,1.2605460283644383,0.11599029401383118,0.9872243409966763,0.1094579425594244,0.8540037885824283,1.3195371791313653,1.4860193846032106,1.0053746553982494,0.1323191029686216,True,2.329515369113068,1.4860193846032106,2.329515369113068,
238,patient00256/study1,patient00256/study1/view1_frontal.dcm,/home/jovyan/Desktop/MEDAGENT-X/data/raw/chexpert_plus/dicom_train/patient00256/study1/view1_frontal.dcm,True,/home/jovyan/Desktop/MEDAGENT-X/outputs/chexpert_plus/convnext_features/patient00256_study1_view1_frontal.npz,/home/jovyan/Desktop/MEDAGENT-X/outputs/chexpert_plus/raddino_features/patient00256__study1__view1_frontal.npz,ok,,,0.2926828861236572,0.13994317977151274,0.1003645434975624,0.28196528786280217,0.2625152617692947,0.5755249498170284,0.0116311842575669,1.147567541663488,0.9980392462293466,1.0920098343697424,0.0019646058790385,1.0926905643818932,0.0026954896844364,2.714062499089747,4.381810188293457,0.17924635381520146,0.5755249498170284,0.0,0.0,0.0,1.147567541663488,pooled_embedding,True,768,9.564290046691895,-0.009981531649827957,0.3449772298336029,-6.1908087730407715,0.9529194831848145,0,0,cls_embedding,True,768,12.874166488647461,0.028336862102150917,0.46369144320487976,-1.916105031967163,1.720992088317871,0,0,1369,768,0.0338611826300621,0.531173825263977,1.8617945909500122,1.05234673935618,1.3321003191641616,1.0544559269233509,0.47432173658338733,1.0063996421156496,0.46837631064215535,0.656654502883751,0.7753362685985246,0.7007946616485079,1.021139133336874,0.2774623481042728,True,2.714062499089747,1.05234673935618,2.714062499089747,
239,patient00258/study1,patient00258/study1/view1_frontal.dcm,/home/jovyan/Desktop/MEDAGENT-X/data/raw/chexpert_plus/dicom_train/patient00258/study1/view1_frontal.dcm,True,/home/jovyan/Desktop/MEDAGENT-X/outputs/chexpert_plus/convnext_features/patient00258_study1_view1_frontal.npz,/home/jovyan/Desktop/MEDAGENT-X/outputs/chexpert_plus/raddino_features/patient00258__study1__view1_frontal.npz,ok,,,0.2345249205827713,0.687700908422718,0.0832044705748558,0.5262471605336965,0.2808362320065498,0.3470678654174187,0.0047671752981841,2.077932937342164,0.999531943320623,1.483924207372969,0.0004682758590206,1.4826317791372439,0.0102420987172608,17.89754100509836,4.041608810424805,0.9060387546621184,0.3470678654174187,1.4826317791372439,0.9060387546621184,1.483924207372969,0.0,pooled_embedding,True,768,10.768821716308594,-0.020720278844237328,0.38803356885910034,-7.125389575958252,1.0889294147491455,0,0,cls_embedding,True,768,14.386032104492188,0.02112538367509842,0.5186811685562134,-1.602278232574463,1.8066108226776123,0,0,1369,768,0.03362447768449783,0.5249472856521606,1.836403727531433,0.6119950731524962,0.6484763118672354,0.6134791490388231,1.8700862378369076,0.38247897268901493,1.875492586145732,0.7956064473155005,0.7255117253028296,0.9010093415916562,1.194944728100069,1.87768711576715,True,17.89754100509836,1.87768711576715,17.89754100509836,extreme_outlier
240,patient00261/study5,patient00261/study5/view1_frontal.dcm,/home/jovyan/Desktop/MEDAGENT-X/data/raw/chexpert_plus/dicom_train/patient00261/study5/view1_frontal.dcm,True,/home/jovyan/Desktop/MEDAGENT-X/outputs/chexpert_plus/convnext_features/patient00261_study5_view1_frontal.npz,/home/jovyan/Desktop/MEDAGENT-X/outputs/chexpert_plus/raddino_features/patient00261__study5__view1_frontal.npz,ok,,,0.2449942976236343,0.538711549280588,0.1125482246279716,0.8557975088121937,0.3699633758515119,0.7643212782797721,0.0111296474933624,0.9118879143854349,0.998166695451852,0.872071849118776,0.0018366717267781,0.8725040571223209,0.0013987282348924,0.10502981819532527,4.548820972442627,0.7120317238444617,0.0,0.0,0.0,0.0,0.9118879143854349,pooled_embedding,True,768,10.434795379638672,-0.021993646398186684,0.3758903443813324,-6.769016742706299,1.1812547445297241,0,0,cls_embedding,True,768,12.213692665100098,0.02488086186349392,0.4400207996368408,-1.3731261491775513,1.4426400661468506,0,0,1369,768,0.03171268105506897,0.5381191968917847,2.0984106063842773,0.15045967925475176,0.8833269861971675,0.1430696692695986,0.13543213787027292,0.3407989788418942,0.1373249836165161,0.6382307826723975,0.8507812480861158,0.3976269570941418,1.000176531855788,0.08446007950420724,True,0.9118879143854349,0.3976269570941418,0.9118879143854349,
241,patient00261/study2,patient00261/study2/view1_frontal.dcm,/home/jovyan/Desktop/MEDAGENT-X/data/raw/chexpert_plus/dicom_train/patient00261/study2/view1_frontal.dcm,True,/home/jovyan/Desktop/MEDAGENT-X/outputs/chexpert_plus/convnext_features/patient00261_study2_view1_frontal.npz,/home/jovyan/Desktop/MEDAGENT-X/outputs/chexpert_plus/raddino_features/patient00261__study2__view1_frontal.npz,ok,,,0.1953904628753662,1.2446220844815803,0.0855357572436332,0.41644722466084155,0.2695970758795738,0.4872168207745795,0.0071946503594517,0.9372260968899974,0.9992012096135332,0.9131800022537119,0.0007994289626367,0.9126866631139429,0.0008864556406379,0.9256423539351345,4.373843193054199,0.15383063872713823,0.4872168207745795,0.9126866631139429,0.0,0.9131800022537119,0.0,pooled_embedding,True,768,10.604364395141602,-0.019528502598404884,0.38215339183807373,-6.398289680480957,1.2565957307815552,0,0,cls_embedding,True,768,11.125941276550293,0.018192945048213005,0.40106040239334106,-1.5089939832687378,1.64076566696167,0,0,1369,768,0.03242209553718567,0.5272788405418396,1.9533112049102783,0.384758875968496,0.4286737465230302,0.3856903093878481,1.1396515330436672,0.947245454251237,1.134271389716063,0.15582823132483054,0.9450017432966932,0.019011819957487852,0.8934092300903598,0.8985444140758482,True,1.2446220844815803,1.1396515330436672,1.2446220844815803,
241,patient00261/study2,patient00261/study2/view2_lateral.dcm,/home/jovyan/Desktop/MEDAGENT-X/data/raw/chexpert_plus/dicom_train/patient00261/study2/view2_lateral.dcm,True,/home/jovyan/Desktop/MEDAGENT-X/outputs/chexpert_plus/convnext_features/patient00261_study2_view2_lateral.npz,/home/jovyan/Desktop/MEDAGENT-X/outputs/chexpert_plus/raddino_features/patient00261__study2__view2_lateral.npz,ok,,,0.3513393998146057,0.9746820902354354,0.1453576683998108,2.401070713699192,0.5135531388223171,2.554843186952225,0.007811686489731,0.6472715899019068,0.9989074658863992,0.40626907525125916,0.0010937290498986,0.40616899636544274,0.0005020606740477,1.6990298035372304,5.040641784667969,2.281001864093171,0.0,0.40616899636544274,0.0,0.40626907525125916,0.0,pooled_embedding,True,768,10.654718399047852,-0.018359823152422905,0.38403040170669556,-6.034278392791748,1.0118858814239502,0,0,cls_embedding,True,768,17.19126319885254,0.020327091217041016,0.6200031638145447,-2.241875648498535,2.111941337585449,0,0,1369,768,0.035394337028265,0.5628207921981812,1.871079921722412,0.4543346922316463,0.21313098739339467,0.4584027291768951,4.459894444522701,0.5362243294242693,4.468191998328495,0.6058403677262659,1.6207074797329444,2.696240519706661,1.7407019548276967,6.902463404070453,True,2.554843186952225,6.902463404070453,6.902463404070453,extreme_outlier
242,patient00261/study3,patient00261/study3/view1_frontal.dcm,/home/jovyan/Desktop/MEDAGENT-X/data/raw/chexpert_plus/dicom_train/patient00261/study3/view1_frontal.dcm,True,/home/jovyan/Desktop/MEDAGENT-X/outputs/chexpert_plus/convnext_features/patient00261_study3_view1_frontal.npz,/home/jovyan/Desktop/MEDAGENT-X/outputs/chexpert_plus/raddino_features/patient00261__study3__view1_frontal.npz,ok,,,0.2121418714523315,1.0062333418783904,0.0743357315659523,0.9439508207023436,0.2246642336249351,1.0475160845334575,0.0095465537160635,0.1679684691742765,0.9986380319681196,0.058690631679685724,0.0013638255186378,0.05869200457962853,0.0010300321904111,0.636772021847403,4.083768844604492,0.7715429523383095,1.0475160845334575,0.0,0.7715429523383095,0.0,0.1679684691742765,pooled_embedding,True,768,10.005419731140137,-0.01943882741034031,0.3605158030986786,-6.127439975738525,1.1079977750778198,0,0,cls_embedding,True,768,12.118985176086426,0.031712960451841354,0.4361548125743866,-1.468473196029663,1.5462932586669922,0,0,1369,768,0.034281495958566666,0.5400252938270569,2.0914149284362793,0.4428230571771978,0.41213470536220403,0.45251595790090593,0.22286672847327613,1.6566117791682275,0.2362506152997024,0.5999468126683937,0.866942147420222,0.3326860851112551,0.9583445252724732,0.30068640042851097,True,1.0475160845334575,0.4428230571771978,1.0475160845334575,
243,patient00261/study1,patient00261/study1/view1_frontal.dcm,/home/jovyan/Desktop/MEDAGENT-X/data/raw/chexpert_plus/dicom_train/patient00261/study1/view1_frontal.dcm,True,/home/jovyan/Desktop/MEDAGENT-X/outputs/chexpert_plus/convnext_features/patient00261_study1_view1_frontal.npz,/home/jovyan/Desktop/MEDAGENT-X/outputs/chexpert_plus/raddino_features/patient00261__study1__view1_frontal.npz,ok,,,0.365620344877243,1.1779137481002384,0.0942830964922905,0.004461302284176952,0.3152625113725662,0.0822176641607848,0.0111129507422447,0.9040418612921671,0.9980541730745928,1.0662507108140225,0.001949620549567,1.066899426533514,0.0013825720626249,0.07252423942531314,4.407680511474609,0.26177593284248074,0.0,0.0,0.0,0.0,0.9040418612921671,pooled_embedding,True,768,11.086416244506836,-0.01653425581753254,0.3997047543525696,-7.07489013671875,1.158004879951477,0,0,cls_embedding,True,768,12.853020668029785,0.021534601226449013,0.4632932245731354,-1.5084954500198364,1.889146089553833,0,0,1369,768,0.03241795301437378,0.5325817465782166,2.045396566390991,1.0508260860992165,0.12356340874067767,1.0656025785549799,0.454799772819739,0.303666630445641,0.45818640854033116,0.34811052099356615,0.8275978915594567,0.4907868337325694,1.0710603744030978,0.7370862543167378,True,1.1779137481002384,1.0508260860992165,1.1779137481002384,
244,patient00261/study4,patient00261/study4/view1_frontal.dcm,/home/jovyan/Desktop/MEDAGENT-X/data/raw/chexpert_plus/dicom_train/patient00261/study4/view1_frontal.dcm,True,/home/jovyan/Desktop/MEDAGENT-X/outputs/chexpert_plus/convnext_features/patient00261_study4_view1_frontal.npz,/home/jovyan/Desktop/MEDAGENT-X/outputs/chexpert_plus/raddino_features/patient00261__study4__view1_frontal.npz,ok,,,0.128250166773796,2.2000934224362996,0.0743629187345504,0.9426703478164407,0.2253968250006437,1.0383808865836046,0.0081764627248048,0.4758577808694928,0.9990875539542587,0.7170454459041453,0.0009132793638855,0.7167395937962089,0.0006951726576598,1.3104961403152953,3.892042875289917,1.3831728660943443,1.0383808865836046,0.7167395937962089,1.3831728660943443,0.7170454459041453,0.0,pooled_embedding,True,768,10.528741836547852,-0.01599172130227089,0.3795865476131439,-6.4498138427734375,1.0671159029006958,0,0,cls_embedding,True,768,11.674276351928711,0.023093948140740395,0.4206256866455078,-1.246821641921997,1.2840254306793213,0,0,1369,768,0.033026743680238724,0.5499373078346252,2.3994028568267822,0.2802686500896558,0.22362453905712426,0.2862547880641234,0.6334249048405076,0.0033476869407191045,0.633620954926976,2.2854161409800993,0.976628962782243,0.10807883071262459,0.9607403703239544,0.278627901125963,True,2.2000934224362996,0.6334249048405076,2.2000934224362996,
244,patient00261/study4,patient00261/study4/view2_lateral.dcm,/home/jovyan/Desktop/MEDAGENT-X/data/raw/chexpert_plus/dicom_train/patient00261/study4/view2_lateral.dcm,True,/home/jovyan/Desktop/MEDAGENT-X/outputs/chexpert_plus/convnext_features/patient00261_study4_view2_lateral.npz,/home/jovyan/Desktop/MEDAGENT-X/outputs/chexpert_plus/raddino_features/patient00261__study4__view2_lateral.npz,ok,,,0.3011800050735473,0.2608653991124847,0.149257406592369,2.5847422497648838,0.4542124550789594,1.8148823978276671,0.005612788721919,1.6805665411951836,0.999397232005942,1.2514540944996284,0.0006031315424479,1.2505326766433205,0.0002246622445495,2.2571444578894946,4.780942916870117,1.4525298700195717,0.0,1.2505326766433205,0.0,1.2514540944996284,0.0,pooled_embedding,True,768,11.28460693359375,-0.02072131074965,0.40667060017585754,-6.785693168640137,1.2588145732879639,0,0,cls_embedding,True,768,15.262187004089355,0.014928337186574936,0.5505244135856628,-1.7613297700881958,1.732399344444275,0,0,1369,768,0.03562760353088379,0.5623348951339722,1.7300522327423096,1.3246728092843558,0.6486666290158541,1.3354485256413362,2.678958331785412,1.5759853292459836,2.6903202300284823,1.3776168638403101,1.4319584669807128,1.9377724901354092,1.4551381858433812,4.273283276132309,True,2.5847422497648838,4.273283276132309,4.273283276132309,moderate_outlier
245,patient00270/study1,patient00270/study1/view1_frontal.dcm,/home/jovyan/Desktop/MEDAGENT-X/data/raw/chexpert_plus/dicom_train/patient00270/study1/view1_frontal.dcm,True,/home/jovyan/Desktop/MEDAGENT-X/outputs/chexpert_plus/convnext_features/patient00270_study1_view1_frontal.npz,/home/jovyan/Desktop/MEDAGENT-X/outputs/chexpert_plus/raddino_features/patient00270__study1__view1_frontal.npz,ok,,,0.2335293591022491,0.7018687109949872,0.0756374448537826,0.8826421719450606,0.2202686294913292,1.102327969031608,0.0069492575712502,1.0525398385491633,0.9992326367688212,0.9674135635131861,0.0007679525297135,0.9668605150830618,0.0006249322272825,1.4518171045056691,4.082729816436768,0.7748575826457604,1.102327969031608,0.9668605150830618,0.7748575826457604,0.9674135635131861,0.0,pooled_embedding,True,768,9.543089866638184,-0.015245375223457813,0.34401893615722656,-5.7118072509765625,1.1373405456542969,0,0,cls_embedding,True,768,11.410303115844727,0.027290651574730873,0.4108284115791321,-1.6988338232040405,1.6680177450180054,0,0,1369,768,0.033349134027957916,0.5084267258644104,1.8424838781356812,1.0816397392715178,0.36127519565593585,1.0915787216633845,0.8771267711609337,0.80490705736821,0.8843206104244977,0.7623327167231037,1.086047899843974,0.5477673057984935,0.912009244368019,0.7272944404110401,True,1.4518171045056691,1.0816397392715178,1.4518171045056691,
246,patient00270/study2,patient00270/study2/view1_frontal.dcm,/home/jovyan/Desktop/MEDAGENT-X/data/raw/chexpert_plus/dicom_train/patient00270/study2/view1_frontal.dcm,True,/home/jovyan/Desktop/MEDAGENT-X/outputs/chexpert_plus/convnext_features/patient00270_study2_view1_frontal.npz,/home/jovyan/Desktop/MEDAGENT-X/outputs/chexpert_plus/raddino_features/patient00270__study2__view1_frontal.npz,ok,,,0.2629865407943725,0.28266453052533647,0.0802657529711723,0.6646561381829776,0.2466422468423843,0.7734567549492402,0.0103724906221032,0.5560885753431136,0.99839500864266,0.47807381440818486,0.0016075714956969,0.4782013724767549,0.0013783043944788,0.06393786012763875,4.2546916007995605,0.22627790032542042,0.7734567549492402,0.0,0.22627790032542042,0.0,0.5560885753431136,pooled_embedding,True,768,10.43039608001709,-0.019634997472167015,0.3758620023727417,-6.675890922546387,1.3311741352081299,0,0,cls_embedding,True,768,11.318656921386719,0.031097525730729103,0.4072412848472595,-1.5148561000823975,1.5535231828689575,0,0,1369,768,0.03309527412056923,0.5146378874778748,1.8285995721817017,0.14438101939827613,0.448314888499789,0.14197174428755002,0.9617351540481875,1.538083500728873,0.9761105652653873,0.8383148240499103,0.8822564799247177,0.2711470527766531,0.8912406300521909,0.9185106729121106,True,0.7734567549492402,0.9617351540481875,0.9617351540481875,
247,patient00270/study3,patient00270/study3/view1_frontal.dcm,/home/jovyan/Desktop/MEDAGENT-X/data/raw/chexpert_plus/dicom_train/patient00270/study3/view1_frontal.dcm,True,/home/jovyan/Desktop/MEDAGENT-X/outputs/chexpert_plus/convnext_features/patient00270_study3_view1_frontal.npz,/home/jovyan/Desktop/MEDAGENT-X/outputs/chexpert_plus/raddino_features/patient00270__study3__view1_frontal.npz,ok,,,0.2496978491544723,0.47177546267903314,0.0823132395744323,0.5682227390865134,0.2974359057843685,0.14007483916635385,0.010958295315504,0.8313669629951511,0.998243976811366,0.7387080970704093,0.001759112230502,0.7390169914083415,0.0013577281373457,0.02253924565647092,4.034402370452881,0.9290282029578988,0.14007483916635385,0.0,0.9290282029578988,0.0,0.8313669629951511,pooled_embedding,True,768,10.282350540161133,-0.014548194594681263,0.37074705958366394,-6.6734843254089355,1.0266419649124146,0,0,cls_embedding,True,768,10.923583984375,0.025262216106057167,0.39336052536964417,-1.676140308380127,1.7577650547027588,0,0,1369,768,0.03114158660173416,0.5222645401954651,2.120060682296753,0.060178469034349966,0.48985813330824135,0.056173120848113274,1.326469145685946,0.4142450492307656,1.3313013295856788,0.7567112020082837,0.837856614588129,0.4495632356431417,0.8524419064769497,1.2757297745376814,True,0.9290282029578988,1.326469145685946,1.326469145685946,
248,patient00272/study1,patient00272/study1/view1_frontal.dcm,/home/jovyan/Desktop/MEDAGENT-X/data/raw/chexpert_plus/dicom_train/patient00272/study1/view1_frontal.dcm,True,/home/jovyan/Desktop/MEDAGENT-X/outputs/chexpert_plus/convnext_features/patient00272_study1_view1_frontal.npz,/home/jovyan/Desktop/MEDAGENT-X/outputs/chexpert_plus/raddino_features/patient00272__study1__view1_frontal.npz,ok,,,0.4115073382854461,1.830930036859648,0.137771800160408,2.0437882493066133,0.4354230910539627,1.5805845813209367,0.0121662970632314,1.399025053040062,0.9968831867486372,3.0870113574800326,0.0031265581492334,3.092517877543675,0.0072858240257523,11.949633403003162,5.038822650909424,2.2751985990069272,0.0,0.0,0.0,0.0,1.399025053040062,pooled_embedding,True,768,10.40658950805664,-0.025130055844783783,0.37467363476753235,-6.630419731140137,1.0149216651916504,0,0,cls_embedding,True,768,15.590069770812988,0.021402517333626747,0.5621509552001953,-1.4640824794769287,1.7974493503570557,0,0,1369,768,0.03245373070240021,0.5263987183570862,1.7674864530563354,0.1114866803570447,1.4617835922443112,0.09593624622321023,2.9816619064744456,0.3291050333968062,2.9878284614135935,1.1727574380236094,1.065219616171083,0.46407104139754524,1.3278335535692627,3.10119197561453,True,11.949633403003162,3.10119197561453,11.949633403003162,extreme_outlier
249,patient00277/study1,patient00277/study1/view1_frontal.dcm,/home/jovyan/Desktop/MEDAGENT-X/data/raw/chexpert_plus/dicom_train/patient00277/study1/view1_frontal.dcm,True,/home/jovyan/Desktop/MEDAGENT-X/outputs/chexpert_plus/convnext_features/patient00277_study1_view1_frontal.npz,/home/jovyan/Desktop/MEDAGENT-X/outputs/chexpert_plus/raddino_features/patient00277__study1__view1_frontal.npz,ok,,,0.1927903890609741,1.2816236491225823,0.0655606463551521,1.3572435342621016,0.1965812072157859,1.3977031243827562,0.0099927140399813,0.3776258788638438,0.998422024167166,0.43145336499666564,0.0015804697759449,0.43155680644426647,0.0010507640211507,0.5950603994411322,3.862865924835205,1.4762510012790435,1.3977031243827562,0.0,1.4762510012790435,0.0,0.3776258788638438,pooled_embedding,True,768,10.349152565002441,-0.017071837559342384,0.3730524778366089,-7.0283589363098145,1.1679154634475708,0,0,cls_embedding,True,768,13.11197566986084,0.03200608491897583,0.4720538854598999,-1.7037785053253174,1.9727367162704468,0,0,1369,768,0.03361453860998154,0.5202798247337341,1.9591234922409058,0.032124129484303196,0.024415732031048916,0.03313516814908129,0.6938687715388339,1.713065432603822,0.682360441765158,0.12402038718528292,0.6262367327533224,1.2999354439685027,1.0397106732748118,0.4484501590709978,True,1.4762510012790435,1.2999354439685027,1.4762510012790435,
250,patient00277/study13,patient00277/study13/view1_frontal.dcm,/home/jovyan/Desktop/MEDAGENT-X/data/raw/chexpert_plus/dicom_train/patient00277/study13/view1_frontal.dcm,True,/home/jovyan/Desktop/MEDAGENT-X/outputs/chexpert_plus/convnext_features/patient00277_study13_view1_frontal.npz,/home/jovyan/Desktop/MEDAGENT-X/outputs/chexpert_plus/raddino_features/patient00277__study13__view1_frontal.npz,ok,,,0.3368962109088897,0.7691415455943985,0.0934593752026557,0.04325727962592473,0.2923076897859573,0.204022177107338,0.0111008388921618,0.8983503217741954,0.9978219798804846,1.4669444325742387,0.0021827742457389,1.4681784994604765,0.0012156127831796,0.2633912187374424,4.499610900878906,0.5550454171169531,0.204022177107338,0.0,0.0,0.0,0.8983503217741954,pooled_embedding,True,768,10.143786430358887,-0.016615005210042,0.3656550645828247,-6.5887370109558105,1.089870810508728,0,0,cls_embedding,True,768,12.140473365783691,0.029527822509407997,0.4370853006839752,-2.1121695041656494,1.7416703701019287,0,0,1369,768,0.0339483916759491,0.5334786772727966,2.004852056503296,0.25163714751833516,0.10867057656212714,0.25342902464184447,0.20302868727350504,1.2357700073535696,0.21244062252742618,0.12622998105079244,0.7777463874510417,0.6911098528622451,0.9341255962576878,0.5236696139926786,True,1.4681784994604765,0.6911098528622451,1.4681784994604765,
251,patient00277/study12,patient00277/study12/view1_frontal.dcm,/home/jovyan/Desktop/MEDAGENT-X/data/raw/chexpert_plus/dicom_train/patient00277/study12/view1_frontal.dcm,True,/home/jovyan/Desktop/MEDAGENT-X/outputs/chexpert_plus/convnext_features/patient00277_study12_view1_frontal.npz,/home/jovyan/Desktop/MEDAGENT-X/outputs/chexpert_plus/raddino_features/patient00277__study12__view1_frontal.npz,ok,,,0.2541925311088562,0.4078117921265631,0.0750116854906082,0.9121144538692824,0.2222222238779068,1.0779672243834122,0.0085587799549102,0.2962011959008208,0.9988154307622504,0.24744488331278247,0.0011859741061925,0.24740672375527423,0.0010317087743257,0.6333988014089087,4.146648406982422,0.5709492536770262,1.0779672243834122,0.24740672375527423,0.5709492536770262,0.24744488331278247,0.0,pooled_embedding,True,768,9.018964767456055,-0.01625686325132847,0.32503756880760193,-3.734489917755127,1.4533636569976807,0,0,cls_embedding,True,768,11.037361145019531,0.017722250893712044,0.39788195490837097,-1.5661426782608032,1.5335670709609985,0,0,1369,768,0.030220286920666695,0.5401022434234619,1.9997382164001465,1.8058409699719618,0.17472368137766003,1.8268871363758759,1.221429306022468,1.0378977458600667,1.215603768780698,0.09824440158736537,1.5191502651517672,2.288143548448624,0.8863146294767718,0.9638642654535203,True,1.0779672243834122,2.288143548448624,2.288143548448624,
252,patient00277/study4,patient00277/study4/view1_frontal.dcm,/home/jovyan/Desktop/MEDAGENT-X/data/raw/chexpert_plus/dicom_train/patient00277/study4/view1_frontal.dcm,True,/home/jovyan/Desktop/MEDAGENT-X/outputs/chexpert_plus/convnext_features/patient00277_study4_view1_frontal.npz,/home/jovyan/Desktop/MEDAGENT-X/outputs/chexpert_plus/raddino_features/patient00277__study4__view1_frontal.npz,ok,,,0.2961921393871307,0.18988324714626076,0.0771604925394058,0.8109090211264921,0.227350428700447,1.014020025802237,0.0095595214515924,0.17406220206530248,0.9985152078554986,0.2706471061019024,0.0014870000304654,0.27068673048767783,0.0010974003804321,0.501229891504693,4.169625282287598,0.4976501366532403,1.014020025802237,0.0,0.4976501366532403,0.0,0.17406220206530248,pooled_embedding,True,768,9.910533905029297,-0.015068396925926208,0.35729795694351196,-6.463822841644287,0.8711056709289551,0,0,cls_embedding,True,768,12.303775787353516,0.02082117088139057,0.44348573684692383,-2.786461353302002,1.3000056743621826,0,0,1369,768,0.033282313495874405,0.5344532132148743,1.8689496517181396,0.5739299859480715,0.3939157890086967,0.5771702734495193,0.052266793751278684,0.44106815766748325,0.04866170132595429,0.6174983076071797,0.7441134528403309,0.8262602585301708,0.9807577163593784,0.09432858123118802,True,1.014020025802237,0.8262602585301708,1.014020025802237,
253,patient00277/study8,patient00277/study8/view1_frontal.dcm,/home/jovyan/Desktop/MEDAGENT-X/data/raw/chexpert_plus/dicom_train/patient00277/study8/view1_frontal.dcm,True,/home/jovyan/Desktop/MEDAGENT-X/outputs/chexpert_plus/convnext_features/patient00277_study8_view1_frontal.npz,/home/jovyan/Desktop/MEDAGENT-X/outputs/chexpert_plus/raddino_features/patient00277__study8__view1_frontal.npz,ok,,,0.26875039935112,0.2006392496319374,0.0800129324197769,0.6765635885632061,0.2329670339822769,0.9439826178323767,0.0115419700741767,1.105644462459777,0.9977740543720814,1.54964905448648,0.0022309115156531,1.5510271926682544,0.0013424797639334,0.008139877768398059,4.0872344970703125,0.760487085851594,0.9439826178323767,0.0,0.760487085851594,0.0,1.105644462459777,pooled_embedding,True,768,10.40124797821045,-0.015930529683828354,0.3749845027923584,-6.870454788208008,0.8332568407058716,0,0,cls_embedding,True,768,11.195514678955078,0.02653161622583866,0.40311112999916077,-1.4599405527114868,1.5568864345550537,0,0,1369,768,0.031873997300863266,0.5244990587234497,2.0467822551727295,0.10410610939322075,0.2349102772636601,0.10797878616826674,1.075420900181653,0.6587223360768686,1.08179591048177,0.35569372710300895,0.7924047079468812,0.6322069356962754,0.8518500143206547,1.2811793142350614,True,1.5510271926682544,1.2811793142350614,1.5510271926682544,
254,patient00277/study5,patient00277/study5/view1_frontal.dcm,/home/jovyan/Desktop/MEDAGENT-X/data/raw/chexpert_plus/dicom_train/patient00277/study5/view1_frontal.dcm,True,/home/jovyan/Desktop/MEDAGENT-X/outputs/chexpert_plus/convnext_features/patient00277_study5_view1_frontal.npz,/home/jovyan/Desktop/MEDAGENT-X/outputs/chexpert_plus/raddino_features/patient00277__study5__view1_frontal.npz,ok,,,0.3168300688266754,0.48358093987591394,0.0915321484208107,0.1340266302566663,0.2617826610803604,0.5846602639000529,0.0098745431751012,0.3220956219060288,0.9983853785317752,0.49469241077224485,0.0016172326868399,0.4948291758909236,0.0012021106667316,0.2905569423070794,4.326896190643311,0.004063806730776169,0.5846602639000529,0.0,0.0,0.0,0.3220956219060288,pooled_embedding,True,768,9.761136054992676,-0.014076906256377697,0.3519432544708252,-6.771694660186768,0.959036111831665,0,0,cls_embedding,True,768,12.200911521911621,0.02542758919298649,0.43952757120132446,-1.575041651725769,1.5595201253890991,0,0,1369,768,0.031178338453173637,0.5275769233703613,1.8603565692901611,0.7803580067189769,0.5767791355837774,0.7846030528654989,0.1472317751931618,0.44609471032643694,0.14994606427698537,0.6645241015845604,0.6296389129199941,1.2862641412706222,0.9832443533434263,0.07143416235197099,True,0.5846602639000529,1.2862641412706222,1.2862641412706222,
255,patient00277/study10,patient00277/study10/view1_frontal.dcm,/home/jovyan/Desktop/MEDAGENT-X/data/raw/chexpert_plus/dicom_train/patient00277/study10/view1_frontal.dcm,True,/home/jovyan/Desktop/MEDAGENT-X/outputs/chexpert_plus/convnext_features/patient00277_study10_view1_frontal.npz,/home/jovyan/Desktop/MEDAGENT-X/outputs/chexpert_plus/raddino_features/patient00277__study10__view1_frontal.npz,ok,,,0.3797072470188141,1.37838398755945,0.084827110171318,0.4498233873347788,0.2488400489091873,0.7460508127001646,0.0095157520845532,0.15349432180959127,0.9983570069371236,0.5436530183253634,0.0016456969315186,0.543818773327173,0.0011841254938301,0.326742397918866,4.301905155181885,0.07566073407395454,0.7460508127001646,0.0,0.07566073407395454,0.0,0.15349432180959127,pooled_embedding,True,768,9.621611595153809,-0.011025787331163883,0.3470149040222168,-6.0701141357421875,0.9350766539573669,0,0,cls_embedding,True,768,11.534073829650879,0.02206294983625412,0.4156148433685303,-1.793122410774231,1.9415314197540283,0,0,1369,768,0.03217857703566551,0.5301491618156433,1.8487437963485718,0.973143633062375,1.1395053765853447,0.9755196232455301,0.762860816029126,0.20191050751704293,0.761841983200611,0.7280752047462404,1.057253476835449,0.4320599494342736,0.8900379439019139,0.9295837811628577,True,1.37838398755945,0.973143633062375,1.37838398755945,
256,patient00277/study9,patient00277/study9/view1_frontal.dcm,/home/jovyan/Desktop/MEDAGENT-X/data/raw/chexpert_plus/dicom_train/patient00277/study9/view1_frontal.dcm,True,/home/jovyan/Desktop/MEDAGENT-X/outputs/chexpert_plus/convnext_features/patient00277_study9_view1_frontal.npz,/home/jovyan/Desktop/MEDAGENT-X/outputs/chexpert_plus/raddino_features/patient00277__study9__view1_frontal.npz,ok,,,0.3351519703865051,0.7443193162864365,0.0786251798272132,0.7419245532663555,0.2358974367380142,0.907441361500276,0.0092866132035851,0.04581853427858465,0.9985789438017582,0.1606585527563596,0.001423078472726,0.1606718182179526,0.0008780727210652,0.9425084561270024,4.236225605010986,0.2851867453398049,0.907441361500276,0.0,0.2851867453398049,0.0,0.04581853427858465,pooled_embedding,True,768,9.754728317260742,-0.014394651167094707,0.35169896483421326,-6.032793045043945,1.0434482097625732,0,0,cls_embedding,True,768,12.16440200805664,0.030957477167248726,0.43785202503204346,-2.348254680633545,1.7424300909042358,0,0,1369,768,0.03266846016049385,0.5301645398139954,2.0018410682678223,0.7892117928832214,0.5181765692506306,0.7940664504237032,0.180937603848001,1.5111111597838678,0.1928211335756502,0.10975229523590035,0.9983300955095078,0.195282547114146,0.941491826435721,0.4558488744402213,True,0.9425084561270024,0.7892117928832214,0.9425084561270024,
257,patient00277/study2,patient00277/study2/view1_frontal.dcm,/home/jovyan/Desktop/MEDAGENT-X/data/raw/chexpert_plus/dicom_train/patient00277/study2/view1_frontal.dcm,True,/home/jovyan/Desktop/MEDAGENT-X/outputs/chexpert_plus/convnext_features/patient00277_study2_view1_frontal.npz,/home/jovyan/Desktop/MEDAGENT-X/outputs/chexpert_plus/raddino_features/patient00277__study2__view1_frontal.npz,ok,,,0.2374100536108017,0.6466426755203898,0.0828829482197761,0.5413903578256688,0.2566544637084007,0.6486073695746909,0.0084497993811964,0.3474127975750385,0.9988671339466888,0.33666860702715384,0.0011341508943587,0.33659926387881856,0.0009457457445251,0.8063530129775311,4.202265739440918,0.3935229802486375,0.6486073695746909,0.33659926387881856,0.3935229802486375,0.33666860702715384,0.0,pooled_embedding,True,768,10.204405784606934,-0.014596526511013508,0.3679303824901581,-5.969732761383057,1.2338078022003174,0,0,cls_embedding,True,768,12.519323348999023,0.027309561148285866,0.45092594623565674,-1.5700639486312866,1.9922866821289062,0,0,1369,768,0.029796794056892395,0.5300196409225464,2.18496036529541,0.16787735234881085,0.480944145271495,0.165286775846405,0.14672816434786315,0.8085489045416112,0.1417236780726845,1.1118758530484263,1.43334461542636,1.9433425816814953,0.9910162777720319,0.0001217963615773916,True,0.8063530129775311,1.9433425816814953,1.9433425816814953,
258,patient00277/study3,patient00277/study3/view1_frontal.dcm,/home/jovyan/Desktop/MEDAGENT-X/data/raw/chexpert_plus/dicom_train/patient00277/study3/view1_frontal.dcm,True,/home/jovyan/Desktop/MEDAGENT-X/outputs/chexpert_plus/convnext_features/patient00277_study3_view1_frontal.npz,/home/jovyan/Desktop/MEDAGENT-X/outputs/chexpert_plus/raddino_features/patient00277__study3__view1_frontal.npz,ok,,,0.211649015545845,1.0132471580176152,0.0780518278479576,0.7689285298248691,0.2866910975426435,0.2740594224907559,0.0092703662812709,0.03818386246843425,0.998611770149037,0.1040104183720605,0.001390159712173,0.10401558701296541,0.0011819382142141,0.3311431178835169,3.9713120460510254,1.130294258937169,0.2740594224907559,0.0,1.130294258937169,0.0,0.03818386246843425,pooled_embedding,True,768,10.05374813079834,-0.02178073674440384,0.36212897300720215,-6.618903636932373,1.100770115852356,0,0,cls_embedding,True,768,11.76359748840332,0.027405723929405212,0.42359668016433716,-1.3296949863433838,1.5102299451828003,0,0,1369,768,0.03191176429390907,0.5293664336204529,1.967018723487854,0.3760460862500879,0.8440594741522972,0.3900242845535793,0.5509630311155582,0.82706916104488,0.5575970557703488,0.08081359600940584,0.7081253955701903,0.9708744765743827,0.9206043759048628,0.648159229687143,True,1.130294258937169,0.9708744765743827,1.130294258937169,
259,patient00277/study11,patient00277/study11/view1_frontal.dcm,/home/jovyan/Desktop/MEDAGENT-X/data/raw/chexpert_plus/dicom_train/patient00277/study11/view1_frontal.dcm,True,/home/jovyan/Desktop/MEDAGENT-X/outputs/chexpert_plus/convnext_features/patient00277_study11_view1_frontal.npz,/home/jovyan/Desktop/MEDAGENT-X/outputs/chexpert_plus/raddino_features/patient00277__study11__view1_frontal.npz,ok,,,0.2766675055027008,0.08797117328123533,0.0772970169782638,0.8044789347572565,0.2395604401826858,0.8617647910851505,0.009103056974709,0.040437283228035976,0.9985580539859468,0.19670792137157703,0.001444028224796,0.1967282789420459,0.0011764563076383,0.34217249681431533,4.223905563354492,0.32448922503398075,0.8617647910851505,0.0,0.32448922503398075,0.0,0.0,pooled_embedding,True,768,9.624391555786133,-0.010808003135025501,0.34712210297584534,-5.717629909515381,1.109875202178955,0,0,cls_embedding,True,768,11.353378295898438,0.022641748189926147,0.40905362367630005,-1.428017020225525,1.4926952123641968,0,0,1369,768,0.03210994601249695,0.5326445698738098,1.6591533422470093,0.9693024682061802,1.1796719138611447,0.9713669038339331,0.9296801476572206,0.09043812861015751,0.9297351479164776,1.7656122828998702,1.1184365660857847,0.6779177500665875,0.9104265505000454,0.7418662724087972,True,0.8617647910851505,0.9693024682061802,0.9693024682061802,
260,patient00277/study6,patient00277/study6/view1_frontal.dcm,/home/jovyan/Desktop/MEDAGENT-X/data/raw/chexpert_plus/dicom_train/patient00277/study6/view1_frontal.dcm,True,/home/jovyan/Desktop/MEDAGENT-X/outputs/chexpert_plus/convnext_features/patient00277_study6_view1_frontal.npz,/home/jovyan/Desktop/MEDAGENT-X/outputs/chexpert_plus/raddino_features/patient00277__study6__view1_frontal.npz,ok,,,0.321983128786087,0.5569139660891348,0.0889528393745422,0.2555080300645586,0.2500610500574112,0.7308252892284556,0.0106199951842427,0.6723946711627821,0.9982082873116686,0.8002971480176638,0.0017949286848306,0.8006604215768902,0.0013289213773594,0.03541881460308351,4.292922496795654,0.10431654211973711,0.7308252892284556,0.0,0.10431654211973711,0.0,0.6723946711627821,pooled_embedding,True,768,9.827310562133789,-0.01737745851278305,0.35418644547462463,-6.431370258331299,1.0171037912368774,0,0,cls_embedding,True,768,11.102611541748047,0.022145196795463562,0.40001848340034485,-1.8374794721603394,1.5555833578109741,0,0,1369,768,0.03386245667934418,0.535130500793457,1.8217976093292236,0.6889224704560275,0.031950779572207974,0.6977053499487643,1.1611897010655914,0.18607033771910111,1.160932755333626,0.8755386848034113,0.841277554723947,0.4358165479849597,0.9105349659100492,0.740868093814369,True,0.8006604215768902,1.1611897010655914,1.1611897010655914,
261,patient00277/study7,patient00277/study7/view1_frontal.dcm,/home/jovyan/Desktop/MEDAGENT-X/data/raw/chexpert_plus/dicom_train/patient00277/study7/view1_frontal.dcm,True,/home/jovyan/Desktop/MEDAGENT-X/outputs/chexpert_plus/convnext_features/patient00277_study7_view1_frontal.npz,/home/jovyan/Desktop/MEDAGENT-X/outputs/chexpert_plus/raddino_features/patient00277__study7__view1_frontal.npz,ok,,,0.3773761093616485,1.3452096444960961,0.097347117960453,0.13984929032678184,0.3062271326780319,0.03045083790370641,0.0103378789499402,0.5398240328867202,0.9980518590439906,1.0702440127615578,0.0019519436173141,1.0708976409612003,0.0010304894405696,0.6358520526369594,4.501271724700928,0.5603436536295054,0.03045083790370641,0.0,0.0,0.0,0.5398240328867202,pooled_embedding,True,768,9.707315444946289,-0.01581917703151703,0.3499252200126648,-6.538106441497803,0.9053292870521545,0,0,cls_embedding,True,768,12.971077919006348,0.024589991196990013,0.46740707755088806,-1.7753502130508423,1.6782054901123047,0,0,1369,768,0.03140340372920036,0.5271072387695312,1.8234468698501587,0.8547237489691831,0.2554473526765155,0.8627785441740558,0.563791020654022,0.28477939111550166,0.5634546098823164,0.8665130777383614,0.8610670172268206,0.35629467705188284,1.0195023509686147,0.2623925243248313,True,1.3452096444960961,0.8547237489691831,1.3452096444960961,
262,patient00278/study1,patient00278/study1/view1_frontal.dcm,/home/jovyan/Desktop/MEDAGENT-X/data/raw/chexpert_plus/dicom_train/patient00278/study1/view1_frontal.dcm,True,/home/jovyan/Desktop/MEDAGENT-X/outputs/chexpert_plus/convnext_features/patient00278_study1_view1_frontal.npz,/home/jovyan/Desktop/MEDAGENT-X/outputs/chexpert_plus/raddino_features/patient00278__study1__view1_frontal.npz,ok,,,0.3759316802024841,1.3246540208032873,0.1066419929265976,0.5776232839318257,0.362637385725975,0.6729683464892312,0.0099793635308742,0.37135227494305445,0.9984416675700424,0.3975549200537944,0.0015607646200805,0.39764241088899355,0.0016194276447349,0.5490682904491665,4.589520454406738,0.841868181224846,0.0,0.0,0.0,0.0,0.37135227494305445,pooled_embedding,True,768,10.634623527526855,-0.019399000331759453,0.3832533061504364,-6.938210487365723,1.1004104614257812,0,0,cls_embedding,True,768,11.68055248260498,0.015779027715325356,0.42119014263153076,-2.4239487648010254,1.4595707654953003,0,0,1369,768,0.03128667175769806,0.5392333269119263,1.8945139646530151,0.42656893419223646,0.40478928790414515,0.42829926555237696,0.627630738803951,1.4121484828697766,0.619177252950584,0.4775971576619032,0.7212354180674369,0.9181932318561699,0.9186291248936579,0.666345327751407,True,1.3246540208032873,0.9181932318561699,1.3246540208032873,
263,patient00278/study2,patient00278/study2/view1_frontal.dcm,/home/jovyan/Desktop/MEDAGENT-X/data/raw/chexpert_plus/dicom_train/patient00278/study2/view1_frontal.dcm,True,/home/jovyan/Desktop/MEDAGENT-X/outputs/chexpert_plus/convnext_features/patient00278_study2_view1_frontal.npz,/home/jovyan/Desktop/MEDAGENT-X/outputs/chexpert_plus/raddino_features/patient00278__study2__view1_frontal.npz,ok,,,0.2575358748435974,0.36023277777960366,0.0756659358739852,0.8813002896990485,0.2253968268632888,1.0383808633569709,0.0088616097345948,0.15389695282511234,0.9988022152866494,0.22463905507236895,0.0011992211220785,0.22460738434500108,0.001096181046676,0.5036831427327437,4.127872467041016,0.630846859453156,1.0383808633569709,0.22460738434500108,0.630846859453156,0.22463905507236895,0.0,pooled_embedding,True,768,10.258387565612793,-0.010989237576723099,0.3700045049190521,-6.144603252410889,1.088446021080017,0,0,cls_embedding,True,768,11.411141395568848,0.01722674071788788,0.4114035964012146,-2.272597312927246,1.9657204151153564,0,0,1369,768,0.030595967546105385,0.5351017713546753,2.1077935695648193,0.09328891477761089,1.1462463481535217,0.08493852447873622,0.8763528656836305,1.133329423785999,0.8696023713461257,0.6895792128921361,0.9362951630166741,0.05399829587595262,0.889553987649631,0.9340395570682513,True,1.0383808633569709,0.9340395570682513,1.0383808633569709,
264,patient00283/study4,patient00283/study4/view1_frontal.dcm,/home/jovyan/Desktop/MEDAGENT-X/data/raw/chexpert_plus/dicom_train/patient00283/study4/view1_frontal.dcm,True,/home/jovyan/Desktop/MEDAGENT-X/outputs/chexpert_plus/convnext_features/patient00283_study4_view1_frontal.npz,/home/jovyan/Desktop/MEDAGENT-X/outputs/chexpert_plus/raddino_features/patient00283__study4__view1_frontal.npz,ok,,,0.2358331829309463,0.6690830701231144,0.0983476638793945,0.18697342963103875,0.3499389570206404,0.5146226933437514,0.010738824494183,0.7282343413031329,0.9983089594800132,0.6265680860327838,0.0016939049819484,0.6267892863480078,0.0024193105886943,2.158401095965533,4.400384426116943,0.2385005045109955,0.0,0.0,0.0,0.0,0.7282343413031329,pooled_embedding,True,768,10.666203498840332,-0.01591712050139904,0.3845541775226593,-6.9280219078063965,1.0903691053390503,0,0,cls_embedding,True,768,14.660726547241211,0.0224913340061903,0.528545081615448,-1.7270429134368896,1.9600098133087158,0,0,1369,768,0.03274642303586006,0.5496018528938293,2.0988211631774902,0.4702040398690917,0.2373833695974252,0.4786929831826825,2.123685994232242,0.11940681308549933,2.127897422087774,0.64047756190854,0.8399533099285248,0.4411378862320231,1.1902957755384065,1.834884298959107,True,2.158401095965533,2.123685994232242,2.158401095965533,
265,patient00283/study1,patient00283/study1/view1_frontal.dcm,/home/jovyan/Desktop/MEDAGENT-X/data/raw/chexpert_plus/dicom_train/patient00283/study1/view1_frontal.dcm,True,/home/jovyan/Desktop/MEDAGENT-X/outputs/chexpert_plus/convnext_features/patient00283_study1_view1_frontal.npz,/home/jovyan/Desktop/MEDAGENT-X/outputs/chexpert_plus/raddino_features/patient00283__study1__view1_frontal.npz,ok,,,0.5404461622238159,3.665854184890341,0.2205887585878372,5.94433675168596,0.7835080437362194,5.921101070532742,0.0062064519152045,1.4015953269031516,0.9992358067287151,0.9728839349967291,0.0007647777092643,0.9723246746802798,0.0031856618543627,3.700269492714026,5.499125480651856,3.743622417978957,0.0,0.9723246746802798,0.0,0.9728839349967291,0.0,pooled_embedding,True,768,9.716111183166504,-0.016134819015860558,0.350228488445282,-5.0778937339782715,1.3873957395553589,0,0,cls_embedding,True,768,12.812275886535645,0.028352754190564156,0.4614529609680176,-1.8528385162353516,1.850351333618164,0,0,1369,768,0.03359026834368706,0.5448980331420898,2.0845329761505127,0.8425703824276105,0.19723263482855014,0.8510304005175612,0.4171839166055094,1.009460343463508,0.41109643212321234,0.5622852083413005,1.250489949304764,1.2085603632801103,1.0169467115224091,0.2388628011038588,True,5.94433675168596,1.2085603632801103,5.94433675168596,moderate_outlier
265,patient00283/study1,patient00283/study1/view2_frontal.dcm,/home/jovyan/Desktop/MEDAGENT-X/data/raw/chexpert_plus/dicom_train/patient00283/study1/view2_frontal.dcm,True,/home/jovyan/Desktop/MEDAGENT-X/outputs/chexpert_plus/convnext_features/patient00283_study1_view2_frontal.npz,/home/jovyan/Desktop/MEDAGENT-X/outputs/chexpert_plus/raddino_features/patient00283__study1__view2_frontal.npz,ok,,,0.5655982494354248,4.0237927078911015,0.2276116162538528,6.275102303473334,0.819316491484642,6.367621831362603,0.0066650910302996,1.1860739465868015,0.9991216518592,0.7758878959923606,0.0008791203144937,0.7755304767934129,0.0033408220748183,4.012445711467133,5.569522857666016,3.9681988892089715,0.0,0.7755304767934129,0.0,0.7758878959923606,0.0,pooled_embedding,True,768,9.739518165588379,-0.012475050054490566,0.3512231111526489,-5.474262237548828,1.2089474201202393,0,0,cls_embedding,True,768,12.949782371520996,0.026447804644703865,0.46653592586517334,-1.513121485710144,1.571925163269043,0,0,1369,768,0.03331275284290314,0.5416150689125061,2.022291660308838,0.8102281696555885,0.8722138732021495,0.8125002760686766,0.5441308280394787,0.6425808314064231,0.5411629598046018,0.22166851809267318,1.1537483142891514,0.819814291351713,1.0161571852796325,0.23159364817392963,True,6.367621831362603,0.819814291351713,6.367621831362603,extreme_outlier
266,patient00283/study3,patient00283/study3/view1_frontal.dcm,/home/jovyan/Desktop/MEDAGENT-X/data/raw/chexpert_plus/dicom_train/patient00283/study3/view1_frontal.dcm,True,/home/jovyan/Desktop/MEDAGENT-X/outputs/chexpert_plus/convnext_features/patient00283_study3_view1_frontal.npz,/home/jovyan/Desktop/MEDAGENT-X/outputs/chexpert_plus/raddino_features/patient00283__study3__view1_frontal.npz,ok,,,0.532526433467865,3.5531487863434035,0.2551071345806122,7.570097976679132,0.8807388544082642,7.133540544659294,0.0070080105215311,1.0249309484099702,0.9989891419384131,0.5472167089053894,0.0010118809295818,0.5470371806610279,0.005039049163537,7.429211359154549,5.457119941711426,3.6096194748656156,0.0,0.5470371806610279,0.0,0.5472167089053894,0.0,pooled_embedding,True,768,9.89551067352295,-0.019842738285660744,0.35652172565460205,-4.319940090179443,1.4762550592422485,0,0,cls_embedding,True,768,13.082793235778809,0.027964292094111443,0.47125566005706787,-1.6736046075820923,2.01440167427063,0,0,1369,768,0.034397274255752563,0.5554624795913696,2.0590641498565674,0.5946880888570376,0.48662909713776975,0.6072402567118088,0.6669273521924378,0.9346453517966915,0.6619348813778463,0.42290661070965646,1.5523378826909546,2.4215044943633686,1.0639427437986266,0.6715543662560095,True,7.570097976679132,2.4215044943633686,7.570097976679132,extreme_outlier
267,patient00283/study2,patient00283/study2/view1_frontal.dcm,/home/jovyan/Desktop/MEDAGENT-X/data/raw/chexpert_plus/dicom_train/patient00283/study2/view1_frontal.dcm,True,/home/jovyan/Desktop/MEDAGENT-X/outputs/chexpert_plus/convnext_features/patient00283_study2_view1_frontal.npz,/home/jovyan/Desktop/MEDAGENT-X/outputs/chexpert_plus/raddino_features/patient00283__study2__view1_frontal.npz,ok,,,0.5140296816825867,3.289922122145196,0.2353121936321258,6.637787387912886,0.8306701183319092,6.509198202771872,0.0059791058301925,1.50842865279849,0.9992588465129671,1.0126434849522947,0.0007417032029479,1.0120380339575248,0.0079133236599522,13.212137816172243,5.403847217559815,3.4396727963072324,0.0,1.0120380339575248,0.0,1.0126434849522947,0.0,pooled_embedding,True,768,10.041729927062988,-0.018958693370223045,0.3618534207344055,-5.433663845062256,1.3016002178192139,0,0,cls_embedding,True,768,13.477041244506836,0.02267959900200367,0.485781729221344,-1.3992712497711182,1.4444842338562012,0,0,1369,768,0.03467458859086037,0.5525853037834167,1.8926351070404053,0.3926520414877435,0.32358226601303974,0.40069874762825985,1.0308997644924631,0.08314833581950674,1.0336382897791734,0.48787923882939527,1.1801869814583221,0.9260552909728038,1.1159120585338502,1.150034847342241,True,13.212137816172243,1.150034847342241,13.212137816172243,extreme_outlier
268,patient00284/study1,patient00284/study1/view1_frontal.dcm,/home/jovyan/Desktop/MEDAGENT-X/data/raw/chexpert_plus/dicom_train/patient00284/study1/view1_frontal.dcm,True,/home/jovyan/Desktop/MEDAGENT-X/outputs/chexpert_plus/convnext_features/patient00284_study1_view1_frontal.npz,/home/jovyan/Desktop/MEDAGENT-X/outputs/chexpert_plus/raddino_features/patient00284__study1__view1_frontal.npz,ok,,,0.2683272361755371,0.2066612708177792,0.0681582912802696,1.23489854339578,0.1799419224262237,1.6051900882438843,0.0053563672117888,1.8010628442516823,0.9994825429454416,1.398674421030943,0.0005177249549888,1.397525311974202,0.0007496741904216,1.2008412148204197,3.872580528259277,1.4452601966651408,1.6051900882438843,1.397525311974202,1.4452601966651408,1.398674421030943,0.0,pooled_embedding,True,768,11.651592254638672,-0.02127073146402836,0.4199022054672241,-7.487771034240723,1.3717124462127686,0,0,cls_embedding,True,768,13.285404205322266,0.02502778172492981,0.47874197363853455,-1.975224256515503,1.6185128688812256,0,0,1369,768,0.03248336911201477,0.5609021782875061,2.2699058055877686,1.8317487374634351,0.7499977999432091,1.8480201719136249,0.8539791614865515,0.3690946821019779,0.8535000077119379,1.5767412617055216,1.1305924186132006,0.7267647632498067,1.1032764517877494,1.0336990590892354,True,1.8010628442516823,1.8317487374634351,1.8317487374634351,
268,patient00284/study1,patient00284/study1/view2_lateral.dcm,/home/jovyan/Desktop/MEDAGENT-X/data/raw/chexpert_plus/dicom_train/patient00284/study1/view2_lateral.dcm,True,/home/jovyan/Desktop/MEDAGENT-X/outputs/chexpert_plus/convnext_features/patient00284_study1_view2_lateral.npz,/home/jovyan/Desktop/MEDAGENT-X/outputs/chexpert_plus/raddino_features/patient00284__study1__view2_lateral.npz,ok,,,0.2447406202554702,0.542321623534683,0.1003883183002471,0.2830850436805365,0.3488372042775154,0.5008841622417375,0.0031078816391527,2.857659846745568,0.9998388342680762,2.0135231750853793,0.0001611917105037,2.0111519975624956,0.0007278574962889,1.2447355394098094,3.916858673095703,1.304007355412603,0.0,2.0111519975624956,1.304007355412603,2.0135231750853793,0.0,pooled_embedding,True,768,9.788511276245117,-0.015038001351058483,0.3528922200202942,-3.2575302124023438,1.3472015857696533,0,0,cls_embedding,True,768,12.847452163696289,0.004401506390422583,0.4635716378688812,-1.277786135673523,1.5428931713104248,0,0,1369,768,0.03633100911974907,0.584918737411499,1.9619766473770142,0.7425327452448534,0.3995217283403464,0.7478416151384844,0.44965889218040545,3.6033768443612697,0.46531064633671204,0.10840644576895433,2.0693101954509987,4.498903288055166,1.2205692653478695,2.113611737294429,True,2.857659846745568,4.498903288055166,4.498903288055166,moderate_outlier
269,patient00285/study1,patient00285/study1/view1_frontal.dcm,/home/jovyan/Desktop/MEDAGENT-X/data/raw/chexpert_plus/dicom_train/patient00285/study1/view1_frontal.dcm,True,/home/jovyan/Desktop/MEDAGENT-X/outputs/chexpert_plus/convnext_features/patient00285_study1_view1_frontal.npz,/home/jovyan/Desktop/MEDAGENT-X/outputs/chexpert_plus/raddino_features/patient00285__study1__view1_frontal.npz,ok,,,0.2503547072410583,0.46242773692746286,0.0980251133441925,0.17178180667224244,0.331868140026927,0.2892849459624638,0.012719752267003,1.6591019316451252,0.9973810049978316,2.2279308499914108,0.0026258721482008,2.2307909668377897,0.001904375187951,1.122371462634619,4.279921054840088,0.14579277431934998,0.0,0.0,0.14579277431934998,0.0,1.6591019316451252,pooled_embedding,True,768,10.469500541687012,-0.02305597998201847,0.37708139419555664,-6.870870590209961,1.2822374105453491,0,0,cls_embedding,True,768,13.183795928955078,0.018051711842417717,0.47538667917251587,-1.8645395040512085,1.5162211656570435,0,0,1369,768,0.032357025891542435,0.5391421318054199,1.9289132356643677,0.19841296580081808,1.0792560859707834,0.189209071906372,0.7601737176028123,0.9744459487425663,0.7676423420829994,0.28934654501969514,0.8258370334574742,0.4978626565699501,1.062040330468518,0.6540388833204939,True,2.2307909668377897,0.7601737176028123,2.2307909668377897,
270,patient00285/study2,patient00285/study2/view1_frontal.dcm,/home/jovyan/Desktop/MEDAGENT-X/data/raw/chexpert_plus/dicom_train/patient00285/study2/view1_frontal.dcm,True,/home/jovyan/Desktop/MEDAGENT-X/outputs/chexpert_plus/convnext_features/patient00285_study2_view1_frontal.npz,/home/jovyan/Desktop/MEDAGENT-X/outputs/chexpert_plus/raddino_features/patient00285__study2__view1_frontal.npz,ok,,,0.263851910829544,0.27034947811507604,0.0912801548838615,0.14589512955705755,0.3189255259931087,0.1278943739357172,0.0103211691603064,0.5319718527997132,0.9984377028747656,0.40439675929110325,0.0015647417167201,0.4044873620035707,0.0012402148466078,0.2138928414343674,4.221103668212891,0.3334276223201586,0.0,0.0,0.3334276223201586,0.0,0.5319718527997132,pooled_embedding,True,768,11.136000633239746,-0.023752717301249504,0.4011331796646118,-7.147282600402832,1.086269736289978,0,0,cls_embedding,True,768,13.932096481323242,0.015240414999425411,0.5025001764297485,-1.7935352325439453,1.67680025100708,0,0,1369,768,0.03160485252737999,0.5348494052886963,1.7953062057495117,1.1193384992615265,1.20775726282639,1.1209375358521285,1.451009818588095,1.5158813984351978,1.4614418297639906,1.0205133545278633,0.8327843194471207,0.46994571947660424,1.1472348755952735,1.438423421501518,True,0.5319718527997132,1.451009818588095,1.451009818588095,
271,patient00285/study3,patient00285/study3/view1_frontal.dcm,/home/jovyan/Desktop/MEDAGENT-X/data/raw/chexpert_plus/dicom_train/patient00285/study3/view1_frontal.dcm,True,/home/jovyan/Desktop/MEDAGENT-X/outputs/chexpert_plus/convnext_features/patient00285_study3_view1_frontal.npz,/home/jovyan/Desktop/MEDAGENT-X/outputs/chexpert_plus/raddino_features/patient00285__study3__view1_frontal.npz,ok,,,0.2504302263259887,0.4613530273222144,0.1034541949629783,0.42748301303816566,0.3899877946823835,1.0140198632157935,0.0090034874156117,0.08722650836791646,0.9987829628793148,0.191415347644739,0.0012185201048851,0.19139205018467045,0.0013356277130176,0.02192593284950873,4.530959606170654,0.6550517229006819,0.0,0.19139205018467045,0.0,0.191415347644739,0.0,pooled_embedding,True,768,11.188973426818848,-0.022536104544997215,0.4031178653240204,-6.95696496963501,1.2370258569717407,0,0,cls_embedding,True,768,12.803201675415039,0.020194463431835175,0.4615541696548462,-1.8570224046707153,1.5867469310760498,0,0,1369,768,0.03232141584157944,0.5389149785041809,2.0239601135253906,1.1925327850598777,0.9833740316704853,1.1978211469767608,0.4088065438904454,0.5617674821168286,0.413686232118557,0.23079915752038835,0.8904460884562015,0.23823797338460181,1.0141666093218185,0.2132664536210255,True,1.0140198632157935,1.1925327850598777,1.1925327850598777,
272,patient00285/study4,patient00285/study4/view1_frontal.dcm,/home/jovyan/Desktop/MEDAGENT-X/data/raw/chexpert_plus/dicom_train/patient00285/study4/view1_frontal.dcm,True,/home/jovyan/Desktop/MEDAGENT-X/outputs/chexpert_plus/convnext_features/patient00285_study4_view1_frontal.npz,/home/jovyan/Desktop/MEDAGENT-X/outputs/chexpert_plus/raddino_features/patient00285__study4__view1_frontal.npz,ok,,,0.3099410533905029,0.385543588565565,0.1064561009407043,0.5688680637335884,0.3098901063203811,0.015225360885266171,0.0103336786851286,0.5378502656259354,0.9983881457379794,0.4899170677347823,0.0016144565306603,0.4900511543697507,0.0014426242501097,0.19334686240052393,4.617644309997559,0.9315868115752152,0.0,0.0,0.0,0.0,0.5378502656259354,pooled_embedding,True,768,11.299601554870605,-0.023430218920111656,0.4070654809474945,-7.757212162017822,1.0432546138763428,0,0,cls_embedding,True,768,14.074177742004395,0.019145404919981956,0.5074971318244934,-1.4828399419784546,1.7331687211990356,0,0,1369,768,0.03310511261224747,0.5382204651832581,1.812822937965393,1.345391380479536,1.148278000891664,1.3507455876940635,1.5821801937019553,0.7638085680786231,1.5893074850111737,0.9246527309105517,0.7251927058244594,0.9022912877678301,1.1457944533288653,1.4251614814026394,True,0.9315868115752152,1.5821801937019553,1.5821801937019553,
273,patient00286/study5,patient00286/study5/view1_frontal.dcm,/home/jovyan/Desktop/MEDAGENT-X/data/raw/chexpert_plus/dicom_train/patient00286/study5/view1_frontal.dcm,True,/home/jovyan/Desktop/MEDAGENT-X/outputs/chexpert_plus/convnext_features/patient00286_study5_view1_frontal.npz,/home/jovyan/Desktop/MEDAGENT-X/outputs/chexpert_plus/raddino_features/patient00286__study5__view1_frontal.npz,ok,,,0.1551080644130706,1.8178795675371933,0.0908063724637031,0.16820953646710948,0.2832722952589392,0.31669087659822276,0.0094143161550164,0.10582806128379604,0.9986767701762794,0.008159548238350458,0.001324983080849,0.008159422963776461,0.0012200958396332,0.25437148669509174,4.268763542175293,0.18138664057177944,0.31669087659822276,0.008159422963776461,0.18138664057177944,0.008159548238350458,0.10582806128379604,pooled_embedding,True,768,11.013815879821777,-0.02403222769498825,0.39669957756996155,-7.16392183303833,1.323849081993103,0,0,cls_embedding,True,768,12.173216819763184,0.02513810247182846,0.43854326009750366,-1.5854392051696777,1.656325101852417,0,0,1369,768,0.03392239660024643,0.5447842478752136,2.0345065593719482,0.9505117269199581,1.2593081322106277,0.9491867411051031,0.17279971041601608,0.3903416604694137,0.1751333181775279,0.28851476699237755,0.8200528618679697,0.5211057409401576,0.9773579313439088,0.1256303364704018,True,1.8178795675371933,0.9505117269199581,1.8178795675371933,
274,patient00286/study7,patient00286/study7/view1_frontal.dcm,/home/jovyan/Desktop/MEDAGENT-X/data/raw/chexpert_plus/dicom_train/patient00286/study7/view1_frontal.dcm,True,/home/jovyan/Desktop/MEDAGENT-X/outputs/chexpert_plus/convnext_features/patient00286_study7_view1_frontal.npz,/home/jovyan/Desktop/MEDAGENT-X/outputs/chexpert_plus/raddino_features/patient00286__study7__view1_frontal.npz,ok,,,0.2773492038249969,0.07826994695509024,0.0847784429788589,0.45211553556463274,0.2456654459238052,0.785637173726607,0.0089364517480134,0.11872757126399797,0.9988310560909716,0.27440937356428285,0.0011703119380399,0.27436276356717487,0.001110660635029,0.47455078440102477,4.271850109100342,0.17154010455519855,0.785637173726607,0.27436276356717487,0.17154010455519855,0.27440937356428285,0.0,pooled_embedding,True,768,10.449540138244629,-0.021466629579663277,0.3764537274837494,-7.0733561515808105,1.1306912899017334,0,0,cls_embedding,True,768,12.524593353271484,0.025690535083413124,0.4512115716934204,-1.7571170330047607,1.6320536136627197,0,0,1369,768,0.031669776886701584,0.5384740233421326,1.9696087837219238,0.17083300681620187,0.7861278272979452,0.16489424746165576,0.15159346772394763,0.49673618804262154,0.14903246580984084,0.0666394460489909,0.7565858228973287,0.7761413529884903,0.9855481115031549,0.050223505290407686,True,0.785637173726607,0.7761413529884903,0.785637173726607,
275,patient00286/study4,patient00286/study4/view1_frontal.dcm,/home/jovyan/Desktop/MEDAGENT-X/data/raw/chexpert_plus/dicom_train/patient00286/study4/view1_frontal.dcm,True,/home/jovyan/Desktop/MEDAGENT-X/outputs/chexpert_plus/convnext_features/patient00286_study4_view1_frontal.npz,/home/jovyan/Desktop/MEDAGENT-X/outputs/chexpert_plus/raddino_features/patient00286__study4__view1_frontal.npz,ok,,,0.2175153493881225,0.9297635547178846,0.0869760289788246,0.3486126909325481,0.3267399352043867,0.22533774738128762,0.009636309929192,0.21014625625947064,0.9985745777595162,0.16819299286781494,0.0014274569693952,0.16820761590453528,0.0011489172316246,0.39758002712503254,4.229097843170166,0.30792520051914235,0.0,0.0,0.30792520051914235,0.0,0.21014625625947064,pooled_embedding,True,768,10.697561264038086,-0.022531980648636818,0.3853568434715271,-5.754662036895752,1.3980284929275513,0,0,cls_embedding,True,768,12.2694091796875,0.018547024577856064,0.442345529794693,-1.455353021621704,1.7365795373916626,0,0,1369,768,0.031266942620277405,0.5494313836097717,2.245073080062866,0.5135321159022099,0.982613450141529,0.5097870037310678,0.08399427700509332,0.879052296407688,0.07783813183887836,1.4408437366650673,1.3960637086837697,1.793533184189175,0.9603894996141396,0.28185836100188477,True,0.9297635547178846,1.793533184189175,1.793533184189175,
276,patient00286/study6,patient00286/study6/view1_frontal.dcm,/home/jovyan/Desktop/MEDAGENT-X/data/raw/chexpert_plus/dicom_train/patient00286/study6/view1_frontal.dcm,True,/home/jovyan/Desktop/MEDAGENT-X/outputs/chexpert_plus/convnext_features/patient00286_study6_view1_frontal.npz,/home/jovyan/Desktop/MEDAGENT-X/outputs/chexpert_plus/raddino_features/patient00286__study6__view1_frontal.npz,ok,,,0.2413015365600586,0.5912631101021862,0.100533440709114,0.28992008091585747,0.316483523696661,0.09744332699230064,0.0097104720771312,0.24499615886266987,0.9986081580655418,0.11024375860650715,0.0013937818584963,0.11024963580774848,0.0012664305223625,0.16114794003419425,4.351441383361816,0.08236605320899062,0.0,0.0,0.0,0.0,0.24499615886266987,pooled_embedding,True,768,10.60559368133545,-0.021753361448645592,0.3820776343345642,-6.3293986320495605,1.178753137588501,0,0,cls_embedding,True,768,11.649639129638672,0.025986550375819206,0.41956615447998047,-2.243945360183716,1.4815226793289185,0,0,1369,768,0.03317511826753616,0.5572137832641602,2.318288564682007,0.386457421937496,0.8390105731897544,0.382755582464223,0.6561701541017755,0.5537465935283654,0.6607330189536227,1.8415167576107938,1.1661854164854593,0.8697914767094596,0.9249293000576745,0.6083397362063828,True,0.5912631101021862,0.8697914767094596,0.8697914767094596,
277,patient00286/study1,patient00286/study1/view1_frontal.dcm,/home/jovyan/Desktop/MEDAGENT-X/data/raw/chexpert_plus/dicom_train/patient00286/study1/view1_frontal.dcm,True,/home/jovyan/Desktop/MEDAGENT-X/outputs/chexpert_plus/convnext_features/patient00286_study1_view1_frontal.npz,/home/jovyan/Desktop/MEDAGENT-X/outputs/chexpert_plus/raddino_features/patient00286__study1__view1_frontal.npz,ok,,,0.2651333510875702,0.2521133440951565,0.0894591957330703,0.2316594418836996,0.3267399296164512,0.2253376777013833,0.0098853018134832,0.3271512670049695,0.9983247210758248,0.5993684408799707,0.0016780901933088,0.599570572563794,0.0011073451283079,0.48122145262000743,4.249579429626465,0.24258636821260776,0.0,0.0,0.24258636821260776,0.0,0.3271512670049695,pooled_embedding,True,768,11.035494804382324,-0.015378419309854507,0.39791205525398254,-7.092309951782227,1.0038334131240845,0,0,cls_embedding,True,768,11.068016052246094,0.027028359472751617,0.39846697449684143,-1.5190192461013794,1.2974988222122192,0,0,1369,768,0.03169887885451317,0.526411771774292,2.0408713817596436,0.9804662241793128,0.3367375094953569,0.9961562258260962,1.1931284895691818,0.7543914945808929,1.2006338706921775,0.32334636890182084,0.7964458514046499,0.6159680263057822,0.8851412904038606,0.9746671757274804,True,0.599570572563794,1.1931284895691818,1.1931284895691818,
278,patient00286/study2,patient00286/study2/view1_frontal.dcm,/home/jovyan/Desktop/MEDAGENT-X/data/raw/chexpert_plus/dicom_train/patient00286/study2/view1_frontal.dcm,True,/home/jovyan/Desktop/MEDAGENT-X/outputs/chexpert_plus/convnext_features/patient00286_study2_view1_frontal.npz,/home/jovyan/Desktop/MEDAGENT-X/outputs/chexpert_plus/raddino_features/patient00286__study2__view1_frontal.npz,ok,,,0.2917935848236084,0.12728756232059932,0.0921103805303573,0.10679280723603406,0.3509157560765743,0.5268030888944838,0.0097286626696586,0.2535441903786137,0.9984940206782482,0.307209628697234,0.0015082507161423,0.30726112577927805,0.0012085121689508,0.27767737336046683,4.176249980926514,0.47651651624873576,0.0,0.0,0.47651651624873576,0.0,0.2535441903786137,pooled_embedding,True,768,10.103885650634766,-0.011325891129672527,0.36441659927368164,-6.419169902801514,0.9845705628395081,0,0,cls_embedding,True,768,13.424821853637695,0.018656039610505104,0.4840671420097351,-1.8281651735305786,1.637429118156433,0,0,1369,768,0.03175145760178566,0.5394721031188965,1.8844013214111328,0.3067693932879174,1.0841564090149551,0.3014052292201944,0.9826904717561474,0.8580567891659964,0.9897642104705258,0.5329387747876896,0.8070119420125645,0.5735093039697015,1.0770696041381977,0.7924131168943488,True,0.5268030888944838,0.9826904717561474,0.9826904717561474,
279,patient00286/study3,patient00286/study3/view1_frontal.dcm,/home/jovyan/Desktop/MEDAGENT-X/data/raw/chexpert_plus/dicom_train/patient00286/study3/view1_frontal.dcm,True,/home/jovyan/Desktop/MEDAGENT-X/outputs/chexpert_plus/convnext_features/patient00286_study3_view1_frontal.npz,/home/jovyan/Desktop/MEDAGENT-X/outputs/chexpert_plus/raddino_features/patient00286__study3__view1_frontal.npz,ok,,,0.2872236371040344,0.06225278714774533,0.1021981462836265,0.36832509552717263,0.3081807121634483,0.006090279068587752,0.0106523167341947,0.6875830509375307,0.9982929973222698,0.6541138391203133,0.0017099215183407,0.6543552266720444,0.0012162854216456,0.26203789678232264,4.489914417266846,0.5241124169783509,0.006090279068587752,0.0,0.0,0.0,0.6875830509375307,pooled_embedding,True,768,9.55748176574707,-0.007181903347373009,0.344801127910614,-6.020720481872559,1.0162206888198853,0,0,cls_embedding,True,768,11.905810356140137,0.01843010075390339,0.42921844124794006,-1.6595114469528198,1.800494909286499,0,0,1369,768,0.03174440935254097,0.5460845232009888,2.051548719406128,1.0617539695134268,1.8484434540787311,1.0612778393512428,0.41967115548307704,0.9015709796834875,0.41374342734813613,0.3817782860396882,1.139078805595194,0.7608664155898955,0.9368769425587415,0.49833802152373335,True,0.6875830509375307,1.0617539695134268,1.0617539695134268,
280,patient00286/study8,patient00286/study8/view1_frontal.dcm,/home/jovyan/Desktop/MEDAGENT-X/data/raw/chexpert_plus/dicom_train/patient00286/study8/view1_frontal.dcm,True,/home/jovyan/Desktop/MEDAGENT-X/outputs/chexpert_plus/convnext_features/patient00286_study8_view1_frontal.npz,/home/jovyan/Desktop/MEDAGENT-X/outputs/chexpert_plus/raddino_features/patient00286__study8__view1_frontal.npz,ok,,,0.309214174747467,0.3751994025860818,0.1189153939485549,1.155681170677894,0.3731379732489586,0.8039075696263116,0.0101957004517316,0.47301222993164704,0.9984378014028004,0.4042267303413499,0.0015646428801119,0.4043172550605501,0.0011217870555528,0.4521648669462943,4.572635650634766,0.7880035372657653,0.0,0.0,0.0,0.0,0.47301222993164704,pooled_embedding,True,768,9.382810592651367,-0.013946096412837505,0.3382856547832489,-5.670511722564697,1.0006425380706787,0,0,cls_embedding,True,768,11.52839183807373,0.023281998932361603,0.4153429865837097,-1.6770246028900146,1.6606066226959229,0,0,1369,768,0.03224747255444527,0.5492250919342041,2.0515389442443848,1.3031029885189864,0.6009047541996485,1.313677054230745,0.7681064688548066,0.03286953614629976,0.7687984483235597,0.38172479129597053,0.9072849383994178,0.170572828277631,0.8892621009123326,0.9367269526438287,True,1.155681170677894,1.3031029885189864,1.3031029885189864,
281,patient00286/study9,patient00286/study9/view1_frontal.dcm,/home/jovyan/Desktop/MEDAGENT-X/data/raw/chexpert_plus/dicom_train/patient00286/study9/view1_frontal.dcm,True,/home/jovyan/Desktop/MEDAGENT-X/outputs/chexpert_plus/convnext_features/patient00286_study9_view1_frontal.npz,/home/jovyan/Desktop/MEDAGENT-X/outputs/chexpert_plus/raddino_features/patient00286__study9__view1_frontal.npz,ok,,,0.2161199301481247,0.9496217198685337,0.0990538746118545,0.2202348445292309,0.3235653331503272,0.18575139796816245,0.0099164796993136,0.3418022219025259,0.9986226849203336,0.08517489500637172,0.0013792146928608,0.08517819659248838,0.0011998244159391,0.2951567883592974,4.246535778045654,0.25229599889294696,0.0,0.0,0.25229599889294696,0.0,0.3418022219025259,pooled_embedding,True,768,10.376015663146973,-0.020399155095219612,0.3738560974597931,-6.355356693267822,1.2445785999298096,0,0,cls_embedding,True,768,12.948469161987305,0.028387537226080894,0.4663744568824768,-1.5015876293182373,1.7929983139038086,0,0,1369,768,0.03310510143637657,0.5416474938392639,2.0818519592285156,0.06924177328165958,0.5892505771088282,0.06426613254544297,0.5429184641688909,1.0161593046648572,0.5370311764198028,0.5476132963143417,0.9100045220505592,0.1596444677894993,0.9972930646277998,0.05791205220245234,True,0.9496217198685337,0.5429184641688909,0.9496217198685337,
282,patient00287/study5,patient00287/study5/view1_frontal.dcm,/home/jovyan/Desktop/MEDAGENT-X/data/raw/chexpert_plus/dicom_train/patient00287/study5/view1_frontal.dcm,True,/home/jovyan/Desktop/MEDAGENT-X/outputs/chexpert_plus/convnext_features/patient00287_study5_view1_frontal.npz,/home/jovyan/Desktop/MEDAGENT-X/outputs/chexpert_plus/raddino_features/patient00287__study5__view1_frontal.npz,ok,,,0.2663575410842895,0.23469193665443444,0.0977768823504448,0.160090517239593,0.3301587328314781,0.26796914342216815,0.0104878200218081,0.6102835853136482,0.9983310870925906,0.5883826625911284,0.0016717028338462,0.5885773362321953,0.001162939569819,0.36936763800395866,4.427579402923584,0.3252558949169341,0.0,0.0,0.0,0.0,0.6102835853136482,pooled_embedding,True,768,10.350940704345703,-0.01954045332968235,0.37299591302871704,-7.048229694366455,1.0405244827270508,0,0,cls_embedding,True,768,12.703310012817383,0.027530377730727196,0.45756372809410095,-1.6065768003463745,1.4430317878723145,0,0,1369,768,0.03163248300552368,0.5366052389144897,2.1353094577789307,0.03459486159592075,0.4308778527063108,0.030943936165981175,0.31658588938002363,0.851076582083644,0.31157597005240273,0.8401603927081703,0.7149661654954513,0.9433855630679904,1.033494770660354,0.3912204632686947,True,0.6102835853136482,0.9433855630679904,0.9433855630679904,
283,patient00287/study2,patient00287/study2/view1_frontal.dcm,/home/jovyan/Desktop/MEDAGENT-X/data/raw/chexpert_plus/dicom_train/patient00287/study2/view1_frontal.dcm,True,/home/jovyan/Desktop/MEDAGENT-X/outputs/chexpert_plus/convnext_features/patient00287_study2_view1_frontal.npz,/home/jovyan/Desktop/MEDAGENT-X/outputs/chexpert_plus/raddino_features/patient00287__study2__view1_frontal.npz,ok,,,0.2911171019077301,0.117660556271059,0.1078513786196708,0.634583448172213,0.3897435925900936,1.010974735294818,0.010889203287661,0.7988995856619041,0.998171820794075,0.8632270918100898,0.0018315275665372,0.8636504816210596,0.0010358240257523,0.6251190785147152,4.523798942565918,0.6322083069635592,0.0,0.0,0.0,0.0,0.7988995856619041,pooled_embedding,True,768,10.712904930114746,-0.024802930653095245,0.385772168636322,-6.859347343444824,1.2994822263717651,0,0,cls_embedding,True,768,13.054738998413086,0.03459986299276352,0.4697999358177185,-1.4338542222976685,2.0469706058502197,0,0,1369,768,0.032225120812654495,0.5395002365112305,1.893823266029358,0.5347329740055778,1.4014509949356344,0.5258760495247892,0.6410274916397276,2.2126083397446203,0.6246847722575272,0.48137701796800364,0.8693714801791811,0.32292406726547546,1.0395180527540115,0.4466767056412352,True,1.010974735294818,0.6410274916397276,1.010974735294818,
284,patient00287/study3,patient00287/study3/view1_frontal.dcm,/home/jovyan/Desktop/MEDAGENT-X/data/raw/chexpert_plus/dicom_train/patient00287/study3/view1_frontal.dcm,True,/home/jovyan/Desktop/MEDAGENT-X/outputs/chexpert_plus/convnext_features/patient00287_study3_view1_frontal.npz,/home/jovyan/Desktop/MEDAGENT-X/outputs/chexpert_plus/raddino_features/patient00287__study3__view1_frontal.npz,ok,,,0.2507856488227844,0.4562950215005114,0.0940126404166221,0.017199358123696187,0.3023199066519737,0.07917279173278845,0.0101141110062599,0.4346721291234984,0.9984179186304544,0.43853825304048266,0.0015845883172005,0.43864519682363295,0.0010047310149734,0.6876769848266892,4.442219257354736,0.3719588686201731,0.07917279173278845,0.0,0.0,0.0,0.4346721291234984,pooled_embedding,True,768,11.15766716003418,-0.01986917294561863,0.40212708711624146,-7.534698963165283,1.2543240785598755,0,0,cls_embedding,True,768,11.855560302734375,0.036569032818078995,0.4262348413467407,-1.7398021221160889,1.6495320796966553,0,0,1369,768,0.03408341854810715,0.5389237403869629,2.2313647270202637,1.149275866111574,0.49150451405689666,1.159439952415031,0.4660623426327814,2.591856213390016,0.49008990759958987,1.3658245347251787,0.6701581387985283,1.1234418993753148,0.9346501290397439,0.518840250758193,True,0.6876769848266892,1.149275866111574,1.149275866111574,
285,patient00287/study4,patient00287/study4/view1_frontal.dcm,/home/jovyan/Desktop/MEDAGENT-X/data/raw/chexpert_plus/dicom_train/patient00287/study4/view1_frontal.dcm,True,/home/jovyan/Desktop/MEDAGENT-X/outputs/chexpert_plus/convnext_features/patient00287_study4_view1_frontal.npz,/home/jovyan/Desktop/MEDAGENT-X/outputs/chexpert_plus/raddino_features/patient00287__study4__view1_frontal.npz,ok,,,0.2972946465015411,0.20557298950480937,0.0848474875092506,0.4488636467639495,0.2769230827689171,0.3958636799443278,0.0088872257620096,0.14185959838901174,0.9987187395536852,0.08058572807217629,0.001282904180698,0.08058110153725376,0.0011220918889918,0.4515515541393317,4.125569343566895,0.6381941124981224,0.3958636799443278,0.08058110153725376,0.6381941124981224,0.08058572807217629,0.0,pooled_embedding,True,768,10.054089546203613,-0.01750306971371174,0.3623732626438141,-6.782884120941162,0.9915874004364014,0,0,cls_embedding,True,768,12.022051811218262,0.03324880078434944,0.4325323700904846,-1.2645480632781982,1.5464328527450562,0,0,1369,768,0.03138037770986557,0.5396824479103088,2.2592475414276123,0.37557434113224303,0.05511759825704171,0.3805608869953751,0.3123562626303476,1.9524035249457732,0.32894425476794276,1.5184137245553961,0.8603062892006653,0.35935158250862814,0.9802752607922469,0.09877054035725906,True,0.6381941124981224,0.37557434113224303,0.6381941124981224,
286,patient00287/study1,patient00287/study1/view1_frontal.dcm,/home/jovyan/Desktop/MEDAGENT-X/data/raw/chexpert_plus/dicom_train/patient00287/study1/view1_frontal.dcm,True,/home/jovyan/Desktop/MEDAGENT-X/outputs/chexpert_plus/convnext_features/patient00287_study1_view1_frontal.npz,/home/jovyan/Desktop/MEDAGENT-X/outputs/chexpert_plus/raddino_features/patient00287__study1__view1_frontal.npz,ok,,,0.189986303448677,1.3215284989264606,0.088167555630207,0.29249365947032263,0.2859584968537092,0.28319473657378036,0.0088701471686363,0.1498850848696233,0.9988074607402276,0.23369108747440212,0.0011939631076529,0.23365691342724967,0.0008756340535531,0.9474149585829026,4.166209220886231,0.5085478014180738,0.28319473657378036,0.23365691342724967,0.5085478014180738,0.23369108747440212,0.0,pooled_embedding,True,768,10.371084213256836,-0.02312758006155491,0.3735189139842987,-6.365436553955078,1.4333735704421997,0,0,cls_embedding,True,768,12.180341720581055,0.03120269440114498,0.43841123580932617,-1.6141501665115356,1.7519265413284302,0,0,1369,768,0.032332971692085266,0.5357226729393005,2.254786252975464,0.06242782354876658,1.0924614852359495,0.05120417329528773,0.16622195407820808,1.558338226408993,0.17851164973800396,1.4939992454225859,0.9816129839407006,0.12810659484381526,0.9818090633433362,0.08464884977358351,True,1.3215284989264606,0.16622195407820808,1.3215284989264606,
287,patient00287/study6,patient00287/study6/view1_frontal.dcm,/home/jovyan/Desktop/MEDAGENT-X/data/raw/chexpert_plus/dicom_train/patient00287/study6/view1_frontal.dcm,True,/home/jovyan/Desktop/MEDAGENT-X/outputs/chexpert_plus/convnext_features/patient00287_study6_view1_frontal.npz,/home/jovyan/Desktop/MEDAGENT-X/outputs/chexpert_plus/raddino_features/patient00287__study6__view1_frontal.npz,ok,,,0.2852733731269836,0.03449864485592908,0.1237862110137939,1.3850889945094114,0.4200244229286909,1.3885677406198262,0.0095180720090866,0.15458448904830244,0.9985200007517856,0.26237604777648055,0.0014821928925812,0.2624132016297795,0.0014426242501097,0.19334686240052393,4.674635887145996,1.1133970981041423,0.0,0.0,0.0,0.0,0.15458448904830244,pooled_embedding,True,768,10.342666625976562,-0.0243662279099226,0.3724125623703003,-6.738870143890381,1.1137782335281372,0,0,cls_embedding,True,768,12.4695405960083,0.0313107930123806,0.44886505603790283,-1.5835546255111694,1.7409237623214722,0,0,1369,768,0.030959300696849823,0.5407242178916931,2.232750415802002,0.02316228996904401,1.3209087089336573,0.008345846156918177,0.10076839208311741,1.5791572375110756,0.08898815119457149,1.3734077408346215,0.7329880200630354,0.8709666384665765,0.967948412993266,0.21226359092341432,True,1.3885677406198262,0.8709666384665765,1.3885677406198262,
288,patient00290/study2,patient00290/study2/view1_frontal.dcm,/home/jovyan/Desktop/MEDAGENT-X/data/raw/chexpert_plus/dicom_train/patient00290/study2/view1_frontal.dcm,True,/home/jovyan/Desktop/MEDAGENT-X/outputs/chexpert_plus/convnext_features/patient00290_study2_view1_frontal.npz,/home/jovyan/Desktop/MEDAGENT-X/outputs/chexpert_plus/raddino_features/patient00290__study2__view1_frontal.npz,ok,,,0.2388491928577423,0.6261623323938521,0.0928164944052696,0.07353595417601874,0.3262515347450971,0.21924753799260346,0.0130425412207841,1.8107852891698057,0.997458834319508,2.093621484532245,0.0025476396549493,2.0961456110910754,0.0019016342346631,1.1168567731692198,4.17688512802124,0.47449031727235913,0.0,0.0,0.47449031727235913,0.0,1.8107852891698057,pooled_embedding,True,768,10.7476806640625,-0.020034098997712135,0.38730570673942566,-7.058653354644775,1.0871001482009888,0,0,cls_embedding,True,768,11.789498329162598,0.018549181520938873,0.4250122904777527,-1.9643219709396362,1.667270541191101,0,0,1369,768,0.032346922904253006,0.5348732471466064,2.128183126449585,0.582783772112316,0.5219222786909984,0.5852829115660865,0.5270512007878206,0.8786368847620223,0.5213734103702103,0.801161419788135,0.6386027646060226,1.2502438473017436,0.8973457373035891,0.8623010678862402,True,2.0961456110910754,1.2502438473017436,2.0961456110910754,
289,patient00290/study1,patient00290/study1/view1_frontal.dcm,/home/jovyan/Desktop/MEDAGENT-X/data/raw/chexpert_plus/dicom_train/patient00290/study1/view1_frontal.dcm,True,/home/jovyan/Desktop/MEDAGENT-X/outputs/chexpert_plus/convnext_features/patient00290_study1_view1_frontal.npz,/home/jovyan/Desktop/MEDAGENT-X/outputs/chexpert_plus/raddino_features/patient00290__study1__view1_frontal.npz,ok,,,0.3511410355567932,0.9718591750292263,0.0834454298019409,0.5148983598751349,0.2268620282411575,1.0201102351909197,0.0100952461361885,0.42580724450406543,0.998337018199694,0.5781474040230695,0.001665751915425,0.5783352552944669,0.0014296688289518,0.16728106810381788,4.1410088539123535,0.5889401360295833,1.0201102351909197,0.0,0.5889401360295833,0.0,0.42580724450406543,pooled_embedding,True,768,10.166779518127441,-0.015291385352611542,0.3665432333946228,-6.59623384475708,1.1358067989349365,0,0,cls_embedding,True,768,11.813538551330566,0.019150510430336,0.42585399746894836,-1.281261920928955,1.5116095542907715,0,0,1369,768,0.03240890055894852,0.5351725816726685,1.9483280181884766,0.2198668268724156,0.3527894212035815,0.21902275722332526,0.504857106053051,0.7628252836910844,0.49983521211681864,0.18309880787222618,0.7121811636825071,0.9545767995497888,0.971660907074837,0.17808272932787117,True,1.0201102351909197,0.9545767995497888,1.0201102351909197,
290,patient00291/study2,patient00291/study2/view1_frontal.dcm,/home/jovyan/Desktop/MEDAGENT-X/data/raw/chexpert_plus/dicom_train/patient00291/study2/view1_frontal.dcm,True,/home/jovyan/Desktop/MEDAGENT-X/outputs/chexpert_plus/convnext_features/patient00291_study2_view1_frontal.npz,/home/jovyan/Desktop/MEDAGENT-X/outputs/chexpert_plus/raddino_features/patient00291__study2__view1_frontal.npz,ok,,,0.3770957589149475,1.3412199865416485,0.1162502169609069,1.030155525868615,0.3379731625318527,0.3654127723607178,0.0093405432999134,0.0711610932072074,0.998552805928124,0.20576444789506698,0.0014492914779111,0.20578682429339262,0.0012691740233136,0.15562812477133167,4.709639072418213,1.22506165385405,0.0,0.0,0.0,0.0,0.0711610932072074,pooled_embedding,True,768,9.59418773651123,-0.014861139468848705,0.34588131308555603,-5.979912281036377,1.1636857986450195,0,0,cls_embedding,True,768,15.797492980957031,0.023879053071141243,0.5695425868034363,-2.192448139190674,1.8413677215576172,0,0,1369,768,0.031304001808166504,0.5378500819206238,1.7080777883529663,1.0110360984499345,0.4321408508956548,1.0194331590417256,3.1731564086450925,0.1478578472977188,3.1769707978227117,1.4978723953427306,0.7990814690062313,0.6053770745448905,1.3090779342989902,2.928509349775947,True,1.3412199865416485,3.1731564086450925,3.1731564086450925,
290,patient00291/study2,patient00291/study2/view2_lateral.dcm,/home/jovyan/Desktop/MEDAGENT-X/data/raw/chexpert_plus/dicom_train/patient00291/study2/view2_lateral.dcm,True,/home/jovyan/Desktop/MEDAGENT-X/outputs/chexpert_plus/convnext_features/patient00291_study2_view2_lateral.npz,/home/jovyan/Desktop/MEDAGENT-X/outputs/chexpert_plus/raddino_features/patient00291__study2__view2_lateral.npz,ok,,,0.2516924440860748,0.4433904480360704,0.1051392778754234,0.5068477682203107,0.349206356331706,0.5054873792607255,0.0046201683580875,2.147013697362235,0.9996369232280644,1.6650870962522353,0.0003632086445577,1.663462171736322,0.0001536360532604,2.400046341915955,4.233268737792969,0.29461952300685545,0.0,1.663462171736322,0.29461952300685545,1.6650870962522353,0.0,pooled_embedding,True,768,10.238664627075195,-0.019820986315608025,0.36892393231391907,-5.18058443069458,1.2349878549575806,0,0,cls_embedding,True,768,15.333444595336914,0.0222585778683424,0.5528501272201538,-1.7609519958496094,1.9033982753753662,0,0,1369,768,0.03727901726961136,0.56788170337677,1.70365309715271,0.12054076053780427,0.48261732157537096,0.12679821322649376,2.744743819110359,0.1642339626903278,2.749832247707135,1.5220865953740612,2.065339696434557,4.4829482559121985,1.3826501982681751,3.6058877689052475,True,2.400046341915955,4.4829482559121985,4.4829482559121985,moderate_outlier
291,patient00291/study3,patient00291/study3/view1_frontal.dcm,/home/jovyan/Desktop/MEDAGENT-X/data/raw/chexpert_plus/dicom_train/patient00291/study3/view1_frontal.dcm,True,/home/jovyan/Desktop/MEDAGENT-X/outputs/chexpert_plus/convnext_features/patient00291_study3_view1_frontal.npz,/home/jovyan/Desktop/MEDAGENT-X/outputs/chexpert_plus/raddino_features/patient00291__study3__view1_frontal.npz,ok,,,0.3456605076789856,0.8938659636769082,0.1250310838222503,1.4437205460766227,0.4446886703372001,1.6961236166945888,0.0133597571402788,1.9598497945241775,0.9972973166955258,2.3723510060062707,0.0027100075967609,2.3755958545698683,0.0019286811686094,1.1712741331306091,4.758731365203857,1.3816722314920953,0.0,0.0,0.0,0.0,1.9598497945241775,pooled_embedding,True,768,10.250643730163574,-0.020971650257706642,0.3692932426929474,-6.054825782775879,1.2206802368164062,0,0,cls_embedding,True,768,12.065558433532715,0.01904524490237236,0.43496155738830566,-1.7439411878585815,1.6416884660720825,0,0,1369,768,0.03044925071299076,0.5437478423118591,1.9729708433151245,0.10398883197565596,0.6948374318576421,0.11249170809763362,0.27219065640215845,0.7830986634347405,0.26678447926130533,0.04824051608472605,0.8615328782385614,0.35442266363853075,0.9556705462012298,0.32530567430082635,True,2.3755958545698683,0.35442266363853075,2.3755958545698683,
292,patient00291/study4,patient00291/study4/view1_frontal.dcm,/home/jovyan/Desktop/MEDAGENT-X/data/raw/chexpert_plus/dicom_train/patient00291/study4/view1_frontal.dcm,True,/home/jovyan/Desktop/MEDAGENT-X/outputs/chexpert_plus/convnext_features/patient00291_study4_view1_frontal.npz,/home/jovyan/Desktop/MEDAGENT-X/outputs/chexpert_plus/raddino_features/patient00291__study4__view1_frontal.npz,ok,,,0.2874957621097564,0.06612538912308938,0.1112086027860641,0.7927034267736013,0.4293474853038788,1.504823573161926,0.0060753468424081,1.46320356162534,0.9995555343273866,1.5246349970948576,0.0004446633101906,1.5232711593380155,0.0036050037128676,4.5439687048482345,4.2848734855651855,0.12999389851706217,0.0,1.5232711593380155,0.12999389851706217,1.5246349970948576,0.0,pooled_embedding,True,768,10.826541900634766,-0.020886706188321114,0.39011043310165405,-7.22011137008667,1.1474583148956299,0,0,cls_embedding,True,768,13.077977180480957,0.023315975442528725,0.47133445739746094,-1.78166925907135,1.73105788230896,0,0,1369,768,0.03323405608534813,0.5686991810798645,2.4213497638702393,0.6917489879917179,0.6791709639052842,0.693933613969424,0.6624811375617418,0.03941316639551292,0.663951203871277,2.4055209738752175,0.826960460416813,0.4933482836479815,1.039875630998864,0.4499689216632213,True,4.5439687048482345,0.6917489879917179,4.5439687048482345,moderate_outlier
292,patient00291/study4,patient00291/study4/view2_lateral.dcm,/home/jovyan/Desktop/MEDAGENT-X/data/raw/chexpert_plus/dicom_train/patient00291/study4/view2_lateral.dcm,True,/home/jovyan/Desktop/MEDAGENT-X/outputs/chexpert_plus/convnext_features/patient00291_study4_view2_lateral.npz,/home/jovyan/Desktop/MEDAGENT-X/outputs/chexpert_plus/raddino_features/patient00291__study4__view2_lateral.npz,ok,,,0.2187835127115249,0.9117163643164103,0.1449244916439056,2.3806687697182127,0.3844839036464691,0.9453879685816734,0.0065229157917201,1.2528842177934052,0.9993664121690702,1.1982685772081303,0.0006339895189739,1.1974232453279972,0.0009531650362334,0.7914256918863231,3.8076601028442383,1.652364504649915,0.0,1.1974232453279972,1.652364504649915,1.1982685772081303,0.0,pooled_embedding,True,768,9.475545883178711,-0.019447071477770805,0.3413658142089844,-3.546239137649536,1.4212559461593628,0,0,cls_embedding,True,768,15.292194366455078,0.021783852949738503,0.551379382610321,-2.1608715057373047,1.9535502195358276,0,0,1369,768,0.034932561218738556,0.585342526435852,1.958781123161316,1.174967526901018,0.413655181354598,1.194356506733724,2.7066613304695415,0.2556625503278455,2.712197786644044,0.12589400796524847,1.9618631102329493,4.067138491936809,1.3115263514623452,2.95105187950124,True,2.3806687697182127,4.067138491936809,4.067138491936809,moderate_outlier
293,patient00291/study1,patient00291/study1/view1_frontal.dcm,/home/jovyan/Desktop/MEDAGENT-X/data/raw/chexpert_plus/dicom_train/patient00291/study1/view1_frontal.dcm,True,/home/jovyan/Desktop/MEDAGENT-X/outputs/chexpert_plus/convnext_features/patient00291_study1_view1_frontal.npz,/home/jovyan/Desktop/MEDAGENT-X/outputs/chexpert_plus/raddino_features/patient00291__study1__view1_frontal.npz,ok,,,0.284753680229187,0.027102912379085766,0.0495382510125637,2.111873157768827,0.1361777484416961,2.150916404055005,0.0035008629783988,2.672992037382371,0.9998075804883666,1.9595888065135205,0.0001924565440276,1.957342327728068,0.0020016822378169,1.3181493933178847,3.5306050777435303,2.5362048196256493,2.150916404055005,1.957342327728068,2.5362048196256493,1.9595888065135205,0.0,pooled_embedding,True,768,10.830126762390137,-0.02022051066160202,0.3902750611305237,-6.990700721740723,1.2557615041732788,0,0,cls_embedding,True,768,13.047776222229004,0.02299092523753643,0.4702593982219696,-2.1843488216400146,2.081855058670044,0,0,1369,768,0.032640490680933,0.5320767164230347,1.8345403671264648,0.6967023117290888,0.5563026937029276,0.7003110457263497,0.634599409853844,0.023189153367120057,0.6364418236498205,0.8058037197429523,1.132974054364235,0.7363351156924697,1.0417818537890349,0.46751947822425166,True,2.672992037382371,0.7363351156924697,2.672992037382371,
293,patient00291/study1,patient00291/study1/view2_lateral.dcm,/home/jovyan/Desktop/MEDAGENT-X/data/raw/chexpert_plus/dicom_train/patient00291/study1/view2_lateral.dcm,True,/home/jovyan/Desktop/MEDAGENT-X/outputs/chexpert_plus/convnext_features/patient00291_study1_view2_lateral.npz,/home/jovyan/Desktop/MEDAGENT-X/outputs/chexpert_plus/raddino_features/patient00291__study1__view2_lateral.npz,ok,,,0.2654962837696075,0.24694846107514312,0.1175619140267372,1.0919343948690154,0.3689800500869751,0.7520594966016227,0.0077725024893879,0.6656847377611123,0.9991531031227266,0.8301630606239659,0.0008476147195324,0.8297545193269773,0.0020481687003764,1.4116783149862142,3.699206352233887,1.9983455857182313,0.0,0.8297545193269773,1.9983455857182313,0.8301630606239659,0.0,pooled_embedding,True,768,8.599390983581543,-0.009623713791370392,0.310154527425766,-2.5017306804656982,1.4911571741104126,0,0,cls_embedding,True,768,14.69396686553955,0.019836055114865303,0.5298516750335693,-1.9590758085250854,1.842604160308838,0,0,1369,768,0.03490085527300835,0.5685116052627563,1.9690310955047607,2.3855801412608684,1.3980936492795868,2.403432827895544,2.154373679569452,0.6307943331076376,2.161331465490571,0.06980085492772109,2.0637574570378567,4.476590193530699,1.2437673186943181,2.3271957682177695,True,1.9983455857182313,4.476590193530699,4.476590193530699,moderate_outlier
294,patient00291/study5,patient00291/study5/view1_frontal.dcm,/home/jovyan/Desktop/MEDAGENT-X/data/raw/chexpert_plus/dicom_train/patient00291/study5/view1_frontal.dcm,True,/home/jovyan/Desktop/MEDAGENT-X/outputs/chexpert_plus/convnext_features/patient00291_study5_view1_frontal.npz,/home/jovyan/Desktop/MEDAGENT-X/outputs/chexpert_plus/raddino_features/patient00291__study5__view1_frontal.npz,ok,,,0.3339735865592956,0.7275497749322428,0.1156315058469772,1.0010152053996055,0.3435897678136825,0.43545018033057675,0.0091745564714074,0.006838600269718502,0.9986394440753188,0.05625377089513922,0.0013624095590785,0.056255007231582985,0.0010792627908111,0.5377220035199605,4.7587971687316895,1.381882153007666,0.0,0.0,0.0,0.0,0.0,pooled_embedding,True,768,8.818848609924316,-0.013993439264595509,0.3179149627685547,-4.939852237701416,1.4048731327056885,0,0,cls_embedding,True,768,13.111164093017578,0.016681913286447525,0.47281414270401,-1.9201692342758179,1.9115828275680542,0,0,1369,768,0.031010568141937256,0.5320431590080261,1.6258149147033691,2.082348177494891,0.5921731820580582,2.102805728473353,0.693119518340671,1.2382592486396444,0.7018144458526849,1.9480574110988633,1.0423037839679652,0.37198618307884296,1.0166053860960886,0.23572022446945698,True,1.381882153007666,2.082348177494891,2.082348177494891,
295,patient00291/study6,patient00291/study6/view1_frontal.dcm,/home/jovyan/Desktop/MEDAGENT-X/data/raw/chexpert_plus/dicom_train/patient00291/study6/view1_frontal.dcm,True,/home/jovyan/Desktop/MEDAGENT-X/outputs/chexpert_plus/convnext_features/patient00291_study6_view1_frontal.npz,/home/jovyan/Desktop/MEDAGENT-X/outputs/chexpert_plus/raddino_features/patient00291__study6__view1_frontal.npz,ok,,,0.3812686204910278,1.4006038419116877,0.0938118770718574,0.026654995937790256,0.2630036920309067,0.5694343688021917,0.0095500340685248,0.16960393885350614,0.9985443233232706,0.22040280334727436,0.0014577987603843,0.2204286441745434,0.0011890028288543,0.31692939300706524,4.414340019226074,0.2830205986863813,0.5694343688021917,0.0,0.0,0.0,0.16960393885350614,pooled_embedding,True,768,9.562562942504883,-0.00911074597388506,0.3449389636516571,-5.894143581390381,1.1078094244003296,0,0,cls_embedding,True,768,12.971367835998535,0.0241424348205328,0.4674408733844757,-1.764646053314209,1.46293306350708,0,0,1369,768,0.03158767893910408,0.5372123122215271,1.7017970085144043,1.0547331371450543,1.4927017123422452,1.0559382988234038,0.5640586739704044,0.19858326829981512,0.5643194017535533,1.5322440729311866,0.7879382500092744,0.650154926531843,1.0140591959013008,0.21227750032452222,True,1.4006038419116877,1.0547331371450543,1.4006038419116877,
296,patient00298/study6,patient00298/study6/view1_frontal.dcm,/home/jovyan/Desktop/MEDAGENT-X/data/raw/chexpert_plus/dicom_train/patient00298/study6/view1_frontal.dcm,True,/home/jovyan/Desktop/MEDAGENT-X/outputs/chexpert_plus/convnext_features/patient00298_study6_view1_frontal.npz,/home/jovyan/Desktop/MEDAGENT-X/outputs/chexpert_plus/raddino_features/patient00298__study6__view1_frontal.npz,ok,,,0.463815689086914,2.5753284507551517,0.1313986033201217,1.7436207007418967,0.4791208952665329,2.1254832856902346,0.0114393811672925,1.0574364006326828,0.997409857591913,2.178140186017181,0.0025968686677515,2.1808732947723652,0.001383791396381,0.0749774906533639,4.729833126068115,1.2894832204077655,0.0,0.0,0.0,0.0,1.0574364006326828,pooled_embedding,True,768,9.374871253967285,-0.010975032113492489,0.33810845017433167,-5.312880516052246,1.8606919050216675,0,0,cls_embedding,True,768,12.654589653015137,0.019912101328372955,0.4561988115310669,-2.0172364711761475,1.9016574621200562,0,0,1369,768,0.03139323741197586,0.5346298217773438,1.860103964805603,1.3140730390945683,1.1488663007418616,1.3205416829828596,0.2716069256496532,0.6161483821079871,0.27664951245911984,0.6659064840472161,1.097255279898718,0.5928029822390177,1.0257845856976908,0.3202329386304601,True,2.5753284507551517,1.3140730390945683,2.5753284507551517,
297,patient00298/study5,patient00298/study5/view1_frontal.dcm,/home/jovyan/Desktop/MEDAGENT-X/data/raw/chexpert_plus/dicom_train/patient00298/study5/view1_frontal.dcm,True,/home/jovyan/Desktop/MEDAGENT-X/outputs/chexpert_plus/convnext_features/patient00298_study5_view1_frontal.npz,/home/jovyan/Desktop/MEDAGENT-X/outputs/chexpert_plus/raddino_features/patient00298__study5__view1_frontal.npz,ok,,,0.2617989778518677,0.2995646995663544,0.1045562997460365,0.4793904151288832,0.3587301634252071,0.6242464391134183,0.0101597374305129,0.45611266834106323,0.998377099052375,0.508980234443563,0.0016255390364676,0.5091251717629051,0.0013209957079451,0.05136494758470903,4.538142204284668,0.6779651126763281,0.0,0.0,0.0,0.0,0.45611266834106323,pooled_embedding,True,768,9.690327644348145,-0.015954257920384407,0.3493054211139679,-5.775190353393555,1.225061297416687,0,0,cls_embedding,True,768,12.507685661315918,0.020643480122089386,0.4508599042892456,-2.087451934814453,2.0490968227386475,0,0,1369,768,0.03428415581583977,0.5480491518974304,2.0054962635040283,0.8781963628914463,0.2305340134437082,0.8867885818729667,0.13598417283531183,0.47529011342013866,0.1400337496893854,0.1297554151367722,0.9050707926961569,0.17947013960259386,0.9689023101085978,0.20348107853170444,True,0.6779651126763281,0.8781963628914463,0.8781963628914463,
298,patient00298/study2,patient00298/study2/view1_frontal.dcm,/home/jovyan/Desktop/MEDAGENT-X/data/raw/chexpert_plus/dicom_train/patient00298/study2/view1_frontal.dcm,True,/home/jovyan/Desktop/MEDAGENT-X/outputs/chexpert_plus/convnext_features/patient00298_study2_view1_frontal.npz,/home/jovyan/Desktop/MEDAGENT-X/outputs/chexpert_plus/raddino_features/patient00298__study2__view1_frontal.npz,ok,,,0.2903674840927124,0.10699276988557559,0.0998926982283592,0.25974211771633904,0.3321123346686363,0.29232998097690194,0.0110137145966291,0.857409312134397,0.9982014471572278,0.8121011414585756,0.0018017934635281,0.8124753405629933,0.0025831585621616,2.4880567297174703,4.349933624267578,0.07755611239570023,0.0,0.0,0.0,0.0,0.857409312134397,pooled_embedding,True,768,10.622004508972168,-0.018229583278298378,0.3828548192977905,-6.681785583496094,1.0314058065414429,0,0,cls_embedding,True,768,13.35254192352295,0.012856503017246723,0.4816467761993408,-1.7257215976715088,1.5150911808013916,0,0,1369,768,0.032117877155542374,0.5456514358520508,1.881237268447876,0.40913281296507725,0.1891104898018508,0.4128625095744889,0.9159611543155363,1.9750056134094978,0.9278301654699608,0.5502541100042097,0.871503967443892,0.3143548917759365,1.0553279122316321,0.5922377777334642,True,2.4880567297174703,0.9159611543155363,2.4880567297174703,
299,patient00298/study4,patient00298/study4/view1_frontal.dcm,/home/jovyan/Desktop/MEDAGENT-X/data/raw/chexpert_plus/dicom_train/patient00298/study4/view1_frontal.dcm,True,/home/jovyan/Desktop/MEDAGENT-X/outputs/chexpert_plus/convnext_features/patient00298_study4_view1_frontal.npz,/home/jovyan/Desktop/MEDAGENT-X/outputs/chexpert_plus/raddino_features/patient00298__study4__view1_frontal.npz,ok,,,0.2934345602989197,0.15064023015177205,0.1185927242040634,1.1404839331490333,0.4009768050163984,1.151049574461171,0.0103093981742858,0.5264404904031192,0.9982587779935788,0.7131658290893911,0.0017442591488361,0.7134534642635416,0.0013874493976491,0.08233724433711391,4.477992057800293,0.4860785934000145,0.0,0.0,0.0,0.0,0.5264404904031192,pooled_embedding,True,768,9.6092529296875,-0.0175017137080431,0.3463020324707031,-5.559696197509766,1.1786484718322754,0,0,cls_embedding,True,768,11.569623947143555,0.027437716722488403,0.4165802299976349,-2.007678270339966,1.5365455150604248,0,0,1369,768,0.033728256821632385,0.5558590888977051,2.10614013671875,0.9902200156940826,0.05486750640831536,1.0031351496078877,0.7300407085462631,0.8332307417235976,0.7371389822438388,0.6805307727047676,0.9986775155860163,0.1966786181029186,0.8830556580659156,0.9938695525437472,True,1.151049574461171,0.9938695525437472,1.151049574461171,
300,patient00298/study1,patient00298/study1/view1_frontal.dcm,/home/jovyan/Desktop/MEDAGENT-X/data/raw/chexpert_plus/dicom_train/patient00298/study1/view1_frontal.dcm,True,/home/jovyan/Desktop/MEDAGENT-X/outputs/chexpert_plus/convnext_features/patient00298_study1_view1_frontal.npz,/home/jovyan/Desktop/MEDAGENT-X/outputs/chexpert_plus/raddino_features/patient00298__study1__view1_frontal.npz,ok,,,0.2523957788944244,0.43338131359097803,0.0898137539625167,0.21496030686191192,0.3325919955968857,0.2983112109963377,0.004458472598344,2.22299695344364,0.9997151662365412,1.8001103573288866,0.0002849149168469,1.7982129176503918,0.0001761043946851,2.3548409287822207,4.236729145050049,0.2835803893945694,0.0,1.7982129176503918,0.2835803893945694,1.8001103573288866,0.0,pooled_embedding,True,768,10.102792739868164,-0.01929433085024357,0.364042192697525,-5.456492900848389,0.9311116337776184,0,0,cls_embedding,True,768,13.616025924682617,0.01111476868391037,0.4912002682685852,-1.7016210556030273,1.3497871160507202,0,0,1369,768,0.03207768127322197,0.578712522983551,2.407862424850464,0.3082795047545381,0.3854848080314411,0.31590915303667844,1.159211355664567,2.310451055382573,1.1722917279280483,2.331711275043287,1.412494243708349,1.8595575587974429,1.1021298170492007,1.0231420151080666,True,2.3548409287822207,1.8595575587974429,2.3548409287822207,
300,patient00298/study1,patient00298/study1/view2_lateral.dcm,/home/jovyan/Desktop/MEDAGENT-X/data/raw/chexpert_plus/dicom_train/patient00298/study1/view2_lateral.dcm,True,/home/jovyan/Desktop/MEDAGENT-X/outputs/chexpert_plus/convnext_features/patient00298_study1_view2_lateral.npz,/home/jovyan/Desktop/MEDAGENT-X/outputs/chexpert_plus/raddino_features/patient00298__study1__view2_lateral.npz,ok,,,0.1977172493934631,1.2115096623347104,0.1301542520523071,1.6850137129187293,0.3434047400951385,0.4331429393622071,0.0044503854587674,2.226797221294755,0.9997501390355118,1.8604626042313728,0.0002499234105926,1.8584365358927166,0.0001761043946851,2.3548409287822207,4.154519081115723,0.5458408150103053,0.0,1.8584365358927166,0.5458408150103053,1.8604626042313728,0.0,pooled_embedding,True,768,9.331201553344727,-0.010057874955236912,0.3365604877471924,-4.237855911254883,1.5666229724884033,0,0,cls_embedding,True,768,12.637908935546875,0.01737724244594574,0.4557000398635864,-1.2933107614517212,1.5971461534500122,0,0,1369,768,0.03296925500035286,0.6023411154747009,2.1143202781677246,1.374412929293544,1.3180201137275922,1.3805073207248,0.2562071751337116,1.1043438789070765,0.2638865876292943,0.725296739947538,1.6318395650095827,2.740973632011065,1.1077509514559452,1.0748956914629046,True,2.3548409287822207,2.740973632011065,2.740973632011065,
301,patient00298/study3,patient00298/study3/view1_frontal.dcm,/home/jovyan/Desktop/MEDAGENT-X/data/raw/chexpert_plus/dicom_train/patient00298/study3/view1_frontal.dcm,True,/home/jovyan/Desktop/MEDAGENT-X/outputs/chexpert_plus/convnext_features/patient00298_study3_view1_frontal.npz,/home/jovyan/Desktop/MEDAGENT-X/outputs/chexpert_plus/raddino_features/patient00298__study3__view1_frontal.npz,ok,,,0.1941419690847396,1.2623893584112862,0.0836731120944023,0.5041748819577854,0.2732600849121809,0.44154018067955003,0.0092311296612024,0.01974598781319942,0.9986716092273662,0.0007466552177812294,0.0013301577419042,0.0007466472595791779,0.0011455226919607,0.40440970649499064,4.142879009246826,0.5829741057102522,0.44154018067955003,0.0,0.5829741057102522,0.0,0.01974598781319942,pooled_embedding,True,768,10.042860984802246,-0.01957820914685726,0.36186128854751587,-6.31119441986084,1.1174460649490356,0,0,cls_embedding,True,768,11.910565376281738,0.0262617040425539,0.4289824366569519,-1.6873682737350464,1.5700007677078247,0,0,1369,768,0.03282291814684868,0.5374559164047241,2.0586130619049072,0.3910892210694084,0.43784126173609533,0.40039396088245455,0.4152812889189878,0.6067392007140606,0.41978248098863497,0.42043802399956254,0.7755208116380402,0.7000530948794341,0.8968752867622052,0.8666324969711826,True,1.2623893584112862,0.8666324969711826,1.2623893584112862,
302,patient00300/study1,patient00300/study1/view1_frontal.dcm,/home/jovyan/Desktop/MEDAGENT-X/data/raw/chexpert_plus/dicom_train/patient00300/study1/view1_frontal.dcm,True,/home/jovyan/Desktop/MEDAGENT-X/outputs/chexpert_plus/convnext_features/patient00300_study1_view1_frontal.npz,/home/jovyan/Desktop/MEDAGENT-X/outputs/chexpert_plus/raddino_features/patient00300__study1__view1_frontal.npz,ok,,,0.2661082148551941,0.23824008999204563,0.0278501100838184,3.1333504883223173,0.0770411789417266,2.888331948887092,0.0025672651827335,3.111703605933094,0.999920978031161,2.1552779335582035,7.902821380412206e-05,2.1525629737785263,0.0002687246868741,2.1684925689354144,2.3627049922943115,6.261952724787852,2.888331948887092,2.1525629737785263,6.261952724787852,2.1552779335582035,0.0,pooled_embedding,True,768,9.766064643859863,-0.02022317238152027,0.35182178020477295,-4.6309309005737305,1.2141786813735962,0,0,cls_embedding,True,768,12.447866439819336,0.023175714537501335,0.44857537746429443,-1.312262773513794,2.032076835632324,0,0,1369,768,0.03469352796673775,0.5206361413002014,1.74772047996521,0.7735480101574626,0.5567936020158809,0.7893087755014927,0.0807586653679036,0.012399930003525137,0.08157564944111159,1.2809270716953745,1.3552516274846922,1.629534134030433,1.023442834557621,0.2986724809297274,True,6.261952724787852,1.629534134030433,6.261952724787852,extreme_outlier
303,patient00303/study2,patient00303/study2/view1_frontal.dcm,/home/jovyan/Desktop/MEDAGENT-X/data/raw/chexpert_plus/dicom_train/patient00303/study2/view1_frontal.dcm,True,/home/jovyan/Desktop/MEDAGENT-X/outputs/chexpert_plus/convnext_features/patient00303_study2_view1_frontal.npz,/home/jovyan/Desktop/MEDAGENT-X/outputs/chexpert_plus/raddino_features/patient00303__study2__view1_frontal.npz,ok,,,0.2824116349220276,0.006226657091339195,0.0935284867882728,0.04000223262957687,0.2695970684289932,0.48721691368111764,0.010071812197566,0.41479528623024325,0.9982964836819116,0.6480974594171262,0.0017064232379198,0.6483343625502835,0.0013851631468565,0.07773739828469484,4.385068893432617,0.18964203234715166,0.48721691368111764,0.0,0.0,0.0,0.41479528623024325,pooled_embedding,True,768,9.94472599029541,-0.021787479519844055,0.35818734765052795,-5.8838324546813965,1.2471051216125488,0,0,cls_embedding,True,768,12.013261795043945,0.02211734466254711,0.43292665481567383,-1.8353688716888428,1.5769957304000854,0,0,1369,768,0.031449321657419205,0.5233463048934937,1.9371861219406128,0.5266856348025654,0.8453030627407442,0.5427166717257803,0.3204712646602735,0.19143445718165714,0.3188550162701779,0.24407303008653014,1.023187273660809,0.29516849967204123,0.9646220683158756,0.24288918238263008,True,0.6483343625502835,0.5266856348025654,0.6483343625502835,
304,patient00303/study1,patient00303/study1/view1_frontal.dcm,/home/jovyan/Desktop/MEDAGENT-X/data/raw/chexpert_plus/dicom_train/patient00303/study1/view1_frontal.dcm,True,/home/jovyan/Desktop/MEDAGENT-X/outputs/chexpert_plus/convnext_features/patient00303_study1_view1_frontal.npz,/home/jovyan/Desktop/MEDAGENT-X/outputs/chexpert_plus/raddino_features/patient00303__study1__view1_frontal.npz,ok,,,0.2489264905452728,0.4827526415889947,0.0758607685565948,0.8721239767457859,0.2170940265059471,1.1419143300580503,0.0085145495831966,0.3169857091485488,0.9988120044211304,0.24153207703658638,0.0011894085910171,0.2414956577544972,0.0008525807850791,0.9937972217749874,4.067061901092529,0.8248401997371886,1.1419143300580503,0.2414956577544972,0.8248401997371886,0.24153207703658638,0.0,pooled_embedding,True,768,10.075102806091309,-0.019826432690024376,0.3630129396915436,-6.132631778717041,1.1302777528762817,0,0,cls_embedding,True,768,11.746459007263184,0.025325223803520203,0.4231065809726715,-1.4034346342086792,1.474494457244873,0,0,1369,768,0.03337607905268669,0.5323129892349243,1.8087416887283325,0.3465396150803064,0.4836218113633872,0.3557808009652061,0.5667853921310512,0.42637987629288576,0.5701380631094072,0.9469874387876063,0.9969060301360897,0.18956009038704819,0.9576203837939724,0.3073535570914926,True,1.1419143300580503,0.5667853921310512,1.1419143300580503,
305,patient00306/study1,patient00306/study1/view1_frontal.dcm,/home/jovyan/Desktop/MEDAGENT-X/data/raw/chexpert_plus/dicom_train/patient00306/study1/view1_frontal.dcm,True,/home/jovyan/Desktop/MEDAGENT-X/outputs/chexpert_plus/convnext_features/patient00306_study1_view1_frontal.npz,/home/jovyan/Desktop/MEDAGENT-X/outputs/chexpert_plus/raddino_features/patient00306__study1__view1_frontal.npz,ok,,,0.2603338658809662,0.3204146596703877,0.0767796635627746,0.828845467026798,0.2398046404123306,0.8587196863908084,0.0085723623633384,0.2898186190203929,0.9988345241423972,0.2803941589423122,0.0011668357765302,0.28034555899722613,0.0008407306247866,1.0176392749821073,4.177151679992676,0.4736399830172582,0.8587196863908084,0.28034555899722613,0.4736399830172582,0.2803941589423122,0.0,pooled_embedding,True,768,10.604743957519531,-0.017272355034947395,0.38227570056915283,-6.614392280578613,1.1853306293487549,0,0,cls_embedding,True,768,12.073710441589355,0.02026183530688286,0.43520110845565796,-1.825779676437378,1.2730313539505005,0,0,1369,768,0.03128516674041748,0.526016116142273,1.9480903148651123,0.38528333003805537,0.01256625656660106,0.39042835789082114,0.2646646677559822,0.5487921459996179,0.26065467585654084,0.18439964346945853,1.0184812100615128,0.27625767871913565,0.9764178173483827,0.1342859479431914,True,1.0176392749821073,0.38528333003805537,1.0176392749821073,
306,patient00308/study4,patient00308/study4/view1_frontal.dcm,/home/jovyan/Desktop/MEDAGENT-X/data/raw/chexpert_plus/dicom_train/patient00308/study4/view1_frontal.dcm,True,/home/jovyan/Desktop/MEDAGENT-X/outputs/chexpert_plus/convnext_features/patient00308_study4_view1_frontal.npz,/home/jovyan/Desktop/MEDAGENT-X/outputs/chexpert_plus/raddino_features/patient00308__study4__view1_frontal.npz,ok,,,0.7404428720474243,6.51200076179285,0.1040354371070861,0.4548586039529917,0.2666666507720947,0.5237583558262946,0.0090968701988458,0.04334454174537435,0.9988482018098672,0.30399758756402917,0.0011531263589859,0.3039407344238653,0.0013001466794503,0.09331236723306503,4.289121627807617,0.1164417913995403,0.5237583558262946,0.3039407344238653,0.1164417913995403,0.30399758756402917,0.0,pooled_embedding,True,768,10.867188453674316,-0.018860438838601112,0.39168211817741394,-7.04852294921875,1.0300325155258179,0,0,cls_embedding,True,768,12.84781265258789,0.02548486925661564,0.4629044830799103,-1.9369207620620728,1.4642504453659058,0,0,1369,768,0.033809009939432144,0.5570562481880188,2.077460765838623,0.7479116937673188,0.3054609129631564,0.7548182299297773,0.44999169794880206,0.4571264365159991,0.44823901421192264,0.5235824136364827,1.2115120763348377,1.0519318857198796,1.0693685362769085,0.7215095332330869,True,6.51200076179285,1.0519318857198796,6.51200076179285,extreme_outlier
306,patient00308/study4,patient00308/study4/view2_lateral.dcm,/home/jovyan/Desktop/MEDAGENT-X/data/raw/chexpert_plus/dicom_train/patient00308/study4/view2_lateral.dcm,True,/home/jovyan/Desktop/MEDAGENT-X/outputs/chexpert_plus/convnext_features/patient00308_study4_view2_lateral.npz,/home/jovyan/Desktop/MEDAGENT-X/outputs/chexpert_plus/raddino_features/patient00308__study4__view2_lateral.npz,ok,,,0.2539616525173187,0.4110974177429246,0.0926168337464332,0.08293965721699433,0.342061884701252,0.4163979294590872,0.0040969350375235,2.392888861001685,0.9997595306732356,1.876669669591081,0.00024052716617,1.8746083414990757,0.0012333677607422,0.2276689070311064,4.004754066467285,1.0236100150856524,0.0,1.8746083414990757,1.0236100150856524,1.876669669591081,0.0,pooled_embedding,True,768,8.739194869995117,-0.014192118309438229,0.3150290250778198,-2.9892873764038086,1.0073083639144897,0,0,cls_embedding,True,768,12.80261516571045,0.018183773383498192,0.461616575717926,-1.4885104894638062,1.4620083570480347,0,0,1369,768,0.03589674085378647,0.5666962265968323,1.7725189924240112,2.192408421846162,0.5555302602937777,2.21460243043093,0.4082650741878953,0.949011850575294,0.4152831229284073,1.1452167782579319,1.8372959882024285,3.566578630890682,1.1030507829825622,1.0316213307408393,True,2.392888861001685,3.566578630890682,3.566578630890682,moderate_outlier
307,patient00308/study3,patient00308/study3/view1_frontal.dcm,/home/jovyan/Desktop/MEDAGENT-X/data/raw/chexpert_plus/dicom_train/patient00308/study3/view1_frontal.dcm,True,/home/jovyan/Desktop/MEDAGENT-X/outputs/chexpert_plus/convnext_features/patient00308_study3_view1_frontal.npz,/home/jovyan/Desktop/MEDAGENT-X/outputs/chexpert_plus/raddino_features/patient00308__study3__view1_frontal.npz,ok,,,0.4197465479373932,1.94818195749351,0.0761531665921211,0.85835248910331,0.2148962318897247,1.169320179400588,0.0088453153148293,0.16155394439807583,0.9987017545674348,0.05127488896320934,0.0012999330647289,0.05127281730631358,0.0011569953177583,0.3813272377401273,4.144397258758545,0.5781306991481027,1.169320179400588,0.05127281730631358,0.5781306991481027,0.05127488896320934,0.0,pooled_embedding,True,768,10.58527946472168,-0.017199769616127014,0.38157588243484497,-6.970012187957764,1.0353811979293823,0,0,cls_embedding,True,768,12.192234992980957,0.03174508735537529,0.438802570104599,-1.5376744270324707,1.6289705038070679,0,0,1369,768,0.03487303853034973,0.5305930972099304,1.814948320388794,0.35838858742572777,0.0008208715282027702,0.3633185004476406,0.1552420050367406,1.6627991885503026,0.1684979089432836,0.9130215384014967,0.7515595927384514,0.7963387295426103,0.9744340095250217,0.15255082841237855,True,1.94818195749351,0.7963387295426103,1.94818195749351,
307,patient00308/study3,patient00308/study3/view2_lateral.dcm,/home/jovyan/Desktop/MEDAGENT-X/data/raw/chexpert_plus/dicom_train/patient00308/study3/view2_lateral.dcm,True,/home/jovyan/Desktop/MEDAGENT-X/outputs/chexpert_plus/convnext_features/patient00308_study3_view2_lateral.npz,/home/jovyan/Desktop/MEDAGENT-X/outputs/chexpert_plus/raddino_features/patient00308__study3__view2_lateral.npz,ok,,,0.2588981688022613,0.34084601741436643,0.1069344654679298,0.5913982806805902,0.3516483586281538,0.5359384262041434,0.0064993468113243,1.2639596342163995,0.9993751497162484,1.2133468843538113,0.0006252409657463,1.2124803144899428,0.0003472052870311,2.0105927094833747,4.36290979385376,0.11895172256397078,0.0,1.2124803144899428,0.0,1.2133468843538113,0.0,pooled_embedding,True,768,8.826037406921387,-0.01883532851934433,0.31792473793029785,-3.2055418491363525,1.0846208333969116,0,0,cls_embedding,True,768,15.369144439697266,0.027613407000899315,0.5538983345031738,-1.7344396114349365,1.957210659980774,0,0,1369,768,0.037100907415151596,0.560523271560669,1.7606216669082642,2.072415175544292,0.3008297478358488,2.102427054031595,2.777702155444117,0.8670674193178376,2.7766545225705803,1.210325100361735,1.7493207271041025,3.2130593093149202,1.2731940395290229,2.5981270208909284,True,2.0105927094833747,3.2130593093149202,3.2130593093149202,
308,patient00308/study2,patient00308/study2/view1_frontal.dcm,/home/jovyan/Desktop/MEDAGENT-X/data/raw/chexpert_plus/dicom_train/patient00308/study2/view1_frontal.dcm,True,/home/jovyan/Desktop/MEDAGENT-X/outputs/chexpert_plus/convnext_features/patient00308_study2_view1_frontal.npz,/home/jovyan/Desktop/MEDAGENT-X/outputs/chexpert_plus/raddino_features/patient00308__study2__view1_frontal.npz,ok,,,0.3686527907848358,1.2210683857297746,0.078521728515625,0.746796947352624,0.2178266197443008,1.132779108881564,0.0104985032230615,0.6153037813775021,0.9982690935009108,0.695364450196367,0.0017339077312499,0.6956377173091907,0.0015360556991659,0.3813272377399257,4.116063594818115,0.6685186444756533,1.132779108881564,0.0,0.6685186444756533,0.0,0.6153037813775021,pooled_embedding,True,768,8.959991455078125,-0.009380502626299858,0.3231797218322754,-5.350224018096924,0.9053847193717957,0,0,cls_embedding,True,768,11.645849227905273,0.02588954009115696,0.4194351136684418,-1.3780734539031982,1.8388845920562744,0,0,1369,768,0.035500749945640564,0.532594621181488,1.8459371328353882,1.887326373875005,1.4429497522517654,1.8988572157196473,0.659669016862644,0.5350631139691571,0.6640861846130839,0.7434347199424483,0.934233572547874,0.06228258005764696,0.9496547898847271,0.38069262698786743,True,1.2210683857297746,1.887326373875005,1.887326373875005,
309,patient00308/study1,patient00308/study1/view1_frontal.dcm,/home/jovyan/Desktop/MEDAGENT-X/data/raw/chexpert_plus/dicom_train/patient00308/study1/view1_frontal.dcm,True,/home/jovyan/Desktop/MEDAGENT-X/outputs/chexpert_plus/convnext_features/patient00308_study1_view1_frontal.npz,/home/jovyan/Desktop/MEDAGENT-X/outputs/chexpert_plus/raddino_features/patient00308__study1__view1_frontal.npz,ok,,,0.3168592751026153,0.48399657342490426,0.0800137147307396,0.6765267429471408,0.2253968268632888,1.0383808633569709,0.0098301861435174,0.30125158929076834,0.9985126229861104,0.2751077921241616,0.0014895925996825,0.27514878186845376,0.0010974436130991,0.5011429090908306,4.128232002258301,0.6296998969695314,1.0383808633569709,0.0,0.6296998969695314,0.0,0.30125158929076834,pooled_embedding,True,768,9.515963554382324,-0.006085267290472984,0.34332382678985596,-5.761519432067871,1.3176052570343018,0,0,cls_embedding,True,768,11.73371410369873,0.021208589896559715,0.4228724241256714,-1.285439372062683,1.695383071899414,0,0,1369,768,0.03446897491812706,0.5336278080940247,1.7864021062850952,1.119121074835704,2.0506990531465012,1.1185061688571818,0.5785515727893922,0.3664540559156691,0.5761298353601206,1.069241194680359,0.9597399661470828,0.04021217640529496,0.9476083216741333,0.39953442043697157,True,1.0383808633569709,1.119121074835704,1.119121074835704,
310,patient00313/study1,patient00313/study1/view1_frontal.dcm,/home/jovyan/Desktop/MEDAGENT-X/data/raw/chexpert_plus/dicom_train/patient00313/study1/view1_frontal.dcm,True,/home/jovyan/Desktop/MEDAGENT-X/outputs/chexpert_plus/convnext_features/patient00313_study1_view1_frontal.npz,/home/jovyan/Desktop/MEDAGENT-X/outputs/chexpert_plus/raddino_features/patient00313__study1__view1_frontal.npz,ok,,,0.4264391660690307,2.0434243852448253,0.162633016705513,3.2147124513504846,0.5634218230843544,3.176690941837102,0.0076871779747307,0.7057800034471393,0.9987526930277932,0.1391789351612289,0.0012488646898418,0.13916621323803943,0.0024968906989221,2.314489205342087,5.2701029777526855,3.0130118794212977,0.0,0.13916621323803943,0.0,0.1391789351612289,0.0,pooled_embedding,True,768,11.055436134338379,-0.02045472525060177,0.39840397238731384,-7.654533863067627,1.044706106185913,0,0,cls_embedding,True,768,12.851080894470215,0.025800861418247223,0.4630051255226135,-2.270470142364502,1.4308619499206543,0,0,1369,768,0.030426623299717903,0.5350558757781982,2.215782642364502,1.008019828688072,0.5994995334479793,1.015212324410422,0.4530089608278903,0.5179842426060306,0.4508143247491072,1.280551303739504,0.835907231407193,0.45739662665570663,1.0402695370139399,0.4535956067668552,True,3.2147124513504846,1.008019828688072,3.2147124513504846,
310,patient00313/study1,patient00313/study1/view2_lateral.dcm,/home/jovyan/Desktop/MEDAGENT-X/data/raw/chexpert_plus/dicom_train/patient00313/study1/view2_lateral.dcm,True,/home/jovyan/Desktop/MEDAGENT-X/outputs/chexpert_plus/convnext_features/patient00313_study1_view2_lateral.npz,/home/jovyan/Desktop/MEDAGENT-X/outputs/chexpert_plus/raddino_features/patient00313__study1__view2_lateral.npz,ok,,,0.4171671569347381,1.911474729263732,0.1738055050373077,3.7409190817065103,0.5667887888848782,3.218676010318721,0.0079888282343745,0.5640300344813722,0.998925362796982,0.43715361403781067,0.0010757932905107,0.4370380969526848,0.001469297176023,0.24701173301134172,4.856109142303467,1.6923195664468427,0.0,0.4370380969526848,0.0,0.43715361403781067,0.0,pooled_embedding,True,768,9.783950805664062,-0.011670638807117939,0.3528549373149872,-5.55657958984375,1.4101556539535522,0,0,cls_embedding,True,768,10.618365287780762,0.02098589576780796,0.3825820982456207,-1.1573349237442017,1.2675049304962158,0,0,1369,768,0.03404238820075989,0.5678179860115051,1.9141792058944702,0.7488341004223227,1.0205736482711134,0.7492858886953117,1.608249098454486,0.40934333530470624,1.6071074030592711,0.3699787808003996,1.27273171490644,1.2979365559504976,0.9800479388273962,0.10086348931487803,True,3.7409190817065103,1.608249098454486,3.7409190817065103,moderate_outlier
311,patient00317/study5,patient00317/study5/view1_frontal.dcm,/home/jovyan/Desktop/MEDAGENT-X/data/raw/chexpert_plus/dicom_train/patient00317/study5/view1_frontal.dcm,True,/home/jovyan/Desktop/MEDAGENT-X/outputs/chexpert_plus/convnext_features/patient00317_study5_view1_frontal.npz,/home/jovyan/Desktop/MEDAGENT-X/outputs/chexpert_plus/raddino_features/patient00317__study5__view1_frontal.npz,ok,,,0.3065347671508789,0.33706884150894384,0.0872622728347778,0.3351310554697832,0.2683760672807693,0.502442437152827,0.0089823631569743,0.09715311346950732,0.9987954561818124,0.21297492820903285,0.0012059964938089,0.21294634301754153,0.0011044115495293,0.487123696944156,4.311755657196045,0.044236395895285045,0.502442437152827,0.21294634301754153,0.044236395895285045,0.21297492820903285,0.0,pooled_embedding,True,768,10.617072105407715,-0.01839827559888363,0.38266855478286743,-6.566582202911377,1.2038899660110474,0,0,cls_embedding,True,768,11.427595138549805,0.014613206498324871,0.41209882497787476,-1.37447988986969,1.4282113313674927,0,0,1369,768,0.03286273404955864,0.5374656319618225,1.9020180702209473,0.4023175455083914,0.2202228776751348,0.40564691426659866,0.861162659540383,1.6366772217901424,0.851812367137822,0.4365308086096567,0.8622489319007496,0.3515452774084895,0.8968518329538596,0.866848435733463,True,0.502442437152827,0.866848435733463,0.866848435733463,
312,patient00317/study4,patient00317/study4/view1_frontal.dcm,/home/jovyan/Desktop/MEDAGENT-X/data/raw/chexpert_plus/dicom_train/patient00317/study4/view1_frontal.dcm,True,/home/jovyan/Desktop/MEDAGENT-X/outputs/chexpert_plus/convnext_features/patient00317_study4_view1_frontal.npz,/home/jovyan/Desktop/MEDAGENT-X/outputs/chexpert_plus/raddino_features/patient00317__study4__view1_frontal.npz,ok,,,0.2208040654659271,0.8829619447538848,0.0756959244608879,0.8798878744165637,0.2556776665151119,0.6607877418987887,0.0101652359589934,0.4586965091187528,0.9985046057976278,0.2889429827011419,0.001497633755207,0.28898835416394886,0.0012993525337755,0.09491015688024518,4.019486904144287,0.9766104131538897,0.6607877418987887,0.0,0.9766104131538897,0.0,0.4586965091187528,pooled_embedding,True,768,9.858736991882324,-0.009288386441767216,0.3556252419948578,-6.021081447601318,1.3630012273788452,0,0,cls_embedding,True,768,11.198596000671387,0.01878935471177101,0.403657466173172,-1.439609169960022,1.7570395469665527,0,0,1369,768,0.0312555655837059,0.5431180596351624,2.1293628215789795,0.6454995183098231,1.4599389930935749,0.6419686283048723,1.0725762032565482,0.8323812643687302,1.0678158711664998,0.8076173220299663,0.9864248244249586,0.14744246906900735,0.8677764886781743,1.1345445711868045,True,0.9766104131538897,1.1345445711868045,1.1345445711868045,
313,patient00317/study1,patient00317/study1/view1_frontal.dcm,/home/jovyan/Desktop/MEDAGENT-X/data/raw/chexpert_plus/dicom_train/patient00317/study1/view1_frontal.dcm,True,/home/jovyan/Desktop/MEDAGENT-X/outputs/chexpert_plus/convnext_features/patient00317_study1_view1_frontal.npz,/home/jovyan/Desktop/MEDAGENT-X/outputs/chexpert_plus/raddino_features/patient00317__study1__view1_frontal.npz,ok,,,0.2027300745248794,1.1401723133304458,0.1018975153565406,0.3541658516394442,0.3418803494423628,0.41413423843047453,0.0069652423262596,1.0450283630769281,0.9992602539830449,1.0150723434977358,0.0007402936462312,1.0144640114213277,0.0004493244890991,1.8051329191449412,4.463513851165772,0.4398912964632886,0.0,1.0144640114213277,0.0,1.0150723434977358,0.0,pooled_embedding,True,768,10.613424301147461,-0.028120746836066246,0.3819451630115509,-6.489610195159912,1.1933585405349731,0,0,cls_embedding,True,768,11.504534721374512,0.014089219272136688,0.4148949980735779,-1.809913992881775,1.416538953781128,0,0,1369,768,0.030441313982009888,0.5448571443557739,2.4144742488861084,0.3972772520006916,2.013364943470631,0.37762385108125146,0.7901315193897558,1.7375933737616367,0.7802618975373466,2.367894597793987,1.0921059751775748,0.5721110435180757,0.9427275734889545,0.4444713750919127,True,1.8051329191449412,0.7901315193897558,1.8051329191449412,
313,patient00317/study1,patient00317/study1/view2_lateral.dcm,/home/jovyan/Desktop/MEDAGENT-X/data/raw/chexpert_plus/dicom_train/patient00317/study1/view2_lateral.dcm,True,/home/jovyan/Desktop/MEDAGENT-X/outputs/chexpert_plus/convnext_features/patient00317_study1_view2_lateral.npz,/home/jovyan/Desktop/MEDAGENT-X/outputs/chexpert_plus/raddino_features/patient00317__study1__view2_lateral.npz,ok,,,0.4865835607051849,2.8993372803346475,0.2297941595315933,6.377896659545087,0.7328660413622856,5.28961026733386,0.0073200021870434,0.8783213981441469,0.9988329676974508,0.27770821579625327,0.001168395858258,0.2776605140689211,0.0527925791347607,103.50742248025593,5.4296040534973145,3.52184033677867,0.0,0.2776605140689211,0.0,0.27770821579625327,0.0,pooled_embedding,True,768,10.435212135314941,-0.020886965095996857,0.3759685456752777,-5.42368221282959,1.1692521572113037,0,0,cls_embedding,True,768,17.968900680541992,0.031134486198425293,0.6476488709449768,-2.737349033355713,2.1478588581085205,0,0,1369,768,0.03677288442850113,0.577253520488739,1.8046329021453857,0.15103552455223274,0.6792187149588185,0.14609906480366325,5.177814595897978,1.5452018196277895,5.175610051473815,0.9694728452719632,1.548254345048284,2.405095228405606,1.7220812602432671,6.731023027219016,True,103.50742248025593,6.731023027219016,103.50742248025593,extreme_outlier
314,patient00317/study8,patient00317/study8/view1_frontal.dcm,/home/jovyan/Desktop/MEDAGENT-X/data/raw/chexpert_plus/dicom_train/patient00317/study8/view1_frontal.dcm,True,/home/jovyan/Desktop/MEDAGENT-X/outputs/chexpert_plus/convnext_features/patient00317_study8_view1_frontal.npz,/home/jovyan/Desktop/MEDAGENT-X/outputs/chexpert_plus/raddino_features/patient00317__study8__view1_frontal.npz,ok,,,0.2591740489006042,0.3369199768398656,0.0900019705295562,0.20609560254736942,0.3213675282895565,0.15834542087913514,0.0084920888766646,0.3275403311058437,0.9989117759459076,0.41370690645929414,0.0010894095757976,0.41360321075380646,0.0010687460371652,0.5588812953609676,4.256433963775635,0.22071954367400895,0.0,0.41360321075380646,0.22071954367400895,0.41370690645929414,0.0,pooled_embedding,True,768,9.806092262268066,-0.01325372327119112,0.35359856486320496,-5.837035179138184,1.239556074142456,0,0,cls_embedding,True,768,11.212654113769531,0.017579779028892517,0.40421968698501587,-1.5921721458435059,1.7336103916168213,0,0,1369,768,0.03107687458395958,0.5394905209541321,1.9349749088287354,0.7182405071234296,0.7286010338003569,0.7204789232357153,1.0595976587276195,1.0653367971254615,1.0534293644196868,0.2561739325404233,1.0039896528296255,0.21802488216662147,0.8934404199134551,0.8982572499745762,True,0.5588812953609676,1.0595976587276195,1.0595976587276195,
315,patient00317/study2,patient00317/study2/view1_frontal.dcm,/home/jovyan/Desktop/MEDAGENT-X/data/raw/chexpert_plus/dicom_train/patient00317/study2/view1_frontal.dcm,True,/home/jovyan/Desktop/MEDAGENT-X/outputs/chexpert_plus/convnext_features/patient00317_study2_view1_frontal.npz,/home/jovyan/Desktop/MEDAGENT-X/outputs/chexpert_plus/raddino_features/patient00317__study2__view1_frontal.npz,ok,,,0.3484752476215362,0.9339224349029938,0.0946846157312393,0.01444962243338135,0.299145296216011,0.1187592456657697,0.0096662063151597,0.22419501520340213,0.9986016492067388,0.12147603812366148,0.0014003089163452,0.12148330598133299,0.0011717797395503,0.3515815666014457,4.400984287261963,0.24041413687757338,0.1187592456657697,0.0,0.0,0.0,0.22419501520340213,pooled_embedding,True,768,10.59018325805664,-0.0161130428314209,0.38180047273635864,-6.873674392700195,1.1019165515899658,0,0,cls_embedding,True,768,11.749361038208008,0.019696170464158058,0.4235108196735382,-1.5578802824020386,1.4308996200561523,0,0,1369,768,0.034889087080955505,0.5279255509376526,1.9294533729553223,0.36516432316862774,0.20124887631681906,0.3720187766460823,0.564106217651604,0.657735105637428,0.5597941151892498,0.28639063424183164,0.678709735489143,1.0890782086887159,0.951583596694336,0.36293413979429723,True,0.9339224349029938,1.0890782086887159,1.0890782086887159,
316,patient00317/study6,patient00317/study6/view1_frontal.dcm,/home/jovyan/Desktop/MEDAGENT-X/data/raw/chexpert_plus/dicom_train/patient00317/study6/view1_frontal.dcm,True,/home/jovyan/Desktop/MEDAGENT-X/outputs/chexpert_plus/convnext_features/patient00317_study6_view1_frontal.npz,/home/jovyan/Desktop/MEDAGENT-X/outputs/chexpert_plus/raddino_features/patient00317__study6__view1_frontal.npz,ok,,,0.2489359527826309,0.4826179848014389,0.0898899585008621,0.21137119294657664,0.2920634970068931,0.20706718889514156,0.0104909781366586,0.611767630719667,0.9983909114509903,0.48514430148755344,0.0016116818878799,0.4852757375485587,0.0012354899283031,0.22339918994268687,4.352564334869385,0.08594840950731411,0.20706718889514156,0.0,0.0,0.0,0.611767630719667,pooled_embedding,True,768,9.127041816711426,-0.013284514658153057,0.32907572388648987,-5.2767462730407715,1.010636329650879,0,0,cls_embedding,True,768,11.613884925842285,0.023356152698397636,0.4184286296367645,-1.4953606128692627,1.5340529680252075,0,0,1369,768,0.032752517610788345,0.536993682384491,2.0610225200653076,1.656507285698211,0.7229220937573688,1.670455339091314,0.689178675432355,0.04715101544301732,0.6898408151910518,0.4336238259510472,0.9749681650234614,0.10140508982650423,0.905442486320952,0.7877544554323247,True,0.611767630719667,1.656507285698211,1.656507285698211,
317,patient00317/study3,patient00317/study3/view1_frontal.dcm,/home/jovyan/Desktop/MEDAGENT-X/data/raw/chexpert_plus/dicom_train/patient00317/study3/view1_frontal.dcm,True,/home/jovyan/Desktop/MEDAGENT-X/outputs/chexpert_plus/convnext_features/patient00317_study3_view1_frontal.npz,/home/jovyan/Desktop/MEDAGENT-X/outputs/chexpert_plus/raddino_features/patient00317__study3__view1_frontal.npz,ok,,,0.2049987912178039,1.107886280949095,0.0856314375996589,0.411940830360812,0.3084249179810285,0.0030451046943424168,0.0097189852967858,0.24899664811556585,0.9986763641487366,0.007458870133247207,0.0013253901852294,0.007458758676511833,0.0011705604057942,0.3540348178294964,4.183916568756104,0.45205913851436136,0.0030451046943424168,0.007458758676511833,0.45205913851436136,0.007458870133247207,0.24899664811556585,pooled_embedding,True,768,10.982171058654785,-0.01996549963951111,0.39578166604042053,-7.300877094268799,1.160759687423706,0,0,cls_embedding,True,768,11.188788414001465,0.020261505618691444,0.4032319188117981,-1.266979455947876,1.9962115287780762,0,0,1369,768,0.032733019441366196,0.5462561249732971,2.2915430068969727,0.9067870160251882,0.5092703107009671,0.91362828742782,1.081630633209435,0.5488556415620383,1.0787050802753118,1.6951512245496823,0.6929157948050887,1.0319926554440924,0.8485285548754807,1.3117599274552327,True,1.107886280949095,1.3117599274552327,1.3117599274552327,
318,patient00317/study7,patient00317/study7/view1_frontal.dcm,/home/jovyan/Desktop/MEDAGENT-X/data/raw/chexpert_plus/dicom_train/patient00317/study7/view1_frontal.dcm,True,/home/jovyan/Desktop/MEDAGENT-X/outputs/chexpert_plus/convnext_features/patient00317_study7_view1_frontal.npz,/home/jovyan/Desktop/MEDAGENT-X/outputs/chexpert_plus/raddino_features/patient00317__study7__view1_frontal.npz,ok,,,0.2336448282003402,0.7002254740709406,0.086012452840805,0.3939956116947772,0.2688644751906395,0.4963521348576047,0.0099549619480967,0.35988560620717913,0.9985563681613542,0.19961713381785173,0.0014457189245149,0.19963812951245216,0.0013127652050919,0.06792439337309562,4.319033622741699,0.02101877203910184,0.4963521348576047,0.0,0.02101877203910184,0.0,0.35988560620717913,pooled_embedding,True,768,9.778631210327148,-0.013097050599753857,0.35261276364326477,-5.721079349517822,0.938552975654602,0,0,cls_embedding,True,768,12.354009628295898,0.023195331916213036,0.44518303871154785,-1.654080867767334,2.0083131790161133,0,0,1369,768,0.032362766563892365,0.5391222834587097,1.8458706140518188,0.7561843637389108,0.7574966047782684,0.7586673170908182,0.005890574056766755,0.016178095333535168,0.005229931792718924,0.7437987451496979,1.1308701889708384,0.7278809541784839,0.981658304153977,0.08603688673001157,True,0.7002254740709406,0.7561843637389108,0.7561843637389108,
319,patient00319/study2,patient00319/study2/view1_frontal.dcm,/home/jovyan/Desktop/MEDAGENT-X/data/raw/chexpert_plus/dicom_train/patient00319/study2/view1_frontal.dcm,True,/home/jovyan/Desktop/MEDAGENT-X/outputs/chexpert_plus/convnext_features/patient00319_study2_view1_frontal.npz,/home/jovyan/Desktop/MEDAGENT-X/outputs/chexpert_plus/raddino_features/patient00319__study2__view1_frontal.npz,ok,,,0.493734210729599,3.001097944835398,0.1844579428434372,4.242632150145232,0.6061050146818161,3.7089377267479313,0.0093862134963274,0.09262220161795276,0.998211502801276,0.7947482063139855,0.0017917016521096,0.7951063998313668,0.001198300248744,0.2982233523943103,5.382770538330078,3.372435543338144,0.0,0.0,0.0,0.0,0.09262220161795276,pooled_embedding,True,768,10.388286590576172,-0.014852199703454971,0.374560683965683,-6.478722095489502,1.152904748916626,0,0,cls_embedding,True,768,10.301864624023438,0.019173579290509224,0.3712417185306549,-1.4406366348266602,1.0623571872711182,0,0,1369,768,0.033173926174640656,0.5169602036476135,1.7218923568725586,0.08619692532442387,0.4337896363736248,0.09156070922850558,1.9004446391598842,0.758382387981611,1.897293119852127,1.4222719273461049,0.978528637718034,0.1157124743771172,0.8148860239753642,1.621506062305377,True,4.242632150145232,1.9004446391598842,4.242632150145232,moderate_outlier
320,patient00319/study1,patient00319/study1/view1_frontal.dcm,/home/jovyan/Desktop/MEDAGENT-X/data/raw/chexpert_plus/dicom_train/patient00319/study1/view1_frontal.dcm,True,/home/jovyan/Desktop/MEDAGENT-X/outputs/chexpert_plus/convnext_features/patient00319_study1_view1_frontal.npz,/home/jovyan/Desktop/MEDAGENT-X/outputs/chexpert_plus/raddino_features/patient00319__study1__view1_frontal.npz,ok,,,0.536643385887146,3.611737000348232,0.1637998074293136,3.269666459523806,0.5548229664564133,3.069465740936169,0.0077246972359716,0.6881491413925328,0.9989791113993836,0.5299070972672619,0.0010219318792223,0.5297385668281945,0.0006322245525045,1.4371452349566485,5.244296550750732,2.9306861372279784,0.0,0.5297385668281945,0.0,0.5299070972672619,0.0,pooled_embedding,True,768,10.670333862304688,-0.021271804347634315,0.3844444453716278,-7.238774299621582,0.8867657780647278,0,0,cls_embedding,True,768,11.14919662475586,0.013451010920107365,0.4020870625972748,-1.827622652053833,1.4836711883544922,0,0,1369,768,0.03213370963931084,0.5155383944511414,1.7347415685653687,0.47591110161598005,0.7501956748125311,0.4744421316748982,1.1181820392279198,1.8605076888898793,1.1080004768657605,1.351954391479062,0.7821072243123285,0.673586289198346,0.8744498844120643,1.0731027450342208,True,3.611737000348232,1.1181820392279198,3.611737000348232,moderate_outlier
321,patient00319/study4,patient00319/study4/view1_frontal.dcm,/home/jovyan/Desktop/MEDAGENT-X/data/raw/chexpert_plus/dicom_train/patient00319/study4/view1_frontal.dcm,True,/home/jovyan/Desktop/MEDAGENT-X/outputs/chexpert_plus/convnext_features/patient00319_study4_view1_frontal.npz,/home/jovyan/Desktop/MEDAGENT-X/outputs/chexpert_plus/raddino_features/patient00319__study4__view1_frontal.npz,ok,,,0.5456911325454712,3.7404951844352863,0.1875234693288803,4.387013626703287,0.5531135499477386,3.0481498222627006,0.0087251542136073,0.21801944318207697,0.9985828721231718,0.15387948356988632,0.0014191389782354,0.1538915838792126,0.0006118007120909,1.478237193024335,5.472281455993652,3.657986608989392,0.0,0.0,0.0,0.0,0.0,pooled_embedding,True,768,9.463630676269531,-0.018772566691040993,0.3409729599952698,-5.111257076263428,1.3437453508377075,0,0,cls_embedding,True,768,13.133162498474121,0.022616712376475334,0.4733622074127197,-2.8678982257843018,2.08980393409729,0,0,1369,768,0.035062287002801895,0.5263879895210266,1.8309392929077148,1.1914311679690446,0.2892544115132741,1.2095750631095015,0.7134285941597337,0.09525984530220696,0.7158387161454963,0.8255106614286067,1.273886951682484,1.3025787532708326,1.0006862809047667,0.08915332919262907,True,4.387013626703287,1.3025787532708326,4.387013626703287,moderate_outlier
322,patient00319/study3,patient00319/study3/view1_frontal.dcm,/home/jovyan/Desktop/MEDAGENT-X/data/raw/chexpert_plus/dicom_train/patient00319/study3/view1_frontal.dcm,True,/home/jovyan/Desktop/MEDAGENT-X/outputs/chexpert_plus/convnext_features/patient00319_study3_view1_frontal.npz,/home/jovyan/Desktop/MEDAGENT-X/outputs/chexpert_plus/raddino_features/patient00319__study3__view1_frontal.npz,ok,,,0.5319599509239197,3.5450871919564406,0.1650694012641906,3.3294623325586614,0.5213675200939178,2.6522862119982764,0.0094926450401544,0.14263597602103378,0.9982687762063798,0.6959120025352798,0.0017342261271551,0.6961857061069671,0.0006509718090035,1.399426497327456,5.273739337921143,3.024612324912175,0.0,0.0,0.0,0.0,0.14263597602103378,pooled_embedding,True,768,10.249811172485352,-0.01961500756442547,0.36933767795562744,-5.350476264953613,1.1311486959457397,0,0,cls_embedding,True,768,11.876931190490723,0.01816071756184101,0.42818689346313477,-1.8659229278564453,2.097163200378418,0,0,1369,768,0.03330988064408302,0.514305591583252,1.6097317934036255,0.1051392048468251,0.4446280949276308,0.11077035568098331,0.4463325953735203,0.95345223516083,0.4401394071004517,2.0360725738875307,1.5169379638349274,2.2792536485962525,0.9123547459852943,0.7241134136668503,True,3.5450871919564406,2.2792536485962525,3.5450871919564406,moderate_outlier
323,patient00322/study1,patient00322/study1/view1_frontal.dcm,/home/jovyan/Desktop/MEDAGENT-X/data/raw/chexpert_plus/dicom_train/patient00322/study1/view1_frontal.dcm,True,/home/jovyan/Desktop/MEDAGENT-X/outputs/chexpert_plus/convnext_features/patient00322_study1_view1_frontal.npz,/home/jovyan/Desktop/MEDAGENT-X/outputs/chexpert_plus/raddino_features/patient00322__study1__view1_frontal.npz,ok,,,0.2858884930610657,0.043252396336722516,0.0514171235263347,2.0233812171215124,0.1979490965604782,1.3806459485114568,0.0037144105881452,2.5726428214061925,0.999827588982256,1.9941172857574956,0.0001724407484289,1.9917913629937156,0.0014787853160019,0.26610149489048757,3.2759156227111816,3.3486961580338397,1.3806459485114568,1.9917913629937156,3.3486961580338397,1.9941172857574956,0.0,pooled_embedding,True,768,10.947665214538574,-0.018025102093815804,0.3946284055709839,-7.2500529289245605,1.0119516849517822,0,0,cls_embedding,True,768,12.399491310119629,0.023478686809539795,0.44681164622306824,-1.426269292831421,1.9135265350341797,0,0,1369,768,0.03148001432418823,0.5664712190628052,2.5111865997314453,0.8591091337518302,0.15139746349253919,0.8689527847671114,0.03609842038927814,0.07075019947593698,0.036444037684783416,2.897154630388701,1.024199761341829,0.29923707478769757,1.0121028171122817,0.19426515844689685,True,3.3486961580338397,0.8591091337518302,3.3486961580338397,
324,patient00323/study1,patient00323/study1/view1_frontal.dcm,/home/jovyan/Desktop/MEDAGENT-X/data/raw/chexpert_plus/dicom_train/patient00323/study1/view1_frontal.dcm,True,/home/jovyan/Desktop/MEDAGENT-X/outputs/chexpert_plus/convnext_features/patient00323_study1_view1_frontal.npz,/home/jovyan/Desktop/MEDAGENT-X/outputs/chexpert_plus/raddino_features/patient00323__study1__view1_frontal.npz,ok,,,0.4711041152477264,2.6790498029058867,0.0609889104962348,1.5725651036167636,0.1833681762218475,1.5624657159849518,0.0072968467138707,0.8892025013379374,0.9993654143012448,1.1965465656121061,0.0006349886534735,1.19570364245525,0.0015174834431818,0.3439605942161744,3.883710861206055,1.4097530371256615,1.5624657159849518,1.19570364245525,1.4097530371256615,1.1965465656121061,0.0,pooled_embedding,True,768,11.297953605651855,-0.02490825764834881,0.40691813826560974,-7.873399257659912,1.1575835943222046,0,0,cls_embedding,True,768,12.436216354370117,0.022346273064613342,0.44819656014442444,-1.8064252138137817,1.6760647296905518,0,0,1369,768,0.0331609845161438,0.5299104452133179,2.1641621589660645,1.3431143537654693,1.42087674187235,1.3450377631817099,0.07000322815432275,0.14734450181848938,0.07188220193203457,0.9980573049150588,0.8456928884579845,0.41807399437727055,0.9725172097761683,0.17019876682854002,True,2.6790498029058867,1.3431143537654693,2.6790498029058867,
324,patient00323/study1,patient00323/study1/view2_lateral.dcm,/home/jovyan/Desktop/MEDAGENT-X/data/raw/chexpert_plus/dicom_train/patient00323/study1/view2_lateral.dcm,True,/home/jovyan/Desktop/MEDAGENT-X/outputs/chexpert_plus/convnext_features/patient00323_study1_view2_lateral.npz,/home/jovyan/Desktop/MEDAGENT-X/outputs/chexpert_plus/raddino_features/patient00323__study1__view2_lateral.npz,ok,,,0.2154824882745742,0.9586931341331993,0.0830762982368469,0.5322838760876152,0.2995177954435348,0.11411429038451791,0.0026977877132594,3.050369116537239,0.999893624185636,2.108073646585189,0.0001063871313817,2.1054757465028264,0.001038547261002,0.6196400370404878,3.6097607612609854,2.2836882510243157,0.11411429038451791,2.1054757465028264,2.2836882510243157,2.108073646585189,0.0,pooled_embedding,True,768,9.10084056854248,-0.008514837361872196,0.32828789949417114,-2.2881546020507812,1.5614761114120483,0,0,cls_embedding,True,768,10.763267517089844,0.019907107576727867,0.3878754675388336,-1.2343711853027344,1.335518717765808,0,0,1369,768,0.037569236010313034,0.5589783787727356,1.8006081581115723,1.6927104291833208,1.6026067738746996,1.7009744210055664,1.4744743861371408,0.6171101425760611,1.4716568977668296,0.9914983274353326,2.0611398507421894,4.466071618305755,0.9268877692308762,0.5903081482017984,True,3.050369116537239,4.466071618305755,4.466071618305755,moderate_outlier
325,patient00323/study2,patient00323/study2/view1_frontal.dcm,/home/jovyan/Desktop/MEDAGENT-X/data/raw/chexpert_plus/dicom_train/patient00323/study2/view1_frontal.dcm,True,/home/jovyan/Desktop/MEDAGENT-X/outputs/chexpert_plus/convnext_features/patient00323_study2_view1_frontal.npz,/home/jovyan/Desktop/MEDAGENT-X/outputs/chexpert_plus/raddino_features/patient00323__study2__view1_frontal.npz,ok,,,0.3830716013908386,1.4262620035921632,0.1159256473183631,1.0148688061293074,0.4271062538027763,1.4768760787019846,0.0109925977885723,0.847486208172073,0.998077455915762,1.0260717197066593,0.0019262473797425,1.0266720397387334,0.0015279776130322,0.36507444835502,4.54566764831543,0.7019722239715048,0.0,0.0,0.0,0.0,0.847486208172073,pooled_embedding,True,768,10.80191707611084,-0.022562412545084953,0.38912704586982727,-7.149109840393066,1.123390555381775,0,0,cls_embedding,True,768,13.917811393737793,0.02725948579609394,0.5014753937721252,-1.7272319793701172,2.2321407794952393,0,0,1369,768,0.03291834518313408,0.5347303152084351,2.0706024169921875,0.6577240419362103,0.9882260883619839,0.6558387342295112,1.437821729686472,0.7989047536935301,1.4352189609065347,0.48604997954421997,0.7667877655363412,0.7351459209150619,1.146174700974651,1.4286624141629503,True,1.4768760787019846,1.437821729686472,1.4768760787019846,
325,patient00323/study2,patient00323/study2/view2_lateral.dcm,/home/jovyan/Desktop/MEDAGENT-X/data/raw/chexpert_plus/dicom_train/patient00323/study2/view2_lateral.dcm,True,/home/jovyan/Desktop/MEDAGENT-X/outputs/chexpert_plus/convnext_features/patient00323_study2_view2_lateral.npz,/home/jovyan/Desktop/MEDAGENT-X/outputs/chexpert_plus/raddino_features/patient00323__study2__view2_lateral.npz,ok,,,0.4031024277210235,1.7113200320090614,0.1345322132110595,1.8912087986294694,0.5064713321626186,2.466535150816315,0.0109937647357583,0.8480345741094851,0.9980366313552042,1.0965222993284678,0.0019672310445457,1.097208716992403,0.0013110886211773,0.07129761381158989,4.563944816589356,0.7602786855064289,0.0,0.0,0.0,0.0,0.8480345741094851,pooled_embedding,True,768,9.7274751663208,-0.012152265757322311,0.3507996201515198,-4.998580455780029,1.1895909309387207,0,0,cls_embedding,True,768,13.015552520751953,0.023919163271784782,0.4690488278865814,-1.5123988389968872,1.9636448621749878,0,0,1369,768,0.0342877060174942,0.5708654522895813,1.8529880046844482,0.8268683857118586,0.9317458674154188,0.8289056535606958,0.6048502720010539,0.15558278199354447,0.6054648873097442,0.7048487003489167,1.520301724755944,2.2927705676016057,1.057485605792799,0.6121036208457664,True,2.466535150816315,2.2927705676016057,2.466535150816315,
326,patient00327/study2,patient00327/study2/view1_frontal.dcm,/home/jovyan/Desktop/MEDAGENT-X/data/raw/chexpert_plus/dicom_train/patient00327/study2/view1_frontal.dcm,True,/home/jovyan/Desktop/MEDAGENT-X/outputs/chexpert_plus/convnext_features/patient00327_study2_view1_frontal.npz,/home/jovyan/Desktop/MEDAGENT-X/outputs/chexpert_plus/raddino_features/patient00327__study2__view1_frontal.npz,ok,,,0.2693310678005218,0.19237577609260853,0.0554619617760181,1.8328756965523836,0.1555555611848831,1.9092808059387032,0.0086473925039172,0.2545608336927724,0.998881342173836,0.3611876177461069,0.0011199106229469,0.3611080879042474,0.0021989160122908,1.7149759365186539,3.592304944992065,2.3393744965406102,1.9092808059387032,0.3611080879042474,2.3393744965406102,0.3611876177461069,0.0,pooled_embedding,True,768,9.234712600708008,-0.007798303384333849,0.33313775062561035,-5.159235000610352,1.0684216022491455,0,0,cls_embedding,True,768,13.657339096069336,0.012040537782013416,0.4926697015762329,-1.574800729751587,1.7352735996246338,0,0,1369,768,0.0315215066075325,0.5226753950119019,1.9503754377365112,1.50773495176022,1.7347591027786933,1.5130987911120926,1.1973519532490726,2.132154619276079,1.209892634456453,0.17189426856306586,1.2506584319467393,1.2092373930330746,1.1163272395896877,1.1538574113369202,True,2.3393744965406102,1.50773495176022,2.3393744965406102,
327,patient00327/study1,patient00327/study1/view1_frontal.dcm,/home/jovyan/Desktop/MEDAGENT-X/data/raw/chexpert_plus/dicom_train/patient00327/study1/view1_frontal.dcm,True,/home/jovyan/Desktop/MEDAGENT-X/outputs/chexpert_plus/convnext_features/patient00327_study1_view1_frontal.npz,/home/jovyan/Desktop/MEDAGENT-X/outputs/chexpert_plus/raddino_features/patient00327__study1__view1_frontal.npz,ok,,,0.222155749797821,0.8637261696370562,0.0596097148954868,1.6375230474622846,0.1880341991782188,1.5042817886847157,0.0051688360981643,1.8891865195562492,0.9995861923405504,1.5775412566582523,0.0004139789671171,1.5760817514241423,0.0016814612495732,0.6738774466696326,3.4513721466064453,2.7889678178322206,1.5042817886847157,1.5760817514241423,2.7889678178322206,1.5775412566582523,0.0,pooled_embedding,True,768,10.657992362976074,-0.010814604349434376,0.38443508744239807,-6.973849296569824,0.9411779642105103,0,0,cls_embedding,True,768,12.331558227539062,0.01845276728272438,0.44459396600723267,-1.874686598777771,1.4957605600357056,0,0,1369,768,0.030979137867689133,0.5274744033813477,2.106358289718628,0.4588584380125439,1.1784544337623999,0.47407962016662974,0.02661785818267707,0.8972055700840864,0.020303543897542815,0.6817246188145646,1.0628826898282744,0.45468034900324966,0.9964188020664497,0.049862733617404294,True,2.7889678178322206,0.4588584380125439,2.7889678178322206,
327,patient00327/study1,patient00327/study1/view2_lateral.dcm,/home/jovyan/Desktop/MEDAGENT-X/data/raw/chexpert_plus/dicom_train/patient00327/study1/view2_lateral.dcm,True,/home/jovyan/Desktop/MEDAGENT-X/outputs/chexpert_plus/convnext_features/patient00327_study1_view2_lateral.npz,/home/jovyan/Desktop/MEDAGENT-X/outputs/chexpert_plus/raddino_features/patient00327__study1__view2_lateral.npz,ok,,,0.3752822875976562,1.3154125360762294,0.0933342725038528,0.04914942000061422,0.3225885480642319,0.17357117661718913,0.0059648309834301,1.5151366168093634,0.9994738207897772,1.383622674883263,0.0005264562205411,1.382497996500194,0.0014247914939277,0.15746806319221868,4.376790046691895,0.1632314718157352,0.0,1.382497996500194,0.0,1.383622674883263,0.0,pooled_embedding,True,768,10.923004150390625,-0.017902936786413193,0.3937431871891022,-6.057638645172119,1.300980567932129,0,0,cls_embedding,True,768,13.606353759765625,0.009813403710722923,0.4908789098262787,-1.3573784828186035,1.6911650896072388,0,0,1369,768,0.032716698944568634,0.5461409687995911,1.5013902187347412,0.8250341141921937,0.1288661804122985,0.8346608123782691,1.150281947984464,2.561084541927527,1.1640685791206864,2.6289737373833524,1.8573425288219247,3.6471335431611287,1.2099552083972496,2.0158883191219146,True,1.5151366168093634,3.6471335431611287,3.6471335431611287,moderate_outlier
327,patient00327/study1,patient00327/study1/view3_lateral.dcm,/home/jovyan/Desktop/MEDAGENT-X/data/raw/chexpert_plus/dicom_train/patient00327/study1/view3_lateral.dcm,True,/home/jovyan/Desktop/MEDAGENT-X/outputs/chexpert_plus/convnext_features/patient00327_study1_view3_lateral.npz,/home/jovyan/Desktop/MEDAGENT-X/outputs/chexpert_plus/raddino_features/patient00327__study1__view3_lateral.npz,ok,,,0.3552499115467071,1.030332453634282,0.1203349232673645,1.2225387692145304,0.4358974620699882,1.5864998476982868,0.0066493563354015,1.1934679150724419,0.9993580465347632,1.183832076783508,0.00064236583421,1.1830068321736116,0.001675364580793,0.6616111905299826,4.6193952560424805,0.937172549293875,0.0,1.1830068321736116,0.0,1.183832076783508,0.0,pooled_embedding,True,768,10.576067924499512,-0.022229650989174843,0.3809829652309418,-5.187459945678711,1.6454299688339233,0,0,cls_embedding,True,768,14.693346977233887,0.016585953533649445,0.5299410223960876,-1.898814082145691,1.446624994277954,0,0,1369,768,0.03631722927093506,0.5733704566955566,1.9955177307128906,0.345660693310467,0.9268539609238483,0.3403498174635643,2.153801394517976,1.256740403355886,2.163617749467616,0.07514771979979551,1.830506125757791,3.539294283733835,1.34046347480243,3.2174754174593225,True,1.5864998476982868,3.539294283733835,3.539294283733835,moderate_outlier
328,patient00329/study1,patient00329/study1/view1_frontal.dcm,/home/jovyan/Desktop/MEDAGENT-X/data/raw/chexpert_plus/dicom_train/patient00329/study1/view1_frontal.dcm,True,/home/jovyan/Desktop/MEDAGENT-X/outputs/chexpert_plus/convnext_features/patient00329_study1_view1_frontal.npz,/home/jovyan/Desktop/MEDAGENT-X/outputs/chexpert_plus/raddino_features/patient00329__study1__view1_frontal.npz,ok,,,0.2431737035512924,0.5646203634380561,0.0479320771992206,2.1875214184772447,0.133864015340805,2.179767972037665,0.0033175514545291,2.759132864346288,0.9998168070251304,1.9755109586207604,0.0001832265406847,1.9732280170624583,0.0003321524555311,2.040878410324734,3.3274147510528564,3.184407472788241,2.179767972037665,1.9732280170624583,3.184407472788241,1.9755109586207604,0.0,pooled_embedding,True,768,10.776070594787598,-0.022189393639564514,0.3882143199443817,-7.386140823364258,0.9631543755531311,0,0,cls_embedding,True,768,12.320225715637207,0.024513229727745056,0.4438914954662323,-1.7763687372207642,1.6476202011108398,0,0,1369,768,0.032068025320768356,0.5442459583282471,2.375842571258545,0.6220110917020456,0.9194291873984052,0.6204811627255997,0.0370801093621942,0.26999568703127796,0.038278860649683055,2.1564820658718706,0.9386364066724744,0.04459025481407953,0.9912065882124864,0.0018739809260329397,True,3.184407472788241,0.6220110917020456,3.184407472788241,
328,patient00329/study1,patient00329/study1/view2_lateral.dcm,/home/jovyan/Desktop/MEDAGENT-X/data/raw/chexpert_plus/dicom_train/patient00329/study1/view2_lateral.dcm,True,/home/jovyan/Desktop/MEDAGENT-X/outputs/chexpert_plus/convnext_features/patient00329_study1_view2_lateral.npz,/home/jovyan/Desktop/MEDAGENT-X/outputs/chexpert_plus/raddino_features/patient00329__study1__view2_lateral.npz,ok,,,0.2441358268260955,0.5509284188677968,0.1118519455194473,0.8230038577827089,0.3567112386226654,0.5990710434854718,0.0041657504625618,2.360551463463677,0.9997897234302312,1.9287730407394947,0.0002103207953041,1.9265962992135424,0.0004786615283317,1.7461079580424574,3.9260952472686768,1.2745415241273907,0.0,1.9265962992135424,1.2745415241273907,1.9287730407394947,0.0,pooled_embedding,True,768,10.222539901733398,-0.02637268602848053,0.36793017387390137,-4.612003326416016,1.5144703388214111,0,0,cls_embedding,True,768,13.686859130859375,0.018874485045671463,0.49352121353149414,-1.2936069965362549,1.9279136657714844,0,0,1369,768,0.03448142483830452,0.5905309319496155,2.219900608062744,0.14282083442752672,1.6909652889812732,0.16529485731314983,1.2246050478388877,0.815985777448603,1.231681729116932,1.3030869430929615,1.583286773032159,2.5458693508054187,1.3268078887653427,3.0917486994945116,True,2.360551463463677,3.0917486994945116,3.0917486994945116,
329,patient00329/study3,patient00329/study3/view1_frontal.dcm,/home/jovyan/Desktop/MEDAGENT-X/data/raw/chexpert_plus/dicom_train/patient00329/study3/view1_frontal.dcm,True,/home/jovyan/Desktop/MEDAGENT-X/outputs/chexpert_plus/convnext_features/patient00329_study3_view1_frontal.npz,/home/jovyan/Desktop/MEDAGENT-X/outputs/chexpert_plus/raddino_features/patient00329__study3__view1_frontal.npz,ok,,,0.3531743586063385,1.0007953282404685,0.0976308137178421,0.15321091435436646,0.2876678854227066,0.26187916629983005,0.0107351690530776,0.7265165948511381,0.9980841815324888,1.0144653829760262,0.0019194958731532,1.0150520725261307,0.0013275496268838,0.03817872223461557,4.523841857910156,0.6323452122998009,0.26187916629983005,0.0,0.0,0.0,0.7265165948511381,pooled_embedding,True,768,10.266955375671387,-0.019206220284104347,0.3699786961078644,-7.17596435546875,0.9123573899269104,0,0,cls_embedding,True,768,12.524041175842285,0.029101921245455742,0.4509844183921814,-2.636488199234009,2.267726421356201,0,0,1369,768,0.033200085163116455,0.5220900177955627,1.924184799194336,0.08145048422253244,0.36923433438837605,0.08593831736459749,0.15108369380886386,1.1537445026661302,0.14321990527847547,0.3152229963558142,0.6405045571795085,1.2426016941331939,0.9621485721362967,0.26566261412787723,True,1.0150520725261307,1.2426016941331939,1.2426016941331939,
330,patient00329/study2,patient00329/study2/view1_frontal.dcm,/home/jovyan/Desktop/MEDAGENT-X/data/raw/chexpert_plus/dicom_train/patient00329/study2/view1_frontal.dcm,True,/home/jovyan/Desktop/MEDAGENT-X/outputs/chexpert_plus/convnext_features/patient00329_study2_view1_frontal.npz,/home/jovyan/Desktop/MEDAGENT-X/outputs/chexpert_plus/raddino_features/patient00329__study2__view1_frontal.npz,ok,,,0.3248968422412872,0.5983789261072616,0.1082568764686584,0.6536817591657595,0.3326007276773453,0.29842009745904724,0.0105223171412944,0.6264942977538281,0.9981856075624058,0.8394353888070968,0.0018176904413849,0.8398355095907835,0.0012107984197434,0.2730775273080478,4.636876106262207,0.992938656256312,0.0,0.0,0.0,0.0,0.6264942977538281,pooled_embedding,True,768,11.066201210021973,-0.02253260463476181,0.3986809253692627,-7.551467418670654,1.0573463439941406,0,0,cls_embedding,True,768,11.907684326171875,0.027332009747624397,0.42881137132644653,-1.5737849473953247,1.927601933479309,0,0,1369,768,0.029863599687814713,0.5196505784988403,1.99770987033844,1.022894294861906,0.9827285336158743,1.025941048761818,0.41794109375053884,0.8128723424980564,0.4241598225590938,0.08714424226594684,0.6890304558473237,1.0476054808599307,0.9477734246095371,0.3980143208866271,True,0.992938656256312,1.0476054808599307,1.0476054808599307,
331,patient00335/study3,patient00335/study3/view1_frontal.dcm,/home/jovyan/Desktop/MEDAGENT-X/data/raw/chexpert_plus/dicom_train/patient00335/study3/view1_frontal.dcm,True,/home/jovyan/Desktop/MEDAGENT-X/outputs/chexpert_plus/convnext_features/patient00335_study3_view1_frontal.npz,/home/jovyan/Desktop/MEDAGENT-X/outputs/chexpert_plus/raddino_features/patient00335__study3__view1_frontal.npz,ok,,,0.2761229276657104,0.09572104250645531,0.0851715505123138,0.4336007889474268,0.2842490896582603,0.3045105391140767,0.0095094498246908,0.15053279563366706,0.9985223982037916,0.25823878625713315,0.0014797883341088,0.2582747341276734,0.001828238550456,0.9691875632306705,4.120335578918457,0.6548904788379972,0.3045105391140767,0.0,0.6548904788379972,0.0,0.15053279563366706,pooled_embedding,True,768,10.850841522216797,-0.021332038566470146,0.3909645080566406,-7.649994373321533,1.0719373226165771,0,0,cls_embedding,True,768,11.980530738830566,0.030289964750409126,0.4312477111816406,-1.9678844213485718,1.9254684448242188,0,0,1369,768,0.030682044103741646,0.5245555639266968,1.899153470993042,0.7253245902338594,0.7613048371808179,0.727019138822787,0.3506887958167329,1.3825530936060255,0.36181702231780305,0.45220737801863037,0.7005045032529018,1.0014982297542527,0.9129505938315803,0.7186274540078158,True,0.9691875632306705,1.0014982297542527,1.0014982297542527,
332,patient00335/study8,patient00335/study8/view1_frontal.dcm,/home/jovyan/Desktop/MEDAGENT-X/data/raw/chexpert_plus/dicom_train/patient00335/study8/view1_frontal.dcm,True,/home/jovyan/Desktop/MEDAGENT-X/outputs/chexpert_plus/convnext_features/patient00335_study8_view1_frontal.npz,/home/jovyan/Desktop/MEDAGENT-X/outputs/chexpert_plus/raddino_features/patient00335__study8__view1_frontal.npz,ok,,,0.276821106672287,0.08578528010623507,0.1074191555380821,0.6142264207517731,0.3934065978974104,1.0566513289365784,0.0099728712812066,0.3683014697158779,0.9984337231243542,0.4112645790399232,0.0015687339473515,0.4113583601176118,0.0012612483538994,0.1715742577527561,4.488374710083008,0.5192005577480806,0.0,0.0,0.0,0.0,0.3683014697158779,pooled_embedding,True,768,10.520737648010254,-0.02009851485490799,0.37910202145576477,-6.6465301513671875,1.02950918674469,0,0,cls_embedding,True,768,11.737632751464844,0.021869147196412086,0.4229803681373596,-1.770645260810852,1.5072866678237915,0,0,1369,768,0.030328523367643356,0.5406641960144043,2.0445961952209473,0.2692089942961592,0.5338026721037777,0.2674850043016147,0.5749338508255248,0.23923549499250377,0.5733676870729774,0.3437304757579503,0.7093527406439927,0.9659425196536179,0.9296760253827616,0.5646367274462439,True,1.0566513289365784,0.9659425196536179,1.0566513289365784,
333,patient00335/study6,patient00335/study6/view1_frontal.dcm,/home/jovyan/Desktop/MEDAGENT-X/data/raw/chexpert_plus/dicom_train/patient00335/study6/view1_frontal.dcm,True,/home/jovyan/Desktop/MEDAGENT-X/outputs/chexpert_plus/convnext_features/patient00335_study6_view1_frontal.npz,/home/jovyan/Desktop/MEDAGENT-X/outputs/chexpert_plus/raddino_features/patient00335__study6__view1_frontal.npz,ok,,,0.2896780669689178,0.0971816975500527,0.0898892730474472,0.21140347672446058,0.2715506702661514,0.4628560761263846,0.0092988600954413,0.051573531945728876,0.9985693995257324,0.17712902467068764,0.0014326500240713,0.17714534325048314,0.0010711847046773,0.5539747929050673,4.400725841522217,0.23958966251931804,0.4628560761263846,0.0,0.0,0.0,0.051573531945728876,pooled_embedding,True,768,10.962556838989258,-0.01721823588013649,0.39520230889320374,-7.32988977432251,1.1313903331756592,0,0,cls_embedding,True,768,11.091139793395996,0.026206685230135918,0.3993580639362335,-1.3705527782440186,1.170642614364624,0,0,1369,768,0.03180165961384773,0.5120067596435547,1.7637234926223755,0.8796853907773812,0.0025849122468975705,0.8911848997821581,1.1717804962720555,0.5961429751616645,1.1778320391666168,1.1933503048552225,0.5714812433912065,1.5199646113751155,0.8634308665788567,1.1745546302628984,True,0.5539747929050673,1.5199646113751155,1.5199646113751155,
334,patient00335/study5,patient00335/study5/view1_frontal.dcm,/home/jovyan/Desktop/MEDAGENT-X/data/raw/chexpert_plus/dicom_train/patient00335/study5/view1_frontal.dcm,True,/home/jovyan/Desktop/MEDAGENT-X/outputs/chexpert_plus/convnext_features/patient00335_study5_view1_frontal.npz,/home/jovyan/Desktop/MEDAGENT-X/outputs/chexpert_plus/raddino_features/patient00335__study5__view1_frontal.npz,ok,,,0.3251175582408905,0.6015199282132095,0.1107006296515464,0.7687786909862053,0.427350427955389,1.4799208582234435,0.0104090925306081,0.5732883596256932,0.998235005504197,0.7541898017449263,0.0017681152094155,0.7545119507047476,0.0014846912646929,0.2779840297637466,4.5397725105285645,0.6831659942831085,0.0,0.0,0.0,0.0,0.5732883596256932,pooled_embedding,True,768,10.388272285461426,-0.01808680035173893,0.37441790103912354,-6.656911373138428,1.0816789865493774,0,0,cls_embedding,True,768,11.062542915344238,0.022983990609645844,0.39852291345596313,-1.525255560874939,1.4889839887619019,0,0,1369,768,0.03052956610918045,0.5275573134422302,1.8874616622924805,0.08617715946753092,0.16277664260958816,0.08602952248928923,1.198181326354442,0.024524712569895156,1.1992024647465762,0.5161910057545155,0.9222516370735192,0.11043072587928016,0.8657998458840671,1.1527434833694772,True,1.4799208582234435,1.198181326354442,1.4799208582234435,
335,patient00335/study1,patient00335/study1/view1_frontal.dcm,/home/jovyan/Desktop/MEDAGENT-X/data/raw/chexpert_plus/dicom_train/patient00335/study1/view1_frontal.dcm,True,/home/jovyan/Desktop/MEDAGENT-X/outputs/chexpert_plus/convnext_features/patient00335_study1_view1_frontal.npz,/home/jovyan/Desktop/MEDAGENT-X/outputs/chexpert_plus/raddino_features/patient00335__study1__view1_frontal.npz,ok,,,0.2572752833366394,0.36394124691468366,0.0840120166540145,0.48821301016792384,0.2463980540633201,0.7765017667370441,0.0106490263715386,0.6860368603095526,0.9981978988234408,0.8182244693908551,0.0018053546082228,0.8186043999135876,0.0013364105102245,0.020350975870310487,4.246458053588867,0.2525439496685846,0.7765017667370441,0.0,0.2525439496685846,0.0,0.6860368603095526,pooled_embedding,True,768,9.89072322845459,-0.016370845958590508,0.3565250635147095,-6.21436071395874,1.215898036956787,0,0,cls_embedding,True,768,12.431721687316895,0.025196686387062073,0.44788292050361633,-1.505271315574646,1.968713402748108,0,0,1369,768,0.032394275069236755,0.5385944247245789,2.1606523990631104,0.6013030622972083,0.15370153770875847,0.6071109532438914,0.06585372131185331,0.40162449905272884,0.06385656731748601,0.9788500824207184,0.84470272546386,0.4220528600897699,0.9733350685725943,0.1626687566221652,True,0.8186043999135876,0.6013030622972083,0.8186043999135876,
336,patient00335/study7,patient00335/study7/view1_frontal.dcm,/home/jovyan/Desktop/MEDAGENT-X/data/raw/chexpert_plus/dicom_train/patient00335/study7/view1_frontal.dcm,True,/home/jovyan/Desktop/MEDAGENT-X/outputs/chexpert_plus/convnext_features/patient00335_study7_view1_frontal.npz,/home/jovyan/Desktop/MEDAGENT-X/outputs/chexpert_plus/raddino_features/patient00335__study7__view1_frontal.npz,ok,,,0.4157028794288635,1.8906366444039562,0.1256456673145294,1.472666462057066,0.4174174219369888,1.3560592087092154,0.0078760934993624,0.6170057727028452,0.9986391704306208,0.05672599710705571,0.001362683949992,0.05672725936910707,0.0283202458176852,54.27005702306748,4.806671619415283,1.5346076614372535,0.0,0.0,0.0,0.0,0.0,pooled_embedding,True,768,10.129389762878418,-0.016602713614702225,0.3651356101036072,-5.916996955871582,1.3119152784347534,0,0,cls_embedding,True,768,11.943218231201172,0.01741018146276474,0.4306119382381439,-2.1176397800445557,1.5592811107635498,0,0,1369,768,0.030461423099040985,0.5429801344871521,1.8994032144546509,0.2715295058953904,0.11093754924034856,0.2735518768364888,0.38513595372286835,1.0980000623768926,0.37808563341930096,0.45084065255413597,1.111270530878008,0.6491217922778422,0.9582468598291662,0.3015856042863467,True,54.27005702306748,0.6491217922778422,54.27005702306748,extreme_outlier
337,patient00335/study2,patient00335/study2/view1_frontal.dcm,/home/jovyan/Desktop/MEDAGENT-X/data/raw/chexpert_plus/dicom_train/patient00335/study2/view1_frontal.dcm,True,/home/jovyan/Desktop/MEDAGENT-X/outputs/chexpert_plus/convnext_features/patient00335_study2_view1_frontal.npz,/home/jovyan/Desktop/MEDAGENT-X/outputs/chexpert_plus/raddino_features/patient00335__study2__view1_frontal.npz,ok,,,0.2648383677005768,0.2563112429399669,0.0840632542967796,0.4857997977709968,0.2478632479906082,0.7582312314775315,0.0128876091912388,1.7379804110775985,0.997356524833674,2.2701760506885003,0.0026504816487431,2.2731461931325034,0.0017998273982558,0.9120254501695109,4.170068740844727,0.49623544817874315,0.7582312314775315,0.0,0.49623544817874315,0.0,1.7379804110775985,pooled_embedding,True,768,10.76319408416748,-0.01964638940989971,0.38788607716560364,-7.669470310211182,1.143049955368042,0,0,cls_embedding,True,768,12.151036262512207,0.027134930714964867,0.4376222789287567,-1.9640430212020874,1.7585651874542236,0,0,1369,768,0.031061965972185135,0.5191316604614258,2.1174464225769043,0.6042191850508135,0.45041593485529774,0.6077655520502232,0.19327694999635855,0.7749163454502933,0.19870004057332738,0.7424046199384213,0.6470212570081849,1.2164150221803622,0.9484166691299614,0.39209198096052267,True,2.2731461931325034,1.2164150221803622,2.2731461931325034,
338,patient00335/study4,patient00335/study4/view1_frontal.dcm,/home/jovyan/Desktop/MEDAGENT-X/data/raw/chexpert_plus/dicom_train/patient00335/study4/view1_frontal.dcm,True,/home/jovyan/Desktop/MEDAGENT-X/outputs/chexpert_plus/convnext_features/patient00335_study4_view1_frontal.npz,/home/jovyan/Desktop/MEDAGENT-X/outputs/chexpert_plus/raddino_features/patient00335__study4__view1_frontal.npz,ok,,,0.3577316701412201,1.065650278286004,0.1053610369563102,0.517292272187454,0.3743589743971824,0.8191330930980195,0.0102053824812173,0.47756196040674787,0.9983247266450532,0.5993588301122296,0.0016780846053734,0.599560955210204,0.0014055869872701,0.11882935635238136,4.509149074554443,0.5854733886818638,0.0,0.0,0.0,0.0,0.47756196040674787,pooled_embedding,True,768,10.75442886352539,-0.01811927929520607,0.3876437544822693,-7.399205684661865,1.1298671960830688,0,0,cls_embedding,True,768,11.43527603149414,0.023493872955441475,0.41196560859680176,-1.5092058181762695,1.1672393083572388,0,0,1369,768,0.030806973576545715,0.5247448682785034,1.9968345165252686,0.5921079856706124,0.16876682333244722,0.5983783511784704,0.8540716075333283,0.07367494139917775,0.8552212028207403,0.08235385320352098,0.6706581161382628,1.1214327930908943,0.8918295951080689,0.9130880829719649,True,1.065650278286004,1.1214327930908943,1.1214327930908943,
339,patient00336/study1,patient00336/study1/view1_frontal.dcm,/home/jovyan/Desktop/MEDAGENT-X/data/raw/chexpert_plus/dicom_train/patient00336/study1/view1_frontal.dcm,True,/home/jovyan/Desktop/MEDAGENT-X/outputs/chexpert_plus/convnext_features/patient00336_study1_view1_frontal.npz,/home/jovyan/Desktop/MEDAGENT-X/outputs/chexpert_plus/raddino_features/patient00336__study1__view1_frontal.npz,ok,,,0.4697863161563873,2.6602962475290606,0.1300079524517059,1.6781232318039978,0.5459794290363789,2.959189442869184,0.0054737091995775,1.7459220890371145,0.9993839093334712,1.2284632775783373,0.0006164704682305,1.2275751518012656,0.0032085242353889,3.7462676979208447,4.398738384246826,0.2332494242809264,0.0,1.2275751518012656,0.0,1.2284632775783373,0.0,pooled_embedding,True,768,11.149566650390625,-0.023071857169270515,0.40166324377059937,-7.54835319519043,1.1793639659881592,0,0,cls_embedding,True,768,11.79564094543457,0.01580124907195568,0.42534512281417847,-1.487609624862671,1.5167680978775024,0,0,1369,768,0.03156273066997528,0.5556237697601318,2.276947498321533,1.1380831202149984,1.082184359210541,1.1414713883555103,0.5213802961469665,1.4078688102162427,0.5128566593843421,1.6152770484299526,0.7622595072025293,0.7533422501342476,0.94228199334938,0.44857382286580233,True,3.7462676979208447,1.1380831202149984,3.7462676979208447,moderate_outlier
339,patient00336/study1,patient00336/study1/view2_lateral.dcm,/home/jovyan/Desktop/MEDAGENT-X/data/raw/chexpert_plus/dicom_train/patient00336/study1/view2_lateral.dcm,True,/home/jovyan/Desktop/MEDAGENT-X/outputs/chexpert_plus/convnext_features/patient00336_study1_view2_lateral.npz,/home/jovyan/Desktop/MEDAGENT-X/outputs/chexpert_plus/raddino_features/patient00336__study1__view2_lateral.npz,ok,,,0.2886212766170501,0.08214254893043509,0.0839210450649261,0.49249762895030474,0.3253982812166214,0.20860771865744338,0.0058532170951366,1.5675856523926066,0.9995466332635824,1.5092745107677403,0.0004535723710432,1.5079378417098641,0.0013263580906996,0.040576045848869334,3.794213056564331,1.6952622705908371,0.0,1.5079378417098641,1.6952622705908371,1.5092745107677403,0.0,pooled_embedding,True,768,9.34677505493164,-0.01720867119729519,0.3368333578109741,-4.239786148071289,1.6027436256408691,0,0,cls_embedding,True,768,9.103926658630371,0.026919176802039146,0.32740485668182373,-1.1175538301467896,0.947457492351532,0,0,1369,768,0.03401245176792145,0.562710702419281,2.0060770511627197,1.3528944997560963,0.0008208715282027702,1.369936762222553,3.006389022890901,0.7333637014600044,3.0190219770230096,0.13293378576351045,1.9696328183280343,4.098360245647165,0.870823791181681,1.1064881156548843,True,1.6952622705908371,4.098360245647165,4.098360245647165,moderate_outlier
340,patient00336/study2,patient00336/study2/view1_frontal.dcm,/home/jovyan/Desktop/MEDAGENT-X/data/raw/chexpert_plus/dicom_train/patient00336/study2/view1_frontal.dcm,True,/home/jovyan/Desktop/MEDAGENT-X/outputs/chexpert_plus/convnext_features/patient00336_study2_view1_frontal.npz,/home/jovyan/Desktop/MEDAGENT-X/outputs/chexpert_plus/raddino_features/patient00336__study2__view1_frontal.npz,ok,,,0.6691267490386963,5.497103368939393,0.0849062725901603,0.4460949618996592,0.268394410610199,0.5022137012559057,0.0081681832671165,0.47974842187791034,0.999090863484004,0.722756671833896,0.0009099637973122,0.7224459904890606,0.0015144659459819,0.33788950935178774,4.437329292297363,0.356359266140637,0.5022137012559057,0.7224459904890606,0.0,0.722756671833896,0.0,pooled_embedding,True,768,11.145842552185059,-0.022414421662688255,0.40156593918800354,-7.923094272613525,0.9233988523483276,0,0,cls_embedding,True,768,12.294297218322754,0.020344624295830727,0.44316551089286804,-1.905665397644043,1.5239200592041016,0,0,1369,768,0.032806396484375,0.5401620864868164,2.282334566116333,1.1329374088038695,0.9609317235748877,1.1377019613666683,0.06101747240761301,0.532847585192273,0.05685587121699612,1.6447578712177813,0.7648044767695388,0.7431155579536517,0.9842059121044682,0.06258110933558865,True,5.497103368939393,1.1329374088038695,5.497103368939393,moderate_outlier
340,patient00336/study2,patient00336/study2/view2_lateral.dcm,/home/jovyan/Desktop/MEDAGENT-X/data/raw/chexpert_plus/dicom_train/patient00336/study2/view2_lateral.dcm,True,/home/jovyan/Desktop/MEDAGENT-X/outputs/chexpert_plus/convnext_features/patient00336_study2_view2_lateral.npz,/home/jovyan/Desktop/MEDAGENT-X/outputs/chexpert_plus/raddino_features/patient00336__study2__view2_lateral.npz,ok,,,0.2291951328516006,0.7635489417232032,0.0913093313574791,0.14452096353315622,0.3210645318031311,0.15456714423899778,0.005242730025202,1.8544626579666013,0.9996575421246556,1.700668941988314,0.0003425751929171,1.6989742501702783,0.0026620275942092,2.6467380987503457,3.653594255447388,2.143853901172279,0.0,1.6989742501702783,2.143853901172279,1.700668941988314,0.0,pooled_embedding,True,768,8.81398868560791,-0.013214736245572567,0.317772775888443,-3.5017526149749756,1.5082911252975464,0,0,cls_embedding,True,768,9.295536041259766,0.020579183474183083,0.3347918391227722,-1.0059198141098022,1.6481214761734009,0,0,1369,768,0.03535214066505432,0.5544511675834656,1.938145637512207,2.0890632979433192,0.7357915179839988,2.108313825307584,2.8294939526026703,0.4876731830200832,2.829998606691416,0.2388220643281935,1.7791678731168925,3.332996922203858,0.8606677834247913,1.1999942837117514,True,2.6467380987503457,3.332996922203858,3.332996922203858,
341,patient00336/study3,patient00336/study3/view1_frontal.dcm,/home/jovyan/Desktop/MEDAGENT-X/data/raw/chexpert_plus/dicom_train/patient00336/study3/view1_frontal.dcm,True,/home/jovyan/Desktop/MEDAGENT-X/outputs/chexpert_plus/convnext_features/patient00336_study3_view1_frontal.npz,/home/jovyan/Desktop/MEDAGENT-X/outputs/chexpert_plus/raddino_features/patient00336__study3__view1_frontal.npz,ok,,,0.6492937803268433,5.214861045758976,0.0735890567302703,0.9791180312276598,0.2356560230255127,0.91045171914935,0.0114250881597399,1.050719902594853,0.9985693569234668,0.17720254302003424,0.0014326927484944,0.17721887593374927,0.0025474945962878,2.4163022427778964,4.168555736541748,0.501062121866463,0.91045171914935,0.0,0.501062121866463,0.0,1.050719902594853,pooled_embedding,True,768,11.370952606201172,-0.022421367466449738,0.40970084071159363,-7.999380111694336,1.0361353158950806,0,0,cls_embedding,True,768,12.378494262695312,0.019290801137685776,0.4462536573410034,-2.11916184425354,1.6355764865875244,0,0,1369,768,0.03204676881432533,0.5358791351318359,2.235602855682373,1.4439795214901443,0.9622127572340917,1.4528352935958424,0.01671380503798396,0.7358063075872394,0.022165820572640455,1.3890177680014097,0.7997078727190572,0.6028599371948434,0.989454008490501,0.014261986861688876,True,5.214861045758976,1.4439795214901443,5.214861045758976,moderate_outlier
341,patient00336/study3,patient00336/study3/view2_lateral.dcm,/home/jovyan/Desktop/MEDAGENT-X/data/raw/chexpert_plus/dicom_train/patient00336/study3/view2_lateral.dcm,True,/home/jovyan/Desktop/MEDAGENT-X/outputs/chexpert_plus/convnext_features/patient00336_study3_view2_lateral.npz,/home/jovyan/Desktop/MEDAGENT-X/outputs/chexpert_plus/raddino_features/patient00336__study3__view2_lateral.npz,ok,,,0.2322016060352325,0.7207639210711633,0.0889311358332634,0.2565302327273806,0.3208813965320587,0.15228350153131778,0.0037976801395416,2.5335132136937015,0.9998297137066696,1.997783903705895,0.0001703152956906,1.9954494637160234,0.0018466863213245,1.006303747631813,3.65262508392334,2.146945680015738,0.0,1.9954494637160234,2.146945680015738,1.997783903705895,0.0,pooled_embedding,True,768,9.713688850402832,-0.004136596340686083,0.3504881262779236,-3.4622092247009277,2.1247875690460205,0,0,cls_embedding,True,768,8.523510932922363,0.02227444015443325,0.3067580759525299,-0.9758265614509583,1.1024913787841797,0,0,1369,768,0.03537934646010399,0.5625412464141846,2.0651495456695557,0.8459174008614817,2.410097786988281,0.8409724379059869,3.542232723165741,0.16117900105432653,3.547346514294741,0.45620904579868216,1.9844031658983106,4.157713331813586,0.7979596577702432,1.7773467903605953,True,2.5335132136937015,4.157713331813586,4.157713331813586,moderate_outlier
342,patient00342/study1,patient00342/study1/view1_frontal.dcm,/home/jovyan/Desktop/MEDAGENT-X/data/raw/chexpert_plus/dicom_train/patient00342/study1/view1_frontal.dcm,True,/home/jovyan/Desktop/MEDAGENT-X/outputs/chexpert_plus/convnext_features/patient00342_study1_view1_frontal.npz,/home/jovyan/Desktop/MEDAGENT-X/outputs/chexpert_plus/raddino_features/patient00342__study1__view1_frontal.npz,ok,,,0.2077487260103225,1.0687520496743164,0.0979847311973571,0.16987987106204072,0.3120879214257002,0.04263146572078414,0.0102609228342771,0.5036612030590529,0.9984819328924098,0.3280694127836183,0.0015203751390799,0.328128378909108,0.0021679754182314,1.6527246866101617,4.366363525390625,0.12996955979061922,0.0,0.0,0.0,0.0,0.5036612030590529,pooled_embedding,True,768,10.062148094177246,-0.012499011121690273,0.36287131905555725,-6.08197021484375,0.9911677837371826,0,0,cls_embedding,True,768,12.88865852355957,0.025186754763126373,0.4643969237804413,-2.2851321697235107,1.5668025016784668,0,0,1369,768,0.034758780151605606,0.556313693523407,2.1478497982025146,0.36443957508255326,0.8677946677872926,0.3612669623897012,0.4877008806483492,0.3997117400763128,0.48642865030346216,0.9087876251487194,0.8698142819340182,0.32114471504749653,1.0577769125118606,0.614785676204594,True,1.6527246866101617,0.614785676204594,1.6527246866101617,
343,patient00343/study1,patient00343/study1/view1_frontal.dcm,/home/jovyan/Desktop/MEDAGENT-X/data/raw/chexpert_plus/dicom_train/patient00343/study1/view1_frontal.dcm,True,/home/jovyan/Desktop/MEDAGENT-X/outputs/chexpert_plus/convnext_features/patient00343_study1_view1_frontal.npz,/home/jovyan/Desktop/MEDAGENT-X/outputs/chexpert_plus/raddino_features/patient00343__study1__view1_frontal.npz,ok,,,0.1961793452501297,1.2333955254422235,0.0736812651157379,0.9747751612808285,0.1958486065268516,1.406838438465781,0.0122411688789725,1.4342084391582894,0.9977845172562688,1.5315933486700817,0.0022204020060598,1.5329393547494974,0.0017703201970443,0.8526581299043978,3.9484243392944336,1.2033089170956526,1.406838438465781,0.0,1.2033089170956526,0.0,1.4342084391582894,pooled_embedding,True,768,10.731026649475098,-0.019554225727915764,0.38672852516174316,-6.740157127380371,1.219947338104248,0,0,cls_embedding,True,768,11.162936210632324,0.017838386818766594,0.4024125933647156,-1.8665372133255005,1.2339187860488892,0,0,1369,768,0.031240658834576607,0.5306230187416077,2.0012409687042236,0.5597723615175547,0.4334179339281276,0.5629238020736208,1.1054975611715954,1.0155308062164923,1.099670563629851,0.10646823987157353,0.8300147655583665,0.4810748801019489,0.9268049945320905,0.5910702532612655,True,1.5329393547494974,1.1054975611715954,1.5329393547494974,
344,patient00344/study1,patient00344/study1/view1_frontal.dcm,/home/jovyan/Desktop/MEDAGENT-X/data/raw/chexpert_plus/dicom_train/patient00344/study1/view1_frontal.dcm,True,/home/jovyan/Desktop/MEDAGENT-X/outputs/chexpert_plus/convnext_features/patient00344_study1_view1_frontal.npz,/home/jovyan/Desktop/MEDAGENT-X/outputs/chexpert_plus/raddino_features/patient00344__study1__view1_frontal.npz,ok,,,0.2375956326723098,0.6440017060208321,0.0555146373808383,1.8303947584040285,0.1511151790618896,1.9646510587311248,0.0021610183175653,3.3026050843473063,0.9999120519290228,2.139874238801742,8.795580652076751e-05,2.137197761098545,0.0021621706236345,1.641045669768231,3.59895658493042,2.3181549300083524,1.9646510587311248,2.137197761098545,2.3181549300083524,2.139874238801742,0.0,pooled_embedding,True,768,11.456851959228516,-0.02215704880654812,0.41281935572624207,-7.684153079986572,0.9588496685028076,0,0,cls_embedding,True,768,11.666515350341797,0.01859118789434433,0.4205683767795563,-1.5410118103027344,1.2801107168197632,0,0,1369,768,0.033143967390060425,0.5425996780395508,2.2576229572296143,1.562669538960873,0.9134637410342114,1.5736416764786643,0.6405899136849839,0.8705467608992815,0.6350874406133858,1.509523159099487,1.0195621340556589,0.2806012579516928,0.9793226440996883,0.1075412639211258,True,3.3026050843473063,1.562669538960873,3.3026050843473063,
344,patient00344/study1,patient00344/study1/view2_lateral.dcm,/home/jovyan/Desktop/MEDAGENT-X/data/raw/chexpert_plus/dicom_train/patient00344/study1/view2_lateral.dcm,True,/home/jovyan/Desktop/MEDAGENT-X/outputs/chexpert_plus/convnext_features/patient00344_study1_view2_lateral.npz,/home/jovyan/Desktop/MEDAGENT-X/outputs/chexpert_plus/raddino_features/patient00344__study1__view2_lateral.npz,ok,,,0.6834147572517395,5.700435542264514,0.236495703458786,6.693528839538111,0.8756240606307983,7.069760577846784,0.0091037787497043,0.04009811036173381,0.998908131025217,0.4074168993699449,0.0010930624557659,0.4073162665137627,0.0020377069887252,1.3906297654587179,5.294253826141357,3.0900561179764945,0.0,0.4073162665137627,0.0,0.4074168993699449,0.0,pooled_embedding,True,768,9.335672378540039,-0.010031881742179394,0.33672264218330383,-5.3883514404296875,1.0723729133605957,0,0,cls_embedding,True,768,11.76452350616455,0.012767369858920574,0.4243236482143402,-1.2547589540481567,1.3676352500915527,0,0,1369,768,0.03396870940923691,0.5851020216941833,2.021867036819458,1.3682354401526038,1.3228141133827793,1.374225712073563,0.5501081252925075,1.9921720153784468,0.5389948793020208,0.21934475861557104,1.2544471374575235,1.2244619071192084,1.1451550726394872,1.419274715694653,True,7.069760577846784,1.419274715694653,7.069760577846784,extreme_outlier
345,patient00350/study2,patient00350/study2/view1_frontal.dcm,/home/jovyan/Desktop/MEDAGENT-X/data/raw/chexpert_plus/dicom_train/patient00350/study2/view1_frontal.dcm,True,/home/jovyan/Desktop/MEDAGENT-X/outputs/chexpert_plus/convnext_features/patient00350_study2_view1_frontal.npz,/home/jovyan/Desktop/MEDAGENT-X/outputs/chexpert_plus/raddino_features/patient00350__study2__view1_frontal.npz,ok,,,0.2721709012985229,0.15196219930708282,0.1031136810779571,0.4114453445523969,0.3785103838890791,0.8708999425817332,0.0104597136378288,0.5970759750781708,0.9982759437476026,0.6835430406477689,0.001727033755742,0.6838069697618772,0.0013241964590547,0.04492516311140296,4.377910137176514,0.16680470109163975,0.0,0.0,0.0,0.0,0.5970759750781708,pooled_embedding,True,768,10.623476028442383,-0.017551062628626823,0.3829396963119507,-6.88317346572876,1.1936137676239014,0,0,cls_embedding,True,768,12.182910919189453,0.029458746314048767,0.438624769449234,-1.605749249458313,1.7641215324401855,0,0,1369,768,0.030763991177082062,0.5376469492912292,2.152416944503784,0.4111660607774644,0.0639690633316065,0.4161505120443883,0.16385005264947636,1.2224664314645246,0.17304759880554096,0.9337814132134967,0.7436063176778953,0.8282981277712871,0.957852264437665,0.30521863646546726,True,0.8708999425817332,0.8282981277712871,0.8708999425817332,
346,patient00350/study1,patient00350/study1/view1_frontal.dcm,/home/jovyan/Desktop/MEDAGENT-X/data/raw/chexpert_plus/dicom_train/patient00350/study1/view1_frontal.dcm,True,/home/jovyan/Desktop/MEDAGENT-X/outputs/chexpert_plus/convnext_features/patient00350_study1_view1_frontal.npz,/home/jovyan/Desktop/MEDAGENT-X/outputs/chexpert_plus/raddino_features/patient00350__study1__view1_frontal.npz,ok,,,0.3036218285560608,0.2956149085033413,0.0499564409255981,2.092177070518462,0.1220777630805969,2.32673905449104,0.0071898363530635,0.939488270497718,0.9992139289925916,0.9351297211202921,0.0007866894011385,0.9346126265939498,0.0019563662435779,1.2269754075563937,3.1997671127319336,3.591619465490642,2.32673905449104,0.9346126265939498,3.591619465490642,0.9351297211202921,0.0,pooled_embedding,True,768,10.416610717773438,-0.0156814306974411,0.3755497932434082,-7.076630592346191,1.0103093385696411,0,0,cls_embedding,True,768,13.326077461242676,0.03288627788424492,0.4797375202178955,-2.162630081176758,2.0277745723724365,0,0,1369,768,0.032451462000608444,0.5387633442878723,2.4006714820861816,0.1253333219724459,0.28085228728779454,0.1298772520562767,0.8915289848102261,1.882584234986678,0.8789747629664985,2.292358714914777,0.7501145003066845,0.8021456812892104,1.0881492593999431,0.8944232897611532,True,3.591619465490642,0.8944232897611532,3.591619465490642,moderate_outlier
346,patient00350/study1,patient00350/study1/view2_lateral.dcm,/home/jovyan/Desktop/MEDAGENT-X/data/raw/chexpert_plus/dicom_train/patient00350/study1/view2_lateral.dcm,True,/home/jovyan/Desktop/MEDAGENT-X/outputs/chexpert_plus/convnext_features/patient00350_study1_view2_lateral.npz,/home/jovyan/Desktop/MEDAGENT-X/outputs/chexpert_plus/raddino_features/patient00350__study1__view2_lateral.npz,ok,,,0.2628256380558014,0.28495433208758375,0.0912277474999427,0.14836343492276638,0.3401086404919624,0.3920415514181838,0.0058671054430305,1.5610593099811305,0.9993693023055072,1.203256059850802,0.0006310957251116,1.2024037321801093,0.0015424279244698,0.394147902692407,3.741570234298706,1.863199483047276,0.0,1.2024037321801093,1.863199483047276,1.203256059850802,0.0,pooled_embedding,True,768,9.511186599731445,-0.008551010861992836,0.34309881925582886,-5.1430583000183105,1.4598655700683594,0,0,cls_embedding,True,768,11.333622932434082,0.024094751104712486,0.40825650095939636,-1.611299753189087,1.3363220691680908,0,0,1369,768,0.034289393573999405,0.5728061199188232,2.1518187522888184,1.1257215533141534,1.595935195923889,1.1272226079891132,0.9479184320284819,0.18939972932827537,0.9501324919905302,0.9305077958479441,1.239750115894343,1.1654034737899461,0.9809006053894977,0.0930130046794901,True,1.863199483047276,1.1654034737899461,1.863199483047276,
347,patient00352/study1,patient00352/study1/view1_frontal.dcm,/home/jovyan/Desktop/MEDAGENT-X/data/raw/chexpert_plus/dicom_train/patient00352/study1/view1_frontal.dcm,True,/home/jovyan/Desktop/MEDAGENT-X/outputs/chexpert_plus/convnext_features/patient00352_study1_view1_frontal.npz,/home/jovyan/Desktop/MEDAGENT-X/outputs/chexpert_plus/raddino_features/patient00352__study1__view1_frontal.npz,ok,,,0.6747477054595947,5.577095014253799,0.0800583362579345,0.6744251391889384,0.2190560102462768,1.1174489726479007,0.0110654281452298,0.881710282131622,0.9986309027627313,0.07099343775989862,0.0013709742343053,0.07099560534930238,0.0021593240464029,1.6353184691111275,4.172255992889404,0.48925783954162644,1.1174489726479007,0.0,0.48925783954162644,0.0,0.881710282131622,pooled_embedding,True,768,11.13919448852539,-0.0182344913482666,0.4015372395515442,-7.569240093231201,0.9472115635871887,0,0,cls_embedding,True,768,10.828387260437012,0.024469787254929543,0.3899688124656677,-1.0347996950149536,1.4609229564666748,0,0,1369,768,0.033470433205366135,0.5481173992156982,2.0739035606384277,1.1237515562438236,0.19001569862244685,1.1365901824416287,1.4143554012603448,0.26162898080341773,1.418090896155227,0.5041155459226344,0.792992481426128,0.6298450298715083,0.9398773289834311,0.4707135214270054,True,5.577095014253799,1.4143554012603448,5.577095014253799,moderate_outlier
348,patient00358/study1,patient00358/study1/view1_frontal.dcm,/home/jovyan/Desktop/MEDAGENT-X/data/raw/chexpert_plus/dicom_train/patient00358/study1/view1_frontal.dcm,True,/home/jovyan/Desktop/MEDAGENT-X/outputs/chexpert_plus/convnext_features/patient00358_study1_view1_frontal.npz,/home/jovyan/Desktop/MEDAGENT-X/outputs/chexpert_plus/raddino_features/patient00358__study1__view1_frontal.npz,ok,,,0.2984086871147156,0.22142686470362363,0.0855564028024673,0.4154748513073609,0.2564102560281753,0.6516525671755715,0.012823604978621,1.7079038742200978,0.9972786855411856,2.4045026226888226,0.0027287402190268,2.407836429863211,0.0023617228222734,2.042536790572528,4.357917785644531,0.10302658961826011,0.6516525671755715,0.0,0.0,0.0,1.7079038742200978,pooled_embedding,True,768,9.589874267578125,-0.01586095429956913,0.3456811010837555,-5.64647102355957,1.171037197113037,0,0,cls_embedding,True,768,12.07091999053955,0.024089107289910316,0.43490517139434814,-1.8448832035064697,1.667418122291565,0,0,1369,768,0.03328029438853264,0.5241219997406006,1.7794159650802612,1.0169961631650526,0.2477422564195329,1.0271890581262706,0.26724083092616374,0.18831277139531577,0.2682273242528224,1.1074729746904919,0.941800041979893,0.03187751951066561,0.989474606415849,0.014072342159231959,True,2.407836429863211,1.0169961631650526,2.407836429863211,
349,patient00360/study1,patient00360/study1/view1_frontal.dcm,/home/jovyan/Desktop/MEDAGENT-X/data/raw/chexpert_plus/dicom_train/patient00360/study1/view1_frontal.dcm,True,/home/jovyan/Desktop/MEDAGENT-X/outputs/chexpert_plus/convnext_features/patient00360_study1_view1_frontal.npz,/home/jovyan/Desktop/MEDAGENT-X/outputs/chexpert_plus/raddino_features/patient00360__study1__view1_frontal.npz,ok,,,0.2611335217952728,0.30903478274535723,0.085764467716217,0.4056753210766628,0.3118437156081199,0.03958629134653811,0.0080864429473876,0.5181594207562319,0.9989149842369144,0.4192434256019958,0.001086194301024,0.41913699598449156,0.0012880736965322,0.11760273073845698,4.289644718170166,0.11477306746779473,0.0,0.41913699598449156,0.11477306746779473,0.4192434256019958,0.0,pooled_embedding,True,768,10.307503700256348,-0.018258193507790565,0.37149158120155334,-6.778047561645508,1.0950497388839722,0,0,cls_embedding,True,768,11.444174766540527,0.02803988754749298,0.4120030701160431,-1.3958584070205688,1.2135335206985474,0,0,1369,768,0.03285931795835495,0.5255417227745056,2.0277440547943115,0.025423503997596394,0.1943871529837694,0.027331520531039,0.845856235509759,0.9492044896545018,0.8542626107729935,0.25150684233851744,0.6421436029498712,1.2360153613217162,0.9500517472530962,0.37703784813315927,True,0.5181594207562319,1.2360153613217162,1.2360153613217162,
350,patient00361/study1,patient00361/study1/view1_frontal.dcm,/home/jovyan/Desktop/MEDAGENT-X/data/raw/chexpert_plus/dicom_train/patient00361/study1/view1_frontal.dcm,True,/home/jovyan/Desktop/MEDAGENT-X/outputs/chexpert_plus/convnext_features/patient00361_study1_view1_frontal.npz,/home/jovyan/Desktop/MEDAGENT-X/outputs/chexpert_plus/raddino_features/patient00361__study1__view1_frontal.npz,ok,,,0.256605327129364,0.37347537158950045,0.0860976949334144,0.38998084318623977,0.2610500678420067,0.5937954850765399,0.0104022892192006,0.5700913818342059,0.9984846939022352,0.3233047627818158,0.001517605734989,0.32336197835701413,0.0025313368775301,2.3837935525308476,4.166363716125488,0.5080549422076066,0.5937954850765399,0.0,0.5080549422076066,0.0,0.5700913818342059,pooled_embedding,True,768,10.111815452575684,-0.016214078292250633,0.36451825499534607,-6.446140766143799,0.9749571084976196,0,0,cls_embedding,True,768,11.325583457946777,0.03174161911010742,0.40744224190711975,-1.791635274887085,1.5731092691421509,0,0,1369,768,0.033014923334121704,0.511418342590332,1.8069028854370117,0.29581251995026414,0.18261462885739121,0.29746724592496027,0.9553405289268518,1.6621312295829194,0.9709683328246898,0.9570503219808405,0.7370743264726178,0.854546246510573,0.8611959592605749,1.1951313789516749,True,2.3837935525308476,1.1951313789516749,2.3837935525308476,
351,patient00365/study1,patient00365/study1/view1_frontal.dcm,/home/jovyan/Desktop/MEDAGENT-X/data/raw/chexpert_plus/dicom_train/patient00365/study1/view1_frontal.dcm,True,/home/jovyan/Desktop/MEDAGENT-X/outputs/chexpert_plus/convnext_features/patient00365_study1_view1_frontal.npz,/home/jovyan/Desktop/MEDAGENT-X/outputs/chexpert_plus/raddino_features/patient00365__study1__view1_frontal.npz,ok,,,0.2473304271697998,0.5054661668096266,0.071225918829441,1.090418110040295,0.192332461476326,1.4506837281074692,0.0027381854597479,3.0313856112095996,0.9998729924794828,2.072469695502404,0.0001270236534764,2.0699583835334123,0.0060840638902606,9.531739603649,4.035248279571533,0.9263296466635353,1.4506837281074692,2.0699583835334123,0.9263296466635353,2.072469695502404,0.0,pooled_embedding,True,768,11.327247619628906,-0.014520760625600815,0.40847885608673096,-7.082259178161621,1.015181064605713,0,0,cls_embedding,True,768,12.927417755126953,0.02585163153707981,0.46576112508773804,-1.283241868019104,1.8080885410308838,0,0,1369,768,0.03268380090594292,0.5620506405830383,2.1197891235351562,1.3835908755108326,0.49491785555270024,1.4054975248903347,0.5234836638207749,0.5277622004867829,0.5213368054232798,0.7552250919328096,1.0914282524182983,0.5693876859845517,1.0646710789871725,0.6782601343267064,True,9.531739603649,1.3835908755108326,9.531739603649,extreme_outlier
352,patient00368/study1,patient00368/study1/view1_frontal.dcm,/home/jovyan/Desktop/MEDAGENT-X/data/raw/chexpert_plus/dicom_train/patient00368/study1/view1_frontal.dcm,True,/home/jovyan/Desktop/MEDAGENT-X/outputs/chexpert_plus/convnext_features/patient00368_study1_view1_frontal.npz,/home/jovyan/Desktop/MEDAGENT-X/outputs/chexpert_plus/raddino_features/patient00368__study1__view1_frontal.npz,ok,,,0.5505285859107971,3.809336823624206,0.1461154818534851,2.43676253561514,0.4878198802471161,2.2339570575573395,0.0121471397578716,1.3900227487044847,0.9972436882431028,2.464897147490445,0.002763930009678,2.4684013138897387,0.0017867622401073,0.885738869393627,5.138105869293213,2.5919245308908043,0.0,0.0,0.0,0.0,1.3900227487044847,pooled_embedding,True,768,10.02262020111084,-0.029023053124547005,0.3604937195777893,-5.198038578033447,1.2570713758468628,0,0,cls_embedding,True,768,12.430591583251953,0.023179901763796806,0.4479510188102722,-1.8033888339996338,1.5161168575286865,0,0,1369,768,0.03237980231642723,0.5183525085449219,1.729411005973816,0.4190565908491262,2.179779769766945,0.4533714388806094,0.06481040164108602,0.013206359519463471,0.06559911531199793,1.3811259885532052,1.3460676030563086,1.592629099083976,1.0182478490931308,0.25084234968883035,True,3.809336823624206,1.592629099083976,3.809336823624206,moderate_outlier
353,patient00369/study1,patient00369/study1/view1_frontal.dcm,/home/jovyan/Desktop/MEDAGENT-X/data/raw/chexpert_plus/dicom_train/patient00369/study1/view1_frontal.dcm,True,/home/jovyan/Desktop/MEDAGENT-X/outputs/chexpert_plus/convnext_features/patient00369_study1_view1_frontal.npz,/home/jovyan/Desktop/MEDAGENT-X/outputs/chexpert_plus/raddino_features/patient00369__study1__view1_frontal.npz,ok,,,0.7540782690048218,6.706045645877351,0.1101429685950279,0.7425137322127605,0.3412272930145263,0.4059908177753522,0.010049108415842,0.4041264396044104,0.9987106751634072,0.06666908177841802,0.0012909893412142,0.06666579258150637,0.0011718087131201,0.35152327292644736,4.471224784851074,0.4644901430451071,0.0,0.06666579258150637,0.0,0.06666908177841802,0.4041264396044104,pooled_embedding,True,768,11.17288589477539,-0.012940943241119385,0.40295904874801636,-7.052113056182861,1.0259803533554077,0,0,cls_embedding,True,768,12.531112670898438,0.027970431372523308,0.4513116776943207,-1.3480958938598633,1.5671173334121704,0,0,1369,768,0.0327867716550827,0.5547968745231628,2.2364232540130615,1.170304102398077,0.7862879135637507,1.1916688417934411,0.15761214558839087,0.9358277324392773,0.1515940494919264,1.3935074122241546,1.0102266927856756,0.24308777037378926,1.0650117376525527,0.6813965721059573,True,6.706045645877351,1.170304102398077,6.706045645877351,extreme_outlier
354,patient00369/study2,patient00369/study2/view1_frontal.dcm,/home/jovyan/Desktop/MEDAGENT-X/data/raw/chexpert_plus/dicom_train/patient00369/study2/view1_frontal.dcm,True,/home/jovyan/Desktop/MEDAGENT-X/outputs/chexpert_plus/convnext_features/patient00369_study2_view1_frontal.npz,/home/jovyan/Desktop/MEDAGENT-X/outputs/chexpert_plus/raddino_features/patient00369__study2__view1_frontal.npz,ok,,,0.5286984443664551,3.4986727997783893,0.0678321421146392,1.250259656188478,0.2013618648052215,1.3380897370865734,0.0085049094632267,0.32151574571531066,0.9991559006193758,0.8349906756117733,0.0008448124863207,0.8345774218319716,0.0018918831395715,1.0972379560171215,3.973968267440796,1.1218205792090112,1.3380897370865734,0.8345774218319716,1.1218205792090112,0.8349906756117733,0.0,pooled_embedding,True,768,11.455587387084961,-0.020446622744202614,0.4128618836402893,-7.76580286026001,1.0499610900878906,0,0,cls_embedding,True,768,12.569228172302246,0.024736179038882256,0.4528779089450836,-1.4303511381149292,1.6003062725067139,0,0,1369,768,0.03210397809743881,0.5422523021697998,2.2934298515319824,1.560922237211537,0.5980051659452875,1.5752891411993617,0.1928006327458226,0.3129341127030925,0.1916718907626395,1.705477014837041,0.9743730167257859,0.09901354907056312,1.0615369849822465,0.6494045911107384,True,3.4986727997783893,1.560922237211537,3.4986727997783893,
355,patient00377/study1,patient00377/study1/view1_frontal.dcm,/home/jovyan/Desktop/MEDAGENT-X/data/raw/chexpert_plus/dicom_train/patient00377/study1/view1_frontal.dcm,True,/home/jovyan/Desktop/MEDAGENT-X/outputs/chexpert_plus/convnext_features/patient00377_study1_view1_frontal.npz,/home/jovyan/Desktop/MEDAGENT-X/outputs/chexpert_plus/raddino_features/patient00377__study1__view1_frontal.npz,ok,,,0.3249485194683075,0.5991143430194569,0.112707182765007,0.863284187085917,0.3301587551832199,0.2679694221417826,0.011825518682599,1.2388881947595893,0.9978936310141984,1.3432967109156346,0.00211081514135,1.344330226102877,0.0024168719211822,2.1534945935096332,4.706202507019043,1.2140985787618983,0.0,0.0,0.0,0.0,1.2388881947595893,pooled_embedding,True,768,10.9827299118042,-0.02218317985534668,0.39568376541137695,-6.9803900718688965,1.186893343925476,0,0,cls_embedding,True,768,11.78642463684082,0.019598377868533134,0.4248541593551636,-2.4665772914886475,1.3646870851516724,0,0,1369,768,0.031137915328145027,0.5197640061378479,1.9721490144729614,0.9075592021678057,0.9182831621135822,0.9098357705339929,0.5298888542045995,0.6765692526328883,0.5254197822121711,0.05273798880655146,1.0884394552521768,0.557377519338795,0.9812060809558851,0.09020049701588498,True,2.1534945935096332,0.9075592021678057,2.1534945935096332,
356,patient00381/study1,patient00381/study1/view1_frontal.dcm,/home/jovyan/Desktop/MEDAGENT-X/data/raw/chexpert_plus/dicom_train/patient00381/study1/view1_frontal.dcm,True,/home/jovyan/Desktop/MEDAGENT-X/outputs/chexpert_plus/convnext_features/patient00381_study1_view1_frontal.npz,/home/jovyan/Desktop/MEDAGENT-X/outputs/chexpert_plus/raddino_features/patient00381__study1__view1_frontal.npz,ok,,,0.2794540226459503,0.04831633978055157,0.1048079431056976,0.49124242162970067,0.3326007351279259,0.29842019036558537,0.0046809283085167,2.1184616878334817,0.999660407885893,1.7056143605666254,0.0003397074760869,1.703909856038569,0.000275569428864,2.1547212191237595,4.646206855773926,1.0227049186960546,0.0,1.703909856038569,0.0,1.7056143605666254,0.0,pooled_embedding,True,768,10.37722396850586,-0.01525724958628416,0.3741448223590851,-6.201351165771484,1.338024377822876,0,0,cls_embedding,True,768,13.18144702911377,0.029691286385059357,0.4747168719768524,-1.5255318880081177,1.411570429801941,0,0,1369,768,0.03301467373967171,0.5285972952842712,1.8362683057785034,0.07091132932721661,0.3590851743157841,0.0754508825202975,0.7580051974769896,1.2672519681583883,0.7505028382857761,0.7963475452284673,1.084073345087973,0.5398327654624834,1.1441490557124,1.4100123371986886,True,2.1547212191237595,1.4100123371986886,2.1547212191237595,
356,patient00381/study1,patient00381/study1/view2_lateral.dcm,/home/jovyan/Desktop/MEDAGENT-X/data/raw/chexpert_plus/dicom_train/patient00381/study1/view2_lateral.dcm,True,/home/jovyan/Desktop/MEDAGENT-X/outputs/chexpert_plus/convnext_features/patient00381_study1_view2_lateral.npz,/home/jovyan/Desktop/MEDAGENT-X/outputs/chexpert_plus/raddino_features/patient00381__study1__view2_lateral.npz,ok,,,0.3063074648380279,0.33383410979653966,0.0958664789795875,0.07011352280955026,0.350915752351284,0.5268030424412147,0.0052069723606109,1.8712657194062365,0.999579643565896,1.566240094712944,0.0004205332079436,1.5648012968322542,0.000172840559918,2.3614076350761173,4.376022338867188,0.16078238746741214,0.0,1.5648012968322542,0.0,1.566240094712944,0.0,pooled_embedding,True,768,9.837668418884277,-0.019056135788559914,0.35447442531585693,-4.925370216369629,1.498530626296997,0,0,cls_embedding,True,768,16.5851993560791,0.02571912854909897,0.5979139804840088,-1.894156575202942,1.822525978088379,0,0,1369,768,0.03803098574280739,0.5662116408348083,1.9004147052764893,0.6746106723417458,0.3415538387798946,0.6865494623551414,3.900372230133417,0.5022430828376258,3.902958235504735,0.4453052513292029,1.5307990064061268,2.3349527883876817,1.5402913951888417,5.057287236570085,True,2.3614076350761173,5.057287236570085,5.057287236570085,moderate_outlier
357,patient00383/study1,patient00383/study1/view1_frontal.dcm,/home/jovyan/Desktop/MEDAGENT-X/data/raw/chexpert_plus/dicom_train/patient00383/study1/view1_frontal.dcm,True,/home/jovyan/Desktop/MEDAGENT-X/outputs/chexpert_plus/convnext_features/patient00383_study1_view1_frontal.npz,/home/jovyan/Desktop/MEDAGENT-X/outputs/chexpert_plus/raddino_features/patient00383__study1__view1_frontal.npz,ok,,,0.2229374945163726,0.8526011863476829,0.0970912054181099,0.1277962120354411,0.3389499466866255,0.37759298209837383,0.0100786909461021,0.41802771305681735,0.9984064033940352,0.4584099937065781,0.0015961402095854,0.4585270719252269,0.0013121555382139,0.06915101898702045,4.347423076629639,0.069547150225563,0.0,0.0,0.0,0.0,0.41802771305681735,pooled_embedding,True,768,10.955389976501465,-0.02402777411043644,0.3945876657962799,-7.250999450683594,1.063138723373413,0,0,cls_embedding,True,768,10.289989471435547,0.019146954640746117,0.3708139955997467,-1.589098572731018,1.3298557996749878,0,0,1369,768,0.03169144690036774,0.5423207879066467,2.297820568084717,0.869782696474018,1.258486745383286,0.8673745897613696,1.9114078598690778,0.763510103062048,1.908237998984396,1.7295052880152066,0.7387859420939098,0.8476682993958571,0.8239359660430282,1.538183419772947,True,0.8526011863476829,1.9114078598690778,1.9114078598690778,
358,patient00384/study1,patient00384/study1/view1_frontal.dcm,/home/jovyan/Desktop/MEDAGENT-X/data/raw/chexpert_plus/dicom_train/patient00384/study1/view1_frontal.dcm,True,/home/jovyan/Desktop/MEDAGENT-X/outputs/chexpert_plus/convnext_features/patient00384_study1_view1_frontal.npz,/home/jovyan/Desktop/MEDAGENT-X/outputs/chexpert_plus/raddino_features/patient00384__study1__view1_frontal.npz,ok,,,0.3169931173324585,0.4859012777805368,0.110169418156147,0.7437594649463785,0.3965811990201473,1.0962376667363862,0.0119785629212856,1.3108059716905027,0.9976901566423708,1.6944306175038806,0.0023151910863816,1.6960801279804198,0.0025224967077988,2.3660074811283347,4.467737674713135,0.4533658238902707,0.0,0.0,0.0,0.0,1.3108059716905027,pooled_embedding,True,768,11.2358980178833,-0.018690114840865135,0.40500950813293457,-7.272670745849609,1.0332624912261963,0,0,cls_embedding,True,768,15.687417030334473,0.019211802631616592,0.5657448172569275,-2.3909294605255127,1.673079252243042,0,0,1369,768,0.03259963542222977,0.5454603433609009,1.8048967123031616,1.2573700665638938,0.27404759039277865,1.2711004239331956,3.0715335509581947,0.751020848792745,3.0797907645462814,0.9680291395665092,0.8303273200563066,0.4798189127687716,1.289081582724565,2.7444033254797375,True,2.3660074811283347,3.0715335509581947,3.0715335509581947,
359,patient00386/study1,patient00386/study1/view1_frontal.dcm,/home/jovyan/Desktop/MEDAGENT-X/data/raw/chexpert_plus/dicom_train/patient00386/study1/view1_frontal.dcm,True,/home/jovyan/Desktop/MEDAGENT-X/outputs/chexpert_plus/convnext_features/patient00386_study1_view1_frontal.npz,/home/jovyan/Desktop/MEDAGENT-X/outputs/chexpert_plus/raddino_features/patient00386__study1__view1_frontal.npz,ok,,,0.5191589593887329,3.3629167038970964,0.1969753503799438,4.832182359997201,0.6656898558139801,4.451943086354236,0.0093908188864588,0.0947863433262076,0.9984484324483004,0.38588083004926227,0.0015539786545559,0.38596313666201265,0.0014129029898063,0.13354886371988095,5.400209426879883,3.4280677873051446,0.0,0.0,0.0,0.0,0.0947863433262076,pooled_embedding,True,768,10.435223579406738,-0.02005908638238907,0.37601402401924133,-6.53120756149292,1.1579182147979736,0,0,cls_embedding,True,768,13.105481147766113,0.028787942603230476,0.4720262587070465,-1.6994590759277344,1.6519513130187988,0,0,1369,768,0.0343647301197052,0.5325630903244019,2.2395498752593994,0.1510513372377471,0.5265307706561962,0.1478608245540377,0.6878729850764496,1.0932744858584516,0.6816535087275595,1.4106179017147313,0.8561218088017905,0.3761664763013726,1.0644106863522493,0.6758627043458777,True,4.832182359997201,0.6878729850764496,4.832182359997201,moderate_outlier
360,patient00387/study1,patient00387/study1/view1_frontal.dcm,/home/jovyan/Desktop/MEDAGENT-X/data/raw/chexpert_plus/dicom_train/patient00387/study1/view1_frontal.dcm,True,/home/jovyan/Desktop/MEDAGENT-X/outputs/chexpert_plus/convnext_features/patient00387_study1_view1_frontal.npz,/home/jovyan/Desktop/MEDAGENT-X/outputs/chexpert_plus/raddino_features/patient00387__study1__view1_frontal.npz,ok,,,0.6246305704116821,4.8638797194292875,0.1520769000053405,2.7175359555259004,0.4244118928909302,1.4432781944049542,0.0073574110865592,0.8607423967149095,0.9988720452133918,0.3451439361225497,0.0011292285053059,0.34507115065618754,0.015821267736403,29.12260812002093,4.940994739532471,1.963115279192045,0.0,0.34507115065618754,0.0,0.3451439361225497,0.0,pooled_embedding,True,768,11.156137466430664,-0.025956980884075165,0.4017246961593628,-7.26344633102417,0.9491552114486694,0,0,cls_embedding,True,768,11.278791427612305,0.018590616062283516,0.40656349062919617,-1.7313034534454346,1.2050504684448242,0,0,1369,768,0.03335011377930641,0.5677540898323059,2.322657585144043,1.1471622371478223,1.614295647774203,1.1438519575594894,0.9985392459278624,0.8706568916205417,0.9934544466829736,1.865426298552903,0.9895148916835794,0.15985957891617428,0.915597479734481,0.6942576264152669,True,29.12260812002093,1.1471622371478223,29.12260812002093,extreme_outlier
360,patient00387/study1,patient00387/study1/view2_lateral.dcm,/home/jovyan/Desktop/MEDAGENT-X/data/raw/chexpert_plus/dicom_train/patient00387/study1/view2_lateral.dcm,True,/home/jovyan/Desktop/MEDAGENT-X/outputs/chexpert_plus/convnext_features/patient00387_study1_view2_lateral.npz,/home/jovyan/Desktop/MEDAGENT-X/outputs/chexpert_plus/raddino_features/patient00387__study1__view2_lateral.npz,ok,,,0.2870185971260071,0.05933486998748111,0.077876329421997,0.7771942296953901,0.2074101269245147,1.2626696959225665,0.0072635877877473,0.9048313681965094,0.9992485391938498,0.9948562363881979,0.0007520259241573,0.9942716761214584,0.0021015242442267,1.5190275561757016,3.725620746612549,1.9140803512614897,1.2626696959225665,0.9942716761214584,1.9140803512614897,0.9948562363881979,0.0,pooled_embedding,True,768,9.202839851379395,-0.009543824009597301,0.33194172382354736,-3.3156118392944336,1.3065485954284668,0,0,cls_embedding,True,768,11.105817794799805,0.022958919405937195,0.40008842945098877,-1.5615828037261963,1.3626610040664673,0,0,1369,768,0.035842448472976685,0.5729554891586304,1.9222044944763184,1.5517745986414841,1.4128279410897484,1.5594309944554927,1.1582296666916507,0.029353245169775048,1.1591429259493284,0.326060248583108,1.8935896671025787,3.7927888509608736,1.0213505735978186,0.2794090745195275,True,1.9140803512614897,3.7927888509608736,3.7927888509608736,moderate_outlier
361,patient00388/study1,patient00388/study1/view1_frontal.dcm,/home/jovyan/Desktop/MEDAGENT-X/data/raw/chexpert_plus/dicom_train/patient00388/study1/view1_frontal.dcm,True,/home/jovyan/Desktop/MEDAGENT-X/outputs/chexpert_plus/convnext_features/patient00388_study1_view1_frontal.npz,/home/jovyan/Desktop/MEDAGENT-X/outputs/chexpert_plus/raddino_features/patient00388__study1__view1_frontal.npz,ok,,,0.3020882308483124,0.27379033013851045,0.0782104581594467,0.761457291618832,0.2161172181367874,1.1540948417419556,0.0110499206930398,0.8744230983935195,0.9981936231089414,0.8256030317234324,0.0018096457934007,0.8259899264491657,0.0017178888455347,0.7471683271036492,3.944561243057251,1.2156326791130063,1.1540948417419556,0.0,1.2156326791130063,0.0,0.8744230983935195,pooled_embedding,True,768,9.672155380249023,-0.019719012081623077,0.34845632314682007,-5.720506191253662,1.0366551876068115,0,0,cls_embedding,True,768,11.312240600585938,0.027515733614563942,0.40726688504219055,-1.3347686529159546,1.343322515487671,0,0,1369,768,0.03356467932462692,0.5364698171615601,1.9872138500213623,0.903305589764445,0.4638099336052864,0.9196813060197029,0.9676587445502318,0.8482562311698063,0.9754554892359406,0.029704587386550067,0.9612298364288058,0.04619906322614714,0.8936017734946315,0.8967716706564801,True,1.2156326791130063,0.9676587445502318,1.2156326791130063,
362,patient00391/study1,patient00391/study1/view1_frontal.dcm,/home/jovyan/Desktop/MEDAGENT-X/data/raw/chexpert_plus/dicom_train/patient00391/study1/view1_frontal.dcm,True,/home/jovyan/Desktop/MEDAGENT-X/outputs/chexpert_plus/convnext_features/patient00391_study1_view1_frontal.npz,/home/jovyan/Desktop/MEDAGENT-X/outputs/chexpert_plus/raddino_features/patient00391__study1__view1_frontal.npz,ok,,,0.3461798131465912,0.9012561826474902,0.1053497791290283,0.5167620462267538,0.3321123570203781,0.2923302596965164,0.0119988480582833,1.3203382609823657,0.9977963570515864,1.511161519611046,0.0022085097152739,1.5124716225200867,0.0018414988050529,0.9958666703343386,4.530311584472656,0.6529844523234328,0.0,0.0,0.0,0.0,1.3203382609823657,pooled_embedding,True,768,10.110031127929688,-0.011582463048398495,0.36463043093681335,-6.071869850158691,1.4109152555465698,0,0,cls_embedding,True,768,12.284127235412598,0.025821713730692863,0.44251251220703125,-1.7373499870300293,1.6847472190856934,0,0,1369,768,0.03333470970392227,0.5317707657814026,1.933544635772705,0.2982779811667102,1.0368361455607518,0.2931217258067364,0.07040646900597795,0.5220002472461238,0.07356526688778416,0.2640011268712126,0.8373889402890512,0.4514425355606903,0.924778772665051,0.6097256390147241,True,1.5124716225200867,0.6097256390147241,1.5124716225200867,
363,patient00391/study2,patient00391/study2/view1_frontal.dcm,/home/jovyan/Desktop/MEDAGENT-X/data/raw/chexpert_plus/dicom_train/patient00391/study2/view1_frontal.dcm,True,/home/jovyan/Desktop/MEDAGENT-X/outputs/chexpert_plus/convnext_features/patient00391_study2_view1_frontal.npz,/home/jovyan/Desktop/MEDAGENT-X/outputs/chexpert_plus/raddino_features/patient00391__study2__view1_frontal.npz,ok,,,0.2497616559267044,0.47086743060924663,0.1004746183753013,0.28714964149842054,0.3374847397208214,0.35932228425241985,0.0097293406724929,0.2538627940517354,0.9985787509851228,0.16099129470223084,0.0014232718385756,0.1610046187273901,0.0012394982332598,0.21533463911053569,4.56884241104126,0.7759026267124051,0.0,0.0,0.0,0.0,0.2538627940517354,pooled_embedding,True,768,9.929003715515137,-0.016979584470391273,0.35787951946258545,-5.630072116851807,1.2013264894485474,0,0,cls_embedding,True,768,10.942898750305176,0.020657995715737343,0.3943271040916443,-1.769801139831543,1.1482570171356201,0,0,1369,768,0.030611814931035042,0.5339906811714172,1.9927455186843872,0.5484096292516998,0.04143022253066256,0.5546414531554121,1.3086376239205029,0.47249451501368517,1.3065678245064642,0.05997674095644625,1.0891331787965937,0.5601651743422771,0.8763421834031632,1.0556803846234089,True,0.7759026267124051,1.3086376239205029,1.3086376239205029,
364,patient00391/study3,patient00391/study3/view1_frontal.dcm,/home/jovyan/Desktop/MEDAGENT-X/data/raw/chexpert_plus/dicom_train/patient00391/study3/view1_frontal.dcm,True,/home/jovyan/Desktop/MEDAGENT-X/outputs/chexpert_plus/convnext_features/patient00391_study3_view1_frontal.npz,/home/jovyan/Desktop/MEDAGENT-X/outputs/chexpert_plus/raddino_features/patient00391__study3__view1_frontal.npz,ok,,,0.34217569231987,0.8442736713125397,0.1064834594726562,0.5701566075639654,0.331135556101799,0.28014984091914946,0.0101878168061375,0.46930758694668656,0.998365207411542,0.5295015328456455,0.0016374695114791,0.5296586225758114,0.0014014717358435,0.11054963345818784,4.6831536293029785,1.140569765007307,0.0,0.0,0.0,0.0,0.46930758694668656,pooled_embedding,True,768,10.229523658752441,-0.014363558031618595,0.3688465654850006,-6.504556179046631,1.0158605575561523,0,0,cls_embedding,True,768,10.716017723083496,0.02312926948070526,0.38598862290382385,-1.3867442607879639,1.5839815139770508,0,0,1369,768,0.03206992894411087,0.5349418520927429,1.9096747636795044,0.1331711430923932,0.5239111616006155,0.12979528289357906,1.5180957136377027,0.0034549478060507603,1.5199388227683783,0.39462941965547566,0.6984276747721722,1.0098437462820886,0.8571259060431468,1.232604280633052,True,1.140569765007307,1.5180957136377027,1.5180957136377027,
365,patient00391/study4,patient00391/study4/view1_frontal.dcm,/home/jovyan/Desktop/MEDAGENT-X/data/raw/chexpert_plus/dicom_train/patient00391/study4/view1_frontal.dcm,True,/home/jovyan/Desktop/MEDAGENT-X/outputs/chexpert_plus/convnext_features/patient00391_study4_view1_frontal.npz,/home/jovyan/Desktop/MEDAGENT-X/outputs/chexpert_plus/raddino_features/patient00391__study4__view1_frontal.npz,ok,,,0.3672181665897369,1.2006522961569834,0.0898159146308898,0.2148585427794481,0.2761905044317245,0.4049987153077392,0.0106911389157176,0.7058261747211887,0.9981899605764092,0.8319234314106594,0.0018133216071873,0.8323163419113998,0.0012627725210944,0.16850769371794425,4.431128978729248,0.3365794873945222,0.4049987153077392,0.0,0.0,0.0,0.7058261747211887,pooled_embedding,True,768,11.124517440795898,-0.02618081122636795,0.40056681632995605,-7.353108882904053,1.2933741807937622,0,0,cls_embedding,True,768,11.087230682373047,0.026118239387869835,0.3992225229740143,-1.3104785680770874,1.8367177248001099,0,0,1369,768,0.03583656623959541,0.5474417805671692,2.4508767127990723,1.1034717870716668,1.6555772923864944,1.098997508135145,1.1753894138505154,0.5791089452974225,1.1813003578882975,2.567107718648779,0.792724188137292,0.6309231381972868,0.8905828237498755,0.924567082883976,True,1.2006522961569834,1.1753894138505154,1.2006522961569834,
365,patient00391/study4,patient00391/study4/view2_lateral.dcm,/home/jovyan/Desktop/MEDAGENT-X/data/raw/chexpert_plus/dicom_train/patient00391/study4/view2_lateral.dcm,True,/home/jovyan/Desktop/MEDAGENT-X/outputs/chexpert_plus/convnext_features/patient00391_study4_view2_lateral.npz,/home/jovyan/Desktop/MEDAGENT-X/outputs/chexpert_plus/raddino_features/patient00391__study4__view2_lateral.npz,ok,,,0.3297294378280639,0.6671514344099715,0.1646381318569183,3.3091502216987583,0.5150183420628309,2.5731138383449097,0.0074996287003159,0.7939122127787095,0.9989603768107512,0.49757698495037006,0.0010407051304355,0.49742806535922507,0.0004084768082719,1.8873168352803147,4.878166675567627,1.7626858669342516,0.0,0.49742806535922507,0.0,0.49757698495037006,0.0,pooled_embedding,True,768,10.819145202636719,-0.0192593801766634,0.3899269104003906,-5.863663673400879,1.5538092851638794,0,0,cls_embedding,True,768,13.078994750976562,0.020118745043873787,0.47151854634284973,-1.156835913658142,1.269724726676941,0,0,1369,768,0.03484393283724785,0.5837247967720032,2.0509800910949707,0.6815287222542749,0.3790387593370712,0.6868242322244659,0.6634205654847026,0.5763502962860497,0.6686618029794172,0.3786664576551354,1.3987414984012854,1.804293600156576,1.2232933900590426,2.1386927011089774,True,3.3091502216987583,2.1386927011089774,3.3091502216987583,
366,patient00401/study1,patient00401/study1/view1_frontal.dcm,/home/jovyan/Desktop/MEDAGENT-X/data/raw/chexpert_plus/dicom_train/patient00401/study1/view1_frontal.dcm,True,/home/jovyan/Desktop/MEDAGENT-X/outputs/chexpert_plus/convnext_features/patient00401_study1_view1_frontal.npz,/home/jovyan/Desktop/MEDAGENT-X/outputs/chexpert_plus/raddino_features/patient00401__study1__view1_frontal.npz,ok,,,0.2297799289226532,0.7552267281363877,0.0879636108875274,0.30209913612308054,0.30134311132133,0.09135314083025242,0.0088922223076224,0.13951164686930556,0.9987986578027482,0.21849993686987207,0.0012027871562168,0.21846990980980047,0.0010833780422377,0.5294422806257674,4.120670318603516,0.6538226172153123,0.09135314083025242,0.21846990980980047,0.6538226172153123,0.21849993686987207,0.0,pooled_embedding,True,768,10.40549087524414,-0.025772221386432648,0.37459027767181396,-6.179945945739746,1.1191003322601318,0,0,cls_embedding,True,768,14.703720092773438,0.025553593412041664,0.5299590826034546,-1.8808950185775757,1.6714298725128174,0,0,1369,768,0.03188653662800789,0.5305673480033875,1.784950852394104,0.10996866254766688,1.580219946319719,0.09270712301102318,2.163377924525517,0.4703622120587308,2.1640798869226154,1.0771832069976643,0.9491892006929079,0.002184963414456727,1.196535913990108,1.8923371336487111,True,0.7552267281363877,2.163377924525517,2.163377924525517,
367,patient00403/study4,patient00403/study4/view1_frontal.dcm,/home/jovyan/Desktop/MEDAGENT-X/data/raw/chexpert_plus/dicom_train/patient00403/study4/view1_frontal.dcm,True,/home/jovyan/Desktop/MEDAGENT-X/outputs/chexpert_plus/convnext_features/patient00403_study4_view1_frontal.npz,/home/jovyan/Desktop/MEDAGENT-X/outputs/chexpert_plus/raddino_features/patient00403__study4__view1_frontal.npz,ok,,,0.3452085852622986,0.88743467068007,0.0767840966582298,0.8286366752024299,0.2464979141950607,0.7752565404062448,0.0054564904421567,1.7540134407001617,0.9994642968455344,1.367187289345179,0.0005359902861528,1.3660889878818316,0.0065014875871823,10.371579550642682,4.269442558288574,0.17922049391835582,0.7752565404062448,1.3660889878818316,0.17922049391835582,1.367187289345179,0.0,pooled_embedding,True,768,9.621698379516602,-0.012870083563029766,0.3469545245170593,-5.491563320159912,1.0758732557296753,0,0,cls_embedding,True,768,12.869107246398926,0.02519003488123417,0.4636901617050171,-2.339103937149048,1.6544631719589233,0,0,1369,768,0.03229312598705292,0.5273424983024597,1.7859165668487549,0.9730237201972244,0.7993567585571192,0.9778586306205358,0.4696510101248046,0.4003434671125973,0.4683435187105299,1.0718983177433115,1.0632334144110802,0.45608969880256295,0.9921568958189698,0.010623444778822521,True,10.371579550642682,0.9730237201972244,10.371579550642682,extreme_outlier
368,patient00403/study5,patient00403/study5/view1_frontal.dcm,/home/jovyan/Desktop/MEDAGENT-X/data/raw/chexpert_plus/dicom_train/patient00403/study5/view1_frontal.dcm,True,/home/jovyan/Desktop/MEDAGENT-X/outputs/chexpert_plus/convnext_features/patient00403_study5_view1_frontal.npz,/home/jovyan/Desktop/MEDAGENT-X/outputs/chexpert_plus/raddino_features/patient00403__study5__view1_frontal.npz,ok,,,0.2613024711608886,0.3066304698992043,0.0788592919707298,0.7308982394760143,0.326251532882452,0.21924751476596963,0.0049183215014636,2.0069070756390714,0.9995587259640828,1.5301427760424722,0.0004414688446559,1.5287691299441364,0.0022806874864454,1.8794969041255232,4.00116777420044,1.0350507376842444,0.0,1.5287691299441364,1.0350507376842444,1.5301427760424722,0.0,pooled_embedding,True,768,8.968253135681152,-0.009204613976180553,0.32348304986953735,-5.153168201446533,1.1232143640518188,0,0,cls_embedding,True,768,13.092748641967773,0.02298680506646633,0.4718843102455139,-1.9698327779769897,1.4797673225402832,0,0,1369,768,0.032273102551698685,0.5334986448287964,1.9486944675445557,1.8759109326574355,1.4753893789403711,1.8871067630726541,0.6761182501191381,0.023982668531379665,0.6780212303477519,0.18109340735773657,0.9186806111085802,0.1247805176354387,1.0386091888276747,0.43830881295434515,True,2.0069070756390714,1.8759109326574355,2.0069070756390714,
369,patient00403/study1,patient00403/study1/view1_frontal.dcm,/home/jovyan/Desktop/MEDAGENT-X/data/raw/chexpert_plus/dicom_train/patient00403/study1/view1_frontal.dcm,True,/home/jovyan/Desktop/MEDAGENT-X/outputs/chexpert_plus/convnext_features/patient00403_study1_view1_frontal.npz,/home/jovyan/Desktop/MEDAGENT-X/outputs/chexpert_plus/raddino_features/patient00403__study1__view1_frontal.npz,ok,,,0.2313062846660614,0.733505209927072,0.0899780839681625,0.20722062202454414,0.3282051365822553,0.24360837554733725,0.0087942508980631,0.18554987763682432,0.9988399935151696,0.2898326066983216,0.00116135366261,0.289780784034173,0.0008098839731077,1.0797015165414297,4.223869800567627,0.32460331281418214,0.0,0.289780784034173,0.32460331281418214,0.2898326066983216,0.0,pooled_embedding,True,768,10.911848068237305,-0.020902318879961967,0.39319223165512085,-7.079720497131348,1.1885160207748413,0,0,cls_embedding,True,768,12.654253005981445,0.019696075469255447,0.4561960697174072,-2.206242322921753,1.5082783699035645,0,0,1369,768,0.031799908727407455,0.5264202952384949,2.029456853866577,0.8096193812632859,0.6820504554932296,0.8133176587051544,0.27129613084477483,0.657753400968973,0.27657935297750275,0.26088016523773233,0.7733385328701488,0.708822352280693,0.9942641168269281,0.030024588064621775,True,1.0797015165414297,0.8096193812632859,1.0797015165414297,
370,patient00403/study3,patient00403/study3/view1_frontal.dcm,/home/jovyan/Desktop/MEDAGENT-X/data/raw/chexpert_plus/dicom_train/patient00403/study3/view1_frontal.dcm,True,/home/jovyan/Desktop/MEDAGENT-X/outputs/chexpert_plus/convnext_features/patient00403_study3_view1_frontal.npz,/home/jovyan/Desktop/MEDAGENT-X/outputs/chexpert_plus/raddino_features/patient00403__study3__view1_frontal.npz,ok,,,0.3399533033370971,0.8126469270453787,0.0962136760354042,0.08646595812970369,0.3445665389299392,0.44763022748179104,0.0061523006297647,1.427041825903723,0.9992818842791422,1.052399552330526,0.0007186317816376,1.0517460836539738,0.0026694995662546,2.6617714105935018,4.424117088317871,0.3142106766230373,0.0,1.0517460836539738,0.0,1.052399552330526,0.0,pooled_embedding,True,768,10.311153411865234,-0.017835920676589012,0.37164396047592163,-6.554337501525879,1.545637607574463,0,0,cls_embedding,True,768,13.24204158782959,0.02047640085220337,0.4773920774459839,-2.5696258544921875,1.6583921909332275,0,0,1369,768,0.031683072447776794,0.541901707649231,2.000182628631592,0.020380575042310865,0.11650621526762076,0.021428586321560146,0.8139465014780128,0.5074683730196354,0.818957902061427,0.10067645530174964,0.9160934650756737,0.13517669150241174,1.0842746372886847,0.8587497185149705,True,2.6617714105935018,0.8587497185149705,2.6617714105935018,
371,patient00403/study2,patient00403/study2/view1_frontal.dcm,/home/jovyan/Desktop/MEDAGENT-X/data/raw/chexpert_plus/dicom_train/patient00403/study2/view1_frontal.dcm,True,/home/jovyan/Desktop/MEDAGENT-X/outputs/chexpert_plus/convnext_features/patient00403_study2_view1_frontal.npz,/home/jovyan/Desktop/MEDAGENT-X/outputs/chexpert_plus/raddino_features/patient00403__study2__view1_frontal.npz,ok,,,0.4038032293319702,1.7212931166055176,0.0969555452466011,0.12140683129918987,0.3115000128746032,0.03530041983522868,0.0075336983427405,0.7779023782038462,0.9988165502338918,0.24937674552827535,0.0011848519789054,0.24933800858955568,0.0036277380177835,4.589709225993324,4.585940361022949,0.8304472338414859,0.0,0.24933800858955568,0.0,0.24937674552827535,0.0,pooled_embedding,True,768,9.579591751098633,-0.022055426612496376,0.34496939182281494,-5.338366508483887,1.4404586553573608,0,0,cls_embedding,True,768,13.384461402893066,0.02050824649631977,0.4825345277786255,-2.409266233444214,1.7947654724121094,0,0,1369,768,0.03258271515369415,0.5273647904396057,1.7446281909942627,1.031203861099698,0.8947212807556231,1.054759559173907,0.9454294322738328,0.5013351321682129,0.9505465854526833,1.2978496772080161,1.0318168376573424,0.32984549376631833,1.0579926453061759,0.6167719238920222,True,4.589709225993324,1.031203861099698,4.589709225993324,moderate_outlier
372,patient00405/study1,patient00405/study1/view1_frontal.dcm,/home/jovyan/Desktop/MEDAGENT-X/data/raw/chexpert_plus/dicom_train/patient00405/study1/view1_frontal.dcm,True,/home/jovyan/Desktop/MEDAGENT-X/outputs/chexpert_plus/convnext_features/patient00405_study1_view1_frontal.npz,/home/jovyan/Desktop/MEDAGENT-X/outputs/chexpert_plus/raddino_features/patient00405__study1__view1_frontal.npz,ok,,,0.3060409724712372,0.3300416657199296,0.0577579215168952,1.724739603427822,0.2087529599666595,1.24592496473906,0.0065419352613389,1.2439466845342135,0.9994799664391688,1.394228167162292,0.0005203041364438,1.3930863021700863,0.0027542371065972,2.832259985905634,3.460249423980713,2.7606481884454315,1.24592496473906,1.3930863021700863,2.7606481884454315,1.394228167162292,0.0,pooled_embedding,True,768,11.458064079284668,-0.017669877037405968,0.41307953000068665,-7.508565902709961,1.1121362447738647,0,0,cls_embedding,True,768,12.30157470703125,0.03233250230550766,0.44271576404571533,-1.6525436639785767,1.4851621389389038,0,0,1369,768,0.030848544090986252,0.5410667657852173,2.4823060035705566,1.5643443659016014,0.08588233097797533,1.5837204200047252,0.0542988459032879,1.7759310616479045,0.06836431401138533,2.73910506244974,0.8255237215739193,0.499121667377456,0.9832840581096083,0.0710686013334938,True,2.832259985905634,1.5643443659016014,2.832259985905634,
372,patient00405/study1,patient00405/study1/view2_frontal.dcm,/home/jovyan/Desktop/MEDAGENT-X/data/raw/chexpert_plus/dicom_train/patient00405/study1/view2_frontal.dcm,True,/home/jovyan/Desktop/MEDAGENT-X/outputs/chexpert_plus/convnext_features/patient00405_study1_view2_frontal.npz,/home/jovyan/Desktop/MEDAGENT-X/outputs/chexpert_plus/raddino_features/patient00405__study1__view2_frontal.npz,ok,,,0.8094161152839661,7.4935567099316245,0.0997537150979042,0.2531962308394714,0.2646808624267578,0.5485205496258282,0.0135910799726843,2.0685518535022553,0.9979410094286976,1.2615362040683118,0.0020632387604564,1.2624468747699937,0.0022206045444214,1.7586124042354132,4.321661472320557,0.012635601949904068,0.5485205496258282,0.0,0.012635601949904068,0.0,2.0685518535022553,pooled_embedding,True,768,11.213926315307617,-0.017642414197325706,0.4042629599571228,-7.447847843170166,1.077210545539856,0,0,cls_embedding,True,768,12.631134986877441,0.024370865896344185,0.4551348090171814,-1.7970845699310303,1.513129472732544,0,0,1369,768,0.03371141478419304,0.5256993174552917,1.840299129486084,1.22701102810013,0.08081728397574824,1.2421803179391715,0.24995342017889294,0.24257744222136565,0.2494230579733148,0.7742887919440051,0.8280396636967335,0.48901161892432216,1.0279129406737633,0.3398286619541541,True,7.4935567099316245,1.22701102810013,7.4935567099316245,extreme_outlier
373,patient00408/study1,patient00408/study1/view1_frontal.dcm,/home/jovyan/Desktop/MEDAGENT-X/data/raw/chexpert_plus/dicom_train/patient00408/study1/view1_frontal.dcm,True,/home/jovyan/Desktop/MEDAGENT-X/outputs/chexpert_plus/convnext_features/patient00408_study1_view1_frontal.npz,/home/jovyan/Desktop/MEDAGENT-X/outputs/chexpert_plus/raddino_features/patient00408__study1__view1_frontal.npz,ok,,,0.3421841859817505,0.8443945443344402,0.1029761284589767,0.4049668325163327,0.3785103783011436,0.8708998729018289,0.0108031556010246,0.7584644906459456,0.9982494848457992,0.7292029312316433,0.0017535848310217,0.7295038257344999,0.0027858727991025,2.8959097463593233,4.367951393127441,0.1350350572315607,0.0,0.0,0.0,0.0,0.7584644906459456,pooled_embedding,True,768,10.912386894226074,-0.020979052409529686,0.3932076096534729,-6.626206874847412,1.0852993726730347,0,0,cls_embedding,True,768,13.06923770904541,0.026534581556916237,0.47084841132164,-1.9509888887405396,1.4930083751678467,0,0,1369,768,0.03215418756008148,0.5282847285270691,1.9560290575027466,0.8103638952062534,0.6962026310428598,0.8139133782537737,0.6544127987744746,0.6592934374066611,0.6515139105485223,0.14095473544654544,0.976161550203931,0.10620058249241028,1.074083678932837,0.7649217609658053,True,2.8959097463593233,0.8103638952062534,2.8959097463593233,
374,patient00408/study4,patient00408/study4/view1_frontal.dcm,/home/jovyan/Desktop/MEDAGENT-X/data/raw/chexpert_plus/dicom_train/patient00408/study4/view1_frontal.dcm,True,/home/jovyan/Desktop/MEDAGENT-X/outputs/chexpert_plus/convnext_features/patient00408_study4_view1_frontal.npz,/home/jovyan/Desktop/MEDAGENT-X/outputs/chexpert_plus/raddino_features/patient00408__study4__view1_frontal.npz,ok,,,0.2063306123018264,1.088933179057167,0.0928029716014862,0.07417285696799326,0.3255189349874854,0.21011223552289626,0.0102453753352165,0.49635520069745154,0.9983368993865748,0.5783524387620156,0.0016658711247146,0.5785404255062216,0.0018274327135124,0.9675662512136729,4.366415023803711,0.1301338461941092,0.0,0.0,0.0,0.0,0.49635520069745154,pooled_embedding,True,768,10.631747245788574,-0.014964343048632145,0.38334816694259644,-6.799424648284912,1.1246904134750366,0,0,cls_embedding,True,768,13.879725456237793,0.025767885148525238,0.5001781582832336,-2.83475661277771,2.2242698669433594,0,0,1369,768,0.03177222982048988,0.5377821326255798,2.1796860694885254,0.42259467923296257,0.4131067313044722,0.4319740239307793,1.402660536123803,0.5116332514360251,1.4020243748649088,1.0830121769381211,0.7745993921889728,0.7037557218958742,1.111528267860497,1.1096733709392104,True,1.088933179057167,1.402660536123803,1.402660536123803,
375,patient00408/study5,patient00408/study5/view1_frontal.dcm,/home/jovyan/Desktop/MEDAGENT-X/data/raw/chexpert_plus/dicom_train/patient00408/study5/view1_frontal.dcm,True,/home/jovyan/Desktop/MEDAGENT-X/outputs/chexpert_plus/convnext_features/patient00408_study5_view1_frontal.npz,/home/jovyan/Desktop/MEDAGENT-X/outputs/chexpert_plus/raddino_features/patient00408__study5__view1_frontal.npz,ok,,,0.2628973424434662,0.2839339093132239,0.0995148718357086,0.24194708879959792,0.3452991507947445,0.4567656809246241,0.0118120554834604,1.2325616361074272,0.9978513529532504,1.4162555831818722,0.0021532736718654,1.4174052836413136,0.0021134102326488,1.5429416941606766,4.447524070739746,0.3888818893500452,0.0,0.0,0.0,0.0,1.2325616361074272,pooled_embedding,True,768,10.30646800994873,-0.01806694082915783,0.3714635372161865,-6.234341144561768,1.0695871114730835,0,0,cls_embedding,True,768,12.441941261291504,0.023303108289837837,0.4483547508716583,-1.9287415742874146,1.6380237340927124,0,0,1369,768,0.03199880197644234,0.5417324900627136,2.080130100250244,0.02685455203664528,0.15911389633057668,0.028417900560594955,0.07528850071433632,0.03693504580116149,0.07593009898011739,0.5381903929209495,1.0338679745968269,0.3380877715413748,1.0035139436506553,0.11518756570114584,True,1.5429416941606766,0.3380877715413748,1.5429416941606766,
376,patient00408/study6,patient00408/study6/view1_frontal.dcm,/home/jovyan/Desktop/MEDAGENT-X/data/raw/chexpert_plus/dicom_train/patient00408/study6/view1_frontal.dcm,True,/home/jovyan/Desktop/MEDAGENT-X/outputs/chexpert_plus/convnext_features/patient00408_study6_view1_frontal.npz,/home/jovyan/Desktop/MEDAGENT-X/outputs/chexpert_plus/raddino_features/patient00408__study6__view1_frontal.npz,ok,,,0.2829509079456329,0.0014477195096746953,0.1044874563813209,0.4761480009151868,0.3851037882268429,0.9531177461023252,0.0112287085503339,0.9584381867704391,0.9979469878419084,1.2512193097731819,0.0020572356879711,1.252115031864795,0.0013879066478076,0.08325721354755741,4.480988502502441,0.4956376282104879,0.0,0.0,0.0,0.0,0.9584381867704391,pooled_embedding,True,768,10.541796684265137,-0.016700824722647667,0.38002753257751465,-6.357880115509033,1.2059826850891113,0,0,cls_embedding,True,768,12.304351806640625,0.026291145011782646,0.4432159662246704,-1.5648828744888306,1.5897103548049927,0,0,1369,768,0.03222842514514923,0.538848876953125,1.9508508443832397,0.2983069710901532,0.0928426482129267,0.30333785426745974,0.05173500887267662,0.6124093185650042,0.05556478423462908,0.16929259736860114,1.0363679947237465,0.3481338391308371,0.9739248200017804,0.15723892655809907,True,1.252115031864795,0.3481338391308371,1.252115031864795,
377,patient00408/study2,patient00408/study2/view1_frontal.dcm,/home/jovyan/Desktop/MEDAGENT-X/data/raw/chexpert_plus/dicom_train/patient00408/study2/view1_frontal.dcm,True,/home/jovyan/Desktop/MEDAGENT-X/outputs/chexpert_plus/convnext_features/patient00408_study2_view1_frontal.npz,/home/jovyan/Desktop/MEDAGENT-X/outputs/chexpert_plus/raddino_features/patient00408__study2__view1_frontal.npz,ok,,,0.3061362206935882,0.3313971400286794,0.1122626438736915,0.8423471043954258,0.3235653191804886,0.18575122376840342,0.0111626237630844,0.9273839567731317,0.9980330111396511,1.1027696729824552,0.0019708655308932,1.1034640041100272,0.001198605082183,0.2976100395873481,4.649378776550293,1.0328237442147161,0.0,0.0,0.0,0.0,0.9273839567731317,pooled_embedding,True,768,10.809638023376465,-0.023044854402542114,0.3893778622150421,-7.003493309020996,1.1553469896316528,0,0,cls_embedding,True,768,12.558767318725586,0.019167376682162285,0.4527699649333954,-1.5473825931549072,1.4395827054977417,0,0,1369,768,0.031170986592769623,0.5460073947906494,2.0723164081573486,0.6683923337632267,1.0772041647998458,0.6655549662473039,0.18314310239253442,0.7595769655118932,0.1889097424754963,0.49542982619266873,0.7563295058799171,0.7771713359288351,1.0454370091980711,0.501172423764733,True,1.1034640041100272,0.7771713359288351,1.1034640041100272,
378,patient00408/study3,patient00408/study3/view1_frontal.dcm,/home/jovyan/Desktop/MEDAGENT-X/data/raw/chexpert_plus/dicom_train/patient00408/study3/view1_frontal.dcm,True,/home/jovyan/Desktop/MEDAGENT-X/outputs/chexpert_plus/convnext_features/patient00408_study3_view1_frontal.npz,/home/jovyan/Desktop/MEDAGENT-X/outputs/chexpert_plus/raddino_features/patient00408__study3__view1_frontal.npz,ok,,,0.214796170592308,0.9684600984186241,0.0958219990134239,0.06801858635330114,0.3216117303818464,0.1613905488001107,0.0100962100550532,0.42626020439648515,0.9984540911744038,0.37611561694089624,0.001548302359879,0.37619370858514717,0.0012200958396332,0.25437148669509174,4.364026069641113,0.12251278247665669,0.0,0.0,0.0,0.0,0.42626020439648515,pooled_embedding,True,768,10.017520904541016,-0.01951533742249012,0.36094895005226135,-6.251097202301025,1.2522333860397339,0,0,cls_embedding,True,768,12.068951606750488,0.01586090587079525,0.4352118670940399,-1.6498202085494995,1.4673975706100464,0,0,1369,768,0.032346248626708984,0.5431145429611206,2.0968337059020996,0.42610245996956303,0.4262456569807255,0.4357365239481256,0.2690580560742344,1.3963793420060677,0.2603793761514998,0.629601167185843,0.8764483817203071,0.29448628372901997,0.9662847420779629,0.2275809770382604,True,0.9684600984186241,0.42610245996956303,0.9684600984186241,
379,patient00412/study6,patient00412/study6/view1_frontal.dcm,/home/jovyan/Desktop/MEDAGENT-X/data/raw/chexpert_plus/dicom_train/patient00412/study6/view1_frontal.dcm,True,/home/jovyan/Desktop/MEDAGENT-X/outputs/chexpert_plus/convnext_features/patient00412_study6_view1_frontal.npz,/home/jovyan/Desktop/MEDAGENT-X/outputs/chexpert_plus/raddino_features/patient00412__study6__view1_frontal.npz,ok,,,0.2901014685630798,0.10320711166282504,0.1087528392672538,0.6770408270189016,0.3118437156081199,0.03958629134653811,0.009418555535376,0.1078202095256611,0.998545505217042,0.21836321981938822,0.0014566134195774,0.21838856302676427,0.0012728320245817,0.1482683710875821,4.4771833419799805,0.4834986883970605,0.0,0.0,0.0,0.0,0.1078202095256611,pooled_embedding,True,768,11.1181001663208,-0.018087225034832954,0.40078192949295044,-6.310020923614502,1.3166767358779907,0,0,cls_embedding,True,768,11.725773811340332,0.016113504767417908,0.42281049489974976,-1.7778061628341675,1.4880719184875488,0,0,1369,768,0.027613604441285133,0.548618495464325,2.2415947914123535,1.0946048236694939,0.16285496807869476,1.1073306548443214,0.5858821040795259,1.3477306205003092,0.577714524520994,1.4218087411505007,1.585358502614022,2.554194377945152,0.9138045021105111,0.7107655369094666,True,0.6770408270189016,2.554194377945152,2.554194377945152,
380,patient00412/study4,patient00412/study4/view1_frontal.dcm,/home/jovyan/Desktop/MEDAGENT-X/data/raw/chexpert_plus/dicom_train/patient00412/study4/view1_frontal.dcm,True,/home/jovyan/Desktop/MEDAGENT-X/outputs/chexpert_plus/convnext_features/patient00412_study4_view1_frontal.npz,/home/jovyan/Desktop/MEDAGENT-X/outputs/chexpert_plus/raddino_features/patient00412__study4__view1_frontal.npz,ok,,,0.2454425692558288,0.5323322104773741,0.0953425243496894,0.04543608372254712,0.285714291036129,0.2862399109480257,0.0083889374509453,0.3760127289474745,0.998887697171002,0.37215437961018305,0.0011135414242744,0.37207006783659263,0.0010711847046773,0.5539747929050673,4.434274673461914,0.346614648541036,0.2862399109480257,0.37207006783659263,0.0,0.37215437961018305,0.0,pooled_embedding,True,768,10.37633991241455,-0.013259410858154297,0.3741890788078308,-5.95891809463501,1.1857285499572754,0,0,cls_embedding,True,768,11.190082550048828,0.019878020510077477,0.4032977223396301,-1.586351752281189,1.4762446880340576,0,0,1369,768,0.027986332774162292,0.5523523092269897,2.0424182415008545,0.06968979937123289,0.7275520565200191,0.07716530796545222,1.080435878109662,0.6227121013487004,1.0770212527165013,0.33181158590768195,1.4462963279791086,1.9953876745602142,0.8696520158547314,1.1172766285498559,True,0.5539747929050673,1.9953876745602142,1.9953876745602142,
381,patient00412/study2,patient00412/study2/view1_frontal.dcm,/home/jovyan/Desktop/MEDAGENT-X/data/raw/chexpert_plus/dicom_train/patient00412/study2/view1_frontal.dcm,True,/home/jovyan/Desktop/MEDAGENT-X/outputs/chexpert_plus/convnext_features/patient00412_study2_view1_frontal.npz,/home/jovyan/Desktop/MEDAGENT-X/outputs/chexpert_plus/raddino_features/patient00412__study2__view1_frontal.npz,ok,,,0.2876535654067993,0.06837108263524119,0.0589614808559417,1.668053851299455,0.1352869421243667,2.162024495569067,0.0115256253629922,1.0979638381967876,0.9980522709418124,1.069533204368523,0.0019515301100909,1.0701859567893484,0.0028386089840511,3.0020128619670348,3.295681953430176,3.285639081331333,2.162024495569067,0.0,3.285639081331333,0.0,1.0979638381967876,pooled_embedding,True,768,9.781584739685059,-0.004880284890532494,0.3529288172721863,-5.897729396820068,1.3164530992507935,0,0,cls_embedding,True,768,13.54662799835205,0.03143556788563728,0.48781001567840576,-1.4550062417984009,1.940800428390503,0,0,1369,768,0.03392516076564789,0.5222963690757751,1.7587625980377197,0.752103373152415,2.272937265753715,0.74642389497239,1.0951427234940474,1.6031879761292593,1.0855395289084917,1.220498887291945,0.9636865036086234,0.05607092156341206,1.1073835176306193,1.0715127353010807,True,3.285639081331333,1.0951427234940474,3.285639081331333,
382,patient00412/study7,patient00412/study7/view1_frontal.dcm,/home/jovyan/Desktop/MEDAGENT-X/data/raw/chexpert_plus/dicom_train/patient00412/study7/view1_frontal.dcm,True,/home/jovyan/Desktop/MEDAGENT-X/outputs/chexpert_plus/convnext_features/patient00412_study7_view1_frontal.npz,/home/jovyan/Desktop/MEDAGENT-X/outputs/chexpert_plus/raddino_features/patient00412__study7__view1_frontal.npz,ok,,,0.2552956342697143,0.3921135674506889,0.1092823967337608,0.7019821508990546,0.3111111149191856,0.03045097726351294,0.0092004369944334,0.005323044610300097,0.9986050728277978,0.11556792583255762,0.0013968757120892,0.11557444395754211,0.0014676205921084,0.24363851257284747,4.581135272979736,0.8151183996936279,0.0,0.0,0.0,0.0,0.005323044610300097,pooled_embedding,True,768,10.130599021911621,-0.012482297606766224,0.365343302488327,-5.8454976081848145,1.1264467239379883,0,0,cls_embedding,True,768,10.617511749267578,0.013537532649934292,0.38288721442222595,-1.6835618019104004,1.5822097063064575,0,0,1369,768,0.027398739010095596,0.5582022666931152,2.2372934818267822,0.2698586321260405,0.8708771872359486,0.26550619944437887,1.609037090948441,1.8438442291724186,1.5992998729201846,1.3982697491648748,1.222399280511598,1.0956809691141693,0.8233945892977155,1.5431678650531264,True,0.8151183996936279,1.609037090948441,1.609037090948441,
383,patient00412/study1,patient00412/study1/view1_frontal.dcm,/home/jovyan/Desktop/MEDAGENT-X/data/raw/chexpert_plus/dicom_train/patient00412/study1/view1_frontal.dcm,True,/home/jovyan/Desktop/MEDAGENT-X/outputs/chexpert_plus/convnext_features/patient00412_study1_view1_frontal.npz,/home/jovyan/Desktop/MEDAGENT-X/outputs/chexpert_plus/raddino_features/patient00412__study1__view1_frontal.npz,ok,,,0.2818893194198608,0.013659711764420024,0.09072045981884,0.17225588693227253,0.2827838882803917,0.3227811672801264,0.0078051323071122,0.6503514983492191,0.999072047489154,0.6902860775340925,0.0009288144065067,0.6900023487802867,0.0040603814075988,5.460170592344083,4.3543195724487305,0.09154783775959809,0.3227811672801264,0.6900023487802867,0.0,0.6902860775340925,0.0,pooled_embedding,True,768,10.015274047851562,-0.017417805269360542,0.3609750270843506,-5.9228363037109375,1.0654675960540771,0,0,cls_embedding,True,768,13.188628196716309,0.022117385640740395,0.47538942098617554,-1.938932180404663,2.452315092086792,0,0,1369,768,0.03282779082655907,0.5330153107643127,1.84141206741333,0.42920701722554755,0.03939204267009464,0.43472634060502097,0.7646348996887008,0.19142656507785347,0.7677125015646166,0.7681982196592703,1.1022921996608026,0.6130433138378467,1.0323468113810867,0.3806512242666099,True,5.460170592344083,0.7646348996887008,5.460170592344083,moderate_outlier
384,patient00412/study3,patient00412/study3/view1_frontal.dcm,/home/jovyan/Desktop/MEDAGENT-X/data/raw/chexpert_plus/dicom_train/patient00412/study3/view1_frontal.dcm,True,/home/jovyan/Desktop/MEDAGENT-X/outputs/chexpert_plus/convnext_features/patient00412_study3_view1_frontal.npz,/home/jovyan/Desktop/MEDAGENT-X/outputs/chexpert_plus/raddino_features/patient00412__study3__view1_frontal.npz,ok,,,0.3062213063240051,0.33260799082701664,0.09550641477108,0.053155064832794106,0.3023198992013931,0.07917288463932659,0.009428484365344,0.1124859152389341,0.9985444223366564,0.2202319368314743,0.0014576994581148,0.22025773578536176,0.0009939094278886,0.709449589474457,4.501463890075684,0.5609566853017875,0.07917288463932659,0.0,0.0,0.0,0.1124859152389341,pooled_embedding,True,768,10.374757766723633,-0.01473479438573122,0.3740767240524292,-6.886035919189453,0.9234888553619385,0,0,cls_embedding,True,768,11.786602020263672,0.020090410485863686,0.42483755946159363,-1.6701945066452026,1.2354071140289307,0,0,1369,768,0.032479364424943924,0.530987024307251,1.8579694032669067,0.06750369559887368,0.4554430214876289,0.07281286087573281,0.5297250926360234,0.5818073273342944,0.5258445521171791,0.6775879094253718,0.7657753832689965,0.7392140724369655,0.9345742850572969,0.5195385448456485,True,0.709449589474457,0.7392140724369655,0.7392140724369655,
385,patient00412/study8,patient00412/study8/view1_frontal.dcm,/home/jovyan/Desktop/MEDAGENT-X/data/raw/chexpert_plus/dicom_train/patient00412/study8/view1_frontal.dcm,True,/home/jovyan/Desktop/MEDAGENT-X/outputs/chexpert_plus/convnext_features/patient00412_study8_view1_frontal.npz,/home/jovyan/Desktop/MEDAGENT-X/outputs/chexpert_plus/raddino_features/patient00412__study8__view1_frontal.npz,ok,,,0.291480004787445,0.12282501517520608,0.1210546419024467,1.2564363850834395,0.3794871792197227,0.8830802916791958,0.0099264001473784,0.3464639888341117,0.9983945243999188,0.47890946778262217,0.0016080572968348,0.4790374811614725,0.0014691447593035,0.2467050766078604,4.676666736602783,1.1198757628491784,0.0,0.0,0.0,0.0,0.3464639888341117,pooled_embedding,True,768,9.953251838684082,-0.014768543653190136,0.358853280544281,-4.996703147888184,1.448643684387207,0,0,cls_embedding,True,768,11.964872360229492,0.015197880566120148,0.4314775764942169,-1.5834176540374756,1.566853404045105,0,0,1369,768,0.02764521911740303,0.5616559982299805,2.119980812072754,0.5149051840943729,0.4492185514229685,0.5169194753810111,0.3651447162170099,1.5240732228174085,0.3559350649078816,0.7562741108096148,1.4662907577582005,2.0757331849065688,0.9237560512980829,0.6191418149673465,True,1.2564363850834395,2.0757331849065688,2.0757331849065688,
386,patient00412/study5,patient00412/study5/view1_frontal.dcm,/home/jovyan/Desktop/MEDAGENT-X/data/raw/chexpert_plus/dicom_train/patient00412/study5/view1_frontal.dcm,True,/home/jovyan/Desktop/MEDAGENT-X/outputs/chexpert_plus/convnext_features/patient00412_study5_view1_frontal.npz,/home/jovyan/Desktop/MEDAGENT-X/outputs/chexpert_plus/raddino_features/patient00412__study5__view1_frontal.npz,ok,,,0.2238147109746933,0.84011754788056,0.0965806022286415,0.1037476047959431,0.3223443292081356,0.17052583965650203,0.0094693042337894,0.13166778198804513,0.998608945514698,0.10888486462896244,0.0013929922133684,0.10889058351705948,0.0025506938009071,2.4227389157739645,4.498199939727783,0.5505442738954078,0.0,0.0,0.0,0.0,0.13166778198804513,pooled_embedding,True,768,10.870182037353516,-0.012766268104314804,0.3920360803604126,-7.026072025299072,1.1548410654067993,0,0,cls_embedding,True,768,11.886578559875488,0.01908719539642334,0.42849504947662354,-1.5052207708358765,1.7693195343017578,0,0,1369,768,0.029238764196634293,0.5424985289573669,2.15582013130188,0.7520480287531148,0.818503728659712,0.7685301700052672,0.4374260790954764,0.775019301531732,0.43225409144913735,0.9524054125263298,0.7919969092019498,0.6338456320053035,0.9407065824488462,0.4630786007224363,True,2.4227389157739645,0.7520480287531148,2.4227389157739645,
387,patient00413/study1,patient00413/study1/view1_frontal.dcm,/home/jovyan/Desktop/MEDAGENT-X/data/raw/chexpert_plus/dicom_train/patient00413/study1/view1_frontal.dcm,True,/home/jovyan/Desktop/MEDAGENT-X/outputs/chexpert_plus/convnext_features/patient00413_study1_view1_frontal.npz,/home/jovyan/Desktop/MEDAGENT-X/outputs/chexpert_plus/raddino_features/patient00413__study1__view1_frontal.npz,ok,,,0.5540347099304199,3.8592323588329913,0.1474453657865524,2.499397977461383,0.4303163290023803,1.5169047677565501,0.0080860964953899,0.5183222237320358,0.9983605162544432,0.5375970207624712,0.0016421760665252,0.5377590390675416,0.0655730913257321,129.22130686241385,5.158113956451416,2.6557528409874727,0.0,0.0,0.0,0.0,0.0,pooled_embedding,True,768,11.206862449645996,-0.022245004773139954,0.4037805199623108,-7.679599761962891,0.9642747044563293,0,0,cls_embedding,True,768,10.541872024536133,0.017655566334724426,0.37998709082603455,-1.1470158100128174,1.4377565383911133,0,0,1369,768,0.03252842649817467,0.5276034474372864,1.9351589679718018,1.2172506479663963,0.9296857014582595,1.223491348844111,1.6788681933680507,1.0507407098725705,1.6735103019976216,0.25516666565871476,0.7908326178307006,0.6385242142628827,0.8701871701858814,1.1123494729171783,True,129.22130686241385,1.6788681933680507,129.22130686241385,extreme_outlier
387,patient00413/study1,patient00413/study1/view2_lateral.dcm,/home/jovyan/Desktop/MEDAGENT-X/data/raw/chexpert_plus/dicom_train/patient00413/study1/view2_lateral.dcm,True,/home/jovyan/Desktop/MEDAGENT-X/outputs/chexpert_plus/convnext_features/patient00413_study1_view2_lateral.npz,/home/jovyan/Desktop/MEDAGENT-X/outputs/chexpert_plus/raddino_features/patient00413__study1__view2_lateral.npz,ok,,,0.3412392437458038,0.8309471025611113,0.1284824907779693,1.6062763859415725,0.4527313485741615,1.796413437429305,0.0044130915775895,2.2443221738866166,0.999527756541475,1.4766991199820134,0.0004724665777757,1.4754191646063366,0.0216958696624189,40.942074543556636,4.675805568695068,1.117128529101929,0.0,1.4754191646063366,0.0,1.4766991199820134,0.0,pooled_embedding,True,768,8.694093704223633,-0.007058380637317896,0.31364166736602783,-3.4268620014190674,0.9498234987258911,0,0,cls_embedding,True,768,13.24081039428711,0.02140427939593792,0.47730693221092224,-1.7704988718032837,1.3677366971969604,0,0,1369,768,0.036507196724414825,0.5682371854782104,1.7390413284301758,2.2547262154582244,1.8712250866572675,2.2683464932745956,0.812809855321928,0.3287656729332485,0.8167791451159914,1.3284238803674402,1.7180541090916708,3.0874176976876524,1.1939450137287566,1.8684827647809688,True,40.942074543556636,3.0874176976876524,40.942074543556636,extreme_outlier
388,patient00422/study1,patient00422/study1/view1_frontal.dcm,/home/jovyan/Desktop/MEDAGENT-X/data/raw/chexpert_plus/dicom_train/patient00422/study1/view1_frontal.dcm,True,/home/jovyan/Desktop/MEDAGENT-X/outputs/chexpert_plus/convnext_features/patient00422_study1_view1_frontal.npz,/home/jovyan/Desktop/MEDAGENT-X/outputs/chexpert_plus/raddino_features/patient00422__study1__view1_frontal.npz,ok,,,0.4279951453208923,2.0655674746252606,0.1317976862192154,1.762416877683714,0.4369879364967346,1.6000977415281796,0.0044639683328568,2.2204144255931637,0.9995750865880484,1.5583761587317149,0.0004250940401107,1.5569516828915857,0.0065967480368726,10.563239802824059,4.991450309753418,2.124074883011367,0.0,1.5569516828915857,0.0,1.5583761587317149,0.0,pooled_embedding,True,768,10.22637939453125,-0.016695450991392136,0.36863479018211365,-6.547619342803955,1.2345353364944458,0,0,cls_embedding,True,768,11.178366661071777,0.023058587685227394,0.4027049243450165,-1.2471356391906738,1.5358071327209473,0,0,1369,768,0.03457280620932579,0.5310852527618408,2.012920618057251,0.1375156784374615,0.09383374022333266,0.13799912613483795,1.0912520655825533,0.01015785505930156,1.092190190203957,0.17038532536527326,0.8922774092466598,0.23087900365438638,0.8958458479490575,0.8761105203215632,True,10.563239802824059,1.0912520655825533,10.563239802824059,extreme_outlier
389,patient00422/study2,patient00422/study2/view1_frontal.dcm,/home/jovyan/Desktop/MEDAGENT-X/data/raw/chexpert_plus/dicom_train/patient00422/study2/view1_frontal.dcm,True,/home/jovyan/Desktop/MEDAGENT-X/outputs/chexpert_plus/convnext_features/patient00422_study2_view1_frontal.npz,/home/jovyan/Desktop/MEDAGENT-X/outputs/chexpert_plus/raddino_features/patient00422__study2__view1_frontal.npz,ok,,,0.4746030569076538,2.7288431261908905,0.1846602410078048,4.252160075548934,0.6124999970197678,3.788681266571198,0.0060385391116142,1.4805000648801243,0.9992745272183328,1.039703538184723,0.0007259994745254,1.0390656028373746,0.0206866068380237,38.911477710665864,5.50071907043457,3.748706169464728,0.0,1.0390656028373746,0.0,1.039703538184723,0.0,pooled_embedding,True,768,10.393783569335938,-0.01777581311762333,0.3746318519115448,-6.70802640914917,1.1023154258728027,0,0,cls_embedding,True,768,11.79914379119873,0.0247707050293684,0.4250437617301941,-1.2095314264297485,1.471072793006897,0,0,1369,768,0.03467421233654022,0.5272178649902344,1.7023223638534546,0.09379228526648443,0.10542041312696229,0.09431764388374428,0.5181464453868582,0.31958356888967304,0.5205681015377357,1.529369056643823,0.8482182613721847,0.4079260492821597,0.9371961998912076,0.4953986254049476,True,38.911477710665864,0.5181464453868582,38.911477710665864,extreme_outlier
390,patient00425/study1,patient00425/study1/view1_frontal.dcm,/home/jovyan/Desktop/MEDAGENT-X/data/raw/chexpert_plus/dicom_train/patient00425/study1/view1_frontal.dcm,True,/home/jovyan/Desktop/MEDAGENT-X/outputs/chexpert_plus/convnext_features/patient00425_study1_view1_frontal.npz,/home/jovyan/Desktop/MEDAGENT-X/outputs/chexpert_plus/raddino_features/patient00425__study1__view1_frontal.npz,ok,,,0.3175981342792511,0.4945112539826479,0.084520973265171,0.4642419541774757,0.2564102560281753,0.6516525671755715,0.0098779685795307,0.32370527068322585,0.9983698489492818,0.5214916726135044,0.0016328127821907,0.5216439608209178,0.0014462822513778,0.2007066160842735,4.365632057189941,0.12763608439290022,0.6516525671755715,0.0,0.0,0.0,0.32370527068322585,pooled_embedding,True,768,10.662618637084961,-0.01376896072179079,0.3845076560974121,-6.767936706542969,1.1552797555923462,0,0,cls_embedding,True,768,11.763988494873047,0.02185538411140442,0.42393335700035095,-1.570966124534607,1.6665713787078857,0,0,1369,768,0.03104712814092636,0.5254281759262085,1.7678568363189697,0.4652507161317208,0.6335743760705651,0.4768908160985838,0.5506020513138581,0.24188616567456264,0.5489819289896043,1.170730509136648,0.7631169704650255,0.7498966243179743,0.9592652624273408,0.2922091911549311,True,0.6516525671755715,0.7498966243179743,0.7498966243179743,
391,patient00427/study1,patient00427/study1/view1_frontal.dcm,/home/jovyan/Desktop/MEDAGENT-X/data/raw/chexpert_plus/dicom_train/patient00427/study1/view1_frontal.dcm,True,/home/jovyan/Desktop/MEDAGENT-X/outputs/chexpert_plus/convnext_features/patient00427_study1_view1_frontal.npz,/home/jovyan/Desktop/MEDAGENT-X/outputs/chexpert_plus/raddino_features/patient00427__study1__view1_frontal.npz,ok,,,0.4247457683086395,2.019325697604801,0.1398613899946212,2.1422046443686167,0.4406086802482605,1.6452473460589296,0.0040569989942014,2.411655405105469,0.999707964255418,1.7876819628128193,0.0002921210543718,1.785810488553818,0.0314164886158948,60.49957491269436,4.849758625030518,1.672060619023882,0.0,1.785810488553818,0.0,1.7876819628128193,0.0,pooled_embedding,True,768,10.829984664916992,-0.012299478985369205,0.39059978723526,-6.0342936515808105,1.304315447807312,0,0,cls_embedding,True,768,11.034238815307617,0.025595957413315773,0.3973402678966522,-1.4217911958694458,2.4236702919006348,0,0,1369,768,0.03241420164704323,0.5618288516998291,2.3323404788970947,0.6965059708839523,0.9045949275553049,0.7128904259623132,1.224311861804824,0.4785212124637581,1.2294648420184435,1.9184161040798817,1.364669820993559,1.6673801527652068,0.9030660846665879,0.8096339397516282,True,60.49957491269436,1.6673801527652068,60.49957491269436,extreme_outlier
391,patient00427/study1,patient00427/study1/view2_lateral.dcm,/home/jovyan/Desktop/MEDAGENT-X/data/raw/chexpert_plus/dicom_train/patient00427/study1/view2_lateral.dcm,True,/home/jovyan/Desktop/MEDAGENT-X/outputs/chexpert_plus/convnext_features/patient00427_study1_view2_lateral.npz,/home/jovyan/Desktop/MEDAGENT-X/outputs/chexpert_plus/raddino_features/patient00427__study1__view2_lateral.npz,ok,,,0.2398779988288879,0.6115214285727071,0.1244049221277237,1.4142293149784255,0.3752060160040855,0.8296954516069993,0.0017064097337424,3.5162324577318382,0.999944876149314,2.1965187026625563,5.512688949238509e-05,2.1936993632890283,0.0049675098832855,7.285277160455579,4.077248573303223,0.792343436424626,0.0,2.1936993632890283,0.792343436424626,2.1965187026625563,0.0,pooled_embedding,True,768,10.588787078857422,-0.018280453979969025,0.3816523849964142,-4.92521333694458,1.6290829181671143,0,0,cls_embedding,True,768,13.842227935791016,0.02421480417251587,0.4989010691642761,-1.474442958831787,1.4369901418685913,0,0,1369,768,0.03576566278934479,0.6082806587219238,2.1872141361236572,0.36323517553587675,0.1984927129894406,0.36628208975249726,1.3680425731407655,0.2125210823490821,1.3693453084925566,1.1242096533499684,1.4844940969701559,2.1488813864382648,1.3723943943648556,3.511462779647877,True,7.285277160455579,3.511462779647877,7.285277160455579,extreme_outlier
392,patient00429/study1,patient00429/study1/view1_frontal.dcm,/home/jovyan/Desktop/MEDAGENT-X/data/raw/chexpert_plus/dicom_train/patient00429/study1/view1_frontal.dcm,True,/home/jovyan/Desktop/MEDAGENT-X/outputs/chexpert_plus/convnext_features/patient00429_study1_view1_frontal.npz,/home/jovyan/Desktop/MEDAGENT-X/outputs/chexpert_plus/raddino_features/patient00429__study1__view1_frontal.npz,ok,,,0.2605249285697937,0.31769565285142637,0.0611813887953758,1.5634996784223227,0.220838688313961,1.0952195039848216,0.0067634261213243,1.1398648164588956,0.9993949538346436,1.247522674632375,0.0006054124678485,1.246606993091242,0.003098834714587,3.525576726096813,3.648869752883911,2.1589256575220848,1.0952195039848216,1.246606993091242,2.1589256575220848,1.247522674632375,0.0,pooled_embedding,True,768,10.906458854675293,-0.014946957118809223,0.39326897263526917,-6.1084794998168945,1.1219671964645386,0,0,cls_embedding,True,768,13.61060619354248,0.02461542934179306,0.4905132055282593,-1.6289788484573364,1.829978585243225,0,0,1369,768,0.03341143578290939,0.5689452886581421,2.155954599380493,0.8021729241098189,0.4163132660792136,0.8162904839720051,1.1542078234375874,0.28967859391762346,1.1547106769584736,0.9531412914399097,1.6101169197683205,2.653683469837644,1.1005740574932654,1.0088181668031386,True,3.525576726096813,2.653683469837644,3.525576726096813,moderate_outlier
392,patient00429/study1,patient00429/study1/view2_frontal.dcm,/home/jovyan/Desktop/MEDAGENT-X/data/raw/chexpert_plus/dicom_train/patient00429/study1/view2_frontal.dcm,True,/home/jovyan/Desktop/MEDAGENT-X/outputs/chexpert_plus/convnext_features/patient00429_study1_view2_frontal.npz,/home/jovyan/Desktop/MEDAGENT-X/outputs/chexpert_plus/raddino_features/patient00429__study1__view2_frontal.npz,ok,,,0.2550385296344757,0.395772415029409,0.0605444684624671,1.593497624469073,0.2167490571737289,1.1462159956808455,0.006639371626079,1.1981598793302148,0.9993795839204505,1.2209989509511348,0.0006208012346178,1.2201215023438805,0.0030560443267475,3.4394841603896342,3.666057109832764,2.1040958309424993,1.1462159956808455,1.2201215023438805,2.1040958309424993,1.2209989509511348,0.0,pooled_embedding,True,768,11.078471183776855,-0.014659595675766468,0.39949101209640503,-6.914734363555908,1.217633843421936,0,0,cls_embedding,True,768,13.43159294128418,0.023218398913741112,0.4841143786907196,-1.5225940942764282,1.7870112657546997,0,0,1369,768,0.03302721679210663,0.5657256841659546,2.1329867839813232,1.0398481291808774,0.46931212604364575,1.0573225386272695,0.9889415853953439,0.020620632311017528,0.9909729363222989,0.8274495197009109,1.2038838613021798,1.0212787069794922,1.0889420742673985,0.9017227209952401,True,3.4394841603896342,1.0398481291808774,3.4394841603896342,
392,patient00429/study1,patient00429/study1/view3_lateral.dcm,/home/jovyan/Desktop/MEDAGENT-X/data/raw/chexpert_plus/dicom_train/patient00429/study1/view3_lateral.dcm,True,/home/jovyan/Desktop/MEDAGENT-X/outputs/chexpert_plus/convnext_features/patient00429_study1_view3_lateral.npz,/home/jovyan/Desktop/MEDAGENT-X/outputs/chexpert_plus/raddino_features/patient00429__study1__view3_lateral.npz,ok,,,0.1947370320558548,1.253921036908524,0.1212698742747306,1.2665734913394142,0.3255814015865326,0.2108911755520471,0.0077700307592749,0.6668462407123221,0.9991884129771386,0.8910969610919101,0.0008122462313622,0.8906269583094678,0.0031078554513794,3.5437260912752686,3.794692993164064,1.6937312125805302,0.0,0.8906269583094678,1.6937312125805302,0.8910969610919101,0.0,pooled_embedding,True,768,9.723340034484863,-0.008745924569666386,0.3507517874240875,-4.4100236892700195,1.7109628915786743,0,0,cls_embedding,True,768,13.098219871520996,0.016009345650672913,0.47237008810043335,-1.6356569528579712,1.6418272256851196,0,0,1369,768,0.03468199819326401,0.6010347604751587,2.3525092601776123,0.8325820360777113,1.5599867256324111,0.830758618435762,0.681169326027317,1.3677909134412662,0.6904516602429572,2.028790112617769,1.5374151885487515,2.361539219542097,1.170644789129573,1.6539580450990623,True,3.5437260912752686,2.361539219542097,3.5437260912752686,moderate_outlier
393,patient00441/study4,patient00441/study4/view1_frontal.dcm,/home/jovyan/Desktop/MEDAGENT-X/data/raw/chexpert_plus/dicom_train/patient00441/study4/view1_frontal.dcm,True,/home/jovyan/Desktop/MEDAGENT-X/outputs/chexpert_plus/convnext_features/patient00441_study4_view1_frontal.npz,/home/jovyan/Desktop/MEDAGENT-X/outputs/chexpert_plus/raddino_features/patient00441__study4__view1_frontal.npz,ok,,,0.2866126000881195,0.05355713954063817,0.0801811516284942,0.668640728377407,0.2507936507463455,0.7216899751454304,0.0087655335664749,0.19904458129202302,0.9988459578490272,0.30012520437928536,0.0011553755030035,0.30006974957103977,0.0008453031263717,1.0084395828774702,4.098556995391846,0.7243668946398354,0.7216899751454304,0.30006974957103977,0.7243668946398354,0.30012520437928536,0.0,pooled_embedding,True,768,10.316509246826172,-0.01817941479384899,0.3718208074569702,-6.739461898803711,1.213828206062317,0,0,cls_embedding,True,768,12.286693572998047,0.025871044024825096,0.44260239601135254,-1.5782047510147095,2.030161142349243,0,0,1369,768,0.03459489345550537,0.5346038341522217,1.9252023696899414,0.012980238221593972,0.17985777846449427,0.014577811512436829,0.06803720889286842,0.5315009052977746,0.07126525605564063,0.3096543240097884,0.7869352394853373,0.6541854186898522,0.9494355576078938,0.3827110943435227,True,1.0084395828774702,0.6541854186898522,1.0084395828774702,
394,patient00441/study6,patient00441/study6/view1_frontal.dcm,/home/jovyan/Desktop/MEDAGENT-X/data/raw/chexpert_plus/dicom_train/patient00441/study6/view1_frontal.dcm,True,/home/jovyan/Desktop/MEDAGENT-X/outputs/chexpert_plus/convnext_features/patient00441_study6_view1_frontal.npz,/home/jovyan/Desktop/MEDAGENT-X/outputs/chexpert_plus/raddino_features/patient00441__study6__view1_frontal.npz,ok,,,0.2070165276527404,1.0791719403359372,0.0974301695823669,0.14376089111033744,0.3377289455384016,0.3623674586266652,0.0045548216439783,2.1777210957511235,0.9996650043820527,1.71354649294612,0.0003351078776177,1.7118261903702197,0.0028482112373798,3.021332215386752,4.409556865692139,0.26776173837704675,0.0,1.7118261903702197,0.0,1.71354649294612,0.0,pooled_embedding,True,768,10.436924934387207,-0.023501763120293617,0.3758760690689087,-6.97218656539917,1.1568814516067505,0,0,cls_embedding,True,768,12.891336441040039,0.02068893425166607,0.46471571922302246,-1.507336139678955,1.2464442253112793,0,0,1369,768,0.0329192616045475,0.5459781885147095,2.2418365478515625,0.15340215648421415,1.161473094174053,0.14251666604520188,0.49017315207072437,0.4665359766419166,0.49458621524757335,1.423131757495128,0.753659643452511,0.7878998969157962,1.0901886834205214,0.9132002274882874,True,3.021332215386752,0.9132002274882874,3.021332215386752,
395,patient00441/study3,patient00441/study3/view1_frontal.dcm,/home/jovyan/Desktop/MEDAGENT-X/data/raw/chexpert_plus/dicom_train/patient00441/study3/view1_frontal.dcm,True,/home/jovyan/Desktop/MEDAGENT-X/outputs/chexpert_plus/convnext_features/patient00441_study3_view1_frontal.npz,/home/jovyan/Desktop/MEDAGENT-X/outputs/chexpert_plus/raddino_features/patient00441__study3__view1_frontal.npz,ok,,,0.2608305513858795,0.3133463446423407,0.0980182588100433,0.17145896889338771,0.3521367572247982,0.5420286123661924,0.0084550371393561,0.34495149667158703,0.998905935698766,0.40362844411596144,0.0010952625889331,0.40352963386694846,0.000873805052919,0.9510948354248782,4.449026107788086,0.39367357611850334,0.0,0.40352963386694846,0.0,0.40362844411596144,0.0,pooled_embedding,True,768,10.31112289428711,-0.01695745810866356,0.3716839551925659,-6.07086706161499,1.2228888273239136,0,0,cls_embedding,True,768,10.957504272460938,0.023311635479331017,0.3947070837020874,-1.2779388427734375,1.3102295398712158,0,0,1369,768,0.03239309787750244,0.5413604974746704,2.026646614074707,0.02042274220368247,0.04551104817766851,0.019879253697049952,1.295153707669194,0.03857732085630637,1.296844635478006,0.24550107879382282,1.0982828211646218,0.5969320486001554,0.8853723030454002,0.9725402467805813,True,0.9510948354248782,1.295153707669194,1.295153707669194,
396,patient00441/study5,patient00441/study5/view1_frontal.dcm,/home/jovyan/Desktop/MEDAGENT-X/data/raw/chexpert_plus/dicom_train/patient00441/study5/view1_frontal.dcm,True,/home/jovyan/Desktop/MEDAGENT-X/outputs/chexpert_plus/convnext_features/patient00441_study5_view1_frontal.npz,/home/jovyan/Desktop/MEDAGENT-X/outputs/chexpert_plus/raddino_features/patient00441__study5__view1_frontal.npz,ok,,,0.299232006072998,0.23314348962650935,0.0836604535579681,0.5047710791167768,0.2559218555688858,0.6577427765642543,0.0097233336418867,0.25104000051921677,0.9986373590620734,0.05985185963509338,0.0013645002618432,0.059853300035682754,0.0012978283665805,0.09797672091505744,4.193665504455566,0.4209588096314666,0.6577427765642543,0.0,0.4209588096314666,0.0,0.25104000051921677,pooled_embedding,True,768,10.872394561767578,-0.019818799570202827,0.39182281494140625,-7.355279922485352,1.0439527034759521,0,0,cls_embedding,True,768,12.108989715576172,0.03272536024451256,0.4357183277606964,-1.424207329750061,2.004460573196411,0,0,1369,768,0.03438924625515938,0.53497314453125,2.0743157863616943,0.7551051479525563,0.48221401411602377,0.7602686020015452,0.23209460481868713,1.85159266081366,0.2474196997319219,0.5063714584077044,0.7257472282484848,0.9000629978066225,0.9561751264781542,0.3206600133972827,True,0.6577427765642543,0.9000629978066225,0.9000629978066225,
397,patient00441/study2,patient00441/study2/view1_frontal.dcm,/home/jovyan/Desktop/MEDAGENT-X/data/raw/chexpert_plus/dicom_train/patient00441/study2/view1_frontal.dcm,True,/home/jovyan/Desktop/MEDAGENT-X/outputs/chexpert_plus/convnext_features/patient00441_study2_view1_frontal.npz,/home/jovyan/Desktop/MEDAGENT-X/outputs/chexpert_plus/raddino_features/patient00441__study2__view1_frontal.npz,ok,,,0.2874104976654053,0.06491199362955588,0.0994942337274551,0.24097506635674643,0.3589743599295616,0.6272914973544916,0.0101505750790238,0.45180714232969166,0.9985135457376788,0.2735154079820968,0.0014886670978739,0.27355590766639337,0.0011832109935131,0.328582336339753,4.452253818511963,0.40397037857427903,0.0,0.0,0.0,0.0,0.45180714232969166,pooled_embedding,True,768,10.215143203735352,-0.018275074660778046,0.3681539297103882,-6.679675579071045,1.1708499193191528,0,0,cls_embedding,True,768,12.55016040802002,0.021192654967308044,0.45236876606941223,-1.5574976205825806,1.9446711540222168,0,0,1369,768,0.033592306077480316,0.5373766422271729,1.913657546043396,0.15304110016496977,0.19750059038075696,0.15662690698168744,0.17519714456242905,0.3695230080993223,0.17864358006756656,0.3728335734651382,0.8679379003545608,0.3286847568127114,0.9995516657258785,0.07870694906604586,True,0.6272914973544916,0.3286847568127114,0.6272914973544916,
398,patient00441/study1,patient00441/study1/view1_frontal.dcm,/home/jovyan/Desktop/MEDAGENT-X/data/raw/chexpert_plus/dicom_train/patient00441/study1/view1_frontal.dcm,True,/home/jovyan/Desktop/MEDAGENT-X/outputs/chexpert_plus/convnext_features/patient00441_study1_view1_frontal.npz,/home/jovyan/Desktop/MEDAGENT-X/outputs/chexpert_plus/raddino_features/patient00441__study1__view1_frontal.npz,ok,,,0.2380444109439849,0.6376151572478904,0.0930868312716484,0.06080351290656847,0.3147741220891475,0.07612759413190788,0.0115540558472275,1.1113237479903157,0.9979473613936668,1.2505746748392246,0.0020568605978041,1.251469466999433,0.0018732014827098,1.059651202260237,4.316174983978272,0.03013818860319639,0.0,0.0,0.03013818860319639,0.0,1.1113237479903157,pooled_embedding,True,768,10.88692855834961,-0.01603131927549839,0.392520934343338,-7.213204383850098,1.026541829109192,0,0,cls_embedding,True,768,12.578927040100098,0.02535422332584858,0.453194260597229,-2.085604190826416,1.6099803447723389,0,0,1369,768,0.03328276425600052,0.5219279527664185,1.9622150659561157,0.7751872585557837,0.21632137612845184,0.7873126532155179,0.20175469270506596,0.43196497466194445,0.19976692225574408,0.10710169592218166,0.7432985048343956,0.8295350412654646,1.0261824709757272,0.32389626073162603,True,1.251469466999433,0.8295350412654646,1.251469466999433,
399,patient00445/study1,patient00445/study1/view1_frontal.dcm,/home/jovyan/Desktop/MEDAGENT-X/data/raw/chexpert_plus/dicom_train/patient00445/study1/view1_frontal.dcm,True,/home/jovyan/Desktop/MEDAGENT-X/outputs/chexpert_plus/convnext_features/patient00445_study1_view1_frontal.npz,/home/jovyan/Desktop/MEDAGENT-X/outputs/chexpert_plus/raddino_features/patient00445__study1__view1_frontal.npz,ok,,,0.5286149978637695,3.4974852753527004,0.1996451020240783,4.9579234639328025,0.6745200753211975,4.562053313984281,0.0069786915555596,1.0387083690608792,0.999011490838964,0.5857840070269785,0.0009894872782751,0.5855787255018049,0.0355283373164902,68.77245165692446,5.63029670715332,4.1620750993719975,0.0,0.5855787255018049,0.0,0.5857840070269785,0.0,pooled_embedding,True,768,9.485770225524902,-0.019509723410010338,0.3417317867279053,-5.618789196014404,0.9680565595626831,0,0,cls_embedding,True,768,11.722895622253418,0.01620587520301342,0.4227030277252197,-1.9752684831619263,1.4430867433547974,0,0,1369,768,0.032913561910390854,0.5231781005859375,1.7778587341308594,1.160840210117737,0.4252102492443776,1.1801793050727813,0.5885392675954548,1.3299407423308705,0.5804644711591603,1.1159949483146876,1.385404940789397,1.7507020479378057,0.9097297369745568,0.7482818211340756,True,68.77245165692446,1.7507020479378057,68.77245165692446,extreme_outlier
400,patient00448/study1,patient00448/study1/view1_frontal.dcm,/home/jovyan/Desktop/MEDAGENT-X/data/raw/chexpert_plus/dicom_train/patient00448/study1/view1_frontal.dcm,True,/home/jovyan/Desktop/MEDAGENT-X/outputs/chexpert_plus/convnext_features/patient00448_study1_view1_frontal.npz,/home/jovyan/Desktop/MEDAGENT-X/outputs/chexpert_plus/raddino_features/patient00448__study1__view1_frontal.npz,ok,,,0.3241162896156311,0.5872709074525414,0.0924919694662094,0.08882056845155047,0.3450549468398094,0.4537205297770133,0.009017763659358,0.08051788789341291,0.9987216920743625,0.08568086664114756,0.00127994408831,0.08567569428331533,0.0008172584499829,1.064864361119619,4.37952995300293,0.17197211694956113,0.0,0.08567569428331533,0.0,0.08568086664114756,0.0,pooled_embedding,True,768,11.297941207885742,-0.021841878071427345,0.4070937931537628,-7.075369358062744,1.1770132780075073,0,0,cls_embedding,True,768,12.008041381835938,0.018288539722561836,0.4329167604446411,-1.5686945915222168,1.778657078742981,0,0,1369,768,0.03265344351530075,0.5334668755531311,2.205007553100586,1.343097223356162,0.8553359369743335,1.3518423581808627,0.32529078523223987,0.9288346110052461,0.31910820048644833,1.2215844391644597,0.8388376256993099,0.44562114580841716,0.9970711795524091,0.05586916058150847,True,1.064864361119619,1.343097223356162,1.343097223356162,
400,patient00448/study1,patient00448/study1/view2_lateral.dcm,/home/jovyan/Desktop/MEDAGENT-X/data/raw/chexpert_plus/dicom_train/patient00448/study1/view2_lateral.dcm,True,/home/jovyan/Desktop/MEDAGENT-X/outputs/chexpert_plus/convnext_features/patient00448_study1_view2_lateral.npz,/home/jovyan/Desktop/MEDAGENT-X/outputs/chexpert_plus/raddino_features/patient00448__study1__view2_lateral.npz,ok,,,0.2556006908416748,0.3877723174430625,0.123564600944519,1.3746515087548499,0.3694749753922224,0.7582310688910894,0.0060263881459832,1.4862099853792226,0.9993878237593034,1.2352183672839565,0.0006125512300059,1.2343205232329408,0.0003914061356874,1.9216623524712138,4.222543239593506,0.32883520887445217,0.0,1.2343205232329408,0.32883520887445217,1.2352183672839565,0.0,pooled_embedding,True,768,10.241964340209961,-0.016039013862609863,0.3692269027233124,-5.784066677093506,1.1521155834197998,0,0,cls_embedding,True,768,14.123015403747559,0.02300751768052578,0.5091007947921753,-2.023660898208618,1.41640305519104,0,0,1369,768,0.03499281778931618,0.5746003985404968,1.9928312301635742,0.11598143621449934,0.2149022423000335,0.1150616145224918,1.6272674513728356,0.01999356879061708,1.6303431557265726,0.060445798526361026,1.531035909037358,2.3359047566617943,1.3377621532259054,3.1926044016668427,True,1.9216623524712138,3.1926044016668427,3.1926044016668427,
401,patient00450/study1,patient00450/study1/view1_frontal.dcm,/home/jovyan/Desktop/MEDAGENT-X/data/raw/chexpert_plus/dicom_train/patient00450/study1/view1_frontal.dcm,True,/home/jovyan/Desktop/MEDAGENT-X/outputs/chexpert_plus/convnext_features/patient00450_study1_view1_frontal.npz,/home/jovyan/Desktop/MEDAGENT-X/outputs/chexpert_plus/raddino_features/patient00450__study1__view1_frontal.npz,ok,,,0.2439994215965271,0.5528695971879306,0.0980696901679039,0.17388130496667298,0.3272904753684997,0.23220282052475996,0.0058503309264779,1.5689419062154402,0.9995425719167492,1.5022658808025353,0.0004576374194584,1.5009415174557894,0.0034619188921859,4.256087712218676,3.285875082015991,3.3169242324181565,0.0,1.5009415174557894,3.3169242324181565,1.5022658808025353,0.0,pooled_embedding,True,768,10.508636474609375,-0.014459937810897827,0.3789219558238983,-6.460822582244873,1.252677083015442,0,0,cls_embedding,True,768,10.74809741973877,0.023158667609095573,0.387146532535553,-1.5528383255004883,1.5867758989334106,0,0,1369,768,0.03247376158833504,0.5579138398170471,2.3086702823638916,0.25248839708852444,0.5061355742729067,0.260509544005571,1.488479522004563,0.00911681482119967,1.490309406037187,1.7888805392922906,0.9845194961704283,0.13978610813854245,0.8816047333813108,1.007228188204937,True,4.256087712218676,1.488479522004563,4.256087712218676,moderate_outlier
401,patient00450/study1,patient00450/study1/view2_lateral.dcm,/home/jovyan/Desktop/MEDAGENT-X/data/raw/chexpert_plus/dicom_train/patient00450/study1/view2_lateral.dcm,True,/home/jovyan/Desktop/MEDAGENT-X/outputs/chexpert_plus/convnext_features/patient00450_study1_view2_lateral.npz,/home/jovyan/Desktop/MEDAGENT-X/outputs/chexpert_plus/raddino_features/patient00450__study1__view2_lateral.npz,ok,,,0.1938891857862472,1.2659867091893906,0.1292734593153,1.6435297601574088,0.3541475832462311,0.5671030185871726,0.0043604578822851,2.269055534583081,0.9997325445435944,1.8300999466352117,0.0002675270079635,1.828139116854735,0.0004052846972129,1.8937392363139853,4.095470428466797,0.7342134306564163,0.0,1.828139116854735,0.7342134306564163,1.8300999466352117,0.0,pooled_embedding,True,768,9.55488109588623,-0.014184503816068172,0.3444902002811432,-5.138769149780273,1.7706047296524048,0,0,cls_embedding,True,768,13.782745361328125,0.018043767660856247,0.4970145523548126,-1.4064961671829224,1.486299753189087,0,0,1369,768,0.032269690185785294,0.6032519936561584,2.16682767868042,1.0653474022965634,0.5569346222135487,1.0733226882867977,1.3131278604782357,0.9759759406845044,1.3210717721246796,1.0126444082019774,1.3909080203815085,1.7728155937197998,1.2944651932225106,2.793970123775271,True,2.269055534583081,2.793970123775271,2.793970123775271,
402,patient00452/study1,patient00452/study1/view1_frontal.dcm,/home/jovyan/Desktop/MEDAGENT-X/data/raw/chexpert_plus/dicom_train/patient00452/study1/view1_frontal.dcm,True,/home/jovyan/Desktop/MEDAGENT-X/outputs/chexpert_plus/convnext_features/patient00452_study1_view1_frontal.npz,/home/jovyan/Desktop/MEDAGENT-X/outputs/chexpert_plus/raddino_features/patient00452__study1__view1_frontal.npz,ok,,,0.7225204110145569,6.25694681033858,0.1330654323101043,1.8221257248825284,0.4630534946918487,1.925127548977738,0.0088159432634711,0.17535631066622348,0.9989116263291608,0.4134487141751683,0.0010895595187321,0.41334514509696313,0.0011704501351046,0.3542566780899264,4.834872245788574,1.6245712002224548,0.0,0.41334514509696313,0.0,0.4134487141751683,0.0,pooled_embedding,True,768,11.200575828552246,-0.01477318536490202,0.40389588475227356,-7.1646833419799805,0.934586226940155,0,0,cls_embedding,True,768,10.702784538269043,0.02266855537891388,0.38553765416145325,-1.4722341299057007,1.4298062324523926,0,0,1369,768,0.03094027005136013,0.5668326616287231,2.252484083175659,1.2085642127238454,0.4483624677869437,1.2279603999540059,1.5303126788288985,0.085275257794595,1.5314785322882707,1.4814005809021489,0.8579764600594247,0.36871375554586716,0.9113914791419483,0.7329821929641503,True,6.25694681033858,1.5303126788288985,6.25694681033858,extreme_outlier
403,patient00455/study1,patient00455/study1/view1_frontal.dcm,/home/jovyan/Desktop/MEDAGENT-X/data/raw/chexpert_plus/dicom_train/patient00455/study1/view1_frontal.dcm,True,/home/jovyan/Desktop/MEDAGENT-X/outputs/chexpert_plus/convnext_features/patient00455_study1_view1_frontal.npz,/home/jovyan/Desktop/MEDAGENT-X/outputs/chexpert_plus/raddino_features/patient00455__study1__view1_frontal.npz,ok,,,0.2385800927877426,0.6299918866087661,0.0735505521297454,0.9809315373593023,0.1923763006925583,1.4501370660370059,0.0048785042017698,2.025617820335799,0.999564330925352,1.5398152076566423,0.00043585896492,1.538424251765555,0.0008263064639689,1.0466601153078967,4.051844120025635,0.8733868319684819,1.4501370660370059,1.538424251765555,0.8733868319684819,1.5398152076566423,0.0,pooled_embedding,True,768,10.429858207702637,-0.01873115450143814,0.3758887052536011,-6.567723751068115,0.953562319278717,0,0,cls_embedding,True,768,13.347006797790527,0.028586236760020256,0.4807695150375366,-1.6674729585647583,1.5152353048324585,0,0,1369,768,0.03288671374320984,0.5575712323188782,2.1596763134002686,0.1436378231791016,0.2816166476771024,0.14300617203088917,0.9108510890251283,1.054427398544856,0.9053821817647298,0.973508436548031,1.1516771922222002,0.8114917054466728,1.1085865749369241,1.082589260778237,True,2.025617820335799,1.082589260778237,2.025617820335799,
403,patient00455/study1,patient00455/study1/view2_lateral.dcm,/home/jovyan/Desktop/MEDAGENT-X/data/raw/chexpert_plus/dicom_train/patient00455/study1/view2_lateral.dcm,True,/home/jovyan/Desktop/MEDAGENT-X/outputs/chexpert_plus/convnext_features/patient00455_study1_view2_lateral.npz,/home/jovyan/Desktop/MEDAGENT-X/outputs/chexpert_plus/raddino_features/patient00455__study1__view2_lateral.npz,ok,,,0.2142141908407211,0.9767422330560713,0.1526006758213043,2.7422049727578046,0.3915033936500549,1.032918934432512,0.0041796779260039,2.354006740071027,0.9996991577121992,1.7724845898160486,0.0003009328211192,1.770644623078375,0.0006750005692333,1.35108158335506,3.858313798904419,1.4907728545282772,0.0,1.770644623078375,1.4907728545282772,1.7724845898160486,0.0,pooled_embedding,True,768,9.991374969482422,-0.014923683367669582,0.3602237105369568,-2.8185107707977295,1.7669216394424438,0,0,cls_embedding,True,768,11.768321990966797,0.021052161231637,0.4241305887699127,-1.0944101810455322,1.295154094696045,0,0,1369,768,0.03564729541540146,0.6104908585548401,2.2200927734375,0.46222917547468667,0.42060570790591106,0.4638311658389271,0.5466013385847723,0.3965810859901946,0.5439350219315386,1.3041385714694602,2.154142465893117,4.839792832684206,1.0762608109876002,0.7849665739147301,True,2.7422049727578046,4.839792832684206,4.839792832684206,moderate_outlier
404,patient00457/study4,patient00457/study4/view1_frontal.dcm,/home/jovyan/Desktop/MEDAGENT-X/data/raw/chexpert_plus/dicom_train/patient00457/study4/view1_frontal.dcm,True,/home/jovyan/Desktop/MEDAGENT-X/outputs/chexpert_plus/convnext_features/patient00457_study4_view1_frontal.npz,/home/jovyan/Desktop/MEDAGENT-X/outputs/chexpert_plus/raddino_features/patient00457__study4__view1_frontal.npz,ok,,,0.2622777819633484,0.29275085405809786,0.1035036966204643,0.42981446325849126,0.3152625188231468,0.08221775706732294,0.0097759021446108,0.27574272624707474,0.998576703256155,0.1645250422973305,0.0014253254048526,0.16453899620181406,0.0011893076622933,0.31631608020010304,4.516044616699219,0.6074710338750936,0.0,0.0,0.0,0.0,0.27574272624707474,pooled_embedding,True,768,10.644612312316895,-0.020194342359900475,0.38357314467430115,-7.166493892669678,1.061576008796692,0,0,cls_embedding,True,768,12.48173999786377,0.024263808503746986,0.449741929769516,-1.8405588865280151,2.220607042312622,0,0,1369,768,0.032239317893981934,0.5426454544067383,2.229231595993042,0.4403707731986803,0.551476401968372,0.44068930856746147,0.11203096189615984,0.2219589623022946,0.11142622106000877,1.3541509378461036,0.6517080885752528,1.1975814831235374,1.0004898330082097,0.08734463718789724,True,0.6074710338750936,1.1975814831235374,1.1975814831235374,
405,patient00457/study5,patient00457/study5/view1_frontal.dcm,/home/jovyan/Desktop/MEDAGENT-X/data/raw/chexpert_plus/dicom_train/patient00457/study5/view1_frontal.dcm,True,/home/jovyan/Desktop/MEDAGENT-X/outputs/chexpert_plus/convnext_features/patient00457_study5_view1_frontal.npz,/home/jovyan/Desktop/MEDAGENT-X/outputs/chexpert_plus/raddino_features/patient00457__study5__view1_frontal.npz,ok,,,0.3300797045230865,0.6721360681868007,0.1168309822678566,1.0575086585031777,0.4124542102217674,1.2941694254153293,0.0115889487788081,1.127720458454,0.9979829954824696,1.1890812459780904,0.0020210810471326,1.1898895514375665,0.0014935314344242,0.2957701011662591,4.6181321144104,0.9331429688971621,0.0,0.0,0.0,0.0,1.127720458454,pooled_embedding,True,768,10.720051765441895,-0.022271784022450447,0.38618484139442444,-6.8584513664245605,1.1699738502502441,0,0,cls_embedding,True,768,11.759137153625488,0.02210886776447296,0.42374494671821594,-1.6458323001861572,1.8575797080993652,0,0,1369,768,0.03297083079814911,0.5431370735168457,2.1558470726013184,0.5446079961092909,0.9346246719378457,0.5418623452413261,0.5550808421705613,0.19306704647304299,0.5538031055415974,0.9525528492590152,0.7919344268719505,0.6340967106680555,0.9379378358519883,0.48857039738013813,True,1.2941694254153293,0.6340967106680555,1.2941694254153293,
406,patient00457/study3,patient00457/study3/view1_frontal.dcm,/home/jovyan/Desktop/MEDAGENT-X/data/raw/chexpert_plus/dicom_train/patient00457/study3/view1_frontal.dcm,True,/home/jovyan/Desktop/MEDAGENT-X/outputs/chexpert_plus/convnext_features/patient00457_study3_view1_frontal.npz,/home/jovyan/Desktop/MEDAGENT-X/outputs/chexpert_plus/raddino_features/patient00457__study3__view1_frontal.npz,ok,,,0.2924868762493133,0.1371537697187419,0.1236846521496772,1.3803057317229508,0.4158730171620846,1.3368009375893826,0.0100665306672453,0.4123134161336121,0.9984559918216492,0.3728356869607378,0.0015463958261534,0.3729123877291024,0.0013036202019216,0.08632377758257079,4.567805767059326,0.7725956022569676,0.0,0.0,0.0,0.0,0.4123134161336121,pooled_embedding,True,768,10.46768856048584,-0.02059783786535263,0.37715816497802734,-6.575796604156494,1.298034429550171,0,0,cls_embedding,True,768,12.192620277404785,0.02662072516977787,0.4391571879386902,-1.7493367195129395,2.130587100982666,0,0,1369,768,0.0315331369638443,0.5517399311065674,2.171323299407959,0.19590929059437895,0.6258941859386273,0.19218305166847205,0.1548863078662849,0.6758840745299335,0.1594236951197837,1.037246771312723,0.7994834790209713,0.6037616396384946,0.9744455436048913,0.1524446343608881,True,1.3803057317229508,0.6037616396384946,1.3803057317229508,
407,patient00457/study9,patient00457/study9/view1_frontal.dcm,/home/jovyan/Desktop/MEDAGENT-X/data/raw/chexpert_plus/dicom_train/patient00457/study9/view1_frontal.dcm,True,/home/jovyan/Desktop/MEDAGENT-X/outputs/chexpert_plus/convnext_features/patient00457_study9_view1_frontal.npz,/home/jovyan/Desktop/MEDAGENT-X/outputs/chexpert_plus/raddino_features/patient00457__study9__view1_frontal.npz,ok,,,0.2812633216381073,0.02256826553641776,0.061730857938528,1.5376205458856693,0.2043581902980804,1.3007264437049384,0.0059724445454776,1.5115588901227484,0.999538987174758,1.4960797235573156,0.0004612254560925,1.4947661745905487,0.0015090995056661,0.3270924439633039,3.5670268535614014,2.4200147819277533,1.3007264437049384,1.4947661745905487,2.4200147819277533,1.4960797235573156,0.0,pooled_embedding,True,768,11.656054496765137,-0.024549877271056175,0.4198845624923706,-7.599630355834961,0.8501851558685303,0,0,cls_embedding,True,768,11.84913444519043,0.01835000328719616,0.4271748960018158,-1.8801922798156738,1.9576798677444458,0,0,1369,768,0.031511880457401276,0.5534781813621521,2.259714365005493,1.8379143670902396,1.3547796648636345,1.8473367107260616,0.4719947375202329,0.9169971727637278,0.4660351192447148,1.520968424755377,1.3696203737803325,1.6872734277695187,0.9342673575479382,0.5223644205202608,True,2.4200147819277533,1.8379143670902396,2.4200147819277533,
408,patient00457/study2,patient00457/study2/view1_frontal.dcm,/home/jovyan/Desktop/MEDAGENT-X/data/raw/chexpert_plus/dicom_train/patient00457/study2/view1_frontal.dcm,True,/home/jovyan/Desktop/MEDAGENT-X/outputs/chexpert_plus/convnext_features/patient00457_study2_view1_frontal.npz,/home/jovyan/Desktop/MEDAGENT-X/outputs/chexpert_plus/raddino_features/patient00457__study2__view1_frontal.npz,ok,,,0.2993004322052002,0.23411725965557506,0.1063691303133964,0.5647718839590788,0.3658119663596153,0.7125544287960599,0.0097933774814009,0.2839546483935637,0.9985135906565724,0.27343789184849543,0.0014886220451444,0.2734783677524936,0.0013723601424181,0.0519782603914701,4.581495761871338,0.8162684045180578,0.0,0.0,0.0,0.0,0.2839546483935637,pooled_embedding,True,768,10.610026359558105,-0.01990422047674656,0.38233858346939087,-6.8339128494262695,1.0742809772491455,0,0,cls_embedding,True,768,11.493842124938965,0.020098553970456123,0.41426101326942444,-1.5113319158554077,2.0058021545410156,0,0,1369,768,0.03278728201985359,0.5365524291992188,2.0740132331848145,0.39258220212672185,0.497968426454747,0.3928643428667649,0.8000029963084417,0.5802389510693111,0.7964847524551812,0.5047157308521498,0.8464006428203698,0.41522995800944357,0.9169310004490734,0.6819799268475998,True,0.8162684045180578,0.8000029963084417,0.8162684045180578,
409,patient00457/study6,patient00457/study6/view1_frontal.dcm,/home/jovyan/Desktop/MEDAGENT-X/data/raw/chexpert_plus/dicom_train/patient00457/study6/view1_frontal.dcm,True,/home/jovyan/Desktop/MEDAGENT-X/outputs/chexpert_plus/convnext_features/patient00457_study6_view1_frontal.npz,/home/jovyan/Desktop/MEDAGENT-X/outputs/chexpert_plus/raddino_features/patient00457__study6__view1_frontal.npz,ok,,,0.1672146767377853,1.6455907671051122,0.0777927041053772,0.7811328505973905,0.2449328592047095,0.7947723136098731,0.0126595674082636,1.6308201663033914,0.9975417619950884,1.9505139352655476,0.0024642958305776,1.9527031817958282,0.0018180351593825,0.9486587444752477,3.979545831680298,1.1040274490088033,0.7947723136098731,0.0,1.1040274490088033,0.0,1.6308201663033914,pooled_embedding,True,768,9.12142276763916,-0.011801022104918957,0.3289293646812439,-5.0961689949035645,1.2524663209915161,0,0,cls_embedding,True,768,11.744729042053223,0.019921718165278435,0.42333295941352844,-1.6154268980026245,1.762141227722168,0,0,1369,768,0.032514769583940506,0.5397748351097107,2.140321969985962,1.6642713142857581,0.9965266986571082,1.6761250652604418,0.5683825076439388,0.6142962488380628,0.5643453302576292,0.867591453486719,1.073502424866892,0.49735463583452694,0.8840550764221408,0.9846679269627786,True,1.9527031817958282,1.6642713142857581,1.9527031817958282,
410,patient00457/study8,patient00457/study8/view1_frontal.dcm,/home/jovyan/Desktop/MEDAGENT-X/data/raw/chexpert_plus/dicom_train/patient00457/study8/view1_frontal.dcm,True,/home/jovyan/Desktop/MEDAGENT-X/outputs/chexpert_plus/convnext_features/patient00457_study8_view1_frontal.npz,/home/jovyan/Desktop/MEDAGENT-X/outputs/chexpert_plus/raddino_features/patient00457__study8__view1_frontal.npz,ok,,,0.3532379269599914,1.001699967383323,0.0991183370351791,0.22327092329296427,0.2923076897859573,0.204022177107338,0.0115804336965084,1.1237190939163113,0.9979937651432054,1.1704961386114272,0.00201026792638,1.171279170636005,0.0018315917182851,0.9759340041074578,4.483030319213867,0.5021512798747856,0.204022177107338,0.0,0.0,0.0,1.1237190939163113,pooled_embedding,True,768,10.448448181152344,-0.022811273112893105,0.37633517384529114,-6.668471813201904,0.9828385710716248,0,0,cls_embedding,True,768,12.434478759765625,0.02446424402296543,0.4480231702327728,-1.651953935623169,1.641974925994873,0,0,1369,768,0.03302180767059326,0.5404661893844604,2.0934159755706787,0.16932421307337409,1.0341241261929357,0.16030166536008977,0.06839906913310922,0.26056139439797626,0.0674453773228134,0.6108975781323568,0.8883485525483713,0.246666700527431,0.9588692855425381,0.29585494271630347,True,1.171279170636005,0.29585494271630347,1.171279170636005,
411,patient00457/study7,patient00457/study7/view1_frontal.dcm,/home/jovyan/Desktop/MEDAGENT-X/data/raw/chexpert_plus/dicom_train/patient00457/study7/view1_frontal.dcm,True,/home/jovyan/Desktop/MEDAGENT-X/outputs/chexpert_plus/convnext_features/patient00457_study7_view1_frontal.npz,/home/jovyan/Desktop/MEDAGENT-X/outputs/chexpert_plus/raddino_features/patient00457__study7__view1_frontal.npz,ok,,,0.2822611331939697,0.008368442216242436,0.0844584703445434,0.46718574344573205,0.2698412761092186,0.4841717160802378,0.0098390989005565,0.3054398271367547,0.9985578795179858,0.1970089991739492,0.0014442031970247,0.19702942232889123,0.0011120323855045,0.47179087676969383,4.199015140533447,0.4038927988837421,0.4841717160802378,0.0,0.4038927988837421,0.0,0.3054398271367547,pooled_embedding,True,768,10.369828224182129,-0.020570749416947365,0.3736230731010437,-6.783153057098389,0.8487399220466614,0,0,cls_embedding,True,768,12.024813652038574,0.028665272518992424,0.43296018242836,-1.649336576461792,1.9025107622146606,0,0,1369,768,0.03406018018722534,0.5301398038864136,1.9814307689666748,0.06069238131356641,0.6208981890210074,0.05523913419145996,0.30980651261638803,1.0696491143901832,0.31799708782649044,0.001943424896767897,0.6882338067727057,1.0508067312668847,0.9271990037521729,0.5874426179511226,True,0.4841717160802378,1.0508067312668847,1.0508067312668847,
412,patient00459/study1,patient00459/study1/view1_frontal.dcm,/home/jovyan/Desktop/MEDAGENT-X/data/raw/chexpert_plus/dicom_train/patient00459/study1/view1_frontal.dcm,True,/home/jovyan/Desktop/MEDAGENT-X/outputs/chexpert_plus/convnext_features/patient00459_study1_view1_frontal.npz,/home/jovyan/Desktop/MEDAGENT-X/outputs/chexpert_plus/raddino_features/patient00459__study1__view1_frontal.npz,ok,,,0.3947094976902008,1.5918805217367353,0.1288859546184539,1.6252788983333482,0.3743589967489242,0.819133371817634,0.005860153120011,1.5643263105579504,0.9994056930620464,1.266055263468088,0.0005946603487245,1.2651123844486147,0.0015929071355411,0.49571007624183,4.90595293045044,1.8513275086395227,0.0,1.2651123844486147,0.0,1.266055263468088,0.0,pooled_embedding,True,768,11.653704643249512,-0.025663308799266815,0.4197329878807068,-8.06793212890625,1.1553374528884888,0,0,cls_embedding,True,768,13.661755561828613,0.029056834056973457,0.4921190142631531,-2.451328754425049,2.267580270767212,0,0,1369,768,0.03227771818637848,0.5269265174865723,1.9592772722244263,1.834667495664626,1.5601328988214676,1.8414649478883127,1.201429264131202,1.1450610360901499,1.1958012550942685,0.12317882353411454,0.7663266731217652,0.7369987722229139,1.0895575755872482,0.9073896298073216,True,1.8513275086395227,1.834667495664626,1.8513275086395227,
412,patient00459/study1,patient00459/study1/view2_lateral.dcm,/home/jovyan/Desktop/MEDAGENT-X/data/raw/chexpert_plus/dicom_train/patient00459/study1/view2_lateral.dcm,True,/home/jovyan/Desktop/MEDAGENT-X/outputs/chexpert_plus/convnext_features/patient00459_study1_view2_lateral.npz,/home/jovyan/Desktop/MEDAGENT-X/outputs/chexpert_plus/raddino_features/patient00459__study1__view2_lateral.npz,ok,,,0.3080741465091705,0.35897569835183946,0.1612437665462494,3.1492809536108717,0.4639804642647505,1.9366865856013367,0.005901439115405,1.544925403783559,0.9994437541214738,1.3317368938650211,0.0005565554602071,1.330694421488139,0.0016451860703311,0.6008932226388961,4.589044094085693,0.8403485319925634,0.0,1.330694421488139,0.0,1.3317368938650211,0.0,pooled_embedding,True,768,10.769636154174805,-0.01169352326542139,0.388439804315567,-6.177148342132568,1.4607274532318115,0,0,cls_embedding,True,768,15.930741310119629,0.03055819682776928,0.5740382671356201,-1.8643507957458496,1.6751765012741089,0,0,1369,768,0.03339622542262077,0.5804573893547058,1.9276455640792847,0.6131204092716009,1.0163530047910971,0.6292160737815193,3.296172161994694,1.4342126527128831,3.2920094695829407,0.29628389995498544,1.366428598841912,1.6744476163224595,1.3606220415582615,3.4030749538103704,True,3.1492809536108717,3.4030749538103704,3.4030749538103704,
413,patient00462/study1,patient00462/study1/view1_frontal.dcm,/home/jovyan/Desktop/MEDAGENT-X/data/raw/chexpert_plus/dicom_train/patient00462/study1/view1_frontal.dcm,True,/home/jovyan/Desktop/MEDAGENT-X/outputs/chexpert_plus/convnext_features/patient00462_study1_view1_frontal.npz,/home/jovyan/Desktop/MEDAGENT-X/outputs/chexpert_plus/raddino_features/patient00462__study1__view1_frontal.npz,ok,,,0.324338287115097,0.5904301465407394,0.1089058816432952,0.6842488822530471,0.3450549393892288,0.4537204368704752,0.0100182006135582,0.38960240100519883,0.9984656639152384,0.35614464141852753,0.0015366938896477,0.35621445777763733,0.0010455786958006,0.6054930686913157,4.637331962585449,0.9943928951612789,0.0,0.0,0.0,0.0,0.38960240100519883,pooled_embedding,True,768,10.46845531463623,-0.022693784907460213,0.3770655393600464,-6.078820705413818,1.2746870517730713,0,0,cls_embedding,True,768,12.250775337219238,0.022298462688922882,0.4414990246295929,-1.5180684328079224,1.442135214805603,0,0,1369,768,0.031531572341918945,0.5299598574638367,2.2214608192443848,0.19696874052384056,1.0124554538711454,0.18859488043376438,0.10119716565245385,0.15655243456542228,0.09949910918510005,1.311625226090242,1.2207787714269331,1.0891691240219703,1.0224799658887573,0.2898073676172274,True,0.9943928951612789,1.0891691240219703,1.0891691240219703,
414,patient00464/study1,patient00464/study1/view1_frontal.dcm,/home/jovyan/Desktop/MEDAGENT-X/data/raw/chexpert_plus/dicom_train/patient00464/study1/view1_frontal.dcm,True,/home/jovyan/Desktop/MEDAGENT-X/outputs/chexpert_plus/convnext_features/patient00464_study1_view1_frontal.npz,/home/jovyan/Desktop/MEDAGENT-X/outputs/chexpert_plus/raddino_features/patient00464__study1__view1_frontal.npz,ok,,,0.2749933004379272,0.11179673030335283,0.1283276826143264,1.5989851648883073,0.4358974378556013,1.5864995457520383,0.0092519111931324,0.02951154050861968,0.99863890804764,0.05717878907411502,0.0013629470486193,0.057180076437782126,0.0010303370238501,0.6361587090404408,4.7501068115234375,1.3541588224187293,0.0,0.0,0.0,0.0,0.02951154050861968,pooled_embedding,True,768,10.71338176727295,-0.02442605048418045,0.385813444852829,-7.248737812042236,1.3044112920761108,0,0,cls_embedding,True,768,13.703227996826172,0.03334900364279747,0.49334678053855896,-1.7663666009902954,2.1787588596343994,0,0,1369,768,0.03415372595191002,0.5613119006156921,2.2638092041015625,0.5353918359020092,1.3319419505621521,0.5274750254450176,1.23971689495201,1.9717018711376855,1.2272182134005738,1.5433775033736976,0.7727960483004005,0.711002269392259,1.092766801164404,0.9369369079635798,True,1.5989851648883073,1.23971689495201,1.5989851648883073,
415,patient00472/study1,patient00472/study1/view1_frontal.dcm,/home/jovyan/Desktop/MEDAGENT-X/data/raw/chexpert_plus/dicom_train/patient00472/study1/view1_frontal.dcm,True,/home/jovyan/Desktop/MEDAGENT-X/outputs/chexpert_plus/convnext_features/patient00472_study1_view1_frontal.npz,/home/jovyan/Desktop/MEDAGENT-X/outputs/chexpert_plus/raddino_features/patient00472__study1__view1_frontal.npz,ok,,,0.4425559341907501,2.272781580474786,0.134530708193779,1.8911379146823775,0.4840041399002075,2.1863759031101777,0.0083021381869912,0.41680100138680165,0.9986577911508506,0.024592386475571958,0.0013440127950161,0.024592474966286238,0.0067448986943664,10.861313058497446,4.791302680969238,1.4855788181883087,0.0,0.0,0.0,0.0,0.0,pooled_embedding,True,768,10.388718605041504,-0.018476860597729683,0.37441495060920715,-6.899754524230957,1.1036261320114136,0,0,cls_embedding,True,768,11.71846866607666,0.011455215513706207,0.42269864678382874,-1.2222037315368652,1.4854592084884644,0,0,1369,768,0.03291510418057442,0.5308299660682678,1.9568898677825928,0.08679385420259067,0.23471652478744903,0.08591522745961225,0.5926262633015322,2.2448834569817073,0.5805765738091355,0.1362439361247727,0.6486269417875691,1.2099627469977063,0.9661449890598023,0.2288676803881781,True,10.861313058497446,1.2099627469977063,10.861313058497446,extreme_outlier
416,patient00472/study2,patient00472/study2/view1_frontal.dcm,/home/jovyan/Desktop/MEDAGENT-X/data/raw/chexpert_plus/dicom_train/patient00472/study2/view1_frontal.dcm,True,/home/jovyan/Desktop/MEDAGENT-X/outputs/chexpert_plus/convnext_features/patient00472_study2_view1_frontal.npz,/home/jovyan/Desktop/MEDAGENT-X/outputs/chexpert_plus/raddino_features/patient00472__study2__view1_frontal.npz,ok,,,0.6992472410202026,5.925747096245672,0.0835882872343063,0.5081699994710897,0.2257575988769531,1.0338821429667635,0.010908898897469,0.8081548473094251,0.9986285309113077,0.0750865205827377,0.0013733525993302,0.07508899150591784,0.0013690071689993,0.045232210660506936,4.265336513519287,0.1923192922558775,1.0338821429667635,0.0,0.1923192922558775,0.0,0.8081548473094251,pooled_embedding,True,768,11.395580291748047,-0.018704334273934364,0.4107769727706909,-7.924142360687256,1.0320861339569092,0,0,cls_embedding,True,768,12.550142288208008,0.027083029970526695,0.4520536959171295,-1.6321181058883667,1.381553053855896,0,0,1369,768,0.03455733507871628,0.531409740447998,2.0902068614959717,1.4780084207170305,0.27667011947681297,1.49452296255146,0.17518041623015512,0.7649206372509579,0.17058134050608734,0.5933356451947965,0.7811043337613404,0.6776162992576945,1.0427365852499804,0.47630967241997646,True,5.925747096245672,1.4780084207170305,5.925747096245672,moderate_outlier
416,patient00472/study2,patient00472/study2/view2_lateral.dcm,/home/jovyan/Desktop/MEDAGENT-X/data/raw/chexpert_plus/dicom_train/patient00472/study2/view2_lateral.dcm,True,/home/jovyan/Desktop/MEDAGENT-X/outputs/chexpert_plus/convnext_features/patient00472_study2_view2_lateral.npz,/home/jovyan/Desktop/MEDAGENT-X/outputs/chexpert_plus/raddino_features/patient00472__study2__view2_lateral.npz,ok,,,0.2476555407047271,0.5008394868239705,0.0944725424051284,0.004461302284176952,0.326619055122137,0.2238304084797378,0.0076242471113801,0.7353521574292707,0.9992501279704976,0.9975979740627118,0.0007504347595386,0.997010217579516,0.0032505635431057,3.830849120166144,3.994715929031372,1.0556329338177783,0.0,0.997010217579516,1.0556329338177783,0.9975979740627118,0.0,pooled_embedding,True,768,9.158853530883789,-0.016406042501330376,0.3300842046737671,-3.7252557277679443,1.41199791431427,0,0,cls_embedding,True,768,12.607403755187988,0.029859310016036034,0.453949511051178,-1.3664333820343018,1.679795503616333,0,0,1369,768,0.035426147282123566,0.57916259765625,1.9990991353988647,1.6125519731396902,0.147210142690169,1.631388374351522,0.22804458753132043,1.2996121048773606,0.2190928090290137,0.09474701962309122,1.7664867277100218,3.282039074905968,1.1390595884854013,1.3631537103406275,True,3.830849120166144,3.282039074905968,3.830849120166144,moderate_outlier
417,patient00475/study1,patient00475/study1/view1_frontal.dcm,/home/jovyan/Desktop/MEDAGENT-X/data/raw/chexpert_plus/dicom_train/patient00475/study1/view1_frontal.dcm,True,/home/jovyan/Desktop/MEDAGENT-X/outputs/chexpert_plus/convnext_features/patient00475_study1_view1_frontal.npz,/home/jovyan/Desktop/MEDAGENT-X/outputs/chexpert_plus/raddino_features/patient00475__study1__view1_frontal.npz,ok,,,0.1824995875358581,1.428071705993739,0.0846203342080116,0.45956221002662606,0.2647130768746137,0.5481188449815111,0.0099901864305138,0.3764381173681345,0.9985783282050188,0.16172088255265585,0.0014236958231776,0.1617343354370941,0.0020516814612495,1.418745850747173,4.214026927947998,0.3560033122664087,0.5481188449815111,0.0,0.3560033122664087,0.0,0.3764381173681345,pooled_embedding,True,768,10.337029457092285,-0.018599549308419228,0.3725414276123047,-6.305034160614014,0.9802579283714294,0,0,cls_embedding,True,768,12.556414604187012,0.026541495695710182,0.4523125886917114,-1.240196704864502,1.4704242944717407,0,0,1369,768,0.033648934215307236,0.5355568528175354,2.175532817840576,0.015373224629432625,0.257344340573036,0.013337883614728967,0.18097106051254883,0.6606250505575344,0.17720607329747687,1.0602834346073413,1.2763355839548407,1.312418324178665,1.0053658816658078,0.13223832338280245,True,1.428071705993739,1.312418324178665,1.428071705993739,
418,patient00475/study2,patient00475/study2/view1_frontal.dcm,/home/jovyan/Desktop/MEDAGENT-X/data/raw/chexpert_plus/dicom_train/patient00475/study2/view1_frontal.dcm,True,/home/jovyan/Desktop/MEDAGENT-X/outputs/chexpert_plus/convnext_features/patient00475_study2_view1_frontal.npz,/home/jovyan/Desktop/MEDAGENT-X/outputs/chexpert_plus/raddino_features/patient00475__study2__view1_frontal.npz,ok,,,0.1884313374757766,1.3436571683674414,0.0946697071194648,0.013747450264373977,0.2808302920311689,0.3471419351549573,0.0093496059998869,0.07541979148085258,0.9987424013153476,0.12141861889118527,0.0012591822305694,0.12140877149023631,0.0019288335853289,1.1715807895340904,4.255579948425293,0.22344395986521803,0.3471419351549573,0.12140877149023631,0.22344395986521803,0.12141861889118527,0.07541979148085258,pooled_embedding,True,768,10.734872817993164,-0.02134793810546398,0.38677266240119934,-6.663266181945801,1.3240422010421753,0,0,cls_embedding,True,768,13.868707656860352,0.02255246601998806,0.49993544816970825,-1.8649873733520508,1.3437974452972412,0,0,1369,768,0.03390975669026375,0.5615200996398926,2.2896828651428223,0.56508674157417,0.7642372328136862,0.5646336095377785,1.3924888296627274,0.10763322913839249,1.3958137355356726,1.6849715662451619,0.8847124346069584,0.26127805753586414,1.1773344509824206,1.7155496330959932,True,1.3436571683674414,1.7155496330959932,1.7155496330959932,
419,patient00476/study1,patient00476/study1/view1_frontal.dcm,/home/jovyan/Desktop/MEDAGENT-X/data/raw/chexpert_plus/dicom_train/patient00476/study1/view1_frontal.dcm,True,/home/jovyan/Desktop/MEDAGENT-X/outputs/chexpert_plus/convnext_features/patient00476_study1_view1_frontal.npz,/home/jovyan/Desktop/MEDAGENT-X/outputs/chexpert_plus/raddino_features/patient00476__study1__view1_frontal.npz,ok,,,0.2459005564451217,0.5258146099017403,0.0888909474015235,0.25842304466122346,0.3037075027823448,0.06186987806808858,0.0038844875525683,2.4927211118832693,0.9997789738825448,1.9102226422824782,0.0002210749808,1.908087351439034,0.0004331070028921,1.837761859133014,4.061476707458496,0.8426576686638395,0.06186987806808858,1.908087351439034,0.8426576686638395,1.9102226422824782,0.0,pooled_embedding,True,768,10.798959732055664,-0.007651778403669596,0.3895987272262573,-6.5300798416137695,1.0770183801651,0,0,cls_embedding,True,768,12.102835655212402,0.019294457510113716,0.43629705905914307,-1.2910566329956055,1.7328648567199707,0,0,1369,768,0.03282782807946205,0.5758482217788696,2.5514748096466064,0.6536377804545431,1.761783107284268,0.6741109305395879,0.23777607472203008,0.7351021166887576,0.23261071088928428,3.117632564246194,1.1679873971111836,0.8770325460776623,0.9855356263920683,0.050338455468019024,True,2.4927211118832693,0.8770325460776623,2.4927211118832693,
419,patient00476/study1,patient00476/study1/view2_lateral.dcm,/home/jovyan/Desktop/MEDAGENT-X/data/raw/chexpert_plus/dicom_train/patient00476/study1/view2_lateral.dcm,True,/home/jovyan/Desktop/MEDAGENT-X/outputs/chexpert_plus/convnext_features/patient00476_study1_view2_lateral.npz,/home/jovyan/Desktop/MEDAGENT-X/outputs/chexpert_plus/raddino_features/patient00476__study1__view2_lateral.npz,ok,,,0.5399583578109741,3.658912256390457,0.2795058190822601,8.719237646863021,0.8157700621522963,6.323398905676635,0.0042098970152437,2.3398063380326746,0.9997409294807152,1.8445697577534264,0.0002591376542113,1.8425779705011176,0.0080123033675945,13.41128106805943,4.999628067016602,2.150162955417417,0.0,1.8425779705011176,0.0,1.8445697577534264,0.0,pooled_embedding,True,768,9.59843921661377,-0.016953574493527412,0.34593865275382996,-3.056347131729126,1.495426058769226,0,0,cls_embedding,True,768,12.586341857910156,0.021902574226260185,0.4536420702934265,-1.57525634765625,1.475186824798584,0,0,1369,768,0.036343593150377274,0.6011081337928772,2.134460210800171,1.0051616857813526,0.04622731398068285,1.0172119101821446,0.20860010235925647,0.23279769068065795,0.2112257958511647,0.835512873753966,1.7862640190467065,3.361512037289526,1.1256539789864002,1.2397285215534304,True,13.41128106805943,3.361512037289526,13.41128106805943,extreme_outlier
420,patient00479/study1,patient00479/study1/view1_frontal.dcm,/home/jovyan/Desktop/MEDAGENT-X/data/raw/chexpert_plus/dicom_train/patient00479/study1/view1_frontal.dcm,True,/home/jovyan/Desktop/MEDAGENT-X/outputs/chexpert_plus/convnext_features/patient00479_study1_view1_frontal.npz,/home/jovyan/Desktop/MEDAGENT-X/outputs/chexpert_plus/raddino_features/patient00479__study1__view1_frontal.npz,ok,,,0.3959185481071472,1.6090864783173688,0.1345101296901703,1.8901686995245608,0.4133799225091934,1.3057127840606146,0.0061677331104874,1.4197898723794968,0.9991873037713762,0.8891828146122025,0.000813357240986,0.8887148080018753,0.0205838779690776,38.70479129471331,5.067716121673584,2.36737239838723,0.0,0.8887148080018753,0.0,0.8891828146122025,0.0,pooled_embedding,True,768,11.23507308959961,-0.02130235731601715,0.40485072135925293,-7.979601860046387,0.873741626739502,0,0,cls_embedding,True,768,13.295731544494629,0.022255079820752144,0.4792519509792328,-2.1110150814056396,2.198685646057129,0,0,1369,768,0.03189370408654213,0.5346992611885071,1.9261270761489868,1.2562302354830674,0.7558306426623365,1.2649492732451253,0.8635134304441372,0.1649076613695681,0.8665496712927204,0.3045938517290806,0.7736380263314874,0.7076188693475708,1.0788336947788193,0.8086550654885298,True,38.70479129471331,1.2562302354830674,38.70479129471331,extreme_outlier
420,patient00479/study1,patient00479/study1/view2_lateral.dcm,/home/jovyan/Desktop/MEDAGENT-X/data/raw/chexpert_plus/dicom_train/patient00479/study1/view2_lateral.dcm,True,/home/jovyan/Desktop/MEDAGENT-X/outputs/chexpert_plus/convnext_features/patient00479_study1_view2_lateral.npz,/home/jovyan/Desktop/MEDAGENT-X/outputs/chexpert_plus/raddino_features/patient00479__study1__view2_lateral.npz,ok,,,0.2878892719745636,0.0717254150219461,0.1514093279838562,2.686094363150679,0.4517704527825117,1.7844313508842504,0.0044349352829158,2.2340574900247274,0.9996261595166214,1.6465122555269052,0.0003739802923519,1.6449231697315438,0.0014648770911573,0.2381186973099849,4.612082004547119,0.913842358827893,0.0,1.6449231697315438,0.0,1.6465122555269052,0.0,pooled_embedding,True,768,9.526823997497559,-0.014591413550078869,0.343459814786911,-4.653884410858154,1.2795453071594238,0,0,cls_embedding,True,768,11.987298965454102,0.013246073387563229,0.4323515295982361,-1.4667248725891113,1.5928514003753662,0,0,1369,768,0.03514516353607178,0.5722637176513672,1.990712285041809,1.104114836282584,0.4818871426956074,1.1132382070347973,0.3444403234931586,1.8999771762079911,0.3335717301424278,0.04884983426316889,1.6156612110080468,2.6759626202853575,1.1124032441775487,1.1177292610592737,True,2.686094363150679,2.6759626202853575,2.686094363150679,
421,patient00485/study2,patient00485/study2/view1_frontal.dcm,/home/jovyan/Desktop/MEDAGENT-X/data/raw/chexpert_plus/dicom_train/patient00485/study2/view1_frontal.dcm,True,/home/jovyan/Desktop/MEDAGENT-X/outputs/chexpert_plus/convnext_features/patient00485_study2_view1_frontal.npz,/home/jovyan/Desktop/MEDAGENT-X/outputs/chexpert_plus/raddino_features/patient00485__study2__view1_frontal.npz,ok,,,0.2709238529205322,0.1697089036172704,0.0993394032120704,0.23368279257159374,0.3140415176749229,0.06699223359561364,0.0106544811278581,0.6886001318940624,0.9981792771544548,0.8503597172824152,0.0018240439239889,0.8507704407158339,0.0014603045895722,0.2289190052053479,4.526567935943604,0.6410417434919546,0.0,0.0,0.0,0.0,0.6886001318940624,pooled_embedding,True,768,10.519640922546387,-0.01665610633790493,0.37922924757003784,-6.148584365844727,1.2451728582382202,0,0,cls_embedding,True,768,12.477971076965332,0.018734125420451164,0.4498700797557831,-1.7056634426116943,1.4867700338363647,0,0,1369,768,0.03206244111061096,0.5319725275039673,1.9326058626174927,0.2676936119343671,0.10109018269674848,0.27241354452071603,0.10855146878318739,0.8430180266361178,0.11470541422254761,0.26913857939287994,0.8437646223559786,0.42582252863210823,1.0125306656141995,0.1982043513739665,True,0.8507704407158339,0.42582252863210823,0.8507704407158339,
422,patient00485/study1,patient00485/study1/view1_frontal.dcm,/home/jovyan/Desktop/MEDAGENT-X/data/raw/chexpert_plus/dicom_train/patient00485/study1/view1_frontal.dcm,True,/home/jovyan/Desktop/MEDAGENT-X/outputs/chexpert_plus/convnext_features/patient00485_study1_view1_frontal.npz,/home/jovyan/Desktop/MEDAGENT-X/outputs/chexpert_plus/raddino_features/patient00485__study1__view1_frontal.npz,ok,,,0.2400816679000854,0.6086230207422938,0.0927827060222625,0.0751273338793873,0.297680102288723,0.1370297809252812,0.0095247216522693,0.15770925584245024,0.9985161935218364,0.268946150504076,0.0014860114315524,0.26898526033378933,0.0009902672664394,0.7167774740698837,4.453333854675293,0.40741582953636085,0.1370297809252812,0.0,0.0,0.0,0.15770925584245024,pooled_embedding,True,768,10.560914039611816,-0.019072405993938446,0.38060659170150757,-6.94874382019043,1.0844792127609253,0,0,cls_embedding,True,768,12.335834503173828,0.030173087492585182,0.4441072940826416,-1.7078958749771118,1.5453214645385742,0,0,1369,768,0.03220393508672714,0.5349316000938416,2.037773370742798,0.3247220622418788,0.3445545974318516,0.32576969696062896,0.022669971766035243,1.3600433786300028,0.03275685188457986,0.3063924493928567,0.670749838846152,1.1210642150490528,0.9720064985201765,0.17490087553842215,True,0.7167774740698837,1.1210642150490528,1.1210642150490528,
423,patient00491/study1,patient00491/study1/view1_frontal.dcm,/home/jovyan/Desktop/MEDAGENT-X/data/raw/chexpert_plus/dicom_train/patient00491/study1/view1_frontal.dcm,True,/home/jovyan/Desktop/MEDAGENT-X/outputs/chexpert_plus/convnext_features/patient00491_study1_view1_frontal.npz,/home/jovyan/Desktop/MEDAGENT-X/outputs/chexpert_plus/raddino_features/patient00491__study1__view1_frontal.npz,ok,,,0.3126260638236999,0.4237538834255714,0.1093221977353096,0.703856715480177,0.3743589781224727,0.8191331395512886,0.0107514699921011,0.734176649920948,0.9981060671160524,0.9766976268422077,0.0018975266721099,0.9772410458413906,0.0020818599717114,1.4794638186382592,4.370551109313965,0.14332847826700007,0.0,0.0,0.0,0.0,0.734176649920948,pooled_embedding,True,768,9.736132621765137,-0.011038743890821934,0.35114896297454834,-6.0847272872924805,1.1009100675582886,0,0,cls_embedding,True,768,11.24722671508789,0.01489612739533186,0.40557584166526794,-1.6629878282546997,1.8276386260986328,0,0,1369,768,0.03319574147462845,0.5450584888458252,1.9212254285812378,0.8149060891202511,1.1371157627120747,0.8153726602488415,1.0276800007490066,1.5821887022016614,1.0187271121263544,0.33141820382888,0.9004866708328002,0.1978909505319666,0.8973478685537198,0.8622814455072835,True,1.4794638186382592,1.0276800007490066,1.4794638186382592,
424,patient00491/study4,patient00491/study4/view1_frontal.dcm,/home/jovyan/Desktop/MEDAGENT-X/data/raw/chexpert_plus/dicom_train/patient00491/study4/view1_frontal.dcm,True,/home/jovyan/Desktop/MEDAGENT-X/outputs/chexpert_plus/convnext_features/patient00491_study4_view1_frontal.npz,/home/jovyan/Desktop/MEDAGENT-X/outputs/chexpert_plus/raddino_features/patient00491__study4__view1_frontal.npz,ok,,,0.1752602458000183,1.5310945393126483,0.0900258421897888,0.20497128489144914,0.2603174727410078,0.6029307294796614,0.003944968804717,2.464300066845176,0.9997393219515696,1.8417956590607532,0.0002607460191939,1.839809825626116,0.0131485331414914,23.7451719632524,3.961610555648804,1.1612432313649979,0.6029307294796614,1.839809825626116,1.1612432313649979,1.8417956590607532,0.0,pooled_embedding,True,768,10.011754989624023,-0.01711309142410755,0.36086252331733704,-6.366778373718262,1.15386962890625,0,0,cls_embedding,True,768,12.683730125427246,0.02623194456100464,0.45693233609199524,-1.5316197872161865,2.029423713684082,0,0,1369,768,0.03433079272508621,0.5450282096862793,1.9638502597808838,0.4340694180212109,0.01680716847941261,0.4390845601709867,0.29850960570025703,0.601007739692643,0.29541946160087995,0.09815306909809128,0.8795405514811424,0.28206072519813014,1.030817820289068,0.3665738326940443,True,23.7451719632524,0.4340694180212109,23.7451719632524,extreme_outlier
425,patient00491/study3,patient00491/study3/view1_frontal.dcm,/home/jovyan/Desktop/MEDAGENT-X/data/raw/chexpert_plus/dicom_train/patient00491/study3/view1_frontal.dcm,True,/home/jovyan/Desktop/MEDAGENT-X/outputs/chexpert_plus/convnext_features/patient00491_study3_view1_frontal.npz,/home/jovyan/Desktop/MEDAGENT-X/outputs/chexpert_plus/raddino_features/patient00491__study3__view1_frontal.npz,ok,,,0.3083246350288391,0.36254039220823864,0.1014908328652381,0.3350117458558581,0.3621489629149437,0.666877858380934,0.0053510726429522,1.8035508413419594,0.999416921824583,1.2854326387129515,0.0005834183539263,1.2844608971444864,0.0058250621860215,9.010638431953321,4.569114685058594,0.7767712150123383,0.0,1.2844608971444864,0.0,1.2854326387129515,0.0,pooled_embedding,True,768,10.412799835205078,-0.014065033756196499,0.375476211309433,-6.68976354598999,1.6501060724258423,0,0,cls_embedding,True,768,11.848057746887207,0.01659558340907097,0.4272077679634094,-1.836811900138855,1.6006978750228882,0,0,1369,768,0.03221350163221359,0.5521596074104309,1.9007623195648193,0.12006769769616657,0.5789688133911699,0.12702680328584773,0.4729887526327192,1.2548857589620244,0.46519396806837054,0.4434029260526084,0.8941344908319542,0.2234165168831296,0.940946814838347,0.4608667857334094,True,9.010638431953321,0.4729887526327192,9.010638431953321,extreme_outlier
426,patient00491/study2,patient00491/study2/view1_frontal.dcm,/home/jovyan/Desktop/MEDAGENT-X/data/raw/chexpert_plus/dicom_train/patient00491/study2/view1_frontal.dcm,True,/home/jovyan/Desktop/MEDAGENT-X/outputs/chexpert_plus/convnext_features/patient00491_study2_view1_frontal.npz,/home/jovyan/Desktop/MEDAGENT-X/outputs/chexpert_plus/raddino_features/patient00491__study2__view1_frontal.npz,ok,,,0.1761541217565536,1.5183738200762558,0.0826716721057891,0.5513411305375481,0.267643479630351,0.5115775886494104,0.009233952499926,0.021072481952267085,0.9987160671235644,0.07597393927560173,0.0012855834793299,0.07596978081295935,0.0010823111252011,0.5315888754503368,4.187355995178223,0.4410869363997963,0.5115775886494104,0.07596978081295935,0.4410869363997963,0.07597393927560173,0.021072481952267085,pooled_embedding,True,768,10.031837463378906,-0.007923736236989498,0.3619060218334198,-6.094938278198242,1.5844863653182983,0,0,cls_embedding,True,768,12.115017890930176,0.01680188998579979,0.4368400573730469,-1.729659914970398,1.5966302156448364,0,0,1369,768,0.03202543035149574,0.5541375875473022,2.0867748260498047,0.4063207903911083,1.7116251773555566,0.3986610635133116,0.22652935280272082,1.2151526036304718,0.21871608311685226,0.574553771150504,0.9804426951209475,0.12340391247104655,0.9537138941932574,0.34332053170009963,True,1.5183738200762558,0.4063207903911083,1.5183738200762558,
427,patient00493/study1,patient00493/study1/view1_frontal.dcm,/home/jovyan/Desktop/MEDAGENT-X/data/raw/chexpert_plus/dicom_train/patient00493/study1/view1_frontal.dcm,True,/home/jovyan/Desktop/MEDAGENT-X/outputs/chexpert_plus/convnext_features/patient00493_study1_view1_frontal.npz,/home/jovyan/Desktop/MEDAGENT-X/outputs/chexpert_plus/raddino_features/patient00493__study1__view1_frontal.npz,ok,,,0.3312981724739074,0.6894760453811907,0.0390257388353347,2.606995949136089,0.1063907742500305,2.5223511691787706,0.0054445932619273,1.759604103643031,0.9996046370639984,1.6093711512148783,0.0003955193096771,1.6078525290086039,0.0017037035781729,0.7186281309502427,3.089804649353028,3.9424135297130545,2.5223511691787706,1.6078525290086039,3.9424135297130545,1.6093711512148783,0.0,pooled_embedding,True,768,10.860586166381836,-0.018242649734020233,0.39147278666496277,-7.114931106567383,1.1248419284820557,0,0,cls_embedding,True,768,11.598649024963379,0.020311379805207253,0.4180369973182678,-1.3014804124832153,1.4894969463348389,0,0,1369,768,0.03215853124856949,0.5358454585075378,2.0790467262268066,0.7387890919493304,0.19152037210791584,0.7467090552989579,0.7032445615590878,0.5392502337689934,0.6998621820163827,0.5322616096172145,0.7387052389803923,0.8479925963582482,0.9900817471248556,0.008482409330357066,True,3.9424135297130545,0.8479925963582482,3.9424135297130545,moderate_outlier
427,patient00493/study1,patient00493/study1/view2_lateral.dcm,/home/jovyan/Desktop/MEDAGENT-X/data/raw/chexpert_plus/dicom_train/patient00493/study1/view2_lateral.dcm,True,/home/jovyan/Desktop/MEDAGENT-X/outputs/chexpert_plus/convnext_features/patient00493_study1_view2_lateral.npz,/home/jovyan/Desktop/MEDAGENT-X/outputs/chexpert_plus/raddino_features/patient00493__study1__view2_lateral.npz,ok,,,0.2907888889312744,0.11298976823530467,0.0979766994714737,0.1695015894037802,0.3578709550201893,0.6135323642276433,0.0059760166332125,1.509880312666316,0.9994989815542704,1.4270423815023214,0.0005012695910409,1.425846515103749,0.001630832967568,0.5720153483048523,3.7880356311798096,1.714969033157623,0.0,1.425846515103749,1.714969033157623,1.4270423815023214,0.0,pooled_embedding,True,768,10.030601501464844,-0.006595814600586891,0.36188805103302,-3.884490966796875,1.702497959136963,0,0,cls_embedding,True,768,12.828190803527832,0.024023355916142464,0.4622736871242523,-1.4307667016983032,1.3711196184158325,0,0,1369,768,0.036777716130018234,0.5879985094070435,2.0115139484405518,0.4080285604266583,1.9565374109044746,0.39935722414861685,0.4318766749732433,0.175649532110341,0.43209775782162096,0.16268730126931447,1.7444052399959993,3.1933069420473896,1.1487385951966071,1.4522681389454688,True,1.714969033157623,3.1933069420473896,3.1933069420473896,
428,patient00496/study1,patient00496/study1/view1_frontal.dcm,/home/jovyan/Desktop/MEDAGENT-X/data/raw/chexpert_plus/dicom_train/patient00496/study1/view1_frontal.dcm,True,/home/jovyan/Desktop/MEDAGENT-X/outputs/chexpert_plus/convnext_features/patient00496_study1_view1_frontal.npz,/home/jovyan/Desktop/MEDAGENT-X/outputs/chexpert_plus/raddino_features/patient00496__study1__view1_frontal.npz,ok,,,0.2759270370006561,0.09850875609576007,0.0672960802912712,1.2755073250479068,0.1907203942537307,1.4707857299534957,0.0087546883150935,0.20414092713490348,0.9987816568590804,0.18916156018801583,0.0012198293115943,0.1891387843640411,0.0009555004145734,0.7867270031541314,3.8367860317230233,1.5594491346983002,1.4707857299534957,0.1891387843640411,1.5594491346983002,0.18916156018801583,0.0,pooled_embedding,True,768,9.89778995513916,-0.01189343724399805,0.35695764422416687,-6.307760238647461,1.116713523864746,0,0,cls_embedding,True,768,13.93632698059082,0.027131900191307068,0.5021514892578125,-1.7394319772720337,1.6119389533996582,0,0,1369,768,0.03232339024543762,0.5242259502410889,1.668436050415039,0.5915387289920957,0.9794823208074407,0.5903534547008471,1.4549154439547818,0.7743326885008129,1.4525193739496407,1.7148124999906995,1.0432127120223351,0.37563861474122706,1.0990303283543201,0.9946050823160204,True,1.5594491346983002,1.4549154439547818,1.5594491346983002,
429,patient00496/study2,patient00496/study2/view1_frontal.dcm,/home/jovyan/Desktop/MEDAGENT-X/data/raw/chexpert_plus/dicom_train/patient00496/study2/view1_frontal.dcm,True,/home/jovyan/Desktop/MEDAGENT-X/outputs/chexpert_plus/convnext_features/patient00496_study2_view1_frontal.npz,/home/jovyan/Desktop/MEDAGENT-X/outputs/chexpert_plus/raddino_features/patient00496__study2__view1_frontal.npz,ok,,,0.2620849311351776,0.2954953078290382,0.0900211557745933,0.20519200767721021,0.3045177087187767,0.05176684948371293,0.0095294956117868,0.15995261082662543,0.9985245061835708,0.25460106437489877,0.0014776741154491,0.25463596829355245,0.001332122128469,0.02897903012977743,4.323712348937988,0.006093048047955305,0.05176684948371293,0.0,0.006093048047955305,0.0,0.15995261082662543,pooled_embedding,True,768,10.782853126525879,-0.020246442407369614,0.3885655999183655,-7.404138088226318,1.0534156560897827,0,0,cls_embedding,True,768,14.697599411010742,0.023657986894249916,0.5298259854316711,-1.7606393098831177,2.3430304527282715,0,0,1369,768,0.030924586579203606,0.5218346118927002,1.7404526472091675,0.631382743316885,0.56108535677706,0.6340891982286562,2.1577272699710996,0.10528209966888188,2.1606741016519413,1.3207004136494693,0.7974563307480447,0.6119075214833639,1.2113312264927143,2.0285572912577945,True,0.2954953078290382,2.1577272699710996,2.1577272699710996,
430,patient00496/study4,patient00496/study4/view1_frontal.dcm,/home/jovyan/Desktop/MEDAGENT-X/data/raw/chexpert_plus/dicom_train/patient00496/study4/view1_frontal.dcm,True,/home/jovyan/Desktop/MEDAGENT-X/outputs/chexpert_plus/convnext_features/patient00496_study4_view1_frontal.npz,/home/jovyan/Desktop/MEDAGENT-X/outputs/chexpert_plus/raddino_features/patient00496__study4__view1_frontal.npz,ok,,,0.3001497983932495,0.24620456184562306,0.0831724628806114,0.5277546725966878,0.2505494505167007,0.7247350798397728,0.0095434812828898,0.16652468686977717,0.9985007422767482,0.29561022618462596,0.0015015088720247,0.29565778857404656,0.0012691740233136,0.15562812477133167,4.295668601989746,0.09555612177067342,0.7247350798397728,0.0,0.09555612177067342,0.0,0.16652468686977717,pooled_embedding,True,768,10.885951042175293,-0.020664352923631668,0.3922690153121948,-7.422582149505615,1.1631513833999634,0,0,cls_embedding,True,768,11.797050476074219,0.02657684125006199,0.4248589873313904,-2.426123857498169,1.4290040731430054,0,0,1369,768,0.03260838985443115,0.528093695640564,1.8630458116531372,0.7738365916680995,0.6381617407710697,0.7775537048735025,0.5200790079837647,0.6674323488201883,0.5252962405162801,0.649807175687888,0.6487221917982652,1.2095799948610149,0.9189867051339276,0.6630530933576525,True,0.7247350798397728,1.2095799948610149,1.2095799948610149,
431,patient00496/study6,patient00496/study6/view1_frontal.dcm,/home/jovyan/Desktop/MEDAGENT-X/data/raw/chexpert_plus/dicom_train/patient00496/study6/view1_frontal.dcm,True,/home/jovyan/Desktop/MEDAGENT-X/outputs/chexpert_plus/convnext_features/patient00496_study6_view1_frontal.npz,/home/jovyan/Desktop/MEDAGENT-X/outputs/chexpert_plus/raddino_features/patient00496__study6__view1_frontal.npz,ok,,,0.1979321390390396,1.2084515748806277,0.0979071930050849,0.1662279441440828,0.3279609372839331,0.2405632824663128,0.0090702921152114,0.05583398078910121,0.9987181480530376,0.07956498068631937,0.0012834972003474,0.0795604598787862,0.0008634407159927,0.9719474708622027,4.413507461547852,0.2803646351632931,0.0,0.0795604598787862,0.0,0.07956498068631937,0.0,pooled_embedding,True,768,10.012371063232422,-0.017934812232851982,0.3608448803424835,-5.601786136627197,1.1261898279190063,0,0,cls_embedding,True,768,12.030939102172852,0.026794537901878357,0.43330147862434387,-1.3904832601547241,1.6955747604370117,0,0,1369,768,0.029584702104330063,0.5384682416915894,2.1672708988189697,0.43321816845102157,0.13474505652116395,0.43976802135855003,0.30415145586926706,0.7093591502771691,0.3092637575712823,1.0150699381671278,1.219271479485628,1.0831122300968563,0.953672651691996,0.34370025061587284,True,1.2084515748806277,1.0831122300968563,1.2084515748806277,
432,patient00496/study3,patient00496/study3/view1_frontal.dcm,/home/jovyan/Desktop/MEDAGENT-X/data/raw/chexpert_plus/dicom_train/patient00496/study3/view1_frontal.dcm,True,/home/jovyan/Desktop/MEDAGENT-X/outputs/chexpert_plus/convnext_features/patient00496_study3_view1_frontal.npz,/home/jovyan/Desktop/MEDAGENT-X/outputs/chexpert_plus/raddino_features/patient00496__study3__view1_frontal.npz,ok,,,0.2942408323287964,0.16211426079912497,0.0863426029682159,0.3784460598942074,0.2710622698068619,0.46894628551506734,0.0091963056474924,0.0033816628877548893,0.9986570019992188,0.025954218400066266,0.0013448040699586,0.025954332318625255,0.0010606679510315,0.575134084745873,4.265169620513916,0.1928517018968173,0.46894628551506734,0.0,0.1928517018968173,0.0,0.0033816628877548893,pooled_embedding,True,768,10.922735214233398,-0.02240108884871006,0.39350318908691406,-7.374926567077637,1.1090871095657349,0,0,cls_embedding,True,768,12.15469741821289,0.02138856239616871,0.4380730092525482,-1.6146178245544434,1.5625061988830566,0,0,1369,768,0.03265004605054855,0.5181834697723389,1.7560354471206665,0.8246625160826064,0.9584727160842513,0.8253636621359587,0.18989694643848878,0.3317926534739459,0.18716643187792334,1.235423268414254,0.7416601004103964,0.8361187968941246,0.9562783619134368,0.3197095267304704,True,0.575134084745873,0.8361187968941246,0.8361187968941246,
433,patient00496/study7,patient00496/study7/view1_frontal.dcm,/home/jovyan/Desktop/MEDAGENT-X/data/raw/chexpert_plus/dicom_train/patient00496/study7/view1_frontal.dcm,True,/home/jovyan/Desktop/MEDAGENT-X/outputs/chexpert_plus/convnext_features/patient00496_study7_view1_frontal.npz,/home/jovyan/Desktop/MEDAGENT-X/outputs/chexpert_plus/raddino_features/patient00496__study7__view1_frontal.npz,ok,,,0.294300764799118,0.16296715780628862,0.1174496114253997,1.0866451189552648,0.3492063507437706,0.5054873095808227,0.0096192630007863,0.20213564962076547,0.9984249502153226,0.4264039098201485,0.0015775344800204,0.42650489070503983,0.0016482344047212,0.6070263507087214,4.685418605804443,1.1477953244200614,0.0,0.0,0.0,0.0,0.20213564962076547,pooled_embedding,True,768,10.402142524719238,-0.019035128876566887,0.37487196922302246,-6.554710865020752,0.9949122667312622,0,0,cls_embedding,True,768,12.574333190917969,0.024953918531537056,0.45305049419403076,-1.669169545173645,1.757112979888916,0,0,1369,768,0.02841423824429512,0.5486549735069275,2.1685051918029785,0.10534213431092596,0.3376794763211916,0.10361941210705176,0.19751362025436042,0.3548691649958681,0.19608812508921214,1.0218246281238699,1.0162081634684539,0.2671236803716891,0.993662965446328,0.024489798867176504,True,1.1477953244200614,0.2671236803716891,1.1477953244200614,
434,patient00496/study5,patient00496/study5/view1_frontal.dcm,/home/jovyan/Desktop/MEDAGENT-X/data/raw/chexpert_plus/dicom_train/patient00496/study5/view1_frontal.dcm,True,/home/jovyan/Desktop/MEDAGENT-X/outputs/chexpert_plus/convnext_features/patient00496_study5_view1_frontal.npz,/home/jovyan/Desktop/MEDAGENT-X/outputs/chexpert_plus/raddino_features/patient00496__study5__view1_frontal.npz,ok,,,0.218492791056633,0.9158536145923365,0.0862781852483749,0.381480033194165,0.2959707044064998,0.1583454673324049,0.0115668764337897,1.117348333380896,0.9980505414834778,1.0725177151736691,0.0019532663282006,1.073174148719815,0.0022499756133248,1.8177058316878714,4.188189506530762,0.4384279305359027,0.1583454673324049,0.0,0.4384279305359027,0.0,1.117348333380896,pooled_embedding,True,768,10.345694541931152,-0.02112451195716858,0.37271997332572937,-6.852639675140381,1.117035984992981,0,0,cls_embedding,True,768,12.516220092773438,0.03163469582796097,0.45053091645240784,-1.9294428825378418,1.796394944190979,0,0,1369,768,0.031468503177165985,0.524914562702179,2.0106751918792725,0.02734606301138307,0.7230301348101497,0.020254464653060245,0.14386321733632157,1.6415385783672058,0.13161537449839325,0.15809719130836822,0.7480089316482676,0.8106066871942995,0.9853407157404002,0.05213299408862881,True,1.8177058316878714,0.8106066871942995,1.8177058316878714,
435,patient00500/study1,patient00500/study1/view1_frontal.dcm,/home/jovyan/Desktop/MEDAGENT-X/data/raw/chexpert_plus/dicom_train/patient00500/study1/view1_frontal.dcm,True,/home/jovyan/Desktop/MEDAGENT-X/outputs/chexpert_plus/convnext_features/patient00500_study1_view1_frontal.npz,/home/jovyan/Desktop/MEDAGENT-X/outputs/chexpert_plus/raddino_features/patient00500__study1__view1_frontal.npz,ok,,,0.2193673849105835,0.9034072983214508,0.0752558559179306,0.9006144107295396,0.237118449062109,0.8922156986687598,0.0090473359450697,0.06662142850753308,0.998751495895658,0.13711305492501236,0.0012500648153945,0.1371006861754603,0.0011848875774276,0.32520911590145984,3.69464111328125,2.01290927115354,0.8922156986687598,0.1371006861754603,2.01290927115354,0.13711305492501236,0.0,pooled_embedding,True,768,10.81396484375,-0.02203831635415554,0.3895925283432007,-7.365894794464111,1.163446068763733,0,0,cls_embedding,True,768,10.951214790344238,0.015146836638450623,0.39487752318382263,-1.4111605882644653,1.21634042263031,0,0,1369,768,0.032410912215709686,0.5176050662994385,1.8568172454833984,0.6743708466114448,0.8915655888292491,0.6738707955277413,1.3009601998453209,1.533903914300849,1.2924833085718295,0.6838931130599007,0.8043733243933123,0.584112310985655,0.926476963023977,0.5940904330464578,True,2.01290927115354,1.3009601998453209,2.01290927115354,
436,patient00500/study2,patient00500/study2/view1_frontal.dcm,/home/jovyan/Desktop/MEDAGENT-X/data/raw/chexpert_plus/dicom_train/patient00500/study2/view1_frontal.dcm,True,/home/jovyan/Desktop/MEDAGENT-X/outputs/chexpert_plus/convnext_features/patient00500_study2_view1_frontal.npz,/home/jovyan/Desktop/MEDAGENT-X/outputs/chexpert_plus/raddino_features/patient00500__study2__view1_frontal.npz,ok,,,0.3268765211105346,0.6265516707591324,0.0949076786637306,0.02495553576063381,0.3499389514327049,0.5146226236638478,0.0048147370107471,2.055582977200492,0.9995679012807098,1.5459765380169963,0.000432285509305,1.544574499348487,0.0001049799392756,2.4979405163273753,4.452382564544678,0.404381094583004,0.0,1.544574499348487,0.0,1.5459765380169963,0.0,pooled_embedding,True,768,11.71884536743164,-0.02323579601943493,0.42222854495048523,-7.853127956390381,1.2140122652053833,0,0,cls_embedding,True,768,12.020181655883789,0.030930504202842712,0.43263670802116394,-1.5365689992904663,1.6061238050460815,0,0,1369,768,0.03334803879261017,0.5385096073150635,2.1071019172668457,1.9246746193361124,1.1124200514822455,1.9381389165758016,0.31408280260872284,1.5059163618210993,0.3262743814511873,0.6857941335866485,0.733331001390665,0.8695884041227052,0.9980000981585074,0.06442169631919127,True,2.4979405163273753,1.9246746193361124,2.4979405163273753,
436,patient00500/study2,patient00500/study2/view2_lateral.dcm,/home/jovyan/Desktop/MEDAGENT-X/data/raw/chexpert_plus/dicom_train/patient00500/study2/view2_lateral.dcm,True,/home/jovyan/Desktop/MEDAGENT-X/outputs/chexpert_plus/convnext_features/patient00500_study2_view2_lateral.npz,/home/jovyan/Desktop/MEDAGENT-X/outputs/chexpert_plus/raddino_features/patient00500__study2__view2_lateral.npz,ok,,,0.245643675327301,0.5294702766114634,0.1363763660192489,1.978065495744773,0.3782661836594343,0.8678548378873915,0.00463577080518,2.1396818740985535,0.9996517050199696,1.6905959025526007,0.0003484163316898,1.688921110159928,0.0001679632248939,2.3712206399877163,4.258023738861084,0.2156479615514567,0.0,1.688921110159928,0.2156479615514567,1.6905959025526007,0.0,pooled_embedding,True,768,10.017755508422852,-0.016468176618218422,0.36110928654670715,-4.415826320648193,1.4090361595153809,0,0,cls_embedding,True,768,13.115377426147461,0.02213612198829651,0.4727424383163452,-1.4700266122817993,1.3651039600372314,0,0,1369,768,0.0348210372030735,0.5852324962615967,1.941564679145813,0.42577829991651883,0.13575057690745795,0.4295253395070937,0.6970092958136245,0.18781807997962227,0.6999796228877853,0.22011129915055,1.5910238963825365,2.576960166150842,1.1580597498169796,1.538087830233645,True,2.3712206399877163,2.576960166150842,2.576960166150842,
437,patient00503/study1,patient00503/study1/view1_frontal.dcm,/home/jovyan/Desktop/MEDAGENT-X/data/raw/chexpert_plus/dicom_train/patient00503/study1/view1_frontal.dcm,True,/home/jovyan/Desktop/MEDAGENT-X/outputs/chexpert_plus/convnext_features/patient00503_study1_view1_frontal.npz,/home/jovyan/Desktop/MEDAGENT-X/outputs/chexpert_plus/raddino_features/patient00503__study1__view1_frontal.npz,ok,,,0.3741736710071563,1.2996358499650857,0.1052607521414756,0.5125690151185858,0.3079365342855453,0.009135105043315031,0.0095739420503377,0.18083865711303795,0.9984312891941292,0.4154647906960773,0.0015711755258962,0.4155605425877245,0.0022496707798858,1.8170925188809086,4.62157154083252,0.9441151710117327,0.009135105043315031,0.0,0.0,0.0,0.18083865711303795,pooled_embedding,True,768,10.16148567199707,-0.013541734777390957,0.3664208948612213,-6.621829986572266,1.1757532358169556,0,0,cls_embedding,True,768,13.731350898742676,0.011723287403583527,0.4953487813472748,-1.8618797063827515,1.880724549293518,0,0,1369,768,0.03172024339437485,0.5281966328620911,1.6879302263259888,0.22718151164659642,0.6754822809029501,0.22376196022154757,1.265680147079653,2.1932547488260825,1.278446836630041,1.6081302811442553,0.7966431040059083,0.6151753875013573,1.1236433251109863,1.221216469999403,True,1.8170925188809086,1.265680147079653,1.8170925188809086,
438,patient00506/study1,patient00506/study1/view1_frontal.dcm,/home/jovyan/Desktop/MEDAGENT-X/data/raw/chexpert_plus/dicom_train/patient00506/study1/view1_frontal.dcm,True,/home/jovyan/Desktop/MEDAGENT-X/outputs/chexpert_plus/convnext_features/patient00506_study1_view1_frontal.npz,/home/jovyan/Desktop/MEDAGENT-X/outputs/chexpert_plus/raddino_features/patient00506__study1__view1_frontal.npz,ok,,,0.3477663397789001,0.9238339907909001,0.0934856459498405,0.04201996874740599,0.2908424884080887,0.22229280527338763,0.0102971149608492,0.5206684246820622,0.998402354847168,0.4653965348847924,0.0016002017073333,0.4655172851525165,0.0014272301614397,0.1623745656479175,4.162456035614014,0.5205209336576113,0.22229280527338763,0.0,0.5205209336576113,0.0,0.5206684246820622,pooled_embedding,True,768,10.15703296661377,-0.015781663358211517,0.36617040634155273,-6.330827236175537,1.2708605527877808,0,0,cls_embedding,True,768,12.024134635925293,0.023569459095597267,0.43324294686317444,-1.6197856664657593,2.0380382537841797,0,0,1369,768,0.03394610807299614,0.5368868708610535,1.902527093887329,0.23333396403547232,0.2623661024475989,0.23346549279159837,0.31043338485738914,0.08823228559703258,0.3107615099831954,0.43374516768679705,0.8805756652470514,0.277901229543222,0.9748204006389802,0.14899333285877595,True,0.9238339907909001,0.31043338485738914,0.9238339907909001,
439,patient00507/study1,patient00507/study1/view1_frontal.dcm,/home/jovyan/Desktop/MEDAGENT-X/data/raw/chexpert_plus/dicom_train/patient00507/study1/view1_frontal.dcm,True,/home/jovyan/Desktop/MEDAGENT-X/outputs/chexpert_plus/convnext_features/patient00507_study1_view1_frontal.npz,/home/jovyan/Desktop/MEDAGENT-X/outputs/chexpert_plus/raddino_features/patient00507__study1__view1_frontal.npz,ok,,,0.1974450945854187,1.2153826884259211,0.0749270096421241,0.9161025531700042,0.2473748587071895,0.7643213015064081,0.0099776443094015,0.3705443870576327,0.9984440452649996,0.3934517530971019,0.001558379502967,0.3935374037634712,0.0012606427300521,0.17279274894902857,3.983576774597168,1.0911682350097045,0.7643213015064081,0.0,1.0911682350097045,0.0,0.3705443870576327,pooled_embedding,True,768,10.279961585998535,-0.018538761883974075,0.3704826235771179,-5.784568786621094,1.0848348140716553,0,0,cls_embedding,True,768,12.082651138305664,0.017194898799061775,0.4356558918952942,-1.634408712387085,1.9794445037841797,0,0,1369,768,0.03425731882452965,0.5439326763153076,2.0825035572052,0.06347936713547102,0.24613314897525512,0.0664169571948189,0.25641055643662064,1.1394619471734393,0.24901735314483325,0.5511791776455714,1.084893303625073,0.5431276824895768,0.9735284847925704,0.16088797720539738,True,1.2153826884259211,0.5431276824895768,1.2153826884259211,
440,patient00508/study4,patient00508/study4/view1_frontal.dcm,/home/jovyan/Desktop/MEDAGENT-X/data/raw/chexpert_plus/dicom_train/patient00508/study4/view1_frontal.dcm,True,/home/jovyan/Desktop/MEDAGENT-X/outputs/chexpert_plus/convnext_features/patient00508_study4_view1_frontal.npz,/home/jovyan/Desktop/MEDAGENT-X/outputs/chexpert_plus/raddino_features/patient00508__study4__view1_frontal.npz,ok,,,0.3643046021461487,1.159189456718189,0.0948174968361854,0.020708113504943546,0.3142857104539871,0.0700372453834179,0.0093915769830346,0.0951425842464699,0.9985894369233675,0.14255066649079493,0.0014125555753707,0.14256093872270725,0.0011319989757596,0.43161888791245084,4.4031596183776855,0.24735371625462296,0.0,0.0,0.0,0.0,0.0951425842464699,pooled_embedding,True,768,9.558065414428711,-0.01671260967850685,0.3444918096065521,-5.752630233764648,0.9845229983329773,0,0,cls_embedding,True,768,11.896296501159668,0.027716226875782013,0.4283749461174011,-1.94801664352417,1.6128140687942505,0,0,1369,768,0.03568120673298836,0.5393097400665283,1.9377869367599487,1.0609475225521947,0.09066911644521844,1.0732603455433376,0.4284544103654184,0.8868697839572113,0.4353273817851912,0.240785060472663,0.8945967854263135,0.22155883474242657,0.9577846124496249,0.30584150701800034,True,1.159189456718189,1.0609475225521947,1.159189456718189,
441,patient00508/study1,patient00508/study1/view1_frontal.dcm,/home/jovyan/Desktop/MEDAGENT-X/data/raw/chexpert_plus/dicom_train/patient00508/study1/view1_frontal.dcm,True,/home/jovyan/Desktop/MEDAGENT-X/outputs/chexpert_plus/convnext_features/patient00508_study1_view1_frontal.npz,/home/jovyan/Desktop/MEDAGENT-X/outputs/chexpert_plus/raddino_features/patient00508__study1__view1_frontal.npz,ok,,,0.2102689743041992,1.0328864793812453,0.0814999938011169,0.6065253360836174,0.282783892005682,0.32278112082685734,0.0091449934989213,0.020730683231585327,0.9986824919835676,0.018033619984111786,0.0013192461337894,0.018033239400338946,0.0011684292301523,0.35832265882014197,4.229666709899902,0.30611044422873895,0.32278112082685734,0.018033239400338946,0.30611044422873895,0.018033619984111786,0.0,pooled_embedding,True,768,9.172903060913086,-0.010899174958467484,0.33081912994384766,-5.259725570678711,1.0422563552856445,0,0,cls_embedding,True,768,11.408942222595215,0.022893959656357765,0.41104763746261597,-1.763066053390503,1.571235179901123,0,0,1369,768,0.03290034830570221,0.53126060962677,1.8263107538223267,1.5931392662232369,1.1628568441282696,1.6029185215047104,0.8783831569585582,0.0418640233585426,0.8787109023073731,0.850840422578928,0.8985015663874231,0.20586788368368997,0.8745817350348272,1.0718887988867196,True,1.0328864793812453,1.5931392662232369,1.5931392662232369,
442,patient00508/study2,patient00508/study2/view1_frontal.dcm,/home/jovyan/Desktop/MEDAGENT-X/data/raw/chexpert_plus/dicom_train/patient00508/study2/view1_frontal.dcm,True,/home/jovyan/Desktop/MEDAGENT-X/outputs/chexpert_plus/convnext_features/patient00508_study2_view1_frontal.npz,/home/jovyan/Desktop/MEDAGENT-X/outputs/chexpert_plus/raddino_features/patient00508__study2__view1_frontal.npz,ok,,,0.3340554535388946,0.7287148212170169,0.0929766595363617,0.0659924283803676,0.3179487138986587,0.11571381579854308,0.0087483804672956,0.20710507916530105,0.9988070787630584,0.23303191288423664,0.0011943459976464,0.23299792433916147,0.0010102180168755,0.6766373543011651,4.285743713378906,0.1272177625321618,0.0,0.23299792433916147,0.1272177625321618,0.23303191288423664,0.0,pooled_embedding,True,768,10.23034381866455,-0.018789216876029968,0.3686772286891937,-6.3885498046875,1.2141082286834717,0,0,cls_embedding,True,768,11.08530330657959,0.02053022012114525,0.3994792103767395,-1.6794826984405518,1.2694252729415894,0,0,1369,768,0.031971920281648636,0.5405759215354919,1.954469084739685,0.13203790063053128,0.2923252508481159,0.13635512489988824,1.1771687801413346,0.4971031708694921,1.174732057723426,0.14949171369397904,0.7590663029905645,0.7661738049665201,0.8625768409576156,1.1824176277296414,True,0.7287148212170169,1.1824176277296414,1.1824176277296414,
443,patient00508/study3,patient00508/study3/view1_frontal.dcm,/home/jovyan/Desktop/MEDAGENT-X/data/raw/chexpert_plus/dicom_train/patient00508/study3/view1_frontal.dcm,True,/home/jovyan/Desktop/MEDAGENT-X/outputs/chexpert_plus/convnext_features/patient00508_study3_view1_frontal.npz,/home/jovyan/Desktop/MEDAGENT-X/outputs/chexpert_plus/raddino_features/patient00508__study3__view1_frontal.npz,ok,,,0.2789836525917053,0.05501016049864025,0.0821090564131736,0.5778394448794048,0.267155073583126,0.5176678677179974,0.0089279571548104,0.12271930766867964,0.9987359618887472,0.11030615790617308,0.001265637925826,0.11029792293753933,0.0010583995338813,0.5796980502160481,4.182837963104248,0.4555000259652379,0.5176678677179974,0.11029792293753933,0.4555000259652379,0.11030615790617308,0.0,pooled_embedding,True,768,9.157793045043945,-0.006998541299253702,0.33037927746772766,-5.431441307067871,0.9908313155174255,0,0,cls_embedding,True,768,11.731123924255371,0.02568056248128414,0.42253080010414124,-1.7197725772857666,1.945508360862732,0,0,1369,768,0.034156639128923416,0.5240042209625244,1.806610345840454,1.6140172819973535,1.8822614200805954,1.6199577168885748,0.58094284386602,0.4948155369624019,0.5848715542490003,0.9586512500428306,1.0167675221146766,0.2693714041824678,0.8973410935482208,0.8623438228525894,True,0.5796980502160481,1.6140172819973535,1.6140172819973535,
444,patient00511/study1,patient00511/study1/view1_frontal.dcm,/home/jovyan/Desktop/MEDAGENT-X/data/raw/chexpert_plus/dicom_train/patient00511/study1/view1_frontal.dcm,True,/home/jovyan/Desktop/MEDAGENT-X/outputs/chexpert_plus/convnext_features/patient00511_study1_view1_frontal.npz,/home/jovyan/Desktop/MEDAGENT-X/outputs/chexpert_plus/raddino_features/patient00511__study1__view1_frontal.npz,ok,,,0.2330853193998336,0.7081878253451848,0.0982738733291626,0.18349801075956423,0.3018315099179744,0.08526295466820351,0.0093563878908753,0.07860670349700706,0.998742014394666,0.12075091332585229,0.0012595701264217,0.12074116685621666,0.0020836889723455,1.4831436954802346,4.317889213562012,0.024669581005546164,0.08526295466820351,0.12074116685621666,0.024669581005546164,0.12075091332585229,0.07860670349700706,pooled_embedding,True,768,11.092827796936035,-0.011615868657827377,0.4001093804836273,-6.556698322296143,0.9192043542861938,0,0,cls_embedding,True,768,12.561869621276855,0.02266855351626873,0.4527202248573303,-1.2890712022781372,1.7064517736434937,0,0,1369,768,0.03322097286581993,0.5408475399017334,2.0245981216430664,1.0596851431586323,1.030675057290171,1.081277160554216,0.18600716896553526,0.08527561652658608,0.1876369579665946,0.234290668110352,0.9536141868135708,0.01559637729234195,1.0287399845737468,0.34744323923229853,True,1.4831436954802346,1.0596851431586323,1.4831436954802346,
445,patient00515/study3,patient00515/study3/view1_frontal.dcm,/home/jovyan/Desktop/MEDAGENT-X/data/raw/chexpert_plus/dicom_train/patient00515/study3/view1_frontal.dcm,True,/home/jovyan/Desktop/MEDAGENT-X/outputs/chexpert_plus/convnext_features/patient00515_study3_view1_frontal.npz,/home/jovyan/Desktop/MEDAGENT-X/outputs/chexpert_plus/raddino_features/patient00515__study3__view1_frontal.npz,ok,,,0.4082775115966797,1.7849664798474925,0.1017544046044349,0.34742556027400584,0.3658119887113571,0.7125547075156743,0.0097994841635227,0.2868242696638087,0.9984943621414412,0.30662036871418374,0.0015079082222655,0.30667166214382197,0.0010798724576891,0.5364953779060361,4.577399730682373,0.8032015507589925,0.0,0.0,0.0,0.0,0.2868242696638087,pooled_embedding,True,768,10.273456573486328,-0.017482297495007515,0.37029898166656494,-6.763515472412109,1.0061967372894287,0,0,cls_embedding,True,768,16.421499252319336,0.029429638758301735,0.5918285250663757,-2.1177117824554443,2.554755210876465,0,0,1369,768,0.031633757054805756,0.5375142693519592,1.8246562480926514,0.07246756112658745,0.051286520926002874,0.07353095692077406,3.7492431937397055,1.2168605266399835,3.7472392660555593,0.859894734140607,0.9056766458994008,0.1770355823110172,1.361840545978149,3.414293700565142,True,1.7849664798474925,3.7492431937397055,3.7492431937397055,moderate_outlier
446,patient00515/study9,patient00515/study9/view1_frontal.dcm,/home/jovyan/Desktop/MEDAGENT-X/data/raw/chexpert_plus/dicom_train/patient00515/study9/view1_frontal.dcm,True,/home/jovyan/Desktop/MEDAGENT-X/outputs/chexpert_plus/convnext_features/patient00515_study9_view1_frontal.npz,/home/jovyan/Desktop/MEDAGENT-X/outputs/chexpert_plus/raddino_features/patient00515__study9__view1_frontal.npz,ok,,,0.3619012832641601,1.1249879050266145,0.0882720723748207,0.2875710851640744,0.2561660557985306,0.6546976718699125,0.0094222985208034,0.10957909436401528,0.9986010360198908,0.12253420919189154,0.0014009238220751,0.122541615608343,0.0010109801004731,0.6751040722835578,4.351748466491699,0.08334568694831984,0.6546976718699125,0.0,0.0,0.0,0.10957909436401528,pooled_embedding,True,768,10.24829387664795,-0.014613434672355652,0.3695146143436432,-5.984143257141113,1.1667487621307373,0,0,cls_embedding,True,768,15.689106941223145,0.03046604059636593,0.5653115510940552,-2.389681577682495,2.049030303955078,0,0,1369,768,0.03277153521776199,0.5324729681015015,1.7175805568695068,0.10723570340126964,0.4778257266494985,0.10391611738611221,3.0730936880523716,1.4164640287224182,3.068704041244656,1.4458683283249887,1.0560175295301224,0.4270934253520765,1.2367227997805013,2.26233701808652,True,1.1249879050266145,3.0730936880523716,3.0730936880523716,
446,patient00515/study9,patient00515/study9/view2_lateral.dcm,/home/jovyan/Desktop/MEDAGENT-X/data/raw/chexpert_plus/dicom_train/patient00515/study9/view2_lateral.dcm,True,/home/jovyan/Desktop/MEDAGENT-X/outputs/chexpert_plus/convnext_features/patient00515_study9_view2_lateral.npz,/home/jovyan/Desktop/MEDAGENT-X/outputs/chexpert_plus/raddino_features/patient00515__study9__view2_lateral.npz,ok,,,0.2326064109802246,0.7150031552589723,0.109561301767826,0.7151181393920675,0.3294261377304792,0.25883389901904585,0.0064304061233997,1.2963558946583105,0.9993984886498144,1.2536226736093439,0.0006018733838573,1.2526980839309616,0.0003622945422621,1.980233725537731,4.234503746032715,0.29067969166390095,0.0,1.2526980839309616,0.29067969166390095,1.2536226736093439,0.0,pooled_embedding,True,768,9.924914360046387,-0.015247135423123837,0.35780975222587585,-4.9130072593688965,1.5043174028396606,0,0,cls_embedding,True,768,14.687117576599121,0.014860481023788452,0.5297672748565674,-1.6336617469787598,1.4488722085952759,0,0,1369,768,0.03391387686133385,0.5678871870040894,1.9791457653045654,0.554060028875495,0.36095055719845454,0.5573441265339355,2.1480503699699156,1.589053935680874,2.159171773621662,0.014448147428237199,1.6652393135660366,2.875187004078037,1.3121256261312877,2.9565693898505545,True,1.980233725537731,2.9565693898505545,2.9565693898505545,
447,patient00515/study6,patient00515/study6/view1_frontal.dcm,/home/jovyan/Desktop/MEDAGENT-X/data/raw/chexpert_plus/dicom_train/patient00515/study6/view1_frontal.dcm,True,/home/jovyan/Desktop/MEDAGENT-X/outputs/chexpert_plus/convnext_features/patient00515_study6_view1_frontal.npz,/home/jovyan/Desktop/MEDAGENT-X/outputs/chexpert_plus/raddino_features/patient00515__study6__view1_frontal.npz,ok,,,0.2909674048423767,0.11553022227454633,0.1019227728247642,0.35535543867239205,0.3228327259421348,0.1766160025919157,0.010820691473782,0.7667048595489405,0.9982575457340656,0.7152923283281719,0.0017454957123845,0.715581704486469,0.0014718882602545,0.2522248918705219,4.508650302886963,0.5838822444406552,0.0,0.0,0.0,0.0,0.7667048595489405,pooled_embedding,True,768,10.472257614135742,-0.016634469851851463,0.3775187134742737,-6.694727420806885,1.144249677658081,0,0,cls_embedding,True,768,17.032154083251953,0.026170695200562477,0.6140375137329102,-2.485790967941284,2.346142292022705,0,0,1369,768,0.03198285028338432,0.5498974323272705,1.9525080919265747,0.20222250528598412,0.10508065922807444,0.20615013519404904,4.313003839264073,0.5892115556300983,4.315538693184761,0.16022328118368429,0.926517694335544,0.09328802405326592,1.3991025301092541,3.757364071689249,True,0.7667048595489405,4.313003839264073,4.313003839264073,moderate_outlier
448,patient00515/study1,patient00515/study1/view1_frontal.dcm,/home/jovyan/Desktop/MEDAGENT-X/data/raw/chexpert_plus/dicom_train/patient00515/study1/view1_frontal.dcm,True,/home/jovyan/Desktop/MEDAGENT-X/outputs/chexpert_plus/convnext_features/patient00515_study1_view1_frontal.npz,/home/jovyan/Desktop/MEDAGENT-X/outputs/chexpert_plus/raddino_features/patient00515__study1__view1_frontal.npz,ok,,,0.2893754243850708,0.09287480092759953,0.0965776741504669,0.1036096969186723,0.3120879158377647,0.042631396040879836,0.0098597984760999,0.3151668673002417,0.9984230934365234,0.4296081364143966,0.0015793971251696,0.42971067526232937,0.0009983295127542,0.7005565537733013,4.446154594421387,0.38451308795353345,0.0,0.0,0.0,0.0,0.3151668673002417,pooled_embedding,True,768,9.191807746887207,-0.012093557976186275,0.33146026730537415,-5.684286594390869,0.9384580850601196,0,0,cls_embedding,True,768,15.580950736999512,0.027462365105748177,0.5615580677986145,-2.6258394718170166,2.2686893939971924,0,0,1369,768,0.03242884576320648,0.5440449118614197,1.781494379043579,1.5670180274773198,0.9425735046875087,1.5780818652073276,2.9732431531479673,0.8379778421615033,2.9726572361169543,1.0960988179012512,0.9882253927012512,0.15467786305976086,1.249704919505053,2.381863144666603,True,0.7005565537733013,2.9732431531479673,2.9732431531479673,
449,patient00515/study2,patient00515/study2/view1_frontal.dcm,/home/jovyan/Desktop/MEDAGENT-X/data/raw/chexpert_plus/dicom_train/patient00515/study2/view1_frontal.dcm,True,/home/jovyan/Desktop/MEDAGENT-X/outputs/chexpert_plus/convnext_features/patient00515_study2_view1_frontal.npz,/home/jovyan/Desktop/MEDAGENT-X/outputs/chexpert_plus/raddino_features/patient00515__study2__view1_frontal.npz,ok,,,0.2355608791112899,0.6729582167936575,0.0751018077135086,0.9078698388986263,0.2341880425810814,0.9287570014541295,0.0089194234460592,0.1267294250545361,0.9988203001744016,0.255847984381825,0.0011810931609943,0.2558072818261912,0.0010510656977027,0.5944534381657917,4.171348571777344,0.49215262681793626,0.9287570014541295,0.2558072818261912,0.49215262681793626,0.255847984381825,0.0,pooled_embedding,True,768,9.214021682739258,-0.013945300132036209,0.33218979835510254,-5.135290145874023,0.9587997198104858,0,0,cls_embedding,True,768,14.240472793579102,0.024383096024394035,0.5132799744606018,-2.472510814666748,1.8237552642822266,0,0,1369,768,0.03373131528496742,0.5147086977958679,1.6016589403152466,1.536324287170169,0.6010516144542234,1.5498209760006323,1.7357049033649983,0.2449328764747692,1.7372829829783916,2.0802514036992537,1.1965852412062732,0.9919499707810242,1.1476442781995553,1.442192783403878,True,0.9287570014541295,1.7357049033649983,1.7357049033649983,
450,patient00515/study7,patient00515/study7/view1_frontal.dcm,/home/jovyan/Desktop/MEDAGENT-X/data/raw/chexpert_plus/dicom_train/patient00515/study7/view1_frontal.dcm,True,/home/jovyan/Desktop/MEDAGENT-X/outputs/chexpert_plus/convnext_features/patient00515_study7_view1_frontal.npz,/home/jovyan/Desktop/MEDAGENT-X/outputs/chexpert_plus/raddino_features/patient00515__study7__view1_frontal.npz,ok,,,0.2749427556991577,0.11251603081262647,0.0764471143484115,0.8445080120499655,0.2371184378862381,0.892215838028567,0.0100781712681055,0.4177835085930873,0.9985153205593584,0.27045261405740645,0.0014868869911879,0.2704921794373436,0.0012239062576208,0.24670507660786084,4.152384281158447,0.5526510949031267,0.892215838028567,0.0,0.5526510949031267,0.0,0.4177835085930873,pooled_embedding,True,768,10.19265079498291,-0.0030921108555048704,0.3677826225757599,-5.666998386383057,1.3290191888809204,0,0,cls_embedding,True,768,15.694984436035156,0.027472110465168953,0.565677285194397,-2.495537757873535,2.1504175662994385,0,0,1369,768,0.03258423134684563,0.5297955870628357,1.6003479957580566,0.18411961581963643,2.6027351129212697,0.17101076329224815,3.0785198307789026,0.8398547279388117,3.0780627060099297,2.087425570731733,1.343689819775987,1.5830742273891483,1.2718236926911282,2.5855102639144034,True,0.892215838028567,3.0785198307789026,3.0785198307789026,
451,patient00515/study11,patient00515/study11/view1_frontal.dcm,/home/jovyan/Desktop/MEDAGENT-X/data/raw/chexpert_plus/dicom_train/patient00515/study11/view1_frontal.dcm,True,/home/jovyan/Desktop/MEDAGENT-X/outputs/chexpert_plus/convnext_features/patient00515_study11_view1_frontal.npz,/home/jovyan/Desktop/MEDAGENT-X/outputs/chexpert_plus/raddino_features/patient00515__study11__view1_frontal.npz,ok,,,0.1894942820072174,1.3285304398214282,0.076704628765583,0.8323794879733475,0.2156288251280784,1.1601849582241013,0.0127098113298416,1.654430536580579,0.9977273171332872,1.630303090144951,0.0022778597194701,1.6318293931591354,0.0018348724438652,0.9825346940481844,4.0648603439331055,0.8318634434863857,1.1601849582241013,0.0,0.8318634434863857,0.0,1.654430536580579,pooled_embedding,True,768,9.37495231628418,-0.0077572898007929325,0.33820050954818726,-5.398183345794678,1.1252020597457886,0,0,cls_embedding,True,768,13.05504322052002,0.021053409203886986,0.4706125855445862,-1.7050116062164307,1.8839761018753052,0,0,1369,768,0.032858725637197495,0.5378604531288147,1.9113572835922241,1.3139610325721751,1.7423233506043876,1.3169754471578878,0.641308351534221,0.39634073555617383,0.6454794325263897,0.38542179998680093,1.2163450535461542,1.0713526956567339,1.0133804218869105,0.20602804103091754,True,1.654430536580579,1.3139610325721751,1.654430536580579,
452,patient00515/study8,patient00515/study8/view1_frontal.dcm,/home/jovyan/Desktop/MEDAGENT-X/data/raw/chexpert_plus/dicom_train/patient00515/study8/view1_frontal.dcm,True,/home/jovyan/Desktop/MEDAGENT-X/outputs/chexpert_plus/convnext_features/patient00515_study8_view1_frontal.npz,/home/jovyan/Desktop/MEDAGENT-X/outputs/chexpert_plus/raddino_features/patient00515__study8__view1_frontal.npz,ok,,,0.2968015670776367,0.19855599249658756,0.0849351286888122,0.44473588503281425,0.2678876668214798,0.5085326465415098,0.0086097232997417,0.2722621561751315,0.9989469687225626,0.47443876688751496,0.0010541413212195,0.474303138454793,0.0008649648831878,0.9688809068271895,4.371574401855469,0.14659290995116236,0.5085326465415098,0.474303138454793,0.0,0.47443876688751496,0.0,pooled_embedding,True,768,9.454720497131348,-0.013571690768003464,0.340897798538208,-5.619085788726807,1.1779232025146484,0,0,cls_embedding,True,768,16.27716064453125,0.026606256142258644,0.586748480796814,-2.490877389907837,2.2449893951416016,0,0,1369,768,0.03240612521767616,0.5350068211555481,1.7539348602294922,1.2037426613657607,0.669957415302481,1.2124867001281414,3.615988820599933,0.6730974444232569,3.6172474734741535,1.2469187669392447,1.2207157823904604,1.0889160092126189,1.3161414673099354,2.9935431623337028,True,0.9688809068271895,3.615988820599933,3.615988820599933,moderate_outlier
453,patient00515/study5,patient00515/study5/view1_frontal.dcm,/home/jovyan/Desktop/MEDAGENT-X/data/raw/chexpert_plus/dicom_train/patient00515/study5/view1_frontal.dcm,True,/home/jovyan/Desktop/MEDAGENT-X/outputs/chexpert_plus/convnext_features/patient00515_study5_view1_frontal.npz,/home/jovyan/Desktop/MEDAGENT-X/outputs/chexpert_plus/raddino_features/patient00515__study5__view1_frontal.npz,ok,,,0.5367507338523865,3.6132646656987073,0.0899265855550766,0.20964611629348817,0.2862026989459991,0.2801496086528048,0.0106145748868584,0.6698475923473458,0.9980424109991192,1.0865484194322392,0.0019614286720752,1.087222297373207,0.0012879212798127,0.11790938714193828,4.500248908996582,0.5570807431157458,0.2801496086528048,0.0,0.0,0.0,0.6698475923473458,pooled_embedding,True,768,9.889162063598633,-0.0064590624533593655,0.35678592324256897,-6.1952362060546875,1.0539259910583496,0,0,cls_embedding,True,768,14.831177711486816,0.01992492936551571,0.5348029732704163,-1.9914531707763672,2.468090295791626,0,0,1369,768,0.03396673873066902,0.5293076038360596,1.7640602588653564,0.6034601761461246,1.9817589849055097,0.5970056563270973,2.2810476550557945,0.6136777948854482,2.2880288128482174,1.191507345696656,0.8891090936103265,0.24361054636663323,1.2136361675791936,2.0497788395031966,True,3.6132646656987073,2.2810476550557945,3.6132646656987073,moderate_outlier
454,patient00515/study4,patient00515/study4/view1_frontal.dcm,/home/jovyan/Desktop/MEDAGENT-X/data/raw/chexpert_plus/dicom_train/patient00515/study4/view1_frontal.dcm,True,/home/jovyan/Desktop/MEDAGENT-X/outputs/chexpert_plus/convnext_features/patient00515_study4_view1_frontal.npz,/home/jovyan/Desktop/MEDAGENT-X/outputs/chexpert_plus/raddino_features/patient00515__study4__view1_frontal.npz,ok,,,0.3559626936912536,1.0404760328089968,0.074740283191204,0.9248970753587085,0.2297924309968948,0.9835689788588191,0.0118686845526099,1.2591724827348445,0.9975844621785632,1.8768266099238216,0.0024213867727667,1.878852725117532,0.0016776591945669,0.6662278625695787,4.171010494232178,0.49323113663344,0.9835689788588191,0.0,0.49323113663344,0.0,1.2591724827348445,pooled_embedding,True,768,8.976731300354004,-0.012761454097926617,0.3236684203147888,-5.272589206695557,1.1835685968399048,0,0,cls_embedding,True,768,12.934128761291504,0.029049867764115334,0.4658152461051941,-2.5059657096862793,1.8331800699234009,0,0,1369,768,0.033593229949474335,0.5273355841636658,1.7400578260421753,1.864196368138886,0.8193915890759664,1.8799258026222416,0.5296793098319054,1.1437193784435264,0.5227216925821566,1.3228610793957247,1.004719753588682,0.22095871517605295,1.0068078492565884,0.14551449125345242,True,1.878852725117532,1.864196368138886,1.878852725117532,
455,patient00515/study13,patient00515/study13/view1_frontal.dcm,/home/jovyan/Desktop/MEDAGENT-X/data/raw/chexpert_plus/dicom_train/patient00515/study13/view1_frontal.dcm,True,/home/jovyan/Desktop/MEDAGENT-X/outputs/chexpert_plus/convnext_features/patient00515_study13_view1_frontal.npz,/home/jovyan/Desktop/MEDAGENT-X/outputs/chexpert_plus/raddino_features/patient00515__study13__view1_frontal.npz,ok,,,0.2726231813430786,0.14552581691984806,0.0719406008720398,1.0567577097567118,0.193650797009468,1.434244473621395,0.0112415449693799,0.9644702120819726,0.9981620431602158,0.8801002672537876,0.0018413411453366,0.8805405582845472,0.0016161835279671,0.5425412559889703,4.012298583984375,0.9995420569743682,1.434244473621395,0.0,0.9995420569743682,0.0,0.9644702120819726,pooled_embedding,True,768,10.492460250854492,-0.007717812899500132,0.37853536009788513,-6.378941059112549,1.2574516534805298,0,0,cls_embedding,True,768,13.673218727111816,0.021016627550125122,0.4929419755935669,-2.0525400638580322,1.6840178966522217,0,0,1369,768,0.03267047926783562,0.5334588289260864,1.6842321157455444,0.23013716611398743,1.7496041839037095,0.24553343163213864,1.2120121353907995,0.4034246161839471,1.2168597760222564,1.6283682560175463,1.0695398560171467,0.48143147023126087,1.055254641304636,0.591563173718049,True,1.434244473621395,1.2120121353907995,1.434244473621395,
456,patient00515/study10,patient00515/study10/view1_frontal.dcm,/home/jovyan/Desktop/MEDAGENT-X/data/raw/chexpert_plus/dicom_train/patient00515/study10/view1_frontal.dcm,True,/home/jovyan/Desktop/MEDAGENT-X/outputs/chexpert_plus/convnext_features/patient00515_study10_view1_frontal.npz,/home/jovyan/Desktop/MEDAGENT-X/outputs/chexpert_plus/raddino_features/patient00515__study10__view1_frontal.npz,ok,,,0.3454069495201111,0.8902575858862791,0.0856515318155288,0.41099442439389255,0.2554334551095962,0.6638329859529384,0.010157442651689,0.45503431744736555,0.9984573756765862,0.37044758085279195,0.0015450076898559,0.3705232767876814,0.0012670401892405,0.15992131442026944,4.339735507965088,0.04502284099347326,0.6638329859529384,0.0,0.0,0.0,0.45503431744736555,pooled_embedding,True,768,10.183557510375977,-0.009171043522655964,0.36735302209854126,-6.48774528503418,1.0835371017456055,0,0,cls_embedding,True,768,15.216636657714844,0.03276610001921654,0.5481045842170715,-2.3346145153045654,1.8993017673492432,0,0,1369,768,0.03245474770665169,0.5401582717895508,1.6444810628890991,0.1966841121845822,1.4815808698601445,0.18765281231036623,2.636905945764435,1.8594388469224692,2.628399911883016,1.8459065884702606,0.91036418122007,0.15819921529446124,1.2116524125074777,2.031514444717392,True,0.8902575858862791,2.636905945764435,2.636905945764435,
457,patient00515/study12,patient00515/study12/view1_frontal.dcm,/home/jovyan/Desktop/MEDAGENT-X/data/raw/chexpert_plus/dicom_train/patient00515/study12/view1_frontal.dcm,True,/home/jovyan/Desktop/MEDAGENT-X/outputs/chexpert_plus/convnext_features/patient00515_study12_view1_frontal.npz,/home/jovyan/Desktop/MEDAGENT-X/outputs/chexpert_plus/raddino_features/patient00515__study12__view1_frontal.npz,ok,,,0.2567814588546753,0.3709688468195642,0.0756097063422203,0.8839486122175241,0.2195360213518142,1.1114633760211723,0.0100748278200626,0.41621237234782277,0.9984175341660428,0.4392017198424778,0.0015849740011617,0.43930899458851574,0.0013090009773456,0.0754978705241015,4.148441314697266,0.5652296529629302,1.1114633760211723,0.0,0.5652296529629302,0.0,0.41621237234782277,pooled_embedding,True,768,9.455738067626953,0.000430194049840793,0.34120431542396545,-5.847630500793457,0.9733922481536865,0,0,cls_embedding,True,768,12.988218307495117,0.01417731773108244,0.4684574604034424,-1.653915524482727,1.8304426670074463,0,0,1369,768,0.03206999972462654,0.5424043536186218,1.735809564590454,1.2023366500787762,3.2523634779997126,1.2006127164894773,0.5796151425465963,1.7206262474137304,0.5903325547692191,1.3461097645404436,0.9431256720720389,0.026550614594611215,0.9921760727962606,0.010800006839850988,True,1.1114633760211723,1.2023366500787762,1.2023366500787762,
458,patient00521/study2,patient00521/study2/view1_frontal.dcm,/home/jovyan/Desktop/MEDAGENT-X/data/raw/chexpert_plus/dicom_train/patient00521/study2/view1_frontal.dcm,True,/home/jovyan/Desktop/MEDAGENT-X/outputs/chexpert_plus/convnext_features/patient00521_study2_view1_frontal.npz,/home/jovyan/Desktop/MEDAGENT-X/outputs/chexpert_plus/raddino_features/patient00521__study2__view1_frontal.npz,ok,,,0.1485927104949951,1.9105993541156523,0.0802396014332771,0.6658878344914267,0.2476190607994794,0.7612761735854321,0.0125120095908641,1.5614805407988943,0.997683545838252,1.7058388231421198,0.0023218325804919,1.707510753542822,0.0016387845681119,0.588013653692284,4.015519142150879,0.9892680720746327,0.7612761735854321,0.0,0.9892680720746327,0.0,1.5614805407988943,pooled_embedding,True,768,10.458117485046387,-0.0172458216547966,0.37698057293891907,-6.482517719268799,0.9597408175468445,0,0,cls_embedding,True,768,11.459227561950684,0.03098105825483799,0.4123370349407196,-1.4626225233078003,1.5169817209243774,0,0,1369,768,0.03411789983510971,0.5379300117492676,2.191488742828369,0.18268461460920896,0.007672632411234472,0.18530341447811716,0.8319593935828468,1.515652706790887,0.8457168808708051,1.1476025133527556,0.9898598966534149,0.1612459450531294,0.9001194345288018,0.8367636908885058,True,1.9105993541156523,0.8367636908885058,1.9105993541156523,
459,patient00521/study1,patient00521/study1/view1_frontal.dcm,/home/jovyan/Desktop/MEDAGENT-X/data/raw/chexpert_plus/dicom_train/patient00521/study1/view1_frontal.dcm,True,/home/jovyan/Desktop/MEDAGENT-X/outputs/chexpert_plus/convnext_features/patient00521_study1_view1_frontal.npz,/home/jovyan/Desktop/MEDAGENT-X/outputs/chexpert_plus/raddino_features/patient00521__study1__view1_frontal.npz,ok,,,0.2699587643146515,0.18344304771622913,0.0907556787133216,0.17059713238810448,0.2705738693475723,0.4750364949037508,0.010411262512207,0.5743080664366983,0.9982636635577764,0.7047348545779671,0.001739356550388,0.7050156389470761,0.0012047017509632,0.2853437834476982,4.418786525726318,0.2972055126914202,0.4750364949037508,0.0,0.0,0.0,0.5743080664366983,pooled_embedding,True,768,10.434032440185547,-0.023874318227171898,0.3757479786872864,-6.956523418426514,1.3673721551895142,0,0,cls_embedding,True,768,11.193832397460938,0.027503589168190956,0.402985155582428,-1.5510308742523193,1.7176837921142578,0,0,1369,768,0.03136473894119263,0.5134248733520508,1.9791772365570068,0.1494055002204616,1.230184455480581,0.13755464546387192,1.076973993767504,0.8459172985879923,1.0850194336208516,0.014275920448463205,0.8537851759918764,0.38555598916464495,0.895448674035476,0.8797672929038767,True,0.7050156389470761,1.076973993767504,1.076973993767504,
460,patient00521/study3,patient00521/study3/view1_frontal.dcm,/home/jovyan/Desktop/MEDAGENT-X/data/raw/chexpert_plus/dicom_train/patient00521/study3/view1_frontal.dcm,True,/home/jovyan/Desktop/MEDAGENT-X/outputs/chexpert_plus/convnext_features/patient00521_study3_view1_frontal.npz,/home/jovyan/Desktop/MEDAGENT-X/outputs/chexpert_plus/raddino_features/patient00521__study3__view1_frontal.npz,ok,,,0.3437144756317138,0.866172045838109,0.0913443267345428,0.14287273630786315,0.281807079911232,0.33496167896403145,0.0097440127283334,0.2607574125496968,0.9984498440193504,0.38344489449247354,0.0015525626949965,0.38352613931379465,0.0017021899234258,0.7155827175442817,4.4139814376831055,0.2818766785435621,0.33496167896403145,0.0,0.0,0.0,0.2607574125496968,pooled_embedding,True,768,10.25846004486084,-0.01607002131640911,0.3698212802410126,-6.769871234893799,1.2225430011749268,0,0,cls_embedding,True,768,12.642186164855957,0.03046284057199955,0.45516732335090637,-1.996749997138977,1.9168946743011475,0,0,1369,768,0.033095501363277435,0.5170822143554688,1.9262192249298096,0.09318876776935332,0.20918345245697365,0.0920363612712017,0.26015594198889413,1.41584772716175,0.2502550579129264,0.30408956591330294,0.9313630633487794,0.07381741896544776,0.994911450159867,0.035984573608896536,True,0.866172045838109,0.26015594198889413,0.866172045838109,
461,patient00521/study4,patient00521/study4/view1_frontal.dcm,/home/jovyan/Desktop/MEDAGENT-X/data/raw/chexpert_plus/dicom_train/patient00521/study4/view1_frontal.dcm,True,/home/jovyan/Desktop/MEDAGENT-X/outputs/chexpert_plus/convnext_features/patient00521_study4_view1_frontal.npz,/home/jovyan/Desktop/MEDAGENT-X/outputs/chexpert_plus/raddino_features/patient00521__study4__view1_frontal.npz,ok,,,0.1989444941282272,1.19404478301769,0.0867249444127082,0.36043837913617977,0.3091575186699629,0.006090209388683449,0.0111025283113121,0.8991442051025507,0.9981221186308058,0.9489976711603894,0.0018814144423231,0.9495104083357925,0.0012902075306052,0.11330954108972034,4.220864772796631,0.33418972869190383,0.0,0.0,0.33418972869190383,0.0,0.8991442051025507,pooled_embedding,True,768,10.71704387664795,-0.024176793172955513,0.38596153259277344,-7.526772975921631,1.1070524454116821,0,0,cls_embedding,True,768,11.970005989074707,0.028768420219421387,0.43097126483917236,-1.786142110824585,1.8416674137115479,0,0,1369,768,0.03211670741438866,0.5329943299293518,2.2658867835998535,0.540451895266602,1.2859707402534823,0.5332117123386027,0.36040531555225014,1.0895146158599862,0.3688909283121543,1.5547470935384748,0.7319485862836754,0.8751434936405734,0.9005181617120241,0.8330926173824882,True,1.19404478301769,0.8751434936405734,1.19404478301769,
462,patient00525/study1,patient00525/study1/view1_frontal.dcm,/home/jovyan/Desktop/MEDAGENT-X/data/raw/chexpert_plus/dicom_train/patient00525/study1/view1_frontal.dcm,True,/home/jovyan/Desktop/MEDAGENT-X/outputs/chexpert_plus/convnext_features/patient00525_study1_view1_frontal.npz,/home/jovyan/Desktop/MEDAGENT-X/outputs/chexpert_plus/raddino_features/patient00525__study1__view1_frontal.npz,ok,,,0.3128147721290588,0.42643938509109364,0.088184654712677,0.29168831957633407,0.2561660557985306,0.6546976718699125,0.012970583513379,1.7769712861466846,0.9974928257731742,2.0349627364587963,0.0025134759489446,2.0373467136324312,0.0019099339121104,1.1335553955014168,4.302022933959961,0.07528500498449132,0.6546976718699125,0.0,0.07528500498449132,0.0,1.7769712861466846,pooled_embedding,True,768,10.755419731140137,-0.015263568609952927,0.3878025412559509,-6.858036994934082,1.0187430381774902,0,0,cls_embedding,True,768,12.099991798400879,0.0319242887198925,0.4354521334171295,-1.824126958847046,1.8218709230422974,0,0,1369,768,0.03279957175254822,0.5276580452919006,2.0689849853515625,0.5934771006913968,0.3579197394300641,0.6045295018665406,0.24040154245049258,1.6973120759477205,0.25423127027327,0.47719855658371413,0.8440819697613335,0.42454730150525133,0.9531089301053373,0.3488904244204997,True,2.0373467136324312,0.5934771006913968,2.0373467136324312,
463,patient00525/study2,patient00525/study2/view1_frontal.dcm,/home/jovyan/Desktop/MEDAGENT-X/data/raw/chexpert_plus/dicom_train/patient00525/study2/view1_frontal.dcm,True,/home/jovyan/Desktop/MEDAGENT-X/outputs/chexpert_plus/convnext_features/patient00525_study2_view1_frontal.npz,/home/jovyan/Desktop/MEDAGENT-X/outputs/chexpert_plus/raddino_features/patient00525__study2__view1_frontal.npz,ok,,,0.3650979399681091,1.1704794210795593,0.1003681272268295,0.28213407587544087,0.2949939221143722,0.17052565384342644,0.010297049768269,0.5206377897135025,0.998210828381934,0.7959120457504806,0.0017923784907907,0.7962713017948883,0.0013307503779934,0.031738937761309496,4.492297172546387,0.5317137054805685,0.17052565384342644,0.0,0.0,0.0,0.5206377897135025,pooled_embedding,True,768,9.953598976135254,-0.01945459097623825,0.3586423099040985,-6.630373954772949,0.9322335720062256,0,0,cls_embedding,True,768,12.946837425231934,0.02937224507331848,0.46625450253486633,-1.3834927082061768,1.8808839321136475,0,0,1369,768,0.030122648924589157,0.5452499985694885,2.2741305828094482,0.5144255326337709,0.41504202310364785,0.52509214725054,0.5414120338256986,1.2058069177989659,0.5339616990990542,1.5998614289903335,0.8111085510640901,0.5570475119320761,1.0414023538424197,0.4640254295158216,True,1.1704794210795593,0.5570475119320761,1.1704794210795593,
464,patient00529/study1,patient00529/study1/view1_frontal.dcm,/home/jovyan/Desktop/MEDAGENT-X/data/raw/chexpert_plus/dicom_train/patient00529/study1/view1_frontal.dcm,True,/home/jovyan/Desktop/MEDAGENT-X/outputs/chexpert_plus/convnext_features/patient00529_study1_view1_frontal.npz,/home/jovyan/Desktop/MEDAGENT-X/outputs/chexpert_plus/raddino_features/patient00529__study1__view1_frontal.npz,ok,,,0.2913874089717865,0.12150728717855848,0.0842591077089309,0.4765754100615395,0.2639804631471634,0.5572543216509773,0.0103760082274675,0.5577415507186765,0.9983125486312804,0.6203743197394385,0.0016903036739677,0.620591102267948,0.0013456872165049,0.0016866102191465664,4.157814025878906,0.5353295275277511,0.5572543216509773,0.0,0.5353295275277511,0.0,0.5577415507186765,pooled_embedding,True,768,10.413949966430664,-0.01847194693982601,0.3753267824649811,-6.522675037384033,1.0990926027297974,0,0,cls_embedding,True,768,11.78793716430664,0.020282559096813202,0.42487671971321106,-1.5568314790725708,1.6456031799316406,0,0,1369,768,0.032477233558893204,0.5287851095199585,1.936086654663086,0.12165687259035897,0.23381028536857523,0.12123816410604586,0.5284924786789987,0.5448008938669089,0.5248424916949521,0.2500898840049223,0.9659435772279875,0.06514073419826577,0.908563507890316,0.7590192698791152,True,0.620591102267948,0.7590192698791152,0.7590192698791152,
465,patient00529/study2,patient00529/study2/view1_frontal.dcm,/home/jovyan/Desktop/MEDAGENT-X/data/raw/chexpert_plus/dicom_train/patient00529/study2/view1_frontal.dcm,True,/home/jovyan/Desktop/MEDAGENT-X/outputs/chexpert_plus/convnext_features/patient00529_study2_view1_frontal.npz,/home/jovyan/Desktop/MEDAGENT-X/outputs/chexpert_plus/raddino_features/patient00529__study2__view1_frontal.npz,ok,,,0.2827474474906921,0.0014477195096746953,0.0859622955322265,0.39635794205047004,0.3064713105559349,0.02740601192897913,0.0096559645608067,0.21938226164102415,0.9985548294146328,0.20227253529506592,0.001447262126021,0.20229412201814548,0.001727338682144,0.7661810241200866,4.240933418273926,0.2701682299540946,0.02740601192897913,0.0,0.2701682299540946,0.0,0.21938226164102415,pooled_embedding,True,768,9.178951263427734,-0.015699436888098717,0.33084461092948914,-4.7777509689331055,1.0273882150650024,0,0,cls_embedding,True,768,12.143295288085938,0.02448137104511261,0.4374990463256836,-2.0378811359405518,1.5587706565856934,0,0,1369,768,0.03441619127988815,0.5263358354568481,1.869048833847046,1.5847822619289018,0.27753135610422636,1.601931428066591,0.20042346963147936,0.263859935055918,0.20185340423079207,0.6169555316709223,1.4345229108240993,1.9480774376446854,0.9478685281608243,0.3971387043193356,True,0.7661810241200866,1.9480774376446854,1.9480774376446854,
466,patient00530/study1,patient00530/study1/view1_frontal.dcm,/home/jovyan/Desktop/MEDAGENT-X/data/raw/chexpert_plus/dicom_train/patient00530/study1/view1_frontal.dcm,True,/home/jovyan/Desktop/MEDAGENT-X/outputs/chexpert_plus/convnext_features/patient00530_study1_view1_frontal.npz,/home/jovyan/Desktop/MEDAGENT-X/outputs/chexpert_plus/raddino_features/patient00530__study1__view1_frontal.npz,ok,,,0.174729898571968,1.538641893211702,0.0606533363461494,1.588370118355379,0.2068376056849956,1.2698088665802105,0.0073159933090209,0.88020522989005,0.9991746985621364,0.8674301175821273,0.0008259831229224,0.8669844975606957,0.0005165402624006,1.6698974452057125,3.6913020610809326,2.023561266898343,1.2698088665802105,0.8669844975606957,2.023561266898343,0.8674301175821273,0.0,pooled_embedding,True,768,10.828420639038086,-0.016750013455748558,0.39037778973579407,-7.035558223724365,1.0990668535232544,0,0,cls_embedding,True,768,12.211997985839844,0.021614691242575645,0.44013211131095886,-2.050645351409912,1.7348201274871826,0,0,1369,768,0.03270513936877251,0.5203275680541992,2.1116466522216797,0.6943449038636574,0.08377063510693016,0.7042905908505573,0.1369966771571535,0.288241872293365,0.13447666118347365,0.7106652751658292,0.8512636883935442,0.3956883215271241,1.0020186813194039,0.10142071418015824,True,2.023561266898343,0.6943449038636574,2.023561266898343,
467,patient00533/study2,patient00533/study2/view1_frontal.dcm,/home/jovyan/Desktop/MEDAGENT-X/data/raw/chexpert_plus/dicom_train/patient00533/study2/view1_frontal.dcm,True,/home/jovyan/Desktop/MEDAGENT-X/outputs/chexpert_plus/convnext_features/patient00533_study2_view1_frontal.npz,/home/jovyan/Desktop/MEDAGENT-X/outputs/chexpert_plus/raddino_features/patient00533__study2__view1_frontal.npz,ok,,,0.2898098230361938,0.09905671379504224,0.0787323638796806,0.7368763529548574,0.2385836392641067,0.8739452098625173,0.0100333942100405,0.39674209925172943,0.9984880210850204,0.31756307315851423,0.0015142684569582,0.3176182142379518,0.0014083304882212,0.12434917161524392,4.18942928314209,0.4344728874889213,0.8739452098625173,0.0,0.4344728874889213,0.0,0.39674209925172943,pooled_embedding,True,768,9.610934257507324,-0.01344615314155817,0.34654396772384644,-5.674210548400879,0.9623472690582275,0,0,cls_embedding,True,768,12.286017417907715,0.025508569553494453,0.44259899854660034,-1.6119316816329956,1.461389183998108,0,0,1369,768,0.030344555154442787,0.5298342108726501,1.8225390911102295,0.9878968686472657,0.6931106644433248,0.9937629571743751,0.06866143981824734,0.4616909423704472,0.07135219280460096,0.8714809127799483,1.0051728102742539,0.22277927575318732,0.9434354622690392,0.4379538567106115,True,0.8739452098625173,0.9878968686472657,0.9878968686472657,
468,patient00533/study1,patient00533/study1/view1_frontal.dcm,/home/jovyan/Desktop/MEDAGENT-X/data/raw/chexpert_plus/dicom_train/patient00533/study1/view1_frontal.dcm,True,/home/jovyan/Desktop/MEDAGENT-X/outputs/chexpert_plus/convnext_features/patient00533_study1_view1_frontal.npz,/home/jovyan/Desktop/MEDAGENT-X/outputs/chexpert_plus/raddino_features/patient00533__study1__view1_frontal.npz,ok,,,0.3918895721435547,1.5517502543499098,0.0792645439505577,0.7118115085332316,0.2380952537059784,0.8800352334381238,0.0101160537451505,0.43558505118687146,0.9984158079674208,0.44218060539086956,0.0015867056790739,0.4422893724192127,0.0014026910695995,0.11300288468603746,4.222989082336426,0.3274129145479416,0.8800352334381238,0.0,0.3274129145479416,0.0,0.43558505118687146,pooled_embedding,True,768,9.733997344970703,-0.010039384476840496,0.35110190510749817,-5.827142238616943,1.172537088394165,0,0,cls_embedding,True,768,11.724752426147461,0.02061736211180687,0.4225778877735138,-1.6388192176818848,1.4828962087631226,0,0,1369,768,0.03174934536218643,0.5270314812660217,1.7695633172988892,0.8178564726924706,1.3214303634285627,0.8171956082474269,0.5868250537566498,0.48032025339900314,0.5836666414125325,1.1613917621083727,0.9583508693930033,0.03463023739227597,0.9137523560018335,0.71124564512898,True,1.5517502543499098,0.8178564726924706,1.5517502543499098,
469,patient00533/study4,patient00533/study4/view1_frontal.dcm,/home/jovyan/Desktop/MEDAGENT-X/data/raw/chexpert_plus/dicom_train/patient00533/study4/view1_frontal.dcm,True,/home/jovyan/Desktop/MEDAGENT-X/outputs/chexpert_plus/convnext_features/patient00533_study4_view1_frontal.npz,/home/jovyan/Desktop/MEDAGENT-X/outputs/chexpert_plus/raddino_features/patient00533__study4__view1_frontal.npz,ok,,,0.3688267767429352,1.2235443741573362,0.0905487015843391,0.1803454296669392,0.2664224952459335,0.5268029030814082,0.0116607770323753,1.1614736291823748,0.9980011318808556,1.1577834252279091,0.002002871595323,1.1585494008817838,0.0015543457055065,0.41812600615887563,4.4285993576049805,0.32850967840827755,0.5268029030814082,0.0,0.0,0.0,1.1614736291823748,pooled_embedding,True,768,9.999393463134766,-0.017755215987563133,0.36038491129875183,-6.4817728996276855,0.9521260261535645,0,0,cls_embedding,True,768,11.842796325683594,0.02413967438042164,0.4266577363014221,-2.123689889907837,1.5774089097976685,0,0,1369,768,0.03152557462453842,0.5232445597648621,1.9185268878936768,0.4511497538242971,0.10162162787529197,0.45758650103566656,0.4778461320619371,0.19805162748904084,0.47926857016321167,0.34618601496957646,0.7655180887330497,0.7402479834325965,0.9111747478651802,0.7349776336603149,True,1.2235443741573362,0.7402479834325965,1.2235443741573362,
470,patient00533/study3,patient00533/study3/view1_frontal.dcm,/home/jovyan/Desktop/MEDAGENT-X/data/raw/chexpert_plus/dicom_train/patient00533/study3/view1_frontal.dcm,True,/home/jovyan/Desktop/MEDAGENT-X/outputs/chexpert_plus/convnext_features/patient00533_study3_view1_frontal.npz,/home/jovyan/Desktop/MEDAGENT-X/outputs/chexpert_plus/raddino_features/patient00533__study3__view1_frontal.npz,ok,,,0.2353454977273941,0.6760233021595328,0.0756401196122169,0.8825161950291822,0.2285714372992515,0.9987944094239899,0.0102417115122079,0.4946335154637695,0.9984617976782147,0.36281657212761015,0.0015405720332637,0.3628891015875247,0.0011701031556357,0.35495478703993993,4.1217360496521,0.650422801365311,0.9987944094239899,0.0,0.650422801365311,0.0,0.4946335154637695,pooled_embedding,True,768,9.892034530639648,-0.016498271375894547,0.35656657814979553,-6.456038475036621,0.9570422768592834,0,0,cls_embedding,True,768,11.956870079040527,0.02429056353867054,0.430772066116333,-1.5528969764709473,1.7940350770950317,0,0,1369,768,0.03114398755133152,0.5300880074501038,1.8361836671829224,0.5994911920820221,0.13020011811642546,0.6055027413616688,0.3725324760122913,0.22711178862210699,0.37398816717224953,0.7968107314240715,0.8475598985109886,0.4105716111041429,0.9302112974123417,0.5597084881663854,True,0.9987944094239899,0.5994911920820221,0.9987944094239899,
471,patient00535/study1,patient00535/study1/view1_frontal.dcm,/home/jovyan/Desktop/MEDAGENT-X/data/raw/chexpert_plus/dicom_train/patient00535/study1/view1_frontal.dcm,True,/home/jovyan/Desktop/MEDAGENT-X/outputs/chexpert_plus/convnext_features/patient00535_study1_view1_frontal.npz,/home/jovyan/Desktop/MEDAGENT-X/outputs/chexpert_plus/raddino_features/patient00535__study1__view1_frontal.npz,ok,,,0.235901191830635,0.6681152377161783,0.0545357577502727,1.876498449598605,0.1354760974645614,2.159665784378563,0.0041204891167581,2.381820446857224,0.9997683869046836,1.8919527891212995,0.00023166675237,1.8898579330508727,0.0001761043946851,2.3548409287822207,3.4512150287628174,2.789469043479905,2.159665784378563,1.8898579330508727,2.789469043479905,1.8919527891212995,0.0,pooled_embedding,True,768,10.577208518981934,-0.01912270486354828,0.38119280338287354,-6.976430416107178,0.9114757776260376,0,0,cls_embedding,True,768,9.795235633850098,0.0222878847271204,0.3527517318725586,-1.2058576345443726,1.2051066160202026,0,0,1369,768,0.031725477427244186,0.5537667274475098,2.3533928394317627,0.34723669096673077,0.3538313560623549,0.34847861851362116,2.3681679290997564,0.15858967354274162,2.370428073595269,2.033625515549909,1.0250855641127854,0.30279657993413234,0.8201864365441567,1.572705265743163,True,2.789469043479905,2.3681679290997564,2.789469043479905,
471,patient00535/study1,patient00535/study1/view2_lateral.dcm,/home/jovyan/Desktop/MEDAGENT-X/data/raw/chexpert_plus/dicom_train/patient00535/study1/view2_lateral.dcm,True,/home/jovyan/Desktop/MEDAGENT-X/outputs/chexpert_plus/convnext_features/patient00535_study1_view2_lateral.npz,/home/jovyan/Desktop/MEDAGENT-X/outputs/chexpert_plus/raddino_features/patient00535__study1__view2_lateral.npz,ok,,,0.2227725237607956,0.8549488797256821,0.1160309836268425,1.0198299806047684,0.344381358474493,0.4453210819293901,0.0045426292344927,2.183450491337398,0.999741653063958,1.8458184388944112,0.0002584136964287,1.8438239687958466,0.0003130744794403,2.079262542675154,3.8189330101013184,1.6164025151600356,0.0,1.8438239687958466,1.6164025151600356,1.8458184388944112,0.0,pooled_embedding,True,768,9.62207317352295,-0.01592196524143219,0.34684139490127563,-2.56352162361145,1.1547342538833618,0,0,cls_embedding,True,768,9.81672191619873,0.02032022923231125,0.3536471426486969,-1.1736541986465454,1.2504390478134155,0,0,1369,768,0.035250164568424225,0.5772666931152344,1.9850594997406006,0.9725058547466293,0.2364898408906433,0.982241094586736,2.3483316487770667,0.5375458980793925,2.3475156646258553,0.017914867771112192,2.1934109385968794,4.997589054670236,0.9339754520437306,0.5250519888824108,True,2.183450491337398,4.997589054670236,4.997589054670236,moderate_outlier
472,patient00535/study2,patient00535/study2/view1_frontal.dcm,/home/jovyan/Desktop/MEDAGENT-X/data/raw/chexpert_plus/dicom_train/patient00535/study2/view1_frontal.dcm,True,/home/jovyan/Desktop/MEDAGENT-X/outputs/chexpert_plus/convnext_features/patient00535_study2_view1_frontal.npz,/home/jovyan/Desktop/MEDAGENT-X/outputs/chexpert_plus/raddino_features/patient00535__study2__view1_frontal.npz,ok,,,0.2643422782421112,0.2633710756506875,0.048332005739212,2.1686854131790163,0.1204297244548797,2.3472896091032447,0.0065272492356598,1.2508478676682875,0.9994080530254098,1.2701278311715865,0.0005922975833527,1.269178922159605,0.0022446937791132,1.8070789904303857,3.304544448852539,3.257366608227027,2.3472896091032447,1.269178922159605,3.257366608227027,1.2701278311715865,0.0,pooled_embedding,True,768,9.897577285766602,-0.013486201874911785,0.3568933308124542,-6.491392612457275,0.9195688962936401,0,0,cls_embedding,True,768,14.251890182495117,0.025745250284671783,0.513625979423523,-1.9876718521118164,1.5599230527877808,0,0,1369,768,0.03238176926970482,0.545133650302887,2.0279653072357178,0.5918325813979042,0.6857243665869165,0.5928448554487555,1.7462455135746406,0.5072739402804723,1.7461368045172465,0.2527176501963225,0.9759345283997407,0.10528831928115856,1.1879523970729542,1.8133088585048813,True,3.257366608227027,1.8133088585048813,3.257366608227027,
472,patient00535/study2,patient00535/study2/view2_lateral.dcm,/home/jovyan/Desktop/MEDAGENT-X/data/raw/chexpert_plus/dicom_train/patient00535/study2/view2_lateral.dcm,True,/home/jovyan/Desktop/MEDAGENT-X/outputs/chexpert_plus/convnext_features/patient00535_study2_view2_lateral.npz,/home/jovyan/Desktop/MEDAGENT-X/outputs/chexpert_plus/raddino_features/patient00535__study2__view2_lateral.npz,ok,,,0.2233592867851257,0.8465986744916909,0.1048129126429557,0.4914764790193663,0.31496062874794,0.07845327704809989,0.0060277855955064,1.485553302945802,0.9996047804615514,1.6096186110917503,0.0003953757986892,1.608099524690529,0.0020724709228147,1.4605734240922,3.4691579341888428,2.7322289223972662,0.0,1.608099524690529,2.7322289223972662,1.6096186110917503,0.0,pooled_embedding,True,768,8.348459243774414,-0.008645633235573769,0.30112501978874207,-3.2239136695861816,1.1825040578842163,0,0,cls_embedding,True,768,13.151214599609375,0.018524082377552986,0.4741918742656708,-1.6998462677001953,2.01139235496521,0,0,1369,768,0.03662682697176933,0.5726142525672913,1.7989177703857422,2.7323009433626932,1.5784837317545228,2.753221798517078,0.7300944152972477,0.8834707983417683,0.7370688227622216,1.0007490038489508,1.8642207495140442,3.6747729486299994,1.1567421937159583,1.525957116556032,True,2.7322289223972662,3.6747729486299994,3.6747729486299994,moderate_outlier
473,patient00539/study1,patient00539/study1/view1_frontal.dcm,/home/jovyan/Desktop/MEDAGENT-X/data/raw/chexpert_plus/dicom_train/patient00539/study1/view1_frontal.dcm,True,/home/jovyan/Desktop/MEDAGENT-X/outputs/chexpert_plus/convnext_features/patient00539_study1_view1_frontal.npz,/home/jovyan/Desktop/MEDAGENT-X/outputs/chexpert_plus/raddino_features/patient00539__study1__view1_frontal.npz,ok,,,0.3206406235694885,0.5378088186591324,0.111057735979557,0.7855978374431778,0.3245421200990677,0.19793164254577034,0.0091330893337726,0.02632462849251167,0.9986889938846694,0.029253892658252918,0.0013127271085977,0.029253084628030366,0.0010658501194947,0.56470776702711,4.677435398101807,1.1223278895383069,0.0,0.029253084628030366,0.0,0.029253892658252918,0.0,pooled_embedding,True,768,10.089998245239258,-0.013452953658998013,0.36384281516075134,-5.715414047241211,1.2084896564483643,0,0,cls_embedding,True,768,13.61547565460205,0.02635345049202442,0.4905988276004791,-1.9643330574035645,2.3736064434051514,0,0,1369,768,0.029973121359944344,0.5370144844055176,1.8978649377822876,0.32595808715958396,0.6918564263393414,0.32363272625424416,1.1587033426265645,0.6244089036664888,1.1569016355528863,0.4592588985655133,1.0967878020372357,0.5909244716852584,1.0553268833035587,0.5922283044124848,True,1.1223278895383069,1.1587033426265645,1.1587033426265645,
474,patient00542/study3,patient00542/study3/view1_frontal.dcm,/home/jovyan/Desktop/MEDAGENT-X/data/raw/chexpert_plus/dicom_train/patient00542/study3/view1_frontal.dcm,True,/home/jovyan/Desktop/MEDAGENT-X/outputs/chexpert_plus/convnext_features/patient00542_study3_view1_frontal.npz,/home/jovyan/Desktop/MEDAGENT-X/outputs/chexpert_plus/raddino_features/patient00542__study3__view1_frontal.npz,ok,,,0.3128228187561035,0.42655389637500013,0.1557244509458542,2.889329868614852,0.507887527346611,2.484194686227696,0.0057327337563037,1.6242025754498668,0.9993334957321574,1.1414649759469138,0.0006669487920589,1.1406972883088806,0.0066456738038335,10.661676508344337,4.982169151306152,2.0944668222935037,0.0,1.1406972883088806,0.0,1.1414649759469138,0.0,pooled_embedding,True,768,11.426109313964844,-0.024998120963573456,0.41154566407203674,-7.720170021057129,1.3452094793319702,0,0,cls_embedding,True,768,12.645079612731934,0.01863042265176773,0.45590952038764954,-1.7099709510803223,1.6351349353790283,0,0,1369,768,0.030420584604144096,0.5399506092071533,2.0571162700653076,1.520191394774151,1.4374504798418595,1.524300858515686,0.26282719252147474,0.8629904302392615,0.2692469245454537,0.41224680446152373,0.8119723288264932,0.5535765119629407,1.02232370789376,0.28836870326306274,True,10.661676508344337,1.520191394774151,10.661676508344337,extreme_outlier
474,patient00542/study3,patient00542/study3/view2_lateral.dcm,/home/jovyan/Desktop/MEDAGENT-X/data/raw/chexpert_plus/dicom_train/patient00542/study3/view2_lateral.dcm,True,/home/jovyan/Desktop/MEDAGENT-X/outputs/chexpert_plus/convnext_features/patient00542_study3_view2_lateral.npz,/home/jovyan/Desktop/MEDAGENT-X/outputs/chexpert_plus/raddino_features/patient00542__study3__view2_lateral.npz,ok,,,0.260278970003128,0.3211958810961453,0.1314761191606521,1.7472715749279664,0.3870573919266462,0.9774786068836928,0.0073956889100372,0.8427550749188312,0.999121208224266,0.7751223191480675,0.0008795647299848,0.7747655966341401,0.0004689862459152,1.7655742430946606,4.384672164916992,0.18837641857211762,0.0,0.7747655966341401,0.0,0.7751223191480675,0.0,pooled_embedding,True,768,10.282760620117188,-0.021269218996167183,0.37043705582618713,-5.8331804275512695,1.092057228088379,0,0,cls_embedding,True,768,15.358929634094238,0.020743446424603462,0.5538292527198792,-1.7185152769088745,1.5004459619522095,0,0,1369,768,0.03309086710214615,0.5682398080825806,1.7536708116531372,0.05961184780341901,0.7497188513427067,0.06818218043094117,2.7682717782343373,0.45603732619109305,2.7748868086750536,1.2483637773945455,1.3794218390238977,1.72665958360577,1.3509164470962445,3.3137157322952517,True,1.7655742430946606,3.3137157322952517,3.3137157322952517,
475,patient00542/study1,patient00542/study1/view1_frontal.dcm,/home/jovyan/Desktop/MEDAGENT-X/data/raw/chexpert_plus/dicom_train/patient00542/study1/view1_frontal.dcm,True,/home/jovyan/Desktop/MEDAGENT-X/outputs/chexpert_plus/convnext_features/patient00542_study1_view1_frontal.npz,/home/jovyan/Desktop/MEDAGENT-X/outputs/chexpert_plus/raddino_features/patient00542__study1__view1_frontal.npz,ok,,,0.0938721448183059,2.689325918288826,0.0700437426567077,1.146096748662892,0.179975583218038,1.6047703481178488,0.0105216903612017,0.626199764413153,0.998477914489193,0.3350039353335777,0.0015244057867676,0.3350654963298115,0.0012175047554016,0.25958464555447297,3.6857168674468994,2.0413787358249937,1.6047703481178488,0.0,2.0413787358249937,0.0,0.626199764413153,pooled_embedding,True,768,10.1724271774292,-0.009734603576362133,0.3669367730617523,-6.29239559173584,0.8609005212783813,0,0,cls_embedding,True,768,12.836445808410645,0.03116842545568943,0.46214550733566284,-1.5966272354125977,2.3172850608825684,0,0,1369,768,0.03201247379183769,0.5299546718597412,2.233166217803955,0.2120632665710827,1.3776419417574024,0.20377764745681473,0.4394977509818186,1.551738275237181,0.4288178020560211,1.3756832245673931,1.0623558939981184,0.45256347543946956,1.0328217703274374,0.3850241621493569,True,2.689325918288826,0.45256347543946956,2.689325918288826,
476,patient00542/study5,patient00542/study5/view1_frontal.dcm,/home/jovyan/Desktop/MEDAGENT-X/data/raw/chexpert_plus/dicom_train/patient00542/study5/view1_frontal.dcm,True,/home/jovyan/Desktop/MEDAGENT-X/outputs/chexpert_plus/convnext_features/patient00542_study5_view1_frontal.npz,/home/jovyan/Desktop/MEDAGENT-X/outputs/chexpert_plus/raddino_features/patient00542__study5__view1_frontal.npz,ok,,,0.198687270283699,1.197705327059876,0.0834336802363395,0.5154517459373666,0.2771672885864973,0.39281850557008247,0.0099838944151997,0.3734814052586901,0.9985181970118958,0.2654887455982256,0.0014840019866824,0.2655268198811152,0.0010664597863727,0.5634811414131852,4.147918224334717,0.5668983768946757,0.39281850557008247,0.0,0.5668983768946757,0.0,0.3734814052586901,pooled_embedding,True,768,10.645003318786621,-0.020972155034542084,0.38354551792144775,-7.281790256500244,1.0330959558486938,0,0,cls_embedding,True,768,11.33761215209961,0.017007531598210335,0.40875717997550964,-1.6188547611236572,1.6642111539840698,0,0,1369,768,0.031166501343250275,0.5304586291313171,1.9399139881134033,0.440911039953754,0.694930529235396,0.4396190914713952,0.9442355576126004,1.1755475156197333,0.9373207605647971,0.22914473471468058,0.7097699547990666,0.9642659885105198,0.9281362995687762,0.5788129533974647,True,1.197705327059876,0.9642659885105198,1.197705327059876,
477,patient00542/study2,patient00542/study2/view1_frontal.dcm,/home/jovyan/Desktop/MEDAGENT-X/data/raw/chexpert_plus/dicom_train/patient00542/study2/view1_frontal.dcm,True,/home/jovyan/Desktop/MEDAGENT-X/outputs/chexpert_plus/convnext_features/patient00542_study2_view1_frontal.npz,/home/jovyan/Desktop/MEDAGENT-X/outputs/chexpert_plus/raddino_features/patient00542__study2__view1_frontal.npz,ok,,,0.3671246170997619,1.1993209964526128,0.1293419152498245,1.6467539270183849,0.4395491555333137,1.6320353859885037,0.0065269544720649,1.2509863814904825,0.9991705193660378,0.8602181161920203,0.0008301692432723,0.8597797973103934,0.0035051272984441,4.343021314429514,4.946532726287842,1.98078215224883,0.0,0.8597797973103934,0.0,0.8602181161920203,0.0,pooled_embedding,True,768,10.853981018066406,-0.023200474679470062,0.3909715414047241,-6.9982123374938965,1.19150710105896,0,0,cls_embedding,True,768,14.014780044555664,0.01595344953238964,0.5054631233215332,-1.6886271238327026,1.7543846368789673,0,0,1369,768,0.031830474734306335,0.5423412919044495,1.8428364992141724,0.7296625369599634,1.1059056397687872,0.727291599701613,1.5273438400695505,1.3785561017614592,1.5372598260941328,0.7604029916997269,0.7604345154854637,0.7606757871495836,1.1369264168811923,1.3435136404143326,True,4.343021314429514,1.5273438400695505,4.343021314429514,moderate_outlier
478,patient00542/study4,patient00542/study4/view1_frontal.dcm,/home/jovyan/Desktop/MEDAGENT-X/data/raw/chexpert_plus/dicom_train/patient00542/study4/view1_frontal.dcm,True,/home/jovyan/Desktop/MEDAGENT-X/outputs/chexpert_plus/convnext_features/patient00542_study4_view1_frontal.npz,/home/jovyan/Desktop/MEDAGENT-X/outputs/chexpert_plus/raddino_features/patient00542__study4__view1_frontal.npz,ok,,,0.2969247698783874,0.2003092874879432,0.1328017562627792,1.8097069977155753,0.4476268365979194,1.7327616816394398,0.0059651932679116,1.5149663739126062,0.9993152570500224,1.1099906450445474,0.0006852121441625,1.10926437036248,0.0098944361800712,17.198057748737448,4.979369640350342,2.0855360308593394,0.0,1.10926437036248,0.0,1.1099906450445474,0.0,pooled_embedding,True,768,10.546518325805664,-0.020890535786747932,0.37999090552330017,-6.556387424468994,1.2177993059158325,0,0,cls_embedding,True,768,10.971809387207031,0.02385193109512329,0.39519190788269043,-1.417539119720459,1.8992400169372559,0,0,1369,768,0.032478876411914825,0.5403684377670288,2.0034828186035156,0.3048310215886164,0.6798772672582807,0.3019189796061162,1.2819471295582154,0.1426343507756645,1.2844386088807545,0.11873680268077698,0.8433197779397595,0.4276100890697268,0.8861668285303509,0.9652250659241204,True,17.198057748737448,1.2819471295582154,17.198057748737448,extreme_outlier
479,patient00545/study2,patient00545/study2/view1_frontal.dcm,/home/jovyan/Desktop/MEDAGENT-X/data/raw/chexpert_plus/dicom_train/patient00545/study2/view1_frontal.dcm,True,/home/jovyan/Desktop/MEDAGENT-X/outputs/chexpert_plus/convnext_features/patient00545_study2_view1_frontal.npz,/home/jovyan/Desktop/MEDAGENT-X/outputs/chexpert_plus/raddino_features/patient00545__study2__view1_frontal.npz,ok,,,0.3281581103801727,0.6447899253583826,0.0439223125576972,2.376375027259473,0.1324543803930282,2.1973457032422066,0.0044403215870261,2.2315263851572005,0.9997495554756368,1.8594555601658778,0.0002505072625353,1.8574316727053,0.0014461144430115,0.20036899229698538,3.303689956665039,3.260092545588639,2.1973457032422066,1.8574316727053,3.260092545588639,1.8594555601658778,0.0,pooled_embedding,True,768,11.21694278717041,-0.02256987802684307,0.4041268527507782,-7.429571628570557,0.9863124489784241,0,0,cls_embedding,True,768,12.42281723022461,0.02816738747060299,0.44738394021987915,-1.7248916625976562,1.4972951412200928,0,0,1369,768,0.032240189611911774,0.5221390724182129,2.2838478088378906,1.2311789884569548,0.9896029676610157,1.2369077381357898,0.0576330666570396,0.9737600531756294,0.05108830426623303,1.6530391184952473,1.0669331617051516,0.4709567436635048,1.0138557475930259,0.2104043556637639,True,3.260092545588639,1.2311789884569548,3.260092545588639,
479,patient00545/study2,patient00545/study2/view2_lateral.dcm,/home/jovyan/Desktop/MEDAGENT-X/data/raw/chexpert_plus/dicom_train/patient00545/study2/view2_lateral.dcm,True,/home/jovyan/Desktop/MEDAGENT-X/outputs/chexpert_plus/convnext_features/patient00545_study2_view2_lateral.npz,/home/jovyan/Desktop/MEDAGENT-X/outputs/chexpert_plus/raddino_features/patient00545__study2__view2_lateral.npz,ok,,,0.2832224071025848,0.005311415051826878,0.0902647003531456,0.19372144103031727,0.3425502181053161,0.42248730268892665,0.0058087990619242,1.5884583505855834,0.9995563168451126,1.5259853809472295,0.0004438800970092,1.5246191416539583,0.0016525811730586,0.6157718764586898,3.901789903640747,1.3520786218930574,0.0,1.5246191416539583,1.3520786218930574,1.5259853809472295,0.0,pooled_embedding,True,768,10.153265953063965,-0.014987210743129253,0.3660677671432495,-2.8498902320861816,2.4377059936523438,0,0,cls_embedding,True,768,11.301122665405273,0.02709125727415085,0.406893253326416,-1.1811047792434692,1.3206853866577148,0,0,1369,768,0.034228406846523285,0.5725690126419067,2.337594985961914,0.23853897301727997,0.4088891796192889,0.23744157443005823,0.9779228970580842,0.7665051564555396,0.9850162438123939,1.9471714859529046,1.981737885918993,4.147003184911665,1.0023798319627724,0.10474582120656359,True,1.5884583505855834,4.147003184911665,4.147003184911665,moderate_outlier
480,patient00545/study1,patient00545/study1/view1_frontal.dcm,/home/jovyan/Desktop/MEDAGENT-X/data/raw/chexpert_plus/dicom_train/patient00545/study1/view1_frontal.dcm,True,/home/jovyan/Desktop/MEDAGENT-X/outputs/chexpert_plus/convnext_features/patient00545_study1_view1_frontal.npz,/home/jovyan/Desktop/MEDAGENT-X/outputs/chexpert_plus/raddino_features/patient00545__study1__view1_frontal.npz,ok,,,0.3628956973552704,1.1391393791380304,0.0957534909248352,0.06479196311792011,0.2849816828966141,0.29537531793758903,0.0117444088682532,1.2007734797916236,0.9978495312271888,1.4193993195798364,0.0021551032550632,1.4205541655227085,0.0013519363020045,0.010886302323783148,4.468010425567627,0.4542359333606066,0.29537531793758903,0.0,0.0,0.0,1.2007734797916236,pooled_embedding,True,768,10.646432876586914,-0.020997965708374977,0.3835957944393158,-7.013517379760742,1.0968841314315796,0,0,cls_embedding,True,768,11.541258811950684,0.021030426025390625,0.4159279763698578,-1.4077039957046509,1.2271238565444946,0,0,1369,768,0.03229803964495659,0.5246858596801758,2.0066640377044678,0.4428863079192552,0.6996908626801777,0.4415667249569009,0.7562275920632519,0.4007671295940578,0.7538293128381004,0.13614607988626476,0.678164175474228,1.0912704841527927,0.9409256825811136,0.46106135001925685,True,1.4205541655227085,1.0912704841527927,1.4205541655227085,
481,patient00546/study3,patient00546/study3/view1_frontal.dcm,/home/jovyan/Desktop/MEDAGENT-X/data/raw/chexpert_plus/dicom_train/patient00546/study3/view1_frontal.dcm,True,/home/jovyan/Desktop/MEDAGENT-X/outputs/chexpert_plus/convnext_features/patient00546_study3_view1_frontal.npz,/home/jovyan/Desktop/MEDAGENT-X/outputs/chexpert_plus/raddino_features/patient00546__study3__view1_frontal.npz,ok,,,0.3103258609771728,0.39101977263145615,0.0940426141023635,0.01578764466247503,0.2769230753183365,0.39586377285086594,0.0090632149949669,0.05915962544861321,0.998649662844285,0.038619332536109725,0.0013521630316972,0.03861978602000355,0.0016736879968785,0.6582379700916895,4.39727258682251,0.22857334646307229,0.39586377285086594,0.0,0.0,0.0,0.0,pooled_embedding,True,768,9.408087730407715,-0.015435840003192425,0.3391340374946594,-5.334036350250244,1.155887484550476,0,0,cls_embedding,True,768,10.993288040161133,0.02283691056072712,0.39602822065353394,-1.4485220909118652,1.413501501083374,0,0,1369,768,0.03209034726023674,0.5481164455413818,1.9324854612350464,1.2681767193891607,0.3261472533599014,1.2808120379699912,1.2621178927438517,0.05285126678121134,1.2630384417814138,0.26979747806550014,1.3433947848551797,1.5818886606315983,0.8966622485149351,0.8685939360157972,True,0.6582379700916895,1.5818886606315983,1.5818886606315983,
482,patient00546/study4,patient00546/study4/view1_frontal.dcm,/home/jovyan/Desktop/MEDAGENT-X/data/raw/chexpert_plus/dicom_train/patient00546/study4/view1_frontal.dcm,True,/home/jovyan/Desktop/MEDAGENT-X/outputs/chexpert_plus/convnext_features/patient00546_study4_view1_frontal.npz,/home/jovyan/Desktop/MEDAGENT-X/outputs/chexpert_plus/raddino_features/patient00546__study4__view1_frontal.npz,ok,,,0.326900839805603,0.6268977493060482,0.117247387766838,1.0771207026578504,0.3609279543161392,0.6516522420026872,0.0098312841728329,0.30176756968998736,0.9983841741572652,0.49677078911000366,0.0016184409614652,0.49690872826106536,0.0025316417109691,2.3844068653378097,4.66015625,1.0672052376562056,0.0,0.0,0.0,0.0,0.30176756968998736,pooled_embedding,True,768,9.766343116760254,-0.007381902541965246,0.35233521461486816,-5.835409641265869,1.1390498876571655,0,0,cls_embedding,True,768,11.369245529174805,0.019525565207004547,0.4097874164581299,-1.4705926179885864,1.253233551979065,0,0,1369,768,0.03114958480000496,0.5557022094726562,2.01788592338562,0.7731632348099466,1.8115570534713394,0.7694191313471993,0.9150314112165233,0.6905924448960312,0.910958335347168,0.19755804567416094,1.400530113258786,1.8114809605927924,0.9501191363800738,0.37641739773737204,True,2.3844068653378097,1.8114809605927924,2.3844068653378097,
483,patient00546/study1,patient00546/study1/view1_frontal.dcm,/home/jovyan/Desktop/MEDAGENT-X/data/raw/chexpert_plus/dicom_train/patient00546/study1/view1_frontal.dcm,True,/home/jovyan/Desktop/MEDAGENT-X/outputs/chexpert_plus/convnext_features/patient00546_study1_view1_frontal.npz,/home/jovyan/Desktop/MEDAGENT-X/outputs/chexpert_plus/raddino_features/patient00546__study1__view1_frontal.npz,ok,,,0.2367226183414459,0.6564255441508021,0.0728330090641975,1.0147266873244885,0.2275946363806724,1.0109748282013569,0.0089143263176083,0.12912464195434178,0.998738171796214,0.11411977548880105,0.0012634224258363,0.11411100330698407,0.0013473638004194,0.0016866102191465664,4.007247447967529,1.0156558150500117,1.0109748282013569,0.11411100330698407,1.0156558150500117,0.11411977548880105,0.0,pooled_embedding,True,768,10.805216789245605,-0.016450442373752594,0.389552503824234,-7.213871002197266,1.0495541095733643,0,0,cls_embedding,True,768,11.030206680297852,0.024995185434818268,0.39723271131515503,-1.3778146505355835,2.2547309398651123,0,0,1369,768,0.033349256962537766,0.5394166111946106,2.274376630783081,0.6622833662595152,0.13902135230817717,0.6723203084079818,1.2280343559550386,0.36281687225815185,1.232217076465793,1.601207930832203,0.6906953208645107,1.040915396124253,0.8951044722367606,0.8829363522435888,True,1.0156558150500117,1.2280343559550386,1.2280343559550386,
484,patient00546/study2,patient00546/study2/view1_frontal.dcm,/home/jovyan/Desktop/MEDAGENT-X/data/raw/chexpert_plus/dicom_train/patient00546/study2/view1_frontal.dcm,True,/home/jovyan/Desktop/MEDAGENT-X/outputs/chexpert_plus/convnext_features/patient00546_study2_view1_frontal.npz,/home/jovyan/Desktop/MEDAGENT-X/outputs/chexpert_plus/raddino_features/patient00546__study2__view1_frontal.npz,ok,,,0.2199153006076812,0.8956099281192053,0.0686750039458274,1.2105621894403513,0.2009768113493919,1.3428912398846045,0.0092563536018133,0.03159909479547641,0.998625071952487,0.0810556149336964,0.0013768210774287,0.08105856307473988,0.0011378871792301,0.4197720557200747,3.994492769241333,1.056344841566235,1.3428912398846045,0.0,1.056344841566235,0.0,0.03159909479547641,pooled_embedding,True,768,10.835819244384766,-0.013226061128079891,0.3907802402973175,-6.730086326599121,1.3150718212127686,0,0,cls_embedding,True,768,12.519535064697266,0.02829623408615589,0.4508727490901947,-1.6957019567489624,2.3350815773010254,0,0,1369,768,0.0319988988339901,0.5361661911010742,2.2546777725219727,0.7045678050486862,0.7337028388078226,0.7198808946965973,0.14692362170390563,0.9985749799263048,0.14036243160870035,1.4934055842423044,0.8844666798079108,0.2622655973140771,0.9886796018422103,0.021391933976027032,True,1.3428912398846045,0.7045678050486862,1.3428912398846045,
485,patient00554/study1,patient00554/study1/view1_frontal.dcm,/home/jovyan/Desktop/MEDAGENT-X/data/raw/chexpert_plus/dicom_train/patient00554/study1/view1_frontal.dcm,True,/home/jovyan/Desktop/MEDAGENT-X/outputs/chexpert_plus/convnext_features/patient00554_study1_view1_frontal.npz,/home/jovyan/Desktop/MEDAGENT-X/outputs/chexpert_plus/raddino_features/patient00554__study1__view1_frontal.npz,ok,,,0.1999387592077255,1.1798954294856063,0.0950918346643447,0.03362899378226569,0.3010989092290401,0.09439826875122868,0.0101694427430629,0.46067333987633763,0.998491291534527,0.31191928764775106,0.0015109881060197,0.3119724269092967,0.0011350473101497,0.42548575984262604,4.438071250915527,0.35872620728721505,0.09439826875122868,0.0,0.0,0.0,0.46067333987633763,pooled_embedding,True,768,10.741490364074707,-0.026245323941111565,0.38671058416366577,-6.920533180236816,1.163170337677002,0,0,cls_embedding,True,768,13.477646827697754,0.027731040492653847,0.485541433095932,-1.9563689231872559,1.7573319673538208,0,0,1369,768,0.031687214970588684,0.5344502329826355,2.035736083984375,0.5742304269728442,1.6674755495027542,0.5622287959335648,1.031458842965828,0.8897227794822369,1.0274894212978825,0.2952433619521842,0.8578590988407361,0.3691853592432265,1.0553278224577038,0.5922369511866333,True,1.1798954294856063,1.031458842965828,1.1798954294856063,
486,patient00564/study1,patient00564/study1/view1_frontal.dcm,/home/jovyan/Desktop/MEDAGENT-X/data/raw/chexpert_plus/dicom_train/patient00564/study1/view1_frontal.dcm,True,/home/jovyan/Desktop/MEDAGENT-X/outputs/chexpert_plus/convnext_features/patient00564_study1_view1_frontal.npz,/home/jovyan/Desktop/MEDAGENT-X/outputs/chexpert_plus/raddino_features/patient00564__study1__view1_frontal.npz,ok,,,0.1854607015848159,1.3859321896902346,0.0953977480530738,0.04803703330608698,0.3089133184403181,0.0030451046943417246,0.0094483820721507,0.12183614528902637,0.9986429661757688,0.05017571359837689,0.0013588778674602,0.05017663934926325,0.0010073220992049,0.6824638259675085,4.342011451721191,0.05228338732548941,0.0,0.0,0.0,0.0,0.12183614528902637,pooled_embedding,True,768,9.581809997558594,-0.01513451337814331,0.3454223871231079,-5.577323913574219,1.1377960443496704,0,0,cls_embedding,True,768,11.606818199157715,0.019180549308657646,0.4183855652809143,-1.743736982345581,1.4947307109832764,0,0,1369,768,0.032220855355262756,0.5517889261245728,2.2158079147338867,1.0281388355574994,0.38172175018673166,1.0372112313851178,0.6957027250191784,0.7570400128710054,0.690942776614277,1.2806896072232619,1.0230646147389124,0.29467560771227064,0.9210057638129827,0.6444636589381746,True,1.3859321896902346,1.0281388355574994,1.3859321896902346,
487,patient00571/study1,patient00571/study1/view1_frontal.dcm,/home/jovyan/Desktop/MEDAGENT-X/data/raw/chexpert_plus/dicom_train/patient00571/study1/view1_frontal.dcm,True,/home/jovyan/Desktop/MEDAGENT-X/outputs/chexpert_plus/convnext_features/patient00571_study1_view1_frontal.npz,/home/jovyan/Desktop/MEDAGENT-X/outputs/chexpert_plus/raddino_features/patient00571__study1__view1_frontal.npz,ok,,,0.4221252799034118,1.982033613595371,0.1104220002889633,0.7556556861864729,0.347537562251091,0.4846780102598758,0.006931307259947,1.0609749583238293,0.9991921582137429,0.8975600824577625,0.0008084949222393,0.8970833082272058,0.0019079524947568,1.1295688622559605,4.680996894836426,1.1336895112759622,0.0,0.8970833082272058,0.0,0.8975600824577625,0.0,pooled_embedding,True,768,10.249557495117188,-0.02550140954554081,0.3689688444137573,-6.685927391052246,1.0997833013534546,0,0,cls_embedding,True,768,12.407548904418945,0.021174758672714233,0.4472178518772125,-1.810068964958191,2.1607398986816406,0,0,1369,768,0.03257855772972107,0.5201107859611511,1.8450924158096313,0.10548971937572657,1.53027337492113,0.12505838888585527,0.04353724561992193,0.37296970506957833,0.04683831740697048,0.7480574486495639,0.8678868201457425,0.32889001725231615,0.9830994861982535,0.0727679513709148,True,1.982033613595371,0.32889001725231615,1.982033613595371,
488,patient00575/study2,patient00575/study2/view1_frontal.dcm,/home/jovyan/Desktop/MEDAGENT-X/data/raw/chexpert_plus/dicom_train/patient00575/study2/view1_frontal.dcm,True,/home/jovyan/Desktop/MEDAGENT-X/outputs/chexpert_plus/convnext_features/patient00575_study2_view1_frontal.npz,/home/jovyan/Desktop/MEDAGENT-X/outputs/chexpert_plus/raddino_features/patient00575__study2__view1_frontal.npz,ok,,,0.2880244255065918,0.07364878047569584,0.0851779952645301,0.4332972512531813,0.2652014642953872,0.5420287981792694,0.0096328845247626,0.20853660748232006,0.9985124507393398,0.27540503683819284,0.0014897653600201,0.2754461183861626,0.0013036202019216,0.08632377758257079,4.325666904449463,0.00014222943265106006,0.5420287981792694,0.0,0.0,0.0,0.20853660748232006,pooled_embedding,True,768,9.55278205871582,-0.007217156235128641,0.34463077783584595,-6.3250885009765625,1.1680755615234375,0,0,cls_embedding,True,768,11.446907043457031,0.02247009612619877,0.41244304180145264,-2.1693012714385986,1.867782473564148,0,0,1369,768,0.032115984708070755,0.5242822766304016,1.8759939670562744,1.068247712364654,1.8419416671941746,1.0678769341960268,0.8433337790905621,0.12349707524774528,0.8430043017826305,0.5789481686344343,0.836237297956078,0.4560702889900955,0.8794081812838095,1.0274518011137883,True,0.5420287981792694,1.068247712364654,1.068247712364654,
489,patient00575/study3,patient00575/study3/view1_frontal.dcm,/home/jovyan/Desktop/MEDAGENT-X/data/raw/chexpert_plus/dicom_train/patient00575/study3/view1_frontal.dcm,True,/home/jovyan/Desktop/MEDAGENT-X/outputs/chexpert_plus/convnext_features/patient00575_study3_view1_frontal.npz,/home/jovyan/Desktop/MEDAGENT-X/outputs/chexpert_plus/raddino_features/patient00575__study3__view1_frontal.npz,ok,,,0.3320528566837311,0.7002159314639488,0.0999006479978561,0.26011653935768175,0.2905982881784439,0.22533790996772937,0.0107861850410699,0.7504897706846531,0.9980760002859808,1.028583687022501,0.0019277086248621,1.0291869777240175,0.0016358886504413,0.5821871820259401,4.5365166664123535,0.6727794427735745,0.22533790996772937,0.0,0.0,0.0,0.7504897706846531,pooled_embedding,True,768,9.874008178710938,-0.015776565298438072,0.3559480905532837,-6.51744270324707,1.074782133102417,0,0,cls_embedding,True,768,11.798222541809082,0.024581268429756165,0.4250214695930481,-2.3154256343841553,2.056210517883301,0,0,1369,768,0.03172096982598305,0.524569034576416,2.006082534790039,0.6243988072147127,0.2633063516096374,0.6294619812696123,0.5189969490172052,0.2830994492012938,0.5211385286274053,0.1329637950099862,0.766915683025205,0.7346318979577415,0.9171869865213511,0.6796230680042831,True,1.0291869777240175,0.7346318979577415,1.0291869777240175,
490,patient00575/study1,patient00575/study1/view1_frontal.dcm,/home/jovyan/Desktop/MEDAGENT-X/data/raw/chexpert_plus/dicom_train/patient00575/study1/view1_frontal.dcm,True,/home/jovyan/Desktop/MEDAGENT-X/outputs/chexpert_plus/convnext_features/patient00575_study1_view1_frontal.npz,/home/jovyan/Desktop/MEDAGENT-X/outputs/chexpert_plus/raddino_features/patient00575__study1__view1_frontal.npz,ok,,,0.2556605339050293,0.386920692783497,0.0848041698336601,0.4509038411620467,0.253479853272438,0.6881938235076722,0.0105563020333647,0.6424643068695455,0.998328625120221,0.5926312663256427,0.00167417305056,0.5928288076397578,0.0014854533482904,0.27951731178115274,4.288931846618652,0.117047217219809,0.6881938235076722,0.0,0.117047217219809,0.0,0.6424643068695455,pooled_embedding,True,768,9.663997650146484,-0.008345960639417171,0.34861961007118225,-5.4510273933410645,1.2337857484817505,0,0,cls_embedding,True,768,11.088078498840332,0.02374577522277832,0.39940130710601807,-2.168951988220215,1.2594040632247925,0,0,1369,768,0.033138975501060486,0.5324727296829224,2.0395164489746094,0.9145773990885925,1.6337531714911482,0.913355826548994,1.1746067039878048,0.12218949714027409,1.1767255021250251,0.31593147552261175,0.978824461301319,0.11690121029177532,0.8478247147053214,1.3182401703628308,True,0.6881938235076722,1.3182401703628308,1.3182401703628308,
491,patient00582/study1,patient00582/study1/view1_frontal.dcm,/home/jovyan/Desktop/MEDAGENT-X/data/raw/chexpert_plus/dicom_train/patient00582/study1/view1_frontal.dcm,True,/home/jovyan/Desktop/MEDAGENT-X/outputs/chexpert_plus/convnext_features/patient00582_study1_view1_frontal.npz,/home/jovyan/Desktop/MEDAGENT-X/outputs/chexpert_plus/raddino_features/patient00582__study1__view1_frontal.npz,ok,,,0.2950277328491211,0.17331261613337154,0.092655636370182,0.08111211466018368,0.3145299181342125,0.07308244298429778,0.0057952250353991,1.594836988684372,0.9994662580326638,1.3705716924623796,0.0005340269999578,1.3694679849861238,0.0038614775886455,5.05998398578946,4.396073341369629,0.2247476029003192,0.0,1.3694679849861238,0.0,1.3705716924623796,0.0,pooled_embedding,True,768,10.873175621032715,-0.027804335579276085,0.39136549830436707,-6.8863959312438965,1.2303428649902344,0,0,cls_embedding,True,768,14.367292404174805,0.031162621453404427,0.5174975395202637,-1.6432701349258423,1.900353193283081,0,0,1369,768,0.03244763985276222,0.5156287550926208,1.8540009260177612,0.7561843637389108,1.9550083465930996,0.742552872401613,1.8527856205115258,1.550620466352989,1.8452050429728502,0.699305470624903,0.7806606400273752,0.6793992357998602,1.2170302694776918,2.0810282703937757,True,5.05998398578946,2.0810282703937757,5.05998398578946,moderate_outlier
492,patient00585/study1,patient00585/study1/view1_frontal.dcm,/home/jovyan/Desktop/MEDAGENT-X/data/raw/chexpert_plus/dicom_train/patient00585/study1/view1_frontal.dcm,True,/home/jovyan/Desktop/MEDAGENT-X/outputs/chexpert_plus/convnext_features/patient00585_study1_view1_frontal.npz,/home/jovyan/Desktop/MEDAGENT-X/outputs/chexpert_plus/raddino_features/patient00585__study1__view1_frontal.npz,ok,,,0.3069254755973816,0.3426290005163659,0.0883826687932014,0.28236216778441225,0.2722832709550857,0.45372076204335937,0.0096520241349935,0.21753059661215082,0.998493809440088,0.30757416050406755,0.001508462592028,0.3076257837726329,0.0012495122664975,0.1951868008216125,4.378373622894287,0.16828327872304968,0.45372076204335937,0.0,0.0,0.0,0.21753059661215082,pooled_embedding,True,768,10.686129570007324,-0.01567797176539898,0.38528361916542053,-7.366161346435547,1.1038669347763062,0,0,cls_embedding,True,768,13.506782531738281,0.020155591890215874,0.4869671165943146,-2.59061336517334,1.7017346620559692,0,0,1369,768,0.03271811828017235,0.5362740755081177,1.625318169593811,0.49773656079716483,0.2814902276217023,0.50695040890363,1.0583571208237281,0.5692538600385889,1.0639708265326577,1.9507758574046141,0.6692963265393544,1.1269050011767212,1.061293827273687,0.6471658427654089,True,0.45372076204335937,1.1269050011767212,1.1269050011767212,
493,patient00586/study2,patient00586/study2/view1_frontal.dcm,/home/jovyan/Desktop/MEDAGENT-X/data/raw/chexpert_plus/dicom_train/patient00586/study2/view1_frontal.dcm,True,/home/jovyan/Desktop/MEDAGENT-X/outputs/chexpert_plus/convnext_features/patient00586_study2_view1_frontal.npz,/home/jovyan/Desktop/MEDAGENT-X/outputs/chexpert_plus/raddino_features/patient00586__study2__view1_frontal.npz,ok,,,0.2931103706359863,0.14602669775796978,0.1057761162519455,0.536841854250138,0.3699633739888668,0.7643212550531383,0.0106838000938296,0.7023775525449718,0.998209718387584,0.7978275530888363,0.0017934924690052,0.7981885613216074,0.0013712932253816,0.049831665567101786,4.5289306640625,0.6485791428372567,0.0,0.0,0.0,0.0,0.7023775525449718,pooled_embedding,True,768,9.565726280212402,-0.018827730789780617,0.3446595072746277,-5.571094512939453,1.2700819969177246,0,0,cls_embedding,True,768,12.131526947021484,0.01927563175559044,0.43733420968055725,-1.4832327365875244,1.7689791917800903,0,0,1369,768,0.03303711488842964,0.5431393980979919,1.9632378816604614,1.0503622473241288,0.2994284777109109,1.0667640007757377,0.21128808122411097,0.7387278209225605,0.20607136176149027,0.1015043190795269,0.8934635958814866,0.22611243758602836,1.004946688408988,0.1283788191308576,True,0.7981885613216074,1.0503622473241288,1.0503622473241288,
494,patient00586/study3,patient00586/study3/view1_frontal.dcm,/home/jovyan/Desktop/MEDAGENT-X/data/raw/chexpert_plus/dicom_train/patient00586/study3/view1_frontal.dcm,True,/home/jovyan/Desktop/MEDAGENT-X/outputs/chexpert_plus/convnext_features/patient00586_study3_view1_frontal.npz,/home/jovyan/Desktop/MEDAGENT-X/outputs/chexpert_plus/raddino_features/patient00586__study3__view1_frontal.npz,ok,,,0.2371349781751632,0.6505572649665008,0.1050106659531593,0.5007903489392711,0.3582417629659176,0.6181562297247355,0.0088416589424014,0.16327212849244374,0.9987682302261336,0.1659913396015715,0.001233288901858,0.16597358479108543,0.0018216846315173,0.956001337880577,4.658923149108887,1.0632714909948617,0.0,0.16597358479108543,0.0,0.1659913396015715,0.0,pooled_embedding,True,768,10.085124969482422,-0.011039373464882374,0.36374813318252563,-6.159890651702881,1.1281615495681763,0,0,cls_embedding,True,768,13.80134105682373,0.028711391612887383,0.497184693813324,-1.72641921043396,1.9445744752883911,0,0,1369,768,0.029710493981838226,0.5647194981575012,2.343104600906372,0.33269165574111237,1.1369996486394518,0.32730055766115096,1.3302955315839669,1.0785313184892193,1.3254254730002457,1.9773229501619745,0.8958085371133708,0.2166895382040734,1.1663679700988687,1.6145814545521955,True,1.0632714909948617,1.6145814545521955,1.6145814545521955,
495,patient00586/study1,patient00586/study1/view1_frontal.dcm,/home/jovyan/Desktop/MEDAGENT-X/data/raw/chexpert_plus/dicom_train/patient00586/study1/view1_frontal.dcm,True,/home/jovyan/Desktop/MEDAGENT-X/outputs/chexpert_plus/convnext_features/patient00586_study1_view1_frontal.npz,/home/jovyan/Desktop/MEDAGENT-X/outputs/chexpert_plus/raddino_features/patient00586__study1__view1_frontal.npz,ok,,,0.2357663363218307,0.6700343620112645,0.104556880891323,0.47941778615795727,0.3526251595467329,0.5481188449815104,0.0108651341870427,0.7875891552657669,0.998343697306112,0.5666213297168844,0.0016590505838394,0.5668016439033652,0.0021266704872457,1.5696208012643453,4.447266578674316,0.3880604573325952,0.0,0.0,0.0,0.0,0.7875891552657669,pooled_embedding,True,768,10.427569389343262,-0.012953865341842175,0.3760494887828827,-6.657222747802734,1.1354395151138306,0,0,cls_embedding,True,768,13.693476676940918,0.03805917873978615,0.4926528334617615,-1.8542965650558472,1.8230167627334595,0,0,1369,768,0.03455908223986626,0.5450066328048706,2.1569905281066895,0.1404752860762311,0.7839046550465267,0.14923467390066003,1.2307144108730264,2.8788475459624907,1.2094610011238955,0.9588104295241369,0.7213627879515118,0.9176814093910223,1.116067118156287,1.151462478303291,True,1.5696208012643453,1.2307144108730264,1.5696208012643453,
496,patient00589/study2,patient00589/study2/view1_frontal.dcm,/home/jovyan/Desktop/MEDAGENT-X/data/raw/chexpert_plus/dicom_train/patient00589/study2/view1_frontal.dcm,True,/home/jovyan/Desktop/MEDAGENT-X/outputs/chexpert_plus/convnext_features/patient00589_study2_view1_frontal.npz,/home/jovyan/Desktop/MEDAGENT-X/outputs/chexpert_plus/raddino_features/patient00589__study2__view1_frontal.npz,ok,,,0.29568812251091,0.18271059961509964,0.0449876002967357,2.3262016500428873,0.1441738307476043,2.0512076208098673,0.0051361001096665,1.9045696502026683,0.9996638249845996,1.7115112172923703,0.0003362880670465,1.7097949752205448,0.0019748305685137,1.2641248980853546,3.311187267303467,3.2361751833472203,2.0512076208098673,1.7097949752205448,3.2361751833472203,1.7115112172923703,0.0,pooled_embedding,True,768,11.322335243225098,-0.013620537705719471,0.4083324670791626,-7.931395053863525,0.9444804191589355,0,0,cls_embedding,True,768,11.804253578186035,0.0235531497746706,0.4252975881099701,-1.292343020439148,2.3073079586029053,0,0,1369,768,0.032073717564344406,0.5369263291358948,2.318716287612915,1.376803280253797,0.6609484404578049,1.3998266442259575,0.5134290556856167,0.08509122828317313,0.5140730112667257,1.8438574788359041,0.7284367408693428,0.8892554745867423,0.9306498132444975,0.5556710813350109,True,3.2361751833472203,1.376803280253797,3.2361751833472203,
496,patient00589/study2,patient00589/study2/view2_lateral.dcm,/home/jovyan/Desktop/MEDAGENT-X/data/raw/chexpert_plus/dicom_train/patient00589/study2/view2_lateral.dcm,True,/home/jovyan/Desktop/MEDAGENT-X/outputs/chexpert_plus/convnext_features/patient00589_study2_view2_lateral.npz,/home/jovyan/Desktop/MEDAGENT-X/outputs/chexpert_plus/raddino_features/patient00589__study2__view2_lateral.npz,ok,,,0.2472706586122512,0.5063167311795275,0.1206238269805908,1.2361456797719155,0.3644021227955818,0.6949740962084499,0.0078715272247791,0.6191515334299741,0.9991712137364928,0.8614163850858515,0.0008294737199321,0.8609768573001642,0.0027721488618506,2.8682977281169992,4.054954051971436,0.8634657586021667,0.0,0.8609768573001642,0.8634657586021667,0.8614163850858515,0.0,pooled_embedding,True,768,9.893208503723145,-0.013552486896514893,0.3567330539226532,-4.758929252624512,1.6824839115142822,0,0,cls_embedding,True,768,11.975444793701172,0.026672033593058586,0.4313027262687683,-1.2441139221191406,1.4720913171768188,0,0,1369,768,0.03441469371318817,0.5736366510391235,2.1331562995910645,0.5978690740930082,0.6734992380502401,0.5990537308992889,0.3553841745544561,0.6857657059561068,0.36040925706709454,0.8283771968419663,1.5312639806525956,2.336821238428178,1.076006292631336,0.7826232283045178,True,2.8682977281169992,2.336821238428178,2.8682977281169992,
497,patient00589/study1,patient00589/study1/view1_frontal.dcm,/home/jovyan/Desktop/MEDAGENT-X/data/raw/chexpert_plus/dicom_train/patient00589/study1/view1_frontal.dcm,True,/home/jovyan/Desktop/MEDAGENT-X/outputs/chexpert_plus/convnext_features/patient00589_study1_view1_frontal.npz,/home/jovyan/Desktop/MEDAGENT-X/outputs/chexpert_plus/raddino_features/patient00589__study1__view1_frontal.npz,ok,,,0.2280611544847488,0.7796865504365826,0.0827221125364303,0.5489654655779455,0.2483328133821487,0.7523758898172868,0.0053781941533088,1.7908060379531197,0.9994920416520662,1.4150662542366221,0.0005082165007479,1.4138902410549044,0.00080900544285,1.081469084627526,4.247616767883301,0.24884750559005978,0.7523758898172868,1.4138902410549044,0.24884750559005978,1.4150662542366221,0.0,pooled_embedding,True,768,11.37659740447998,-0.019815731793642044,0.4100390374660492,-7.41131067276001,1.2636020183563232,0,0,cls_embedding,True,768,11.962454795837402,0.028396258130669594,0.4307228922843933,-1.394230604171753,2.572587013244629,0,0,1369,768,0.03187257796525955,0.565694272518158,2.5945332050323486,1.4517791286200985,0.48164821566155636,1.4659365056844726,0.36737662791776526,1.0178388878470739,0.3752464622229912,3.353270386573339,0.9494196524570797,0.0012589172702469542,0.9256904709052864,0.6013316508542906,True,1.7908060379531197,1.4517791286200985,1.7908060379531197,
497,patient00589/study1,patient00589/study1/view2_lateral.dcm,/home/jovyan/Desktop/MEDAGENT-X/data/raw/chexpert_plus/dicom_train/patient00589/study1/view2_lateral.dcm,True,/home/jovyan/Desktop/MEDAGENT-X/outputs/chexpert_plus/convnext_features/patient00589_study1_view2_lateral.npz,/home/jovyan/Desktop/MEDAGENT-X/outputs/chexpert_plus/raddino_features/patient00589__study1__view2_lateral.npz,ok,,,0.1793359071016311,1.4730939378406034,0.1410509049892425,2.198228929960965,0.3572605848312378,0.6059212283562067,0.0050549986772239,1.9426804263889472,0.9995745712775386,1.5574868919862594,0.0004256097890902,1.5560640312019285,0.000497773379515,1.707655670347481,3.663879871368408,2.1110414950011607,0.0,1.5560640312019285,2.1110414950011607,1.5574868919862594,0.0,pooled_embedding,True,768,10.242670059204102,-0.01289565209299326,0.36937546730041504,-3.222804307937622,1.7668341398239136,0,0,cls_embedding,True,768,10.108154296875,0.024955183267593384,0.3638918995857239,-1.359726071357727,1.1558336019515991,0,0,1369,768,0.03494054079055786,0.6128653883934021,2.342374086380005,0.11500632060778096,0.7946410843710386,0.10930645570491854,2.079279315553347,0.35511274401780857,2.0853655241665843,1.9733251966314629,2.085349946051821,4.5633573366121745,0.9188191663967916,0.6645956192876903,True,2.198228929960965,4.5633573366121745,4.5633573366121745,moderate_outlier
498,patient00597/study1,patient00597/study1/view1_frontal.dcm,/home/jovyan/Desktop/MEDAGENT-X/data/raw/chexpert_plus/dicom_train/patient00597/study1/view1_frontal.dcm,True,/home/jovyan/Desktop/MEDAGENT-X/outputs/chexpert_plus/convnext_features/patient00597_study1_view1_frontal.npz,/home/jovyan/Desktop/MEDAGENT-X/outputs/chexpert_plus/raddino_features/patient00597__study1__view1_frontal.npz,ok,,,0.3536028861999511,1.0068936902822467,0.0867729783058166,0.3581760583098048,0.2510378509759903,0.7186448704510887,0.0092190913856029,0.014089022045474553,0.9986493053690206,0.039236224407879376,0.0013525214744731,0.039236699185748646,0.0011762632834526,0.34256085383161516,4.28456449508667,0.13097961693800214,0.7186448704510887,0.0,0.13097961693800214,0.0,0.014089022045474553,pooled_embedding,True,768,10.681570053100586,-0.01592256873846054,0.38510891795158386,-7.174195289611816,1.1541820764541626,0,0,cls_embedding,True,768,11.51931095123291,0.022891812026500702,0.41503646969795227,-1.5168325901031494,2.4215798377990723,0,0,1369,768,0.03129112347960472,0.5223538279533386,1.9821410179138184,0.4914365233434883,0.2363785362766497,0.5001827577524536,0.7764900046396558,0.042277641344252964,0.776641820806516,0.001943424896767897,0.7459869828055089,0.8187316756766193,0.8757834404293244,1.0608247204355705,True,1.0068936902822467,1.0608247204355705,1.0608247204355705,
499,patient00597/study2,patient00597/study2/view1_frontal.dcm,/home/jovyan/Desktop/MEDAGENT-X/data/raw/chexpert_plus/dicom_train/patient00597/study2/view1_frontal.dcm,True,/home/jovyan/Desktop/MEDAGENT-X/outputs/chexpert_plus/convnext_features/patient00597_study2_view1_frontal.npz,/home/jovyan/Desktop/MEDAGENT-X/outputs/chexpert_plus/raddino_features/patient00597__study2__view1_frontal.npz,ok,,,0.3202920258045196,0.5328479353708161,0.0984697416424751,0.1927231002902806,0.3157509118318558,0.08830787354946824,0.0107703935354948,0.7430691060121398,0.9982328219517584,0.7579579386905981,0.0017703064950183,0.7582833558750156,0.0018139113788226,0.9403618613026339,4.387050151824951,0.19596249537030838,0.0,0.0,0.0,0.0,0.7430691060121398,pooled_embedding,True,768,10.678895950317383,-0.022053278982639313,0.384709894657135,-7.325104713439941,1.1092655658721924,0,0,cls_embedding,True,768,11.38998794555664,0.029359987005591393,0.40995076298713684,-1.3692740201950073,1.700053095817566,0,0,1369,768,0.033359915018081665,0.5312809944152832,1.969319462776184,0.48774162582830133,0.8943251874842199,0.48472522086007874,0.8958818729556046,1.2034461025656962,0.9067785079695225,0.06822275998804954,0.7608824203565488,0.7588759285963987,0.8747489412239233,1.070349334720087,True,0.9403618613026339,1.070349334720087,1.070349334720087,
