dicom_path,study_key,quality_gate_decision,critical_flag_count,warning_flag_count,flagged_metrics,technical_explanation,route_next
patient00003/study1/view1_frontal.dcm,patient00003/study1,pass,0,0,,"No warning, critical, or severe quality evidence exceeded the configured thresholds.",retrieval_agent
patient00007/study2/view1_frontal.dcm,patient00007/study2,fail,1,1,severe: edge density outlier evidence (validation_edge_density_outlier_z=6.405); critical: edge density outlier evidence (validation_edge_density_outlier_z=6.405); warning: intensity mean outlier evidence (validation_intensity_mean_outlier_z=2.224),Severe evidence: edge density outlier evidence (validation_edge_density_outlier_z=6.405). Critical evidence: edge density outlier evidence (validation_edge_density_outlier_z=6.405). Warning evidence: intensity mean outlier evidence (validation_intensity_mean_outlier_z=2.224). Manifest evidence note: extreme_outlier. Image is marked unreliable because it has either three or more critical quality flags or at least one severe quality outlier.,stop_unreliable
patient00007/study1/view1_frontal.dcm,patient00007/study1,fail,3,0,critical: intensity standard deviation outlier evidence (validation_intensity_std_outlier_z=4.228); critical: contrast proxy outlier evidence (validation_contrast_proxy_outlier_z=4.224); critical: entropy outlier evidence (validation_entropy_outlier_z=3.211),Critical evidence: intensity standard deviation outlier evidence (validation_intensity_std_outlier_z=4.228); contrast proxy outlier evidence (validation_contrast_proxy_outlier_z=4.224); entropy outlier evidence (validation_entropy_outlier_z=3.211). Manifest evidence note: moderate_outlier. Image is marked unreliable because it has either three or more critical quality flags or at least one severe quality outlier.,stop_unreliable
patient00009/study1/view1_frontal.dcm,patient00009/study1,review_with_technical_warning,0,3,warning: low entropy evidence (low_entropy_evidence_z=2.399); warning: noise proxy outlier evidence (validation_noise_proxy_outlier_z=2.300); warning: entropy outlier evidence (validation_entropy_outlier_z=2.399),"Warning evidence: low entropy evidence (low_entropy_evidence_z=2.399); noise proxy outlier evidence (validation_noise_proxy_outlier_z=2.300); entropy outlier evidence (validation_entropy_outlier_z=2.399). Image may continue downstream, but this technical warning should be preserved in later reasoning.",retrieval_agent
patient00009/study1/view2_lateral.dcm,patient00009/study1,review_with_technical_warning,1,0,critical: ConvNeXt embedding outlier evidence (convnext_embedding_outlier_z=3.573),"Critical evidence: ConvNeXt embedding outlier evidence (convnext_embedding_outlier_z=3.573). Manifest evidence note: moderate_outlier. Image may continue downstream, but this technical warning should be preserved in later reasoning.",retrieval_agent
patient00016/study1/view1_frontal.dcm,patient00016/study1,review_with_technical_warning,0,3,warning: low entropy evidence (low_entropy_evidence_z=2.874); warning: noise proxy outlier evidence (validation_noise_proxy_outlier_z=2.710); warning: entropy outlier evidence (validation_entropy_outlier_z=2.874),"Warning evidence: low entropy evidence (low_entropy_evidence_z=2.874); noise proxy outlier evidence (validation_noise_proxy_outlier_z=2.710); entropy outlier evidence (validation_entropy_outlier_z=2.874). Image may continue downstream, but this technical warning should be preserved in later reasoning.",retrieval_agent
patient00016/study1/view2_lateral.dcm,patient00016/study1,review_with_technical_warning,2,2,critical: ConvNeXt embedding outlier evidence (convnext_embedding_outlier_z=3.729); critical: noise proxy outlier evidence (validation_noise_proxy_outlier_z=3.139); warning: low sharpness evidence (low_sharpness_evidence_z=2.103); warning: high blur evidence (high_blur_evidence_z=2.106),"Critical evidence: ConvNeXt embedding outlier evidence (convnext_embedding_outlier_z=3.729); noise proxy outlier evidence (validation_noise_proxy_outlier_z=3.139). Warning evidence: low sharpness evidence (low_sharpness_evidence_z=2.103); high blur evidence (high_blur_evidence_z=2.106). Manifest evidence note: moderate_outlier. Image may continue downstream, but this technical warning should be preserved in later reasoning.",retrieval_agent
patient00021/study1/view1_frontal.dcm,patient00021/study1,fail,5,1,severe: edge density outlier evidence (validation_edge_density_outlier_z=18.275); critical: RAD-DINO patch variability outlier evidence (raddino_patch_variability_outlier_z=3.325); critical: edge density outlier evidence (validation_edge_density_outlier_z=18.275); critical: intensity mean outlier evidence (validation_intensity_mean_outlier_z=3.407); critical: intensity standard deviation outlier evidence (validation_intensity_std_outlier_z=5.592); critical: contrast proxy outlier evidence (validation_contrast_proxy_outlier_z=5.279); warning: entropy outlier evidence (validation_entropy_outlier_z=2.891),Severe evidence: edge density outlier evidence (validation_edge_density_outlier_z=18.275). Critical evidence: RAD-DINO patch variability outlier evidence (raddino_patch_variability_outlier_z=3.325); edge density outlier evidence (validation_edge_density_outlier_z=18.275); intensity mean outlier evidence (validation_intensity_mean_outlier_z=3.407); intensity standard deviation outlier evidence (validation_intensity_std_outlier_z=5.592); contrast proxy outlier evidence (validation_contrast_proxy_outlier_z=5.279). Warning evidence: entropy outlier evidence (validation_entropy_outlier_z=2.891). Manifest evidence note: extreme_outlier. Image is marked unreliable because it has either three or more critical quality flags or at least one severe quality outlier.,stop_unreliable
patient00026/study1/view1_frontal.dcm,patient00026/study1,review_with_technical_warning,2,4,critical: low entropy evidence (low_entropy_evidence_z=3.212); critical: entropy outlier evidence (validation_entropy_outlier_z=3.212); warning: low contrast evidence (low_contrast_evidence_z=2.202); warning: intensity standard deviation outlier evidence (validation_intensity_std_outlier_z=2.237); warning: contrast proxy outlier evidence (validation_contrast_proxy_outlier_z=2.202); warning: noise proxy outlier evidence (validation_noise_proxy_outlier_z=2.158),"Critical evidence: low entropy evidence (low_entropy_evidence_z=3.212); entropy outlier evidence (validation_entropy_outlier_z=3.212). Warning evidence: low contrast evidence (low_contrast_evidence_z=2.202); intensity standard deviation outlier evidence (validation_intensity_std_outlier_z=2.237); contrast proxy outlier evidence (validation_contrast_proxy_outlier_z=2.202); noise proxy outlier evidence (validation_noise_proxy_outlier_z=2.158). Image may continue downstream, but this technical warning should be preserved in later reasoning.",retrieval_agent
patient00026/study1/view2_lateral.dcm,patient00026/study1,review_with_technical_warning,1,2,critical: ConvNeXt embedding outlier evidence (convnext_embedding_outlier_z=4.396); warning: low entropy evidence (low_entropy_evidence_z=2.506); warning: entropy outlier evidence (validation_entropy_outlier_z=2.506),"Critical evidence: ConvNeXt embedding outlier evidence (convnext_embedding_outlier_z=4.396). Warning evidence: low entropy evidence (low_entropy_evidence_z=2.506); entropy outlier evidence (validation_entropy_outlier_z=2.506). Manifest evidence note: moderate_outlier. Image may continue downstream, but this technical warning should be preserved in later reasoning.",retrieval_agent
patient00027/study1/view1_frontal.dcm,patient00027/study1,review_with_technical_warning,0,1,warning: noise proxy outlier evidence (validation_noise_proxy_outlier_z=2.388),"Warning evidence: noise proxy outlier evidence (validation_noise_proxy_outlier_z=2.388). Image may continue downstream, but this technical warning should be preserved in later reasoning.",retrieval_agent
patient00027/study1/view2_lateral.dcm,patient00027/study1,review_with_technical_warning,1,4,critical: ConvNeXt embedding outlier evidence (convnext_embedding_outlier_z=3.073); warning: low entropy evidence (low_entropy_evidence_z=2.256); warning: RAD-DINO embedding outlier evidence (raddino_embedding_outlier_z=2.409); warning: noise proxy outlier evidence (validation_noise_proxy_outlier_z=2.627); warning: entropy outlier evidence (validation_entropy_outlier_z=2.256),"Critical evidence: ConvNeXt embedding outlier evidence (convnext_embedding_outlier_z=3.073). Warning evidence: low entropy evidence (low_entropy_evidence_z=2.256); RAD-DINO embedding outlier evidence (raddino_embedding_outlier_z=2.409); noise proxy outlier evidence (validation_noise_proxy_outlier_z=2.627); entropy outlier evidence (validation_entropy_outlier_z=2.256). Image may continue downstream, but this technical warning should be preserved in later reasoning.",retrieval_agent
patient00031/study1/view1_frontal.dcm,patient00031/study1,pass,0,0,,"No warning, critical, or severe quality evidence exceeded the configured thresholds.",retrieval_agent
patient00031/study3/view1_frontal.dcm,patient00031/study3,pass,0,0,,"No warning, critical, or severe quality evidence exceeded the configured thresholds.",retrieval_agent
patient00031/study2/view1_frontal.dcm,patient00031/study2,pass,0,0,,"No warning, critical, or severe quality evidence exceeded the configured thresholds.",retrieval_agent
patient00034/study1/view1_frontal.dcm,patient00034/study1,review_with_technical_warning,1,1,critical: edge density outlier evidence (validation_edge_density_outlier_z=4.360); warning: RAD-DINO patch variability outlier evidence (raddino_patch_variability_outlier_z=2.359),"Critical evidence: edge density outlier evidence (validation_edge_density_outlier_z=4.360). Warning evidence: RAD-DINO patch variability outlier evidence (raddino_patch_variability_outlier_z=2.359). Manifest evidence note: moderate_outlier. Image may continue downstream, but this technical warning should be preserved in later reasoning.",retrieval_agent
patient00038/study1/view1_frontal.dcm,patient00038/study1,review_with_technical_warning,1,0,critical: edge density outlier evidence (validation_edge_density_outlier_z=4.703),"Critical evidence: edge density outlier evidence (validation_edge_density_outlier_z=4.703). Manifest evidence note: moderate_outlier. Image may continue downstream, but this technical warning should be preserved in later reasoning.",retrieval_agent
patient00038/study3/view1_frontal.dcm,patient00038/study3,review_with_technical_warning,1,0,critical: edge density outlier evidence (validation_edge_density_outlier_z=4.630),"Critical evidence: edge density outlier evidence (validation_edge_density_outlier_z=4.630). Manifest evidence note: moderate_outlier. Image may continue downstream, but this technical warning should be preserved in later reasoning.",retrieval_agent
patient00038/study2/view1_frontal.dcm,patient00038/study2,fail,1,0,severe: edge density outlier evidence (validation_edge_density_outlier_z=11.016); critical: edge density outlier evidence (validation_edge_density_outlier_z=11.016),Severe evidence: edge density outlier evidence (validation_edge_density_outlier_z=11.016). Critical evidence: edge density outlier evidence (validation_edge_density_outlier_z=11.016). Manifest evidence note: extreme_outlier. Image is marked unreliable because it has either three or more critical quality flags or at least one severe quality outlier.,stop_unreliable
patient00044/study6/view1_frontal.dcm,patient00044/study6,fail,2,2,severe: edge density outlier evidence (validation_edge_density_outlier_z=6.664); critical: edge density outlier evidence (validation_edge_density_outlier_z=6.664); critical: intensity mean outlier evidence (validation_intensity_mean_outlier_z=3.081); warning: RAD-DINO embedding outlier evidence (raddino_embedding_outlier_z=2.983); warning: noise proxy outlier evidence (validation_noise_proxy_outlier_z=2.213),Severe evidence: edge density outlier evidence (validation_edge_density_outlier_z=6.664). Critical evidence: edge density outlier evidence (validation_edge_density_outlier_z=6.664); intensity mean outlier evidence (validation_intensity_mean_outlier_z=3.081). Warning evidence: RAD-DINO embedding outlier evidence (raddino_embedding_outlier_z=2.983); noise proxy outlier evidence (validation_noise_proxy_outlier_z=2.213). Manifest evidence note: extreme_outlier. Image is marked unreliable because it has either three or more critical quality flags or at least one severe quality outlier.,stop_unreliable
patient00044/study6/view2_lateral.dcm,patient00044/study6,fail,5,2,severe: edge density outlier evidence (validation_edge_density_outlier_z=6.233); severe: intensity standard deviation outlier evidence (validation_intensity_std_outlier_z=8.684); severe: contrast proxy outlier evidence (validation_contrast_proxy_outlier_z=7.258); critical: ConvNeXt embedding outlier evidence (convnext_embedding_outlier_z=4.403); critical: edge density outlier evidence (validation_edge_density_outlier_z=6.233); critical: intensity mean outlier evidence (validation_intensity_mean_outlier_z=5.071); critical: intensity standard deviation outlier evidence (validation_intensity_std_outlier_z=8.684); critical: contrast proxy outlier evidence (validation_contrast_proxy_outlier_z=7.258); warning: RAD-DINO embedding outlier evidence (raddino_embedding_outlier_z=2.082); warning: entropy outlier evidence (validation_entropy_outlier_z=2.102),Severe evidence: edge density outlier evidence (validation_edge_density_outlier_z=6.233); intensity standard deviation outlier evidence (validation_intensity_std_outlier_z=8.684); contrast proxy outlier evidence (validation_contrast_proxy_outlier_z=7.258). Critical evidence: ConvNeXt embedding outlier evidence (convnext_embedding_outlier_z=4.403); edge density outlier evidence (validation_edge_density_outlier_z=6.233); intensity mean outlier evidence (validation_intensity_mean_outlier_z=5.071); intensity standard deviation outlier evidence (validation_intensity_std_outlier_z=8.684); contrast proxy outlier evidence (validation_contrast_proxy_outlier_z=7.258). Warning evidence: RAD-DINO embedding outlier evidence (raddino_embedding_outlier_z=2.082); entropy outlier evidence (validation_entropy_outlier_z=2.102). Manifest evidence note: extreme_outlier. Image is marked unreliable because it has either three or more critical quality flags or at least one severe quality outlier.,stop_unreliable
patient00044/study7/view1_frontal.dcm,patient00044/study7,review_with_technical_warning,0,7,warning: low contrast evidence (low_contrast_evidence_z=2.009); warning: low entropy evidence (low_entropy_evidence_z=2.875); warning: RAD-DINO embedding outlier evidence (raddino_embedding_outlier_z=2.936); warning: edge density outlier evidence (validation_edge_density_outlier_z=2.355); warning: contrast proxy outlier evidence (validation_contrast_proxy_outlier_z=2.009); warning: noise proxy outlier evidence (validation_noise_proxy_outlier_z=2.507); warning: entropy outlier evidence (validation_entropy_outlier_z=2.875),"Warning evidence: low contrast evidence (low_contrast_evidence_z=2.009); low entropy evidence (low_entropy_evidence_z=2.875); RAD-DINO embedding outlier evidence (raddino_embedding_outlier_z=2.936); edge density outlier evidence (validation_edge_density_outlier_z=2.355); contrast proxy outlier evidence (validation_contrast_proxy_outlier_z=2.009); noise proxy outlier evidence (validation_noise_proxy_outlier_z=2.507); entropy outlier evidence (validation_entropy_outlier_z=2.875). Image may continue downstream, but this technical warning should be preserved in later reasoning.",retrieval_agent
patient00044/study7/view2_lateral.dcm,patient00044/study7,review_with_technical_warning,1,2,critical: ConvNeXt embedding outlier evidence (convnext_embedding_outlier_z=5.274); warning: edge density outlier evidence (validation_edge_density_outlier_z=2.291); warning: noise proxy outlier evidence (validation_noise_proxy_outlier_z=2.285),"Critical evidence: ConvNeXt embedding outlier evidence (convnext_embedding_outlier_z=5.274). Warning evidence: edge density outlier evidence (validation_edge_density_outlier_z=2.291); noise proxy outlier evidence (validation_noise_proxy_outlier_z=2.285). Manifest evidence note: moderate_outlier. Image may continue downstream, but this technical warning should be preserved in later reasoning.",retrieval_agent
patient00044/study1/view1_frontal.dcm,patient00044/study1,pass,0,0,,"No warning, critical, or severe quality evidence exceeded the configured thresholds.",retrieval_agent
patient00044/study3/view1_frontal.dcm,patient00044/study3,pass,0,0,,"No warning, critical, or severe quality evidence exceeded the configured thresholds.",retrieval_agent
patient00044/study4/view1_frontal.dcm,patient00044/study4,review_with_technical_warning,0,3,warning: ConvNeXt embedding outlier evidence (convnext_embedding_outlier_z=2.222); warning: intensity mean outlier evidence (validation_intensity_mean_outlier_z=2.686); warning: contrast proxy outlier evidence (validation_contrast_proxy_outlier_z=2.217),"Warning evidence: ConvNeXt embedding outlier evidence (convnext_embedding_outlier_z=2.222); intensity mean outlier evidence (validation_intensity_mean_outlier_z=2.686); contrast proxy outlier evidence (validation_contrast_proxy_outlier_z=2.217). Image may continue downstream, but this technical warning should be preserved in later reasoning.",retrieval_agent
patient00044/study2/view1_frontal.dcm,patient00044/study2,pass,0,0,,"No warning, critical, or severe quality evidence exceeded the configured thresholds.",retrieval_agent
patient00044/study5/view1_frontal.dcm,patient00044/study5,pass,0,0,,"No warning, critical, or severe quality evidence exceeded the configured thresholds.",retrieval_agent
patient00045/study1/view1_frontal.dcm,patient00045/study1,review_with_technical_warning,1,0,critical: intensity mean outlier evidence (validation_intensity_mean_outlier_z=3.809),"Critical evidence: intensity mean outlier evidence (validation_intensity_mean_outlier_z=3.809). Manifest evidence note: moderate_outlier. Image may continue downstream, but this technical warning should be preserved in later reasoning.",retrieval_agent
patient00045/study1/view2_lateral.dcm,patient00045/study1,review_with_technical_warning,1,1,critical: ConvNeXt embedding outlier evidence (convnext_embedding_outlier_z=3.062); warning: noise proxy outlier evidence (validation_noise_proxy_outlier_z=2.365),"Critical evidence: ConvNeXt embedding outlier evidence (convnext_embedding_outlier_z=3.062). Warning evidence: noise proxy outlier evidence (validation_noise_proxy_outlier_z=2.365). Image may continue downstream, but this technical warning should be preserved in later reasoning.",retrieval_agent
patient00048/study1/view1_frontal.dcm,patient00048/study1,review_with_technical_warning,0,1,warning: RAD-DINO patch variability outlier evidence (raddino_patch_variability_outlier_z=2.428),"Warning evidence: RAD-DINO patch variability outlier evidence (raddino_patch_variability_outlier_z=2.428). Image may continue downstream, but this technical warning should be preserved in later reasoning.",retrieval_agent
patient00049/study2/view1_frontal.dcm,patient00049/study2,review_with_technical_warning,1,0,critical: edge density outlier evidence (validation_edge_density_outlier_z=3.107),"Critical evidence: edge density outlier evidence (validation_edge_density_outlier_z=3.107). Image may continue downstream, but this technical warning should be preserved in later reasoning.",retrieval_agent
patient00049/study1/view1_frontal.dcm,patient00049/study1,pass,0,0,,"No warning, critical, or severe quality evidence exceeded the configured thresholds.",retrieval_agent
patient00049/study3/view1_frontal.dcm,patient00049/study3,fail,1,0,severe: edge density outlier evidence (validation_edge_density_outlier_z=7.421); critical: edge density outlier evidence (validation_edge_density_outlier_z=7.421),Severe evidence: edge density outlier evidence (validation_edge_density_outlier_z=7.421). Critical evidence: edge density outlier evidence (validation_edge_density_outlier_z=7.421). Manifest evidence note: extreme_outlier. Image is marked unreliable because it has either three or more critical quality flags or at least one severe quality outlier.,stop_unreliable
patient00055/study2/view1_frontal.dcm,patient00055/study2,review_with_technical_warning,1,1,critical: intensity mean outlier evidence (validation_intensity_mean_outlier_z=4.661); warning: edge density outlier evidence (validation_edge_density_outlier_z=2.216),"Critical evidence: intensity mean outlier evidence (validation_intensity_mean_outlier_z=4.661). Warning evidence: edge density outlier evidence (validation_edge_density_outlier_z=2.216). Manifest evidence note: moderate_outlier. Image may continue downstream, but this technical warning should be preserved in later reasoning.",retrieval_agent
patient00055/study2/view2_lateral.dcm,patient00055/study2,review_with_technical_warning,1,0,critical: edge density outlier evidence (validation_edge_density_outlier_z=3.578),"Critical evidence: edge density outlier evidence (validation_edge_density_outlier_z=3.578). Manifest evidence note: moderate_outlier. Image may continue downstream, but this technical warning should be preserved in later reasoning.",retrieval_agent
patient00055/study3/view1_frontal.dcm,patient00055/study3,pass,0,0,,"No warning, critical, or severe quality evidence exceeded the configured thresholds.",retrieval_agent
patient00055/study1/view1_frontal.dcm,patient00055/study1,pass,0,0,,"No warning, critical, or severe quality evidence exceeded the configured thresholds.",retrieval_agent
patient00058/study1/view1_frontal.dcm,patient00058/study1,review_with_technical_warning,2,4,critical: low entropy evidence (low_entropy_evidence_z=3.564); critical: entropy outlier evidence (validation_entropy_outlier_z=3.564); warning: low contrast evidence (low_contrast_evidence_z=2.481); warning: edge density outlier evidence (validation_edge_density_outlier_z=2.978); warning: intensity standard deviation outlier evidence (validation_intensity_std_outlier_z=2.566); warning: contrast proxy outlier evidence (validation_contrast_proxy_outlier_z=2.481),"Critical evidence: low entropy evidence (low_entropy_evidence_z=3.564); entropy outlier evidence (validation_entropy_outlier_z=3.564). Warning evidence: low contrast evidence (low_contrast_evidence_z=2.481); edge density outlier evidence (validation_edge_density_outlier_z=2.978); intensity standard deviation outlier evidence (validation_intensity_std_outlier_z=2.566); contrast proxy outlier evidence (validation_contrast_proxy_outlier_z=2.481). Manifest evidence note: moderate_outlier. Image may continue downstream, but this technical warning should be preserved in later reasoning.",retrieval_agent
patient00058/study1/view2_lateral.dcm,patient00058/study1,review_with_technical_warning,1,1,critical: ConvNeXt embedding outlier evidence (convnext_embedding_outlier_z=4.269); warning: RAD-DINO embedding outlier evidence (raddino_embedding_outlier_z=2.079),"Critical evidence: ConvNeXt embedding outlier evidence (convnext_embedding_outlier_z=4.269). Warning evidence: RAD-DINO embedding outlier evidence (raddino_embedding_outlier_z=2.079). Manifest evidence note: moderate_outlier. Image may continue downstream, but this technical warning should be preserved in later reasoning.",retrieval_agent
patient00064/study1/view1_frontal.dcm,patient00064/study1,pass,0,0,,"No warning, critical, or severe quality evidence exceeded the configured thresholds.",retrieval_agent
patient00067/study4/view1_frontal.dcm,patient00067/study4,pass,0,0,,"No warning, critical, or severe quality evidence exceeded the configured thresholds.",retrieval_agent
patient00067/study3/view1_frontal.dcm,patient00067/study3,pass,0,0,,"No warning, critical, or severe quality evidence exceeded the configured thresholds.",retrieval_agent
patient00067/study3/view2_lateral.dcm,patient00067/study3,fail,4,2,severe: RAD-DINO embedding outlier evidence (raddino_embedding_outlier_z=6.438); severe: edge density outlier evidence (validation_edge_density_outlier_z=71.579); critical: RAD-DINO embedding outlier evidence (raddino_embedding_outlier_z=6.438); critical: edge density outlier evidence (validation_edge_density_outlier_z=71.579); critical: intensity standard deviation outlier evidence (validation_intensity_std_outlier_z=5.089); critical: contrast proxy outlier evidence (validation_contrast_proxy_outlier_z=3.471); warning: ConvNeXt embedding outlier evidence (convnext_embedding_outlier_z=2.747); warning: entropy outlier evidence (validation_entropy_outlier_z=2.153),Severe evidence: RAD-DINO embedding outlier evidence (raddino_embedding_outlier_z=6.438); edge density outlier evidence (validation_edge_density_outlier_z=71.579). Critical evidence: RAD-DINO embedding outlier evidence (raddino_embedding_outlier_z=6.438); edge density outlier evidence (validation_edge_density_outlier_z=71.579); intensity standard deviation outlier evidence (validation_intensity_std_outlier_z=5.089); contrast proxy outlier evidence (validation_contrast_proxy_outlier_z=3.471). Warning evidence: ConvNeXt embedding outlier evidence (convnext_embedding_outlier_z=2.747); entropy outlier evidence (validation_entropy_outlier_z=2.153). Manifest evidence note: extreme_outlier. Image is marked unreliable because it has either three or more critical quality flags or at least one severe quality outlier.,stop_unreliable
patient00067/study1/view1_frontal.dcm,patient00067/study1,pass,0,0,,"No warning, critical, or severe quality evidence exceeded the configured thresholds.",retrieval_agent
patient00067/study2/view1_frontal.dcm,patient00067/study2,pass,0,0,,"No warning, critical, or severe quality evidence exceeded the configured thresholds.",retrieval_agent
patient00068/study1/view1_frontal.dcm,patient00068/study1,pass,0,0,,"No warning, critical, or severe quality evidence exceeded the configured thresholds.",retrieval_agent
patient00070/study1/view1_frontal.dcm,patient00070/study1,review_with_technical_warning,0,1,warning: ConvNeXt embedding outlier evidence (convnext_embedding_outlier_z=2.263),"Warning evidence: ConvNeXt embedding outlier evidence (convnext_embedding_outlier_z=2.263). Image may continue downstream, but this technical warning should be preserved in later reasoning.",retrieval_agent
patient00076/study1/view1_frontal.dcm,patient00076/study1,pass,0,0,,"No warning, critical, or severe quality evidence exceeded the configured thresholds.",retrieval_agent
patient00078/study6/view1_frontal.dcm,patient00078/study6,pass,0,0,,"No warning, critical, or severe quality evidence exceeded the configured thresholds.",retrieval_agent
patient00078/study7/view1_frontal.dcm,patient00078/study7,pass,0,0,,"No warning, critical, or severe quality evidence exceeded the configured thresholds.",retrieval_agent
patient00078/study9/view1_frontal.dcm,patient00078/study9,pass,0,0,,"No warning, critical, or severe quality evidence exceeded the configured thresholds.",retrieval_agent
patient00078/study5/view1_frontal.dcm,patient00078/study5,pass,0,0,,"No warning, critical, or severe quality evidence exceeded the configured thresholds.",retrieval_agent
patient00078/study4/view1_frontal.dcm,patient00078/study4,pass,0,0,,"No warning, critical, or severe quality evidence exceeded the configured thresholds.",retrieval_agent
patient00078/study1/view1_frontal.dcm,patient00078/study1,pass,0,0,,"No warning, critical, or severe quality evidence exceeded the configured thresholds.",retrieval_agent
patient00078/study8/view1_frontal.dcm,patient00078/study8,review_with_technical_warning,0,1,warning: RAD-DINO patch variability outlier evidence (raddino_patch_variability_outlier_z=2.099),"Warning evidence: RAD-DINO patch variability outlier evidence (raddino_patch_variability_outlier_z=2.099). Image may continue downstream, but this technical warning should be preserved in later reasoning.",retrieval_agent
patient00078/study3/view1_frontal.dcm,patient00078/study3,pass,0,0,,"No warning, critical, or severe quality evidence exceeded the configured thresholds.",retrieval_agent
patient00078/study2/view1_frontal.dcm,patient00078/study2,review_with_technical_warning,0,1,warning: edge density outlier evidence (validation_edge_density_outlier_z=2.114),"Warning evidence: edge density outlier evidence (validation_edge_density_outlier_z=2.114). Image may continue downstream, but this technical warning should be preserved in later reasoning.",retrieval_agent
patient00079/study1/view1_frontal.dcm,patient00079/study1,fail,2,3,severe: edge density outlier evidence (validation_edge_density_outlier_z=48.274); critical: edge density outlier evidence (validation_edge_density_outlier_z=48.274); critical: intensity standard deviation outlier evidence (validation_intensity_std_outlier_z=3.139); warning: intensity mean outlier evidence (validation_intensity_mean_outlier_z=2.261); warning: contrast proxy outlier evidence (validation_contrast_proxy_outlier_z=2.061); warning: entropy outlier evidence (validation_entropy_outlier_z=2.896),Severe evidence: edge density outlier evidence (validation_edge_density_outlier_z=48.274). Critical evidence: edge density outlier evidence (validation_edge_density_outlier_z=48.274); intensity standard deviation outlier evidence (validation_intensity_std_outlier_z=3.139). Warning evidence: intensity mean outlier evidence (validation_intensity_mean_outlier_z=2.261); contrast proxy outlier evidence (validation_contrast_proxy_outlier_z=2.061); entropy outlier evidence (validation_entropy_outlier_z=2.896). Manifest evidence note: extreme_outlier. Image is marked unreliable because it has either three or more critical quality flags or at least one severe quality outlier.,stop_unreliable
patient00079/study1/view2_lateral.dcm,patient00079/study1,fail,1,2,severe: edge density outlier evidence (validation_edge_density_outlier_z=17.243); critical: edge density outlier evidence (validation_edge_density_outlier_z=17.243); warning: intensity standard deviation outlier evidence (validation_intensity_std_outlier_z=2.837); warning: noise proxy outlier evidence (validation_noise_proxy_outlier_z=2.539),Severe evidence: edge density outlier evidence (validation_edge_density_outlier_z=17.243). Critical evidence: edge density outlier evidence (validation_edge_density_outlier_z=17.243). Warning evidence: intensity standard deviation outlier evidence (validation_intensity_std_outlier_z=2.837); noise proxy outlier evidence (validation_noise_proxy_outlier_z=2.539). Manifest evidence note: extreme_outlier. Image is marked unreliable because it has either three or more critical quality flags or at least one severe quality outlier.,stop_unreliable
patient00082/study1/view1_frontal.dcm,patient00082/study1,fail,4,2,critical: intensity mean outlier evidence (validation_intensity_mean_outlier_z=3.697); critical: intensity standard deviation outlier evidence (validation_intensity_std_outlier_z=5.636); critical: contrast proxy outlier evidence (validation_contrast_proxy_outlier_z=4.321); critical: entropy outlier evidence (validation_entropy_outlier_z=4.117); warning: high noise evidence (high_noise_evidence_z=2.192); warning: noise proxy outlier evidence (validation_noise_proxy_outlier_z=2.192),Critical evidence: intensity mean outlier evidence (validation_intensity_mean_outlier_z=3.697); intensity standard deviation outlier evidence (validation_intensity_std_outlier_z=5.636); contrast proxy outlier evidence (validation_contrast_proxy_outlier_z=4.321); entropy outlier evidence (validation_entropy_outlier_z=4.117). Warning evidence: high noise evidence (high_noise_evidence_z=2.192); noise proxy outlier evidence (validation_noise_proxy_outlier_z=2.192). Manifest evidence note: moderate_outlier. Image is marked unreliable because it has either three or more critical quality flags or at least one severe quality outlier.,stop_unreliable
patient00082/study1/view2_lateral.dcm,patient00082/study1,fail,3,0,critical: RAD-DINO embedding outlier evidence (raddino_embedding_outlier_z=3.010); critical: intensity standard deviation outlier evidence (validation_intensity_std_outlier_z=5.527); critical: contrast proxy outlier evidence (validation_contrast_proxy_outlier_z=3.305),Critical evidence: RAD-DINO embedding outlier evidence (raddino_embedding_outlier_z=3.010); intensity standard deviation outlier evidence (validation_intensity_std_outlier_z=5.527); contrast proxy outlier evidence (validation_contrast_proxy_outlier_z=3.305). Manifest evidence note: moderate_outlier. Image is marked unreliable because it has either three or more critical quality flags or at least one severe quality outlier.,stop_unreliable
patient00087/study3/view1_frontal.dcm,patient00087/study3,review_with_technical_warning,0,1,warning: edge density outlier evidence (validation_edge_density_outlier_z=2.323),"Warning evidence: edge density outlier evidence (validation_edge_density_outlier_z=2.323). Image may continue downstream, but this technical warning should be preserved in later reasoning.",retrieval_agent
patient00087/study3/view2_frontal.dcm,patient00087/study3,review_with_technical_warning,0,1,warning: edge density outlier evidence (validation_edge_density_outlier_z=2.290),"Warning evidence: edge density outlier evidence (validation_edge_density_outlier_z=2.290). Image may continue downstream, but this technical warning should be preserved in later reasoning.",retrieval_agent
patient00087/study3/view3_lateral.dcm,patient00087/study3,review_with_technical_warning,0,2,warning: ConvNeXt embedding outlier evidence (convnext_embedding_outlier_z=2.771); warning: edge density outlier evidence (validation_edge_density_outlier_z=2.388),"Warning evidence: ConvNeXt embedding outlier evidence (convnext_embedding_outlier_z=2.771); edge density outlier evidence (validation_edge_density_outlier_z=2.388). Image may continue downstream, but this technical warning should be preserved in later reasoning.",retrieval_agent
patient00087/study1/view1_frontal.dcm,patient00087/study1,pass,0,0,,"No warning, critical, or severe quality evidence exceeded the configured thresholds.",retrieval_agent
patient00087/study2/view1_frontal.dcm,patient00087/study2,pass,0,0,,"No warning, critical, or severe quality evidence exceeded the configured thresholds.",retrieval_agent
patient00089/study1/view1_frontal.dcm,patient00089/study1,fail,1,2,severe: edge density outlier evidence (validation_edge_density_outlier_z=31.577); critical: edge density outlier evidence (validation_edge_density_outlier_z=31.577); warning: noise proxy outlier evidence (validation_noise_proxy_outlier_z=2.134); warning: entropy outlier evidence (validation_entropy_outlier_z=2.230),Severe evidence: edge density outlier evidence (validation_edge_density_outlier_z=31.577). Critical evidence: edge density outlier evidence (validation_edge_density_outlier_z=31.577). Warning evidence: noise proxy outlier evidence (validation_noise_proxy_outlier_z=2.134); entropy outlier evidence (validation_entropy_outlier_z=2.230). Manifest evidence note: extreme_outlier. Image is marked unreliable because it has either three or more critical quality flags or at least one severe quality outlier.,stop_unreliable
patient00089/study1/view2_lateral.dcm,patient00089/study1,fail,4,3,severe: edge density outlier evidence (validation_edge_density_outlier_z=100.465); severe: intensity standard deviation outlier evidence (validation_intensity_std_outlier_z=8.516); critical: ConvNeXt embedding outlier evidence (convnext_embedding_outlier_z=4.304); critical: edge density outlier evidence (validation_edge_density_outlier_z=100.465); critical: intensity standard deviation outlier evidence (validation_intensity_std_outlier_z=8.516); critical: contrast proxy outlier evidence (validation_contrast_proxy_outlier_z=5.584); warning: RAD-DINO embedding outlier evidence (raddino_embedding_outlier_z=2.721); warning: intensity mean outlier evidence (validation_intensity_mean_outlier_z=2.183); warning: entropy outlier evidence (validation_entropy_outlier_z=2.495),Severe evidence: edge density outlier evidence (validation_edge_density_outlier_z=100.465); intensity standard deviation outlier evidence (validation_intensity_std_outlier_z=8.516). Critical evidence: ConvNeXt embedding outlier evidence (convnext_embedding_outlier_z=4.304); edge density outlier evidence (validation_edge_density_outlier_z=100.465); intensity standard deviation outlier evidence (validation_intensity_std_outlier_z=8.516); contrast proxy outlier evidence (validation_contrast_proxy_outlier_z=5.584). Warning evidence: RAD-DINO embedding outlier evidence (raddino_embedding_outlier_z=2.721); intensity mean outlier evidence (validation_intensity_mean_outlier_z=2.183); entropy outlier evidence (validation_entropy_outlier_z=2.495). Manifest evidence note: extreme_outlier. Image is marked unreliable because it has either three or more critical quality flags or at least one severe quality outlier.,stop_unreliable
patient00095/study1/view1_frontal.dcm,patient00095/study1,pass,0,0,,"No warning, critical, or severe quality evidence exceeded the configured thresholds.",retrieval_agent
patient00096/study1/view1_frontal.dcm,patient00096/study1,review_with_technical_warning,0,2,warning: edge density outlier evidence (validation_edge_density_outlier_z=2.066); warning: intensity mean outlier evidence (validation_intensity_mean_outlier_z=2.847),"Warning evidence: edge density outlier evidence (validation_edge_density_outlier_z=2.066); intensity mean outlier evidence (validation_intensity_mean_outlier_z=2.847). Image may continue downstream, but this technical warning should be preserved in later reasoning.",retrieval_agent
patient00096/study1/view2_lateral.dcm,patient00096/study1,review_with_technical_warning,2,2,critical: RAD-DINO embedding outlier evidence (raddino_embedding_outlier_z=3.539); critical: intensity standard deviation outlier evidence (validation_intensity_std_outlier_z=3.138); warning: edge density outlier evidence (validation_edge_density_outlier_z=2.154); warning: contrast proxy outlier evidence (validation_contrast_proxy_outlier_z=2.570),"Critical evidence: RAD-DINO embedding outlier evidence (raddino_embedding_outlier_z=3.539); intensity standard deviation outlier evidence (validation_intensity_std_outlier_z=3.138). Warning evidence: edge density outlier evidence (validation_edge_density_outlier_z=2.154); contrast proxy outlier evidence (validation_contrast_proxy_outlier_z=2.570). Manifest evidence note: moderate_outlier. Image may continue downstream, but this technical warning should be preserved in later reasoning.",retrieval_agent
patient00096/study2/view1_frontal.dcm,patient00096/study2,pass,0,0,,"No warning, critical, or severe quality evidence exceeded the configured thresholds.",retrieval_agent
patient00102/study1/view1_frontal.dcm,patient00102/study1,pass,0,0,,"No warning, critical, or severe quality evidence exceeded the configured thresholds.",retrieval_agent
patient00102/study3/view1_frontal.dcm,patient00102/study3,review_with_technical_warning,0,1,warning: contrast proxy outlier evidence (validation_contrast_proxy_outlier_z=2.692),"Warning evidence: contrast proxy outlier evidence (validation_contrast_proxy_outlier_z=2.692). Image may continue downstream, but this technical warning should be preserved in later reasoning.",retrieval_agent
patient00102/study2/view1_frontal.dcm,patient00102/study2,pass,0,0,,"No warning, critical, or severe quality evidence exceeded the configured thresholds.",retrieval_agent
patient00107/study1/view1_frontal.dcm,patient00107/study1,pass,0,0,,"No warning, critical, or severe quality evidence exceeded the configured thresholds.",retrieval_agent
patient00113/study1/view1_frontal.dcm,patient00113/study1,pass,0,0,,"No warning, critical, or severe quality evidence exceeded the configured thresholds.",retrieval_agent
patient00113/study2/view1_frontal.dcm,patient00113/study2,pass,0,0,,"No warning, critical, or severe quality evidence exceeded the configured thresholds.",retrieval_agent
patient00114/study5/view1_frontal.dcm,patient00114/study5,pass,0,0,,"No warning, critical, or severe quality evidence exceeded the configured thresholds.",retrieval_agent
patient00114/study10/view1_frontal.dcm,patient00114/study10,pass,0,0,,"No warning, critical, or severe quality evidence exceeded the configured thresholds.",retrieval_agent
patient00114/study15/view1_frontal.dcm,patient00114/study15,pass,0,0,,"No warning, critical, or severe quality evidence exceeded the configured thresholds.",retrieval_agent
patient00114/study16/view1_frontal.dcm,patient00114/study16,pass,0,0,,"No warning, critical, or severe quality evidence exceeded the configured thresholds.",retrieval_agent
patient00114/study20/view1_frontal.dcm,patient00114/study20,pass,0,0,,"No warning, critical, or severe quality evidence exceeded the configured thresholds.",retrieval_agent
patient00114/study3/view1_frontal.dcm,patient00114/study3,pass,0,0,,"No warning, critical, or severe quality evidence exceeded the configured thresholds.",retrieval_agent
patient00114/study17/view1_frontal.dcm,patient00114/study17,review_with_technical_warning,0,1,warning: intensity mean outlier evidence (validation_intensity_mean_outlier_z=2.408),"Warning evidence: intensity mean outlier evidence (validation_intensity_mean_outlier_z=2.408). Image may continue downstream, but this technical warning should be preserved in later reasoning.",retrieval_agent
patient00114/study13/view1_frontal.dcm,patient00114/study13,pass,0,0,,"No warning, critical, or severe quality evidence exceeded the configured thresholds.",retrieval_agent
patient00114/study19/view1_frontal.dcm,patient00114/study19,pass,0,0,,"No warning, critical, or severe quality evidence exceeded the configured thresholds.",retrieval_agent
patient00114/study7/view1_frontal.dcm,patient00114/study7,pass,0,0,,"No warning, critical, or severe quality evidence exceeded the configured thresholds.",retrieval_agent
patient00114/study2/view1_frontal.dcm,patient00114/study2,pass,0,0,,"No warning, critical, or severe quality evidence exceeded the configured thresholds.",retrieval_agent
patient00114/study12/view1_frontal.dcm,patient00114/study12,pass,0,0,,"No warning, critical, or severe quality evidence exceeded the configured thresholds.",retrieval_agent
patient00114/study9/view1_frontal.dcm,patient00114/study9,pass,0,0,,"No warning, critical, or severe quality evidence exceeded the configured thresholds.",retrieval_agent
patient00114/study1/view1_frontal.dcm,patient00114/study1,pass,0,0,,"No warning, critical, or severe quality evidence exceeded the configured thresholds.",retrieval_agent
patient00114/study6/view1_frontal.dcm,patient00114/study6,pass,0,0,,"No warning, critical, or severe quality evidence exceeded the configured thresholds.",retrieval_agent
patient00114/study18/view1_frontal.dcm,patient00114/study18,pass,0,0,,"No warning, critical, or severe quality evidence exceeded the configured thresholds.",retrieval_agent
patient00114/study4/view1_frontal.dcm,patient00114/study4,pass,0,0,,"No warning, critical, or severe quality evidence exceeded the configured thresholds.",retrieval_agent
patient00114/study8/view1_frontal.dcm,patient00114/study8,pass,0,0,,"No warning, critical, or severe quality evidence exceeded the configured thresholds.",retrieval_agent
patient00114/study14/view1_frontal.dcm,patient00114/study14,pass,0,0,,"No warning, critical, or severe quality evidence exceeded the configured thresholds.",retrieval_agent
patient00114/study11/view1_frontal.dcm,patient00114/study11,pass,0,0,,"No warning, critical, or severe quality evidence exceeded the configured thresholds.",retrieval_agent
patient00115/study1/view1_frontal.dcm,patient00115/study1,fail,7,0,severe: edge density outlier evidence (validation_edge_density_outlier_z=20.830); severe: intensity standard deviation outlier evidence (validation_intensity_std_outlier_z=6.820); critical: high noise evidence (high_noise_evidence_z=3.398); critical: edge density outlier evidence (validation_edge_density_outlier_z=20.830); critical: intensity mean outlier evidence (validation_intensity_mean_outlier_z=3.423); critical: intensity standard deviation outlier evidence (validation_intensity_std_outlier_z=6.820); critical: contrast proxy outlier evidence (validation_contrast_proxy_outlier_z=5.525); critical: noise proxy outlier evidence (validation_noise_proxy_outlier_z=3.398); critical: entropy outlier evidence (validation_entropy_outlier_z=4.575),Severe evidence: edge density outlier evidence (validation_edge_density_outlier_z=20.830); intensity standard deviation outlier evidence (validation_intensity_std_outlier_z=6.820). Critical evidence: high noise evidence (high_noise_evidence_z=3.398); edge density outlier evidence (validation_edge_density_outlier_z=20.830); intensity mean outlier evidence (validation_intensity_mean_outlier_z=3.423); intensity standard deviation outlier evidence (validation_intensity_std_outlier_z=6.820); contrast proxy outlier evidence (validation_contrast_proxy_outlier_z=5.525); noise proxy outlier evidence (validation_noise_proxy_outlier_z=3.398); entropy outlier evidence (validation_entropy_outlier_z=4.575). Manifest evidence note: extreme_outlier. Image is marked unreliable because it has either three or more critical quality flags or at least one severe quality outlier.,stop_unreliable
patient00115/study2/view1_frontal.dcm,patient00115/study2,pass,0,0,,"No warning, critical, or severe quality evidence exceeded the configured thresholds.",retrieval_agent
patient00120/study1/view1_frontal.dcm,patient00120/study1,pass,0,0,,"No warning, critical, or severe quality evidence exceeded the configured thresholds.",retrieval_agent
patient00121/study1/view1_frontal.dcm,patient00121/study1,review_with_technical_warning,1,0,critical: RAD-DINO embedding outlier evidence (raddino_embedding_outlier_z=3.361),"Critical evidence: RAD-DINO embedding outlier evidence (raddino_embedding_outlier_z=3.361). Image may continue downstream, but this technical warning should be preserved in later reasoning.",retrieval_agent
patient00122/study3/view1_frontal.dcm,patient00122/study3,review_with_technical_warning,1,0,critical: intensity mean outlier evidence (validation_intensity_mean_outlier_z=5.189),"Critical evidence: intensity mean outlier evidence (validation_intensity_mean_outlier_z=5.189). Manifest evidence note: moderate_outlier. Image may continue downstream, but this technical warning should be preserved in later reasoning.",retrieval_agent
patient00122/study3/view2_lateral.dcm,patient00122/study3,review_with_technical_warning,1,4,critical: ConvNeXt embedding outlier evidence (convnext_embedding_outlier_z=4.947); warning: low entropy evidence (low_entropy_evidence_z=2.226); warning: RAD-DINO embedding outlier evidence (raddino_embedding_outlier_z=2.530); warning: edge density outlier evidence (validation_edge_density_outlier_z=2.977); warning: entropy outlier evidence (validation_entropy_outlier_z=2.226),"Critical evidence: ConvNeXt embedding outlier evidence (convnext_embedding_outlier_z=4.947). Warning evidence: low entropy evidence (low_entropy_evidence_z=2.226); RAD-DINO embedding outlier evidence (raddino_embedding_outlier_z=2.530); edge density outlier evidence (validation_edge_density_outlier_z=2.977); entropy outlier evidence (validation_entropy_outlier_z=2.226). Manifest evidence note: moderate_outlier. Image may continue downstream, but this technical warning should be preserved in later reasoning.",retrieval_agent
patient00122/study5/view1_frontal.dcm,patient00122/study5,review_with_technical_warning,0,1,warning: contrast proxy outlier evidence (validation_contrast_proxy_outlier_z=2.132),"Warning evidence: contrast proxy outlier evidence (validation_contrast_proxy_outlier_z=2.132). Image may continue downstream, but this technical warning should be preserved in later reasoning.",retrieval_agent
patient00122/study1/view1_frontal.dcm,patient00122/study1,review_with_technical_warning,0,6,warning: low contrast evidence (low_contrast_evidence_z=2.208); warning: low entropy evidence (low_entropy_evidence_z=2.870); warning: edge density outlier evidence (validation_edge_density_outlier_z=2.355); warning: contrast proxy outlier evidence (validation_contrast_proxy_outlier_z=2.208); warning: noise proxy outlier evidence (validation_noise_proxy_outlier_z=2.207); warning: entropy outlier evidence (validation_entropy_outlier_z=2.870),"Warning evidence: low contrast evidence (low_contrast_evidence_z=2.208); low entropy evidence (low_entropy_evidence_z=2.870); edge density outlier evidence (validation_edge_density_outlier_z=2.355); contrast proxy outlier evidence (validation_contrast_proxy_outlier_z=2.208); noise proxy outlier evidence (validation_noise_proxy_outlier_z=2.207); entropy outlier evidence (validation_entropy_outlier_z=2.870). Image may continue downstream, but this technical warning should be preserved in later reasoning.",retrieval_agent
patient00122/study4/view1_frontal.dcm,patient00122/study4,pass,0,0,,"No warning, critical, or severe quality evidence exceeded the configured thresholds.",retrieval_agent
patient00122/study8/view1_frontal.dcm,patient00122/study8,pass,0,0,,"No warning, critical, or severe quality evidence exceeded the configured thresholds.",retrieval_agent
patient00122/study2/view1_frontal.dcm,patient00122/study2,fail,3,1,critical: high noise evidence (high_noise_evidence_z=3.799); critical: edge density outlier evidence (validation_edge_density_outlier_z=3.567); critical: noise proxy outlier evidence (validation_noise_proxy_outlier_z=3.799); warning: RAD-DINO patch variability outlier evidence (raddino_patch_variability_outlier_z=2.305),Critical evidence: high noise evidence (high_noise_evidence_z=3.799); edge density outlier evidence (validation_edge_density_outlier_z=3.567); noise proxy outlier evidence (validation_noise_proxy_outlier_z=3.799). Warning evidence: RAD-DINO patch variability outlier evidence (raddino_patch_variability_outlier_z=2.305). Manifest evidence note: moderate_outlier. Image is marked unreliable because it has either three or more critical quality flags or at least one severe quality outlier.,stop_unreliable
patient00122/study7/view1_frontal.dcm,patient00122/study7,pass,0,0,,"No warning, critical, or severe quality evidence exceeded the configured thresholds.",retrieval_agent
patient00122/study6/view1_frontal.dcm,patient00122/study6,pass,0,0,,"No warning, critical, or severe quality evidence exceeded the configured thresholds.",retrieval_agent
patient00124/study6/view1_frontal.dcm,patient00124/study6,pass,0,0,,"No warning, critical, or severe quality evidence exceeded the configured thresholds.",retrieval_agent
patient00124/study4/view1_frontal.dcm,patient00124/study4,pass,0,0,,"No warning, critical, or severe quality evidence exceeded the configured thresholds.",retrieval_agent
patient00124/study2/view1_frontal.dcm,patient00124/study2,pass,0,0,,"No warning, critical, or severe quality evidence exceeded the configured thresholds.",retrieval_agent
patient00124/study3/view1_frontal.dcm,patient00124/study3,pass,0,0,,"No warning, critical, or severe quality evidence exceeded the configured thresholds.",retrieval_agent
patient00124/study5/view1_frontal.dcm,patient00124/study5,pass,0,0,,"No warning, critical, or severe quality evidence exceeded the configured thresholds.",retrieval_agent
patient00124/study1/view1_frontal.dcm,patient00124/study1,pass,0,0,,"No warning, critical, or severe quality evidence exceeded the configured thresholds.",retrieval_agent
patient00124/study7/view1_frontal.dcm,patient00124/study7,fail,3,1,critical: intensity standard deviation outlier evidence (validation_intensity_std_outlier_z=4.636); critical: contrast proxy outlier evidence (validation_contrast_proxy_outlier_z=4.055); critical: entropy outlier evidence (validation_entropy_outlier_z=3.302); warning: edge density outlier evidence (validation_edge_density_outlier_z=2.873),Critical evidence: intensity standard deviation outlier evidence (validation_intensity_std_outlier_z=4.636); contrast proxy outlier evidence (validation_contrast_proxy_outlier_z=4.055); entropy outlier evidence (validation_entropy_outlier_z=3.302). Warning evidence: edge density outlier evidence (validation_edge_density_outlier_z=2.873). Manifest evidence note: moderate_outlier. Image is marked unreliable because it has either three or more critical quality flags or at least one severe quality outlier.,stop_unreliable
patient00124/study7/view2_lateral.dcm,patient00124/study7,fail,2,3,severe: edge density outlier evidence (validation_edge_density_outlier_z=17.864); critical: edge density outlier evidence (validation_edge_density_outlier_z=17.864); critical: intensity standard deviation outlier evidence (validation_intensity_std_outlier_z=4.168); warning: ConvNeXt embedding outlier evidence (convnext_embedding_outlier_z=2.508); warning: contrast proxy outlier evidence (validation_contrast_proxy_outlier_z=2.665); warning: entropy outlier evidence (validation_entropy_outlier_z=2.076),Severe evidence: edge density outlier evidence (validation_edge_density_outlier_z=17.864). Critical evidence: edge density outlier evidence (validation_edge_density_outlier_z=17.864); intensity standard deviation outlier evidence (validation_intensity_std_outlier_z=4.168). Warning evidence: ConvNeXt embedding outlier evidence (convnext_embedding_outlier_z=2.508); contrast proxy outlier evidence (validation_contrast_proxy_outlier_z=2.665); entropy outlier evidence (validation_entropy_outlier_z=2.076). Manifest evidence note: extreme_outlier. Image is marked unreliable because it has either three or more critical quality flags or at least one severe quality outlier.,stop_unreliable
patient00125/study1/view1_frontal.dcm,patient00125/study1,fail,3,2,severe: edge density outlier evidence (validation_edge_density_outlier_z=98.841); critical: edge density outlier evidence (validation_edge_density_outlier_z=98.841); critical: intensity standard deviation outlier evidence (validation_intensity_std_outlier_z=3.353); critical: entropy outlier evidence (validation_entropy_outlier_z=3.400); warning: intensity mean outlier evidence (validation_intensity_mean_outlier_z=2.579); warning: contrast proxy outlier evidence (validation_contrast_proxy_outlier_z=2.720),Severe evidence: edge density outlier evidence (validation_edge_density_outlier_z=98.841). Critical evidence: edge density outlier evidence (validation_edge_density_outlier_z=98.841); intensity standard deviation outlier evidence (validation_intensity_std_outlier_z=3.353); entropy outlier evidence (validation_entropy_outlier_z=3.400). Warning evidence: intensity mean outlier evidence (validation_intensity_mean_outlier_z=2.579); contrast proxy outlier evidence (validation_contrast_proxy_outlier_z=2.720). Manifest evidence note: extreme_outlier. Image is marked unreliable because it has either three or more critical quality flags or at least one severe quality outlier.,stop_unreliable
patient00125/study1/view2_lateral.dcm,patient00125/study1,fail,3,2,severe: edge density outlier evidence (validation_edge_density_outlier_z=101.840); critical: edge density outlier evidence (validation_edge_density_outlier_z=101.840); critical: intensity standard deviation outlier evidence (validation_intensity_std_outlier_z=5.521); critical: contrast proxy outlier evidence (validation_contrast_proxy_outlier_z=4.109); warning: ConvNeXt embedding outlier evidence (convnext_embedding_outlier_z=2.337); warning: entropy outlier evidence (validation_entropy_outlier_z=2.442),Severe evidence: edge density outlier evidence (validation_edge_density_outlier_z=101.840). Critical evidence: edge density outlier evidence (validation_edge_density_outlier_z=101.840); intensity standard deviation outlier evidence (validation_intensity_std_outlier_z=5.521); contrast proxy outlier evidence (validation_contrast_proxy_outlier_z=4.109). Warning evidence: ConvNeXt embedding outlier evidence (convnext_embedding_outlier_z=2.337); entropy outlier evidence (validation_entropy_outlier_z=2.442). Manifest evidence note: extreme_outlier. Image is marked unreliable because it has either three or more critical quality flags or at least one severe quality outlier.,stop_unreliable
patient00126/study1/view1_frontal.dcm,patient00126/study1,pass,0,0,,"No warning, critical, or severe quality evidence exceeded the configured thresholds.",retrieval_agent
patient00127/study1/view1_frontal.dcm,patient00127/study1,fail,3,2,severe: edge density outlier evidence (validation_edge_density_outlier_z=29.617); critical: edge density outlier evidence (validation_edge_density_outlier_z=29.617); critical: intensity standard deviation outlier evidence (validation_intensity_std_outlier_z=4.104); critical: entropy outlier evidence (validation_entropy_outlier_z=3.285); warning: intensity mean outlier evidence (validation_intensity_mean_outlier_z=2.559); warning: contrast proxy outlier evidence (validation_contrast_proxy_outlier_z=2.962),Severe evidence: edge density outlier evidence (validation_edge_density_outlier_z=29.617). Critical evidence: edge density outlier evidence (validation_edge_density_outlier_z=29.617); intensity standard deviation outlier evidence (validation_intensity_std_outlier_z=4.104); entropy outlier evidence (validation_entropy_outlier_z=3.285). Warning evidence: intensity mean outlier evidence (validation_intensity_mean_outlier_z=2.559); contrast proxy outlier evidence (validation_contrast_proxy_outlier_z=2.962). Manifest evidence note: extreme_outlier. Image is marked unreliable because it has either three or more critical quality flags or at least one severe quality outlier.,stop_unreliable
patient00129/study1/view1_frontal.dcm,patient00129/study1,fail,1,0,severe: edge density outlier evidence (validation_edge_density_outlier_z=7.037); critical: edge density outlier evidence (validation_edge_density_outlier_z=7.037),Severe evidence: edge density outlier evidence (validation_edge_density_outlier_z=7.037). Critical evidence: edge density outlier evidence (validation_edge_density_outlier_z=7.037). Manifest evidence note: extreme_outlier. Image is marked unreliable because it has either three or more critical quality flags or at least one severe quality outlier.,stop_unreliable
patient00133/study1/view1_frontal.dcm,patient00133/study1,review_with_technical_warning,1,3,critical: intensity mean outlier evidence (validation_intensity_mean_outlier_z=5.407); warning: RAD-DINO patch variability outlier evidence (raddino_patch_variability_outlier_z=2.436); warning: intensity standard deviation outlier evidence (validation_intensity_std_outlier_z=2.318); warning: contrast proxy outlier evidence (validation_contrast_proxy_outlier_z=2.865),"Critical evidence: intensity mean outlier evidence (validation_intensity_mean_outlier_z=5.407). Warning evidence: RAD-DINO patch variability outlier evidence (raddino_patch_variability_outlier_z=2.436); intensity standard deviation outlier evidence (validation_intensity_std_outlier_z=2.318); contrast proxy outlier evidence (validation_contrast_proxy_outlier_z=2.865). Manifest evidence note: moderate_outlier. Image may continue downstream, but this technical warning should be preserved in later reasoning.",retrieval_agent
patient00133/study1/view2_lateral.dcm,patient00133/study1,review_with_technical_warning,0,2,warning: ConvNeXt embedding outlier evidence (convnext_embedding_outlier_z=2.612); warning: RAD-DINO embedding outlier evidence (raddino_embedding_outlier_z=2.480),"Warning evidence: ConvNeXt embedding outlier evidence (convnext_embedding_outlier_z=2.612); RAD-DINO embedding outlier evidence (raddino_embedding_outlier_z=2.480). Image may continue downstream, but this technical warning should be preserved in later reasoning.",retrieval_agent
patient00134/study4/view1_frontal.dcm,patient00134/study4,review_with_technical_warning,2,1,critical: edge density outlier evidence (validation_edge_density_outlier_z=4.617); critical: contrast proxy outlier evidence (validation_contrast_proxy_outlier_z=3.202); warning: intensity standard deviation outlier evidence (validation_intensity_std_outlier_z=2.615),"Critical evidence: edge density outlier evidence (validation_edge_density_outlier_z=4.617); contrast proxy outlier evidence (validation_contrast_proxy_outlier_z=3.202). Warning evidence: intensity standard deviation outlier evidence (validation_intensity_std_outlier_z=2.615). Manifest evidence note: moderate_outlier. Image may continue downstream, but this technical warning should be preserved in later reasoning.",retrieval_agent
patient00134/study2/view1_frontal.dcm,patient00134/study2,fail,1,0,severe: edge density outlier evidence (validation_edge_density_outlier_z=8.323); critical: edge density outlier evidence (validation_edge_density_outlier_z=8.323),Severe evidence: edge density outlier evidence (validation_edge_density_outlier_z=8.323). Critical evidence: edge density outlier evidence (validation_edge_density_outlier_z=8.323). Manifest evidence note: extreme_outlier. Image is marked unreliable because it has either three or more critical quality flags or at least one severe quality outlier.,stop_unreliable
patient00134/study5/view1_frontal.dcm,patient00134/study5,review_with_technical_warning,2,4,critical: low entropy evidence (low_entropy_evidence_z=3.319); critical: entropy outlier evidence (validation_entropy_outlier_z=3.319); warning: low contrast evidence (low_contrast_evidence_z=2.157); warning: intensity standard deviation outlier evidence (validation_intensity_std_outlier_z=2.346); warning: contrast proxy outlier evidence (validation_contrast_proxy_outlier_z=2.157); warning: noise proxy outlier evidence (validation_noise_proxy_outlier_z=2.520),"Critical evidence: low entropy evidence (low_entropy_evidence_z=3.319); entropy outlier evidence (validation_entropy_outlier_z=3.319). Warning evidence: low contrast evidence (low_contrast_evidence_z=2.157); intensity standard deviation outlier evidence (validation_intensity_std_outlier_z=2.346); contrast proxy outlier evidence (validation_contrast_proxy_outlier_z=2.157); noise proxy outlier evidence (validation_noise_proxy_outlier_z=2.520). Image may continue downstream, but this technical warning should be preserved in later reasoning.",retrieval_agent
patient00134/study5/view2_lateral.dcm,patient00134/study5,review_with_technical_warning,2,0,critical: ConvNeXt embedding outlier evidence (convnext_embedding_outlier_z=3.027); critical: RAD-DINO embedding outlier evidence (raddino_embedding_outlier_z=3.108),"Critical evidence: ConvNeXt embedding outlier evidence (convnext_embedding_outlier_z=3.027); RAD-DINO embedding outlier evidence (raddino_embedding_outlier_z=3.108). Image may continue downstream, but this technical warning should be preserved in later reasoning.",retrieval_agent
patient00134/study6/view1_frontal.dcm,patient00134/study6,fail,1,0,severe: edge density outlier evidence (validation_edge_density_outlier_z=7.923); critical: edge density outlier evidence (validation_edge_density_outlier_z=7.923),Severe evidence: edge density outlier evidence (validation_edge_density_outlier_z=7.923). Critical evidence: edge density outlier evidence (validation_edge_density_outlier_z=7.923). Manifest evidence note: extreme_outlier. Image is marked unreliable because it has either three or more critical quality flags or at least one severe quality outlier.,stop_unreliable
patient00134/study1/view1_frontal.dcm,patient00134/study1,fail,1,0,severe: intensity mean outlier evidence (validation_intensity_mean_outlier_z=6.986); critical: intensity mean outlier evidence (validation_intensity_mean_outlier_z=6.986),Severe evidence: intensity mean outlier evidence (validation_intensity_mean_outlier_z=6.986). Critical evidence: intensity mean outlier evidence (validation_intensity_mean_outlier_z=6.986). Manifest evidence note: extreme_outlier. Image is marked unreliable because it has either three or more critical quality flags or at least one severe quality outlier.,stop_unreliable
patient00134/study1/view2_lateral.dcm,patient00134/study1,review_with_technical_warning,2,2,critical: ConvNeXt embedding outlier evidence (convnext_embedding_outlier_z=3.765); critical: edge density outlier evidence (validation_edge_density_outlier_z=3.107); warning: RAD-DINO embedding outlier evidence (raddino_embedding_outlier_z=2.645); warning: RAD-DINO patch variability outlier evidence (raddino_patch_variability_outlier_z=2.188),"Critical evidence: ConvNeXt embedding outlier evidence (convnext_embedding_outlier_z=3.765); edge density outlier evidence (validation_edge_density_outlier_z=3.107). Warning evidence: RAD-DINO embedding outlier evidence (raddino_embedding_outlier_z=2.645); RAD-DINO patch variability outlier evidence (raddino_patch_variability_outlier_z=2.188). Manifest evidence note: moderate_outlier. Image may continue downstream, but this technical warning should be preserved in later reasoning.",retrieval_agent
patient00134/study7/view1_frontal.dcm,patient00134/study7,fail,1,0,severe: edge density outlier evidence (validation_edge_density_outlier_z=7.390); critical: edge density outlier evidence (validation_edge_density_outlier_z=7.390),Severe evidence: edge density outlier evidence (validation_edge_density_outlier_z=7.390). Critical evidence: edge density outlier evidence (validation_edge_density_outlier_z=7.390). Manifest evidence note: extreme_outlier. Image is marked unreliable because it has either three or more critical quality flags or at least one severe quality outlier.,stop_unreliable
patient00134/study3/view1_frontal.dcm,patient00134/study3,fail,1,0,severe: edge density outlier evidence (validation_edge_density_outlier_z=8.827); critical: edge density outlier evidence (validation_edge_density_outlier_z=8.827),Severe evidence: edge density outlier evidence (validation_edge_density_outlier_z=8.827). Critical evidence: edge density outlier evidence (validation_edge_density_outlier_z=8.827). Manifest evidence note: extreme_outlier. Image is marked unreliable because it has either three or more critical quality flags or at least one severe quality outlier.,stop_unreliable
patient00136/study3/view1_frontal.dcm,patient00136/study3,pass,0,0,,"No warning, critical, or severe quality evidence exceeded the configured thresholds.",retrieval_agent
patient00136/study1/view1_frontal.dcm,patient00136/study1,fail,2,3,severe: edge density outlier evidence (validation_edge_density_outlier_z=19.297); critical: edge density outlier evidence (validation_edge_density_outlier_z=19.297); critical: contrast proxy outlier evidence (validation_contrast_proxy_outlier_z=3.272); warning: RAD-DINO patch variability outlier evidence (raddino_patch_variability_outlier_z=2.713); warning: intensity mean outlier evidence (validation_intensity_mean_outlier_z=2.863); warning: intensity standard deviation outlier evidence (validation_intensity_std_outlier_z=2.866),Severe evidence: edge density outlier evidence (validation_edge_density_outlier_z=19.297). Critical evidence: edge density outlier evidence (validation_edge_density_outlier_z=19.297); contrast proxy outlier evidence (validation_contrast_proxy_outlier_z=3.272). Warning evidence: RAD-DINO patch variability outlier evidence (raddino_patch_variability_outlier_z=2.713); intensity mean outlier evidence (validation_intensity_mean_outlier_z=2.863); intensity standard deviation outlier evidence (validation_intensity_std_outlier_z=2.866). Manifest evidence note: extreme_outlier. Image is marked unreliable because it has either three or more critical quality flags or at least one severe quality outlier.,stop_unreliable
patient00136/study1/view2_lateral.dcm,patient00136/study1,review_with_technical_warning,1,1,critical: ConvNeXt embedding outlier evidence (convnext_embedding_outlier_z=3.589); warning: RAD-DINO embedding outlier evidence (raddino_embedding_outlier_z=2.209),"Critical evidence: ConvNeXt embedding outlier evidence (convnext_embedding_outlier_z=3.589). Warning evidence: RAD-DINO embedding outlier evidence (raddino_embedding_outlier_z=2.209). Manifest evidence note: moderate_outlier. Image may continue downstream, but this technical warning should be preserved in later reasoning.",retrieval_agent
patient00136/study2/view1_frontal.dcm,patient00136/study2,pass,0,0,,"No warning, critical, or severe quality evidence exceeded the configured thresholds.",retrieval_agent
patient00136/study2/view2_frontal.dcm,patient00136/study2,review_with_technical_warning,0,1,warning: RAD-DINO embedding outlier evidence (raddino_embedding_outlier_z=2.786),"Warning evidence: RAD-DINO embedding outlier evidence (raddino_embedding_outlier_z=2.786). Image may continue downstream, but this technical warning should be preserved in later reasoning.",retrieval_agent
patient00138/study2/view1_frontal.dcm,patient00138/study2,review_with_technical_warning,0,2,warning: low entropy evidence (low_entropy_evidence_z=2.217); warning: entropy outlier evidence (validation_entropy_outlier_z=2.217),"Warning evidence: low entropy evidence (low_entropy_evidence_z=2.217); entropy outlier evidence (validation_entropy_outlier_z=2.217). Image may continue downstream, but this technical warning should be preserved in later reasoning.",retrieval_agent
patient00138/study6/view1_frontal.dcm,patient00138/study6,pass,0,0,,"No warning, critical, or severe quality evidence exceeded the configured thresholds.",retrieval_agent
patient00138/study5/view1_frontal.dcm,patient00138/study5,review_with_technical_warning,2,4,critical: low entropy evidence (low_entropy_evidence_z=3.948); critical: entropy outlier evidence (validation_entropy_outlier_z=3.948); warning: low contrast evidence (low_contrast_evidence_z=2.528); warning: intensity standard deviation outlier evidence (validation_intensity_std_outlier_z=2.732); warning: contrast proxy outlier evidence (validation_contrast_proxy_outlier_z=2.528); warning: noise proxy outlier evidence (validation_noise_proxy_outlier_z=2.258),"Critical evidence: low entropy evidence (low_entropy_evidence_z=3.948); entropy outlier evidence (validation_entropy_outlier_z=3.948). Warning evidence: low contrast evidence (low_contrast_evidence_z=2.528); intensity standard deviation outlier evidence (validation_intensity_std_outlier_z=2.732); contrast proxy outlier evidence (validation_contrast_proxy_outlier_z=2.528); noise proxy outlier evidence (validation_noise_proxy_outlier_z=2.258). Manifest evidence note: moderate_outlier. Image may continue downstream, but this technical warning should be preserved in later reasoning.",retrieval_agent
patient00138/study5/view2_lateral.dcm,patient00138/study5,review_with_technical_warning,1,1,critical: ConvNeXt embedding outlier evidence (convnext_embedding_outlier_z=3.586); warning: RAD-DINO embedding outlier evidence (raddino_embedding_outlier_z=2.367),"Critical evidence: ConvNeXt embedding outlier evidence (convnext_embedding_outlier_z=3.586). Warning evidence: RAD-DINO embedding outlier evidence (raddino_embedding_outlier_z=2.367). Manifest evidence note: moderate_outlier. Image may continue downstream, but this technical warning should be preserved in later reasoning.",retrieval_agent
patient00138/study3/view1_frontal.dcm,patient00138/study3,review_with_technical_warning,0,1,warning: intensity mean outlier evidence (validation_intensity_mean_outlier_z=2.034),"Warning evidence: intensity mean outlier evidence (validation_intensity_mean_outlier_z=2.034). Image may continue downstream, but this technical warning should be preserved in later reasoning.",retrieval_agent
patient00138/study1/view1_frontal.dcm,patient00138/study1,pass,0,0,,"No warning, critical, or severe quality evidence exceeded the configured thresholds.",retrieval_agent
patient00138/study4/view1_frontal.dcm,patient00138/study4,pass,0,0,,"No warning, critical, or severe quality evidence exceeded the configured thresholds.",retrieval_agent
patient00138/study8/view1_frontal.dcm,patient00138/study8,pass,0,0,,"No warning, critical, or severe quality evidence exceeded the configured thresholds.",retrieval_agent
patient00138/study7/view1_frontal.dcm,patient00138/study7,pass,0,0,,"No warning, critical, or severe quality evidence exceeded the configured thresholds.",retrieval_agent
patient00146/study18/view1_frontal.dcm,patient00146/study18,pass,0,0,,"No warning, critical, or severe quality evidence exceeded the configured thresholds.",retrieval_agent
patient00146/study13/view1_frontal.dcm,patient00146/study13,pass,0,0,,"No warning, critical, or severe quality evidence exceeded the configured thresholds.",retrieval_agent
patient00146/study30/view1_frontal.dcm,patient00146/study30,pass,0,0,,"No warning, critical, or severe quality evidence exceeded the configured thresholds.",retrieval_agent
patient00146/study21/view1_frontal.dcm,patient00146/study21,pass,0,0,,"No warning, critical, or severe quality evidence exceeded the configured thresholds.",retrieval_agent
patient00146/study16/view1_frontal.dcm,patient00146/study16,pass,0,0,,"No warning, critical, or severe quality evidence exceeded the configured thresholds.",retrieval_agent
patient00146/study19/view1_frontal.dcm,patient00146/study19,pass,0,0,,"No warning, critical, or severe quality evidence exceeded the configured thresholds.",retrieval_agent
patient00146/study2/view1_frontal.dcm,patient00146/study2,pass,0,0,,"No warning, critical, or severe quality evidence exceeded the configured thresholds.",retrieval_agent
patient00146/study14/view1_frontal.dcm,patient00146/study14,pass,0,0,,"No warning, critical, or severe quality evidence exceeded the configured thresholds.",retrieval_agent
patient00146/study27/view1_frontal.dcm,patient00146/study27,pass,0,0,,"No warning, critical, or severe quality evidence exceeded the configured thresholds.",retrieval_agent
patient00146/study1/view1_frontal.dcm,patient00146/study1,pass,0,0,,"No warning, critical, or severe quality evidence exceeded the configured thresholds.",retrieval_agent
patient00146/study9/view1_frontal.dcm,patient00146/study9,pass,0,0,,"No warning, critical, or severe quality evidence exceeded the configured thresholds.",retrieval_agent
patient00146/study25/view1_frontal.dcm,patient00146/study25,pass,0,0,,"No warning, critical, or severe quality evidence exceeded the configured thresholds.",retrieval_agent
patient00146/study31/view1_frontal.dcm,patient00146/study31,pass,0,0,,"No warning, critical, or severe quality evidence exceeded the configured thresholds.",retrieval_agent
patient00146/study26/view1_frontal.dcm,patient00146/study26,pass,0,0,,"No warning, critical, or severe quality evidence exceeded the configured thresholds.",retrieval_agent
patient00146/study29/view1_frontal.dcm,patient00146/study29,pass,0,0,,"No warning, critical, or severe quality evidence exceeded the configured thresholds.",retrieval_agent
patient00146/study8/view1_frontal.dcm,patient00146/study8,pass,0,0,,"No warning, critical, or severe quality evidence exceeded the configured thresholds.",retrieval_agent
patient00146/study4/view1_frontal.dcm,patient00146/study4,pass,0,0,,"No warning, critical, or severe quality evidence exceeded the configured thresholds.",retrieval_agent
patient00146/study6/view1_frontal.dcm,patient00146/study6,pass,0,0,,"No warning, critical, or severe quality evidence exceeded the configured thresholds.",retrieval_agent
patient00146/study12/view1_frontal.dcm,patient00146/study12,pass,0,0,,"No warning, critical, or severe quality evidence exceeded the configured thresholds.",retrieval_agent
patient00146/study28/view1_frontal.dcm,patient00146/study28,pass,0,0,,"No warning, critical, or severe quality evidence exceeded the configured thresholds.",retrieval_agent
patient00146/study3/view1_frontal.dcm,patient00146/study3,pass,0,0,,"No warning, critical, or severe quality evidence exceeded the configured thresholds.",retrieval_agent
patient00146/study20/view1_frontal.dcm,patient00146/study20,pass,0,0,,"No warning, critical, or severe quality evidence exceeded the configured thresholds.",retrieval_agent
patient00146/study22/view1_frontal.dcm,patient00146/study22,pass,0,0,,"No warning, critical, or severe quality evidence exceeded the configured thresholds.",retrieval_agent
patient00146/study10/view1_frontal.dcm,patient00146/study10,pass,0,0,,"No warning, critical, or severe quality evidence exceeded the configured thresholds.",retrieval_agent
patient00146/study7/view1_frontal.dcm,patient00146/study7,fail,1,0,severe: edge density outlier evidence (validation_edge_density_outlier_z=13.038); critical: edge density outlier evidence (validation_edge_density_outlier_z=13.038),Severe evidence: edge density outlier evidence (validation_edge_density_outlier_z=13.038). Critical evidence: edge density outlier evidence (validation_edge_density_outlier_z=13.038). Manifest evidence note: extreme_outlier. Image is marked unreliable because it has either three or more critical quality flags or at least one severe quality outlier.,stop_unreliable
patient00146/study23/view1_frontal.dcm,patient00146/study23,pass,0,0,,"No warning, critical, or severe quality evidence exceeded the configured thresholds.",retrieval_agent
patient00146/study5/view1_frontal.dcm,patient00146/study5,pass,0,0,,"No warning, critical, or severe quality evidence exceeded the configured thresholds.",retrieval_agent
patient00146/study11/view1_frontal.dcm,patient00146/study11,pass,0,0,,"No warning, critical, or severe quality evidence exceeded the configured thresholds.",retrieval_agent
patient00146/study15/view1_frontal.dcm,patient00146/study15,pass,0,0,,"No warning, critical, or severe quality evidence exceeded the configured thresholds.",retrieval_agent
patient00146/study24/view1_frontal.dcm,patient00146/study24,pass,0,0,,"No warning, critical, or severe quality evidence exceeded the configured thresholds.",retrieval_agent
patient00146/study17/view1_frontal.dcm,patient00146/study17,pass,0,0,,"No warning, critical, or severe quality evidence exceeded the configured thresholds.",retrieval_agent
patient00147/study1/view1_frontal.dcm,patient00147/study1,review_with_technical_warning,0,2,warning: low entropy evidence (low_entropy_evidence_z=2.403); warning: entropy outlier evidence (validation_entropy_outlier_z=2.403),"Warning evidence: low entropy evidence (low_entropy_evidence_z=2.403); entropy outlier evidence (validation_entropy_outlier_z=2.403). Image may continue downstream, but this technical warning should be preserved in later reasoning.",retrieval_agent
patient00147/study9/view1_frontal.dcm,patient00147/study9,review_with_technical_warning,0,1,warning: RAD-DINO patch variability outlier evidence (raddino_patch_variability_outlier_z=2.239),"Warning evidence: RAD-DINO patch variability outlier evidence (raddino_patch_variability_outlier_z=2.239). Image may continue downstream, but this technical warning should be preserved in later reasoning.",retrieval_agent
patient00147/study14/view1_frontal.dcm,patient00147/study14,pass,0,0,,"No warning, critical, or severe quality evidence exceeded the configured thresholds.",retrieval_agent
patient00147/study11/view1_frontal.dcm,patient00147/study11,pass,0,0,,"No warning, critical, or severe quality evidence exceeded the configured thresholds.",retrieval_agent
patient00147/study13/view1_frontal.dcm,patient00147/study13,pass,0,0,,"No warning, critical, or severe quality evidence exceeded the configured thresholds.",retrieval_agent
patient00147/study6/view1_frontal.dcm,patient00147/study6,pass,0,0,,"No warning, critical, or severe quality evidence exceeded the configured thresholds.",retrieval_agent
patient00147/study7/view1_frontal.dcm,patient00147/study7,pass,0,0,,"No warning, critical, or severe quality evidence exceeded the configured thresholds.",retrieval_agent
patient00147/study3/view1_frontal.dcm,patient00147/study3,pass,0,0,,"No warning, critical, or severe quality evidence exceeded the configured thresholds.",retrieval_agent
patient00147/study8/view1_frontal.dcm,patient00147/study8,pass,0,0,,"No warning, critical, or severe quality evidence exceeded the configured thresholds.",retrieval_agent
patient00147/study12/view1_frontal.dcm,patient00147/study12,pass,0,0,,"No warning, critical, or severe quality evidence exceeded the configured thresholds.",retrieval_agent
patient00147/study5/view1_frontal.dcm,patient00147/study5,pass,0,0,,"No warning, critical, or severe quality evidence exceeded the configured thresholds.",retrieval_agent
patient00147/study15/view1_frontal.dcm,patient00147/study15,pass,0,0,,"No warning, critical, or severe quality evidence exceeded the configured thresholds.",retrieval_agent
patient00147/study10/view1_frontal.dcm,patient00147/study10,pass,0,0,,"No warning, critical, or severe quality evidence exceeded the configured thresholds.",retrieval_agent
patient00147/study2/view1_frontal.dcm,patient00147/study2,pass,0,0,,"No warning, critical, or severe quality evidence exceeded the configured thresholds.",retrieval_agent
patient00147/study4/view1_frontal.dcm,patient00147/study4,pass,0,0,,"No warning, critical, or severe quality evidence exceeded the configured thresholds.",retrieval_agent
patient00150/study1/view1_frontal.dcm,patient00150/study1,pass,0,0,,"No warning, critical, or severe quality evidence exceeded the configured thresholds.",retrieval_agent
patient00150/study3/view1_frontal.dcm,patient00150/study3,pass,0,0,,"No warning, critical, or severe quality evidence exceeded the configured thresholds.",retrieval_agent
patient00150/study2/view1_frontal.dcm,patient00150/study2,pass,0,0,,"No warning, critical, or severe quality evidence exceeded the configured thresholds.",retrieval_agent
patient00157/study1/view1_frontal.dcm,patient00157/study1,pass,0,0,,"No warning, critical, or severe quality evidence exceeded the configured thresholds.",retrieval_agent
patient00157/study1/view2_lateral.dcm,patient00157/study1,fail,1,2,severe: RAD-DINO embedding outlier evidence (raddino_embedding_outlier_z=6.748); critical: RAD-DINO embedding outlier evidence (raddino_embedding_outlier_z=6.748); warning: ConvNeXt embedding outlier evidence (convnext_embedding_outlier_z=2.261); warning: edge density outlier evidence (validation_edge_density_outlier_z=2.282),Severe evidence: RAD-DINO embedding outlier evidence (raddino_embedding_outlier_z=6.748). Critical evidence: RAD-DINO embedding outlier evidence (raddino_embedding_outlier_z=6.748). Warning evidence: ConvNeXt embedding outlier evidence (convnext_embedding_outlier_z=2.261); edge density outlier evidence (validation_edge_density_outlier_z=2.282). Manifest evidence note: extreme_outlier. Image is marked unreliable because it has either three or more critical quality flags or at least one severe quality outlier.,stop_unreliable
patient00157/study1/view3_lateral.dcm,patient00157/study1,fail,1,2,severe: RAD-DINO embedding outlier evidence (raddino_embedding_outlier_z=7.011); critical: RAD-DINO embedding outlier evidence (raddino_embedding_outlier_z=7.011); warning: ConvNeXt embedding outlier evidence (convnext_embedding_outlier_z=2.457); warning: edge density outlier evidence (validation_edge_density_outlier_z=2.356),Severe evidence: RAD-DINO embedding outlier evidence (raddino_embedding_outlier_z=7.011). Critical evidence: RAD-DINO embedding outlier evidence (raddino_embedding_outlier_z=7.011). Warning evidence: ConvNeXt embedding outlier evidence (convnext_embedding_outlier_z=2.457); edge density outlier evidence (validation_edge_density_outlier_z=2.356). Manifest evidence note: extreme_outlier. Image is marked unreliable because it has either three or more critical quality flags or at least one severe quality outlier.,stop_unreliable
patient00159/study1/view1_frontal.dcm,patient00159/study1,fail,4,1,severe: edge density outlier evidence (validation_edge_density_outlier_z=28.555); critical: edge density outlier evidence (validation_edge_density_outlier_z=28.555); critical: intensity mean outlier evidence (validation_intensity_mean_outlier_z=3.705); critical: intensity standard deviation outlier evidence (validation_intensity_std_outlier_z=3.135); critical: entropy outlier evidence (validation_entropy_outlier_z=3.170); warning: contrast proxy outlier evidence (validation_contrast_proxy_outlier_z=2.268),Severe evidence: edge density outlier evidence (validation_edge_density_outlier_z=28.555). Critical evidence: edge density outlier evidence (validation_edge_density_outlier_z=28.555); intensity mean outlier evidence (validation_intensity_mean_outlier_z=3.705); intensity standard deviation outlier evidence (validation_intensity_std_outlier_z=3.135); entropy outlier evidence (validation_entropy_outlier_z=3.170). Warning evidence: contrast proxy outlier evidence (validation_contrast_proxy_outlier_z=2.268). Manifest evidence note: extreme_outlier. Image is marked unreliable because it has either three or more critical quality flags or at least one severe quality outlier.,stop_unreliable
patient00159/study1/view2_lateral.dcm,patient00159/study1,review_with_technical_warning,0,2,warning: ConvNeXt embedding outlier evidence (convnext_embedding_outlier_z=2.056); warning: noise proxy outlier evidence (validation_noise_proxy_outlier_z=2.863),"Warning evidence: ConvNeXt embedding outlier evidence (convnext_embedding_outlier_z=2.056); noise proxy outlier evidence (validation_noise_proxy_outlier_z=2.863). Image may continue downstream, but this technical warning should be preserved in later reasoning.",retrieval_agent
patient00162/study1/view1_frontal.dcm,patient00162/study1,review_with_technical_warning,2,5,critical: low entropy evidence (low_entropy_evidence_z=3.174); critical: entropy outlier evidence (validation_entropy_outlier_z=3.174); warning: low contrast evidence (low_contrast_evidence_z=2.208); warning: edge density outlier evidence (validation_edge_density_outlier_z=2.355); warning: intensity standard deviation outlier evidence (validation_intensity_std_outlier_z=2.079); warning: contrast proxy outlier evidence (validation_contrast_proxy_outlier_z=2.208); warning: noise proxy outlier evidence (validation_noise_proxy_outlier_z=2.228),"Critical evidence: low entropy evidence (low_entropy_evidence_z=3.174); entropy outlier evidence (validation_entropy_outlier_z=3.174). Warning evidence: low contrast evidence (low_contrast_evidence_z=2.208); edge density outlier evidence (validation_edge_density_outlier_z=2.355); intensity standard deviation outlier evidence (validation_intensity_std_outlier_z=2.079); contrast proxy outlier evidence (validation_contrast_proxy_outlier_z=2.208); noise proxy outlier evidence (validation_noise_proxy_outlier_z=2.228). Image may continue downstream, but this technical warning should be preserved in later reasoning.",retrieval_agent
patient00162/study1/view2_lateral.dcm,patient00162/study1,review_with_technical_warning,1,5,critical: RAD-DINO embedding outlier evidence (raddino_embedding_outlier_z=3.296); warning: low entropy evidence (low_entropy_evidence_z=2.429); warning: ConvNeXt embedding outlier evidence (convnext_embedding_outlier_z=2.539); warning: edge density outlier evidence (validation_edge_density_outlier_z=2.355); warning: noise proxy outlier evidence (validation_noise_proxy_outlier_z=2.098); warning: entropy outlier evidence (validation_entropy_outlier_z=2.429),"Critical evidence: RAD-DINO embedding outlier evidence (raddino_embedding_outlier_z=3.296). Warning evidence: low entropy evidence (low_entropy_evidence_z=2.429); ConvNeXt embedding outlier evidence (convnext_embedding_outlier_z=2.539); edge density outlier evidence (validation_edge_density_outlier_z=2.355); noise proxy outlier evidence (validation_noise_proxy_outlier_z=2.098); entropy outlier evidence (validation_entropy_outlier_z=2.429). Image may continue downstream, but this technical warning should be preserved in later reasoning.",retrieval_agent
patient00163/study1/view1_frontal.dcm,patient00163/study1,review_with_technical_warning,0,1,warning: noise proxy outlier evidence (validation_noise_proxy_outlier_z=2.345),"Warning evidence: noise proxy outlier evidence (validation_noise_proxy_outlier_z=2.345). Image may continue downstream, but this technical warning should be preserved in later reasoning.",retrieval_agent
patient00163/study1/view2_lateral.dcm,patient00163/study1,review_with_technical_warning,1,1,critical: ConvNeXt embedding outlier evidence (convnext_embedding_outlier_z=4.128); warning: noise proxy outlier evidence (validation_noise_proxy_outlier_z=2.109),"Critical evidence: ConvNeXt embedding outlier evidence (convnext_embedding_outlier_z=4.128). Warning evidence: noise proxy outlier evidence (validation_noise_proxy_outlier_z=2.109). Manifest evidence note: moderate_outlier. Image may continue downstream, but this technical warning should be preserved in later reasoning.",retrieval_agent
patient00166/study1/view1_frontal.dcm,patient00166/study1,review_with_technical_warning,2,4,critical: low entropy evidence (low_entropy_evidence_z=3.344); critical: entropy outlier evidence (validation_entropy_outlier_z=3.344); warning: low contrast evidence (low_contrast_evidence_z=2.417); warning: intensity standard deviation outlier evidence (validation_intensity_std_outlier_z=2.601); warning: contrast proxy outlier evidence (validation_contrast_proxy_outlier_z=2.417); warning: noise proxy outlier evidence (validation_noise_proxy_outlier_z=2.301),"Critical evidence: low entropy evidence (low_entropy_evidence_z=3.344); entropy outlier evidence (validation_entropy_outlier_z=3.344). Warning evidence: low contrast evidence (low_contrast_evidence_z=2.417); intensity standard deviation outlier evidence (validation_intensity_std_outlier_z=2.601); contrast proxy outlier evidence (validation_contrast_proxy_outlier_z=2.417); noise proxy outlier evidence (validation_noise_proxy_outlier_z=2.301). Image may continue downstream, but this technical warning should be preserved in later reasoning.",retrieval_agent
patient00166/study1/view2_lateral.dcm,patient00166/study1,review_with_technical_warning,1,1,critical: edge density outlier evidence (validation_edge_density_outlier_z=3.560); warning: ConvNeXt embedding outlier evidence (convnext_embedding_outlier_z=2.299),"Critical evidence: edge density outlier evidence (validation_edge_density_outlier_z=3.560). Warning evidence: ConvNeXt embedding outlier evidence (convnext_embedding_outlier_z=2.299). Manifest evidence note: moderate_outlier. Image may continue downstream, but this technical warning should be preserved in later reasoning.",retrieval_agent
patient00170/study5/view1_frontal.dcm,patient00170/study5,pass,0,0,,"No warning, critical, or severe quality evidence exceeded the configured thresholds.",retrieval_agent
patient00170/study2/view1_frontal.dcm,patient00170/study2,pass,0,0,,"No warning, critical, or severe quality evidence exceeded the configured thresholds.",retrieval_agent
patient00170/study4/view1_frontal.dcm,patient00170/study4,pass,0,0,,"No warning, critical, or severe quality evidence exceeded the configured thresholds.",retrieval_agent
patient00170/study1/view1_frontal.dcm,patient00170/study1,pass,0,0,,"No warning, critical, or severe quality evidence exceeded the configured thresholds.",retrieval_agent
patient00170/study7/view1_frontal.dcm,patient00170/study7,review_with_technical_warning,0,2,warning: low entropy evidence (low_entropy_evidence_z=2.285); warning: entropy outlier evidence (validation_entropy_outlier_z=2.285),"Warning evidence: low entropy evidence (low_entropy_evidence_z=2.285); entropy outlier evidence (validation_entropy_outlier_z=2.285). Image may continue downstream, but this technical warning should be preserved in later reasoning.",retrieval_agent
patient00170/study10/view1_frontal.dcm,patient00170/study10,pass,0,0,,"No warning, critical, or severe quality evidence exceeded the configured thresholds.",retrieval_agent
patient00170/study3/view1_frontal.dcm,patient00170/study3,pass,0,0,,"No warning, critical, or severe quality evidence exceeded the configured thresholds.",retrieval_agent
patient00170/study9/view1_frontal.dcm,patient00170/study9,pass,0,0,,"No warning, critical, or severe quality evidence exceeded the configured thresholds.",retrieval_agent
patient00170/study8/view1_frontal.dcm,patient00170/study8,pass,0,0,,"No warning, critical, or severe quality evidence exceeded the configured thresholds.",retrieval_agent
patient00170/study11/view1_frontal.dcm,patient00170/study11,review_with_technical_warning,0,1,warning: edge density outlier evidence (validation_edge_density_outlier_z=2.246),"Warning evidence: edge density outlier evidence (validation_edge_density_outlier_z=2.246). Image may continue downstream, but this technical warning should be preserved in later reasoning.",retrieval_agent
patient00170/study11/view2_lateral.dcm,patient00170/study11,fail,3,1,critical: ConvNeXt embedding outlier evidence (convnext_embedding_outlier_z=4.109); critical: RAD-DINO embedding outlier evidence (raddino_embedding_outlier_z=3.350); critical: intensity standard deviation outlier evidence (validation_intensity_std_outlier_z=3.129); warning: edge density outlier evidence (validation_edge_density_outlier_z=2.334),Critical evidence: ConvNeXt embedding outlier evidence (convnext_embedding_outlier_z=4.109); RAD-DINO embedding outlier evidence (raddino_embedding_outlier_z=3.350); intensity standard deviation outlier evidence (validation_intensity_std_outlier_z=3.129). Warning evidence: edge density outlier evidence (validation_edge_density_outlier_z=2.334). Manifest evidence note: moderate_outlier. Image is marked unreliable because it has either three or more critical quality flags or at least one severe quality outlier.,stop_unreliable
patient00170/study6/view1_frontal.dcm,patient00170/study6,pass,0,0,,"No warning, critical, or severe quality evidence exceeded the configured thresholds.",retrieval_agent
patient00172/study3/view1_frontal.dcm,patient00172/study3,pass,0,0,,"No warning, critical, or severe quality evidence exceeded the configured thresholds.",retrieval_agent
patient00172/study5/view1_frontal.dcm,patient00172/study5,pass,0,0,,"No warning, critical, or severe quality evidence exceeded the configured thresholds.",retrieval_agent
patient00172/study4/view1_frontal.dcm,patient00172/study4,pass,0,0,,"No warning, critical, or severe quality evidence exceeded the configured thresholds.",retrieval_agent
patient00172/study1/view1_frontal.dcm,patient00172/study1,pass,0,0,,"No warning, critical, or severe quality evidence exceeded the configured thresholds.",retrieval_agent
patient00172/study2/view1_frontal.dcm,patient00172/study2,pass,0,0,,"No warning, critical, or severe quality evidence exceeded the configured thresholds.",retrieval_agent
patient00177/study2/view1_frontal.dcm,patient00177/study2,pass,0,0,,"No warning, critical, or severe quality evidence exceeded the configured thresholds.",retrieval_agent
patient00177/study3/view1_frontal.dcm,patient00177/study3,pass,0,0,,"No warning, critical, or severe quality evidence exceeded the configured thresholds.",retrieval_agent
patient00177/study5/view1_frontal.dcm,patient00177/study5,review_with_technical_warning,1,0,critical: edge density outlier evidence (validation_edge_density_outlier_z=3.667),"Critical evidence: edge density outlier evidence (validation_edge_density_outlier_z=3.667). Manifest evidence note: moderate_outlier. Image may continue downstream, but this technical warning should be preserved in later reasoning.",retrieval_agent
patient00177/study4/view1_frontal.dcm,patient00177/study4,pass,0,0,,"No warning, critical, or severe quality evidence exceeded the configured thresholds.",retrieval_agent
patient00177/study1/view1_frontal.dcm,patient00177/study1,pass,0,0,,"No warning, critical, or severe quality evidence exceeded the configured thresholds.",retrieval_agent
patient00186/study1/view1_frontal.dcm,patient00186/study1,fail,1,0,severe: edge density outlier evidence (validation_edge_density_outlier_z=9.110); critical: edge density outlier evidence (validation_edge_density_outlier_z=9.110),Severe evidence: edge density outlier evidence (validation_edge_density_outlier_z=9.110). Critical evidence: edge density outlier evidence (validation_edge_density_outlier_z=9.110). Manifest evidence note: extreme_outlier. Image is marked unreliable because it has either three or more critical quality flags or at least one severe quality outlier.,stop_unreliable
patient00186/study2/view1_frontal.dcm,patient00186/study2,fail,1,0,severe: edge density outlier evidence (validation_edge_density_outlier_z=6.993); critical: edge density outlier evidence (validation_edge_density_outlier_z=6.993),Severe evidence: edge density outlier evidence (validation_edge_density_outlier_z=6.993). Critical evidence: edge density outlier evidence (validation_edge_density_outlier_z=6.993). Manifest evidence note: extreme_outlier. Image is marked unreliable because it has either three or more critical quality flags or at least one severe quality outlier.,stop_unreliable
patient00187/study1/view1_frontal.dcm,patient00187/study1,fail,1,0,severe: edge density outlier evidence (validation_edge_density_outlier_z=7.545); critical: edge density outlier evidence (validation_edge_density_outlier_z=7.545),Severe evidence: edge density outlier evidence (validation_edge_density_outlier_z=7.545). Critical evidence: edge density outlier evidence (validation_edge_density_outlier_z=7.545). Manifest evidence note: extreme_outlier. Image is marked unreliable because it has either three or more critical quality flags or at least one severe quality outlier.,stop_unreliable
patient00190/study1/view1_frontal.dcm,patient00190/study1,review_with_technical_warning,0,1,warning: edge density outlier evidence (validation_edge_density_outlier_z=2.804),"Warning evidence: edge density outlier evidence (validation_edge_density_outlier_z=2.804). Image may continue downstream, but this technical warning should be preserved in later reasoning.",retrieval_agent
patient00190/study1/view2_frontal.dcm,patient00190/study1,review_with_technical_warning,0,1,warning: edge density outlier evidence (validation_edge_density_outlier_z=2.521),"Warning evidence: edge density outlier evidence (validation_edge_density_outlier_z=2.521). Image may continue downstream, but this technical warning should be preserved in later reasoning.",retrieval_agent
patient00190/study2/view1_frontal.dcm,patient00190/study2,pass,0,0,,"No warning, critical, or severe quality evidence exceeded the configured thresholds.",retrieval_agent
patient00197/study1/view1_frontal.dcm,patient00197/study1,fail,1,3,severe: edge density outlier evidence (validation_edge_density_outlier_z=14.790); critical: edge density outlier evidence (validation_edge_density_outlier_z=14.790); warning: low entropy evidence (low_entropy_evidence_z=2.358); warning: noise proxy outlier evidence (validation_noise_proxy_outlier_z=2.097); warning: entropy outlier evidence (validation_entropy_outlier_z=2.358),Severe evidence: edge density outlier evidence (validation_edge_density_outlier_z=14.790). Critical evidence: edge density outlier evidence (validation_edge_density_outlier_z=14.790). Warning evidence: low entropy evidence (low_entropy_evidence_z=2.358); noise proxy outlier evidence (validation_noise_proxy_outlier_z=2.097); entropy outlier evidence (validation_entropy_outlier_z=2.358). Manifest evidence note: extreme_outlier. Image is marked unreliable because it has either three or more critical quality flags or at least one severe quality outlier.,stop_unreliable
patient00201/study1/view1_frontal.dcm,patient00201/study1,review_with_technical_warning,0,1,warning: intensity mean outlier evidence (validation_intensity_mean_outlier_z=2.834),"Warning evidence: intensity mean outlier evidence (validation_intensity_mean_outlier_z=2.834). Image may continue downstream, but this technical warning should be preserved in later reasoning.",retrieval_agent
patient00201/study1/view2_lateral.dcm,patient00201/study1,review_with_technical_warning,1,5,critical: ConvNeXt embedding outlier evidence (convnext_embedding_outlier_z=4.006); warning: low sharpness evidence (low_sharpness_evidence_z=2.065); warning: low entropy evidence (low_entropy_evidence_z=2.149); warning: high blur evidence (high_blur_evidence_z=2.067); warning: noise proxy outlier evidence (validation_noise_proxy_outlier_z=2.737); warning: entropy outlier evidence (validation_entropy_outlier_z=2.149),"Critical evidence: ConvNeXt embedding outlier evidence (convnext_embedding_outlier_z=4.006). Warning evidence: low sharpness evidence (low_sharpness_evidence_z=2.065); low entropy evidence (low_entropy_evidence_z=2.149); high blur evidence (high_blur_evidence_z=2.067); noise proxy outlier evidence (validation_noise_proxy_outlier_z=2.737); entropy outlier evidence (validation_entropy_outlier_z=2.149). Manifest evidence note: moderate_outlier. Image may continue downstream, but this technical warning should be preserved in later reasoning.",retrieval_agent
patient00201/study2/view1_frontal.dcm,patient00201/study2,review_with_technical_warning,0,6,warning: low contrast evidence (low_contrast_evidence_z=2.075); warning: low entropy evidence (low_entropy_evidence_z=2.998); warning: intensity standard deviation outlier evidence (validation_intensity_std_outlier_z=2.128); warning: contrast proxy outlier evidence (validation_contrast_proxy_outlier_z=2.075); warning: noise proxy outlier evidence (validation_noise_proxy_outlier_z=2.300); warning: entropy outlier evidence (validation_entropy_outlier_z=2.998),"Warning evidence: low contrast evidence (low_contrast_evidence_z=2.075); low entropy evidence (low_entropy_evidence_z=2.998); intensity standard deviation outlier evidence (validation_intensity_std_outlier_z=2.128); contrast proxy outlier evidence (validation_contrast_proxy_outlier_z=2.075); noise proxy outlier evidence (validation_noise_proxy_outlier_z=2.300); entropy outlier evidence (validation_entropy_outlier_z=2.998). Image may continue downstream, but this technical warning should be preserved in later reasoning.",retrieval_agent
patient00201/study2/view2_lateral.dcm,patient00201/study2,review_with_technical_warning,2,0,critical: ConvNeXt embedding outlier evidence (convnext_embedding_outlier_z=4.171); critical: edge density outlier evidence (validation_edge_density_outlier_z=3.518),"Critical evidence: ConvNeXt embedding outlier evidence (convnext_embedding_outlier_z=4.171); edge density outlier evidence (validation_edge_density_outlier_z=3.518). Manifest evidence note: moderate_outlier. Image may continue downstream, but this technical warning should be preserved in later reasoning.",retrieval_agent
patient00203/study2/view1_frontal.dcm,patient00203/study2,fail,1,5,severe: edge density outlier evidence (validation_edge_density_outlier_z=21.504); critical: edge density outlier evidence (validation_edge_density_outlier_z=21.504); warning: RAD-DINO patch variability outlier evidence (raddino_patch_variability_outlier_z=2.730); warning: intensity mean outlier evidence (validation_intensity_mean_outlier_z=2.283); warning: intensity standard deviation outlier evidence (validation_intensity_std_outlier_z=2.318); warning: contrast proxy outlier evidence (validation_contrast_proxy_outlier_z=2.101); warning: entropy outlier evidence (validation_entropy_outlier_z=2.337),Severe evidence: edge density outlier evidence (validation_edge_density_outlier_z=21.504). Critical evidence: edge density outlier evidence (validation_edge_density_outlier_z=21.504). Warning evidence: RAD-DINO patch variability outlier evidence (raddino_patch_variability_outlier_z=2.730); intensity mean outlier evidence (validation_intensity_mean_outlier_z=2.283); intensity standard deviation outlier evidence (validation_intensity_std_outlier_z=2.318); contrast proxy outlier evidence (validation_contrast_proxy_outlier_z=2.101); entropy outlier evidence (validation_entropy_outlier_z=2.337). Manifest evidence note: extreme_outlier. Image is marked unreliable because it has either three or more critical quality flags or at least one severe quality outlier.,stop_unreliable
patient00203/study2/view2_lateral.dcm,patient00203/study2,review_with_technical_warning,0,4,warning: ConvNeXt embedding outlier evidence (convnext_embedding_outlier_z=2.482); warning: RAD-DINO embedding outlier evidence (raddino_embedding_outlier_z=2.486); warning: edge density outlier evidence (validation_edge_density_outlier_z=2.342); warning: noise proxy outlier evidence (validation_noise_proxy_outlier_z=2.507),"Warning evidence: ConvNeXt embedding outlier evidence (convnext_embedding_outlier_z=2.482); RAD-DINO embedding outlier evidence (raddino_embedding_outlier_z=2.486); edge density outlier evidence (validation_edge_density_outlier_z=2.342); noise proxy outlier evidence (validation_noise_proxy_outlier_z=2.507). Image may continue downstream, but this technical warning should be preserved in later reasoning.",retrieval_agent
patient00203/study1/view1_frontal.dcm,patient00203/study1,review_with_technical_warning,1,2,critical: edge density outlier evidence (validation_edge_density_outlier_z=3.194); warning: intensity standard deviation outlier evidence (validation_intensity_std_outlier_z=2.045); warning: contrast proxy outlier evidence (validation_contrast_proxy_outlier_z=2.136),"Critical evidence: edge density outlier evidence (validation_edge_density_outlier_z=3.194). Warning evidence: intensity standard deviation outlier evidence (validation_intensity_std_outlier_z=2.045); contrast proxy outlier evidence (validation_contrast_proxy_outlier_z=2.136). Image may continue downstream, but this technical warning should be preserved in later reasoning.",retrieval_agent
patient00203/study1/view2_lateral.dcm,patient00203/study1,review_with_technical_warning,1,3,critical: RAD-DINO embedding outlier evidence (raddino_embedding_outlier_z=3.646); warning: ConvNeXt embedding outlier evidence (convnext_embedding_outlier_z=2.297); warning: intensity standard deviation outlier evidence (validation_intensity_std_outlier_z=2.856); warning: noise proxy outlier evidence (validation_noise_proxy_outlier_z=2.060),"Critical evidence: RAD-DINO embedding outlier evidence (raddino_embedding_outlier_z=3.646). Warning evidence: ConvNeXt embedding outlier evidence (convnext_embedding_outlier_z=2.297); intensity standard deviation outlier evidence (validation_intensity_std_outlier_z=2.856); noise proxy outlier evidence (validation_noise_proxy_outlier_z=2.060). Manifest evidence note: moderate_outlier. Image may continue downstream, but this technical warning should be preserved in later reasoning.",retrieval_agent
patient00207/study1/view1_frontal.dcm,patient00207/study1,review_with_technical_warning,0,1,warning: intensity mean outlier evidence (validation_intensity_mean_outlier_z=2.769),"Warning evidence: intensity mean outlier evidence (validation_intensity_mean_outlier_z=2.769). Image may continue downstream, but this technical warning should be preserved in later reasoning.",retrieval_agent
patient00215/study1/view1_frontal.dcm,patient00215/study1,fail,1,0,severe: intensity mean outlier evidence (validation_intensity_mean_outlier_z=6.469); critical: intensity mean outlier evidence (validation_intensity_mean_outlier_z=6.469),Severe evidence: intensity mean outlier evidence (validation_intensity_mean_outlier_z=6.469). Critical evidence: intensity mean outlier evidence (validation_intensity_mean_outlier_z=6.469). Manifest evidence note: extreme_outlier. Image is marked unreliable because it has either three or more critical quality flags or at least one severe quality outlier.,stop_unreliable
patient00215/study1/view2_lateral.dcm,patient00215/study1,review_with_technical_warning,2,0,critical: ConvNeXt embedding outlier evidence (convnext_embedding_outlier_z=3.313); critical: RAD-DINO embedding outlier evidence (raddino_embedding_outlier_z=4.372),"Critical evidence: ConvNeXt embedding outlier evidence (convnext_embedding_outlier_z=3.313); RAD-DINO embedding outlier evidence (raddino_embedding_outlier_z=4.372). Manifest evidence note: moderate_outlier. Image may continue downstream, but this technical warning should be preserved in later reasoning.",retrieval_agent
patient00223/study1/view1_frontal.dcm,patient00223/study1,review_with_technical_warning,1,4,critical: edge density outlier evidence (validation_edge_density_outlier_z=4.929); warning: RAD-DINO embedding outlier evidence (raddino_embedding_outlier_z=2.952); warning: intensity standard deviation outlier evidence (validation_intensity_std_outlier_z=2.485); warning: contrast proxy outlier evidence (validation_contrast_proxy_outlier_z=2.753); warning: entropy outlier evidence (validation_entropy_outlier_z=2.359),"Critical evidence: edge density outlier evidence (validation_edge_density_outlier_z=4.929). Warning evidence: RAD-DINO embedding outlier evidence (raddino_embedding_outlier_z=2.952); intensity standard deviation outlier evidence (validation_intensity_std_outlier_z=2.485); contrast proxy outlier evidence (validation_contrast_proxy_outlier_z=2.753); entropy outlier evidence (validation_entropy_outlier_z=2.359). Manifest evidence note: moderate_outlier. Image may continue downstream, but this technical warning should be preserved in later reasoning.",retrieval_agent
patient00224/study1/view1_frontal.dcm,patient00224/study1,review_with_technical_warning,1,0,critical: intensity mean outlier evidence (validation_intensity_mean_outlier_z=4.127),"Critical evidence: intensity mean outlier evidence (validation_intensity_mean_outlier_z=4.127). Manifest evidence note: moderate_outlier. Image may continue downstream, but this technical warning should be preserved in later reasoning.",retrieval_agent
patient00224/study1/view2_lateral.dcm,patient00224/study1,review_with_technical_warning,0,1,warning: ConvNeXt embedding outlier evidence (convnext_embedding_outlier_z=2.882),"Warning evidence: ConvNeXt embedding outlier evidence (convnext_embedding_outlier_z=2.882). Image may continue downstream, but this technical warning should be preserved in later reasoning.",retrieval_agent
patient00228/study1/view1_frontal.dcm,patient00228/study1,review_with_technical_warning,2,0,critical: RAD-DINO embedding outlier evidence (raddino_embedding_outlier_z=3.114); critical: edge density outlier evidence (validation_edge_density_outlier_z=3.626),"Critical evidence: RAD-DINO embedding outlier evidence (raddino_embedding_outlier_z=3.114); edge density outlier evidence (validation_edge_density_outlier_z=3.626). Manifest evidence note: moderate_outlier. Image may continue downstream, but this technical warning should be preserved in later reasoning.",retrieval_agent
patient00236/study2/view1_frontal.dcm,patient00236/study2,pass,0,0,,"No warning, critical, or severe quality evidence exceeded the configured thresholds.",retrieval_agent
patient00236/study1/view1_frontal.dcm,patient00236/study1,pass,0,0,,"No warning, critical, or severe quality evidence exceeded the configured thresholds.",retrieval_agent
patient00236/study1/view2_lateral.dcm,patient00236/study1,fail,1,2,severe: edge density outlier evidence (validation_edge_density_outlier_z=70.989); critical: edge density outlier evidence (validation_edge_density_outlier_z=70.989); warning: intensity standard deviation outlier evidence (validation_intensity_std_outlier_z=2.210); warning: noise proxy outlier evidence (validation_noise_proxy_outlier_z=2.426),Severe evidence: edge density outlier evidence (validation_edge_density_outlier_z=70.989). Critical evidence: edge density outlier evidence (validation_edge_density_outlier_z=70.989). Warning evidence: intensity standard deviation outlier evidence (validation_intensity_std_outlier_z=2.210); noise proxy outlier evidence (validation_noise_proxy_outlier_z=2.426). Manifest evidence note: extreme_outlier. Image is marked unreliable because it has either three or more critical quality flags or at least one severe quality outlier.,stop_unreliable
patient00238/study1/view1_frontal.dcm,patient00238/study1,fail,2,2,severe: edge density outlier evidence (validation_edge_density_outlier_z=37.884); critical: edge density outlier evidence (validation_edge_density_outlier_z=37.884); critical: noise proxy outlier evidence (validation_noise_proxy_outlier_z=3.077); warning: low sharpness evidence (low_sharpness_evidence_z=2.082); warning: high blur evidence (high_blur_evidence_z=2.085),Severe evidence: edge density outlier evidence (validation_edge_density_outlier_z=37.884). Critical evidence: edge density outlier evidence (validation_edge_density_outlier_z=37.884); noise proxy outlier evidence (validation_noise_proxy_outlier_z=3.077). Warning evidence: low sharpness evidence (low_sharpness_evidence_z=2.082); high blur evidence (high_blur_evidence_z=2.085). Manifest evidence note: extreme_outlier. Image is marked unreliable because it has either three or more critical quality flags or at least one severe quality outlier.,stop_unreliable
patient00240/study1/view1_frontal.dcm,patient00240/study1,review_with_technical_warning,1,4,critical: ConvNeXt embedding outlier evidence (convnext_embedding_outlier_z=3.750); warning: low entropy evidence (low_entropy_evidence_z=2.802); warning: edge density outlier evidence (validation_edge_density_outlier_z=2.461); warning: intensity standard deviation outlier evidence (validation_intensity_std_outlier_z=2.102); warning: entropy outlier evidence (validation_entropy_outlier_z=2.802),"Critical evidence: ConvNeXt embedding outlier evidence (convnext_embedding_outlier_z=3.750). Warning evidence: low entropy evidence (low_entropy_evidence_z=2.802); edge density outlier evidence (validation_edge_density_outlier_z=2.461); intensity standard deviation outlier evidence (validation_intensity_std_outlier_z=2.102); entropy outlier evidence (validation_entropy_outlier_z=2.802). Manifest evidence note: moderate_outlier. Image may continue downstream, but this technical warning should be preserved in later reasoning.",retrieval_agent
patient00240/study1/view2_lateral.dcm,patient00240/study1,review_with_technical_warning,1,2,critical: ConvNeXt embedding outlier evidence (convnext_embedding_outlier_z=3.139); warning: low entropy evidence (low_entropy_evidence_z=2.078); warning: entropy outlier evidence (validation_entropy_outlier_z=2.078),"Critical evidence: ConvNeXt embedding outlier evidence (convnext_embedding_outlier_z=3.139). Warning evidence: low entropy evidence (low_entropy_evidence_z=2.078); entropy outlier evidence (validation_entropy_outlier_z=2.078). Image may continue downstream, but this technical warning should be preserved in later reasoning.",retrieval_agent
patient00250/study4/view1_frontal.dcm,patient00250/study4,pass,0,0,,"No warning, critical, or severe quality evidence exceeded the configured thresholds.",retrieval_agent
patient00250/study5/view1_frontal.dcm,patient00250/study5,pass,0,0,,"No warning, critical, or severe quality evidence exceeded the configured thresholds.",retrieval_agent
patient00250/study3/view1_frontal.dcm,patient00250/study3,review_with_technical_warning,1,1,critical: ConvNeXt embedding outlier evidence (convnext_embedding_outlier_z=3.353); warning: intensity standard deviation outlier evidence (validation_intensity_std_outlier_z=2.031),"Critical evidence: ConvNeXt embedding outlier evidence (convnext_embedding_outlier_z=3.353). Warning evidence: intensity standard deviation outlier evidence (validation_intensity_std_outlier_z=2.031). Image may continue downstream, but this technical warning should be preserved in later reasoning.",retrieval_agent
patient00250/study1/view1_frontal.dcm,patient00250/study1,review_with_technical_warning,0,1,warning: noise proxy outlier evidence (validation_noise_proxy_outlier_z=2.120),"Warning evidence: noise proxy outlier evidence (validation_noise_proxy_outlier_z=2.120). Image may continue downstream, but this technical warning should be preserved in later reasoning.",retrieval_agent
patient00250/study1/view2_lateral.dcm,patient00250/study1,review_with_technical_warning,0,1,warning: ConvNeXt embedding outlier evidence (convnext_embedding_outlier_z=2.382),"Warning evidence: ConvNeXt embedding outlier evidence (convnext_embedding_outlier_z=2.382). Image may continue downstream, but this technical warning should be preserved in later reasoning.",retrieval_agent
patient00250/study8/view1_frontal.dcm,patient00250/study8,review_with_technical_warning,0,2,warning: RAD-DINO embedding outlier evidence (raddino_embedding_outlier_z=2.283); warning: intensity standard deviation outlier evidence (validation_intensity_std_outlier_z=2.216),"Warning evidence: RAD-DINO embedding outlier evidence (raddino_embedding_outlier_z=2.283); intensity standard deviation outlier evidence (validation_intensity_std_outlier_z=2.216). Image may continue downstream, but this technical warning should be preserved in later reasoning.",retrieval_agent
patient00250/study10/view1_frontal.dcm,patient00250/study10,review_with_technical_warning,0,1,warning: ConvNeXt embedding outlier evidence (convnext_embedding_outlier_z=2.568),"Warning evidence: ConvNeXt embedding outlier evidence (convnext_embedding_outlier_z=2.568). Image may continue downstream, but this technical warning should be preserved in later reasoning.",retrieval_agent
patient00250/study7/view1_frontal.dcm,patient00250/study7,pass,0,0,,"No warning, critical, or severe quality evidence exceeded the configured thresholds.",retrieval_agent
patient00250/study11/view1_frontal.dcm,patient00250/study11,review_with_technical_warning,0,3,warning: ConvNeXt embedding outlier evidence (convnext_embedding_outlier_z=2.007); warning: intensity standard deviation outlier evidence (validation_intensity_std_outlier_z=2.203); warning: entropy outlier evidence (validation_entropy_outlier_z=2.077),"Warning evidence: ConvNeXt embedding outlier evidence (convnext_embedding_outlier_z=2.007); intensity standard deviation outlier evidence (validation_intensity_std_outlier_z=2.203); entropy outlier evidence (validation_entropy_outlier_z=2.077). Image may continue downstream, but this technical warning should be preserved in later reasoning.",retrieval_agent
patient00250/study6/view1_frontal.dcm,patient00250/study6,review_with_technical_warning,0,2,warning: ConvNeXt embedding outlier evidence (convnext_embedding_outlier_z=2.280); warning: RAD-DINO embedding outlier evidence (raddino_embedding_outlier_z=2.027),"Warning evidence: ConvNeXt embedding outlier evidence (convnext_embedding_outlier_z=2.280); RAD-DINO embedding outlier evidence (raddino_embedding_outlier_z=2.027). Image may continue downstream, but this technical warning should be preserved in later reasoning.",retrieval_agent
patient00250/study2/view1_frontal.dcm,patient00250/study2,review_with_technical_warning,0,2,warning: ConvNeXt embedding outlier evidence (convnext_embedding_outlier_z=2.419); warning: intensity standard deviation outlier evidence (validation_intensity_std_outlier_z=2.484),"Warning evidence: ConvNeXt embedding outlier evidence (convnext_embedding_outlier_z=2.419); intensity standard deviation outlier evidence (validation_intensity_std_outlier_z=2.484). Image may continue downstream, but this technical warning should be preserved in later reasoning.",retrieval_agent
patient00250/study9/view1_frontal.dcm,patient00250/study9,pass,0,0,,"No warning, critical, or severe quality evidence exceeded the configured thresholds.",retrieval_agent
patient00252/study1/view1_frontal.dcm,patient00252/study1,pass,0,0,,"No warning, critical, or severe quality evidence exceeded the configured thresholds.",retrieval_agent
patient00252/study3/view1_frontal.dcm,patient00252/study3,pass,0,0,,"No warning, critical, or severe quality evidence exceeded the configured thresholds.",retrieval_agent
patient00252/study4/view1_frontal.dcm,patient00252/study4,pass,0,0,,"No warning, critical, or severe quality evidence exceeded the configured thresholds.",retrieval_agent
patient00252/study2/view1_frontal.dcm,patient00252/study2,review_with_technical_warning,0,1,warning: intensity mean outlier evidence (validation_intensity_mean_outlier_z=2.182),"Warning evidence: intensity mean outlier evidence (validation_intensity_mean_outlier_z=2.182). Image may continue downstream, but this technical warning should be preserved in later reasoning.",retrieval_agent
patient00256/study3/view1_frontal.dcm,patient00256/study3,pass,0,0,,"No warning, critical, or severe quality evidence exceeded the configured thresholds.",retrieval_agent
patient00256/study4/view1_frontal.dcm,patient00256/study4,pass,0,0,,"No warning, critical, or severe quality evidence exceeded the configured thresholds.",retrieval_agent
patient00256/study2/view1_frontal.dcm,patient00256/study2,pass,0,0,,"No warning, critical, or severe quality evidence exceeded the configured thresholds.",retrieval_agent
patient00256/study5/view1_frontal.dcm,patient00256/study5,review_with_technical_warning,0,1,warning: edge density outlier evidence (validation_edge_density_outlier_z=2.330),"Warning evidence: edge density outlier evidence (validation_edge_density_outlier_z=2.330). Image may continue downstream, but this technical warning should be preserved in later reasoning.",retrieval_agent
patient00256/study1/view1_frontal.dcm,patient00256/study1,review_with_technical_warning,0,1,warning: edge density outlier evidence (validation_edge_density_outlier_z=2.714),"Warning evidence: edge density outlier evidence (validation_edge_density_outlier_z=2.714). Image may continue downstream, but this technical warning should be preserved in later reasoning.",retrieval_agent
patient00258/study1/view1_frontal.dcm,patient00258/study1,fail,1,1,severe: edge density outlier evidence (validation_edge_density_outlier_z=17.898); critical: edge density outlier evidence (validation_edge_density_outlier_z=17.898); warning: noise proxy outlier evidence (validation_noise_proxy_outlier_z=2.078),Severe evidence: edge density outlier evidence (validation_edge_density_outlier_z=17.898). Critical evidence: edge density outlier evidence (validation_edge_density_outlier_z=17.898). Warning evidence: noise proxy outlier evidence (validation_noise_proxy_outlier_z=2.078). Manifest evidence note: extreme_outlier. Image is marked unreliable because it has either three or more critical quality flags or at least one severe quality outlier.,stop_unreliable
patient00261/study5/view1_frontal.dcm,patient00261/study5,pass,0,0,,"No warning, critical, or severe quality evidence exceeded the configured thresholds.",retrieval_agent
patient00261/study2/view1_frontal.dcm,patient00261/study2,pass,0,0,,"No warning, critical, or severe quality evidence exceeded the configured thresholds.",retrieval_agent
patient00261/study2/view2_lateral.dcm,patient00261/study2,fail,1,4,severe: RAD-DINO embedding outlier evidence (raddino_embedding_outlier_z=6.902); critical: RAD-DINO embedding outlier evidence (raddino_embedding_outlier_z=6.902); warning: ConvNeXt embedding outlier evidence (convnext_embedding_outlier_z=2.696); warning: intensity standard deviation outlier evidence (validation_intensity_std_outlier_z=2.401); warning: contrast proxy outlier evidence (validation_contrast_proxy_outlier_z=2.555); warning: entropy outlier evidence (validation_entropy_outlier_z=2.281),Severe evidence: RAD-DINO embedding outlier evidence (raddino_embedding_outlier_z=6.902). Critical evidence: RAD-DINO embedding outlier evidence (raddino_embedding_outlier_z=6.902). Warning evidence: ConvNeXt embedding outlier evidence (convnext_embedding_outlier_z=2.696); intensity standard deviation outlier evidence (validation_intensity_std_outlier_z=2.401); contrast proxy outlier evidence (validation_contrast_proxy_outlier_z=2.555); entropy outlier evidence (validation_entropy_outlier_z=2.281). Manifest evidence note: extreme_outlier. Image is marked unreliable because it has either three or more critical quality flags or at least one severe quality outlier.,stop_unreliable
patient00261/study3/view1_frontal.dcm,patient00261/study3,pass,0,0,,"No warning, critical, or severe quality evidence exceeded the configured thresholds.",retrieval_agent
patient00261/study1/view1_frontal.dcm,patient00261/study1,pass,0,0,,"No warning, critical, or severe quality evidence exceeded the configured thresholds.",retrieval_agent
patient00261/study4/view1_frontal.dcm,patient00261/study4,review_with_technical_warning,0,2,warning: RAD-DINO patch variability outlier evidence (raddino_patch_variability_outlier_z=2.285); warning: intensity mean outlier evidence (validation_intensity_mean_outlier_z=2.200),"Warning evidence: RAD-DINO patch variability outlier evidence (raddino_patch_variability_outlier_z=2.285); intensity mean outlier evidence (validation_intensity_mean_outlier_z=2.200). Image may continue downstream, but this technical warning should be preserved in later reasoning.",retrieval_agent
patient00261/study4/view2_lateral.dcm,patient00261/study4,review_with_technical_warning,1,2,critical: RAD-DINO embedding outlier evidence (raddino_embedding_outlier_z=4.273); warning: edge density outlier evidence (validation_edge_density_outlier_z=2.257); warning: intensity standard deviation outlier evidence (validation_intensity_std_outlier_z=2.585),"Critical evidence: RAD-DINO embedding outlier evidence (raddino_embedding_outlier_z=4.273). Warning evidence: edge density outlier evidence (validation_edge_density_outlier_z=2.257); intensity standard deviation outlier evidence (validation_intensity_std_outlier_z=2.585). Manifest evidence note: moderate_outlier. Image may continue downstream, but this technical warning should be preserved in later reasoning.",retrieval_agent
patient00270/study1/view1_frontal.dcm,patient00270/study1,pass,0,0,,"No warning, critical, or severe quality evidence exceeded the configured thresholds.",retrieval_agent
patient00270/study2/view1_frontal.dcm,patient00270/study2,pass,0,0,,"No warning, critical, or severe quality evidence exceeded the configured thresholds.",retrieval_agent
patient00270/study3/view1_frontal.dcm,patient00270/study3,pass,0,0,,"No warning, critical, or severe quality evidence exceeded the configured thresholds.",retrieval_agent
patient00272/study1/view1_frontal.dcm,patient00272/study1,fail,2,2,severe: edge density outlier evidence (validation_edge_density_outlier_z=11.950); critical: RAD-DINO embedding outlier evidence (raddino_embedding_outlier_z=3.101); critical: edge density outlier evidence (validation_edge_density_outlier_z=11.950); warning: intensity standard deviation outlier evidence (validation_intensity_std_outlier_z=2.044); warning: entropy outlier evidence (validation_entropy_outlier_z=2.275),Severe evidence: edge density outlier evidence (validation_edge_density_outlier_z=11.950). Critical evidence: RAD-DINO embedding outlier evidence (raddino_embedding_outlier_z=3.101); edge density outlier evidence (validation_edge_density_outlier_z=11.950). Warning evidence: intensity standard deviation outlier evidence (validation_intensity_std_outlier_z=2.044); entropy outlier evidence (validation_entropy_outlier_z=2.275). Manifest evidence note: extreme_outlier. Image is marked unreliable because it has either three or more critical quality flags or at least one severe quality outlier.,stop_unreliable
patient00277/study1/view1_frontal.dcm,patient00277/study1,pass,0,0,,"No warning, critical, or severe quality evidence exceeded the configured thresholds.",retrieval_agent
patient00277/study13/view1_frontal.dcm,patient00277/study13,pass,0,0,,"No warning, critical, or severe quality evidence exceeded the configured thresholds.",retrieval_agent
patient00277/study12/view1_frontal.dcm,patient00277/study12,review_with_technical_warning,0,1,warning: ConvNeXt embedding outlier evidence (convnext_embedding_outlier_z=2.288),"Warning evidence: ConvNeXt embedding outlier evidence (convnext_embedding_outlier_z=2.288). Image may continue downstream, but this technical warning should be preserved in later reasoning.",retrieval_agent
patient00277/study4/view1_frontal.dcm,patient00277/study4,pass,0,0,,"No warning, critical, or severe quality evidence exceeded the configured thresholds.",retrieval_agent
patient00277/study8/view1_frontal.dcm,patient00277/study8,pass,0,0,,"No warning, critical, or severe quality evidence exceeded the configured thresholds.",retrieval_agent
patient00277/study5/view1_frontal.dcm,patient00277/study5,pass,0,0,,"No warning, critical, or severe quality evidence exceeded the configured thresholds.",retrieval_agent
patient00277/study10/view1_frontal.dcm,patient00277/study10,pass,0,0,,"No warning, critical, or severe quality evidence exceeded the configured thresholds.",retrieval_agent
patient00277/study9/view1_frontal.dcm,patient00277/study9,pass,0,0,,"No warning, critical, or severe quality evidence exceeded the configured thresholds.",retrieval_agent
patient00277/study2/view1_frontal.dcm,patient00277/study2,pass,0,0,,"No warning, critical, or severe quality evidence exceeded the configured thresholds.",retrieval_agent
patient00277/study3/view1_frontal.dcm,patient00277/study3,pass,0,0,,"No warning, critical, or severe quality evidence exceeded the configured thresholds.",retrieval_agent
patient00277/study11/view1_frontal.dcm,patient00277/study11,pass,0,0,,"No warning, critical, or severe quality evidence exceeded the configured thresholds.",retrieval_agent
patient00277/study6/view1_frontal.dcm,patient00277/study6,pass,0,0,,"No warning, critical, or severe quality evidence exceeded the configured thresholds.",retrieval_agent
patient00277/study7/view1_frontal.dcm,patient00277/study7,pass,0,0,,"No warning, critical, or severe quality evidence exceeded the configured thresholds.",retrieval_agent
patient00278/study1/view1_frontal.dcm,patient00278/study1,pass,0,0,,"No warning, critical, or severe quality evidence exceeded the configured thresholds.",retrieval_agent
patient00278/study2/view1_frontal.dcm,patient00278/study2,pass,0,0,,"No warning, critical, or severe quality evidence exceeded the configured thresholds.",retrieval_agent
patient00283/study4/view1_frontal.dcm,patient00283/study4,review_with_technical_warning,0,1,warning: edge density outlier evidence (validation_edge_density_outlier_z=2.158),"Warning evidence: edge density outlier evidence (validation_edge_density_outlier_z=2.158). Image may continue downstream, but this technical warning should be preserved in later reasoning.",retrieval_agent
patient00283/study1/view1_frontal.dcm,patient00283/study1,fail,5,0,critical: edge density outlier evidence (validation_edge_density_outlier_z=3.700); critical: intensity mean outlier evidence (validation_intensity_mean_outlier_z=3.666); critical: intensity standard deviation outlier evidence (validation_intensity_std_outlier_z=5.944); critical: contrast proxy outlier evidence (validation_contrast_proxy_outlier_z=5.921); critical: entropy outlier evidence (validation_entropy_outlier_z=3.744),Critical evidence: edge density outlier evidence (validation_edge_density_outlier_z=3.700); intensity mean outlier evidence (validation_intensity_mean_outlier_z=3.666); intensity standard deviation outlier evidence (validation_intensity_std_outlier_z=5.944); contrast proxy outlier evidence (validation_contrast_proxy_outlier_z=5.921); entropy outlier evidence (validation_entropy_outlier_z=3.744). Manifest evidence note: moderate_outlier. Image is marked unreliable because it has either three or more critical quality flags or at least one severe quality outlier.,stop_unreliable
patient00283/study1/view2_frontal.dcm,patient00283/study1,fail,5,0,severe: intensity standard deviation outlier evidence (validation_intensity_std_outlier_z=6.275); severe: contrast proxy outlier evidence (validation_contrast_proxy_outlier_z=6.368); critical: edge density outlier evidence (validation_edge_density_outlier_z=4.012); critical: intensity mean outlier evidence (validation_intensity_mean_outlier_z=4.024); critical: intensity standard deviation outlier evidence (validation_intensity_std_outlier_z=6.275); critical: contrast proxy outlier evidence (validation_contrast_proxy_outlier_z=6.368); critical: entropy outlier evidence (validation_entropy_outlier_z=3.968),Severe evidence: intensity standard deviation outlier evidence (validation_intensity_std_outlier_z=6.275); contrast proxy outlier evidence (validation_contrast_proxy_outlier_z=6.368). Critical evidence: edge density outlier evidence (validation_edge_density_outlier_z=4.012); intensity mean outlier evidence (validation_intensity_mean_outlier_z=4.024); intensity standard deviation outlier evidence (validation_intensity_std_outlier_z=6.275); contrast proxy outlier evidence (validation_contrast_proxy_outlier_z=6.368); entropy outlier evidence (validation_entropy_outlier_z=3.968). Manifest evidence note: extreme_outlier. Image is marked unreliable because it has either three or more critical quality flags or at least one severe quality outlier.,stop_unreliable
patient00283/study3/view1_frontal.dcm,patient00283/study3,fail,5,1,severe: edge density outlier evidence (validation_edge_density_outlier_z=7.429); severe: intensity standard deviation outlier evidence (validation_intensity_std_outlier_z=7.570); severe: contrast proxy outlier evidence (validation_contrast_proxy_outlier_z=7.134); critical: edge density outlier evidence (validation_edge_density_outlier_z=7.429); critical: intensity mean outlier evidence (validation_intensity_mean_outlier_z=3.553); critical: intensity standard deviation outlier evidence (validation_intensity_std_outlier_z=7.570); critical: contrast proxy outlier evidence (validation_contrast_proxy_outlier_z=7.134); critical: entropy outlier evidence (validation_entropy_outlier_z=3.610); warning: ConvNeXt embedding outlier evidence (convnext_embedding_outlier_z=2.422),Severe evidence: edge density outlier evidence (validation_edge_density_outlier_z=7.429); intensity standard deviation outlier evidence (validation_intensity_std_outlier_z=7.570); contrast proxy outlier evidence (validation_contrast_proxy_outlier_z=7.134). Critical evidence: edge density outlier evidence (validation_edge_density_outlier_z=7.429); intensity mean outlier evidence (validation_intensity_mean_outlier_z=3.553); intensity standard deviation outlier evidence (validation_intensity_std_outlier_z=7.570); contrast proxy outlier evidence (validation_contrast_proxy_outlier_z=7.134); entropy outlier evidence (validation_entropy_outlier_z=3.610). Warning evidence: ConvNeXt embedding outlier evidence (convnext_embedding_outlier_z=2.422). Manifest evidence note: extreme_outlier. Image is marked unreliable because it has either three or more critical quality flags or at least one severe quality outlier.,stop_unreliable
patient00283/study2/view1_frontal.dcm,patient00283/study2,fail,5,0,severe: edge density outlier evidence (validation_edge_density_outlier_z=13.212); severe: intensity standard deviation outlier evidence (validation_intensity_std_outlier_z=6.638); severe: contrast proxy outlier evidence (validation_contrast_proxy_outlier_z=6.509); critical: edge density outlier evidence (validation_edge_density_outlier_z=13.212); critical: intensity mean outlier evidence (validation_intensity_mean_outlier_z=3.290); critical: intensity standard deviation outlier evidence (validation_intensity_std_outlier_z=6.638); critical: contrast proxy outlier evidence (validation_contrast_proxy_outlier_z=6.509); critical: entropy outlier evidence (validation_entropy_outlier_z=3.440),Severe evidence: edge density outlier evidence (validation_edge_density_outlier_z=13.212); intensity standard deviation outlier evidence (validation_intensity_std_outlier_z=6.638); contrast proxy outlier evidence (validation_contrast_proxy_outlier_z=6.509). Critical evidence: edge density outlier evidence (validation_edge_density_outlier_z=13.212); intensity mean outlier evidence (validation_intensity_mean_outlier_z=3.290); intensity standard deviation outlier evidence (validation_intensity_std_outlier_z=6.638); contrast proxy outlier evidence (validation_contrast_proxy_outlier_z=6.509); entropy outlier evidence (validation_entropy_outlier_z=3.440). Manifest evidence note: extreme_outlier. Image is marked unreliable because it has either three or more critical quality flags or at least one severe quality outlier.,stop_unreliable
patient00284/study1/view1_frontal.dcm,patient00284/study1,pass,0,0,,"No warning, critical, or severe quality evidence exceeded the configured thresholds.",retrieval_agent
patient00284/study1/view2_lateral.dcm,patient00284/study1,review_with_technical_warning,1,4,critical: ConvNeXt embedding outlier evidence (convnext_embedding_outlier_z=4.499); warning: low sharpness evidence (low_sharpness_evidence_z=2.011); warning: high blur evidence (high_blur_evidence_z=2.014); warning: RAD-DINO embedding outlier evidence (raddino_embedding_outlier_z=2.114); warning: noise proxy outlier evidence (validation_noise_proxy_outlier_z=2.858),"Critical evidence: ConvNeXt embedding outlier evidence (convnext_embedding_outlier_z=4.499). Warning evidence: low sharpness evidence (low_sharpness_evidence_z=2.011); high blur evidence (high_blur_evidence_z=2.014); RAD-DINO embedding outlier evidence (raddino_embedding_outlier_z=2.114); noise proxy outlier evidence (validation_noise_proxy_outlier_z=2.858). Manifest evidence note: moderate_outlier. Image may continue downstream, but this technical warning should be preserved in later reasoning.",retrieval_agent
patient00285/study1/view1_frontal.dcm,patient00285/study1,pass,0,0,,"No warning, critical, or severe quality evidence exceeded the configured thresholds.",retrieval_agent
patient00285/study2/view1_frontal.dcm,patient00285/study2,pass,0,0,,"No warning, critical, or severe quality evidence exceeded the configured thresholds.",retrieval_agent
patient00285/study3/view1_frontal.dcm,patient00285/study3,pass,0,0,,"No warning, critical, or severe quality evidence exceeded the configured thresholds.",retrieval_agent
patient00285/study4/view1_frontal.dcm,patient00285/study4,pass,0,0,,"No warning, critical, or severe quality evidence exceeded the configured thresholds.",retrieval_agent
patient00286/study5/view1_frontal.dcm,patient00286/study5,pass,0,0,,"No warning, critical, or severe quality evidence exceeded the configured thresholds.",retrieval_agent
patient00286/study7/view1_frontal.dcm,patient00286/study7,pass,0,0,,"No warning, critical, or severe quality evidence exceeded the configured thresholds.",retrieval_agent
patient00286/study4/view1_frontal.dcm,patient00286/study4,pass,0,0,,"No warning, critical, or severe quality evidence exceeded the configured thresholds.",retrieval_agent
patient00286/study6/view1_frontal.dcm,patient00286/study6,pass,0,0,,"No warning, critical, or severe quality evidence exceeded the configured thresholds.",retrieval_agent
patient00286/study1/view1_frontal.dcm,patient00286/study1,pass,0,0,,"No warning, critical, or severe quality evidence exceeded the configured thresholds.",retrieval_agent
patient00286/study2/view1_frontal.dcm,patient00286/study2,pass,0,0,,"No warning, critical, or severe quality evidence exceeded the configured thresholds.",retrieval_agent
patient00286/study3/view1_frontal.dcm,patient00286/study3,pass,0,0,,"No warning, critical, or severe quality evidence exceeded the configured thresholds.",retrieval_agent
patient00286/study8/view1_frontal.dcm,patient00286/study8,pass,0,0,,"No warning, critical, or severe quality evidence exceeded the configured thresholds.",retrieval_agent
patient00286/study9/view1_frontal.dcm,patient00286/study9,pass,0,0,,"No warning, critical, or severe quality evidence exceeded the configured thresholds.",retrieval_agent
patient00287/study5/view1_frontal.dcm,patient00287/study5,pass,0,0,,"No warning, critical, or severe quality evidence exceeded the configured thresholds.",retrieval_agent
patient00287/study2/view1_frontal.dcm,patient00287/study2,pass,0,0,,"No warning, critical, or severe quality evidence exceeded the configured thresholds.",retrieval_agent
patient00287/study3/view1_frontal.dcm,patient00287/study3,pass,0,0,,"No warning, critical, or severe quality evidence exceeded the configured thresholds.",retrieval_agent
patient00287/study4/view1_frontal.dcm,patient00287/study4,pass,0,0,,"No warning, critical, or severe quality evidence exceeded the configured thresholds.",retrieval_agent
patient00287/study1/view1_frontal.dcm,patient00287/study1,pass,0,0,,"No warning, critical, or severe quality evidence exceeded the configured thresholds.",retrieval_agent
patient00287/study6/view1_frontal.dcm,patient00287/study6,pass,0,0,,"No warning, critical, or severe quality evidence exceeded the configured thresholds.",retrieval_agent
patient00290/study2/view1_frontal.dcm,patient00290/study2,pass,0,0,,"No warning, critical, or severe quality evidence exceeded the configured thresholds.",retrieval_agent
patient00290/study1/view1_frontal.dcm,patient00290/study1,pass,0,0,,"No warning, critical, or severe quality evidence exceeded the configured thresholds.",retrieval_agent
patient00291/study2/view1_frontal.dcm,patient00291/study2,review_with_technical_warning,0,1,warning: RAD-DINO embedding outlier evidence (raddino_embedding_outlier_z=2.929),"Warning evidence: RAD-DINO embedding outlier evidence (raddino_embedding_outlier_z=2.929). Image may continue downstream, but this technical warning should be preserved in later reasoning.",retrieval_agent
patient00291/study2/view2_lateral.dcm,patient00291/study2,review_with_technical_warning,2,2,critical: ConvNeXt embedding outlier evidence (convnext_embedding_outlier_z=4.483); critical: RAD-DINO embedding outlier evidence (raddino_embedding_outlier_z=3.606); warning: edge density outlier evidence (validation_edge_density_outlier_z=2.400); warning: noise proxy outlier evidence (validation_noise_proxy_outlier_z=2.147),"Critical evidence: ConvNeXt embedding outlier evidence (convnext_embedding_outlier_z=4.483); RAD-DINO embedding outlier evidence (raddino_embedding_outlier_z=3.606). Warning evidence: edge density outlier evidence (validation_edge_density_outlier_z=2.400); noise proxy outlier evidence (validation_noise_proxy_outlier_z=2.147). Manifest evidence note: moderate_outlier. Image may continue downstream, but this technical warning should be preserved in later reasoning.",retrieval_agent
patient00291/study3/view1_frontal.dcm,patient00291/study3,pass,0,0,,"No warning, critical, or severe quality evidence exceeded the configured thresholds.",retrieval_agent
patient00291/study4/view1_frontal.dcm,patient00291/study4,review_with_technical_warning,1,1,critical: edge density outlier evidence (validation_edge_density_outlier_z=4.544); warning: RAD-DINO patch variability outlier evidence (raddino_patch_variability_outlier_z=2.406),"Critical evidence: edge density outlier evidence (validation_edge_density_outlier_z=4.544). Warning evidence: RAD-DINO patch variability outlier evidence (raddino_patch_variability_outlier_z=2.406). Manifest evidence note: moderate_outlier. Image may continue downstream, but this technical warning should be preserved in later reasoning.",retrieval_agent
patient00291/study4/view2_lateral.dcm,patient00291/study4,review_with_technical_warning,1,2,critical: ConvNeXt embedding outlier evidence (convnext_embedding_outlier_z=4.067); warning: RAD-DINO embedding outlier evidence (raddino_embedding_outlier_z=2.951); warning: intensity standard deviation outlier evidence (validation_intensity_std_outlier_z=2.381),"Critical evidence: ConvNeXt embedding outlier evidence (convnext_embedding_outlier_z=4.067). Warning evidence: RAD-DINO embedding outlier evidence (raddino_embedding_outlier_z=2.951); intensity standard deviation outlier evidence (validation_intensity_std_outlier_z=2.381). Manifest evidence note: moderate_outlier. Image may continue downstream, but this technical warning should be preserved in later reasoning.",retrieval_agent
patient00291/study1/view1_frontal.dcm,patient00291/study1,review_with_technical_warning,0,6,warning: low contrast evidence (low_contrast_evidence_z=2.151); warning: low entropy evidence (low_entropy_evidence_z=2.536); warning: intensity standard deviation outlier evidence (validation_intensity_std_outlier_z=2.112); warning: contrast proxy outlier evidence (validation_contrast_proxy_outlier_z=2.151); warning: noise proxy outlier evidence (validation_noise_proxy_outlier_z=2.673); warning: entropy outlier evidence (validation_entropy_outlier_z=2.536),"Warning evidence: low contrast evidence (low_contrast_evidence_z=2.151); low entropy evidence (low_entropy_evidence_z=2.536); intensity standard deviation outlier evidence (validation_intensity_std_outlier_z=2.112); contrast proxy outlier evidence (validation_contrast_proxy_outlier_z=2.151); noise proxy outlier evidence (validation_noise_proxy_outlier_z=2.673); entropy outlier evidence (validation_entropy_outlier_z=2.536). Image may continue downstream, but this technical warning should be preserved in later reasoning.",retrieval_agent
patient00291/study1/view2_lateral.dcm,patient00291/study1,review_with_technical_warning,1,1,critical: ConvNeXt embedding outlier evidence (convnext_embedding_outlier_z=4.477); warning: RAD-DINO embedding outlier evidence (raddino_embedding_outlier_z=2.327),"Critical evidence: ConvNeXt embedding outlier evidence (convnext_embedding_outlier_z=4.477). Warning evidence: RAD-DINO embedding outlier evidence (raddino_embedding_outlier_z=2.327). Manifest evidence note: moderate_outlier. Image may continue downstream, but this technical warning should be preserved in later reasoning.",retrieval_agent
patient00291/study5/view1_frontal.dcm,patient00291/study5,pass,0,0,,"No warning, critical, or severe quality evidence exceeded the configured thresholds.",retrieval_agent
patient00291/study6/view1_frontal.dcm,patient00291/study6,pass,0,0,,"No warning, critical, or severe quality evidence exceeded the configured thresholds.",retrieval_agent
patient00298/study6/view1_frontal.dcm,patient00298/study6,review_with_technical_warning,0,2,warning: intensity mean outlier evidence (validation_intensity_mean_outlier_z=2.575); warning: contrast proxy outlier evidence (validation_contrast_proxy_outlier_z=2.125),"Warning evidence: intensity mean outlier evidence (validation_intensity_mean_outlier_z=2.575); contrast proxy outlier evidence (validation_contrast_proxy_outlier_z=2.125). Image may continue downstream, but this technical warning should be preserved in later reasoning.",retrieval_agent
patient00298/study5/view1_frontal.dcm,patient00298/study5,pass,0,0,,"No warning, critical, or severe quality evidence exceeded the configured thresholds.",retrieval_agent
patient00298/study2/view1_frontal.dcm,patient00298/study2,review_with_technical_warning,0,1,warning: edge density outlier evidence (validation_edge_density_outlier_z=2.488),"Warning evidence: edge density outlier evidence (validation_edge_density_outlier_z=2.488). Image may continue downstream, but this technical warning should be preserved in later reasoning.",retrieval_agent
patient00298/study4/view1_frontal.dcm,patient00298/study4,pass,0,0,,"No warning, critical, or severe quality evidence exceeded the configured thresholds.",retrieval_agent
patient00298/study1/view1_frontal.dcm,patient00298/study1,review_with_technical_warning,0,3,warning: RAD-DINO patch variability outlier evidence (raddino_patch_variability_outlier_z=2.332); warning: edge density outlier evidence (validation_edge_density_outlier_z=2.355); warning: noise proxy outlier evidence (validation_noise_proxy_outlier_z=2.223),"Warning evidence: RAD-DINO patch variability outlier evidence (raddino_patch_variability_outlier_z=2.332); edge density outlier evidence (validation_edge_density_outlier_z=2.355); noise proxy outlier evidence (validation_noise_proxy_outlier_z=2.223). Image may continue downstream, but this technical warning should be preserved in later reasoning.",retrieval_agent
patient00298/study1/view2_lateral.dcm,patient00298/study1,review_with_technical_warning,0,3,warning: ConvNeXt embedding outlier evidence (convnext_embedding_outlier_z=2.741); warning: edge density outlier evidence (validation_edge_density_outlier_z=2.355); warning: noise proxy outlier evidence (validation_noise_proxy_outlier_z=2.227),"Warning evidence: ConvNeXt embedding outlier evidence (convnext_embedding_outlier_z=2.741); edge density outlier evidence (validation_edge_density_outlier_z=2.355); noise proxy outlier evidence (validation_noise_proxy_outlier_z=2.227). Image may continue downstream, but this technical warning should be preserved in later reasoning.",retrieval_agent
patient00298/study3/view1_frontal.dcm,patient00298/study3,pass,0,0,,"No warning, critical, or severe quality evidence exceeded the configured thresholds.",retrieval_agent
patient00300/study1/view1_frontal.dcm,patient00300/study1,fail,4,5,severe: low entropy evidence (low_entropy_evidence_z=6.262); severe: entropy outlier evidence (validation_entropy_outlier_z=6.262); critical: low entropy evidence (low_entropy_evidence_z=6.262); critical: intensity standard deviation outlier evidence (validation_intensity_std_outlier_z=3.133); critical: noise proxy outlier evidence (validation_noise_proxy_outlier_z=3.112); critical: entropy outlier evidence (validation_entropy_outlier_z=6.262); warning: low contrast evidence (low_contrast_evidence_z=2.888); warning: low sharpness evidence (low_sharpness_evidence_z=2.153); warning: high blur evidence (high_blur_evidence_z=2.155); warning: edge density outlier evidence (validation_edge_density_outlier_z=2.168); warning: contrast proxy outlier evidence (validation_contrast_proxy_outlier_z=2.888),Severe evidence: low entropy evidence (low_entropy_evidence_z=6.262); entropy outlier evidence (validation_entropy_outlier_z=6.262). Critical evidence: low entropy evidence (low_entropy_evidence_z=6.262); intensity standard deviation outlier evidence (validation_intensity_std_outlier_z=3.133); noise proxy outlier evidence (validation_noise_proxy_outlier_z=3.112); entropy outlier evidence (validation_entropy_outlier_z=6.262). Warning evidence: low contrast evidence (low_contrast_evidence_z=2.888); low sharpness evidence (low_sharpness_evidence_z=2.153); high blur evidence (high_blur_evidence_z=2.155); edge density outlier evidence (validation_edge_density_outlier_z=2.168); contrast proxy outlier evidence (validation_contrast_proxy_outlier_z=2.888). Manifest evidence note: extreme_outlier. Image is marked unreliable because it has either three or more critical quality flags or at least one severe quality outlier.,stop_unreliable
patient00303/study2/view1_frontal.dcm,patient00303/study2,pass,0,0,,"No warning, critical, or severe quality evidence exceeded the configured thresholds.",retrieval_agent
patient00303/study1/view1_frontal.dcm,patient00303/study1,pass,0,0,,"No warning, critical, or severe quality evidence exceeded the configured thresholds.",retrieval_agent
patient00306/study1/view1_frontal.dcm,patient00306/study1,pass,0,0,,"No warning, critical, or severe quality evidence exceeded the configured thresholds.",retrieval_agent
patient00308/study4/view1_frontal.dcm,patient00308/study4,fail,1,0,severe: intensity mean outlier evidence (validation_intensity_mean_outlier_z=6.512); critical: intensity mean outlier evidence (validation_intensity_mean_outlier_z=6.512),Severe evidence: intensity mean outlier evidence (validation_intensity_mean_outlier_z=6.512). Critical evidence: intensity mean outlier evidence (validation_intensity_mean_outlier_z=6.512). Manifest evidence note: extreme_outlier. Image is marked unreliable because it has either three or more critical quality flags or at least one severe quality outlier.,stop_unreliable
patient00308/study4/view2_lateral.dcm,patient00308/study4,review_with_technical_warning,1,1,critical: ConvNeXt embedding outlier evidence (convnext_embedding_outlier_z=3.567); warning: noise proxy outlier evidence (validation_noise_proxy_outlier_z=2.393),"Critical evidence: ConvNeXt embedding outlier evidence (convnext_embedding_outlier_z=3.567). Warning evidence: noise proxy outlier evidence (validation_noise_proxy_outlier_z=2.393). Manifest evidence note: moderate_outlier. Image may continue downstream, but this technical warning should be preserved in later reasoning.",retrieval_agent
patient00308/study3/view1_frontal.dcm,patient00308/study3,pass,0,0,,"No warning, critical, or severe quality evidence exceeded the configured thresholds.",retrieval_agent
patient00308/study3/view2_lateral.dcm,patient00308/study3,review_with_technical_warning,1,2,critical: ConvNeXt embedding outlier evidence (convnext_embedding_outlier_z=3.213); warning: RAD-DINO embedding outlier evidence (raddino_embedding_outlier_z=2.598); warning: edge density outlier evidence (validation_edge_density_outlier_z=2.011),"Critical evidence: ConvNeXt embedding outlier evidence (convnext_embedding_outlier_z=3.213). Warning evidence: RAD-DINO embedding outlier evidence (raddino_embedding_outlier_z=2.598); edge density outlier evidence (validation_edge_density_outlier_z=2.011). Image may continue downstream, but this technical warning should be preserved in later reasoning.",retrieval_agent
patient00308/study2/view1_frontal.dcm,patient00308/study2,pass,0,0,,"No warning, critical, or severe quality evidence exceeded the configured thresholds.",retrieval_agent
patient00308/study1/view1_frontal.dcm,patient00308/study1,pass,0,0,,"No warning, critical, or severe quality evidence exceeded the configured thresholds.",retrieval_agent
patient00313/study1/view1_frontal.dcm,patient00313/study1,fail,3,2,critical: intensity standard deviation outlier evidence (validation_intensity_std_outlier_z=3.215); critical: contrast proxy outlier evidence (validation_contrast_proxy_outlier_z=3.177); critical: entropy outlier evidence (validation_entropy_outlier_z=3.013); warning: edge density outlier evidence (validation_edge_density_outlier_z=2.314); warning: intensity mean outlier evidence (validation_intensity_mean_outlier_z=2.043),Critical evidence: intensity standard deviation outlier evidence (validation_intensity_std_outlier_z=3.215); contrast proxy outlier evidence (validation_contrast_proxy_outlier_z=3.177); entropy outlier evidence (validation_entropy_outlier_z=3.013). Warning evidence: edge density outlier evidence (validation_edge_density_outlier_z=2.314); intensity mean outlier evidence (validation_intensity_mean_outlier_z=2.043). Image is marked unreliable because it has either three or more critical quality flags or at least one severe quality outlier.,stop_unreliable
patient00313/study1/view2_lateral.dcm,patient00313/study1,review_with_technical_warning,2,0,critical: intensity standard deviation outlier evidence (validation_intensity_std_outlier_z=3.741); critical: contrast proxy outlier evidence (validation_contrast_proxy_outlier_z=3.219),"Critical evidence: intensity standard deviation outlier evidence (validation_intensity_std_outlier_z=3.741); contrast proxy outlier evidence (validation_contrast_proxy_outlier_z=3.219). Manifest evidence note: moderate_outlier. Image may continue downstream, but this technical warning should be preserved in later reasoning.",retrieval_agent
patient00317/study5/view1_frontal.dcm,patient00317/study5,pass,0,0,,"No warning, critical, or severe quality evidence exceeded the configured thresholds.",retrieval_agent
patient00317/study4/view1_frontal.dcm,patient00317/study4,pass,0,0,,"No warning, critical, or severe quality evidence exceeded the configured thresholds.",retrieval_agent
patient00317/study1/view1_frontal.dcm,patient00317/study1,review_with_technical_warning,0,1,warning: RAD-DINO patch variability outlier evidence (raddino_patch_variability_outlier_z=2.368),"Warning evidence: RAD-DINO patch variability outlier evidence (raddino_patch_variability_outlier_z=2.368). Image may continue downstream, but this technical warning should be preserved in later reasoning.",retrieval_agent
patient00317/study1/view2_lateral.dcm,patient00317/study1,fail,5,2,severe: RAD-DINO embedding outlier evidence (raddino_embedding_outlier_z=6.731); severe: edge density outlier evidence (validation_edge_density_outlier_z=103.507); severe: intensity standard deviation outlier evidence (validation_intensity_std_outlier_z=6.378); critical: RAD-DINO embedding outlier evidence (raddino_embedding_outlier_z=6.731); critical: edge density outlier evidence (validation_edge_density_outlier_z=103.507); critical: intensity standard deviation outlier evidence (validation_intensity_std_outlier_z=6.378); critical: contrast proxy outlier evidence (validation_contrast_proxy_outlier_z=5.290); critical: entropy outlier evidence (validation_entropy_outlier_z=3.522); warning: ConvNeXt embedding outlier evidence (convnext_embedding_outlier_z=2.405); warning: intensity mean outlier evidence (validation_intensity_mean_outlier_z=2.899),Severe evidence: RAD-DINO embedding outlier evidence (raddino_embedding_outlier_z=6.731); edge density outlier evidence (validation_edge_density_outlier_z=103.507); intensity standard deviation outlier evidence (validation_intensity_std_outlier_z=6.378). Critical evidence: RAD-DINO embedding outlier evidence (raddino_embedding_outlier_z=6.731); edge density outlier evidence (validation_edge_density_outlier_z=103.507); intensity standard deviation outlier evidence (validation_intensity_std_outlier_z=6.378); contrast proxy outlier evidence (validation_contrast_proxy_outlier_z=5.290); entropy outlier evidence (validation_entropy_outlier_z=3.522). Warning evidence: ConvNeXt embedding outlier evidence (convnext_embedding_outlier_z=2.405); intensity mean outlier evidence (validation_intensity_mean_outlier_z=2.899). Manifest evidence note: extreme_outlier. Image is marked unreliable because it has either three or more critical quality flags or at least one severe quality outlier.,stop_unreliable
patient00317/study8/view1_frontal.dcm,patient00317/study8,pass,0,0,,"No warning, critical, or severe quality evidence exceeded the configured thresholds.",retrieval_agent
patient00317/study2/view1_frontal.dcm,patient00317/study2,pass,0,0,,"No warning, critical, or severe quality evidence exceeded the configured thresholds.",retrieval_agent
patient00317/study6/view1_frontal.dcm,patient00317/study6,pass,0,0,,"No warning, critical, or severe quality evidence exceeded the configured thresholds.",retrieval_agent
patient00317/study3/view1_frontal.dcm,patient00317/study3,pass,0,0,,"No warning, critical, or severe quality evidence exceeded the configured thresholds.",retrieval_agent
patient00317/study7/view1_frontal.dcm,patient00317/study7,pass,0,0,,"No warning, critical, or severe quality evidence exceeded the configured thresholds.",retrieval_agent
patient00319/study2/view1_frontal.dcm,patient00319/study2,fail,4,0,critical: intensity mean outlier evidence (validation_intensity_mean_outlier_z=3.001); critical: intensity standard deviation outlier evidence (validation_intensity_std_outlier_z=4.243); critical: contrast proxy outlier evidence (validation_contrast_proxy_outlier_z=3.709); critical: entropy outlier evidence (validation_entropy_outlier_z=3.372),Critical evidence: intensity mean outlier evidence (validation_intensity_mean_outlier_z=3.001); intensity standard deviation outlier evidence (validation_intensity_std_outlier_z=4.243); contrast proxy outlier evidence (validation_contrast_proxy_outlier_z=3.709); entropy outlier evidence (validation_entropy_outlier_z=3.372). Manifest evidence note: moderate_outlier. Image is marked unreliable because it has either three or more critical quality flags or at least one severe quality outlier.,stop_unreliable
patient00319/study1/view1_frontal.dcm,patient00319/study1,fail,3,1,critical: intensity mean outlier evidence (validation_intensity_mean_outlier_z=3.612); critical: intensity standard deviation outlier evidence (validation_intensity_std_outlier_z=3.270); critical: contrast proxy outlier evidence (validation_contrast_proxy_outlier_z=3.069); warning: entropy outlier evidence (validation_entropy_outlier_z=2.931),Critical evidence: intensity mean outlier evidence (validation_intensity_mean_outlier_z=3.612); intensity standard deviation outlier evidence (validation_intensity_std_outlier_z=3.270); contrast proxy outlier evidence (validation_contrast_proxy_outlier_z=3.069). Warning evidence: entropy outlier evidence (validation_entropy_outlier_z=2.931). Manifest evidence note: moderate_outlier. Image is marked unreliable because it has either three or more critical quality flags or at least one severe quality outlier.,stop_unreliable
patient00319/study4/view1_frontal.dcm,patient00319/study4,fail,4,0,critical: intensity mean outlier evidence (validation_intensity_mean_outlier_z=3.740); critical: intensity standard deviation outlier evidence (validation_intensity_std_outlier_z=4.387); critical: contrast proxy outlier evidence (validation_contrast_proxy_outlier_z=3.048); critical: entropy outlier evidence (validation_entropy_outlier_z=3.658),Critical evidence: intensity mean outlier evidence (validation_intensity_mean_outlier_z=3.740); intensity standard deviation outlier evidence (validation_intensity_std_outlier_z=4.387); contrast proxy outlier evidence (validation_contrast_proxy_outlier_z=3.048); entropy outlier evidence (validation_entropy_outlier_z=3.658). Manifest evidence note: moderate_outlier. Image is marked unreliable because it has either three or more critical quality flags or at least one severe quality outlier.,stop_unreliable
patient00319/study3/view1_frontal.dcm,patient00319/study3,fail,3,3,critical: intensity mean outlier evidence (validation_intensity_mean_outlier_z=3.545); critical: intensity standard deviation outlier evidence (validation_intensity_std_outlier_z=3.329); critical: entropy outlier evidence (validation_entropy_outlier_z=3.025); warning: ConvNeXt embedding outlier evidence (convnext_embedding_outlier_z=2.279); warning: RAD-DINO patch variability outlier evidence (raddino_patch_variability_outlier_z=2.036); warning: contrast proxy outlier evidence (validation_contrast_proxy_outlier_z=2.652),Critical evidence: intensity mean outlier evidence (validation_intensity_mean_outlier_z=3.545); intensity standard deviation outlier evidence (validation_intensity_std_outlier_z=3.329); entropy outlier evidence (validation_entropy_outlier_z=3.025). Warning evidence: ConvNeXt embedding outlier evidence (convnext_embedding_outlier_z=2.279); RAD-DINO patch variability outlier evidence (raddino_patch_variability_outlier_z=2.036); contrast proxy outlier evidence (validation_contrast_proxy_outlier_z=2.652). Manifest evidence note: moderate_outlier. Image is marked unreliable because it has either three or more critical quality flags or at least one severe quality outlier.,stop_unreliable
patient00322/study1/view1_frontal.dcm,patient00322/study1,review_with_technical_warning,2,3,critical: low entropy evidence (low_entropy_evidence_z=3.349); critical: entropy outlier evidence (validation_entropy_outlier_z=3.349); warning: RAD-DINO patch variability outlier evidence (raddino_patch_variability_outlier_z=2.897); warning: intensity standard deviation outlier evidence (validation_intensity_std_outlier_z=2.023); warning: noise proxy outlier evidence (validation_noise_proxy_outlier_z=2.573),"Critical evidence: low entropy evidence (low_entropy_evidence_z=3.349); entropy outlier evidence (validation_entropy_outlier_z=3.349). Warning evidence: RAD-DINO patch variability outlier evidence (raddino_patch_variability_outlier_z=2.897); intensity standard deviation outlier evidence (validation_intensity_std_outlier_z=2.023); noise proxy outlier evidence (validation_noise_proxy_outlier_z=2.573). Image may continue downstream, but this technical warning should be preserved in later reasoning.",retrieval_agent
patient00323/study1/view1_frontal.dcm,patient00323/study1,review_with_technical_warning,0,1,warning: intensity mean outlier evidence (validation_intensity_mean_outlier_z=2.679),"Warning evidence: intensity mean outlier evidence (validation_intensity_mean_outlier_z=2.679). Image may continue downstream, but this technical warning should be preserved in later reasoning.",retrieval_agent
patient00323/study1/view2_lateral.dcm,patient00323/study1,review_with_technical_warning,2,4,critical: ConvNeXt embedding outlier evidence (convnext_embedding_outlier_z=4.466); critical: noise proxy outlier evidence (validation_noise_proxy_outlier_z=3.050); warning: low sharpness evidence (low_sharpness_evidence_z=2.105); warning: low entropy evidence (low_entropy_evidence_z=2.284); warning: high blur evidence (high_blur_evidence_z=2.108); warning: entropy outlier evidence (validation_entropy_outlier_z=2.284),"Critical evidence: ConvNeXt embedding outlier evidence (convnext_embedding_outlier_z=4.466); noise proxy outlier evidence (validation_noise_proxy_outlier_z=3.050). Warning evidence: low sharpness evidence (low_sharpness_evidence_z=2.105); low entropy evidence (low_entropy_evidence_z=2.284); high blur evidence (high_blur_evidence_z=2.108); entropy outlier evidence (validation_entropy_outlier_z=2.284). Manifest evidence note: moderate_outlier. Image may continue downstream, but this technical warning should be preserved in later reasoning.",retrieval_agent
patient00323/study2/view1_frontal.dcm,patient00323/study2,pass,0,0,,"No warning, critical, or severe quality evidence exceeded the configured thresholds.",retrieval_agent
patient00323/study2/view2_lateral.dcm,patient00323/study2,review_with_technical_warning,0,2,warning: ConvNeXt embedding outlier evidence (convnext_embedding_outlier_z=2.293); warning: contrast proxy outlier evidence (validation_contrast_proxy_outlier_z=2.467),"Warning evidence: ConvNeXt embedding outlier evidence (convnext_embedding_outlier_z=2.293); contrast proxy outlier evidence (validation_contrast_proxy_outlier_z=2.467). Image may continue downstream, but this technical warning should be preserved in later reasoning.",retrieval_agent
patient00327/study2/view1_frontal.dcm,patient00327/study2,review_with_technical_warning,0,2,warning: low entropy evidence (low_entropy_evidence_z=2.339); warning: entropy outlier evidence (validation_entropy_outlier_z=2.339),"Warning evidence: low entropy evidence (low_entropy_evidence_z=2.339); entropy outlier evidence (validation_entropy_outlier_z=2.339). Image may continue downstream, but this technical warning should be preserved in later reasoning.",retrieval_agent
patient00327/study1/view1_frontal.dcm,patient00327/study1,review_with_technical_warning,0,2,warning: low entropy evidence (low_entropy_evidence_z=2.789); warning: entropy outlier evidence (validation_entropy_outlier_z=2.789),"Warning evidence: low entropy evidence (low_entropy_evidence_z=2.789); entropy outlier evidence (validation_entropy_outlier_z=2.789). Image may continue downstream, but this technical warning should be preserved in later reasoning.",retrieval_agent
patient00327/study1/view2_lateral.dcm,patient00327/study1,review_with_technical_warning,1,2,critical: ConvNeXt embedding outlier evidence (convnext_embedding_outlier_z=3.647); warning: RAD-DINO embedding outlier evidence (raddino_embedding_outlier_z=2.016); warning: RAD-DINO patch variability outlier evidence (raddino_patch_variability_outlier_z=2.629),"Critical evidence: ConvNeXt embedding outlier evidence (convnext_embedding_outlier_z=3.647). Warning evidence: RAD-DINO embedding outlier evidence (raddino_embedding_outlier_z=2.016); RAD-DINO patch variability outlier evidence (raddino_patch_variability_outlier_z=2.629). Manifest evidence note: moderate_outlier. Image may continue downstream, but this technical warning should be preserved in later reasoning.",retrieval_agent
patient00327/study1/view3_lateral.dcm,patient00327/study1,review_with_technical_warning,2,0,critical: ConvNeXt embedding outlier evidence (convnext_embedding_outlier_z=3.539); critical: RAD-DINO embedding outlier evidence (raddino_embedding_outlier_z=3.217),"Critical evidence: ConvNeXt embedding outlier evidence (convnext_embedding_outlier_z=3.539); RAD-DINO embedding outlier evidence (raddino_embedding_outlier_z=3.217). Manifest evidence note: moderate_outlier. Image may continue downstream, but this technical warning should be preserved in later reasoning.",retrieval_agent
patient00329/study1/view1_frontal.dcm,patient00329/study1,review_with_technical_warning,2,6,critical: low entropy evidence (low_entropy_evidence_z=3.184); critical: entropy outlier evidence (validation_entropy_outlier_z=3.184); warning: low contrast evidence (low_contrast_evidence_z=2.180); warning: RAD-DINO patch variability outlier evidence (raddino_patch_variability_outlier_z=2.156); warning: edge density outlier evidence (validation_edge_density_outlier_z=2.041); warning: intensity standard deviation outlier evidence (validation_intensity_std_outlier_z=2.188); warning: contrast proxy outlier evidence (validation_contrast_proxy_outlier_z=2.180); warning: noise proxy outlier evidence (validation_noise_proxy_outlier_z=2.759),"Critical evidence: low entropy evidence (low_entropy_evidence_z=3.184); entropy outlier evidence (validation_entropy_outlier_z=3.184). Warning evidence: low contrast evidence (low_contrast_evidence_z=2.180); RAD-DINO patch variability outlier evidence (raddino_patch_variability_outlier_z=2.156); edge density outlier evidence (validation_edge_density_outlier_z=2.041); intensity standard deviation outlier evidence (validation_intensity_std_outlier_z=2.188); contrast proxy outlier evidence (validation_contrast_proxy_outlier_z=2.180); noise proxy outlier evidence (validation_noise_proxy_outlier_z=2.759). Image may continue downstream, but this technical warning should be preserved in later reasoning.",retrieval_agent
patient00329/study1/view2_lateral.dcm,patient00329/study1,review_with_technical_warning,1,2,critical: RAD-DINO embedding outlier evidence (raddino_embedding_outlier_z=3.092); warning: ConvNeXt embedding outlier evidence (convnext_embedding_outlier_z=2.546); warning: noise proxy outlier evidence (validation_noise_proxy_outlier_z=2.361),"Critical evidence: RAD-DINO embedding outlier evidence (raddino_embedding_outlier_z=3.092). Warning evidence: ConvNeXt embedding outlier evidence (convnext_embedding_outlier_z=2.546); noise proxy outlier evidence (validation_noise_proxy_outlier_z=2.361). Image may continue downstream, but this technical warning should be preserved in later reasoning.",retrieval_agent
patient00329/study3/view1_frontal.dcm,patient00329/study3,pass,0,0,,"No warning, critical, or severe quality evidence exceeded the configured thresholds.",retrieval_agent
patient00329/study2/view1_frontal.dcm,patient00329/study2,pass,0,0,,"No warning, critical, or severe quality evidence exceeded the configured thresholds.",retrieval_agent
patient00335/study3/view1_frontal.dcm,patient00335/study3,pass,0,0,,"No warning, critical, or severe quality evidence exceeded the configured thresholds.",retrieval_agent
patient00335/study8/view1_frontal.dcm,patient00335/study8,pass,0,0,,"No warning, critical, or severe quality evidence exceeded the configured thresholds.",retrieval_agent
patient00335/study6/view1_frontal.dcm,patient00335/study6,pass,0,0,,"No warning, critical, or severe quality evidence exceeded the configured thresholds.",retrieval_agent
patient00335/study5/view1_frontal.dcm,patient00335/study5,pass,0,0,,"No warning, critical, or severe quality evidence exceeded the configured thresholds.",retrieval_agent
patient00335/study1/view1_frontal.dcm,patient00335/study1,pass,0,0,,"No warning, critical, or severe quality evidence exceeded the configured thresholds.",retrieval_agent
patient00335/study7/view1_frontal.dcm,patient00335/study7,fail,1,0,severe: edge density outlier evidence (validation_edge_density_outlier_z=54.270); critical: edge density outlier evidence (validation_edge_density_outlier_z=54.270),Severe evidence: edge density outlier evidence (validation_edge_density_outlier_z=54.270). Critical evidence: edge density outlier evidence (validation_edge_density_outlier_z=54.270). Manifest evidence note: extreme_outlier. Image is marked unreliable because it has either three or more critical quality flags or at least one severe quality outlier.,stop_unreliable
patient00335/study2/view1_frontal.dcm,patient00335/study2,pass,0,0,,"No warning, critical, or severe quality evidence exceeded the configured thresholds.",retrieval_agent
patient00335/study4/view1_frontal.dcm,patient00335/study4,pass,0,0,,"No warning, critical, or severe quality evidence exceeded the configured thresholds.",retrieval_agent
patient00336/study1/view1_frontal.dcm,patient00336/study1,review_with_technical_warning,1,2,critical: edge density outlier evidence (validation_edge_density_outlier_z=3.746); warning: intensity mean outlier evidence (validation_intensity_mean_outlier_z=2.660); warning: contrast proxy outlier evidence (validation_contrast_proxy_outlier_z=2.959),"Critical evidence: edge density outlier evidence (validation_edge_density_outlier_z=3.746). Warning evidence: intensity mean outlier evidence (validation_intensity_mean_outlier_z=2.660); contrast proxy outlier evidence (validation_contrast_proxy_outlier_z=2.959). Manifest evidence note: moderate_outlier. Image may continue downstream, but this technical warning should be preserved in later reasoning.",retrieval_agent
patient00336/study1/view2_lateral.dcm,patient00336/study1,review_with_technical_warning,1,0,critical: ConvNeXt embedding outlier evidence (convnext_embedding_outlier_z=4.098),"Critical evidence: ConvNeXt embedding outlier evidence (convnext_embedding_outlier_z=4.098). Manifest evidence note: moderate_outlier. Image may continue downstream, but this technical warning should be preserved in later reasoning.",retrieval_agent
patient00336/study2/view1_frontal.dcm,patient00336/study2,review_with_technical_warning,1,0,critical: intensity mean outlier evidence (validation_intensity_mean_outlier_z=5.497),"Critical evidence: intensity mean outlier evidence (validation_intensity_mean_outlier_z=5.497). Manifest evidence note: moderate_outlier. Image may continue downstream, but this technical warning should be preserved in later reasoning.",retrieval_agent
patient00336/study2/view2_lateral.dcm,patient00336/study2,review_with_technical_warning,1,3,critical: ConvNeXt embedding outlier evidence (convnext_embedding_outlier_z=3.333); warning: low entropy evidence (low_entropy_evidence_z=2.144); warning: edge density outlier evidence (validation_edge_density_outlier_z=2.647); warning: entropy outlier evidence (validation_entropy_outlier_z=2.144),"Critical evidence: ConvNeXt embedding outlier evidence (convnext_embedding_outlier_z=3.333). Warning evidence: low entropy evidence (low_entropy_evidence_z=2.144); edge density outlier evidence (validation_edge_density_outlier_z=2.647); entropy outlier evidence (validation_entropy_outlier_z=2.144). Image may continue downstream, but this technical warning should be preserved in later reasoning.",retrieval_agent
patient00336/study3/view1_frontal.dcm,patient00336/study3,review_with_technical_warning,1,1,critical: intensity mean outlier evidence (validation_intensity_mean_outlier_z=5.215); warning: edge density outlier evidence (validation_edge_density_outlier_z=2.416),"Critical evidence: intensity mean outlier evidence (validation_intensity_mean_outlier_z=5.215). Warning evidence: edge density outlier evidence (validation_edge_density_outlier_z=2.416). Manifest evidence note: moderate_outlier. Image may continue downstream, but this technical warning should be preserved in later reasoning.",retrieval_agent
patient00336/study3/view2_lateral.dcm,patient00336/study3,review_with_technical_warning,1,3,critical: ConvNeXt embedding outlier evidence (convnext_embedding_outlier_z=4.158); warning: low entropy evidence (low_entropy_evidence_z=2.147); warning: noise proxy outlier evidence (validation_noise_proxy_outlier_z=2.534); warning: entropy outlier evidence (validation_entropy_outlier_z=2.147),"Critical evidence: ConvNeXt embedding outlier evidence (convnext_embedding_outlier_z=4.158). Warning evidence: low entropy evidence (low_entropy_evidence_z=2.147); noise proxy outlier evidence (validation_noise_proxy_outlier_z=2.534); entropy outlier evidence (validation_entropy_outlier_z=2.147). Manifest evidence note: moderate_outlier. Image may continue downstream, but this technical warning should be preserved in later reasoning.",retrieval_agent
patient00342/study1/view1_frontal.dcm,patient00342/study1,pass,0,0,,"No warning, critical, or severe quality evidence exceeded the configured thresholds.",retrieval_agent
patient00343/study1/view1_frontal.dcm,patient00343/study1,pass,0,0,,"No warning, critical, or severe quality evidence exceeded the configured thresholds.",retrieval_agent
patient00344/study1/view1_frontal.dcm,patient00344/study1,review_with_technical_warning,1,4,critical: noise proxy outlier evidence (validation_noise_proxy_outlier_z=3.303); warning: low sharpness evidence (low_sharpness_evidence_z=2.137); warning: low entropy evidence (low_entropy_evidence_z=2.318); warning: high blur evidence (high_blur_evidence_z=2.140); warning: entropy outlier evidence (validation_entropy_outlier_z=2.318),"Critical evidence: noise proxy outlier evidence (validation_noise_proxy_outlier_z=3.303). Warning evidence: low sharpness evidence (low_sharpness_evidence_z=2.137); low entropy evidence (low_entropy_evidence_z=2.318); high blur evidence (high_blur_evidence_z=2.140); entropy outlier evidence (validation_entropy_outlier_z=2.318). Image may continue downstream, but this technical warning should be preserved in later reasoning.",retrieval_agent
patient00344/study1/view2_lateral.dcm,patient00344/study1,fail,4,0,severe: intensity standard deviation outlier evidence (validation_intensity_std_outlier_z=6.694); severe: contrast proxy outlier evidence (validation_contrast_proxy_outlier_z=7.070); critical: intensity mean outlier evidence (validation_intensity_mean_outlier_z=5.700); critical: intensity standard deviation outlier evidence (validation_intensity_std_outlier_z=6.694); critical: contrast proxy outlier evidence (validation_contrast_proxy_outlier_z=7.070); critical: entropy outlier evidence (validation_entropy_outlier_z=3.090),Severe evidence: intensity standard deviation outlier evidence (validation_intensity_std_outlier_z=6.694); contrast proxy outlier evidence (validation_contrast_proxy_outlier_z=7.070). Critical evidence: intensity mean outlier evidence (validation_intensity_mean_outlier_z=5.700); intensity standard deviation outlier evidence (validation_intensity_std_outlier_z=6.694); contrast proxy outlier evidence (validation_contrast_proxy_outlier_z=7.070); entropy outlier evidence (validation_entropy_outlier_z=3.090). Manifest evidence note: extreme_outlier. Image is marked unreliable because it has either three or more critical quality flags or at least one severe quality outlier.,stop_unreliable
patient00350/study2/view1_frontal.dcm,patient00350/study2,pass,0,0,,"No warning, critical, or severe quality evidence exceeded the configured thresholds.",retrieval_agent
patient00350/study1/view1_frontal.dcm,patient00350/study1,review_with_technical_warning,2,4,critical: low entropy evidence (low_entropy_evidence_z=3.592); critical: entropy outlier evidence (validation_entropy_outlier_z=3.592); warning: low contrast evidence (low_contrast_evidence_z=2.327); warning: RAD-DINO patch variability outlier evidence (raddino_patch_variability_outlier_z=2.292); warning: intensity standard deviation outlier evidence (validation_intensity_std_outlier_z=2.092); warning: contrast proxy outlier evidence (validation_contrast_proxy_outlier_z=2.327),"Critical evidence: low entropy evidence (low_entropy_evidence_z=3.592); entropy outlier evidence (validation_entropy_outlier_z=3.592). Warning evidence: low contrast evidence (low_contrast_evidence_z=2.327); RAD-DINO patch variability outlier evidence (raddino_patch_variability_outlier_z=2.292); intensity standard deviation outlier evidence (validation_intensity_std_outlier_z=2.092); contrast proxy outlier evidence (validation_contrast_proxy_outlier_z=2.327). Manifest evidence note: moderate_outlier. Image may continue downstream, but this technical warning should be preserved in later reasoning.",retrieval_agent
patient00350/study1/view2_lateral.dcm,patient00350/study1,pass,0,0,,"No warning, critical, or severe quality evidence exceeded the configured thresholds.",retrieval_agent
patient00352/study1/view1_frontal.dcm,patient00352/study1,review_with_technical_warning,1,0,critical: intensity mean outlier evidence (validation_intensity_mean_outlier_z=5.577),"Critical evidence: intensity mean outlier evidence (validation_intensity_mean_outlier_z=5.577). Manifest evidence note: moderate_outlier. Image may continue downstream, but this technical warning should be preserved in later reasoning.",retrieval_agent
patient00358/study1/view1_frontal.dcm,patient00358/study1,review_with_technical_warning,0,1,warning: edge density outlier evidence (validation_edge_density_outlier_z=2.043),"Warning evidence: edge density outlier evidence (validation_edge_density_outlier_z=2.043). Image may continue downstream, but this technical warning should be preserved in later reasoning.",retrieval_agent
patient00360/study1/view1_frontal.dcm,patient00360/study1,pass,0,0,,"No warning, critical, or severe quality evidence exceeded the configured thresholds.",retrieval_agent
patient00361/study1/view1_frontal.dcm,patient00361/study1,review_with_technical_warning,0,1,warning: edge density outlier evidence (validation_edge_density_outlier_z=2.384),"Warning evidence: edge density outlier evidence (validation_edge_density_outlier_z=2.384). Image may continue downstream, but this technical warning should be preserved in later reasoning.",retrieval_agent
patient00365/study1/view1_frontal.dcm,patient00365/study1,fail,2,2,severe: edge density outlier evidence (validation_edge_density_outlier_z=9.532); critical: edge density outlier evidence (validation_edge_density_outlier_z=9.532); critical: noise proxy outlier evidence (validation_noise_proxy_outlier_z=3.031); warning: low sharpness evidence (low_sharpness_evidence_z=2.070); warning: high blur evidence (high_blur_evidence_z=2.072),Severe evidence: edge density outlier evidence (validation_edge_density_outlier_z=9.532). Critical evidence: edge density outlier evidence (validation_edge_density_outlier_z=9.532); noise proxy outlier evidence (validation_noise_proxy_outlier_z=3.031). Warning evidence: low sharpness evidence (low_sharpness_evidence_z=2.070); high blur evidence (high_blur_evidence_z=2.072). Manifest evidence note: extreme_outlier. Image is marked unreliable because it has either three or more critical quality flags or at least one severe quality outlier.,stop_unreliable
patient00368/study1/view1_frontal.dcm,patient00368/study1,review_with_technical_warning,1,3,critical: intensity mean outlier evidence (validation_intensity_mean_outlier_z=3.809); warning: intensity standard deviation outlier evidence (validation_intensity_std_outlier_z=2.437); warning: contrast proxy outlier evidence (validation_contrast_proxy_outlier_z=2.234); warning: entropy outlier evidence (validation_entropy_outlier_z=2.592),"Critical evidence: intensity mean outlier evidence (validation_intensity_mean_outlier_z=3.809). Warning evidence: intensity standard deviation outlier evidence (validation_intensity_std_outlier_z=2.437); contrast proxy outlier evidence (validation_contrast_proxy_outlier_z=2.234); entropy outlier evidence (validation_entropy_outlier_z=2.592). Manifest evidence note: moderate_outlier. Image may continue downstream, but this technical warning should be preserved in later reasoning.",retrieval_agent
patient00369/study1/view1_frontal.dcm,patient00369/study1,fail,1,0,severe: intensity mean outlier evidence (validation_intensity_mean_outlier_z=6.706); critical: intensity mean outlier evidence (validation_intensity_mean_outlier_z=6.706),Severe evidence: intensity mean outlier evidence (validation_intensity_mean_outlier_z=6.706). Critical evidence: intensity mean outlier evidence (validation_intensity_mean_outlier_z=6.706). Manifest evidence note: extreme_outlier. Image is marked unreliable because it has either three or more critical quality flags or at least one severe quality outlier.,stop_unreliable
patient00369/study2/view1_frontal.dcm,patient00369/study2,review_with_technical_warning,1,0,critical: intensity mean outlier evidence (validation_intensity_mean_outlier_z=3.499),"Critical evidence: intensity mean outlier evidence (validation_intensity_mean_outlier_z=3.499). Image may continue downstream, but this technical warning should be preserved in later reasoning.",retrieval_agent
patient00377/study1/view1_frontal.dcm,patient00377/study1,review_with_technical_warning,0,1,warning: edge density outlier evidence (validation_edge_density_outlier_z=2.153),"Warning evidence: edge density outlier evidence (validation_edge_density_outlier_z=2.153). Image may continue downstream, but this technical warning should be preserved in later reasoning.",retrieval_agent
patient00381/study1/view1_frontal.dcm,patient00381/study1,review_with_technical_warning,0,2,warning: edge density outlier evidence (validation_edge_density_outlier_z=2.155); warning: noise proxy outlier evidence (validation_noise_proxy_outlier_z=2.118),"Warning evidence: edge density outlier evidence (validation_edge_density_outlier_z=2.155); noise proxy outlier evidence (validation_noise_proxy_outlier_z=2.118). Image may continue downstream, but this technical warning should be preserved in later reasoning.",retrieval_agent
patient00381/study1/view2_lateral.dcm,patient00381/study1,review_with_technical_warning,1,2,critical: RAD-DINO embedding outlier evidence (raddino_embedding_outlier_z=5.057); warning: ConvNeXt embedding outlier evidence (convnext_embedding_outlier_z=2.335); warning: edge density outlier evidence (validation_edge_density_outlier_z=2.361),"Critical evidence: RAD-DINO embedding outlier evidence (raddino_embedding_outlier_z=5.057). Warning evidence: ConvNeXt embedding outlier evidence (convnext_embedding_outlier_z=2.335); edge density outlier evidence (validation_edge_density_outlier_z=2.361). Manifest evidence note: moderate_outlier. Image may continue downstream, but this technical warning should be preserved in later reasoning.",retrieval_agent
patient00383/study1/view1_frontal.dcm,patient00383/study1,pass,0,0,,"No warning, critical, or severe quality evidence exceeded the configured thresholds.",retrieval_agent
patient00384/study1/view1_frontal.dcm,patient00384/study1,review_with_technical_warning,0,2,warning: RAD-DINO embedding outlier evidence (raddino_embedding_outlier_z=2.744); warning: edge density outlier evidence (validation_edge_density_outlier_z=2.366),"Warning evidence: RAD-DINO embedding outlier evidence (raddino_embedding_outlier_z=2.744); edge density outlier evidence (validation_edge_density_outlier_z=2.366). Image may continue downstream, but this technical warning should be preserved in later reasoning.",retrieval_agent
patient00386/study1/view1_frontal.dcm,patient00386/study1,fail,4,0,critical: intensity mean outlier evidence (validation_intensity_mean_outlier_z=3.363); critical: intensity standard deviation outlier evidence (validation_intensity_std_outlier_z=4.832); critical: contrast proxy outlier evidence (validation_contrast_proxy_outlier_z=4.452); critical: entropy outlier evidence (validation_entropy_outlier_z=3.428),Critical evidence: intensity mean outlier evidence (validation_intensity_mean_outlier_z=3.363); intensity standard deviation outlier evidence (validation_intensity_std_outlier_z=4.832); contrast proxy outlier evidence (validation_contrast_proxy_outlier_z=4.452); entropy outlier evidence (validation_entropy_outlier_z=3.428). Manifest evidence note: moderate_outlier. Image is marked unreliable because it has either three or more critical quality flags or at least one severe quality outlier.,stop_unreliable
patient00387/study1/view1_frontal.dcm,patient00387/study1,fail,2,1,severe: edge density outlier evidence (validation_edge_density_outlier_z=29.123); critical: edge density outlier evidence (validation_edge_density_outlier_z=29.123); critical: intensity mean outlier evidence (validation_intensity_mean_outlier_z=4.864); warning: intensity standard deviation outlier evidence (validation_intensity_std_outlier_z=2.718),Severe evidence: edge density outlier evidence (validation_edge_density_outlier_z=29.123). Critical evidence: edge density outlier evidence (validation_edge_density_outlier_z=29.123); intensity mean outlier evidence (validation_intensity_mean_outlier_z=4.864). Warning evidence: intensity standard deviation outlier evidence (validation_intensity_std_outlier_z=2.718). Manifest evidence note: extreme_outlier. Image is marked unreliable because it has either three or more critical quality flags or at least one severe quality outlier.,stop_unreliable
patient00387/study1/view2_lateral.dcm,patient00387/study1,review_with_technical_warning,1,0,critical: ConvNeXt embedding outlier evidence (convnext_embedding_outlier_z=3.793),"Critical evidence: ConvNeXt embedding outlier evidence (convnext_embedding_outlier_z=3.793). Manifest evidence note: moderate_outlier. Image may continue downstream, but this technical warning should be preserved in later reasoning.",retrieval_agent
patient00388/study1/view1_frontal.dcm,patient00388/study1,pass,0,0,,"No warning, critical, or severe quality evidence exceeded the configured thresholds.",retrieval_agent
patient00391/study1/view1_frontal.dcm,patient00391/study1,pass,0,0,,"No warning, critical, or severe quality evidence exceeded the configured thresholds.",retrieval_agent
patient00391/study2/view1_frontal.dcm,patient00391/study2,pass,0,0,,"No warning, critical, or severe quality evidence exceeded the configured thresholds.",retrieval_agent
patient00391/study3/view1_frontal.dcm,patient00391/study3,pass,0,0,,"No warning, critical, or severe quality evidence exceeded the configured thresholds.",retrieval_agent
patient00391/study4/view1_frontal.dcm,patient00391/study4,review_with_technical_warning,0,1,warning: RAD-DINO patch variability outlier evidence (raddino_patch_variability_outlier_z=2.567),"Warning evidence: RAD-DINO patch variability outlier evidence (raddino_patch_variability_outlier_z=2.567). Image may continue downstream, but this technical warning should be preserved in later reasoning.",retrieval_agent
patient00391/study4/view2_lateral.dcm,patient00391/study4,review_with_technical_warning,1,2,critical: intensity standard deviation outlier evidence (validation_intensity_std_outlier_z=3.309); warning: RAD-DINO embedding outlier evidence (raddino_embedding_outlier_z=2.139); warning: contrast proxy outlier evidence (validation_contrast_proxy_outlier_z=2.573),"Critical evidence: intensity standard deviation outlier evidence (validation_intensity_std_outlier_z=3.309). Warning evidence: RAD-DINO embedding outlier evidence (raddino_embedding_outlier_z=2.139); contrast proxy outlier evidence (validation_contrast_proxy_outlier_z=2.573). Image may continue downstream, but this technical warning should be preserved in later reasoning.",retrieval_agent
patient00401/study1/view1_frontal.dcm,patient00401/study1,pass,0,0,,"No warning, critical, or severe quality evidence exceeded the configured thresholds.",retrieval_agent
patient00403/study4/view1_frontal.dcm,patient00403/study4,fail,1,0,severe: edge density outlier evidence (validation_edge_density_outlier_z=10.372); critical: edge density outlier evidence (validation_edge_density_outlier_z=10.372),Severe evidence: edge density outlier evidence (validation_edge_density_outlier_z=10.372). Critical evidence: edge density outlier evidence (validation_edge_density_outlier_z=10.372). Manifest evidence note: extreme_outlier. Image is marked unreliable because it has either three or more critical quality flags or at least one severe quality outlier.,stop_unreliable
patient00403/study5/view1_frontal.dcm,patient00403/study5,review_with_technical_warning,0,1,warning: noise proxy outlier evidence (validation_noise_proxy_outlier_z=2.007),"Warning evidence: noise proxy outlier evidence (validation_noise_proxy_outlier_z=2.007). Image may continue downstream, but this technical warning should be preserved in later reasoning.",retrieval_agent
patient00403/study1/view1_frontal.dcm,patient00403/study1,pass,0,0,,"No warning, critical, or severe quality evidence exceeded the configured thresholds.",retrieval_agent
patient00403/study3/view1_frontal.dcm,patient00403/study3,review_with_technical_warning,0,1,warning: edge density outlier evidence (validation_edge_density_outlier_z=2.662),"Warning evidence: edge density outlier evidence (validation_edge_density_outlier_z=2.662). Image may continue downstream, but this technical warning should be preserved in later reasoning.",retrieval_agent
patient00403/study2/view1_frontal.dcm,patient00403/study2,review_with_technical_warning,1,0,critical: edge density outlier evidence (validation_edge_density_outlier_z=4.590),"Critical evidence: edge density outlier evidence (validation_edge_density_outlier_z=4.590). Manifest evidence note: moderate_outlier. Image may continue downstream, but this technical warning should be preserved in later reasoning.",retrieval_agent
patient00405/study1/view1_frontal.dcm,patient00405/study1,review_with_technical_warning,0,4,warning: low entropy evidence (low_entropy_evidence_z=2.761); warning: RAD-DINO patch variability outlier evidence (raddino_patch_variability_outlier_z=2.739); warning: edge density outlier evidence (validation_edge_density_outlier_z=2.832); warning: entropy outlier evidence (validation_entropy_outlier_z=2.761),"Warning evidence: low entropy evidence (low_entropy_evidence_z=2.761); RAD-DINO patch variability outlier evidence (raddino_patch_variability_outlier_z=2.739); edge density outlier evidence (validation_edge_density_outlier_z=2.832); entropy outlier evidence (validation_entropy_outlier_z=2.761). Image may continue downstream, but this technical warning should be preserved in later reasoning.",retrieval_agent
patient00405/study1/view2_frontal.dcm,patient00405/study1,fail,1,2,severe: intensity mean outlier evidence (validation_intensity_mean_outlier_z=7.494); critical: intensity mean outlier evidence (validation_intensity_mean_outlier_z=7.494); warning: high noise evidence (high_noise_evidence_z=2.069); warning: noise proxy outlier evidence (validation_noise_proxy_outlier_z=2.069),Severe evidence: intensity mean outlier evidence (validation_intensity_mean_outlier_z=7.494). Critical evidence: intensity mean outlier evidence (validation_intensity_mean_outlier_z=7.494). Warning evidence: high noise evidence (high_noise_evidence_z=2.069); noise proxy outlier evidence (validation_noise_proxy_outlier_z=2.069). Manifest evidence note: extreme_outlier. Image is marked unreliable because it has either three or more critical quality flags or at least one severe quality outlier.,stop_unreliable
patient00408/study1/view1_frontal.dcm,patient00408/study1,review_with_technical_warning,0,1,warning: edge density outlier evidence (validation_edge_density_outlier_z=2.896),"Warning evidence: edge density outlier evidence (validation_edge_density_outlier_z=2.896). Image may continue downstream, but this technical warning should be preserved in later reasoning.",retrieval_agent
patient00408/study4/view1_frontal.dcm,patient00408/study4,pass,0,0,,"No warning, critical, or severe quality evidence exceeded the configured thresholds.",retrieval_agent
patient00408/study5/view1_frontal.dcm,patient00408/study5,pass,0,0,,"No warning, critical, or severe quality evidence exceeded the configured thresholds.",retrieval_agent
patient00408/study6/view1_frontal.dcm,patient00408/study6,pass,0,0,,"No warning, critical, or severe quality evidence exceeded the configured thresholds.",retrieval_agent
patient00408/study2/view1_frontal.dcm,patient00408/study2,pass,0,0,,"No warning, critical, or severe quality evidence exceeded the configured thresholds.",retrieval_agent
patient00408/study3/view1_frontal.dcm,patient00408/study3,pass,0,0,,"No warning, critical, or severe quality evidence exceeded the configured thresholds.",retrieval_agent
patient00412/study6/view1_frontal.dcm,patient00412/study6,review_with_technical_warning,0,1,warning: ConvNeXt embedding outlier evidence (convnext_embedding_outlier_z=2.554),"Warning evidence: ConvNeXt embedding outlier evidence (convnext_embedding_outlier_z=2.554). Image may continue downstream, but this technical warning should be preserved in later reasoning.",retrieval_agent
patient00412/study4/view1_frontal.dcm,patient00412/study4,pass,0,0,,"No warning, critical, or severe quality evidence exceeded the configured thresholds.",retrieval_agent
patient00412/study2/view1_frontal.dcm,patient00412/study2,fail,3,2,critical: low entropy evidence (low_entropy_evidence_z=3.286); critical: edge density outlier evidence (validation_edge_density_outlier_z=3.002); critical: entropy outlier evidence (validation_entropy_outlier_z=3.286); warning: low contrast evidence (low_contrast_evidence_z=2.162); warning: contrast proxy outlier evidence (validation_contrast_proxy_outlier_z=2.162),Critical evidence: low entropy evidence (low_entropy_evidence_z=3.286); edge density outlier evidence (validation_edge_density_outlier_z=3.002); entropy outlier evidence (validation_entropy_outlier_z=3.286). Warning evidence: low contrast evidence (low_contrast_evidence_z=2.162); contrast proxy outlier evidence (validation_contrast_proxy_outlier_z=2.162). Image is marked unreliable because it has either three or more critical quality flags or at least one severe quality outlier.,stop_unreliable
patient00412/study7/view1_frontal.dcm,patient00412/study7,pass,0,0,,"No warning, critical, or severe quality evidence exceeded the configured thresholds.",retrieval_agent
patient00412/study1/view1_frontal.dcm,patient00412/study1,review_with_technical_warning,1,0,critical: edge density outlier evidence (validation_edge_density_outlier_z=5.460),"Critical evidence: edge density outlier evidence (validation_edge_density_outlier_z=5.460). Manifest evidence note: moderate_outlier. Image may continue downstream, but this technical warning should be preserved in later reasoning.",retrieval_agent
patient00412/study3/view1_frontal.dcm,patient00412/study3,pass,0,0,,"No warning, critical, or severe quality evidence exceeded the configured thresholds.",retrieval_agent
patient00412/study8/view1_frontal.dcm,patient00412/study8,review_with_technical_warning,0,1,warning: ConvNeXt embedding outlier evidence (convnext_embedding_outlier_z=2.076),"Warning evidence: ConvNeXt embedding outlier evidence (convnext_embedding_outlier_z=2.076). Image may continue downstream, but this technical warning should be preserved in later reasoning.",retrieval_agent
patient00412/study5/view1_frontal.dcm,patient00412/study5,review_with_technical_warning,0,1,warning: edge density outlier evidence (validation_edge_density_outlier_z=2.423),"Warning evidence: edge density outlier evidence (validation_edge_density_outlier_z=2.423). Image may continue downstream, but this technical warning should be preserved in later reasoning.",retrieval_agent
patient00413/study1/view1_frontal.dcm,patient00413/study1,fail,2,2,severe: edge density outlier evidence (validation_edge_density_outlier_z=129.221); critical: edge density outlier evidence (validation_edge_density_outlier_z=129.221); critical: intensity mean outlier evidence (validation_intensity_mean_outlier_z=3.859); warning: intensity standard deviation outlier evidence (validation_intensity_std_outlier_z=2.499); warning: entropy outlier evidence (validation_entropy_outlier_z=2.656),Severe evidence: edge density outlier evidence (validation_edge_density_outlier_z=129.221). Critical evidence: edge density outlier evidence (validation_edge_density_outlier_z=129.221); intensity mean outlier evidence (validation_intensity_mean_outlier_z=3.859). Warning evidence: intensity standard deviation outlier evidence (validation_intensity_std_outlier_z=2.499); entropy outlier evidence (validation_entropy_outlier_z=2.656). Manifest evidence note: extreme_outlier. Image is marked unreliable because it has either three or more critical quality flags or at least one severe quality outlier.,stop_unreliable
patient00413/study1/view2_lateral.dcm,patient00413/study1,fail,2,1,severe: edge density outlier evidence (validation_edge_density_outlier_z=40.942); critical: ConvNeXt embedding outlier evidence (convnext_embedding_outlier_z=3.087); critical: edge density outlier evidence (validation_edge_density_outlier_z=40.942); warning: noise proxy outlier evidence (validation_noise_proxy_outlier_z=2.244),Severe evidence: edge density outlier evidence (validation_edge_density_outlier_z=40.942). Critical evidence: ConvNeXt embedding outlier evidence (convnext_embedding_outlier_z=3.087); edge density outlier evidence (validation_edge_density_outlier_z=40.942). Warning evidence: noise proxy outlier evidence (validation_noise_proxy_outlier_z=2.244). Manifest evidence note: extreme_outlier. Image is marked unreliable because it has either three or more critical quality flags or at least one severe quality outlier.,stop_unreliable
patient00422/study1/view1_frontal.dcm,patient00422/study1,fail,1,3,severe: edge density outlier evidence (validation_edge_density_outlier_z=10.563); critical: edge density outlier evidence (validation_edge_density_outlier_z=10.563); warning: intensity mean outlier evidence (validation_intensity_mean_outlier_z=2.066); warning: noise proxy outlier evidence (validation_noise_proxy_outlier_z=2.220); warning: entropy outlier evidence (validation_entropy_outlier_z=2.124),Severe evidence: edge density outlier evidence (validation_edge_density_outlier_z=10.563). Critical evidence: edge density outlier evidence (validation_edge_density_outlier_z=10.563). Warning evidence: intensity mean outlier evidence (validation_intensity_mean_outlier_z=2.066); noise proxy outlier evidence (validation_noise_proxy_outlier_z=2.220); entropy outlier evidence (validation_entropy_outlier_z=2.124). Manifest evidence note: extreme_outlier. Image is marked unreliable because it has either three or more critical quality flags or at least one severe quality outlier.,stop_unreliable
patient00422/study2/view1_frontal.dcm,patient00422/study2,fail,4,1,severe: edge density outlier evidence (validation_edge_density_outlier_z=38.911); critical: edge density outlier evidence (validation_edge_density_outlier_z=38.911); critical: intensity standard deviation outlier evidence (validation_intensity_std_outlier_z=4.252); critical: contrast proxy outlier evidence (validation_contrast_proxy_outlier_z=3.789); critical: entropy outlier evidence (validation_entropy_outlier_z=3.749); warning: intensity mean outlier evidence (validation_intensity_mean_outlier_z=2.729),Severe evidence: edge density outlier evidence (validation_edge_density_outlier_z=38.911). Critical evidence: edge density outlier evidence (validation_edge_density_outlier_z=38.911); intensity standard deviation outlier evidence (validation_intensity_std_outlier_z=4.252); contrast proxy outlier evidence (validation_contrast_proxy_outlier_z=3.789); entropy outlier evidence (validation_entropy_outlier_z=3.749). Warning evidence: intensity mean outlier evidence (validation_intensity_mean_outlier_z=2.729). Manifest evidence note: extreme_outlier. Image is marked unreliable because it has either three or more critical quality flags or at least one severe quality outlier.,stop_unreliable
patient00425/study1/view1_frontal.dcm,patient00425/study1,pass,0,0,,"No warning, critical, or severe quality evidence exceeded the configured thresholds.",retrieval_agent
patient00427/study1/view1_frontal.dcm,patient00427/study1,fail,1,3,severe: edge density outlier evidence (validation_edge_density_outlier_z=60.500); critical: edge density outlier evidence (validation_edge_density_outlier_z=60.500); warning: intensity mean outlier evidence (validation_intensity_mean_outlier_z=2.019); warning: intensity standard deviation outlier evidence (validation_intensity_std_outlier_z=2.142); warning: noise proxy outlier evidence (validation_noise_proxy_outlier_z=2.412),Severe evidence: edge density outlier evidence (validation_edge_density_outlier_z=60.500). Critical evidence: edge density outlier evidence (validation_edge_density_outlier_z=60.500). Warning evidence: intensity mean outlier evidence (validation_intensity_mean_outlier_z=2.019); intensity standard deviation outlier evidence (validation_intensity_std_outlier_z=2.142); noise proxy outlier evidence (validation_noise_proxy_outlier_z=2.412). Manifest evidence note: extreme_outlier. Image is marked unreliable because it has either three or more critical quality flags or at least one severe quality outlier.,stop_unreliable
patient00427/study1/view2_lateral.dcm,patient00427/study1,fail,3,3,severe: edge density outlier evidence (validation_edge_density_outlier_z=7.285); critical: RAD-DINO embedding outlier evidence (raddino_embedding_outlier_z=3.511); critical: edge density outlier evidence (validation_edge_density_outlier_z=7.285); critical: noise proxy outlier evidence (validation_noise_proxy_outlier_z=3.516); warning: low sharpness evidence (low_sharpness_evidence_z=2.194); warning: high blur evidence (high_blur_evidence_z=2.197); warning: ConvNeXt embedding outlier evidence (convnext_embedding_outlier_z=2.149),Severe evidence: edge density outlier evidence (validation_edge_density_outlier_z=7.285). Critical evidence: RAD-DINO embedding outlier evidence (raddino_embedding_outlier_z=3.511); edge density outlier evidence (validation_edge_density_outlier_z=7.285); noise proxy outlier evidence (validation_noise_proxy_outlier_z=3.516). Warning evidence: low sharpness evidence (low_sharpness_evidence_z=2.194); high blur evidence (high_blur_evidence_z=2.197); ConvNeXt embedding outlier evidence (convnext_embedding_outlier_z=2.149). Manifest evidence note: extreme_outlier. Image is marked unreliable because it has either three or more critical quality flags or at least one severe quality outlier.,stop_unreliable
patient00429/study1/view1_frontal.dcm,patient00429/study1,review_with_technical_warning,1,3,critical: edge density outlier evidence (validation_edge_density_outlier_z=3.526); warning: low entropy evidence (low_entropy_evidence_z=2.159); warning: ConvNeXt embedding outlier evidence (convnext_embedding_outlier_z=2.654); warning: entropy outlier evidence (validation_entropy_outlier_z=2.159),"Critical evidence: edge density outlier evidence (validation_edge_density_outlier_z=3.526). Warning evidence: low entropy evidence (low_entropy_evidence_z=2.159); ConvNeXt embedding outlier evidence (convnext_embedding_outlier_z=2.654); entropy outlier evidence (validation_entropy_outlier_z=2.159). Manifest evidence note: moderate_outlier. Image may continue downstream, but this technical warning should be preserved in later reasoning.",retrieval_agent
patient00429/study1/view2_frontal.dcm,patient00429/study1,review_with_technical_warning,1,2,critical: edge density outlier evidence (validation_edge_density_outlier_z=3.439); warning: low entropy evidence (low_entropy_evidence_z=2.104); warning: entropy outlier evidence (validation_entropy_outlier_z=2.104),"Critical evidence: edge density outlier evidence (validation_edge_density_outlier_z=3.439). Warning evidence: low entropy evidence (low_entropy_evidence_z=2.104); entropy outlier evidence (validation_entropy_outlier_z=2.104). Image may continue downstream, but this technical warning should be preserved in later reasoning.",retrieval_agent
patient00429/study1/view3_lateral.dcm,patient00429/study1,review_with_technical_warning,1,2,critical: edge density outlier evidence (validation_edge_density_outlier_z=3.544); warning: ConvNeXt embedding outlier evidence (convnext_embedding_outlier_z=2.362); warning: RAD-DINO patch variability outlier evidence (raddino_patch_variability_outlier_z=2.029),"Critical evidence: edge density outlier evidence (validation_edge_density_outlier_z=3.544). Warning evidence: ConvNeXt embedding outlier evidence (convnext_embedding_outlier_z=2.362); RAD-DINO patch variability outlier evidence (raddino_patch_variability_outlier_z=2.029). Manifest evidence note: moderate_outlier. Image may continue downstream, but this technical warning should be preserved in later reasoning.",retrieval_agent
patient00441/study4/view1_frontal.dcm,patient00441/study4,pass,0,0,,"No warning, critical, or severe quality evidence exceeded the configured thresholds.",retrieval_agent
patient00441/study6/view1_frontal.dcm,patient00441/study6,review_with_technical_warning,1,1,critical: edge density outlier evidence (validation_edge_density_outlier_z=3.021); warning: noise proxy outlier evidence (validation_noise_proxy_outlier_z=2.178),"Critical evidence: edge density outlier evidence (validation_edge_density_outlier_z=3.021). Warning evidence: noise proxy outlier evidence (validation_noise_proxy_outlier_z=2.178). Image may continue downstream, but this technical warning should be preserved in later reasoning.",retrieval_agent
patient00441/study3/view1_frontal.dcm,patient00441/study3,pass,0,0,,"No warning, critical, or severe quality evidence exceeded the configured thresholds.",retrieval_agent
patient00441/study5/view1_frontal.dcm,patient00441/study5,pass,0,0,,"No warning, critical, or severe quality evidence exceeded the configured thresholds.",retrieval_agent
patient00441/study2/view1_frontal.dcm,patient00441/study2,pass,0,0,,"No warning, critical, or severe quality evidence exceeded the configured thresholds.",retrieval_agent
patient00441/study1/view1_frontal.dcm,patient00441/study1,pass,0,0,,"No warning, critical, or severe quality evidence exceeded the configured thresholds.",retrieval_agent
patient00445/study1/view1_frontal.dcm,patient00445/study1,fail,5,0,severe: edge density outlier evidence (validation_edge_density_outlier_z=68.772); critical: edge density outlier evidence (validation_edge_density_outlier_z=68.772); critical: intensity mean outlier evidence (validation_intensity_mean_outlier_z=3.497); critical: intensity standard deviation outlier evidence (validation_intensity_std_outlier_z=4.958); critical: contrast proxy outlier evidence (validation_contrast_proxy_outlier_z=4.562); critical: entropy outlier evidence (validation_entropy_outlier_z=4.162),Severe evidence: edge density outlier evidence (validation_edge_density_outlier_z=68.772). Critical evidence: edge density outlier evidence (validation_edge_density_outlier_z=68.772); intensity mean outlier evidence (validation_intensity_mean_outlier_z=3.497); intensity standard deviation outlier evidence (validation_intensity_std_outlier_z=4.958); contrast proxy outlier evidence (validation_contrast_proxy_outlier_z=4.562); entropy outlier evidence (validation_entropy_outlier_z=4.162). Manifest evidence note: extreme_outlier. Image is marked unreliable because it has either three or more critical quality flags or at least one severe quality outlier.,stop_unreliable
patient00448/study1/view1_frontal.dcm,patient00448/study1,pass,0,0,,"No warning, critical, or severe quality evidence exceeded the configured thresholds.",retrieval_agent
patient00448/study1/view2_lateral.dcm,patient00448/study1,review_with_technical_warning,1,1,critical: RAD-DINO embedding outlier evidence (raddino_embedding_outlier_z=3.193); warning: ConvNeXt embedding outlier evidence (convnext_embedding_outlier_z=2.336),"Critical evidence: RAD-DINO embedding outlier evidence (raddino_embedding_outlier_z=3.193). Warning evidence: ConvNeXt embedding outlier evidence (convnext_embedding_outlier_z=2.336). Image may continue downstream, but this technical warning should be preserved in later reasoning.",retrieval_agent
patient00450/study1/view1_frontal.dcm,patient00450/study1,fail,3,0,critical: low entropy evidence (low_entropy_evidence_z=3.317); critical: edge density outlier evidence (validation_edge_density_outlier_z=4.256); critical: entropy outlier evidence (validation_entropy_outlier_z=3.317),Critical evidence: low entropy evidence (low_entropy_evidence_z=3.317); edge density outlier evidence (validation_edge_density_outlier_z=4.256); entropy outlier evidence (validation_entropy_outlier_z=3.317). Manifest evidence note: moderate_outlier. Image is marked unreliable because it has either three or more critical quality flags or at least one severe quality outlier.,stop_unreliable
patient00450/study1/view2_lateral.dcm,patient00450/study1,review_with_technical_warning,0,2,warning: RAD-DINO embedding outlier evidence (raddino_embedding_outlier_z=2.794); warning: noise proxy outlier evidence (validation_noise_proxy_outlier_z=2.269),"Warning evidence: RAD-DINO embedding outlier evidence (raddino_embedding_outlier_z=2.794); noise proxy outlier evidence (validation_noise_proxy_outlier_z=2.269). Image may continue downstream, but this technical warning should be preserved in later reasoning.",retrieval_agent
patient00452/study1/view1_frontal.dcm,patient00452/study1,fail,1,0,severe: intensity mean outlier evidence (validation_intensity_mean_outlier_z=6.257); critical: intensity mean outlier evidence (validation_intensity_mean_outlier_z=6.257),Severe evidence: intensity mean outlier evidence (validation_intensity_mean_outlier_z=6.257). Critical evidence: intensity mean outlier evidence (validation_intensity_mean_outlier_z=6.257). Manifest evidence note: extreme_outlier. Image is marked unreliable because it has either three or more critical quality flags or at least one severe quality outlier.,stop_unreliable
patient00455/study1/view1_frontal.dcm,patient00455/study1,review_with_technical_warning,0,1,warning: noise proxy outlier evidence (validation_noise_proxy_outlier_z=2.026),"Warning evidence: noise proxy outlier evidence (validation_noise_proxy_outlier_z=2.026). Image may continue downstream, but this technical warning should be preserved in later reasoning.",retrieval_agent
patient00455/study1/view2_lateral.dcm,patient00455/study1,review_with_technical_warning,1,2,critical: ConvNeXt embedding outlier evidence (convnext_embedding_outlier_z=4.840); warning: intensity standard deviation outlier evidence (validation_intensity_std_outlier_z=2.742); warning: noise proxy outlier evidence (validation_noise_proxy_outlier_z=2.354),"Critical evidence: ConvNeXt embedding outlier evidence (convnext_embedding_outlier_z=4.840). Warning evidence: intensity standard deviation outlier evidence (validation_intensity_std_outlier_z=2.742); noise proxy outlier evidence (validation_noise_proxy_outlier_z=2.354). Manifest evidence note: moderate_outlier. Image may continue downstream, but this technical warning should be preserved in later reasoning.",retrieval_agent
patient00457/study4/view1_frontal.dcm,patient00457/study4,pass,0,0,,"No warning, critical, or severe quality evidence exceeded the configured thresholds.",retrieval_agent
patient00457/study5/view1_frontal.dcm,patient00457/study5,pass,0,0,,"No warning, critical, or severe quality evidence exceeded the configured thresholds.",retrieval_agent
patient00457/study3/view1_frontal.dcm,patient00457/study3,pass,0,0,,"No warning, critical, or severe quality evidence exceeded the configured thresholds.",retrieval_agent
patient00457/study9/view1_frontal.dcm,patient00457/study9,review_with_technical_warning,0,2,warning: low entropy evidence (low_entropy_evidence_z=2.420); warning: entropy outlier evidence (validation_entropy_outlier_z=2.420),"Warning evidence: low entropy evidence (low_entropy_evidence_z=2.420); entropy outlier evidence (validation_entropy_outlier_z=2.420). Image may continue downstream, but this technical warning should be preserved in later reasoning.",retrieval_agent
patient00457/study2/view1_frontal.dcm,patient00457/study2,pass,0,0,,"No warning, critical, or severe quality evidence exceeded the configured thresholds.",retrieval_agent
patient00457/study6/view1_frontal.dcm,patient00457/study6,pass,0,0,,"No warning, critical, or severe quality evidence exceeded the configured thresholds.",retrieval_agent
patient00457/study8/view1_frontal.dcm,patient00457/study8,pass,0,0,,"No warning, critical, or severe quality evidence exceeded the configured thresholds.",retrieval_agent
patient00457/study7/view1_frontal.dcm,patient00457/study7,pass,0,0,,"No warning, critical, or severe quality evidence exceeded the configured thresholds.",retrieval_agent
patient00459/study1/view1_frontal.dcm,patient00459/study1,pass,0,0,,"No warning, critical, or severe quality evidence exceeded the configured thresholds.",retrieval_agent
patient00459/study1/view2_lateral.dcm,patient00459/study1,review_with_technical_warning,2,0,critical: RAD-DINO embedding outlier evidence (raddino_embedding_outlier_z=3.403); critical: intensity standard deviation outlier evidence (validation_intensity_std_outlier_z=3.149),"Critical evidence: RAD-DINO embedding outlier evidence (raddino_embedding_outlier_z=3.403); intensity standard deviation outlier evidence (validation_intensity_std_outlier_z=3.149). Image may continue downstream, but this technical warning should be preserved in later reasoning.",retrieval_agent
patient00462/study1/view1_frontal.dcm,patient00462/study1,pass,0,0,,"No warning, critical, or severe quality evidence exceeded the configured thresholds.",retrieval_agent
patient00464/study1/view1_frontal.dcm,patient00464/study1,pass,0,0,,"No warning, critical, or severe quality evidence exceeded the configured thresholds.",retrieval_agent
patient00472/study1/view1_frontal.dcm,patient00472/study1,fail,1,2,severe: edge density outlier evidence (validation_edge_density_outlier_z=10.861); critical: edge density outlier evidence (validation_edge_density_outlier_z=10.861); warning: intensity mean outlier evidence (validation_intensity_mean_outlier_z=2.273); warning: contrast proxy outlier evidence (validation_contrast_proxy_outlier_z=2.186),Severe evidence: edge density outlier evidence (validation_edge_density_outlier_z=10.861). Critical evidence: edge density outlier evidence (validation_edge_density_outlier_z=10.861). Warning evidence: intensity mean outlier evidence (validation_intensity_mean_outlier_z=2.273); contrast proxy outlier evidence (validation_contrast_proxy_outlier_z=2.186). Manifest evidence note: extreme_outlier. Image is marked unreliable because it has either three or more critical quality flags or at least one severe quality outlier.,stop_unreliable
patient00472/study2/view1_frontal.dcm,patient00472/study2,review_with_technical_warning,1,0,critical: intensity mean outlier evidence (validation_intensity_mean_outlier_z=5.926),"Critical evidence: intensity mean outlier evidence (validation_intensity_mean_outlier_z=5.926). Manifest evidence note: moderate_outlier. Image may continue downstream, but this technical warning should be preserved in later reasoning.",retrieval_agent
patient00472/study2/view2_lateral.dcm,patient00472/study2,review_with_technical_warning,2,0,critical: ConvNeXt embedding outlier evidence (convnext_embedding_outlier_z=3.282); critical: edge density outlier evidence (validation_edge_density_outlier_z=3.831),"Critical evidence: ConvNeXt embedding outlier evidence (convnext_embedding_outlier_z=3.282); edge density outlier evidence (validation_edge_density_outlier_z=3.831). Manifest evidence note: moderate_outlier. Image may continue downstream, but this technical warning should be preserved in later reasoning.",retrieval_agent
patient00475/study1/view1_frontal.dcm,patient00475/study1,pass,0,0,,"No warning, critical, or severe quality evidence exceeded the configured thresholds.",retrieval_agent
patient00475/study2/view1_frontal.dcm,patient00475/study2,pass,0,0,,"No warning, critical, or severe quality evidence exceeded the configured thresholds.",retrieval_agent
patient00476/study1/view1_frontal.dcm,patient00476/study1,review_with_technical_warning,1,1,critical: RAD-DINO patch variability outlier evidence (raddino_patch_variability_outlier_z=3.118); warning: noise proxy outlier evidence (validation_noise_proxy_outlier_z=2.493),"Critical evidence: RAD-DINO patch variability outlier evidence (raddino_patch_variability_outlier_z=3.118). Warning evidence: noise proxy outlier evidence (validation_noise_proxy_outlier_z=2.493). Image may continue downstream, but this technical warning should be preserved in later reasoning.",retrieval_agent
patient00476/study1/view2_lateral.dcm,patient00476/study1,fail,5,2,severe: edge density outlier evidence (validation_edge_density_outlier_z=13.411); severe: intensity standard deviation outlier evidence (validation_intensity_std_outlier_z=8.719); severe: contrast proxy outlier evidence (validation_contrast_proxy_outlier_z=6.323); critical: ConvNeXt embedding outlier evidence (convnext_embedding_outlier_z=3.362); critical: edge density outlier evidence (validation_edge_density_outlier_z=13.411); critical: intensity mean outlier evidence (validation_intensity_mean_outlier_z=3.659); critical: intensity standard deviation outlier evidence (validation_intensity_std_outlier_z=8.719); critical: contrast proxy outlier evidence (validation_contrast_proxy_outlier_z=6.323); warning: noise proxy outlier evidence (validation_noise_proxy_outlier_z=2.340); warning: entropy outlier evidence (validation_entropy_outlier_z=2.150),Severe evidence: edge density outlier evidence (validation_edge_density_outlier_z=13.411); intensity standard deviation outlier evidence (validation_intensity_std_outlier_z=8.719); contrast proxy outlier evidence (validation_contrast_proxy_outlier_z=6.323). Critical evidence: ConvNeXt embedding outlier evidence (convnext_embedding_outlier_z=3.362); edge density outlier evidence (validation_edge_density_outlier_z=13.411); intensity mean outlier evidence (validation_intensity_mean_outlier_z=3.659); intensity standard deviation outlier evidence (validation_intensity_std_outlier_z=8.719); contrast proxy outlier evidence (validation_contrast_proxy_outlier_z=6.323). Warning evidence: noise proxy outlier evidence (validation_noise_proxy_outlier_z=2.340); entropy outlier evidence (validation_entropy_outlier_z=2.150). Manifest evidence note: extreme_outlier. Image is marked unreliable because it has either three or more critical quality flags or at least one severe quality outlier.,stop_unreliable
patient00479/study1/view1_frontal.dcm,patient00479/study1,fail,1,1,severe: edge density outlier evidence (validation_edge_density_outlier_z=38.705); critical: edge density outlier evidence (validation_edge_density_outlier_z=38.705); warning: entropy outlier evidence (validation_entropy_outlier_z=2.367),Severe evidence: edge density outlier evidence (validation_edge_density_outlier_z=38.705). Critical evidence: edge density outlier evidence (validation_edge_density_outlier_z=38.705). Warning evidence: entropy outlier evidence (validation_entropy_outlier_z=2.367). Manifest evidence note: extreme_outlier. Image is marked unreliable because it has either three or more critical quality flags or at least one severe quality outlier.,stop_unreliable
patient00479/study1/view2_lateral.dcm,patient00479/study1,review_with_technical_warning,0,3,warning: ConvNeXt embedding outlier evidence (convnext_embedding_outlier_z=2.676); warning: intensity standard deviation outlier evidence (validation_intensity_std_outlier_z=2.686); warning: noise proxy outlier evidence (validation_noise_proxy_outlier_z=2.234),"Warning evidence: ConvNeXt embedding outlier evidence (convnext_embedding_outlier_z=2.676); intensity standard deviation outlier evidence (validation_intensity_std_outlier_z=2.686); noise proxy outlier evidence (validation_noise_proxy_outlier_z=2.234). Image may continue downstream, but this technical warning should be preserved in later reasoning.",retrieval_agent
patient00485/study2/view1_frontal.dcm,patient00485/study2,pass,0,0,,"No warning, critical, or severe quality evidence exceeded the configured thresholds.",retrieval_agent
patient00485/study1/view1_frontal.dcm,patient00485/study1,pass,0,0,,"No warning, critical, or severe quality evidence exceeded the configured thresholds.",retrieval_agent
patient00491/study1/view1_frontal.dcm,patient00491/study1,pass,0,0,,"No warning, critical, or severe quality evidence exceeded the configured thresholds.",retrieval_agent
patient00491/study4/view1_frontal.dcm,patient00491/study4,fail,1,1,severe: edge density outlier evidence (validation_edge_density_outlier_z=23.745); critical: edge density outlier evidence (validation_edge_density_outlier_z=23.745); warning: noise proxy outlier evidence (validation_noise_proxy_outlier_z=2.464),Severe evidence: edge density outlier evidence (validation_edge_density_outlier_z=23.745). Critical evidence: edge density outlier evidence (validation_edge_density_outlier_z=23.745). Warning evidence: noise proxy outlier evidence (validation_noise_proxy_outlier_z=2.464). Manifest evidence note: extreme_outlier. Image is marked unreliable because it has either three or more critical quality flags or at least one severe quality outlier.,stop_unreliable
patient00491/study3/view1_frontal.dcm,patient00491/study3,fail,1,0,severe: edge density outlier evidence (validation_edge_density_outlier_z=9.011); critical: edge density outlier evidence (validation_edge_density_outlier_z=9.011),Severe evidence: edge density outlier evidence (validation_edge_density_outlier_z=9.011). Critical evidence: edge density outlier evidence (validation_edge_density_outlier_z=9.011). Manifest evidence note: extreme_outlier. Image is marked unreliable because it has either three or more critical quality flags or at least one severe quality outlier.,stop_unreliable
patient00491/study2/view1_frontal.dcm,patient00491/study2,pass,0,0,,"No warning, critical, or severe quality evidence exceeded the configured thresholds.",retrieval_agent
patient00493/study1/view1_frontal.dcm,patient00493/study1,review_with_technical_warning,2,3,critical: low entropy evidence (low_entropy_evidence_z=3.942); critical: entropy outlier evidence (validation_entropy_outlier_z=3.942); warning: low contrast evidence (low_contrast_evidence_z=2.522); warning: intensity standard deviation outlier evidence (validation_intensity_std_outlier_z=2.607); warning: contrast proxy outlier evidence (validation_contrast_proxy_outlier_z=2.522),"Critical evidence: low entropy evidence (low_entropy_evidence_z=3.942); entropy outlier evidence (validation_entropy_outlier_z=3.942). Warning evidence: low contrast evidence (low_contrast_evidence_z=2.522); intensity standard deviation outlier evidence (validation_intensity_std_outlier_z=2.607); contrast proxy outlier evidence (validation_contrast_proxy_outlier_z=2.522). Manifest evidence note: moderate_outlier. Image may continue downstream, but this technical warning should be preserved in later reasoning.",retrieval_agent
patient00493/study1/view2_lateral.dcm,patient00493/study1,review_with_technical_warning,1,0,critical: ConvNeXt embedding outlier evidence (convnext_embedding_outlier_z=3.193),"Critical evidence: ConvNeXt embedding outlier evidence (convnext_embedding_outlier_z=3.193). Image may continue downstream, but this technical warning should be preserved in later reasoning.",retrieval_agent
patient00496/study1/view1_frontal.dcm,patient00496/study1,pass,0,0,,"No warning, critical, or severe quality evidence exceeded the configured thresholds.",retrieval_agent
patient00496/study2/view1_frontal.dcm,patient00496/study2,review_with_technical_warning,0,1,warning: RAD-DINO embedding outlier evidence (raddino_embedding_outlier_z=2.029),"Warning evidence: RAD-DINO embedding outlier evidence (raddino_embedding_outlier_z=2.029). Image may continue downstream, but this technical warning should be preserved in later reasoning.",retrieval_agent
patient00496/study4/view1_frontal.dcm,patient00496/study4,pass,0,0,,"No warning, critical, or severe quality evidence exceeded the configured thresholds.",retrieval_agent
patient00496/study6/view1_frontal.dcm,patient00496/study6,pass,0,0,,"No warning, critical, or severe quality evidence exceeded the configured thresholds.",retrieval_agent
patient00496/study3/view1_frontal.dcm,patient00496/study3,pass,0,0,,"No warning, critical, or severe quality evidence exceeded the configured thresholds.",retrieval_agent
patient00496/study7/view1_frontal.dcm,patient00496/study7,pass,0,0,,"No warning, critical, or severe quality evidence exceeded the configured thresholds.",retrieval_agent
patient00496/study5/view1_frontal.dcm,patient00496/study5,pass,0,0,,"No warning, critical, or severe quality evidence exceeded the configured thresholds.",retrieval_agent
patient00500/study1/view1_frontal.dcm,patient00500/study1,review_with_technical_warning,0,2,warning: low entropy evidence (low_entropy_evidence_z=2.013); warning: entropy outlier evidence (validation_entropy_outlier_z=2.013),"Warning evidence: low entropy evidence (low_entropy_evidence_z=2.013); entropy outlier evidence (validation_entropy_outlier_z=2.013). Image may continue downstream, but this technical warning should be preserved in later reasoning.",retrieval_agent
patient00500/study2/view1_frontal.dcm,patient00500/study2,review_with_technical_warning,0,2,warning: edge density outlier evidence (validation_edge_density_outlier_z=2.498); warning: noise proxy outlier evidence (validation_noise_proxy_outlier_z=2.056),"Warning evidence: edge density outlier evidence (validation_edge_density_outlier_z=2.498); noise proxy outlier evidence (validation_noise_proxy_outlier_z=2.056). Image may continue downstream, but this technical warning should be preserved in later reasoning.",retrieval_agent
patient00500/study2/view2_lateral.dcm,patient00500/study2,review_with_technical_warning,0,3,warning: ConvNeXt embedding outlier evidence (convnext_embedding_outlier_z=2.577); warning: edge density outlier evidence (validation_edge_density_outlier_z=2.371); warning: noise proxy outlier evidence (validation_noise_proxy_outlier_z=2.140),"Warning evidence: ConvNeXt embedding outlier evidence (convnext_embedding_outlier_z=2.577); edge density outlier evidence (validation_edge_density_outlier_z=2.371); noise proxy outlier evidence (validation_noise_proxy_outlier_z=2.140). Image may continue downstream, but this technical warning should be preserved in later reasoning.",retrieval_agent
patient00503/study1/view1_frontal.dcm,patient00503/study1,pass,0,0,,"No warning, critical, or severe quality evidence exceeded the configured thresholds.",retrieval_agent
patient00506/study1/view1_frontal.dcm,patient00506/study1,pass,0,0,,"No warning, critical, or severe quality evidence exceeded the configured thresholds.",retrieval_agent
patient00507/study1/view1_frontal.dcm,patient00507/study1,pass,0,0,,"No warning, critical, or severe quality evidence exceeded the configured thresholds.",retrieval_agent
patient00508/study4/view1_frontal.dcm,patient00508/study4,pass,0,0,,"No warning, critical, or severe quality evidence exceeded the configured thresholds.",retrieval_agent
patient00508/study1/view1_frontal.dcm,patient00508/study1,pass,0,0,,"No warning, critical, or severe quality evidence exceeded the configured thresholds.",retrieval_agent
patient00508/study2/view1_frontal.dcm,patient00508/study2,pass,0,0,,"No warning, critical, or severe quality evidence exceeded the configured thresholds.",retrieval_agent
patient00508/study3/view1_frontal.dcm,patient00508/study3,pass,0,0,,"No warning, critical, or severe quality evidence exceeded the configured thresholds.",retrieval_agent
patient00511/study1/view1_frontal.dcm,patient00511/study1,pass,0,0,,"No warning, critical, or severe quality evidence exceeded the configured thresholds.",retrieval_agent
patient00515/study3/view1_frontal.dcm,patient00515/study3,review_with_technical_warning,1,0,critical: RAD-DINO embedding outlier evidence (raddino_embedding_outlier_z=3.414),"Critical evidence: RAD-DINO embedding outlier evidence (raddino_embedding_outlier_z=3.414). Manifest evidence note: moderate_outlier. Image may continue downstream, but this technical warning should be preserved in later reasoning.",retrieval_agent
patient00515/study9/view1_frontal.dcm,patient00515/study9,review_with_technical_warning,0,1,warning: RAD-DINO embedding outlier evidence (raddino_embedding_outlier_z=2.262),"Warning evidence: RAD-DINO embedding outlier evidence (raddino_embedding_outlier_z=2.262). Image may continue downstream, but this technical warning should be preserved in later reasoning.",retrieval_agent
patient00515/study9/view2_lateral.dcm,patient00515/study9,review_with_technical_warning,0,2,warning: ConvNeXt embedding outlier evidence (convnext_embedding_outlier_z=2.875); warning: RAD-DINO embedding outlier evidence (raddino_embedding_outlier_z=2.957),"Warning evidence: ConvNeXt embedding outlier evidence (convnext_embedding_outlier_z=2.875); RAD-DINO embedding outlier evidence (raddino_embedding_outlier_z=2.957). Image may continue downstream, but this technical warning should be preserved in later reasoning.",retrieval_agent
patient00515/study6/view1_frontal.dcm,patient00515/study6,review_with_technical_warning,1,0,critical: RAD-DINO embedding outlier evidence (raddino_embedding_outlier_z=3.757),"Critical evidence: RAD-DINO embedding outlier evidence (raddino_embedding_outlier_z=3.757). Manifest evidence note: moderate_outlier. Image may continue downstream, but this technical warning should be preserved in later reasoning.",retrieval_agent
patient00515/study1/view1_frontal.dcm,patient00515/study1,review_with_technical_warning,0,1,warning: RAD-DINO embedding outlier evidence (raddino_embedding_outlier_z=2.382),"Warning evidence: RAD-DINO embedding outlier evidence (raddino_embedding_outlier_z=2.382). Image may continue downstream, but this technical warning should be preserved in later reasoning.",retrieval_agent
patient00515/study2/view1_frontal.dcm,patient00515/study2,review_with_technical_warning,0,1,warning: RAD-DINO patch variability outlier evidence (raddino_patch_variability_outlier_z=2.080),"Warning evidence: RAD-DINO patch variability outlier evidence (raddino_patch_variability_outlier_z=2.080). Image may continue downstream, but this technical warning should be preserved in later reasoning.",retrieval_agent
patient00515/study7/view1_frontal.dcm,patient00515/study7,review_with_technical_warning,0,2,warning: RAD-DINO embedding outlier evidence (raddino_embedding_outlier_z=2.586); warning: RAD-DINO patch variability outlier evidence (raddino_patch_variability_outlier_z=2.087),"Warning evidence: RAD-DINO embedding outlier evidence (raddino_embedding_outlier_z=2.586); RAD-DINO patch variability outlier evidence (raddino_patch_variability_outlier_z=2.087). Image may continue downstream, but this technical warning should be preserved in later reasoning.",retrieval_agent
patient00515/study11/view1_frontal.dcm,patient00515/study11,pass,0,0,,"No warning, critical, or severe quality evidence exceeded the configured thresholds.",retrieval_agent
patient00515/study8/view1_frontal.dcm,patient00515/study8,review_with_technical_warning,0,1,warning: RAD-DINO embedding outlier evidence (raddino_embedding_outlier_z=2.994),"Warning evidence: RAD-DINO embedding outlier evidence (raddino_embedding_outlier_z=2.994). Manifest evidence note: moderate_outlier. Image may continue downstream, but this technical warning should be preserved in later reasoning.",retrieval_agent
patient00515/study5/view1_frontal.dcm,patient00515/study5,review_with_technical_warning,1,1,critical: intensity mean outlier evidence (validation_intensity_mean_outlier_z=3.613); warning: RAD-DINO embedding outlier evidence (raddino_embedding_outlier_z=2.050),"Critical evidence: intensity mean outlier evidence (validation_intensity_mean_outlier_z=3.613). Warning evidence: RAD-DINO embedding outlier evidence (raddino_embedding_outlier_z=2.050). Manifest evidence note: moderate_outlier. Image may continue downstream, but this technical warning should be preserved in later reasoning.",retrieval_agent
patient00515/study4/view1_frontal.dcm,patient00515/study4,pass,0,0,,"No warning, critical, or severe quality evidence exceeded the configured thresholds.",retrieval_agent
patient00515/study13/view1_frontal.dcm,patient00515/study13,pass,0,0,,"No warning, critical, or severe quality evidence exceeded the configured thresholds.",retrieval_agent
patient00515/study10/view1_frontal.dcm,patient00515/study10,review_with_technical_warning,0,1,warning: RAD-DINO embedding outlier evidence (raddino_embedding_outlier_z=2.032),"Warning evidence: RAD-DINO embedding outlier evidence (raddino_embedding_outlier_z=2.032). Image may continue downstream, but this technical warning should be preserved in later reasoning.",retrieval_agent
patient00515/study12/view1_frontal.dcm,patient00515/study12,pass,0,0,,"No warning, critical, or severe quality evidence exceeded the configured thresholds.",retrieval_agent
patient00521/study2/view1_frontal.dcm,patient00521/study2,pass,0,0,,"No warning, critical, or severe quality evidence exceeded the configured thresholds.",retrieval_agent
patient00521/study1/view1_frontal.dcm,patient00521/study1,pass,0,0,,"No warning, critical, or severe quality evidence exceeded the configured thresholds.",retrieval_agent
patient00521/study3/view1_frontal.dcm,patient00521/study3,pass,0,0,,"No warning, critical, or severe quality evidence exceeded the configured thresholds.",retrieval_agent
patient00521/study4/view1_frontal.dcm,patient00521/study4,pass,0,0,,"No warning, critical, or severe quality evidence exceeded the configured thresholds.",retrieval_agent
patient00525/study1/view1_frontal.dcm,patient00525/study1,pass,0,0,,"No warning, critical, or severe quality evidence exceeded the configured thresholds.",retrieval_agent
patient00525/study2/view1_frontal.dcm,patient00525/study2,pass,0,0,,"No warning, critical, or severe quality evidence exceeded the configured thresholds.",retrieval_agent
patient00529/study1/view1_frontal.dcm,patient00529/study1,pass,0,0,,"No warning, critical, or severe quality evidence exceeded the configured thresholds.",retrieval_agent
patient00529/study2/view1_frontal.dcm,patient00529/study2,pass,0,0,,"No warning, critical, or severe quality evidence exceeded the configured thresholds.",retrieval_agent
patient00530/study1/view1_frontal.dcm,patient00530/study1,review_with_technical_warning,0,2,warning: low entropy evidence (low_entropy_evidence_z=2.024); warning: entropy outlier evidence (validation_entropy_outlier_z=2.024),"Warning evidence: low entropy evidence (low_entropy_evidence_z=2.024); entropy outlier evidence (validation_entropy_outlier_z=2.024). Image may continue downstream, but this technical warning should be preserved in later reasoning.",retrieval_agent
patient00533/study2/view1_frontal.dcm,patient00533/study2,pass,0,0,,"No warning, critical, or severe quality evidence exceeded the configured thresholds.",retrieval_agent
patient00533/study1/view1_frontal.dcm,patient00533/study1,pass,0,0,,"No warning, critical, or severe quality evidence exceeded the configured thresholds.",retrieval_agent
patient00533/study4/view1_frontal.dcm,patient00533/study4,pass,0,0,,"No warning, critical, or severe quality evidence exceeded the configured thresholds.",retrieval_agent
patient00533/study3/view1_frontal.dcm,patient00533/study3,pass,0,0,,"No warning, critical, or severe quality evidence exceeded the configured thresholds.",retrieval_agent
patient00535/study1/view1_frontal.dcm,patient00535/study1,review_with_technical_warning,0,7,warning: low contrast evidence (low_contrast_evidence_z=2.160); warning: low entropy evidence (low_entropy_evidence_z=2.789); warning: RAD-DINO patch variability outlier evidence (raddino_patch_variability_outlier_z=2.034); warning: edge density outlier evidence (validation_edge_density_outlier_z=2.355); warning: contrast proxy outlier evidence (validation_contrast_proxy_outlier_z=2.160); warning: noise proxy outlier evidence (validation_noise_proxy_outlier_z=2.382); warning: entropy outlier evidence (validation_entropy_outlier_z=2.789),"Warning evidence: low contrast evidence (low_contrast_evidence_z=2.160); low entropy evidence (low_entropy_evidence_z=2.789); RAD-DINO patch variability outlier evidence (raddino_patch_variability_outlier_z=2.034); edge density outlier evidence (validation_edge_density_outlier_z=2.355); contrast proxy outlier evidence (validation_contrast_proxy_outlier_z=2.160); noise proxy outlier evidence (validation_noise_proxy_outlier_z=2.382); entropy outlier evidence (validation_entropy_outlier_z=2.789). Image may continue downstream, but this technical warning should be preserved in later reasoning.",retrieval_agent
patient00535/study1/view2_lateral.dcm,patient00535/study1,review_with_technical_warning,1,2,critical: ConvNeXt embedding outlier evidence (convnext_embedding_outlier_z=4.998); warning: edge density outlier evidence (validation_edge_density_outlier_z=2.079); warning: noise proxy outlier evidence (validation_noise_proxy_outlier_z=2.183),"Critical evidence: ConvNeXt embedding outlier evidence (convnext_embedding_outlier_z=4.998). Warning evidence: edge density outlier evidence (validation_edge_density_outlier_z=2.079); noise proxy outlier evidence (validation_noise_proxy_outlier_z=2.183). Manifest evidence note: moderate_outlier. Image may continue downstream, but this technical warning should be preserved in later reasoning.",retrieval_agent
patient00535/study2/view1_frontal.dcm,patient00535/study2,review_with_technical_warning,2,3,critical: low entropy evidence (low_entropy_evidence_z=3.257); critical: entropy outlier evidence (validation_entropy_outlier_z=3.257); warning: low contrast evidence (low_contrast_evidence_z=2.347); warning: intensity standard deviation outlier evidence (validation_intensity_std_outlier_z=2.169); warning: contrast proxy outlier evidence (validation_contrast_proxy_outlier_z=2.347),"Critical evidence: low entropy evidence (low_entropy_evidence_z=3.257); entropy outlier evidence (validation_entropy_outlier_z=3.257). Warning evidence: low contrast evidence (low_contrast_evidence_z=2.347); intensity standard deviation outlier evidence (validation_intensity_std_outlier_z=2.169); contrast proxy outlier evidence (validation_contrast_proxy_outlier_z=2.347). Image may continue downstream, but this technical warning should be preserved in later reasoning.",retrieval_agent
patient00535/study2/view2_lateral.dcm,patient00535/study2,review_with_technical_warning,1,2,critical: ConvNeXt embedding outlier evidence (convnext_embedding_outlier_z=3.675); warning: low entropy evidence (low_entropy_evidence_z=2.732); warning: entropy outlier evidence (validation_entropy_outlier_z=2.732),"Critical evidence: ConvNeXt embedding outlier evidence (convnext_embedding_outlier_z=3.675). Warning evidence: low entropy evidence (low_entropy_evidence_z=2.732); entropy outlier evidence (validation_entropy_outlier_z=2.732). Manifest evidence note: moderate_outlier. Image may continue downstream, but this technical warning should be preserved in later reasoning.",retrieval_agent
patient00539/study1/view1_frontal.dcm,patient00539/study1,pass,0,0,,"No warning, critical, or severe quality evidence exceeded the configured thresholds.",retrieval_agent
patient00542/study3/view1_frontal.dcm,patient00542/study3,fail,1,3,severe: edge density outlier evidence (validation_edge_density_outlier_z=10.662); critical: edge density outlier evidence (validation_edge_density_outlier_z=10.662); warning: intensity standard deviation outlier evidence (validation_intensity_std_outlier_z=2.889); warning: contrast proxy outlier evidence (validation_contrast_proxy_outlier_z=2.484); warning: entropy outlier evidence (validation_entropy_outlier_z=2.094),Severe evidence: edge density outlier evidence (validation_edge_density_outlier_z=10.662). Critical evidence: edge density outlier evidence (validation_edge_density_outlier_z=10.662). Warning evidence: intensity standard deviation outlier evidence (validation_intensity_std_outlier_z=2.889); contrast proxy outlier evidence (validation_contrast_proxy_outlier_z=2.484); entropy outlier evidence (validation_entropy_outlier_z=2.094). Manifest evidence note: extreme_outlier. Image is marked unreliable because it has either three or more critical quality flags or at least one severe quality outlier.,stop_unreliable
patient00542/study3/view2_lateral.dcm,patient00542/study3,review_with_technical_warning,1,0,critical: RAD-DINO embedding outlier evidence (raddino_embedding_outlier_z=3.314),"Critical evidence: RAD-DINO embedding outlier evidence (raddino_embedding_outlier_z=3.314). Image may continue downstream, but this technical warning should be preserved in later reasoning.",retrieval_agent
patient00542/study1/view1_frontal.dcm,patient00542/study1,review_with_technical_warning,0,3,warning: low entropy evidence (low_entropy_evidence_z=2.041); warning: intensity mean outlier evidence (validation_intensity_mean_outlier_z=2.689); warning: entropy outlier evidence (validation_entropy_outlier_z=2.041),"Warning evidence: low entropy evidence (low_entropy_evidence_z=2.041); intensity mean outlier evidence (validation_intensity_mean_outlier_z=2.689); entropy outlier evidence (validation_entropy_outlier_z=2.041). Image may continue downstream, but this technical warning should be preserved in later reasoning.",retrieval_agent
patient00542/study5/view1_frontal.dcm,patient00542/study5,pass,0,0,,"No warning, critical, or severe quality evidence exceeded the configured thresholds.",retrieval_agent
patient00542/study2/view1_frontal.dcm,patient00542/study2,review_with_technical_warning,1,0,critical: edge density outlier evidence (validation_edge_density_outlier_z=4.343),"Critical evidence: edge density outlier evidence (validation_edge_density_outlier_z=4.343). Manifest evidence note: moderate_outlier. Image may continue downstream, but this technical warning should be preserved in later reasoning.",retrieval_agent
patient00542/study4/view1_frontal.dcm,patient00542/study4,fail,1,1,severe: edge density outlier evidence (validation_edge_density_outlier_z=17.198); critical: edge density outlier evidence (validation_edge_density_outlier_z=17.198); warning: entropy outlier evidence (validation_entropy_outlier_z=2.086),Severe evidence: edge density outlier evidence (validation_edge_density_outlier_z=17.198). Critical evidence: edge density outlier evidence (validation_edge_density_outlier_z=17.198). Warning evidence: entropy outlier evidence (validation_entropy_outlier_z=2.086). Manifest evidence note: extreme_outlier. Image is marked unreliable because it has either three or more critical quality flags or at least one severe quality outlier.,stop_unreliable
patient00545/study2/view1_frontal.dcm,patient00545/study2,review_with_technical_warning,2,4,critical: low entropy evidence (low_entropy_evidence_z=3.260); critical: entropy outlier evidence (validation_entropy_outlier_z=3.260); warning: low contrast evidence (low_contrast_evidence_z=2.197); warning: intensity standard deviation outlier evidence (validation_intensity_std_outlier_z=2.376); warning: contrast proxy outlier evidence (validation_contrast_proxy_outlier_z=2.197); warning: noise proxy outlier evidence (validation_noise_proxy_outlier_z=2.232),"Critical evidence: low entropy evidence (low_entropy_evidence_z=3.260); entropy outlier evidence (validation_entropy_outlier_z=3.260). Warning evidence: low contrast evidence (low_contrast_evidence_z=2.197); intensity standard deviation outlier evidence (validation_intensity_std_outlier_z=2.376); contrast proxy outlier evidence (validation_contrast_proxy_outlier_z=2.197); noise proxy outlier evidence (validation_noise_proxy_outlier_z=2.232). Image may continue downstream, but this technical warning should be preserved in later reasoning.",retrieval_agent
patient00545/study2/view2_lateral.dcm,patient00545/study2,review_with_technical_warning,1,0,critical: ConvNeXt embedding outlier evidence (convnext_embedding_outlier_z=4.147),"Critical evidence: ConvNeXt embedding outlier evidence (convnext_embedding_outlier_z=4.147). Manifest evidence note: moderate_outlier. Image may continue downstream, but this technical warning should be preserved in later reasoning.",retrieval_agent
patient00545/study1/view1_frontal.dcm,patient00545/study1,pass,0,0,,"No warning, critical, or severe quality evidence exceeded the configured thresholds.",retrieval_agent
patient00546/study3/view1_frontal.dcm,patient00546/study3,pass,0,0,,"No warning, critical, or severe quality evidence exceeded the configured thresholds.",retrieval_agent
patient00546/study4/view1_frontal.dcm,patient00546/study4,review_with_technical_warning,0,1,warning: edge density outlier evidence (validation_edge_density_outlier_z=2.384),"Warning evidence: edge density outlier evidence (validation_edge_density_outlier_z=2.384). Image may continue downstream, but this technical warning should be preserved in later reasoning.",retrieval_agent
patient00546/study1/view1_frontal.dcm,patient00546/study1,pass,0,0,,"No warning, critical, or severe quality evidence exceeded the configured thresholds.",retrieval_agent
patient00546/study2/view1_frontal.dcm,patient00546/study2,pass,0,0,,"No warning, critical, or severe quality evidence exceeded the configured thresholds.",retrieval_agent
patient00554/study1/view1_frontal.dcm,patient00554/study1,pass,0,0,,"No warning, critical, or severe quality evidence exceeded the configured thresholds.",retrieval_agent
patient00564/study1/view1_frontal.dcm,patient00564/study1,pass,0,0,,"No warning, critical, or severe quality evidence exceeded the configured thresholds.",retrieval_agent
patient00571/study1/view1_frontal.dcm,patient00571/study1,pass,0,0,,"No warning, critical, or severe quality evidence exceeded the configured thresholds.",retrieval_agent
patient00575/study2/view1_frontal.dcm,patient00575/study2,pass,0,0,,"No warning, critical, or severe quality evidence exceeded the configured thresholds.",retrieval_agent
patient00575/study3/view1_frontal.dcm,patient00575/study3,pass,0,0,,"No warning, critical, or severe quality evidence exceeded the configured thresholds.",retrieval_agent
patient00575/study1/view1_frontal.dcm,patient00575/study1,pass,0,0,,"No warning, critical, or severe quality evidence exceeded the configured thresholds.",retrieval_agent
patient00582/study1/view1_frontal.dcm,patient00582/study1,review_with_technical_warning,1,1,critical: edge density outlier evidence (validation_edge_density_outlier_z=5.060); warning: RAD-DINO embedding outlier evidence (raddino_embedding_outlier_z=2.081),"Critical evidence: edge density outlier evidence (validation_edge_density_outlier_z=5.060). Warning evidence: RAD-DINO embedding outlier evidence (raddino_embedding_outlier_z=2.081). Manifest evidence note: moderate_outlier. Image may continue downstream, but this technical warning should be preserved in later reasoning.",retrieval_agent
patient00585/study1/view1_frontal.dcm,patient00585/study1,pass,0,0,,"No warning, critical, or severe quality evidence exceeded the configured thresholds.",retrieval_agent
patient00586/study2/view1_frontal.dcm,patient00586/study2,pass,0,0,,"No warning, critical, or severe quality evidence exceeded the configured thresholds.",retrieval_agent
patient00586/study3/view1_frontal.dcm,patient00586/study3,pass,0,0,,"No warning, critical, or severe quality evidence exceeded the configured thresholds.",retrieval_agent
patient00586/study1/view1_frontal.dcm,patient00586/study1,pass,0,0,,"No warning, critical, or severe quality evidence exceeded the configured thresholds.",retrieval_agent
patient00589/study2/view1_frontal.dcm,patient00589/study2,review_with_technical_warning,2,3,critical: low entropy evidence (low_entropy_evidence_z=3.236); critical: entropy outlier evidence (validation_entropy_outlier_z=3.236); warning: low contrast evidence (low_contrast_evidence_z=2.051); warning: intensity standard deviation outlier evidence (validation_intensity_std_outlier_z=2.326); warning: contrast proxy outlier evidence (validation_contrast_proxy_outlier_z=2.051),"Critical evidence: low entropy evidence (low_entropy_evidence_z=3.236); entropy outlier evidence (validation_entropy_outlier_z=3.236). Warning evidence: low contrast evidence (low_contrast_evidence_z=2.051); intensity standard deviation outlier evidence (validation_intensity_std_outlier_z=2.326); contrast proxy outlier evidence (validation_contrast_proxy_outlier_z=2.051). Image may continue downstream, but this technical warning should be preserved in later reasoning.",retrieval_agent
patient00589/study2/view2_lateral.dcm,patient00589/study2,review_with_technical_warning,0,2,warning: ConvNeXt embedding outlier evidence (convnext_embedding_outlier_z=2.337); warning: edge density outlier evidence (validation_edge_density_outlier_z=2.868),"Warning evidence: ConvNeXt embedding outlier evidence (convnext_embedding_outlier_z=2.337); edge density outlier evidence (validation_edge_density_outlier_z=2.868). Image may continue downstream, but this technical warning should be preserved in later reasoning.",retrieval_agent
patient00589/study1/view1_frontal.dcm,patient00589/study1,review_with_technical_warning,1,0,critical: RAD-DINO patch variability outlier evidence (raddino_patch_variability_outlier_z=3.353),"Critical evidence: RAD-DINO patch variability outlier evidence (raddino_patch_variability_outlier_z=3.353). Image may continue downstream, but this technical warning should be preserved in later reasoning.",retrieval_agent
patient00589/study1/view2_lateral.dcm,patient00589/study1,review_with_technical_warning,1,3,critical: ConvNeXt embedding outlier evidence (convnext_embedding_outlier_z=4.563); warning: low entropy evidence (low_entropy_evidence_z=2.111); warning: intensity standard deviation outlier evidence (validation_intensity_std_outlier_z=2.198); warning: entropy outlier evidence (validation_entropy_outlier_z=2.111),"Critical evidence: ConvNeXt embedding outlier evidence (convnext_embedding_outlier_z=4.563). Warning evidence: low entropy evidence (low_entropy_evidence_z=2.111); intensity standard deviation outlier evidence (validation_intensity_std_outlier_z=2.198); entropy outlier evidence (validation_entropy_outlier_z=2.111). Manifest evidence note: moderate_outlier. Image may continue downstream, but this technical warning should be preserved in later reasoning.",retrieval_agent
patient00597/study1/view1_frontal.dcm,patient00597/study1,pass,0,0,,"No warning, critical, or severe quality evidence exceeded the configured thresholds.",retrieval_agent
patient00597/study2/view1_frontal.dcm,patient00597/study2,pass,0,0,,"No warning, critical, or severe quality evidence exceeded the configured thresholds.",retrieval_agent
