manifest_row_index,study_key,dicom_path,local_path,feature_path,model_name,status,error
0,patient00003/study1,patient00003/study1/view1_frontal.dcm,/home/jovyan/Desktop/MEDAGENT-X/data/raw/chexpert_plus/dicom_train/patient00003/study1/view1_frontal.dcm,/home/jovyan/Desktop/MEDAGENT-X/outputs/chexpert_plus/raddino_features/patient00003__study1__view1_frontal.npz,microsoft/rad-dino,exists,
1,patient00007/study2,patient00007/study2/view1_frontal.dcm,/home/jovyan/Desktop/MEDAGENT-X/data/raw/chexpert_plus/dicom_train/patient00007/study2/view1_frontal.dcm,/home/jovyan/Desktop/MEDAGENT-X/outputs/chexpert_plus/raddino_features/patient00007__study2__view1_frontal.npz,microsoft/rad-dino,exists,
2,patient00007/study1,patient00007/study1/view1_frontal.dcm,/home/jovyan/Desktop/MEDAGENT-X/data/raw/chexpert_plus/dicom_train/patient00007/study1/view1_frontal.dcm,/home/jovyan/Desktop/MEDAGENT-X/outputs/chexpert_plus/raddino_features/patient00007__study1__view1_frontal.npz,microsoft/rad-dino,exists,
3,patient00009/study1,patient00009/study1/view2_lateral.dcm,/home/jovyan/Desktop/MEDAGENT-X/data/raw/chexpert_plus/dicom_train/patient00009/study1/view2_lateral.dcm,/home/jovyan/Desktop/MEDAGENT-X/outputs/chexpert_plus/raddino_features/patient00009__study1__view2_lateral.npz,microsoft/rad-dino,exists,
3,patient00009/study1,patient00009/study1/view1_frontal.dcm,/home/jovyan/Desktop/MEDAGENT-X/data/raw/chexpert_plus/dicom_train/patient00009/study1/view1_frontal.dcm,/home/jovyan/Desktop/MEDAGENT-X/outputs/chexpert_plus/raddino_features/patient00009__study1__view1_frontal.npz,microsoft/rad-dino,exists,
4,patient00016/study1,patient00016/study1/view2_lateral.dcm,/home/jovyan/Desktop/MEDAGENT-X/data/raw/chexpert_plus/dicom_train/patient00016/study1/view2_lateral.dcm,/home/jovyan/Desktop/MEDAGENT-X/outputs/chexpert_plus/raddino_features/patient00016__study1__view2_lateral.npz,microsoft/rad-dino,success,
4,patient00016/study1,patient00016/study1/view1_frontal.dcm,/home/jovyan/Desktop/MEDAGENT-X/data/raw/chexpert_plus/dicom_train/patient00016/study1/view1_frontal.dcm,/home/jovyan/Desktop/MEDAGENT-X/outputs/chexpert_plus/raddino_features/patient00016__study1__view1_frontal.npz,microsoft/rad-dino,success,
5,patient00021/study1,patient00021/study1/view1_frontal.dcm,/home/jovyan/Desktop/MEDAGENT-X/data/raw/chexpert_plus/dicom_train/patient00021/study1/view1_frontal.dcm,/home/jovyan/Desktop/MEDAGENT-X/outputs/chexpert_plus/raddino_features/patient00021__study1__view1_frontal.npz,microsoft/rad-dino,success,
6,patient00026/study1,patient00026/study1/view1_frontal.dcm,/home/jovyan/Desktop/MEDAGENT-X/data/raw/chexpert_plus/dicom_train/patient00026/study1/view1_frontal.dcm,/home/jovyan/Desktop/MEDAGENT-X/outputs/chexpert_plus/raddino_features/patient00026__study1__view1_frontal.npz,microsoft/rad-dino,success,
6,patient00026/study1,patient00026/study1/view2_lateral.dcm,/home/jovyan/Desktop/MEDAGENT-X/data/raw/chexpert_plus/dicom_train/patient00026/study1/view2_lateral.dcm,/home/jovyan/Desktop/MEDAGENT-X/outputs/chexpert_plus/raddino_features/patient00026__study1__view2_lateral.npz,microsoft/rad-dino,success,
7,patient00027/study1,patient00027/study1/view2_lateral.dcm,/home/jovyan/Desktop/MEDAGENT-X/data/raw/chexpert_plus/dicom_train/patient00027/study1/view2_lateral.dcm,/home/jovyan/Desktop/MEDAGENT-X/outputs/chexpert_plus/raddino_features/patient00027__study1__view2_lateral.npz,microsoft/rad-dino,success,
7,patient00027/study1,patient00027/study1/view1_frontal.dcm,/home/jovyan/Desktop/MEDAGENT-X/data/raw/chexpert_plus/dicom_train/patient00027/study1/view1_frontal.dcm,/home/jovyan/Desktop/MEDAGENT-X/outputs/chexpert_plus/raddino_features/patient00027__study1__view1_frontal.npz,microsoft/rad-dino,success,
8,patient00031/study1,patient00031/study1/view1_frontal.dcm,/home/jovyan/Desktop/MEDAGENT-X/data/raw/chexpert_plus/dicom_train/patient00031/study1/view1_frontal.dcm,/home/jovyan/Desktop/MEDAGENT-X/outputs/chexpert_plus/raddino_features/patient00031__study1__view1_frontal.npz,microsoft/rad-dino,success,
9,patient00031/study3,patient00031/study3/view1_frontal.dcm,/home/jovyan/Desktop/MEDAGENT-X/data/raw/chexpert_plus/dicom_train/patient00031/study3/view1_frontal.dcm,/home/jovyan/Desktop/MEDAGENT-X/outputs/chexpert_plus/raddino_features/patient00031__study3__view1_frontal.npz,microsoft/rad-dino,success,
10,patient00031/study2,patient00031/study2/view1_frontal.dcm,/home/jovyan/Desktop/MEDAGENT-X/data/raw/chexpert_plus/dicom_train/patient00031/study2/view1_frontal.dcm,/home/jovyan/Desktop/MEDAGENT-X/outputs/chexpert_plus/raddino_features/patient00031__study2__view1_frontal.npz,microsoft/rad-dino,success,
11,patient00034/study1,patient00034/study1/view1_frontal.dcm,/home/jovyan/Desktop/MEDAGENT-X/data/raw/chexpert_plus/dicom_train/patient00034/study1/view1_frontal.dcm,/home/jovyan/Desktop/MEDAGENT-X/outputs/chexpert_plus/raddino_features/patient00034__study1__view1_frontal.npz,microsoft/rad-dino,success,
12,patient00038/study1,patient00038/study1/view1_frontal.dcm,/home/jovyan/Desktop/MEDAGENT-X/data/raw/chexpert_plus/dicom_train/patient00038/study1/view1_frontal.dcm,/home/jovyan/Desktop/MEDAGENT-X/outputs/chexpert_plus/raddino_features/patient00038__study1__view1_frontal.npz,microsoft/rad-dino,success,
13,patient00038/study3,patient00038/study3/view1_frontal.dcm,/home/jovyan/Desktop/MEDAGENT-X/data/raw/chexpert_plus/dicom_train/patient00038/study3/view1_frontal.dcm,/home/jovyan/Desktop/MEDAGENT-X/outputs/chexpert_plus/raddino_features/patient00038__study3__view1_frontal.npz,microsoft/rad-dino,success,
14,patient00038/study2,patient00038/study2/view1_frontal.dcm,/home/jovyan/Desktop/MEDAGENT-X/data/raw/chexpert_plus/dicom_train/patient00038/study2/view1_frontal.dcm,/home/jovyan/Desktop/MEDAGENT-X/outputs/chexpert_plus/raddino_features/patient00038__study2__view1_frontal.npz,microsoft/rad-dino,success,
15,patient00044/study6,patient00044/study6/view2_lateral.dcm,/home/jovyan/Desktop/MEDAGENT-X/data/raw/chexpert_plus/dicom_train/patient00044/study6/view2_lateral.dcm,/home/jovyan/Desktop/MEDAGENT-X/outputs/chexpert_plus/raddino_features/patient00044__study6__view2_lateral.npz,microsoft/rad-dino,success,
15,patient00044/study6,patient00044/study6/view1_frontal.dcm,/home/jovyan/Desktop/MEDAGENT-X/data/raw/chexpert_plus/dicom_train/patient00044/study6/view1_frontal.dcm,/home/jovyan/Desktop/MEDAGENT-X/outputs/chexpert_plus/raddino_features/patient00044__study6__view1_frontal.npz,microsoft/rad-dino,success,
16,patient00044/study7,patient00044/study7/view2_lateral.dcm,/home/jovyan/Desktop/MEDAGENT-X/data/raw/chexpert_plus/dicom_train/patient00044/study7/view2_lateral.dcm,/home/jovyan/Desktop/MEDAGENT-X/outputs/chexpert_plus/raddino_features/patient00044__study7__view2_lateral.npz,microsoft/rad-dino,success,
16,patient00044/study7,patient00044/study7/view1_frontal.dcm,/home/jovyan/Desktop/MEDAGENT-X/data/raw/chexpert_plus/dicom_train/patient00044/study7/view1_frontal.dcm,/home/jovyan/Desktop/MEDAGENT-X/outputs/chexpert_plus/raddino_features/patient00044__study7__view1_frontal.npz,microsoft/rad-dino,success,
17,patient00044/study1,patient00044/study1/view1_frontal.dcm,/home/jovyan/Desktop/MEDAGENT-X/data/raw/chexpert_plus/dicom_train/patient00044/study1/view1_frontal.dcm,/home/jovyan/Desktop/MEDAGENT-X/outputs/chexpert_plus/raddino_features/patient00044__study1__view1_frontal.npz,microsoft/rad-dino,success,
18,patient00044/study3,patient00044/study3/view1_frontal.dcm,/home/jovyan/Desktop/MEDAGENT-X/data/raw/chexpert_plus/dicom_train/patient00044/study3/view1_frontal.dcm,/home/jovyan/Desktop/MEDAGENT-X/outputs/chexpert_plus/raddino_features/patient00044__study3__view1_frontal.npz,microsoft/rad-dino,success,
19,patient00044/study4,patient00044/study4/view1_frontal.dcm,/home/jovyan/Desktop/MEDAGENT-X/data/raw/chexpert_plus/dicom_train/patient00044/study4/view1_frontal.dcm,/home/jovyan/Desktop/MEDAGENT-X/outputs/chexpert_plus/raddino_features/patient00044__study4__view1_frontal.npz,microsoft/rad-dino,success,
20,patient00044/study2,patient00044/study2/view1_frontal.dcm,/home/jovyan/Desktop/MEDAGENT-X/data/raw/chexpert_plus/dicom_train/patient00044/study2/view1_frontal.dcm,/home/jovyan/Desktop/MEDAGENT-X/outputs/chexpert_plus/raddino_features/patient00044__study2__view1_frontal.npz,microsoft/rad-dino,success,
21,patient00044/study5,patient00044/study5/view1_frontal.dcm,/home/jovyan/Desktop/MEDAGENT-X/data/raw/chexpert_plus/dicom_train/patient00044/study5/view1_frontal.dcm,/home/jovyan/Desktop/MEDAGENT-X/outputs/chexpert_plus/raddino_features/patient00044__study5__view1_frontal.npz,microsoft/rad-dino,success,
22,patient00045/study1,patient00045/study1/view1_frontal.dcm,/home/jovyan/Desktop/MEDAGENT-X/data/raw/chexpert_plus/dicom_train/patient00045/study1/view1_frontal.dcm,/home/jovyan/Desktop/MEDAGENT-X/outputs/chexpert_plus/raddino_features/patient00045__study1__view1_frontal.npz,microsoft/rad-dino,success,
22,patient00045/study1,patient00045/study1/view2_lateral.dcm,/home/jovyan/Desktop/MEDAGENT-X/data/raw/chexpert_plus/dicom_train/patient00045/study1/view2_lateral.dcm,/home/jovyan/Desktop/MEDAGENT-X/outputs/chexpert_plus/raddino_features/patient00045__study1__view2_lateral.npz,microsoft/rad-dino,success,
23,patient00048/study1,patient00048/study1/view1_frontal.dcm,/home/jovyan/Desktop/MEDAGENT-X/data/raw/chexpert_plus/dicom_train/patient00048/study1/view1_frontal.dcm,/home/jovyan/Desktop/MEDAGENT-X/outputs/chexpert_plus/raddino_features/patient00048__study1__view1_frontal.npz,microsoft/rad-dino,success,
24,patient00049/study2,patient00049/study2/view1_frontal.dcm,/home/jovyan/Desktop/MEDAGENT-X/data/raw/chexpert_plus/dicom_train/patient00049/study2/view1_frontal.dcm,/home/jovyan/Desktop/MEDAGENT-X/outputs/chexpert_plus/raddino_features/patient00049__study2__view1_frontal.npz,microsoft/rad-dino,success,
25,patient00049/study1,patient00049/study1/view1_frontal.dcm,/home/jovyan/Desktop/MEDAGENT-X/data/raw/chexpert_plus/dicom_train/patient00049/study1/view1_frontal.dcm,/home/jovyan/Desktop/MEDAGENT-X/outputs/chexpert_plus/raddino_features/patient00049__study1__view1_frontal.npz,microsoft/rad-dino,success,
26,patient00049/study3,patient00049/study3/view1_frontal.dcm,/home/jovyan/Desktop/MEDAGENT-X/data/raw/chexpert_plus/dicom_train/patient00049/study3/view1_frontal.dcm,/home/jovyan/Desktop/MEDAGENT-X/outputs/chexpert_plus/raddino_features/patient00049__study3__view1_frontal.npz,microsoft/rad-dino,success,
27,patient00055/study2,patient00055/study2/view1_frontal.dcm,/home/jovyan/Desktop/MEDAGENT-X/data/raw/chexpert_plus/dicom_train/patient00055/study2/view1_frontal.dcm,/home/jovyan/Desktop/MEDAGENT-X/outputs/chexpert_plus/raddino_features/patient00055__study2__view1_frontal.npz,microsoft/rad-dino,success,
27,patient00055/study2,patient00055/study2/view2_lateral.dcm,/home/jovyan/Desktop/MEDAGENT-X/data/raw/chexpert_plus/dicom_train/patient00055/study2/view2_lateral.dcm,/home/jovyan/Desktop/MEDAGENT-X/outputs/chexpert_plus/raddino_features/patient00055__study2__view2_lateral.npz,microsoft/rad-dino,success,
28,patient00055/study3,patient00055/study3/view1_frontal.dcm,/home/jovyan/Desktop/MEDAGENT-X/data/raw/chexpert_plus/dicom_train/patient00055/study3/view1_frontal.dcm,/home/jovyan/Desktop/MEDAGENT-X/outputs/chexpert_plus/raddino_features/patient00055__study3__view1_frontal.npz,microsoft/rad-dino,success,
29,patient00055/study1,patient00055/study1/view1_frontal.dcm,/home/jovyan/Desktop/MEDAGENT-X/data/raw/chexpert_plus/dicom_train/patient00055/study1/view1_frontal.dcm,/home/jovyan/Desktop/MEDAGENT-X/outputs/chexpert_plus/raddino_features/patient00055__study1__view1_frontal.npz,microsoft/rad-dino,success,
30,patient00058/study1,patient00058/study1/view1_frontal.dcm,/home/jovyan/Desktop/MEDAGENT-X/data/raw/chexpert_plus/dicom_train/patient00058/study1/view1_frontal.dcm,/home/jovyan/Desktop/MEDAGENT-X/outputs/chexpert_plus/raddino_features/patient00058__study1__view1_frontal.npz,microsoft/rad-dino,success,
30,patient00058/study1,patient00058/study1/view2_lateral.dcm,/home/jovyan/Desktop/MEDAGENT-X/data/raw/chexpert_plus/dicom_train/patient00058/study1/view2_lateral.dcm,/home/jovyan/Desktop/MEDAGENT-X/outputs/chexpert_plus/raddino_features/patient00058__study1__view2_lateral.npz,microsoft/rad-dino,success,
31,patient00064/study1,patient00064/study1/view1_frontal.dcm,/home/jovyan/Desktop/MEDAGENT-X/data/raw/chexpert_plus/dicom_train/patient00064/study1/view1_frontal.dcm,/home/jovyan/Desktop/MEDAGENT-X/outputs/chexpert_plus/raddino_features/patient00064__study1__view1_frontal.npz,microsoft/rad-dino,success,
32,patient00067/study4,patient00067/study4/view1_frontal.dcm,/home/jovyan/Desktop/MEDAGENT-X/data/raw/chexpert_plus/dicom_train/patient00067/study4/view1_frontal.dcm,/home/jovyan/Desktop/MEDAGENT-X/outputs/chexpert_plus/raddino_features/patient00067__study4__view1_frontal.npz,microsoft/rad-dino,success,
33,patient00067/study3,patient00067/study3/view1_frontal.dcm,/home/jovyan/Desktop/MEDAGENT-X/data/raw/chexpert_plus/dicom_train/patient00067/study3/view1_frontal.dcm,/home/jovyan/Desktop/MEDAGENT-X/outputs/chexpert_plus/raddino_features/patient00067__study3__view1_frontal.npz,microsoft/rad-dino,success,
33,patient00067/study3,patient00067/study3/view2_lateral.dcm,/home/jovyan/Desktop/MEDAGENT-X/data/raw/chexpert_plus/dicom_train/patient00067/study3/view2_lateral.dcm,/home/jovyan/Desktop/MEDAGENT-X/outputs/chexpert_plus/raddino_features/patient00067__study3__view2_lateral.npz,microsoft/rad-dino,success,
34,patient00067/study1,patient00067/study1/view1_frontal.dcm,/home/jovyan/Desktop/MEDAGENT-X/data/raw/chexpert_plus/dicom_train/patient00067/study1/view1_frontal.dcm,/home/jovyan/Desktop/MEDAGENT-X/outputs/chexpert_plus/raddino_features/patient00067__study1__view1_frontal.npz,microsoft/rad-dino,success,
35,patient00067/study2,patient00067/study2/view1_frontal.dcm,/home/jovyan/Desktop/MEDAGENT-X/data/raw/chexpert_plus/dicom_train/patient00067/study2/view1_frontal.dcm,/home/jovyan/Desktop/MEDAGENT-X/outputs/chexpert_plus/raddino_features/patient00067__study2__view1_frontal.npz,microsoft/rad-dino,success,
36,patient00068/study1,patient00068/study1/view1_frontal.dcm,/home/jovyan/Desktop/MEDAGENT-X/data/raw/chexpert_plus/dicom_train/patient00068/study1/view1_frontal.dcm,/home/jovyan/Desktop/MEDAGENT-X/outputs/chexpert_plus/raddino_features/patient00068__study1__view1_frontal.npz,microsoft/rad-dino,success,
37,patient00070/study1,patient00070/study1/view1_frontal.dcm,/home/jovyan/Desktop/MEDAGENT-X/data/raw/chexpert_plus/dicom_train/patient00070/study1/view1_frontal.dcm,/home/jovyan/Desktop/MEDAGENT-X/outputs/chexpert_plus/raddino_features/patient00070__study1__view1_frontal.npz,microsoft/rad-dino,success,
38,patient00076/study1,patient00076/study1/view1_frontal.dcm,/home/jovyan/Desktop/MEDAGENT-X/data/raw/chexpert_plus/dicom_train/patient00076/study1/view1_frontal.dcm,/home/jovyan/Desktop/MEDAGENT-X/outputs/chexpert_plus/raddino_features/patient00076__study1__view1_frontal.npz,microsoft/rad-dino,success,
39,patient00078/study6,patient00078/study6/view1_frontal.dcm,/home/jovyan/Desktop/MEDAGENT-X/data/raw/chexpert_plus/dicom_train/patient00078/study6/view1_frontal.dcm,/home/jovyan/Desktop/MEDAGENT-X/outputs/chexpert_plus/raddino_features/patient00078__study6__view1_frontal.npz,microsoft/rad-dino,success,
40,patient00078/study7,patient00078/study7/view1_frontal.dcm,/home/jovyan/Desktop/MEDAGENT-X/data/raw/chexpert_plus/dicom_train/patient00078/study7/view1_frontal.dcm,/home/jovyan/Desktop/MEDAGENT-X/outputs/chexpert_plus/raddino_features/patient00078__study7__view1_frontal.npz,microsoft/rad-dino,success,
41,patient00078/study9,patient00078/study9/view1_frontal.dcm,/home/jovyan/Desktop/MEDAGENT-X/data/raw/chexpert_plus/dicom_train/patient00078/study9/view1_frontal.dcm,/home/jovyan/Desktop/MEDAGENT-X/outputs/chexpert_plus/raddino_features/patient00078__study9__view1_frontal.npz,microsoft/rad-dino,success,
42,patient00078/study5,patient00078/study5/view1_frontal.dcm,/home/jovyan/Desktop/MEDAGENT-X/data/raw/chexpert_plus/dicom_train/patient00078/study5/view1_frontal.dcm,/home/jovyan/Desktop/MEDAGENT-X/outputs/chexpert_plus/raddino_features/patient00078__study5__view1_frontal.npz,microsoft/rad-dino,success,
43,patient00078/study4,patient00078/study4/view1_frontal.dcm,/home/jovyan/Desktop/MEDAGENT-X/data/raw/chexpert_plus/dicom_train/patient00078/study4/view1_frontal.dcm,/home/jovyan/Desktop/MEDAGENT-X/outputs/chexpert_plus/raddino_features/patient00078__study4__view1_frontal.npz,microsoft/rad-dino,success,
44,patient00078/study1,patient00078/study1/view1_frontal.dcm,/home/jovyan/Desktop/MEDAGENT-X/data/raw/chexpert_plus/dicom_train/patient00078/study1/view1_frontal.dcm,/home/jovyan/Desktop/MEDAGENT-X/outputs/chexpert_plus/raddino_features/patient00078__study1__view1_frontal.npz,microsoft/rad-dino,success,
45,patient00078/study8,patient00078/study8/view1_frontal.dcm,/home/jovyan/Desktop/MEDAGENT-X/data/raw/chexpert_plus/dicom_train/patient00078/study8/view1_frontal.dcm,/home/jovyan/Desktop/MEDAGENT-X/outputs/chexpert_plus/raddino_features/patient00078__study8__view1_frontal.npz,microsoft/rad-dino,success,
46,patient00078/study3,patient00078/study3/view1_frontal.dcm,/home/jovyan/Desktop/MEDAGENT-X/data/raw/chexpert_plus/dicom_train/patient00078/study3/view1_frontal.dcm,/home/jovyan/Desktop/MEDAGENT-X/outputs/chexpert_plus/raddino_features/patient00078__study3__view1_frontal.npz,microsoft/rad-dino,success,
47,patient00078/study2,patient00078/study2/view1_frontal.dcm,/home/jovyan/Desktop/MEDAGENT-X/data/raw/chexpert_plus/dicom_train/patient00078/study2/view1_frontal.dcm,/home/jovyan/Desktop/MEDAGENT-X/outputs/chexpert_plus/raddino_features/patient00078__study2__view1_frontal.npz,microsoft/rad-dino,success,
48,patient00079/study1,patient00079/study1/view2_lateral.dcm,/home/jovyan/Desktop/MEDAGENT-X/data/raw/chexpert_plus/dicom_train/patient00079/study1/view2_lateral.dcm,/home/jovyan/Desktop/MEDAGENT-X/outputs/chexpert_plus/raddino_features/patient00079__study1__view2_lateral.npz,microsoft/rad-dino,success,
48,patient00079/study1,patient00079/study1/view1_frontal.dcm,/home/jovyan/Desktop/MEDAGENT-X/data/raw/chexpert_plus/dicom_train/patient00079/study1/view1_frontal.dcm,/home/jovyan/Desktop/MEDAGENT-X/outputs/chexpert_plus/raddino_features/patient00079__study1__view1_frontal.npz,microsoft/rad-dino,success,
49,patient00082/study1,patient00082/study1/view1_frontal.dcm,/home/jovyan/Desktop/MEDAGENT-X/data/raw/chexpert_plus/dicom_train/patient00082/study1/view1_frontal.dcm,/home/jovyan/Desktop/MEDAGENT-X/outputs/chexpert_plus/raddino_features/patient00082__study1__view1_frontal.npz,microsoft/rad-dino,success,
49,patient00082/study1,patient00082/study1/view2_lateral.dcm,/home/jovyan/Desktop/MEDAGENT-X/data/raw/chexpert_plus/dicom_train/patient00082/study1/view2_lateral.dcm,/home/jovyan/Desktop/MEDAGENT-X/outputs/chexpert_plus/raddino_features/patient00082__study1__view2_lateral.npz,microsoft/rad-dino,success,
50,patient00087/study3,patient00087/study3/view3_lateral.dcm,/home/jovyan/Desktop/MEDAGENT-X/data/raw/chexpert_plus/dicom_train/patient00087/study3/view3_lateral.dcm,/home/jovyan/Desktop/MEDAGENT-X/outputs/chexpert_plus/raddino_features/patient00087__study3__view3_lateral.npz,microsoft/rad-dino,success,
50,patient00087/study3,patient00087/study3/view2_frontal.dcm,/home/jovyan/Desktop/MEDAGENT-X/data/raw/chexpert_plus/dicom_train/patient00087/study3/view2_frontal.dcm,/home/jovyan/Desktop/MEDAGENT-X/outputs/chexpert_plus/raddino_features/patient00087__study3__view2_frontal.npz,microsoft/rad-dino,success,
50,patient00087/study3,patient00087/study3/view1_frontal.dcm,/home/jovyan/Desktop/MEDAGENT-X/data/raw/chexpert_plus/dicom_train/patient00087/study3/view1_frontal.dcm,/home/jovyan/Desktop/MEDAGENT-X/outputs/chexpert_plus/raddino_features/patient00087__study3__view1_frontal.npz,microsoft/rad-dino,success,
51,patient00087/study1,patient00087/study1/view1_frontal.dcm,/home/jovyan/Desktop/MEDAGENT-X/data/raw/chexpert_plus/dicom_train/patient00087/study1/view1_frontal.dcm,/home/jovyan/Desktop/MEDAGENT-X/outputs/chexpert_plus/raddino_features/patient00087__study1__view1_frontal.npz,microsoft/rad-dino,success,
52,patient00087/study2,patient00087/study2/view1_frontal.dcm,/home/jovyan/Desktop/MEDAGENT-X/data/raw/chexpert_plus/dicom_train/patient00087/study2/view1_frontal.dcm,/home/jovyan/Desktop/MEDAGENT-X/outputs/chexpert_plus/raddino_features/patient00087__study2__view1_frontal.npz,microsoft/rad-dino,success,
53,patient00089/study1,patient00089/study1/view1_frontal.dcm,/home/jovyan/Desktop/MEDAGENT-X/data/raw/chexpert_plus/dicom_train/patient00089/study1/view1_frontal.dcm,/home/jovyan/Desktop/MEDAGENT-X/outputs/chexpert_plus/raddino_features/patient00089__study1__view1_frontal.npz,microsoft/rad-dino,success,
53,patient00089/study1,patient00089/study1/view2_lateral.dcm,/home/jovyan/Desktop/MEDAGENT-X/data/raw/chexpert_plus/dicom_train/patient00089/study1/view2_lateral.dcm,/home/jovyan/Desktop/MEDAGENT-X/outputs/chexpert_plus/raddino_features/patient00089__study1__view2_lateral.npz,microsoft/rad-dino,success,
54,patient00095/study1,patient00095/study1/view1_frontal.dcm,/home/jovyan/Desktop/MEDAGENT-X/data/raw/chexpert_plus/dicom_train/patient00095/study1/view1_frontal.dcm,/home/jovyan/Desktop/MEDAGENT-X/outputs/chexpert_plus/raddino_features/patient00095__study1__view1_frontal.npz,microsoft/rad-dino,success,
55,patient00096/study1,patient00096/study1/view2_lateral.dcm,/home/jovyan/Desktop/MEDAGENT-X/data/raw/chexpert_plus/dicom_train/patient00096/study1/view2_lateral.dcm,/home/jovyan/Desktop/MEDAGENT-X/outputs/chexpert_plus/raddino_features/patient00096__study1__view2_lateral.npz,microsoft/rad-dino,success,
55,patient00096/study1,patient00096/study1/view1_frontal.dcm,/home/jovyan/Desktop/MEDAGENT-X/data/raw/chexpert_plus/dicom_train/patient00096/study1/view1_frontal.dcm,/home/jovyan/Desktop/MEDAGENT-X/outputs/chexpert_plus/raddino_features/patient00096__study1__view1_frontal.npz,microsoft/rad-dino,success,
56,patient00096/study2,patient00096/study2/view1_frontal.dcm,/home/jovyan/Desktop/MEDAGENT-X/data/raw/chexpert_plus/dicom_train/patient00096/study2/view1_frontal.dcm,/home/jovyan/Desktop/MEDAGENT-X/outputs/chexpert_plus/raddino_features/patient00096__study2__view1_frontal.npz,microsoft/rad-dino,success,
57,patient00102/study1,patient00102/study1/view1_frontal.dcm,/home/jovyan/Desktop/MEDAGENT-X/data/raw/chexpert_plus/dicom_train/patient00102/study1/view1_frontal.dcm,/home/jovyan/Desktop/MEDAGENT-X/outputs/chexpert_plus/raddino_features/patient00102__study1__view1_frontal.npz,microsoft/rad-dino,success,
58,patient00102/study3,patient00102/study3/view1_frontal.dcm,/home/jovyan/Desktop/MEDAGENT-X/data/raw/chexpert_plus/dicom_train/patient00102/study3/view1_frontal.dcm,/home/jovyan/Desktop/MEDAGENT-X/outputs/chexpert_plus/raddino_features/patient00102__study3__view1_frontal.npz,microsoft/rad-dino,success,
59,patient00102/study2,patient00102/study2/view1_frontal.dcm,/home/jovyan/Desktop/MEDAGENT-X/data/raw/chexpert_plus/dicom_train/patient00102/study2/view1_frontal.dcm,/home/jovyan/Desktop/MEDAGENT-X/outputs/chexpert_plus/raddino_features/patient00102__study2__view1_frontal.npz,microsoft/rad-dino,success,
60,patient00107/study1,patient00107/study1/view1_frontal.dcm,/home/jovyan/Desktop/MEDAGENT-X/data/raw/chexpert_plus/dicom_train/patient00107/study1/view1_frontal.dcm,/home/jovyan/Desktop/MEDAGENT-X/outputs/chexpert_plus/raddino_features/patient00107__study1__view1_frontal.npz,microsoft/rad-dino,success,
61,patient00113/study1,patient00113/study1/view1_frontal.dcm,/home/jovyan/Desktop/MEDAGENT-X/data/raw/chexpert_plus/dicom_train/patient00113/study1/view1_frontal.dcm,/home/jovyan/Desktop/MEDAGENT-X/outputs/chexpert_plus/raddino_features/patient00113__study1__view1_frontal.npz,microsoft/rad-dino,success,
62,patient00113/study2,patient00113/study2/view1_frontal.dcm,/home/jovyan/Desktop/MEDAGENT-X/data/raw/chexpert_plus/dicom_train/patient00113/study2/view1_frontal.dcm,/home/jovyan/Desktop/MEDAGENT-X/outputs/chexpert_plus/raddino_features/patient00113__study2__view1_frontal.npz,microsoft/rad-dino,success,
63,patient00114/study5,patient00114/study5/view1_frontal.dcm,/home/jovyan/Desktop/MEDAGENT-X/data/raw/chexpert_plus/dicom_train/patient00114/study5/view1_frontal.dcm,/home/jovyan/Desktop/MEDAGENT-X/outputs/chexpert_plus/raddino_features/patient00114__study5__view1_frontal.npz,microsoft/rad-dino,success,
64,patient00114/study10,patient00114/study10/view1_frontal.dcm,/home/jovyan/Desktop/MEDAGENT-X/data/raw/chexpert_plus/dicom_train/patient00114/study10/view1_frontal.dcm,/home/jovyan/Desktop/MEDAGENT-X/outputs/chexpert_plus/raddino_features/patient00114__study10__view1_frontal.npz,microsoft/rad-dino,success,
65,patient00114/study15,patient00114/study15/view1_frontal.dcm,/home/jovyan/Desktop/MEDAGENT-X/data/raw/chexpert_plus/dicom_train/patient00114/study15/view1_frontal.dcm,/home/jovyan/Desktop/MEDAGENT-X/outputs/chexpert_plus/raddino_features/patient00114__study15__view1_frontal.npz,microsoft/rad-dino,success,
66,patient00114/study16,patient00114/study16/view1_frontal.dcm,/home/jovyan/Desktop/MEDAGENT-X/data/raw/chexpert_plus/dicom_train/patient00114/study16/view1_frontal.dcm,/home/jovyan/Desktop/MEDAGENT-X/outputs/chexpert_plus/raddino_features/patient00114__study16__view1_frontal.npz,microsoft/rad-dino,success,
67,patient00114/study20,patient00114/study20/view1_frontal.dcm,/home/jovyan/Desktop/MEDAGENT-X/data/raw/chexpert_plus/dicom_train/patient00114/study20/view1_frontal.dcm,/home/jovyan/Desktop/MEDAGENT-X/outputs/chexpert_plus/raddino_features/patient00114__study20__view1_frontal.npz,microsoft/rad-dino,success,
68,patient00114/study3,patient00114/study3/view1_frontal.dcm,/home/jovyan/Desktop/MEDAGENT-X/data/raw/chexpert_plus/dicom_train/patient00114/study3/view1_frontal.dcm,/home/jovyan/Desktop/MEDAGENT-X/outputs/chexpert_plus/raddino_features/patient00114__study3__view1_frontal.npz,microsoft/rad-dino,success,
69,patient00114/study17,patient00114/study17/view1_frontal.dcm,/home/jovyan/Desktop/MEDAGENT-X/data/raw/chexpert_plus/dicom_train/patient00114/study17/view1_frontal.dcm,/home/jovyan/Desktop/MEDAGENT-X/outputs/chexpert_plus/raddino_features/patient00114__study17__view1_frontal.npz,microsoft/rad-dino,success,
70,patient00114/study13,patient00114/study13/view1_frontal.dcm,/home/jovyan/Desktop/MEDAGENT-X/data/raw/chexpert_plus/dicom_train/patient00114/study13/view1_frontal.dcm,/home/jovyan/Desktop/MEDAGENT-X/outputs/chexpert_plus/raddino_features/patient00114__study13__view1_frontal.npz,microsoft/rad-dino,success,
71,patient00114/study19,patient00114/study19/view1_frontal.dcm,/home/jovyan/Desktop/MEDAGENT-X/data/raw/chexpert_plus/dicom_train/patient00114/study19/view1_frontal.dcm,/home/jovyan/Desktop/MEDAGENT-X/outputs/chexpert_plus/raddino_features/patient00114__study19__view1_frontal.npz,microsoft/rad-dino,success,
72,patient00114/study7,patient00114/study7/view1_frontal.dcm,/home/jovyan/Desktop/MEDAGENT-X/data/raw/chexpert_plus/dicom_train/patient00114/study7/view1_frontal.dcm,/home/jovyan/Desktop/MEDAGENT-X/outputs/chexpert_plus/raddino_features/patient00114__study7__view1_frontal.npz,microsoft/rad-dino,success,
73,patient00114/study2,patient00114/study2/view1_frontal.dcm,/home/jovyan/Desktop/MEDAGENT-X/data/raw/chexpert_plus/dicom_train/patient00114/study2/view1_frontal.dcm,/home/jovyan/Desktop/MEDAGENT-X/outputs/chexpert_plus/raddino_features/patient00114__study2__view1_frontal.npz,microsoft/rad-dino,success,
74,patient00114/study12,patient00114/study12/view1_frontal.dcm,/home/jovyan/Desktop/MEDAGENT-X/data/raw/chexpert_plus/dicom_train/patient00114/study12/view1_frontal.dcm,/home/jovyan/Desktop/MEDAGENT-X/outputs/chexpert_plus/raddino_features/patient00114__study12__view1_frontal.npz,microsoft/rad-dino,success,
75,patient00114/study9,patient00114/study9/view1_frontal.dcm,/home/jovyan/Desktop/MEDAGENT-X/data/raw/chexpert_plus/dicom_train/patient00114/study9/view1_frontal.dcm,/home/jovyan/Desktop/MEDAGENT-X/outputs/chexpert_plus/raddino_features/patient00114__study9__view1_frontal.npz,microsoft/rad-dino,success,
76,patient00114/study1,patient00114/study1/view1_frontal.dcm,/home/jovyan/Desktop/MEDAGENT-X/data/raw/chexpert_plus/dicom_train/patient00114/study1/view1_frontal.dcm,/home/jovyan/Desktop/MEDAGENT-X/outputs/chexpert_plus/raddino_features/patient00114__study1__view1_frontal.npz,microsoft/rad-dino,success,
77,patient00114/study6,patient00114/study6/view1_frontal.dcm,/home/jovyan/Desktop/MEDAGENT-X/data/raw/chexpert_plus/dicom_train/patient00114/study6/view1_frontal.dcm,/home/jovyan/Desktop/MEDAGENT-X/outputs/chexpert_plus/raddino_features/patient00114__study6__view1_frontal.npz,microsoft/rad-dino,success,
78,patient00114/study18,patient00114/study18/view1_frontal.dcm,/home/jovyan/Desktop/MEDAGENT-X/data/raw/chexpert_plus/dicom_train/patient00114/study18/view1_frontal.dcm,/home/jovyan/Desktop/MEDAGENT-X/outputs/chexpert_plus/raddino_features/patient00114__study18__view1_frontal.npz,microsoft/rad-dino,success,
79,patient00114/study4,patient00114/study4/view1_frontal.dcm,/home/jovyan/Desktop/MEDAGENT-X/data/raw/chexpert_plus/dicom_train/patient00114/study4/view1_frontal.dcm,/home/jovyan/Desktop/MEDAGENT-X/outputs/chexpert_plus/raddino_features/patient00114__study4__view1_frontal.npz,microsoft/rad-dino,success,
80,patient00114/study8,patient00114/study8/view1_frontal.dcm,/home/jovyan/Desktop/MEDAGENT-X/data/raw/chexpert_plus/dicom_train/patient00114/study8/view1_frontal.dcm,/home/jovyan/Desktop/MEDAGENT-X/outputs/chexpert_plus/raddino_features/patient00114__study8__view1_frontal.npz,microsoft/rad-dino,success,
81,patient00114/study14,patient00114/study14/view1_frontal.dcm,/home/jovyan/Desktop/MEDAGENT-X/data/raw/chexpert_plus/dicom_train/patient00114/study14/view1_frontal.dcm,/home/jovyan/Desktop/MEDAGENT-X/outputs/chexpert_plus/raddino_features/patient00114__study14__view1_frontal.npz,microsoft/rad-dino,success,
82,patient00114/study11,patient00114/study11/view1_frontal.dcm,/home/jovyan/Desktop/MEDAGENT-X/data/raw/chexpert_plus/dicom_train/patient00114/study11/view1_frontal.dcm,/home/jovyan/Desktop/MEDAGENT-X/outputs/chexpert_plus/raddino_features/patient00114__study11__view1_frontal.npz,microsoft/rad-dino,success,
83,patient00115/study1,patient00115/study1/view1_frontal.dcm,/home/jovyan/Desktop/MEDAGENT-X/data/raw/chexpert_plus/dicom_train/patient00115/study1/view1_frontal.dcm,/home/jovyan/Desktop/MEDAGENT-X/outputs/chexpert_plus/raddino_features/patient00115__study1__view1_frontal.npz,microsoft/rad-dino,success,
84,patient00115/study2,patient00115/study2/view1_frontal.dcm,/home/jovyan/Desktop/MEDAGENT-X/data/raw/chexpert_plus/dicom_train/patient00115/study2/view1_frontal.dcm,/home/jovyan/Desktop/MEDAGENT-X/outputs/chexpert_plus/raddino_features/patient00115__study2__view1_frontal.npz,microsoft/rad-dino,success,
85,patient00120/study1,patient00120/study1/view1_frontal.dcm,/home/jovyan/Desktop/MEDAGENT-X/data/raw/chexpert_plus/dicom_train/patient00120/study1/view1_frontal.dcm,/home/jovyan/Desktop/MEDAGENT-X/outputs/chexpert_plus/raddino_features/patient00120__study1__view1_frontal.npz,microsoft/rad-dino,success,
86,patient00121/study1,patient00121/study1/view1_frontal.dcm,/home/jovyan/Desktop/MEDAGENT-X/data/raw/chexpert_plus/dicom_train/patient00121/study1/view1_frontal.dcm,/home/jovyan/Desktop/MEDAGENT-X/outputs/chexpert_plus/raddino_features/patient00121__study1__view1_frontal.npz,microsoft/rad-dino,success,
87,patient00122/study3,patient00122/study3/view2_lateral.dcm,/home/jovyan/Desktop/MEDAGENT-X/data/raw/chexpert_plus/dicom_train/patient00122/study3/view2_lateral.dcm,/home/jovyan/Desktop/MEDAGENT-X/outputs/chexpert_plus/raddino_features/patient00122__study3__view2_lateral.npz,microsoft/rad-dino,success,
87,patient00122/study3,patient00122/study3/view1_frontal.dcm,/home/jovyan/Desktop/MEDAGENT-X/data/raw/chexpert_plus/dicom_train/patient00122/study3/view1_frontal.dcm,/home/jovyan/Desktop/MEDAGENT-X/outputs/chexpert_plus/raddino_features/patient00122__study3__view1_frontal.npz,microsoft/rad-dino,success,
88,patient00122/study5,patient00122/study5/view1_frontal.dcm,/home/jovyan/Desktop/MEDAGENT-X/data/raw/chexpert_plus/dicom_train/patient00122/study5/view1_frontal.dcm,/home/jovyan/Desktop/MEDAGENT-X/outputs/chexpert_plus/raddino_features/patient00122__study5__view1_frontal.npz,microsoft/rad-dino,success,
89,patient00122/study1,patient00122/study1/view1_frontal.dcm,/home/jovyan/Desktop/MEDAGENT-X/data/raw/chexpert_plus/dicom_train/patient00122/study1/view1_frontal.dcm,/home/jovyan/Desktop/MEDAGENT-X/outputs/chexpert_plus/raddino_features/patient00122__study1__view1_frontal.npz,microsoft/rad-dino,success,
90,patient00122/study4,patient00122/study4/view1_frontal.dcm,/home/jovyan/Desktop/MEDAGENT-X/data/raw/chexpert_plus/dicom_train/patient00122/study4/view1_frontal.dcm,/home/jovyan/Desktop/MEDAGENT-X/outputs/chexpert_plus/raddino_features/patient00122__study4__view1_frontal.npz,microsoft/rad-dino,success,
91,patient00122/study8,patient00122/study8/view1_frontal.dcm,/home/jovyan/Desktop/MEDAGENT-X/data/raw/chexpert_plus/dicom_train/patient00122/study8/view1_frontal.dcm,/home/jovyan/Desktop/MEDAGENT-X/outputs/chexpert_plus/raddino_features/patient00122__study8__view1_frontal.npz,microsoft/rad-dino,success,
92,patient00122/study2,patient00122/study2/view1_frontal.dcm,/home/jovyan/Desktop/MEDAGENT-X/data/raw/chexpert_plus/dicom_train/patient00122/study2/view1_frontal.dcm,/home/jovyan/Desktop/MEDAGENT-X/outputs/chexpert_plus/raddino_features/patient00122__study2__view1_frontal.npz,microsoft/rad-dino,success,
93,patient00122/study7,patient00122/study7/view1_frontal.dcm,/home/jovyan/Desktop/MEDAGENT-X/data/raw/chexpert_plus/dicom_train/patient00122/study7/view1_frontal.dcm,/home/jovyan/Desktop/MEDAGENT-X/outputs/chexpert_plus/raddino_features/patient00122__study7__view1_frontal.npz,microsoft/rad-dino,success,
94,patient00122/study6,patient00122/study6/view1_frontal.dcm,/home/jovyan/Desktop/MEDAGENT-X/data/raw/chexpert_plus/dicom_train/patient00122/study6/view1_frontal.dcm,/home/jovyan/Desktop/MEDAGENT-X/outputs/chexpert_plus/raddino_features/patient00122__study6__view1_frontal.npz,microsoft/rad-dino,success,
95,patient00124/study6,patient00124/study6/view1_frontal.dcm,/home/jovyan/Desktop/MEDAGENT-X/data/raw/chexpert_plus/dicom_train/patient00124/study6/view1_frontal.dcm,/home/jovyan/Desktop/MEDAGENT-X/outputs/chexpert_plus/raddino_features/patient00124__study6__view1_frontal.npz,microsoft/rad-dino,success,
96,patient00124/study4,patient00124/study4/view1_frontal.dcm,/home/jovyan/Desktop/MEDAGENT-X/data/raw/chexpert_plus/dicom_train/patient00124/study4/view1_frontal.dcm,/home/jovyan/Desktop/MEDAGENT-X/outputs/chexpert_plus/raddino_features/patient00124__study4__view1_frontal.npz,microsoft/rad-dino,success,
97,patient00124/study2,patient00124/study2/view1_frontal.dcm,/home/jovyan/Desktop/MEDAGENT-X/data/raw/chexpert_plus/dicom_train/patient00124/study2/view1_frontal.dcm,/home/jovyan/Desktop/MEDAGENT-X/outputs/chexpert_plus/raddino_features/patient00124__study2__view1_frontal.npz,microsoft/rad-dino,success,
98,patient00124/study3,patient00124/study3/view1_frontal.dcm,/home/jovyan/Desktop/MEDAGENT-X/data/raw/chexpert_plus/dicom_train/patient00124/study3/view1_frontal.dcm,/home/jovyan/Desktop/MEDAGENT-X/outputs/chexpert_plus/raddino_features/patient00124__study3__view1_frontal.npz,microsoft/rad-dino,success,
99,patient00124/study5,patient00124/study5/view1_frontal.dcm,/home/jovyan/Desktop/MEDAGENT-X/data/raw/chexpert_plus/dicom_train/patient00124/study5/view1_frontal.dcm,/home/jovyan/Desktop/MEDAGENT-X/outputs/chexpert_plus/raddino_features/patient00124__study5__view1_frontal.npz,microsoft/rad-dino,success,
100,patient00124/study1,patient00124/study1/view1_frontal.dcm,/home/jovyan/Desktop/MEDAGENT-X/data/raw/chexpert_plus/dicom_train/patient00124/study1/view1_frontal.dcm,/home/jovyan/Desktop/MEDAGENT-X/outputs/chexpert_plus/raddino_features/patient00124__study1__view1_frontal.npz,microsoft/rad-dino,success,
101,patient00124/study7,patient00124/study7/view2_lateral.dcm,/home/jovyan/Desktop/MEDAGENT-X/data/raw/chexpert_plus/dicom_train/patient00124/study7/view2_lateral.dcm,/home/jovyan/Desktop/MEDAGENT-X/outputs/chexpert_plus/raddino_features/patient00124__study7__view2_lateral.npz,microsoft/rad-dino,success,
101,patient00124/study7,patient00124/study7/view1_frontal.dcm,/home/jovyan/Desktop/MEDAGENT-X/data/raw/chexpert_plus/dicom_train/patient00124/study7/view1_frontal.dcm,/home/jovyan/Desktop/MEDAGENT-X/outputs/chexpert_plus/raddino_features/patient00124__study7__view1_frontal.npz,microsoft/rad-dino,success,
102,patient00125/study1,patient00125/study1/view1_frontal.dcm,/home/jovyan/Desktop/MEDAGENT-X/data/raw/chexpert_plus/dicom_train/patient00125/study1/view1_frontal.dcm,/home/jovyan/Desktop/MEDAGENT-X/outputs/chexpert_plus/raddino_features/patient00125__study1__view1_frontal.npz,microsoft/rad-dino,success,
102,patient00125/study1,patient00125/study1/view2_lateral.dcm,/home/jovyan/Desktop/MEDAGENT-X/data/raw/chexpert_plus/dicom_train/patient00125/study1/view2_lateral.dcm,/home/jovyan/Desktop/MEDAGENT-X/outputs/chexpert_plus/raddino_features/patient00125__study1__view2_lateral.npz,microsoft/rad-dino,success,
103,patient00126/study1,patient00126/study1/view1_frontal.dcm,/home/jovyan/Desktop/MEDAGENT-X/data/raw/chexpert_plus/dicom_train/patient00126/study1/view1_frontal.dcm,/home/jovyan/Desktop/MEDAGENT-X/outputs/chexpert_plus/raddino_features/patient00126__study1__view1_frontal.npz,microsoft/rad-dino,success,
104,patient00127/study1,patient00127/study1/view1_frontal.dcm,/home/jovyan/Desktop/MEDAGENT-X/data/raw/chexpert_plus/dicom_train/patient00127/study1/view1_frontal.dcm,/home/jovyan/Desktop/MEDAGENT-X/outputs/chexpert_plus/raddino_features/patient00127__study1__view1_frontal.npz,microsoft/rad-dino,success,
105,patient00129/study1,patient00129/study1/view1_frontal.dcm,/home/jovyan/Desktop/MEDAGENT-X/data/raw/chexpert_plus/dicom_train/patient00129/study1/view1_frontal.dcm,/home/jovyan/Desktop/MEDAGENT-X/outputs/chexpert_plus/raddino_features/patient00129__study1__view1_frontal.npz,microsoft/rad-dino,success,
106,patient00133/study1,patient00133/study1/view2_lateral.dcm,/home/jovyan/Desktop/MEDAGENT-X/data/raw/chexpert_plus/dicom_train/patient00133/study1/view2_lateral.dcm,/home/jovyan/Desktop/MEDAGENT-X/outputs/chexpert_plus/raddino_features/patient00133__study1__view2_lateral.npz,microsoft/rad-dino,success,
106,patient00133/study1,patient00133/study1/view1_frontal.dcm,/home/jovyan/Desktop/MEDAGENT-X/data/raw/chexpert_plus/dicom_train/patient00133/study1/view1_frontal.dcm,/home/jovyan/Desktop/MEDAGENT-X/outputs/chexpert_plus/raddino_features/patient00133__study1__view1_frontal.npz,microsoft/rad-dino,success,
107,patient00134/study4,patient00134/study4/view1_frontal.dcm,/home/jovyan/Desktop/MEDAGENT-X/data/raw/chexpert_plus/dicom_train/patient00134/study4/view1_frontal.dcm,/home/jovyan/Desktop/MEDAGENT-X/outputs/chexpert_plus/raddino_features/patient00134__study4__view1_frontal.npz,microsoft/rad-dino,success,
108,patient00134/study2,patient00134/study2/view1_frontal.dcm,/home/jovyan/Desktop/MEDAGENT-X/data/raw/chexpert_plus/dicom_train/patient00134/study2/view1_frontal.dcm,/home/jovyan/Desktop/MEDAGENT-X/outputs/chexpert_plus/raddino_features/patient00134__study2__view1_frontal.npz,microsoft/rad-dino,success,
109,patient00134/study5,patient00134/study5/view1_frontal.dcm,/home/jovyan/Desktop/MEDAGENT-X/data/raw/chexpert_plus/dicom_train/patient00134/study5/view1_frontal.dcm,/home/jovyan/Desktop/MEDAGENT-X/outputs/chexpert_plus/raddino_features/patient00134__study5__view1_frontal.npz,microsoft/rad-dino,success,
109,patient00134/study5,patient00134/study5/view2_lateral.dcm,/home/jovyan/Desktop/MEDAGENT-X/data/raw/chexpert_plus/dicom_train/patient00134/study5/view2_lateral.dcm,/home/jovyan/Desktop/MEDAGENT-X/outputs/chexpert_plus/raddino_features/patient00134__study5__view2_lateral.npz,microsoft/rad-dino,success,
110,patient00134/study6,patient00134/study6/view1_frontal.dcm,/home/jovyan/Desktop/MEDAGENT-X/data/raw/chexpert_plus/dicom_train/patient00134/study6/view1_frontal.dcm,/home/jovyan/Desktop/MEDAGENT-X/outputs/chexpert_plus/raddino_features/patient00134__study6__view1_frontal.npz,microsoft/rad-dino,success,
111,patient00134/study1,patient00134/study1/view1_frontal.dcm,/home/jovyan/Desktop/MEDAGENT-X/data/raw/chexpert_plus/dicom_train/patient00134/study1/view1_frontal.dcm,/home/jovyan/Desktop/MEDAGENT-X/outputs/chexpert_plus/raddino_features/patient00134__study1__view1_frontal.npz,microsoft/rad-dino,success,
111,patient00134/study1,patient00134/study1/view2_lateral.dcm,/home/jovyan/Desktop/MEDAGENT-X/data/raw/chexpert_plus/dicom_train/patient00134/study1/view2_lateral.dcm,/home/jovyan/Desktop/MEDAGENT-X/outputs/chexpert_plus/raddino_features/patient00134__study1__view2_lateral.npz,microsoft/rad-dino,success,
112,patient00134/study7,patient00134/study7/view1_frontal.dcm,/home/jovyan/Desktop/MEDAGENT-X/data/raw/chexpert_plus/dicom_train/patient00134/study7/view1_frontal.dcm,/home/jovyan/Desktop/MEDAGENT-X/outputs/chexpert_plus/raddino_features/patient00134__study7__view1_frontal.npz,microsoft/rad-dino,success,
113,patient00134/study3,patient00134/study3/view1_frontal.dcm,/home/jovyan/Desktop/MEDAGENT-X/data/raw/chexpert_plus/dicom_train/patient00134/study3/view1_frontal.dcm,/home/jovyan/Desktop/MEDAGENT-X/outputs/chexpert_plus/raddino_features/patient00134__study3__view1_frontal.npz,microsoft/rad-dino,success,
114,patient00136/study3,patient00136/study3/view1_frontal.dcm,/home/jovyan/Desktop/MEDAGENT-X/data/raw/chexpert_plus/dicom_train/patient00136/study3/view1_frontal.dcm,/home/jovyan/Desktop/MEDAGENT-X/outputs/chexpert_plus/raddino_features/patient00136__study3__view1_frontal.npz,microsoft/rad-dino,success,
115,patient00136/study1,patient00136/study1/view1_frontal.dcm,/home/jovyan/Desktop/MEDAGENT-X/data/raw/chexpert_plus/dicom_train/patient00136/study1/view1_frontal.dcm,/home/jovyan/Desktop/MEDAGENT-X/outputs/chexpert_plus/raddino_features/patient00136__study1__view1_frontal.npz,microsoft/rad-dino,success,
115,patient00136/study1,patient00136/study1/view2_lateral.dcm,/home/jovyan/Desktop/MEDAGENT-X/data/raw/chexpert_plus/dicom_train/patient00136/study1/view2_lateral.dcm,/home/jovyan/Desktop/MEDAGENT-X/outputs/chexpert_plus/raddino_features/patient00136__study1__view2_lateral.npz,microsoft/rad-dino,success,
116,patient00136/study2,patient00136/study2/view1_frontal.dcm,/home/jovyan/Desktop/MEDAGENT-X/data/raw/chexpert_plus/dicom_train/patient00136/study2/view1_frontal.dcm,/home/jovyan/Desktop/MEDAGENT-X/outputs/chexpert_plus/raddino_features/patient00136__study2__view1_frontal.npz,microsoft/rad-dino,success,
116,patient00136/study2,patient00136/study2/view2_frontal.dcm,/home/jovyan/Desktop/MEDAGENT-X/data/raw/chexpert_plus/dicom_train/patient00136/study2/view2_frontal.dcm,/home/jovyan/Desktop/MEDAGENT-X/outputs/chexpert_plus/raddino_features/patient00136__study2__view2_frontal.npz,microsoft/rad-dino,success,
117,patient00138/study2,patient00138/study2/view1_frontal.dcm,/home/jovyan/Desktop/MEDAGENT-X/data/raw/chexpert_plus/dicom_train/patient00138/study2/view1_frontal.dcm,/home/jovyan/Desktop/MEDAGENT-X/outputs/chexpert_plus/raddino_features/patient00138__study2__view1_frontal.npz,microsoft/rad-dino,success,
118,patient00138/study6,patient00138/study6/view1_frontal.dcm,/home/jovyan/Desktop/MEDAGENT-X/data/raw/chexpert_plus/dicom_train/patient00138/study6/view1_frontal.dcm,/home/jovyan/Desktop/MEDAGENT-X/outputs/chexpert_plus/raddino_features/patient00138__study6__view1_frontal.npz,microsoft/rad-dino,success,
119,patient00138/study5,patient00138/study5/view2_lateral.dcm,/home/jovyan/Desktop/MEDAGENT-X/data/raw/chexpert_plus/dicom_train/patient00138/study5/view2_lateral.dcm,/home/jovyan/Desktop/MEDAGENT-X/outputs/chexpert_plus/raddino_features/patient00138__study5__view2_lateral.npz,microsoft/rad-dino,success,
119,patient00138/study5,patient00138/study5/view1_frontal.dcm,/home/jovyan/Desktop/MEDAGENT-X/data/raw/chexpert_plus/dicom_train/patient00138/study5/view1_frontal.dcm,/home/jovyan/Desktop/MEDAGENT-X/outputs/chexpert_plus/raddino_features/patient00138__study5__view1_frontal.npz,microsoft/rad-dino,success,
120,patient00138/study3,patient00138/study3/view1_frontal.dcm,/home/jovyan/Desktop/MEDAGENT-X/data/raw/chexpert_plus/dicom_train/patient00138/study3/view1_frontal.dcm,/home/jovyan/Desktop/MEDAGENT-X/outputs/chexpert_plus/raddino_features/patient00138__study3__view1_frontal.npz,microsoft/rad-dino,success,
121,patient00138/study1,patient00138/study1/view1_frontal.dcm,/home/jovyan/Desktop/MEDAGENT-X/data/raw/chexpert_plus/dicom_train/patient00138/study1/view1_frontal.dcm,/home/jovyan/Desktop/MEDAGENT-X/outputs/chexpert_plus/raddino_features/patient00138__study1__view1_frontal.npz,microsoft/rad-dino,success,
122,patient00138/study4,patient00138/study4/view1_frontal.dcm,/home/jovyan/Desktop/MEDAGENT-X/data/raw/chexpert_plus/dicom_train/patient00138/study4/view1_frontal.dcm,/home/jovyan/Desktop/MEDAGENT-X/outputs/chexpert_plus/raddino_features/patient00138__study4__view1_frontal.npz,microsoft/rad-dino,success,
123,patient00138/study8,patient00138/study8/view1_frontal.dcm,/home/jovyan/Desktop/MEDAGENT-X/data/raw/chexpert_plus/dicom_train/patient00138/study8/view1_frontal.dcm,/home/jovyan/Desktop/MEDAGENT-X/outputs/chexpert_plus/raddino_features/patient00138__study8__view1_frontal.npz,microsoft/rad-dino,success,
124,patient00138/study7,patient00138/study7/view1_frontal.dcm,/home/jovyan/Desktop/MEDAGENT-X/data/raw/chexpert_plus/dicom_train/patient00138/study7/view1_frontal.dcm,/home/jovyan/Desktop/MEDAGENT-X/outputs/chexpert_plus/raddino_features/patient00138__study7__view1_frontal.npz,microsoft/rad-dino,success,
125,patient00146/study18,patient00146/study18/view1_frontal.dcm,/home/jovyan/Desktop/MEDAGENT-X/data/raw/chexpert_plus/dicom_train/patient00146/study18/view1_frontal.dcm,/home/jovyan/Desktop/MEDAGENT-X/outputs/chexpert_plus/raddino_features/patient00146__study18__view1_frontal.npz,microsoft/rad-dino,success,
126,patient00146/study13,patient00146/study13/view1_frontal.dcm,/home/jovyan/Desktop/MEDAGENT-X/data/raw/chexpert_plus/dicom_train/patient00146/study13/view1_frontal.dcm,/home/jovyan/Desktop/MEDAGENT-X/outputs/chexpert_plus/raddino_features/patient00146__study13__view1_frontal.npz,microsoft/rad-dino,success,
127,patient00146/study30,patient00146/study30/view1_frontal.dcm,/home/jovyan/Desktop/MEDAGENT-X/data/raw/chexpert_plus/dicom_train/patient00146/study30/view1_frontal.dcm,/home/jovyan/Desktop/MEDAGENT-X/outputs/chexpert_plus/raddino_features/patient00146__study30__view1_frontal.npz,microsoft/rad-dino,success,
128,patient00146/study21,patient00146/study21/view1_frontal.dcm,/home/jovyan/Desktop/MEDAGENT-X/data/raw/chexpert_plus/dicom_train/patient00146/study21/view1_frontal.dcm,/home/jovyan/Desktop/MEDAGENT-X/outputs/chexpert_plus/raddino_features/patient00146__study21__view1_frontal.npz,microsoft/rad-dino,success,
129,patient00146/study16,patient00146/study16/view1_frontal.dcm,/home/jovyan/Desktop/MEDAGENT-X/data/raw/chexpert_plus/dicom_train/patient00146/study16/view1_frontal.dcm,/home/jovyan/Desktop/MEDAGENT-X/outputs/chexpert_plus/raddino_features/patient00146__study16__view1_frontal.npz,microsoft/rad-dino,success,
130,patient00146/study19,patient00146/study19/view1_frontal.dcm,/home/jovyan/Desktop/MEDAGENT-X/data/raw/chexpert_plus/dicom_train/patient00146/study19/view1_frontal.dcm,/home/jovyan/Desktop/MEDAGENT-X/outputs/chexpert_plus/raddino_features/patient00146__study19__view1_frontal.npz,microsoft/rad-dino,success,
131,patient00146/study2,patient00146/study2/view1_frontal.dcm,/home/jovyan/Desktop/MEDAGENT-X/data/raw/chexpert_plus/dicom_train/patient00146/study2/view1_frontal.dcm,/home/jovyan/Desktop/MEDAGENT-X/outputs/chexpert_plus/raddino_features/patient00146__study2__view1_frontal.npz,microsoft/rad-dino,success,
132,patient00146/study14,patient00146/study14/view1_frontal.dcm,/home/jovyan/Desktop/MEDAGENT-X/data/raw/chexpert_plus/dicom_train/patient00146/study14/view1_frontal.dcm,/home/jovyan/Desktop/MEDAGENT-X/outputs/chexpert_plus/raddino_features/patient00146__study14__view1_frontal.npz,microsoft/rad-dino,success,
133,patient00146/study27,patient00146/study27/view1_frontal.dcm,/home/jovyan/Desktop/MEDAGENT-X/data/raw/chexpert_plus/dicom_train/patient00146/study27/view1_frontal.dcm,/home/jovyan/Desktop/MEDAGENT-X/outputs/chexpert_plus/raddino_features/patient00146__study27__view1_frontal.npz,microsoft/rad-dino,success,
134,patient00146/study1,patient00146/study1/view1_frontal.dcm,/home/jovyan/Desktop/MEDAGENT-X/data/raw/chexpert_plus/dicom_train/patient00146/study1/view1_frontal.dcm,/home/jovyan/Desktop/MEDAGENT-X/outputs/chexpert_plus/raddino_features/patient00146__study1__view1_frontal.npz,microsoft/rad-dino,success,
135,patient00146/study9,patient00146/study9/view1_frontal.dcm,/home/jovyan/Desktop/MEDAGENT-X/data/raw/chexpert_plus/dicom_train/patient00146/study9/view1_frontal.dcm,/home/jovyan/Desktop/MEDAGENT-X/outputs/chexpert_plus/raddino_features/patient00146__study9__view1_frontal.npz,microsoft/rad-dino,success,
136,patient00146/study25,patient00146/study25/view1_frontal.dcm,/home/jovyan/Desktop/MEDAGENT-X/data/raw/chexpert_plus/dicom_train/patient00146/study25/view1_frontal.dcm,/home/jovyan/Desktop/MEDAGENT-X/outputs/chexpert_plus/raddino_features/patient00146__study25__view1_frontal.npz,microsoft/rad-dino,success,
137,patient00146/study31,patient00146/study31/view1_frontal.dcm,/home/jovyan/Desktop/MEDAGENT-X/data/raw/chexpert_plus/dicom_train/patient00146/study31/view1_frontal.dcm,/home/jovyan/Desktop/MEDAGENT-X/outputs/chexpert_plus/raddino_features/patient00146__study31__view1_frontal.npz,microsoft/rad-dino,success,
138,patient00146/study26,patient00146/study26/view1_frontal.dcm,/home/jovyan/Desktop/MEDAGENT-X/data/raw/chexpert_plus/dicom_train/patient00146/study26/view1_frontal.dcm,/home/jovyan/Desktop/MEDAGENT-X/outputs/chexpert_plus/raddino_features/patient00146__study26__view1_frontal.npz,microsoft/rad-dino,success,
139,patient00146/study29,patient00146/study29/view1_frontal.dcm,/home/jovyan/Desktop/MEDAGENT-X/data/raw/chexpert_plus/dicom_train/patient00146/study29/view1_frontal.dcm,/home/jovyan/Desktop/MEDAGENT-X/outputs/chexpert_plus/raddino_features/patient00146__study29__view1_frontal.npz,microsoft/rad-dino,success,
140,patient00146/study8,patient00146/study8/view1_frontal.dcm,/home/jovyan/Desktop/MEDAGENT-X/data/raw/chexpert_plus/dicom_train/patient00146/study8/view1_frontal.dcm,/home/jovyan/Desktop/MEDAGENT-X/outputs/chexpert_plus/raddino_features/patient00146__study8__view1_frontal.npz,microsoft/rad-dino,success,
141,patient00146/study4,patient00146/study4/view1_frontal.dcm,/home/jovyan/Desktop/MEDAGENT-X/data/raw/chexpert_plus/dicom_train/patient00146/study4/view1_frontal.dcm,/home/jovyan/Desktop/MEDAGENT-X/outputs/chexpert_plus/raddino_features/patient00146__study4__view1_frontal.npz,microsoft/rad-dino,success,
142,patient00146/study6,patient00146/study6/view1_frontal.dcm,/home/jovyan/Desktop/MEDAGENT-X/data/raw/chexpert_plus/dicom_train/patient00146/study6/view1_frontal.dcm,/home/jovyan/Desktop/MEDAGENT-X/outputs/chexpert_plus/raddino_features/patient00146__study6__view1_frontal.npz,microsoft/rad-dino,success,
143,patient00146/study12,patient00146/study12/view1_frontal.dcm,/home/jovyan/Desktop/MEDAGENT-X/data/raw/chexpert_plus/dicom_train/patient00146/study12/view1_frontal.dcm,/home/jovyan/Desktop/MEDAGENT-X/outputs/chexpert_plus/raddino_features/patient00146__study12__view1_frontal.npz,microsoft/rad-dino,success,
144,patient00146/study28,patient00146/study28/view1_frontal.dcm,/home/jovyan/Desktop/MEDAGENT-X/data/raw/chexpert_plus/dicom_train/patient00146/study28/view1_frontal.dcm,/home/jovyan/Desktop/MEDAGENT-X/outputs/chexpert_plus/raddino_features/patient00146__study28__view1_frontal.npz,microsoft/rad-dino,success,
145,patient00146/study3,patient00146/study3/view1_frontal.dcm,/home/jovyan/Desktop/MEDAGENT-X/data/raw/chexpert_plus/dicom_train/patient00146/study3/view1_frontal.dcm,/home/jovyan/Desktop/MEDAGENT-X/outputs/chexpert_plus/raddino_features/patient00146__study3__view1_frontal.npz,microsoft/rad-dino,success,
146,patient00146/study20,patient00146/study20/view1_frontal.dcm,/home/jovyan/Desktop/MEDAGENT-X/data/raw/chexpert_plus/dicom_train/patient00146/study20/view1_frontal.dcm,/home/jovyan/Desktop/MEDAGENT-X/outputs/chexpert_plus/raddino_features/patient00146__study20__view1_frontal.npz,microsoft/rad-dino,success,
147,patient00146/study22,patient00146/study22/view1_frontal.dcm,/home/jovyan/Desktop/MEDAGENT-X/data/raw/chexpert_plus/dicom_train/patient00146/study22/view1_frontal.dcm,/home/jovyan/Desktop/MEDAGENT-X/outputs/chexpert_plus/raddino_features/patient00146__study22__view1_frontal.npz,microsoft/rad-dino,success,
148,patient00146/study10,patient00146/study10/view1_frontal.dcm,/home/jovyan/Desktop/MEDAGENT-X/data/raw/chexpert_plus/dicom_train/patient00146/study10/view1_frontal.dcm,/home/jovyan/Desktop/MEDAGENT-X/outputs/chexpert_plus/raddino_features/patient00146__study10__view1_frontal.npz,microsoft/rad-dino,success,
149,patient00146/study7,patient00146/study7/view1_frontal.dcm,/home/jovyan/Desktop/MEDAGENT-X/data/raw/chexpert_plus/dicom_train/patient00146/study7/view1_frontal.dcm,/home/jovyan/Desktop/MEDAGENT-X/outputs/chexpert_plus/raddino_features/patient00146__study7__view1_frontal.npz,microsoft/rad-dino,success,
150,patient00146/study23,patient00146/study23/view1_frontal.dcm,/home/jovyan/Desktop/MEDAGENT-X/data/raw/chexpert_plus/dicom_train/patient00146/study23/view1_frontal.dcm,/home/jovyan/Desktop/MEDAGENT-X/outputs/chexpert_plus/raddino_features/patient00146__study23__view1_frontal.npz,microsoft/rad-dino,success,
151,patient00146/study5,patient00146/study5/view1_frontal.dcm,/home/jovyan/Desktop/MEDAGENT-X/data/raw/chexpert_plus/dicom_train/patient00146/study5/view1_frontal.dcm,/home/jovyan/Desktop/MEDAGENT-X/outputs/chexpert_plus/raddino_features/patient00146__study5__view1_frontal.npz,microsoft/rad-dino,success,
152,patient00146/study11,patient00146/study11/view1_frontal.dcm,/home/jovyan/Desktop/MEDAGENT-X/data/raw/chexpert_plus/dicom_train/patient00146/study11/view1_frontal.dcm,/home/jovyan/Desktop/MEDAGENT-X/outputs/chexpert_plus/raddino_features/patient00146__study11__view1_frontal.npz,microsoft/rad-dino,success,
153,patient00146/study15,patient00146/study15/view1_frontal.dcm,/home/jovyan/Desktop/MEDAGENT-X/data/raw/chexpert_plus/dicom_train/patient00146/study15/view1_frontal.dcm,/home/jovyan/Desktop/MEDAGENT-X/outputs/chexpert_plus/raddino_features/patient00146__study15__view1_frontal.npz,microsoft/rad-dino,success,
154,patient00146/study24,patient00146/study24/view1_frontal.dcm,/home/jovyan/Desktop/MEDAGENT-X/data/raw/chexpert_plus/dicom_train/patient00146/study24/view1_frontal.dcm,/home/jovyan/Desktop/MEDAGENT-X/outputs/chexpert_plus/raddino_features/patient00146__study24__view1_frontal.npz,microsoft/rad-dino,success,
155,patient00146/study17,patient00146/study17/view1_frontal.dcm,/home/jovyan/Desktop/MEDAGENT-X/data/raw/chexpert_plus/dicom_train/patient00146/study17/view1_frontal.dcm,/home/jovyan/Desktop/MEDAGENT-X/outputs/chexpert_plus/raddino_features/patient00146__study17__view1_frontal.npz,microsoft/rad-dino,success,
156,patient00147/study1,patient00147/study1/view1_frontal.dcm,/home/jovyan/Desktop/MEDAGENT-X/data/raw/chexpert_plus/dicom_train/patient00147/study1/view1_frontal.dcm,/home/jovyan/Desktop/MEDAGENT-X/outputs/chexpert_plus/raddino_features/patient00147__study1__view1_frontal.npz,microsoft/rad-dino,success,
157,patient00147/study9,patient00147/study9/view1_frontal.dcm,/home/jovyan/Desktop/MEDAGENT-X/data/raw/chexpert_plus/dicom_train/patient00147/study9/view1_frontal.dcm,/home/jovyan/Desktop/MEDAGENT-X/outputs/chexpert_plus/raddino_features/patient00147__study9__view1_frontal.npz,microsoft/rad-dino,success,
158,patient00147/study14,patient00147/study14/view1_frontal.dcm,/home/jovyan/Desktop/MEDAGENT-X/data/raw/chexpert_plus/dicom_train/patient00147/study14/view1_frontal.dcm,/home/jovyan/Desktop/MEDAGENT-X/outputs/chexpert_plus/raddino_features/patient00147__study14__view1_frontal.npz,microsoft/rad-dino,success,
159,patient00147/study11,patient00147/study11/view1_frontal.dcm,/home/jovyan/Desktop/MEDAGENT-X/data/raw/chexpert_plus/dicom_train/patient00147/study11/view1_frontal.dcm,/home/jovyan/Desktop/MEDAGENT-X/outputs/chexpert_plus/raddino_features/patient00147__study11__view1_frontal.npz,microsoft/rad-dino,success,
160,patient00147/study13,patient00147/study13/view1_frontal.dcm,/home/jovyan/Desktop/MEDAGENT-X/data/raw/chexpert_plus/dicom_train/patient00147/study13/view1_frontal.dcm,/home/jovyan/Desktop/MEDAGENT-X/outputs/chexpert_plus/raddino_features/patient00147__study13__view1_frontal.npz,microsoft/rad-dino,success,
161,patient00147/study6,patient00147/study6/view1_frontal.dcm,/home/jovyan/Desktop/MEDAGENT-X/data/raw/chexpert_plus/dicom_train/patient00147/study6/view1_frontal.dcm,/home/jovyan/Desktop/MEDAGENT-X/outputs/chexpert_plus/raddino_features/patient00147__study6__view1_frontal.npz,microsoft/rad-dino,success,
162,patient00147/study7,patient00147/study7/view1_frontal.dcm,/home/jovyan/Desktop/MEDAGENT-X/data/raw/chexpert_plus/dicom_train/patient00147/study7/view1_frontal.dcm,/home/jovyan/Desktop/MEDAGENT-X/outputs/chexpert_plus/raddino_features/patient00147__study7__view1_frontal.npz,microsoft/rad-dino,success,
163,patient00147/study3,patient00147/study3/view1_frontal.dcm,/home/jovyan/Desktop/MEDAGENT-X/data/raw/chexpert_plus/dicom_train/patient00147/study3/view1_frontal.dcm,/home/jovyan/Desktop/MEDAGENT-X/outputs/chexpert_plus/raddino_features/patient00147__study3__view1_frontal.npz,microsoft/rad-dino,success,
164,patient00147/study8,patient00147/study8/view1_frontal.dcm,/home/jovyan/Desktop/MEDAGENT-X/data/raw/chexpert_plus/dicom_train/patient00147/study8/view1_frontal.dcm,/home/jovyan/Desktop/MEDAGENT-X/outputs/chexpert_plus/raddino_features/patient00147__study8__view1_frontal.npz,microsoft/rad-dino,success,
165,patient00147/study12,patient00147/study12/view1_frontal.dcm,/home/jovyan/Desktop/MEDAGENT-X/data/raw/chexpert_plus/dicom_train/patient00147/study12/view1_frontal.dcm,/home/jovyan/Desktop/MEDAGENT-X/outputs/chexpert_plus/raddino_features/patient00147__study12__view1_frontal.npz,microsoft/rad-dino,success,
166,patient00147/study5,patient00147/study5/view1_frontal.dcm,/home/jovyan/Desktop/MEDAGENT-X/data/raw/chexpert_plus/dicom_train/patient00147/study5/view1_frontal.dcm,/home/jovyan/Desktop/MEDAGENT-X/outputs/chexpert_plus/raddino_features/patient00147__study5__view1_frontal.npz,microsoft/rad-dino,success,
167,patient00147/study15,patient00147/study15/view1_frontal.dcm,/home/jovyan/Desktop/MEDAGENT-X/data/raw/chexpert_plus/dicom_train/patient00147/study15/view1_frontal.dcm,/home/jovyan/Desktop/MEDAGENT-X/outputs/chexpert_plus/raddino_features/patient00147__study15__view1_frontal.npz,microsoft/rad-dino,success,
168,patient00147/study10,patient00147/study10/view1_frontal.dcm,/home/jovyan/Desktop/MEDAGENT-X/data/raw/chexpert_plus/dicom_train/patient00147/study10/view1_frontal.dcm,/home/jovyan/Desktop/MEDAGENT-X/outputs/chexpert_plus/raddino_features/patient00147__study10__view1_frontal.npz,microsoft/rad-dino,success,
169,patient00147/study2,patient00147/study2/view1_frontal.dcm,/home/jovyan/Desktop/MEDAGENT-X/data/raw/chexpert_plus/dicom_train/patient00147/study2/view1_frontal.dcm,/home/jovyan/Desktop/MEDAGENT-X/outputs/chexpert_plus/raddino_features/patient00147__study2__view1_frontal.npz,microsoft/rad-dino,success,
170,patient00147/study4,patient00147/study4/view1_frontal.dcm,/home/jovyan/Desktop/MEDAGENT-X/data/raw/chexpert_plus/dicom_train/patient00147/study4/view1_frontal.dcm,/home/jovyan/Desktop/MEDAGENT-X/outputs/chexpert_plus/raddino_features/patient00147__study4__view1_frontal.npz,microsoft/rad-dino,success,
171,patient00150/study1,patient00150/study1/view1_frontal.dcm,/home/jovyan/Desktop/MEDAGENT-X/data/raw/chexpert_plus/dicom_train/patient00150/study1/view1_frontal.dcm,/home/jovyan/Desktop/MEDAGENT-X/outputs/chexpert_plus/raddino_features/patient00150__study1__view1_frontal.npz,microsoft/rad-dino,success,
172,patient00150/study3,patient00150/study3/view1_frontal.dcm,/home/jovyan/Desktop/MEDAGENT-X/data/raw/chexpert_plus/dicom_train/patient00150/study3/view1_frontal.dcm,/home/jovyan/Desktop/MEDAGENT-X/outputs/chexpert_plus/raddino_features/patient00150__study3__view1_frontal.npz,microsoft/rad-dino,success,
173,patient00150/study2,patient00150/study2/view1_frontal.dcm,/home/jovyan/Desktop/MEDAGENT-X/data/raw/chexpert_plus/dicom_train/patient00150/study2/view1_frontal.dcm,/home/jovyan/Desktop/MEDAGENT-X/outputs/chexpert_plus/raddino_features/patient00150__study2__view1_frontal.npz,microsoft/rad-dino,success,
174,patient00157/study1,patient00157/study1/view1_frontal.dcm,/home/jovyan/Desktop/MEDAGENT-X/data/raw/chexpert_plus/dicom_train/patient00157/study1/view1_frontal.dcm,/home/jovyan/Desktop/MEDAGENT-X/outputs/chexpert_plus/raddino_features/patient00157__study1__view1_frontal.npz,microsoft/rad-dino,success,
174,patient00157/study1,patient00157/study1/view3_lateral.dcm,/home/jovyan/Desktop/MEDAGENT-X/data/raw/chexpert_plus/dicom_train/patient00157/study1/view3_lateral.dcm,/home/jovyan/Desktop/MEDAGENT-X/outputs/chexpert_plus/raddino_features/patient00157__study1__view3_lateral.npz,microsoft/rad-dino,success,
174,patient00157/study1,patient00157/study1/view2_lateral.dcm,/home/jovyan/Desktop/MEDAGENT-X/data/raw/chexpert_plus/dicom_train/patient00157/study1/view2_lateral.dcm,/home/jovyan/Desktop/MEDAGENT-X/outputs/chexpert_plus/raddino_features/patient00157__study1__view2_lateral.npz,microsoft/rad-dino,success,
175,patient00159/study1,patient00159/study1/view1_frontal.dcm,/home/jovyan/Desktop/MEDAGENT-X/data/raw/chexpert_plus/dicom_train/patient00159/study1/view1_frontal.dcm,/home/jovyan/Desktop/MEDAGENT-X/outputs/chexpert_plus/raddino_features/patient00159__study1__view1_frontal.npz,microsoft/rad-dino,success,
175,patient00159/study1,patient00159/study1/view2_lateral.dcm,/home/jovyan/Desktop/MEDAGENT-X/data/raw/chexpert_plus/dicom_train/patient00159/study1/view2_lateral.dcm,/home/jovyan/Desktop/MEDAGENT-X/outputs/chexpert_plus/raddino_features/patient00159__study1__view2_lateral.npz,microsoft/rad-dino,success,
176,patient00162/study1,patient00162/study1/view1_frontal.dcm,/home/jovyan/Desktop/MEDAGENT-X/data/raw/chexpert_plus/dicom_train/patient00162/study1/view1_frontal.dcm,/home/jovyan/Desktop/MEDAGENT-X/outputs/chexpert_plus/raddino_features/patient00162__study1__view1_frontal.npz,microsoft/rad-dino,success,
176,patient00162/study1,patient00162/study1/view2_lateral.dcm,/home/jovyan/Desktop/MEDAGENT-X/data/raw/chexpert_plus/dicom_train/patient00162/study1/view2_lateral.dcm,/home/jovyan/Desktop/MEDAGENT-X/outputs/chexpert_plus/raddino_features/patient00162__study1__view2_lateral.npz,microsoft/rad-dino,success,
177,patient00163/study1,patient00163/study1/view1_frontal.dcm,/home/jovyan/Desktop/MEDAGENT-X/data/raw/chexpert_plus/dicom_train/patient00163/study1/view1_frontal.dcm,/home/jovyan/Desktop/MEDAGENT-X/outputs/chexpert_plus/raddino_features/patient00163__study1__view1_frontal.npz,microsoft/rad-dino,success,
177,patient00163/study1,patient00163/study1/view2_lateral.dcm,/home/jovyan/Desktop/MEDAGENT-X/data/raw/chexpert_plus/dicom_train/patient00163/study1/view2_lateral.dcm,/home/jovyan/Desktop/MEDAGENT-X/outputs/chexpert_plus/raddino_features/patient00163__study1__view2_lateral.npz,microsoft/rad-dino,success,
178,patient00166/study1,patient00166/study1/view2_lateral.dcm,/home/jovyan/Desktop/MEDAGENT-X/data/raw/chexpert_plus/dicom_train/patient00166/study1/view2_lateral.dcm,/home/jovyan/Desktop/MEDAGENT-X/outputs/chexpert_plus/raddino_features/patient00166__study1__view2_lateral.npz,microsoft/rad-dino,success,
178,patient00166/study1,patient00166/study1/view1_frontal.dcm,/home/jovyan/Desktop/MEDAGENT-X/data/raw/chexpert_plus/dicom_train/patient00166/study1/view1_frontal.dcm,/home/jovyan/Desktop/MEDAGENT-X/outputs/chexpert_plus/raddino_features/patient00166__study1__view1_frontal.npz,microsoft/rad-dino,success,
179,patient00170/study5,patient00170/study5/view1_frontal.dcm,/home/jovyan/Desktop/MEDAGENT-X/data/raw/chexpert_plus/dicom_train/patient00170/study5/view1_frontal.dcm,/home/jovyan/Desktop/MEDAGENT-X/outputs/chexpert_plus/raddino_features/patient00170__study5__view1_frontal.npz,microsoft/rad-dino,success,
180,patient00170/study2,patient00170/study2/view1_frontal.dcm,/home/jovyan/Desktop/MEDAGENT-X/data/raw/chexpert_plus/dicom_train/patient00170/study2/view1_frontal.dcm,/home/jovyan/Desktop/MEDAGENT-X/outputs/chexpert_plus/raddino_features/patient00170__study2__view1_frontal.npz,microsoft/rad-dino,success,
181,patient00170/study4,patient00170/study4/view1_frontal.dcm,/home/jovyan/Desktop/MEDAGENT-X/data/raw/chexpert_plus/dicom_train/patient00170/study4/view1_frontal.dcm,/home/jovyan/Desktop/MEDAGENT-X/outputs/chexpert_plus/raddino_features/patient00170__study4__view1_frontal.npz,microsoft/rad-dino,success,
182,patient00170/study1,patient00170/study1/view1_frontal.dcm,/home/jovyan/Desktop/MEDAGENT-X/data/raw/chexpert_plus/dicom_train/patient00170/study1/view1_frontal.dcm,/home/jovyan/Desktop/MEDAGENT-X/outputs/chexpert_plus/raddino_features/patient00170__study1__view1_frontal.npz,microsoft/rad-dino,success,
183,patient00170/study7,patient00170/study7/view1_frontal.dcm,/home/jovyan/Desktop/MEDAGENT-X/data/raw/chexpert_plus/dicom_train/patient00170/study7/view1_frontal.dcm,/home/jovyan/Desktop/MEDAGENT-X/outputs/chexpert_plus/raddino_features/patient00170__study7__view1_frontal.npz,microsoft/rad-dino,success,
184,patient00170/study10,patient00170/study10/view1_frontal.dcm,/home/jovyan/Desktop/MEDAGENT-X/data/raw/chexpert_plus/dicom_train/patient00170/study10/view1_frontal.dcm,/home/jovyan/Desktop/MEDAGENT-X/outputs/chexpert_plus/raddino_features/patient00170__study10__view1_frontal.npz,microsoft/rad-dino,success,
185,patient00170/study3,patient00170/study3/view1_frontal.dcm,/home/jovyan/Desktop/MEDAGENT-X/data/raw/chexpert_plus/dicom_train/patient00170/study3/view1_frontal.dcm,/home/jovyan/Desktop/MEDAGENT-X/outputs/chexpert_plus/raddino_features/patient00170__study3__view1_frontal.npz,microsoft/rad-dino,success,
186,patient00170/study9,patient00170/study9/view1_frontal.dcm,/home/jovyan/Desktop/MEDAGENT-X/data/raw/chexpert_plus/dicom_train/patient00170/study9/view1_frontal.dcm,/home/jovyan/Desktop/MEDAGENT-X/outputs/chexpert_plus/raddino_features/patient00170__study9__view1_frontal.npz,microsoft/rad-dino,success,
187,patient00170/study8,patient00170/study8/view1_frontal.dcm,/home/jovyan/Desktop/MEDAGENT-X/data/raw/chexpert_plus/dicom_train/patient00170/study8/view1_frontal.dcm,/home/jovyan/Desktop/MEDAGENT-X/outputs/chexpert_plus/raddino_features/patient00170__study8__view1_frontal.npz,microsoft/rad-dino,success,
188,patient00170/study11,patient00170/study11/view1_frontal.dcm,/home/jovyan/Desktop/MEDAGENT-X/data/raw/chexpert_plus/dicom_train/patient00170/study11/view1_frontal.dcm,/home/jovyan/Desktop/MEDAGENT-X/outputs/chexpert_plus/raddino_features/patient00170__study11__view1_frontal.npz,microsoft/rad-dino,success,
188,patient00170/study11,patient00170/study11/view2_lateral.dcm,/home/jovyan/Desktop/MEDAGENT-X/data/raw/chexpert_plus/dicom_train/patient00170/study11/view2_lateral.dcm,/home/jovyan/Desktop/MEDAGENT-X/outputs/chexpert_plus/raddino_features/patient00170__study11__view2_lateral.npz,microsoft/rad-dino,success,
189,patient00170/study6,patient00170/study6/view1_frontal.dcm,/home/jovyan/Desktop/MEDAGENT-X/data/raw/chexpert_plus/dicom_train/patient00170/study6/view1_frontal.dcm,/home/jovyan/Desktop/MEDAGENT-X/outputs/chexpert_plus/raddino_features/patient00170__study6__view1_frontal.npz,microsoft/rad-dino,success,
190,patient00172/study3,patient00172/study3/view1_frontal.dcm,/home/jovyan/Desktop/MEDAGENT-X/data/raw/chexpert_plus/dicom_train/patient00172/study3/view1_frontal.dcm,/home/jovyan/Desktop/MEDAGENT-X/outputs/chexpert_plus/raddino_features/patient00172__study3__view1_frontal.npz,microsoft/rad-dino,success,
191,patient00172/study5,patient00172/study5/view1_frontal.dcm,/home/jovyan/Desktop/MEDAGENT-X/data/raw/chexpert_plus/dicom_train/patient00172/study5/view1_frontal.dcm,/home/jovyan/Desktop/MEDAGENT-X/outputs/chexpert_plus/raddino_features/patient00172__study5__view1_frontal.npz,microsoft/rad-dino,success,
192,patient00172/study4,patient00172/study4/view1_frontal.dcm,/home/jovyan/Desktop/MEDAGENT-X/data/raw/chexpert_plus/dicom_train/patient00172/study4/view1_frontal.dcm,/home/jovyan/Desktop/MEDAGENT-X/outputs/chexpert_plus/raddino_features/patient00172__study4__view1_frontal.npz,microsoft/rad-dino,success,
193,patient00172/study1,patient00172/study1/view1_frontal.dcm,/home/jovyan/Desktop/MEDAGENT-X/data/raw/chexpert_plus/dicom_train/patient00172/study1/view1_frontal.dcm,/home/jovyan/Desktop/MEDAGENT-X/outputs/chexpert_plus/raddino_features/patient00172__study1__view1_frontal.npz,microsoft/rad-dino,success,
194,patient00172/study2,patient00172/study2/view1_frontal.dcm,/home/jovyan/Desktop/MEDAGENT-X/data/raw/chexpert_plus/dicom_train/patient00172/study2/view1_frontal.dcm,/home/jovyan/Desktop/MEDAGENT-X/outputs/chexpert_plus/raddino_features/patient00172__study2__view1_frontal.npz,microsoft/rad-dino,success,
195,patient00177/study2,patient00177/study2/view1_frontal.dcm,/home/jovyan/Desktop/MEDAGENT-X/data/raw/chexpert_plus/dicom_train/patient00177/study2/view1_frontal.dcm,/home/jovyan/Desktop/MEDAGENT-X/outputs/chexpert_plus/raddino_features/patient00177__study2__view1_frontal.npz,microsoft/rad-dino,success,
196,patient00177/study3,patient00177/study3/view1_frontal.dcm,/home/jovyan/Desktop/MEDAGENT-X/data/raw/chexpert_plus/dicom_train/patient00177/study3/view1_frontal.dcm,/home/jovyan/Desktop/MEDAGENT-X/outputs/chexpert_plus/raddino_features/patient00177__study3__view1_frontal.npz,microsoft/rad-dino,success,
197,patient00177/study5,patient00177/study5/view1_frontal.dcm,/home/jovyan/Desktop/MEDAGENT-X/data/raw/chexpert_plus/dicom_train/patient00177/study5/view1_frontal.dcm,/home/jovyan/Desktop/MEDAGENT-X/outputs/chexpert_plus/raddino_features/patient00177__study5__view1_frontal.npz,microsoft/rad-dino,success,
198,patient00177/study4,patient00177/study4/view1_frontal.dcm,/home/jovyan/Desktop/MEDAGENT-X/data/raw/chexpert_plus/dicom_train/patient00177/study4/view1_frontal.dcm,/home/jovyan/Desktop/MEDAGENT-X/outputs/chexpert_plus/raddino_features/patient00177__study4__view1_frontal.npz,microsoft/rad-dino,success,
199,patient00177/study1,patient00177/study1/view1_frontal.dcm,/home/jovyan/Desktop/MEDAGENT-X/data/raw/chexpert_plus/dicom_train/patient00177/study1/view1_frontal.dcm,/home/jovyan/Desktop/MEDAGENT-X/outputs/chexpert_plus/raddino_features/patient00177__study1__view1_frontal.npz,microsoft/rad-dino,success,
200,patient00186/study1,patient00186/study1/view1_frontal.dcm,/home/jovyan/Desktop/MEDAGENT-X/data/raw/chexpert_plus/dicom_train/patient00186/study1/view1_frontal.dcm,/home/jovyan/Desktop/MEDAGENT-X/outputs/chexpert_plus/raddino_features/patient00186__study1__view1_frontal.npz,microsoft/rad-dino,success,
201,patient00186/study2,patient00186/study2/view1_frontal.dcm,/home/jovyan/Desktop/MEDAGENT-X/data/raw/chexpert_plus/dicom_train/patient00186/study2/view1_frontal.dcm,/home/jovyan/Desktop/MEDAGENT-X/outputs/chexpert_plus/raddino_features/patient00186__study2__view1_frontal.npz,microsoft/rad-dino,success,
202,patient00187/study1,patient00187/study1/view1_frontal.dcm,/home/jovyan/Desktop/MEDAGENT-X/data/raw/chexpert_plus/dicom_train/patient00187/study1/view1_frontal.dcm,/home/jovyan/Desktop/MEDAGENT-X/outputs/chexpert_plus/raddino_features/patient00187__study1__view1_frontal.npz,microsoft/rad-dino,success,
203,patient00190/study1,patient00190/study1/view1_frontal.dcm,/home/jovyan/Desktop/MEDAGENT-X/data/raw/chexpert_plus/dicom_train/patient00190/study1/view1_frontal.dcm,/home/jovyan/Desktop/MEDAGENT-X/outputs/chexpert_plus/raddino_features/patient00190__study1__view1_frontal.npz,microsoft/rad-dino,success,
203,patient00190/study1,patient00190/study1/view2_frontal.dcm,/home/jovyan/Desktop/MEDAGENT-X/data/raw/chexpert_plus/dicom_train/patient00190/study1/view2_frontal.dcm,/home/jovyan/Desktop/MEDAGENT-X/outputs/chexpert_plus/raddino_features/patient00190__study1__view2_frontal.npz,microsoft/rad-dino,success,
204,patient00190/study2,patient00190/study2/view1_frontal.dcm,/home/jovyan/Desktop/MEDAGENT-X/data/raw/chexpert_plus/dicom_train/patient00190/study2/view1_frontal.dcm,/home/jovyan/Desktop/MEDAGENT-X/outputs/chexpert_plus/raddino_features/patient00190__study2__view1_frontal.npz,microsoft/rad-dino,success,
205,patient00197/study1,patient00197/study1/view1_frontal.dcm,/home/jovyan/Desktop/MEDAGENT-X/data/raw/chexpert_plus/dicom_train/patient00197/study1/view1_frontal.dcm,/home/jovyan/Desktop/MEDAGENT-X/outputs/chexpert_plus/raddino_features/patient00197__study1__view1_frontal.npz,microsoft/rad-dino,success,
206,patient00201/study1,patient00201/study1/view1_frontal.dcm,/home/jovyan/Desktop/MEDAGENT-X/data/raw/chexpert_plus/dicom_train/patient00201/study1/view1_frontal.dcm,/home/jovyan/Desktop/MEDAGENT-X/outputs/chexpert_plus/raddino_features/patient00201__study1__view1_frontal.npz,microsoft/rad-dino,success,
206,patient00201/study1,patient00201/study1/view2_lateral.dcm,/home/jovyan/Desktop/MEDAGENT-X/data/raw/chexpert_plus/dicom_train/patient00201/study1/view2_lateral.dcm,/home/jovyan/Desktop/MEDAGENT-X/outputs/chexpert_plus/raddino_features/patient00201__study1__view2_lateral.npz,microsoft/rad-dino,success,
207,patient00201/study2,patient00201/study2/view1_frontal.dcm,/home/jovyan/Desktop/MEDAGENT-X/data/raw/chexpert_plus/dicom_train/patient00201/study2/view1_frontal.dcm,/home/jovyan/Desktop/MEDAGENT-X/outputs/chexpert_plus/raddino_features/patient00201__study2__view1_frontal.npz,microsoft/rad-dino,success,
207,patient00201/study2,patient00201/study2/view2_lateral.dcm,/home/jovyan/Desktop/MEDAGENT-X/data/raw/chexpert_plus/dicom_train/patient00201/study2/view2_lateral.dcm,/home/jovyan/Desktop/MEDAGENT-X/outputs/chexpert_plus/raddino_features/patient00201__study2__view2_lateral.npz,microsoft/rad-dino,success,
208,patient00203/study2,patient00203/study2/view1_frontal.dcm,/home/jovyan/Desktop/MEDAGENT-X/data/raw/chexpert_plus/dicom_train/patient00203/study2/view1_frontal.dcm,/home/jovyan/Desktop/MEDAGENT-X/outputs/chexpert_plus/raddino_features/patient00203__study2__view1_frontal.npz,microsoft/rad-dino,success,
208,patient00203/study2,patient00203/study2/view2_lateral.dcm,/home/jovyan/Desktop/MEDAGENT-X/data/raw/chexpert_plus/dicom_train/patient00203/study2/view2_lateral.dcm,/home/jovyan/Desktop/MEDAGENT-X/outputs/chexpert_plus/raddino_features/patient00203__study2__view2_lateral.npz,microsoft/rad-dino,success,
209,patient00203/study1,patient00203/study1/view1_frontal.dcm,/home/jovyan/Desktop/MEDAGENT-X/data/raw/chexpert_plus/dicom_train/patient00203/study1/view1_frontal.dcm,/home/jovyan/Desktop/MEDAGENT-X/outputs/chexpert_plus/raddino_features/patient00203__study1__view1_frontal.npz,microsoft/rad-dino,success,
209,patient00203/study1,patient00203/study1/view2_lateral.dcm,/home/jovyan/Desktop/MEDAGENT-X/data/raw/chexpert_plus/dicom_train/patient00203/study1/view2_lateral.dcm,/home/jovyan/Desktop/MEDAGENT-X/outputs/chexpert_plus/raddino_features/patient00203__study1__view2_lateral.npz,microsoft/rad-dino,success,
210,patient00207/study1,patient00207/study1/view1_frontal.dcm,/home/jovyan/Desktop/MEDAGENT-X/data/raw/chexpert_plus/dicom_train/patient00207/study1/view1_frontal.dcm,/home/jovyan/Desktop/MEDAGENT-X/outputs/chexpert_plus/raddino_features/patient00207__study1__view1_frontal.npz,microsoft/rad-dino,success,
211,patient00215/study1,patient00215/study1/view2_lateral.dcm,/home/jovyan/Desktop/MEDAGENT-X/data/raw/chexpert_plus/dicom_train/patient00215/study1/view2_lateral.dcm,/home/jovyan/Desktop/MEDAGENT-X/outputs/chexpert_plus/raddino_features/patient00215__study1__view2_lateral.npz,microsoft/rad-dino,success,
211,patient00215/study1,patient00215/study1/view1_frontal.dcm,/home/jovyan/Desktop/MEDAGENT-X/data/raw/chexpert_plus/dicom_train/patient00215/study1/view1_frontal.dcm,/home/jovyan/Desktop/MEDAGENT-X/outputs/chexpert_plus/raddino_features/patient00215__study1__view1_frontal.npz,microsoft/rad-dino,success,
212,patient00223/study1,patient00223/study1/view1_frontal.dcm,/home/jovyan/Desktop/MEDAGENT-X/data/raw/chexpert_plus/dicom_train/patient00223/study1/view1_frontal.dcm,/home/jovyan/Desktop/MEDAGENT-X/outputs/chexpert_plus/raddino_features/patient00223__study1__view1_frontal.npz,microsoft/rad-dino,success,
213,patient00224/study1,patient00224/study1/view2_lateral.dcm,/home/jovyan/Desktop/MEDAGENT-X/data/raw/chexpert_plus/dicom_train/patient00224/study1/view2_lateral.dcm,/home/jovyan/Desktop/MEDAGENT-X/outputs/chexpert_plus/raddino_features/patient00224__study1__view2_lateral.npz,microsoft/rad-dino,success,
213,patient00224/study1,patient00224/study1/view1_frontal.dcm,/home/jovyan/Desktop/MEDAGENT-X/data/raw/chexpert_plus/dicom_train/patient00224/study1/view1_frontal.dcm,/home/jovyan/Desktop/MEDAGENT-X/outputs/chexpert_plus/raddino_features/patient00224__study1__view1_frontal.npz,microsoft/rad-dino,success,
214,patient00228/study1,patient00228/study1/view1_frontal.dcm,/home/jovyan/Desktop/MEDAGENT-X/data/raw/chexpert_plus/dicom_train/patient00228/study1/view1_frontal.dcm,/home/jovyan/Desktop/MEDAGENT-X/outputs/chexpert_plus/raddino_features/patient00228__study1__view1_frontal.npz,microsoft/rad-dino,success,
215,patient00236/study2,patient00236/study2/view1_frontal.dcm,/home/jovyan/Desktop/MEDAGENT-X/data/raw/chexpert_plus/dicom_train/patient00236/study2/view1_frontal.dcm,/home/jovyan/Desktop/MEDAGENT-X/outputs/chexpert_plus/raddino_features/patient00236__study2__view1_frontal.npz,microsoft/rad-dino,success,
216,patient00236/study1,patient00236/study1/view1_frontal.dcm,/home/jovyan/Desktop/MEDAGENT-X/data/raw/chexpert_plus/dicom_train/patient00236/study1/view1_frontal.dcm,/home/jovyan/Desktop/MEDAGENT-X/outputs/chexpert_plus/raddino_features/patient00236__study1__view1_frontal.npz,microsoft/rad-dino,success,
216,patient00236/study1,patient00236/study1/view2_lateral.dcm,/home/jovyan/Desktop/MEDAGENT-X/data/raw/chexpert_plus/dicom_train/patient00236/study1/view2_lateral.dcm,/home/jovyan/Desktop/MEDAGENT-X/outputs/chexpert_plus/raddino_features/patient00236__study1__view2_lateral.npz,microsoft/rad-dino,success,
217,patient00238/study1,patient00238/study1/view1_frontal.dcm,/home/jovyan/Desktop/MEDAGENT-X/data/raw/chexpert_plus/dicom_train/patient00238/study1/view1_frontal.dcm,/home/jovyan/Desktop/MEDAGENT-X/outputs/chexpert_plus/raddino_features/patient00238__study1__view1_frontal.npz,microsoft/rad-dino,success,
218,patient00240/study1,patient00240/study1/view1_frontal.dcm,/home/jovyan/Desktop/MEDAGENT-X/data/raw/chexpert_plus/dicom_train/patient00240/study1/view1_frontal.dcm,/home/jovyan/Desktop/MEDAGENT-X/outputs/chexpert_plus/raddino_features/patient00240__study1__view1_frontal.npz,microsoft/rad-dino,success,
218,patient00240/study1,patient00240/study1/view2_lateral.dcm,/home/jovyan/Desktop/MEDAGENT-X/data/raw/chexpert_plus/dicom_train/patient00240/study1/view2_lateral.dcm,/home/jovyan/Desktop/MEDAGENT-X/outputs/chexpert_plus/raddino_features/patient00240__study1__view2_lateral.npz,microsoft/rad-dino,success,
219,patient00250/study4,patient00250/study4/view1_frontal.dcm,/home/jovyan/Desktop/MEDAGENT-X/data/raw/chexpert_plus/dicom_train/patient00250/study4/view1_frontal.dcm,/home/jovyan/Desktop/MEDAGENT-X/outputs/chexpert_plus/raddino_features/patient00250__study4__view1_frontal.npz,microsoft/rad-dino,success,
220,patient00250/study5,patient00250/study5/view1_frontal.dcm,/home/jovyan/Desktop/MEDAGENT-X/data/raw/chexpert_plus/dicom_train/patient00250/study5/view1_frontal.dcm,/home/jovyan/Desktop/MEDAGENT-X/outputs/chexpert_plus/raddino_features/patient00250__study5__view1_frontal.npz,microsoft/rad-dino,success,
221,patient00250/study3,patient00250/study3/view1_frontal.dcm,/home/jovyan/Desktop/MEDAGENT-X/data/raw/chexpert_plus/dicom_train/patient00250/study3/view1_frontal.dcm,/home/jovyan/Desktop/MEDAGENT-X/outputs/chexpert_plus/raddino_features/patient00250__study3__view1_frontal.npz,microsoft/rad-dino,success,
222,patient00250/study1,patient00250/study1/view1_frontal.dcm,/home/jovyan/Desktop/MEDAGENT-X/data/raw/chexpert_plus/dicom_train/patient00250/study1/view1_frontal.dcm,/home/jovyan/Desktop/MEDAGENT-X/outputs/chexpert_plus/raddino_features/patient00250__study1__view1_frontal.npz,microsoft/rad-dino,success,
222,patient00250/study1,patient00250/study1/view2_lateral.dcm,/home/jovyan/Desktop/MEDAGENT-X/data/raw/chexpert_plus/dicom_train/patient00250/study1/view2_lateral.dcm,/home/jovyan/Desktop/MEDAGENT-X/outputs/chexpert_plus/raddino_features/patient00250__study1__view2_lateral.npz,microsoft/rad-dino,success,
223,patient00250/study8,patient00250/study8/view1_frontal.dcm,/home/jovyan/Desktop/MEDAGENT-X/data/raw/chexpert_plus/dicom_train/patient00250/study8/view1_frontal.dcm,/home/jovyan/Desktop/MEDAGENT-X/outputs/chexpert_plus/raddino_features/patient00250__study8__view1_frontal.npz,microsoft/rad-dino,success,
224,patient00250/study10,patient00250/study10/view1_frontal.dcm,/home/jovyan/Desktop/MEDAGENT-X/data/raw/chexpert_plus/dicom_train/patient00250/study10/view1_frontal.dcm,/home/jovyan/Desktop/MEDAGENT-X/outputs/chexpert_plus/raddino_features/patient00250__study10__view1_frontal.npz,microsoft/rad-dino,success,
225,patient00250/study7,patient00250/study7/view1_frontal.dcm,/home/jovyan/Desktop/MEDAGENT-X/data/raw/chexpert_plus/dicom_train/patient00250/study7/view1_frontal.dcm,/home/jovyan/Desktop/MEDAGENT-X/outputs/chexpert_plus/raddino_features/patient00250__study7__view1_frontal.npz,microsoft/rad-dino,success,
226,patient00250/study11,patient00250/study11/view1_frontal.dcm,/home/jovyan/Desktop/MEDAGENT-X/data/raw/chexpert_plus/dicom_train/patient00250/study11/view1_frontal.dcm,/home/jovyan/Desktop/MEDAGENT-X/outputs/chexpert_plus/raddino_features/patient00250__study11__view1_frontal.npz,microsoft/rad-dino,success,
227,patient00250/study6,patient00250/study6/view1_frontal.dcm,/home/jovyan/Desktop/MEDAGENT-X/data/raw/chexpert_plus/dicom_train/patient00250/study6/view1_frontal.dcm,/home/jovyan/Desktop/MEDAGENT-X/outputs/chexpert_plus/raddino_features/patient00250__study6__view1_frontal.npz,microsoft/rad-dino,success,
228,patient00250/study2,patient00250/study2/view1_frontal.dcm,/home/jovyan/Desktop/MEDAGENT-X/data/raw/chexpert_plus/dicom_train/patient00250/study2/view1_frontal.dcm,/home/jovyan/Desktop/MEDAGENT-X/outputs/chexpert_plus/raddino_features/patient00250__study2__view1_frontal.npz,microsoft/rad-dino,success,
229,patient00250/study9,patient00250/study9/view1_frontal.dcm,/home/jovyan/Desktop/MEDAGENT-X/data/raw/chexpert_plus/dicom_train/patient00250/study9/view1_frontal.dcm,/home/jovyan/Desktop/MEDAGENT-X/outputs/chexpert_plus/raddino_features/patient00250__study9__view1_frontal.npz,microsoft/rad-dino,success,
230,patient00252/study1,patient00252/study1/view1_frontal.dcm,/home/jovyan/Desktop/MEDAGENT-X/data/raw/chexpert_plus/dicom_train/patient00252/study1/view1_frontal.dcm,/home/jovyan/Desktop/MEDAGENT-X/outputs/chexpert_plus/raddino_features/patient00252__study1__view1_frontal.npz,microsoft/rad-dino,success,
231,patient00252/study3,patient00252/study3/view1_frontal.dcm,/home/jovyan/Desktop/MEDAGENT-X/data/raw/chexpert_plus/dicom_train/patient00252/study3/view1_frontal.dcm,/home/jovyan/Desktop/MEDAGENT-X/outputs/chexpert_plus/raddino_features/patient00252__study3__view1_frontal.npz,microsoft/rad-dino,success,
232,patient00252/study4,patient00252/study4/view1_frontal.dcm,/home/jovyan/Desktop/MEDAGENT-X/data/raw/chexpert_plus/dicom_train/patient00252/study4/view1_frontal.dcm,/home/jovyan/Desktop/MEDAGENT-X/outputs/chexpert_plus/raddino_features/patient00252__study4__view1_frontal.npz,microsoft/rad-dino,success,
233,patient00252/study2,patient00252/study2/view1_frontal.dcm,/home/jovyan/Desktop/MEDAGENT-X/data/raw/chexpert_plus/dicom_train/patient00252/study2/view1_frontal.dcm,/home/jovyan/Desktop/MEDAGENT-X/outputs/chexpert_plus/raddino_features/patient00252__study2__view1_frontal.npz,microsoft/rad-dino,success,
234,patient00256/study3,patient00256/study3/view1_frontal.dcm,/home/jovyan/Desktop/MEDAGENT-X/data/raw/chexpert_plus/dicom_train/patient00256/study3/view1_frontal.dcm,/home/jovyan/Desktop/MEDAGENT-X/outputs/chexpert_plus/raddino_features/patient00256__study3__view1_frontal.npz,microsoft/rad-dino,success,
235,patient00256/study4,patient00256/study4/view1_frontal.dcm,/home/jovyan/Desktop/MEDAGENT-X/data/raw/chexpert_plus/dicom_train/patient00256/study4/view1_frontal.dcm,/home/jovyan/Desktop/MEDAGENT-X/outputs/chexpert_plus/raddino_features/patient00256__study4__view1_frontal.npz,microsoft/rad-dino,success,
236,patient00256/study2,patient00256/study2/view1_frontal.dcm,/home/jovyan/Desktop/MEDAGENT-X/data/raw/chexpert_plus/dicom_train/patient00256/study2/view1_frontal.dcm,/home/jovyan/Desktop/MEDAGENT-X/outputs/chexpert_plus/raddino_features/patient00256__study2__view1_frontal.npz,microsoft/rad-dino,success,
237,patient00256/study5,patient00256/study5/view1_frontal.dcm,/home/jovyan/Desktop/MEDAGENT-X/data/raw/chexpert_plus/dicom_train/patient00256/study5/view1_frontal.dcm,/home/jovyan/Desktop/MEDAGENT-X/outputs/chexpert_plus/raddino_features/patient00256__study5__view1_frontal.npz,microsoft/rad-dino,success,
238,patient00256/study1,patient00256/study1/view1_frontal.dcm,/home/jovyan/Desktop/MEDAGENT-X/data/raw/chexpert_plus/dicom_train/patient00256/study1/view1_frontal.dcm,/home/jovyan/Desktop/MEDAGENT-X/outputs/chexpert_plus/raddino_features/patient00256__study1__view1_frontal.npz,microsoft/rad-dino,success,
239,patient00258/study1,patient00258/study1/view1_frontal.dcm,/home/jovyan/Desktop/MEDAGENT-X/data/raw/chexpert_plus/dicom_train/patient00258/study1/view1_frontal.dcm,/home/jovyan/Desktop/MEDAGENT-X/outputs/chexpert_plus/raddino_features/patient00258__study1__view1_frontal.npz,microsoft/rad-dino,success,
240,patient00261/study5,patient00261/study5/view1_frontal.dcm,/home/jovyan/Desktop/MEDAGENT-X/data/raw/chexpert_plus/dicom_train/patient00261/study5/view1_frontal.dcm,/home/jovyan/Desktop/MEDAGENT-X/outputs/chexpert_plus/raddino_features/patient00261__study5__view1_frontal.npz,microsoft/rad-dino,success,
241,patient00261/study2,patient00261/study2/view1_frontal.dcm,/home/jovyan/Desktop/MEDAGENT-X/data/raw/chexpert_plus/dicom_train/patient00261/study2/view1_frontal.dcm,/home/jovyan/Desktop/MEDAGENT-X/outputs/chexpert_plus/raddino_features/patient00261__study2__view1_frontal.npz,microsoft/rad-dino,success,
241,patient00261/study2,patient00261/study2/view2_lateral.dcm,/home/jovyan/Desktop/MEDAGENT-X/data/raw/chexpert_plus/dicom_train/patient00261/study2/view2_lateral.dcm,/home/jovyan/Desktop/MEDAGENT-X/outputs/chexpert_plus/raddino_features/patient00261__study2__view2_lateral.npz,microsoft/rad-dino,success,
242,patient00261/study3,patient00261/study3/view1_frontal.dcm,/home/jovyan/Desktop/MEDAGENT-X/data/raw/chexpert_plus/dicom_train/patient00261/study3/view1_frontal.dcm,/home/jovyan/Desktop/MEDAGENT-X/outputs/chexpert_plus/raddino_features/patient00261__study3__view1_frontal.npz,microsoft/rad-dino,success,
243,patient00261/study1,patient00261/study1/view1_frontal.dcm,/home/jovyan/Desktop/MEDAGENT-X/data/raw/chexpert_plus/dicom_train/patient00261/study1/view1_frontal.dcm,/home/jovyan/Desktop/MEDAGENT-X/outputs/chexpert_plus/raddino_features/patient00261__study1__view1_frontal.npz,microsoft/rad-dino,success,
244,patient00261/study4,patient00261/study4/view1_frontal.dcm,/home/jovyan/Desktop/MEDAGENT-X/data/raw/chexpert_plus/dicom_train/patient00261/study4/view1_frontal.dcm,/home/jovyan/Desktop/MEDAGENT-X/outputs/chexpert_plus/raddino_features/patient00261__study4__view1_frontal.npz,microsoft/rad-dino,success,
244,patient00261/study4,patient00261/study4/view2_lateral.dcm,/home/jovyan/Desktop/MEDAGENT-X/data/raw/chexpert_plus/dicom_train/patient00261/study4/view2_lateral.dcm,/home/jovyan/Desktop/MEDAGENT-X/outputs/chexpert_plus/raddino_features/patient00261__study4__view2_lateral.npz,microsoft/rad-dino,success,
245,patient00270/study1,patient00270/study1/view1_frontal.dcm,/home/jovyan/Desktop/MEDAGENT-X/data/raw/chexpert_plus/dicom_train/patient00270/study1/view1_frontal.dcm,/home/jovyan/Desktop/MEDAGENT-X/outputs/chexpert_plus/raddino_features/patient00270__study1__view1_frontal.npz,microsoft/rad-dino,success,
246,patient00270/study2,patient00270/study2/view1_frontal.dcm,/home/jovyan/Desktop/MEDAGENT-X/data/raw/chexpert_plus/dicom_train/patient00270/study2/view1_frontal.dcm,/home/jovyan/Desktop/MEDAGENT-X/outputs/chexpert_plus/raddino_features/patient00270__study2__view1_frontal.npz,microsoft/rad-dino,success,
247,patient00270/study3,patient00270/study3/view1_frontal.dcm,/home/jovyan/Desktop/MEDAGENT-X/data/raw/chexpert_plus/dicom_train/patient00270/study3/view1_frontal.dcm,/home/jovyan/Desktop/MEDAGENT-X/outputs/chexpert_plus/raddino_features/patient00270__study3__view1_frontal.npz,microsoft/rad-dino,success,
248,patient00272/study1,patient00272/study1/view1_frontal.dcm,/home/jovyan/Desktop/MEDAGENT-X/data/raw/chexpert_plus/dicom_train/patient00272/study1/view1_frontal.dcm,/home/jovyan/Desktop/MEDAGENT-X/outputs/chexpert_plus/raddino_features/patient00272__study1__view1_frontal.npz,microsoft/rad-dino,success,
249,patient00277/study1,patient00277/study1/view1_frontal.dcm,/home/jovyan/Desktop/MEDAGENT-X/data/raw/chexpert_plus/dicom_train/patient00277/study1/view1_frontal.dcm,/home/jovyan/Desktop/MEDAGENT-X/outputs/chexpert_plus/raddino_features/patient00277__study1__view1_frontal.npz,microsoft/rad-dino,success,
250,patient00277/study13,patient00277/study13/view1_frontal.dcm,/home/jovyan/Desktop/MEDAGENT-X/data/raw/chexpert_plus/dicom_train/patient00277/study13/view1_frontal.dcm,/home/jovyan/Desktop/MEDAGENT-X/outputs/chexpert_plus/raddino_features/patient00277__study13__view1_frontal.npz,microsoft/rad-dino,success,
251,patient00277/study12,patient00277/study12/view1_frontal.dcm,/home/jovyan/Desktop/MEDAGENT-X/data/raw/chexpert_plus/dicom_train/patient00277/study12/view1_frontal.dcm,/home/jovyan/Desktop/MEDAGENT-X/outputs/chexpert_plus/raddino_features/patient00277__study12__view1_frontal.npz,microsoft/rad-dino,success,
252,patient00277/study4,patient00277/study4/view1_frontal.dcm,/home/jovyan/Desktop/MEDAGENT-X/data/raw/chexpert_plus/dicom_train/patient00277/study4/view1_frontal.dcm,/home/jovyan/Desktop/MEDAGENT-X/outputs/chexpert_plus/raddino_features/patient00277__study4__view1_frontal.npz,microsoft/rad-dino,success,
253,patient00277/study8,patient00277/study8/view1_frontal.dcm,/home/jovyan/Desktop/MEDAGENT-X/data/raw/chexpert_plus/dicom_train/patient00277/study8/view1_frontal.dcm,/home/jovyan/Desktop/MEDAGENT-X/outputs/chexpert_plus/raddino_features/patient00277__study8__view1_frontal.npz,microsoft/rad-dino,success,
254,patient00277/study5,patient00277/study5/view1_frontal.dcm,/home/jovyan/Desktop/MEDAGENT-X/data/raw/chexpert_plus/dicom_train/patient00277/study5/view1_frontal.dcm,/home/jovyan/Desktop/MEDAGENT-X/outputs/chexpert_plus/raddino_features/patient00277__study5__view1_frontal.npz,microsoft/rad-dino,success,
255,patient00277/study10,patient00277/study10/view1_frontal.dcm,/home/jovyan/Desktop/MEDAGENT-X/data/raw/chexpert_plus/dicom_train/patient00277/study10/view1_frontal.dcm,/home/jovyan/Desktop/MEDAGENT-X/outputs/chexpert_plus/raddino_features/patient00277__study10__view1_frontal.npz,microsoft/rad-dino,success,
256,patient00277/study9,patient00277/study9/view1_frontal.dcm,/home/jovyan/Desktop/MEDAGENT-X/data/raw/chexpert_plus/dicom_train/patient00277/study9/view1_frontal.dcm,/home/jovyan/Desktop/MEDAGENT-X/outputs/chexpert_plus/raddino_features/patient00277__study9__view1_frontal.npz,microsoft/rad-dino,success,
257,patient00277/study2,patient00277/study2/view1_frontal.dcm,/home/jovyan/Desktop/MEDAGENT-X/data/raw/chexpert_plus/dicom_train/patient00277/study2/view1_frontal.dcm,/home/jovyan/Desktop/MEDAGENT-X/outputs/chexpert_plus/raddino_features/patient00277__study2__view1_frontal.npz,microsoft/rad-dino,success,
258,patient00277/study3,patient00277/study3/view1_frontal.dcm,/home/jovyan/Desktop/MEDAGENT-X/data/raw/chexpert_plus/dicom_train/patient00277/study3/view1_frontal.dcm,/home/jovyan/Desktop/MEDAGENT-X/outputs/chexpert_plus/raddino_features/patient00277__study3__view1_frontal.npz,microsoft/rad-dino,success,
259,patient00277/study11,patient00277/study11/view1_frontal.dcm,/home/jovyan/Desktop/MEDAGENT-X/data/raw/chexpert_plus/dicom_train/patient00277/study11/view1_frontal.dcm,/home/jovyan/Desktop/MEDAGENT-X/outputs/chexpert_plus/raddino_features/patient00277__study11__view1_frontal.npz,microsoft/rad-dino,success,
260,patient00277/study6,patient00277/study6/view1_frontal.dcm,/home/jovyan/Desktop/MEDAGENT-X/data/raw/chexpert_plus/dicom_train/patient00277/study6/view1_frontal.dcm,/home/jovyan/Desktop/MEDAGENT-X/outputs/chexpert_plus/raddino_features/patient00277__study6__view1_frontal.npz,microsoft/rad-dino,success,
261,patient00277/study7,patient00277/study7/view1_frontal.dcm,/home/jovyan/Desktop/MEDAGENT-X/data/raw/chexpert_plus/dicom_train/patient00277/study7/view1_frontal.dcm,/home/jovyan/Desktop/MEDAGENT-X/outputs/chexpert_plus/raddino_features/patient00277__study7__view1_frontal.npz,microsoft/rad-dino,success,
262,patient00278/study1,patient00278/study1/view1_frontal.dcm,/home/jovyan/Desktop/MEDAGENT-X/data/raw/chexpert_plus/dicom_train/patient00278/study1/view1_frontal.dcm,/home/jovyan/Desktop/MEDAGENT-X/outputs/chexpert_plus/raddino_features/patient00278__study1__view1_frontal.npz,microsoft/rad-dino,success,
263,patient00278/study2,patient00278/study2/view1_frontal.dcm,/home/jovyan/Desktop/MEDAGENT-X/data/raw/chexpert_plus/dicom_train/patient00278/study2/view1_frontal.dcm,/home/jovyan/Desktop/MEDAGENT-X/outputs/chexpert_plus/raddino_features/patient00278__study2__view1_frontal.npz,microsoft/rad-dino,success,
264,patient00283/study4,patient00283/study4/view1_frontal.dcm,/home/jovyan/Desktop/MEDAGENT-X/data/raw/chexpert_plus/dicom_train/patient00283/study4/view1_frontal.dcm,/home/jovyan/Desktop/MEDAGENT-X/outputs/chexpert_plus/raddino_features/patient00283__study4__view1_frontal.npz,microsoft/rad-dino,success,
265,patient00283/study1,patient00283/study1/view1_frontal.dcm,/home/jovyan/Desktop/MEDAGENT-X/data/raw/chexpert_plus/dicom_train/patient00283/study1/view1_frontal.dcm,/home/jovyan/Desktop/MEDAGENT-X/outputs/chexpert_plus/raddino_features/patient00283__study1__view1_frontal.npz,microsoft/rad-dino,success,
265,patient00283/study1,patient00283/study1/view2_frontal.dcm,/home/jovyan/Desktop/MEDAGENT-X/data/raw/chexpert_plus/dicom_train/patient00283/study1/view2_frontal.dcm,/home/jovyan/Desktop/MEDAGENT-X/outputs/chexpert_plus/raddino_features/patient00283__study1__view2_frontal.npz,microsoft/rad-dino,success,
266,patient00283/study3,patient00283/study3/view1_frontal.dcm,/home/jovyan/Desktop/MEDAGENT-X/data/raw/chexpert_plus/dicom_train/patient00283/study3/view1_frontal.dcm,/home/jovyan/Desktop/MEDAGENT-X/outputs/chexpert_plus/raddino_features/patient00283__study3__view1_frontal.npz,microsoft/rad-dino,success,
267,patient00283/study2,patient00283/study2/view1_frontal.dcm,/home/jovyan/Desktop/MEDAGENT-X/data/raw/chexpert_plus/dicom_train/patient00283/study2/view1_frontal.dcm,/home/jovyan/Desktop/MEDAGENT-X/outputs/chexpert_plus/raddino_features/patient00283__study2__view1_frontal.npz,microsoft/rad-dino,success,
268,patient00284/study1,patient00284/study1/view1_frontal.dcm,/home/jovyan/Desktop/MEDAGENT-X/data/raw/chexpert_plus/dicom_train/patient00284/study1/view1_frontal.dcm,/home/jovyan/Desktop/MEDAGENT-X/outputs/chexpert_plus/raddino_features/patient00284__study1__view1_frontal.npz,microsoft/rad-dino,success,
268,patient00284/study1,patient00284/study1/view2_lateral.dcm,/home/jovyan/Desktop/MEDAGENT-X/data/raw/chexpert_plus/dicom_train/patient00284/study1/view2_lateral.dcm,/home/jovyan/Desktop/MEDAGENT-X/outputs/chexpert_plus/raddino_features/patient00284__study1__view2_lateral.npz,microsoft/rad-dino,success,
269,patient00285/study1,patient00285/study1/view1_frontal.dcm,/home/jovyan/Desktop/MEDAGENT-X/data/raw/chexpert_plus/dicom_train/patient00285/study1/view1_frontal.dcm,/home/jovyan/Desktop/MEDAGENT-X/outputs/chexpert_plus/raddino_features/patient00285__study1__view1_frontal.npz,microsoft/rad-dino,success,
270,patient00285/study2,patient00285/study2/view1_frontal.dcm,/home/jovyan/Desktop/MEDAGENT-X/data/raw/chexpert_plus/dicom_train/patient00285/study2/view1_frontal.dcm,/home/jovyan/Desktop/MEDAGENT-X/outputs/chexpert_plus/raddino_features/patient00285__study2__view1_frontal.npz,microsoft/rad-dino,success,
271,patient00285/study3,patient00285/study3/view1_frontal.dcm,/home/jovyan/Desktop/MEDAGENT-X/data/raw/chexpert_plus/dicom_train/patient00285/study3/view1_frontal.dcm,/home/jovyan/Desktop/MEDAGENT-X/outputs/chexpert_plus/raddino_features/patient00285__study3__view1_frontal.npz,microsoft/rad-dino,success,
272,patient00285/study4,patient00285/study4/view1_frontal.dcm,/home/jovyan/Desktop/MEDAGENT-X/data/raw/chexpert_plus/dicom_train/patient00285/study4/view1_frontal.dcm,/home/jovyan/Desktop/MEDAGENT-X/outputs/chexpert_plus/raddino_features/patient00285__study4__view1_frontal.npz,microsoft/rad-dino,success,
273,patient00286/study5,patient00286/study5/view1_frontal.dcm,/home/jovyan/Desktop/MEDAGENT-X/data/raw/chexpert_plus/dicom_train/patient00286/study5/view1_frontal.dcm,/home/jovyan/Desktop/MEDAGENT-X/outputs/chexpert_plus/raddino_features/patient00286__study5__view1_frontal.npz,microsoft/rad-dino,success,
274,patient00286/study7,patient00286/study7/view1_frontal.dcm,/home/jovyan/Desktop/MEDAGENT-X/data/raw/chexpert_plus/dicom_train/patient00286/study7/view1_frontal.dcm,/home/jovyan/Desktop/MEDAGENT-X/outputs/chexpert_plus/raddino_features/patient00286__study7__view1_frontal.npz,microsoft/rad-dino,success,
275,patient00286/study4,patient00286/study4/view1_frontal.dcm,/home/jovyan/Desktop/MEDAGENT-X/data/raw/chexpert_plus/dicom_train/patient00286/study4/view1_frontal.dcm,/home/jovyan/Desktop/MEDAGENT-X/outputs/chexpert_plus/raddino_features/patient00286__study4__view1_frontal.npz,microsoft/rad-dino,success,
276,patient00286/study6,patient00286/study6/view1_frontal.dcm,/home/jovyan/Desktop/MEDAGENT-X/data/raw/chexpert_plus/dicom_train/patient00286/study6/view1_frontal.dcm,/home/jovyan/Desktop/MEDAGENT-X/outputs/chexpert_plus/raddino_features/patient00286__study6__view1_frontal.npz,microsoft/rad-dino,success,
277,patient00286/study1,patient00286/study1/view1_frontal.dcm,/home/jovyan/Desktop/MEDAGENT-X/data/raw/chexpert_plus/dicom_train/patient00286/study1/view1_frontal.dcm,/home/jovyan/Desktop/MEDAGENT-X/outputs/chexpert_plus/raddino_features/patient00286__study1__view1_frontal.npz,microsoft/rad-dino,success,
278,patient00286/study2,patient00286/study2/view1_frontal.dcm,/home/jovyan/Desktop/MEDAGENT-X/data/raw/chexpert_plus/dicom_train/patient00286/study2/view1_frontal.dcm,/home/jovyan/Desktop/MEDAGENT-X/outputs/chexpert_plus/raddino_features/patient00286__study2__view1_frontal.npz,microsoft/rad-dino,success,
279,patient00286/study3,patient00286/study3/view1_frontal.dcm,/home/jovyan/Desktop/MEDAGENT-X/data/raw/chexpert_plus/dicom_train/patient00286/study3/view1_frontal.dcm,/home/jovyan/Desktop/MEDAGENT-X/outputs/chexpert_plus/raddino_features/patient00286__study3__view1_frontal.npz,microsoft/rad-dino,success,
280,patient00286/study8,patient00286/study8/view1_frontal.dcm,/home/jovyan/Desktop/MEDAGENT-X/data/raw/chexpert_plus/dicom_train/patient00286/study8/view1_frontal.dcm,/home/jovyan/Desktop/MEDAGENT-X/outputs/chexpert_plus/raddino_features/patient00286__study8__view1_frontal.npz,microsoft/rad-dino,success,
281,patient00286/study9,patient00286/study9/view1_frontal.dcm,/home/jovyan/Desktop/MEDAGENT-X/data/raw/chexpert_plus/dicom_train/patient00286/study9/view1_frontal.dcm,/home/jovyan/Desktop/MEDAGENT-X/outputs/chexpert_plus/raddino_features/patient00286__study9__view1_frontal.npz,microsoft/rad-dino,success,
282,patient00287/study5,patient00287/study5/view1_frontal.dcm,/home/jovyan/Desktop/MEDAGENT-X/data/raw/chexpert_plus/dicom_train/patient00287/study5/view1_frontal.dcm,/home/jovyan/Desktop/MEDAGENT-X/outputs/chexpert_plus/raddino_features/patient00287__study5__view1_frontal.npz,microsoft/rad-dino,success,
283,patient00287/study2,patient00287/study2/view1_frontal.dcm,/home/jovyan/Desktop/MEDAGENT-X/data/raw/chexpert_plus/dicom_train/patient00287/study2/view1_frontal.dcm,/home/jovyan/Desktop/MEDAGENT-X/outputs/chexpert_plus/raddino_features/patient00287__study2__view1_frontal.npz,microsoft/rad-dino,success,
284,patient00287/study3,patient00287/study3/view1_frontal.dcm,/home/jovyan/Desktop/MEDAGENT-X/data/raw/chexpert_plus/dicom_train/patient00287/study3/view1_frontal.dcm,/home/jovyan/Desktop/MEDAGENT-X/outputs/chexpert_plus/raddino_features/patient00287__study3__view1_frontal.npz,microsoft/rad-dino,success,
285,patient00287/study4,patient00287/study4/view1_frontal.dcm,/home/jovyan/Desktop/MEDAGENT-X/data/raw/chexpert_plus/dicom_train/patient00287/study4/view1_frontal.dcm,/home/jovyan/Desktop/MEDAGENT-X/outputs/chexpert_plus/raddino_features/patient00287__study4__view1_frontal.npz,microsoft/rad-dino,success,
286,patient00287/study1,patient00287/study1/view1_frontal.dcm,/home/jovyan/Desktop/MEDAGENT-X/data/raw/chexpert_plus/dicom_train/patient00287/study1/view1_frontal.dcm,/home/jovyan/Desktop/MEDAGENT-X/outputs/chexpert_plus/raddino_features/patient00287__study1__view1_frontal.npz,microsoft/rad-dino,success,
287,patient00287/study6,patient00287/study6/view1_frontal.dcm,/home/jovyan/Desktop/MEDAGENT-X/data/raw/chexpert_plus/dicom_train/patient00287/study6/view1_frontal.dcm,/home/jovyan/Desktop/MEDAGENT-X/outputs/chexpert_plus/raddino_features/patient00287__study6__view1_frontal.npz,microsoft/rad-dino,success,
288,patient00290/study2,patient00290/study2/view1_frontal.dcm,/home/jovyan/Desktop/MEDAGENT-X/data/raw/chexpert_plus/dicom_train/patient00290/study2/view1_frontal.dcm,/home/jovyan/Desktop/MEDAGENT-X/outputs/chexpert_plus/raddino_features/patient00290__study2__view1_frontal.npz,microsoft/rad-dino,success,
289,patient00290/study1,patient00290/study1/view1_frontal.dcm,/home/jovyan/Desktop/MEDAGENT-X/data/raw/chexpert_plus/dicom_train/patient00290/study1/view1_frontal.dcm,/home/jovyan/Desktop/MEDAGENT-X/outputs/chexpert_plus/raddino_features/patient00290__study1__view1_frontal.npz,microsoft/rad-dino,success,
290,patient00291/study2,patient00291/study2/view2_lateral.dcm,/home/jovyan/Desktop/MEDAGENT-X/data/raw/chexpert_plus/dicom_train/patient00291/study2/view2_lateral.dcm,/home/jovyan/Desktop/MEDAGENT-X/outputs/chexpert_plus/raddino_features/patient00291__study2__view2_lateral.npz,microsoft/rad-dino,success,
290,patient00291/study2,patient00291/study2/view1_frontal.dcm,/home/jovyan/Desktop/MEDAGENT-X/data/raw/chexpert_plus/dicom_train/patient00291/study2/view1_frontal.dcm,/home/jovyan/Desktop/MEDAGENT-X/outputs/chexpert_plus/raddino_features/patient00291__study2__view1_frontal.npz,microsoft/rad-dino,success,
291,patient00291/study3,patient00291/study3/view1_frontal.dcm,/home/jovyan/Desktop/MEDAGENT-X/data/raw/chexpert_plus/dicom_train/patient00291/study3/view1_frontal.dcm,/home/jovyan/Desktop/MEDAGENT-X/outputs/chexpert_plus/raddino_features/patient00291__study3__view1_frontal.npz,microsoft/rad-dino,success,
292,patient00291/study4,patient00291/study4/view1_frontal.dcm,/home/jovyan/Desktop/MEDAGENT-X/data/raw/chexpert_plus/dicom_train/patient00291/study4/view1_frontal.dcm,/home/jovyan/Desktop/MEDAGENT-X/outputs/chexpert_plus/raddino_features/patient00291__study4__view1_frontal.npz,microsoft/rad-dino,success,
292,patient00291/study4,patient00291/study4/view2_lateral.dcm,/home/jovyan/Desktop/MEDAGENT-X/data/raw/chexpert_plus/dicom_train/patient00291/study4/view2_lateral.dcm,/home/jovyan/Desktop/MEDAGENT-X/outputs/chexpert_plus/raddino_features/patient00291__study4__view2_lateral.npz,microsoft/rad-dino,success,
293,patient00291/study1,patient00291/study1/view2_lateral.dcm,/home/jovyan/Desktop/MEDAGENT-X/data/raw/chexpert_plus/dicom_train/patient00291/study1/view2_lateral.dcm,/home/jovyan/Desktop/MEDAGENT-X/outputs/chexpert_plus/raddino_features/patient00291__study1__view2_lateral.npz,microsoft/rad-dino,success,
293,patient00291/study1,patient00291/study1/view1_frontal.dcm,/home/jovyan/Desktop/MEDAGENT-X/data/raw/chexpert_plus/dicom_train/patient00291/study1/view1_frontal.dcm,/home/jovyan/Desktop/MEDAGENT-X/outputs/chexpert_plus/raddino_features/patient00291__study1__view1_frontal.npz,microsoft/rad-dino,success,
294,patient00291/study5,patient00291/study5/view1_frontal.dcm,/home/jovyan/Desktop/MEDAGENT-X/data/raw/chexpert_plus/dicom_train/patient00291/study5/view1_frontal.dcm,/home/jovyan/Desktop/MEDAGENT-X/outputs/chexpert_plus/raddino_features/patient00291__study5__view1_frontal.npz,microsoft/rad-dino,success,
295,patient00291/study6,patient00291/study6/view1_frontal.dcm,/home/jovyan/Desktop/MEDAGENT-X/data/raw/chexpert_plus/dicom_train/patient00291/study6/view1_frontal.dcm,/home/jovyan/Desktop/MEDAGENT-X/outputs/chexpert_plus/raddino_features/patient00291__study6__view1_frontal.npz,microsoft/rad-dino,success,
296,patient00298/study6,patient00298/study6/view1_frontal.dcm,/home/jovyan/Desktop/MEDAGENT-X/data/raw/chexpert_plus/dicom_train/patient00298/study6/view1_frontal.dcm,/home/jovyan/Desktop/MEDAGENT-X/outputs/chexpert_plus/raddino_features/patient00298__study6__view1_frontal.npz,microsoft/rad-dino,success,
297,patient00298/study5,patient00298/study5/view1_frontal.dcm,/home/jovyan/Desktop/MEDAGENT-X/data/raw/chexpert_plus/dicom_train/patient00298/study5/view1_frontal.dcm,/home/jovyan/Desktop/MEDAGENT-X/outputs/chexpert_plus/raddino_features/patient00298__study5__view1_frontal.npz,microsoft/rad-dino,success,
298,patient00298/study2,patient00298/study2/view1_frontal.dcm,/home/jovyan/Desktop/MEDAGENT-X/data/raw/chexpert_plus/dicom_train/patient00298/study2/view1_frontal.dcm,/home/jovyan/Desktop/MEDAGENT-X/outputs/chexpert_plus/raddino_features/patient00298__study2__view1_frontal.npz,microsoft/rad-dino,success,
299,patient00298/study4,patient00298/study4/view1_frontal.dcm,/home/jovyan/Desktop/MEDAGENT-X/data/raw/chexpert_plus/dicom_train/patient00298/study4/view1_frontal.dcm,/home/jovyan/Desktop/MEDAGENT-X/outputs/chexpert_plus/raddino_features/patient00298__study4__view1_frontal.npz,microsoft/rad-dino,success,
300,patient00298/study1,patient00298/study1/view2_lateral.dcm,/home/jovyan/Desktop/MEDAGENT-X/data/raw/chexpert_plus/dicom_train/patient00298/study1/view2_lateral.dcm,/home/jovyan/Desktop/MEDAGENT-X/outputs/chexpert_plus/raddino_features/patient00298__study1__view2_lateral.npz,microsoft/rad-dino,success,
300,patient00298/study1,patient00298/study1/view1_frontal.dcm,/home/jovyan/Desktop/MEDAGENT-X/data/raw/chexpert_plus/dicom_train/patient00298/study1/view1_frontal.dcm,/home/jovyan/Desktop/MEDAGENT-X/outputs/chexpert_plus/raddino_features/patient00298__study1__view1_frontal.npz,microsoft/rad-dino,success,
301,patient00298/study3,patient00298/study3/view1_frontal.dcm,/home/jovyan/Desktop/MEDAGENT-X/data/raw/chexpert_plus/dicom_train/patient00298/study3/view1_frontal.dcm,/home/jovyan/Desktop/MEDAGENT-X/outputs/chexpert_plus/raddino_features/patient00298__study3__view1_frontal.npz,microsoft/rad-dino,success,
302,patient00300/study1,patient00300/study1/view1_frontal.dcm,/home/jovyan/Desktop/MEDAGENT-X/data/raw/chexpert_plus/dicom_train/patient00300/study1/view1_frontal.dcm,/home/jovyan/Desktop/MEDAGENT-X/outputs/chexpert_plus/raddino_features/patient00300__study1__view1_frontal.npz,microsoft/rad-dino,success,
303,patient00303/study2,patient00303/study2/view1_frontal.dcm,/home/jovyan/Desktop/MEDAGENT-X/data/raw/chexpert_plus/dicom_train/patient00303/study2/view1_frontal.dcm,/home/jovyan/Desktop/MEDAGENT-X/outputs/chexpert_plus/raddino_features/patient00303__study2__view1_frontal.npz,microsoft/rad-dino,success,
304,patient00303/study1,patient00303/study1/view1_frontal.dcm,/home/jovyan/Desktop/MEDAGENT-X/data/raw/chexpert_plus/dicom_train/patient00303/study1/view1_frontal.dcm,/home/jovyan/Desktop/MEDAGENT-X/outputs/chexpert_plus/raddino_features/patient00303__study1__view1_frontal.npz,microsoft/rad-dino,success,
305,patient00306/study1,patient00306/study1/view1_frontal.dcm,/home/jovyan/Desktop/MEDAGENT-X/data/raw/chexpert_plus/dicom_train/patient00306/study1/view1_frontal.dcm,/home/jovyan/Desktop/MEDAGENT-X/outputs/chexpert_plus/raddino_features/patient00306__study1__view1_frontal.npz,microsoft/rad-dino,success,
306,patient00308/study4,patient00308/study4/view1_frontal.dcm,/home/jovyan/Desktop/MEDAGENT-X/data/raw/chexpert_plus/dicom_train/patient00308/study4/view1_frontal.dcm,/home/jovyan/Desktop/MEDAGENT-X/outputs/chexpert_plus/raddino_features/patient00308__study4__view1_frontal.npz,microsoft/rad-dino,success,
306,patient00308/study4,patient00308/study4/view2_lateral.dcm,/home/jovyan/Desktop/MEDAGENT-X/data/raw/chexpert_plus/dicom_train/patient00308/study4/view2_lateral.dcm,/home/jovyan/Desktop/MEDAGENT-X/outputs/chexpert_plus/raddino_features/patient00308__study4__view2_lateral.npz,microsoft/rad-dino,success,
307,patient00308/study3,patient00308/study3/view1_frontal.dcm,/home/jovyan/Desktop/MEDAGENT-X/data/raw/chexpert_plus/dicom_train/patient00308/study3/view1_frontal.dcm,/home/jovyan/Desktop/MEDAGENT-X/outputs/chexpert_plus/raddino_features/patient00308__study3__view1_frontal.npz,microsoft/rad-dino,success,
307,patient00308/study3,patient00308/study3/view2_lateral.dcm,/home/jovyan/Desktop/MEDAGENT-X/data/raw/chexpert_plus/dicom_train/patient00308/study3/view2_lateral.dcm,/home/jovyan/Desktop/MEDAGENT-X/outputs/chexpert_plus/raddino_features/patient00308__study3__view2_lateral.npz,microsoft/rad-dino,success,
308,patient00308/study2,patient00308/study2/view1_frontal.dcm,/home/jovyan/Desktop/MEDAGENT-X/data/raw/chexpert_plus/dicom_train/patient00308/study2/view1_frontal.dcm,/home/jovyan/Desktop/MEDAGENT-X/outputs/chexpert_plus/raddino_features/patient00308__study2__view1_frontal.npz,microsoft/rad-dino,success,
309,patient00308/study1,patient00308/study1/view1_frontal.dcm,/home/jovyan/Desktop/MEDAGENT-X/data/raw/chexpert_plus/dicom_train/patient00308/study1/view1_frontal.dcm,/home/jovyan/Desktop/MEDAGENT-X/outputs/chexpert_plus/raddino_features/patient00308__study1__view1_frontal.npz,microsoft/rad-dino,success,
310,patient00313/study1,patient00313/study1/view2_lateral.dcm,/home/jovyan/Desktop/MEDAGENT-X/data/raw/chexpert_plus/dicom_train/patient00313/study1/view2_lateral.dcm,/home/jovyan/Desktop/MEDAGENT-X/outputs/chexpert_plus/raddino_features/patient00313__study1__view2_lateral.npz,microsoft/rad-dino,success,
310,patient00313/study1,patient00313/study1/view1_frontal.dcm,/home/jovyan/Desktop/MEDAGENT-X/data/raw/chexpert_plus/dicom_train/patient00313/study1/view1_frontal.dcm,/home/jovyan/Desktop/MEDAGENT-X/outputs/chexpert_plus/raddino_features/patient00313__study1__view1_frontal.npz,microsoft/rad-dino,success,
311,patient00317/study5,patient00317/study5/view1_frontal.dcm,/home/jovyan/Desktop/MEDAGENT-X/data/raw/chexpert_plus/dicom_train/patient00317/study5/view1_frontal.dcm,/home/jovyan/Desktop/MEDAGENT-X/outputs/chexpert_plus/raddino_features/patient00317__study5__view1_frontal.npz,microsoft/rad-dino,success,
312,patient00317/study4,patient00317/study4/view1_frontal.dcm,/home/jovyan/Desktop/MEDAGENT-X/data/raw/chexpert_plus/dicom_train/patient00317/study4/view1_frontal.dcm,/home/jovyan/Desktop/MEDAGENT-X/outputs/chexpert_plus/raddino_features/patient00317__study4__view1_frontal.npz,microsoft/rad-dino,success,
313,patient00317/study1,patient00317/study1/view1_frontal.dcm,/home/jovyan/Desktop/MEDAGENT-X/data/raw/chexpert_plus/dicom_train/patient00317/study1/view1_frontal.dcm,/home/jovyan/Desktop/MEDAGENT-X/outputs/chexpert_plus/raddino_features/patient00317__study1__view1_frontal.npz,microsoft/rad-dino,success,
313,patient00317/study1,patient00317/study1/view2_lateral.dcm,/home/jovyan/Desktop/MEDAGENT-X/data/raw/chexpert_plus/dicom_train/patient00317/study1/view2_lateral.dcm,/home/jovyan/Desktop/MEDAGENT-X/outputs/chexpert_plus/raddino_features/patient00317__study1__view2_lateral.npz,microsoft/rad-dino,success,
314,patient00317/study8,patient00317/study8/view1_frontal.dcm,/home/jovyan/Desktop/MEDAGENT-X/data/raw/chexpert_plus/dicom_train/patient00317/study8/view1_frontal.dcm,/home/jovyan/Desktop/MEDAGENT-X/outputs/chexpert_plus/raddino_features/patient00317__study8__view1_frontal.npz,microsoft/rad-dino,success,
315,patient00317/study2,patient00317/study2/view1_frontal.dcm,/home/jovyan/Desktop/MEDAGENT-X/data/raw/chexpert_plus/dicom_train/patient00317/study2/view1_frontal.dcm,/home/jovyan/Desktop/MEDAGENT-X/outputs/chexpert_plus/raddino_features/patient00317__study2__view1_frontal.npz,microsoft/rad-dino,success,
316,patient00317/study6,patient00317/study6/view1_frontal.dcm,/home/jovyan/Desktop/MEDAGENT-X/data/raw/chexpert_plus/dicom_train/patient00317/study6/view1_frontal.dcm,/home/jovyan/Desktop/MEDAGENT-X/outputs/chexpert_plus/raddino_features/patient00317__study6__view1_frontal.npz,microsoft/rad-dino,success,
317,patient00317/study3,patient00317/study3/view1_frontal.dcm,/home/jovyan/Desktop/MEDAGENT-X/data/raw/chexpert_plus/dicom_train/patient00317/study3/view1_frontal.dcm,/home/jovyan/Desktop/MEDAGENT-X/outputs/chexpert_plus/raddino_features/patient00317__study3__view1_frontal.npz,microsoft/rad-dino,success,
318,patient00317/study7,patient00317/study7/view1_frontal.dcm,/home/jovyan/Desktop/MEDAGENT-X/data/raw/chexpert_plus/dicom_train/patient00317/study7/view1_frontal.dcm,/home/jovyan/Desktop/MEDAGENT-X/outputs/chexpert_plus/raddino_features/patient00317__study7__view1_frontal.npz,microsoft/rad-dino,success,
319,patient00319/study2,patient00319/study2/view1_frontal.dcm,/home/jovyan/Desktop/MEDAGENT-X/data/raw/chexpert_plus/dicom_train/patient00319/study2/view1_frontal.dcm,/home/jovyan/Desktop/MEDAGENT-X/outputs/chexpert_plus/raddino_features/patient00319__study2__view1_frontal.npz,microsoft/rad-dino,success,
320,patient00319/study1,patient00319/study1/view1_frontal.dcm,/home/jovyan/Desktop/MEDAGENT-X/data/raw/chexpert_plus/dicom_train/patient00319/study1/view1_frontal.dcm,/home/jovyan/Desktop/MEDAGENT-X/outputs/chexpert_plus/raddino_features/patient00319__study1__view1_frontal.npz,microsoft/rad-dino,success,
321,patient00319/study4,patient00319/study4/view1_frontal.dcm,/home/jovyan/Desktop/MEDAGENT-X/data/raw/chexpert_plus/dicom_train/patient00319/study4/view1_frontal.dcm,/home/jovyan/Desktop/MEDAGENT-X/outputs/chexpert_plus/raddino_features/patient00319__study4__view1_frontal.npz,microsoft/rad-dino,success,
322,patient00319/study3,patient00319/study3/view1_frontal.dcm,/home/jovyan/Desktop/MEDAGENT-X/data/raw/chexpert_plus/dicom_train/patient00319/study3/view1_frontal.dcm,/home/jovyan/Desktop/MEDAGENT-X/outputs/chexpert_plus/raddino_features/patient00319__study3__view1_frontal.npz,microsoft/rad-dino,success,
323,patient00322/study1,patient00322/study1/view1_frontal.dcm,/home/jovyan/Desktop/MEDAGENT-X/data/raw/chexpert_plus/dicom_train/patient00322/study1/view1_frontal.dcm,/home/jovyan/Desktop/MEDAGENT-X/outputs/chexpert_plus/raddino_features/patient00322__study1__view1_frontal.npz,microsoft/rad-dino,success,
324,patient00323/study1,patient00323/study1/view2_lateral.dcm,/home/jovyan/Desktop/MEDAGENT-X/data/raw/chexpert_plus/dicom_train/patient00323/study1/view2_lateral.dcm,/home/jovyan/Desktop/MEDAGENT-X/outputs/chexpert_plus/raddino_features/patient00323__study1__view2_lateral.npz,microsoft/rad-dino,success,
324,patient00323/study1,patient00323/study1/view1_frontal.dcm,/home/jovyan/Desktop/MEDAGENT-X/data/raw/chexpert_plus/dicom_train/patient00323/study1/view1_frontal.dcm,/home/jovyan/Desktop/MEDAGENT-X/outputs/chexpert_plus/raddino_features/patient00323__study1__view1_frontal.npz,microsoft/rad-dino,success,
325,patient00323/study2,patient00323/study2/view1_frontal.dcm,/home/jovyan/Desktop/MEDAGENT-X/data/raw/chexpert_plus/dicom_train/patient00323/study2/view1_frontal.dcm,/home/jovyan/Desktop/MEDAGENT-X/outputs/chexpert_plus/raddino_features/patient00323__study2__view1_frontal.npz,microsoft/rad-dino,success,
325,patient00323/study2,patient00323/study2/view2_lateral.dcm,/home/jovyan/Desktop/MEDAGENT-X/data/raw/chexpert_plus/dicom_train/patient00323/study2/view2_lateral.dcm,/home/jovyan/Desktop/MEDAGENT-X/outputs/chexpert_plus/raddino_features/patient00323__study2__view2_lateral.npz,microsoft/rad-dino,success,
326,patient00327/study2,patient00327/study2/view1_frontal.dcm,/home/jovyan/Desktop/MEDAGENT-X/data/raw/chexpert_plus/dicom_train/patient00327/study2/view1_frontal.dcm,/home/jovyan/Desktop/MEDAGENT-X/outputs/chexpert_plus/raddino_features/patient00327__study2__view1_frontal.npz,microsoft/rad-dino,success,
327,patient00327/study1,patient00327/study1/view1_frontal.dcm,/home/jovyan/Desktop/MEDAGENT-X/data/raw/chexpert_plus/dicom_train/patient00327/study1/view1_frontal.dcm,/home/jovyan/Desktop/MEDAGENT-X/outputs/chexpert_plus/raddino_features/patient00327__study1__view1_frontal.npz,microsoft/rad-dino,success,
327,patient00327/study1,patient00327/study1/view2_lateral.dcm,/home/jovyan/Desktop/MEDAGENT-X/data/raw/chexpert_plus/dicom_train/patient00327/study1/view2_lateral.dcm,/home/jovyan/Desktop/MEDAGENT-X/outputs/chexpert_plus/raddino_features/patient00327__study1__view2_lateral.npz,microsoft/rad-dino,success,
327,patient00327/study1,patient00327/study1/view3_lateral.dcm,/home/jovyan/Desktop/MEDAGENT-X/data/raw/chexpert_plus/dicom_train/patient00327/study1/view3_lateral.dcm,/home/jovyan/Desktop/MEDAGENT-X/outputs/chexpert_plus/raddino_features/patient00327__study1__view3_lateral.npz,microsoft/rad-dino,success,
328,patient00329/study1,patient00329/study1/view1_frontal.dcm,/home/jovyan/Desktop/MEDAGENT-X/data/raw/chexpert_plus/dicom_train/patient00329/study1/view1_frontal.dcm,/home/jovyan/Desktop/MEDAGENT-X/outputs/chexpert_plus/raddino_features/patient00329__study1__view1_frontal.npz,microsoft/rad-dino,success,
328,patient00329/study1,patient00329/study1/view2_lateral.dcm,/home/jovyan/Desktop/MEDAGENT-X/data/raw/chexpert_plus/dicom_train/patient00329/study1/view2_lateral.dcm,/home/jovyan/Desktop/MEDAGENT-X/outputs/chexpert_plus/raddino_features/patient00329__study1__view2_lateral.npz,microsoft/rad-dino,success,
329,patient00329/study3,patient00329/study3/view1_frontal.dcm,/home/jovyan/Desktop/MEDAGENT-X/data/raw/chexpert_plus/dicom_train/patient00329/study3/view1_frontal.dcm,/home/jovyan/Desktop/MEDAGENT-X/outputs/chexpert_plus/raddino_features/patient00329__study3__view1_frontal.npz,microsoft/rad-dino,success,
330,patient00329/study2,patient00329/study2/view1_frontal.dcm,/home/jovyan/Desktop/MEDAGENT-X/data/raw/chexpert_plus/dicom_train/patient00329/study2/view1_frontal.dcm,/home/jovyan/Desktop/MEDAGENT-X/outputs/chexpert_plus/raddino_features/patient00329__study2__view1_frontal.npz,microsoft/rad-dino,success,
331,patient00335/study3,patient00335/study3/view1_frontal.dcm,/home/jovyan/Desktop/MEDAGENT-X/data/raw/chexpert_plus/dicom_train/patient00335/study3/view1_frontal.dcm,/home/jovyan/Desktop/MEDAGENT-X/outputs/chexpert_plus/raddino_features/patient00335__study3__view1_frontal.npz,microsoft/rad-dino,success,
332,patient00335/study8,patient00335/study8/view1_frontal.dcm,/home/jovyan/Desktop/MEDAGENT-X/data/raw/chexpert_plus/dicom_train/patient00335/study8/view1_frontal.dcm,/home/jovyan/Desktop/MEDAGENT-X/outputs/chexpert_plus/raddino_features/patient00335__study8__view1_frontal.npz,microsoft/rad-dino,success,
333,patient00335/study6,patient00335/study6/view1_frontal.dcm,/home/jovyan/Desktop/MEDAGENT-X/data/raw/chexpert_plus/dicom_train/patient00335/study6/view1_frontal.dcm,/home/jovyan/Desktop/MEDAGENT-X/outputs/chexpert_plus/raddino_features/patient00335__study6__view1_frontal.npz,microsoft/rad-dino,success,
334,patient00335/study5,patient00335/study5/view1_frontal.dcm,/home/jovyan/Desktop/MEDAGENT-X/data/raw/chexpert_plus/dicom_train/patient00335/study5/view1_frontal.dcm,/home/jovyan/Desktop/MEDAGENT-X/outputs/chexpert_plus/raddino_features/patient00335__study5__view1_frontal.npz,microsoft/rad-dino,success,
335,patient00335/study1,patient00335/study1/view1_frontal.dcm,/home/jovyan/Desktop/MEDAGENT-X/data/raw/chexpert_plus/dicom_train/patient00335/study1/view1_frontal.dcm,/home/jovyan/Desktop/MEDAGENT-X/outputs/chexpert_plus/raddino_features/patient00335__study1__view1_frontal.npz,microsoft/rad-dino,success,
336,patient00335/study7,patient00335/study7/view1_frontal.dcm,/home/jovyan/Desktop/MEDAGENT-X/data/raw/chexpert_plus/dicom_train/patient00335/study7/view1_frontal.dcm,/home/jovyan/Desktop/MEDAGENT-X/outputs/chexpert_plus/raddino_features/patient00335__study7__view1_frontal.npz,microsoft/rad-dino,success,
337,patient00335/study2,patient00335/study2/view1_frontal.dcm,/home/jovyan/Desktop/MEDAGENT-X/data/raw/chexpert_plus/dicom_train/patient00335/study2/view1_frontal.dcm,/home/jovyan/Desktop/MEDAGENT-X/outputs/chexpert_plus/raddino_features/patient00335__study2__view1_frontal.npz,microsoft/rad-dino,success,
338,patient00335/study4,patient00335/study4/view1_frontal.dcm,/home/jovyan/Desktop/MEDAGENT-X/data/raw/chexpert_plus/dicom_train/patient00335/study4/view1_frontal.dcm,/home/jovyan/Desktop/MEDAGENT-X/outputs/chexpert_plus/raddino_features/patient00335__study4__view1_frontal.npz,microsoft/rad-dino,success,
339,patient00336/study1,patient00336/study1/view2_lateral.dcm,/home/jovyan/Desktop/MEDAGENT-X/data/raw/chexpert_plus/dicom_train/patient00336/study1/view2_lateral.dcm,/home/jovyan/Desktop/MEDAGENT-X/outputs/chexpert_plus/raddino_features/patient00336__study1__view2_lateral.npz,microsoft/rad-dino,success,
339,patient00336/study1,patient00336/study1/view1_frontal.dcm,/home/jovyan/Desktop/MEDAGENT-X/data/raw/chexpert_plus/dicom_train/patient00336/study1/view1_frontal.dcm,/home/jovyan/Desktop/MEDAGENT-X/outputs/chexpert_plus/raddino_features/patient00336__study1__view1_frontal.npz,microsoft/rad-dino,success,
340,patient00336/study2,patient00336/study2/view2_lateral.dcm,/home/jovyan/Desktop/MEDAGENT-X/data/raw/chexpert_plus/dicom_train/patient00336/study2/view2_lateral.dcm,/home/jovyan/Desktop/MEDAGENT-X/outputs/chexpert_plus/raddino_features/patient00336__study2__view2_lateral.npz,microsoft/rad-dino,success,
340,patient00336/study2,patient00336/study2/view1_frontal.dcm,/home/jovyan/Desktop/MEDAGENT-X/data/raw/chexpert_plus/dicom_train/patient00336/study2/view1_frontal.dcm,/home/jovyan/Desktop/MEDAGENT-X/outputs/chexpert_plus/raddino_features/patient00336__study2__view1_frontal.npz,microsoft/rad-dino,success,
341,patient00336/study3,patient00336/study3/view2_lateral.dcm,/home/jovyan/Desktop/MEDAGENT-X/data/raw/chexpert_plus/dicom_train/patient00336/study3/view2_lateral.dcm,/home/jovyan/Desktop/MEDAGENT-X/outputs/chexpert_plus/raddino_features/patient00336__study3__view2_lateral.npz,microsoft/rad-dino,success,
341,patient00336/study3,patient00336/study3/view1_frontal.dcm,/home/jovyan/Desktop/MEDAGENT-X/data/raw/chexpert_plus/dicom_train/patient00336/study3/view1_frontal.dcm,/home/jovyan/Desktop/MEDAGENT-X/outputs/chexpert_plus/raddino_features/patient00336__study3__view1_frontal.npz,microsoft/rad-dino,success,
342,patient00342/study1,patient00342/study1/view1_frontal.dcm,/home/jovyan/Desktop/MEDAGENT-X/data/raw/chexpert_plus/dicom_train/patient00342/study1/view1_frontal.dcm,/home/jovyan/Desktop/MEDAGENT-X/outputs/chexpert_plus/raddino_features/patient00342__study1__view1_frontal.npz,microsoft/rad-dino,success,
343,patient00343/study1,patient00343/study1/view1_frontal.dcm,/home/jovyan/Desktop/MEDAGENT-X/data/raw/chexpert_plus/dicom_train/patient00343/study1/view1_frontal.dcm,/home/jovyan/Desktop/MEDAGENT-X/outputs/chexpert_plus/raddino_features/patient00343__study1__view1_frontal.npz,microsoft/rad-dino,success,
344,patient00344/study1,patient00344/study1/view1_frontal.dcm,/home/jovyan/Desktop/MEDAGENT-X/data/raw/chexpert_plus/dicom_train/patient00344/study1/view1_frontal.dcm,/home/jovyan/Desktop/MEDAGENT-X/outputs/chexpert_plus/raddino_features/patient00344__study1__view1_frontal.npz,microsoft/rad-dino,success,
344,patient00344/study1,patient00344/study1/view2_lateral.dcm,/home/jovyan/Desktop/MEDAGENT-X/data/raw/chexpert_plus/dicom_train/patient00344/study1/view2_lateral.dcm,/home/jovyan/Desktop/MEDAGENT-X/outputs/chexpert_plus/raddino_features/patient00344__study1__view2_lateral.npz,microsoft/rad-dino,success,
345,patient00350/study2,patient00350/study2/view1_frontal.dcm,/home/jovyan/Desktop/MEDAGENT-X/data/raw/chexpert_plus/dicom_train/patient00350/study2/view1_frontal.dcm,/home/jovyan/Desktop/MEDAGENT-X/outputs/chexpert_plus/raddino_features/patient00350__study2__view1_frontal.npz,microsoft/rad-dino,success,
346,patient00350/study1,patient00350/study1/view1_frontal.dcm,/home/jovyan/Desktop/MEDAGENT-X/data/raw/chexpert_plus/dicom_train/patient00350/study1/view1_frontal.dcm,/home/jovyan/Desktop/MEDAGENT-X/outputs/chexpert_plus/raddino_features/patient00350__study1__view1_frontal.npz,microsoft/rad-dino,success,
346,patient00350/study1,patient00350/study1/view2_lateral.dcm,/home/jovyan/Desktop/MEDAGENT-X/data/raw/chexpert_plus/dicom_train/patient00350/study1/view2_lateral.dcm,/home/jovyan/Desktop/MEDAGENT-X/outputs/chexpert_plus/raddino_features/patient00350__study1__view2_lateral.npz,microsoft/rad-dino,success,
347,patient00352/study1,patient00352/study1/view1_frontal.dcm,/home/jovyan/Desktop/MEDAGENT-X/data/raw/chexpert_plus/dicom_train/patient00352/study1/view1_frontal.dcm,/home/jovyan/Desktop/MEDAGENT-X/outputs/chexpert_plus/raddino_features/patient00352__study1__view1_frontal.npz,microsoft/rad-dino,success,
348,patient00358/study1,patient00358/study1/view1_frontal.dcm,/home/jovyan/Desktop/MEDAGENT-X/data/raw/chexpert_plus/dicom_train/patient00358/study1/view1_frontal.dcm,/home/jovyan/Desktop/MEDAGENT-X/outputs/chexpert_plus/raddino_features/patient00358__study1__view1_frontal.npz,microsoft/rad-dino,success,
349,patient00360/study1,patient00360/study1/view1_frontal.dcm,/home/jovyan/Desktop/MEDAGENT-X/data/raw/chexpert_plus/dicom_train/patient00360/study1/view1_frontal.dcm,/home/jovyan/Desktop/MEDAGENT-X/outputs/chexpert_plus/raddino_features/patient00360__study1__view1_frontal.npz,microsoft/rad-dino,success,
350,patient00361/study1,patient00361/study1/view1_frontal.dcm,/home/jovyan/Desktop/MEDAGENT-X/data/raw/chexpert_plus/dicom_train/patient00361/study1/view1_frontal.dcm,/home/jovyan/Desktop/MEDAGENT-X/outputs/chexpert_plus/raddino_features/patient00361__study1__view1_frontal.npz,microsoft/rad-dino,success,
351,patient00365/study1,patient00365/study1/view1_frontal.dcm,/home/jovyan/Desktop/MEDAGENT-X/data/raw/chexpert_plus/dicom_train/patient00365/study1/view1_frontal.dcm,/home/jovyan/Desktop/MEDAGENT-X/outputs/chexpert_plus/raddino_features/patient00365__study1__view1_frontal.npz,microsoft/rad-dino,success,
352,patient00368/study1,patient00368/study1/view1_frontal.dcm,/home/jovyan/Desktop/MEDAGENT-X/data/raw/chexpert_plus/dicom_train/patient00368/study1/view1_frontal.dcm,/home/jovyan/Desktop/MEDAGENT-X/outputs/chexpert_plus/raddino_features/patient00368__study1__view1_frontal.npz,microsoft/rad-dino,success,
353,patient00369/study1,patient00369/study1/view1_frontal.dcm,/home/jovyan/Desktop/MEDAGENT-X/data/raw/chexpert_plus/dicom_train/patient00369/study1/view1_frontal.dcm,/home/jovyan/Desktop/MEDAGENT-X/outputs/chexpert_plus/raddino_features/patient00369__study1__view1_frontal.npz,microsoft/rad-dino,success,
354,patient00369/study2,patient00369/study2/view1_frontal.dcm,/home/jovyan/Desktop/MEDAGENT-X/data/raw/chexpert_plus/dicom_train/patient00369/study2/view1_frontal.dcm,/home/jovyan/Desktop/MEDAGENT-X/outputs/chexpert_plus/raddino_features/patient00369__study2__view1_frontal.npz,microsoft/rad-dino,success,
355,patient00377/study1,patient00377/study1/view1_frontal.dcm,/home/jovyan/Desktop/MEDAGENT-X/data/raw/chexpert_plus/dicom_train/patient00377/study1/view1_frontal.dcm,/home/jovyan/Desktop/MEDAGENT-X/outputs/chexpert_plus/raddino_features/patient00377__study1__view1_frontal.npz,microsoft/rad-dino,success,
356,patient00381/study1,patient00381/study1/view1_frontal.dcm,/home/jovyan/Desktop/MEDAGENT-X/data/raw/chexpert_plus/dicom_train/patient00381/study1/view1_frontal.dcm,/home/jovyan/Desktop/MEDAGENT-X/outputs/chexpert_plus/raddino_features/patient00381__study1__view1_frontal.npz,microsoft/rad-dino,success,
356,patient00381/study1,patient00381/study1/view2_lateral.dcm,/home/jovyan/Desktop/MEDAGENT-X/data/raw/chexpert_plus/dicom_train/patient00381/study1/view2_lateral.dcm,/home/jovyan/Desktop/MEDAGENT-X/outputs/chexpert_plus/raddino_features/patient00381__study1__view2_lateral.npz,microsoft/rad-dino,success,
357,patient00383/study1,patient00383/study1/view1_frontal.dcm,/home/jovyan/Desktop/MEDAGENT-X/data/raw/chexpert_plus/dicom_train/patient00383/study1/view1_frontal.dcm,/home/jovyan/Desktop/MEDAGENT-X/outputs/chexpert_plus/raddino_features/patient00383__study1__view1_frontal.npz,microsoft/rad-dino,success,
358,patient00384/study1,patient00384/study1/view1_frontal.dcm,/home/jovyan/Desktop/MEDAGENT-X/data/raw/chexpert_plus/dicom_train/patient00384/study1/view1_frontal.dcm,/home/jovyan/Desktop/MEDAGENT-X/outputs/chexpert_plus/raddino_features/patient00384__study1__view1_frontal.npz,microsoft/rad-dino,success,
359,patient00386/study1,patient00386/study1/view1_frontal.dcm,/home/jovyan/Desktop/MEDAGENT-X/data/raw/chexpert_plus/dicom_train/patient00386/study1/view1_frontal.dcm,/home/jovyan/Desktop/MEDAGENT-X/outputs/chexpert_plus/raddino_features/patient00386__study1__view1_frontal.npz,microsoft/rad-dino,success,
360,patient00387/study1,patient00387/study1/view2_lateral.dcm,/home/jovyan/Desktop/MEDAGENT-X/data/raw/chexpert_plus/dicom_train/patient00387/study1/view2_lateral.dcm,/home/jovyan/Desktop/MEDAGENT-X/outputs/chexpert_plus/raddino_features/patient00387__study1__view2_lateral.npz,microsoft/rad-dino,success,
360,patient00387/study1,patient00387/study1/view1_frontal.dcm,/home/jovyan/Desktop/MEDAGENT-X/data/raw/chexpert_plus/dicom_train/patient00387/study1/view1_frontal.dcm,/home/jovyan/Desktop/MEDAGENT-X/outputs/chexpert_plus/raddino_features/patient00387__study1__view1_frontal.npz,microsoft/rad-dino,success,
361,patient00388/study1,patient00388/study1/view1_frontal.dcm,/home/jovyan/Desktop/MEDAGENT-X/data/raw/chexpert_plus/dicom_train/patient00388/study1/view1_frontal.dcm,/home/jovyan/Desktop/MEDAGENT-X/outputs/chexpert_plus/raddino_features/patient00388__study1__view1_frontal.npz,microsoft/rad-dino,success,
362,patient00391/study1,patient00391/study1/view1_frontal.dcm,/home/jovyan/Desktop/MEDAGENT-X/data/raw/chexpert_plus/dicom_train/patient00391/study1/view1_frontal.dcm,/home/jovyan/Desktop/MEDAGENT-X/outputs/chexpert_plus/raddino_features/patient00391__study1__view1_frontal.npz,microsoft/rad-dino,success,
363,patient00391/study2,patient00391/study2/view1_frontal.dcm,/home/jovyan/Desktop/MEDAGENT-X/data/raw/chexpert_plus/dicom_train/patient00391/study2/view1_frontal.dcm,/home/jovyan/Desktop/MEDAGENT-X/outputs/chexpert_plus/raddino_features/patient00391__study2__view1_frontal.npz,microsoft/rad-dino,success,
364,patient00391/study3,patient00391/study3/view1_frontal.dcm,/home/jovyan/Desktop/MEDAGENT-X/data/raw/chexpert_plus/dicom_train/patient00391/study3/view1_frontal.dcm,/home/jovyan/Desktop/MEDAGENT-X/outputs/chexpert_plus/raddino_features/patient00391__study3__view1_frontal.npz,microsoft/rad-dino,success,
365,patient00391/study4,patient00391/study4/view2_lateral.dcm,/home/jovyan/Desktop/MEDAGENT-X/data/raw/chexpert_plus/dicom_train/patient00391/study4/view2_lateral.dcm,/home/jovyan/Desktop/MEDAGENT-X/outputs/chexpert_plus/raddino_features/patient00391__study4__view2_lateral.npz,microsoft/rad-dino,success,
365,patient00391/study4,patient00391/study4/view1_frontal.dcm,/home/jovyan/Desktop/MEDAGENT-X/data/raw/chexpert_plus/dicom_train/patient00391/study4/view1_frontal.dcm,/home/jovyan/Desktop/MEDAGENT-X/outputs/chexpert_plus/raddino_features/patient00391__study4__view1_frontal.npz,microsoft/rad-dino,success,
366,patient00401/study1,patient00401/study1/view1_frontal.dcm,/home/jovyan/Desktop/MEDAGENT-X/data/raw/chexpert_plus/dicom_train/patient00401/study1/view1_frontal.dcm,/home/jovyan/Desktop/MEDAGENT-X/outputs/chexpert_plus/raddino_features/patient00401__study1__view1_frontal.npz,microsoft/rad-dino,success,
367,patient00403/study4,patient00403/study4/view1_frontal.dcm,/home/jovyan/Desktop/MEDAGENT-X/data/raw/chexpert_plus/dicom_train/patient00403/study4/view1_frontal.dcm,/home/jovyan/Desktop/MEDAGENT-X/outputs/chexpert_plus/raddino_features/patient00403__study4__view1_frontal.npz,microsoft/rad-dino,success,
368,patient00403/study5,patient00403/study5/view1_frontal.dcm,/home/jovyan/Desktop/MEDAGENT-X/data/raw/chexpert_plus/dicom_train/patient00403/study5/view1_frontal.dcm,/home/jovyan/Desktop/MEDAGENT-X/outputs/chexpert_plus/raddino_features/patient00403__study5__view1_frontal.npz,microsoft/rad-dino,success,
369,patient00403/study1,patient00403/study1/view1_frontal.dcm,/home/jovyan/Desktop/MEDAGENT-X/data/raw/chexpert_plus/dicom_train/patient00403/study1/view1_frontal.dcm,/home/jovyan/Desktop/MEDAGENT-X/outputs/chexpert_plus/raddino_features/patient00403__study1__view1_frontal.npz,microsoft/rad-dino,success,
370,patient00403/study3,patient00403/study3/view1_frontal.dcm,/home/jovyan/Desktop/MEDAGENT-X/data/raw/chexpert_plus/dicom_train/patient00403/study3/view1_frontal.dcm,/home/jovyan/Desktop/MEDAGENT-X/outputs/chexpert_plus/raddino_features/patient00403__study3__view1_frontal.npz,microsoft/rad-dino,success,
371,patient00403/study2,patient00403/study2/view1_frontal.dcm,/home/jovyan/Desktop/MEDAGENT-X/data/raw/chexpert_plus/dicom_train/patient00403/study2/view1_frontal.dcm,/home/jovyan/Desktop/MEDAGENT-X/outputs/chexpert_plus/raddino_features/patient00403__study2__view1_frontal.npz,microsoft/rad-dino,success,
372,patient00405/study1,patient00405/study1/view1_frontal.dcm,/home/jovyan/Desktop/MEDAGENT-X/data/raw/chexpert_plus/dicom_train/patient00405/study1/view1_frontal.dcm,/home/jovyan/Desktop/MEDAGENT-X/outputs/chexpert_plus/raddino_features/patient00405__study1__view1_frontal.npz,microsoft/rad-dino,success,
372,patient00405/study1,patient00405/study1/view2_frontal.dcm,/home/jovyan/Desktop/MEDAGENT-X/data/raw/chexpert_plus/dicom_train/patient00405/study1/view2_frontal.dcm,/home/jovyan/Desktop/MEDAGENT-X/outputs/chexpert_plus/raddino_features/patient00405__study1__view2_frontal.npz,microsoft/rad-dino,success,
373,patient00408/study1,patient00408/study1/view1_frontal.dcm,/home/jovyan/Desktop/MEDAGENT-X/data/raw/chexpert_plus/dicom_train/patient00408/study1/view1_frontal.dcm,/home/jovyan/Desktop/MEDAGENT-X/outputs/chexpert_plus/raddino_features/patient00408__study1__view1_frontal.npz,microsoft/rad-dino,success,
374,patient00408/study4,patient00408/study4/view1_frontal.dcm,/home/jovyan/Desktop/MEDAGENT-X/data/raw/chexpert_plus/dicom_train/patient00408/study4/view1_frontal.dcm,/home/jovyan/Desktop/MEDAGENT-X/outputs/chexpert_plus/raddino_features/patient00408__study4__view1_frontal.npz,microsoft/rad-dino,success,
375,patient00408/study5,patient00408/study5/view1_frontal.dcm,/home/jovyan/Desktop/MEDAGENT-X/data/raw/chexpert_plus/dicom_train/patient00408/study5/view1_frontal.dcm,/home/jovyan/Desktop/MEDAGENT-X/outputs/chexpert_plus/raddino_features/patient00408__study5__view1_frontal.npz,microsoft/rad-dino,success,
376,patient00408/study6,patient00408/study6/view1_frontal.dcm,/home/jovyan/Desktop/MEDAGENT-X/data/raw/chexpert_plus/dicom_train/patient00408/study6/view1_frontal.dcm,/home/jovyan/Desktop/MEDAGENT-X/outputs/chexpert_plus/raddino_features/patient00408__study6__view1_frontal.npz,microsoft/rad-dino,success,
377,patient00408/study2,patient00408/study2/view1_frontal.dcm,/home/jovyan/Desktop/MEDAGENT-X/data/raw/chexpert_plus/dicom_train/patient00408/study2/view1_frontal.dcm,/home/jovyan/Desktop/MEDAGENT-X/outputs/chexpert_plus/raddino_features/patient00408__study2__view1_frontal.npz,microsoft/rad-dino,success,
378,patient00408/study3,patient00408/study3/view1_frontal.dcm,/home/jovyan/Desktop/MEDAGENT-X/data/raw/chexpert_plus/dicom_train/patient00408/study3/view1_frontal.dcm,/home/jovyan/Desktop/MEDAGENT-X/outputs/chexpert_plus/raddino_features/patient00408__study3__view1_frontal.npz,microsoft/rad-dino,success,
379,patient00412/study6,patient00412/study6/view1_frontal.dcm,/home/jovyan/Desktop/MEDAGENT-X/data/raw/chexpert_plus/dicom_train/patient00412/study6/view1_frontal.dcm,/home/jovyan/Desktop/MEDAGENT-X/outputs/chexpert_plus/raddino_features/patient00412__study6__view1_frontal.npz,microsoft/rad-dino,success,
380,patient00412/study4,patient00412/study4/view1_frontal.dcm,/home/jovyan/Desktop/MEDAGENT-X/data/raw/chexpert_plus/dicom_train/patient00412/study4/view1_frontal.dcm,/home/jovyan/Desktop/MEDAGENT-X/outputs/chexpert_plus/raddino_features/patient00412__study4__view1_frontal.npz,microsoft/rad-dino,success,
381,patient00412/study2,patient00412/study2/view1_frontal.dcm,/home/jovyan/Desktop/MEDAGENT-X/data/raw/chexpert_plus/dicom_train/patient00412/study2/view1_frontal.dcm,/home/jovyan/Desktop/MEDAGENT-X/outputs/chexpert_plus/raddino_features/patient00412__study2__view1_frontal.npz,microsoft/rad-dino,success,
382,patient00412/study7,patient00412/study7/view1_frontal.dcm,/home/jovyan/Desktop/MEDAGENT-X/data/raw/chexpert_plus/dicom_train/patient00412/study7/view1_frontal.dcm,/home/jovyan/Desktop/MEDAGENT-X/outputs/chexpert_plus/raddino_features/patient00412__study7__view1_frontal.npz,microsoft/rad-dino,success,
383,patient00412/study1,patient00412/study1/view1_frontal.dcm,/home/jovyan/Desktop/MEDAGENT-X/data/raw/chexpert_plus/dicom_train/patient00412/study1/view1_frontal.dcm,/home/jovyan/Desktop/MEDAGENT-X/outputs/chexpert_plus/raddino_features/patient00412__study1__view1_frontal.npz,microsoft/rad-dino,success,
384,patient00412/study3,patient00412/study3/view1_frontal.dcm,/home/jovyan/Desktop/MEDAGENT-X/data/raw/chexpert_plus/dicom_train/patient00412/study3/view1_frontal.dcm,/home/jovyan/Desktop/MEDAGENT-X/outputs/chexpert_plus/raddino_features/patient00412__study3__view1_frontal.npz,microsoft/rad-dino,success,
385,patient00412/study8,patient00412/study8/view1_frontal.dcm,/home/jovyan/Desktop/MEDAGENT-X/data/raw/chexpert_plus/dicom_train/patient00412/study8/view1_frontal.dcm,/home/jovyan/Desktop/MEDAGENT-X/outputs/chexpert_plus/raddino_features/patient00412__study8__view1_frontal.npz,microsoft/rad-dino,success,
386,patient00412/study5,patient00412/study5/view1_frontal.dcm,/home/jovyan/Desktop/MEDAGENT-X/data/raw/chexpert_plus/dicom_train/patient00412/study5/view1_frontal.dcm,/home/jovyan/Desktop/MEDAGENT-X/outputs/chexpert_plus/raddino_features/patient00412__study5__view1_frontal.npz,microsoft/rad-dino,success,
387,patient00413/study1,patient00413/study1/view1_frontal.dcm,/home/jovyan/Desktop/MEDAGENT-X/data/raw/chexpert_plus/dicom_train/patient00413/study1/view1_frontal.dcm,/home/jovyan/Desktop/MEDAGENT-X/outputs/chexpert_plus/raddino_features/patient00413__study1__view1_frontal.npz,microsoft/rad-dino,success,
387,patient00413/study1,patient00413/study1/view2_lateral.dcm,/home/jovyan/Desktop/MEDAGENT-X/data/raw/chexpert_plus/dicom_train/patient00413/study1/view2_lateral.dcm,/home/jovyan/Desktop/MEDAGENT-X/outputs/chexpert_plus/raddino_features/patient00413__study1__view2_lateral.npz,microsoft/rad-dino,success,
388,patient00422/study1,patient00422/study1/view1_frontal.dcm,/home/jovyan/Desktop/MEDAGENT-X/data/raw/chexpert_plus/dicom_train/patient00422/study1/view1_frontal.dcm,/home/jovyan/Desktop/MEDAGENT-X/outputs/chexpert_plus/raddino_features/patient00422__study1__view1_frontal.npz,microsoft/rad-dino,success,
389,patient00422/study2,patient00422/study2/view1_frontal.dcm,/home/jovyan/Desktop/MEDAGENT-X/data/raw/chexpert_plus/dicom_train/patient00422/study2/view1_frontal.dcm,/home/jovyan/Desktop/MEDAGENT-X/outputs/chexpert_plus/raddino_features/patient00422__study2__view1_frontal.npz,microsoft/rad-dino,success,
390,patient00425/study1,patient00425/study1/view1_frontal.dcm,/home/jovyan/Desktop/MEDAGENT-X/data/raw/chexpert_plus/dicom_train/patient00425/study1/view1_frontal.dcm,/home/jovyan/Desktop/MEDAGENT-X/outputs/chexpert_plus/raddino_features/patient00425__study1__view1_frontal.npz,microsoft/rad-dino,success,
391,patient00427/study1,patient00427/study1/view1_frontal.dcm,/home/jovyan/Desktop/MEDAGENT-X/data/raw/chexpert_plus/dicom_train/patient00427/study1/view1_frontal.dcm,/home/jovyan/Desktop/MEDAGENT-X/outputs/chexpert_plus/raddino_features/patient00427__study1__view1_frontal.npz,microsoft/rad-dino,success,
391,patient00427/study1,patient00427/study1/view2_lateral.dcm,/home/jovyan/Desktop/MEDAGENT-X/data/raw/chexpert_plus/dicom_train/patient00427/study1/view2_lateral.dcm,/home/jovyan/Desktop/MEDAGENT-X/outputs/chexpert_plus/raddino_features/patient00427__study1__view2_lateral.npz,microsoft/rad-dino,success,
392,patient00429/study1,patient00429/study1/view3_lateral.dcm,/home/jovyan/Desktop/MEDAGENT-X/data/raw/chexpert_plus/dicom_train/patient00429/study1/view3_lateral.dcm,/home/jovyan/Desktop/MEDAGENT-X/outputs/chexpert_plus/raddino_features/patient00429__study1__view3_lateral.npz,microsoft/rad-dino,success,
392,patient00429/study1,patient00429/study1/view2_frontal.dcm,/home/jovyan/Desktop/MEDAGENT-X/data/raw/chexpert_plus/dicom_train/patient00429/study1/view2_frontal.dcm,/home/jovyan/Desktop/MEDAGENT-X/outputs/chexpert_plus/raddino_features/patient00429__study1__view2_frontal.npz,microsoft/rad-dino,success,
392,patient00429/study1,patient00429/study1/view1_frontal.dcm,/home/jovyan/Desktop/MEDAGENT-X/data/raw/chexpert_plus/dicom_train/patient00429/study1/view1_frontal.dcm,/home/jovyan/Desktop/MEDAGENT-X/outputs/chexpert_plus/raddino_features/patient00429__study1__view1_frontal.npz,microsoft/rad-dino,success,
393,patient00441/study4,patient00441/study4/view1_frontal.dcm,/home/jovyan/Desktop/MEDAGENT-X/data/raw/chexpert_plus/dicom_train/patient00441/study4/view1_frontal.dcm,/home/jovyan/Desktop/MEDAGENT-X/outputs/chexpert_plus/raddino_features/patient00441__study4__view1_frontal.npz,microsoft/rad-dino,success,
394,patient00441/study6,patient00441/study6/view1_frontal.dcm,/home/jovyan/Desktop/MEDAGENT-X/data/raw/chexpert_plus/dicom_train/patient00441/study6/view1_frontal.dcm,/home/jovyan/Desktop/MEDAGENT-X/outputs/chexpert_plus/raddino_features/patient00441__study6__view1_frontal.npz,microsoft/rad-dino,success,
395,patient00441/study3,patient00441/study3/view1_frontal.dcm,/home/jovyan/Desktop/MEDAGENT-X/data/raw/chexpert_plus/dicom_train/patient00441/study3/view1_frontal.dcm,/home/jovyan/Desktop/MEDAGENT-X/outputs/chexpert_plus/raddino_features/patient00441__study3__view1_frontal.npz,microsoft/rad-dino,success,
396,patient00441/study5,patient00441/study5/view1_frontal.dcm,/home/jovyan/Desktop/MEDAGENT-X/data/raw/chexpert_plus/dicom_train/patient00441/study5/view1_frontal.dcm,/home/jovyan/Desktop/MEDAGENT-X/outputs/chexpert_plus/raddino_features/patient00441__study5__view1_frontal.npz,microsoft/rad-dino,success,
397,patient00441/study2,patient00441/study2/view1_frontal.dcm,/home/jovyan/Desktop/MEDAGENT-X/data/raw/chexpert_plus/dicom_train/patient00441/study2/view1_frontal.dcm,/home/jovyan/Desktop/MEDAGENT-X/outputs/chexpert_plus/raddino_features/patient00441__study2__view1_frontal.npz,microsoft/rad-dino,success,
398,patient00441/study1,patient00441/study1/view1_frontal.dcm,/home/jovyan/Desktop/MEDAGENT-X/data/raw/chexpert_plus/dicom_train/patient00441/study1/view1_frontal.dcm,/home/jovyan/Desktop/MEDAGENT-X/outputs/chexpert_plus/raddino_features/patient00441__study1__view1_frontal.npz,microsoft/rad-dino,success,
399,patient00445/study1,patient00445/study1/view1_frontal.dcm,/home/jovyan/Desktop/MEDAGENT-X/data/raw/chexpert_plus/dicom_train/patient00445/study1/view1_frontal.dcm,/home/jovyan/Desktop/MEDAGENT-X/outputs/chexpert_plus/raddino_features/patient00445__study1__view1_frontal.npz,microsoft/rad-dino,success,
400,patient00448/study1,patient00448/study1/view1_frontal.dcm,/home/jovyan/Desktop/MEDAGENT-X/data/raw/chexpert_plus/dicom_train/patient00448/study1/view1_frontal.dcm,/home/jovyan/Desktop/MEDAGENT-X/outputs/chexpert_plus/raddino_features/patient00448__study1__view1_frontal.npz,microsoft/rad-dino,success,
400,patient00448/study1,patient00448/study1/view2_lateral.dcm,/home/jovyan/Desktop/MEDAGENT-X/data/raw/chexpert_plus/dicom_train/patient00448/study1/view2_lateral.dcm,/home/jovyan/Desktop/MEDAGENT-X/outputs/chexpert_plus/raddino_features/patient00448__study1__view2_lateral.npz,microsoft/rad-dino,success,
401,patient00450/study1,patient00450/study1/view1_frontal.dcm,/home/jovyan/Desktop/MEDAGENT-X/data/raw/chexpert_plus/dicom_train/patient00450/study1/view1_frontal.dcm,/home/jovyan/Desktop/MEDAGENT-X/outputs/chexpert_plus/raddino_features/patient00450__study1__view1_frontal.npz,microsoft/rad-dino,success,
401,patient00450/study1,patient00450/study1/view2_lateral.dcm,/home/jovyan/Desktop/MEDAGENT-X/data/raw/chexpert_plus/dicom_train/patient00450/study1/view2_lateral.dcm,/home/jovyan/Desktop/MEDAGENT-X/outputs/chexpert_plus/raddino_features/patient00450__study1__view2_lateral.npz,microsoft/rad-dino,success,
402,patient00452/study1,patient00452/study1/view1_frontal.dcm,/home/jovyan/Desktop/MEDAGENT-X/data/raw/chexpert_plus/dicom_train/patient00452/study1/view1_frontal.dcm,/home/jovyan/Desktop/MEDAGENT-X/outputs/chexpert_plus/raddino_features/patient00452__study1__view1_frontal.npz,microsoft/rad-dino,success,
403,patient00455/study1,patient00455/study1/view1_frontal.dcm,/home/jovyan/Desktop/MEDAGENT-X/data/raw/chexpert_plus/dicom_train/patient00455/study1/view1_frontal.dcm,/home/jovyan/Desktop/MEDAGENT-X/outputs/chexpert_plus/raddino_features/patient00455__study1__view1_frontal.npz,microsoft/rad-dino,success,
403,patient00455/study1,patient00455/study1/view2_lateral.dcm,/home/jovyan/Desktop/MEDAGENT-X/data/raw/chexpert_plus/dicom_train/patient00455/study1/view2_lateral.dcm,/home/jovyan/Desktop/MEDAGENT-X/outputs/chexpert_plus/raddino_features/patient00455__study1__view2_lateral.npz,microsoft/rad-dino,success,
404,patient00457/study4,patient00457/study4/view1_frontal.dcm,/home/jovyan/Desktop/MEDAGENT-X/data/raw/chexpert_plus/dicom_train/patient00457/study4/view1_frontal.dcm,/home/jovyan/Desktop/MEDAGENT-X/outputs/chexpert_plus/raddino_features/patient00457__study4__view1_frontal.npz,microsoft/rad-dino,success,
405,patient00457/study5,patient00457/study5/view1_frontal.dcm,/home/jovyan/Desktop/MEDAGENT-X/data/raw/chexpert_plus/dicom_train/patient00457/study5/view1_frontal.dcm,/home/jovyan/Desktop/MEDAGENT-X/outputs/chexpert_plus/raddino_features/patient00457__study5__view1_frontal.npz,microsoft/rad-dino,success,
406,patient00457/study3,patient00457/study3/view1_frontal.dcm,/home/jovyan/Desktop/MEDAGENT-X/data/raw/chexpert_plus/dicom_train/patient00457/study3/view1_frontal.dcm,/home/jovyan/Desktop/MEDAGENT-X/outputs/chexpert_plus/raddino_features/patient00457__study3__view1_frontal.npz,microsoft/rad-dino,success,
407,patient00457/study9,patient00457/study9/view1_frontal.dcm,/home/jovyan/Desktop/MEDAGENT-X/data/raw/chexpert_plus/dicom_train/patient00457/study9/view1_frontal.dcm,/home/jovyan/Desktop/MEDAGENT-X/outputs/chexpert_plus/raddino_features/patient00457__study9__view1_frontal.npz,microsoft/rad-dino,success,
408,patient00457/study2,patient00457/study2/view1_frontal.dcm,/home/jovyan/Desktop/MEDAGENT-X/data/raw/chexpert_plus/dicom_train/patient00457/study2/view1_frontal.dcm,/home/jovyan/Desktop/MEDAGENT-X/outputs/chexpert_plus/raddino_features/patient00457__study2__view1_frontal.npz,microsoft/rad-dino,success,
409,patient00457/study6,patient00457/study6/view1_frontal.dcm,/home/jovyan/Desktop/MEDAGENT-X/data/raw/chexpert_plus/dicom_train/patient00457/study6/view1_frontal.dcm,/home/jovyan/Desktop/MEDAGENT-X/outputs/chexpert_plus/raddino_features/patient00457__study6__view1_frontal.npz,microsoft/rad-dino,success,
410,patient00457/study8,patient00457/study8/view1_frontal.dcm,/home/jovyan/Desktop/MEDAGENT-X/data/raw/chexpert_plus/dicom_train/patient00457/study8/view1_frontal.dcm,/home/jovyan/Desktop/MEDAGENT-X/outputs/chexpert_plus/raddino_features/patient00457__study8__view1_frontal.npz,microsoft/rad-dino,success,
411,patient00457/study7,patient00457/study7/view1_frontal.dcm,/home/jovyan/Desktop/MEDAGENT-X/data/raw/chexpert_plus/dicom_train/patient00457/study7/view1_frontal.dcm,/home/jovyan/Desktop/MEDAGENT-X/outputs/chexpert_plus/raddino_features/patient00457__study7__view1_frontal.npz,microsoft/rad-dino,success,
412,patient00459/study1,patient00459/study1/view2_lateral.dcm,/home/jovyan/Desktop/MEDAGENT-X/data/raw/chexpert_plus/dicom_train/patient00459/study1/view2_lateral.dcm,/home/jovyan/Desktop/MEDAGENT-X/outputs/chexpert_plus/raddino_features/patient00459__study1__view2_lateral.npz,microsoft/rad-dino,success,
412,patient00459/study1,patient00459/study1/view1_frontal.dcm,/home/jovyan/Desktop/MEDAGENT-X/data/raw/chexpert_plus/dicom_train/patient00459/study1/view1_frontal.dcm,/home/jovyan/Desktop/MEDAGENT-X/outputs/chexpert_plus/raddino_features/patient00459__study1__view1_frontal.npz,microsoft/rad-dino,success,
413,patient00462/study1,patient00462/study1/view1_frontal.dcm,/home/jovyan/Desktop/MEDAGENT-X/data/raw/chexpert_plus/dicom_train/patient00462/study1/view1_frontal.dcm,/home/jovyan/Desktop/MEDAGENT-X/outputs/chexpert_plus/raddino_features/patient00462__study1__view1_frontal.npz,microsoft/rad-dino,success,
414,patient00464/study1,patient00464/study1/view1_frontal.dcm,/home/jovyan/Desktop/MEDAGENT-X/data/raw/chexpert_plus/dicom_train/patient00464/study1/view1_frontal.dcm,/home/jovyan/Desktop/MEDAGENT-X/outputs/chexpert_plus/raddino_features/patient00464__study1__view1_frontal.npz,microsoft/rad-dino,success,
415,patient00472/study1,patient00472/study1/view1_frontal.dcm,/home/jovyan/Desktop/MEDAGENT-X/data/raw/chexpert_plus/dicom_train/patient00472/study1/view1_frontal.dcm,/home/jovyan/Desktop/MEDAGENT-X/outputs/chexpert_plus/raddino_features/patient00472__study1__view1_frontal.npz,microsoft/rad-dino,success,
416,patient00472/study2,patient00472/study2/view2_lateral.dcm,/home/jovyan/Desktop/MEDAGENT-X/data/raw/chexpert_plus/dicom_train/patient00472/study2/view2_lateral.dcm,/home/jovyan/Desktop/MEDAGENT-X/outputs/chexpert_plus/raddino_features/patient00472__study2__view2_lateral.npz,microsoft/rad-dino,success,
416,patient00472/study2,patient00472/study2/view1_frontal.dcm,/home/jovyan/Desktop/MEDAGENT-X/data/raw/chexpert_plus/dicom_train/patient00472/study2/view1_frontal.dcm,/home/jovyan/Desktop/MEDAGENT-X/outputs/chexpert_plus/raddino_features/patient00472__study2__view1_frontal.npz,microsoft/rad-dino,success,
417,patient00475/study1,patient00475/study1/view1_frontal.dcm,/home/jovyan/Desktop/MEDAGENT-X/data/raw/chexpert_plus/dicom_train/patient00475/study1/view1_frontal.dcm,/home/jovyan/Desktop/MEDAGENT-X/outputs/chexpert_plus/raddino_features/patient00475__study1__view1_frontal.npz,microsoft/rad-dino,success,
418,patient00475/study2,patient00475/study2/view1_frontal.dcm,/home/jovyan/Desktop/MEDAGENT-X/data/raw/chexpert_plus/dicom_train/patient00475/study2/view1_frontal.dcm,/home/jovyan/Desktop/MEDAGENT-X/outputs/chexpert_plus/raddino_features/patient00475__study2__view1_frontal.npz,microsoft/rad-dino,success,
419,patient00476/study1,patient00476/study1/view1_frontal.dcm,/home/jovyan/Desktop/MEDAGENT-X/data/raw/chexpert_plus/dicom_train/patient00476/study1/view1_frontal.dcm,/home/jovyan/Desktop/MEDAGENT-X/outputs/chexpert_plus/raddino_features/patient00476__study1__view1_frontal.npz,microsoft/rad-dino,success,
419,patient00476/study1,patient00476/study1/view2_lateral.dcm,/home/jovyan/Desktop/MEDAGENT-X/data/raw/chexpert_plus/dicom_train/patient00476/study1/view2_lateral.dcm,/home/jovyan/Desktop/MEDAGENT-X/outputs/chexpert_plus/raddino_features/patient00476__study1__view2_lateral.npz,microsoft/rad-dino,success,
420,patient00479/study1,patient00479/study1/view1_frontal.dcm,/home/jovyan/Desktop/MEDAGENT-X/data/raw/chexpert_plus/dicom_train/patient00479/study1/view1_frontal.dcm,/home/jovyan/Desktop/MEDAGENT-X/outputs/chexpert_plus/raddino_features/patient00479__study1__view1_frontal.npz,microsoft/rad-dino,success,
420,patient00479/study1,patient00479/study1/view2_lateral.dcm,/home/jovyan/Desktop/MEDAGENT-X/data/raw/chexpert_plus/dicom_train/patient00479/study1/view2_lateral.dcm,/home/jovyan/Desktop/MEDAGENT-X/outputs/chexpert_plus/raddino_features/patient00479__study1__view2_lateral.npz,microsoft/rad-dino,success,
421,patient00485/study2,patient00485/study2/view1_frontal.dcm,/home/jovyan/Desktop/MEDAGENT-X/data/raw/chexpert_plus/dicom_train/patient00485/study2/view1_frontal.dcm,/home/jovyan/Desktop/MEDAGENT-X/outputs/chexpert_plus/raddino_features/patient00485__study2__view1_frontal.npz,microsoft/rad-dino,success,
422,patient00485/study1,patient00485/study1/view1_frontal.dcm,/home/jovyan/Desktop/MEDAGENT-X/data/raw/chexpert_plus/dicom_train/patient00485/study1/view1_frontal.dcm,/home/jovyan/Desktop/MEDAGENT-X/outputs/chexpert_plus/raddino_features/patient00485__study1__view1_frontal.npz,microsoft/rad-dino,success,
423,patient00491/study1,patient00491/study1/view1_frontal.dcm,/home/jovyan/Desktop/MEDAGENT-X/data/raw/chexpert_plus/dicom_train/patient00491/study1/view1_frontal.dcm,/home/jovyan/Desktop/MEDAGENT-X/outputs/chexpert_plus/raddino_features/patient00491__study1__view1_frontal.npz,microsoft/rad-dino,success,
424,patient00491/study4,patient00491/study4/view1_frontal.dcm,/home/jovyan/Desktop/MEDAGENT-X/data/raw/chexpert_plus/dicom_train/patient00491/study4/view1_frontal.dcm,/home/jovyan/Desktop/MEDAGENT-X/outputs/chexpert_plus/raddino_features/patient00491__study4__view1_frontal.npz,microsoft/rad-dino,success,
425,patient00491/study3,patient00491/study3/view1_frontal.dcm,/home/jovyan/Desktop/MEDAGENT-X/data/raw/chexpert_plus/dicom_train/patient00491/study3/view1_frontal.dcm,/home/jovyan/Desktop/MEDAGENT-X/outputs/chexpert_plus/raddino_features/patient00491__study3__view1_frontal.npz,microsoft/rad-dino,success,
426,patient00491/study2,patient00491/study2/view1_frontal.dcm,/home/jovyan/Desktop/MEDAGENT-X/data/raw/chexpert_plus/dicom_train/patient00491/study2/view1_frontal.dcm,/home/jovyan/Desktop/MEDAGENT-X/outputs/chexpert_plus/raddino_features/patient00491__study2__view1_frontal.npz,microsoft/rad-dino,success,
427,patient00493/study1,patient00493/study1/view2_lateral.dcm,/home/jovyan/Desktop/MEDAGENT-X/data/raw/chexpert_plus/dicom_train/patient00493/study1/view2_lateral.dcm,/home/jovyan/Desktop/MEDAGENT-X/outputs/chexpert_plus/raddino_features/patient00493__study1__view2_lateral.npz,microsoft/rad-dino,success,
427,patient00493/study1,patient00493/study1/view1_frontal.dcm,/home/jovyan/Desktop/MEDAGENT-X/data/raw/chexpert_plus/dicom_train/patient00493/study1/view1_frontal.dcm,/home/jovyan/Desktop/MEDAGENT-X/outputs/chexpert_plus/raddino_features/patient00493__study1__view1_frontal.npz,microsoft/rad-dino,success,
428,patient00496/study1,patient00496/study1/view1_frontal.dcm,/home/jovyan/Desktop/MEDAGENT-X/data/raw/chexpert_plus/dicom_train/patient00496/study1/view1_frontal.dcm,/home/jovyan/Desktop/MEDAGENT-X/outputs/chexpert_plus/raddino_features/patient00496__study1__view1_frontal.npz,microsoft/rad-dino,success,
429,patient00496/study2,patient00496/study2/view1_frontal.dcm,/home/jovyan/Desktop/MEDAGENT-X/data/raw/chexpert_plus/dicom_train/patient00496/study2/view1_frontal.dcm,/home/jovyan/Desktop/MEDAGENT-X/outputs/chexpert_plus/raddino_features/patient00496__study2__view1_frontal.npz,microsoft/rad-dino,success,
430,patient00496/study4,patient00496/study4/view1_frontal.dcm,/home/jovyan/Desktop/MEDAGENT-X/data/raw/chexpert_plus/dicom_train/patient00496/study4/view1_frontal.dcm,/home/jovyan/Desktop/MEDAGENT-X/outputs/chexpert_plus/raddino_features/patient00496__study4__view1_frontal.npz,microsoft/rad-dino,success,
431,patient00496/study6,patient00496/study6/view1_frontal.dcm,/home/jovyan/Desktop/MEDAGENT-X/data/raw/chexpert_plus/dicom_train/patient00496/study6/view1_frontal.dcm,/home/jovyan/Desktop/MEDAGENT-X/outputs/chexpert_plus/raddino_features/patient00496__study6__view1_frontal.npz,microsoft/rad-dino,success,
432,patient00496/study3,patient00496/study3/view1_frontal.dcm,/home/jovyan/Desktop/MEDAGENT-X/data/raw/chexpert_plus/dicom_train/patient00496/study3/view1_frontal.dcm,/home/jovyan/Desktop/MEDAGENT-X/outputs/chexpert_plus/raddino_features/patient00496__study3__view1_frontal.npz,microsoft/rad-dino,success,
433,patient00496/study7,patient00496/study7/view1_frontal.dcm,/home/jovyan/Desktop/MEDAGENT-X/data/raw/chexpert_plus/dicom_train/patient00496/study7/view1_frontal.dcm,/home/jovyan/Desktop/MEDAGENT-X/outputs/chexpert_plus/raddino_features/patient00496__study7__view1_frontal.npz,microsoft/rad-dino,success,
434,patient00496/study5,patient00496/study5/view1_frontal.dcm,/home/jovyan/Desktop/MEDAGENT-X/data/raw/chexpert_plus/dicom_train/patient00496/study5/view1_frontal.dcm,/home/jovyan/Desktop/MEDAGENT-X/outputs/chexpert_plus/raddino_features/patient00496__study5__view1_frontal.npz,microsoft/rad-dino,success,
435,patient00500/study1,patient00500/study1/view1_frontal.dcm,/home/jovyan/Desktop/MEDAGENT-X/data/raw/chexpert_plus/dicom_train/patient00500/study1/view1_frontal.dcm,/home/jovyan/Desktop/MEDAGENT-X/outputs/chexpert_plus/raddino_features/patient00500__study1__view1_frontal.npz,microsoft/rad-dino,success,
436,patient00500/study2,patient00500/study2/view1_frontal.dcm,/home/jovyan/Desktop/MEDAGENT-X/data/raw/chexpert_plus/dicom_train/patient00500/study2/view1_frontal.dcm,/home/jovyan/Desktop/MEDAGENT-X/outputs/chexpert_plus/raddino_features/patient00500__study2__view1_frontal.npz,microsoft/rad-dino,success,
436,patient00500/study2,patient00500/study2/view2_lateral.dcm,/home/jovyan/Desktop/MEDAGENT-X/data/raw/chexpert_plus/dicom_train/patient00500/study2/view2_lateral.dcm,/home/jovyan/Desktop/MEDAGENT-X/outputs/chexpert_plus/raddino_features/patient00500__study2__view2_lateral.npz,microsoft/rad-dino,success,
437,patient00503/study1,patient00503/study1/view1_frontal.dcm,/home/jovyan/Desktop/MEDAGENT-X/data/raw/chexpert_plus/dicom_train/patient00503/study1/view1_frontal.dcm,/home/jovyan/Desktop/MEDAGENT-X/outputs/chexpert_plus/raddino_features/patient00503__study1__view1_frontal.npz,microsoft/rad-dino,success,
438,patient00506/study1,patient00506/study1/view1_frontal.dcm,/home/jovyan/Desktop/MEDAGENT-X/data/raw/chexpert_plus/dicom_train/patient00506/study1/view1_frontal.dcm,/home/jovyan/Desktop/MEDAGENT-X/outputs/chexpert_plus/raddino_features/patient00506__study1__view1_frontal.npz,microsoft/rad-dino,success,
439,patient00507/study1,patient00507/study1/view1_frontal.dcm,/home/jovyan/Desktop/MEDAGENT-X/data/raw/chexpert_plus/dicom_train/patient00507/study1/view1_frontal.dcm,/home/jovyan/Desktop/MEDAGENT-X/outputs/chexpert_plus/raddino_features/patient00507__study1__view1_frontal.npz,microsoft/rad-dino,success,
440,patient00508/study4,patient00508/study4/view1_frontal.dcm,/home/jovyan/Desktop/MEDAGENT-X/data/raw/chexpert_plus/dicom_train/patient00508/study4/view1_frontal.dcm,/home/jovyan/Desktop/MEDAGENT-X/outputs/chexpert_plus/raddino_features/patient00508__study4__view1_frontal.npz,microsoft/rad-dino,success,
441,patient00508/study1,patient00508/study1/view1_frontal.dcm,/home/jovyan/Desktop/MEDAGENT-X/data/raw/chexpert_plus/dicom_train/patient00508/study1/view1_frontal.dcm,/home/jovyan/Desktop/MEDAGENT-X/outputs/chexpert_plus/raddino_features/patient00508__study1__view1_frontal.npz,microsoft/rad-dino,success,
442,patient00508/study2,patient00508/study2/view1_frontal.dcm,/home/jovyan/Desktop/MEDAGENT-X/data/raw/chexpert_plus/dicom_train/patient00508/study2/view1_frontal.dcm,/home/jovyan/Desktop/MEDAGENT-X/outputs/chexpert_plus/raddino_features/patient00508__study2__view1_frontal.npz,microsoft/rad-dino,success,
443,patient00508/study3,patient00508/study3/view1_frontal.dcm,/home/jovyan/Desktop/MEDAGENT-X/data/raw/chexpert_plus/dicom_train/patient00508/study3/view1_frontal.dcm,/home/jovyan/Desktop/MEDAGENT-X/outputs/chexpert_plus/raddino_features/patient00508__study3__view1_frontal.npz,microsoft/rad-dino,success,
444,patient00511/study1,patient00511/study1/view1_frontal.dcm,/home/jovyan/Desktop/MEDAGENT-X/data/raw/chexpert_plus/dicom_train/patient00511/study1/view1_frontal.dcm,/home/jovyan/Desktop/MEDAGENT-X/outputs/chexpert_plus/raddino_features/patient00511__study1__view1_frontal.npz,microsoft/rad-dino,success,
445,patient00515/study3,patient00515/study3/view1_frontal.dcm,/home/jovyan/Desktop/MEDAGENT-X/data/raw/chexpert_plus/dicom_train/patient00515/study3/view1_frontal.dcm,/home/jovyan/Desktop/MEDAGENT-X/outputs/chexpert_plus/raddino_features/patient00515__study3__view1_frontal.npz,microsoft/rad-dino,success,
446,patient00515/study9,patient00515/study9/view2_lateral.dcm,/home/jovyan/Desktop/MEDAGENT-X/data/raw/chexpert_plus/dicom_train/patient00515/study9/view2_lateral.dcm,/home/jovyan/Desktop/MEDAGENT-X/outputs/chexpert_plus/raddino_features/patient00515__study9__view2_lateral.npz,microsoft/rad-dino,success,
446,patient00515/study9,patient00515/study9/view1_frontal.dcm,/home/jovyan/Desktop/MEDAGENT-X/data/raw/chexpert_plus/dicom_train/patient00515/study9/view1_frontal.dcm,/home/jovyan/Desktop/MEDAGENT-X/outputs/chexpert_plus/raddino_features/patient00515__study9__view1_frontal.npz,microsoft/rad-dino,success,
447,patient00515/study6,patient00515/study6/view1_frontal.dcm,/home/jovyan/Desktop/MEDAGENT-X/data/raw/chexpert_plus/dicom_train/patient00515/study6/view1_frontal.dcm,/home/jovyan/Desktop/MEDAGENT-X/outputs/chexpert_plus/raddino_features/patient00515__study6__view1_frontal.npz,microsoft/rad-dino,success,
448,patient00515/study1,patient00515/study1/view1_frontal.dcm,/home/jovyan/Desktop/MEDAGENT-X/data/raw/chexpert_plus/dicom_train/patient00515/study1/view1_frontal.dcm,/home/jovyan/Desktop/MEDAGENT-X/outputs/chexpert_plus/raddino_features/patient00515__study1__view1_frontal.npz,microsoft/rad-dino,success,
449,patient00515/study2,patient00515/study2/view1_frontal.dcm,/home/jovyan/Desktop/MEDAGENT-X/data/raw/chexpert_plus/dicom_train/patient00515/study2/view1_frontal.dcm,/home/jovyan/Desktop/MEDAGENT-X/outputs/chexpert_plus/raddino_features/patient00515__study2__view1_frontal.npz,microsoft/rad-dino,success,
450,patient00515/study7,patient00515/study7/view1_frontal.dcm,/home/jovyan/Desktop/MEDAGENT-X/data/raw/chexpert_plus/dicom_train/patient00515/study7/view1_frontal.dcm,/home/jovyan/Desktop/MEDAGENT-X/outputs/chexpert_plus/raddino_features/patient00515__study7__view1_frontal.npz,microsoft/rad-dino,success,
451,patient00515/study11,patient00515/study11/view1_frontal.dcm,/home/jovyan/Desktop/MEDAGENT-X/data/raw/chexpert_plus/dicom_train/patient00515/study11/view1_frontal.dcm,/home/jovyan/Desktop/MEDAGENT-X/outputs/chexpert_plus/raddino_features/patient00515__study11__view1_frontal.npz,microsoft/rad-dino,success,
452,patient00515/study8,patient00515/study8/view1_frontal.dcm,/home/jovyan/Desktop/MEDAGENT-X/data/raw/chexpert_plus/dicom_train/patient00515/study8/view1_frontal.dcm,/home/jovyan/Desktop/MEDAGENT-X/outputs/chexpert_plus/raddino_features/patient00515__study8__view1_frontal.npz,microsoft/rad-dino,success,
453,patient00515/study5,patient00515/study5/view1_frontal.dcm,/home/jovyan/Desktop/MEDAGENT-X/data/raw/chexpert_plus/dicom_train/patient00515/study5/view1_frontal.dcm,/home/jovyan/Desktop/MEDAGENT-X/outputs/chexpert_plus/raddino_features/patient00515__study5__view1_frontal.npz,microsoft/rad-dino,success,
454,patient00515/study4,patient00515/study4/view1_frontal.dcm,/home/jovyan/Desktop/MEDAGENT-X/data/raw/chexpert_plus/dicom_train/patient00515/study4/view1_frontal.dcm,/home/jovyan/Desktop/MEDAGENT-X/outputs/chexpert_plus/raddino_features/patient00515__study4__view1_frontal.npz,microsoft/rad-dino,success,
455,patient00515/study13,patient00515/study13/view1_frontal.dcm,/home/jovyan/Desktop/MEDAGENT-X/data/raw/chexpert_plus/dicom_train/patient00515/study13/view1_frontal.dcm,/home/jovyan/Desktop/MEDAGENT-X/outputs/chexpert_plus/raddino_features/patient00515__study13__view1_frontal.npz,microsoft/rad-dino,success,
456,patient00515/study10,patient00515/study10/view1_frontal.dcm,/home/jovyan/Desktop/MEDAGENT-X/data/raw/chexpert_plus/dicom_train/patient00515/study10/view1_frontal.dcm,/home/jovyan/Desktop/MEDAGENT-X/outputs/chexpert_plus/raddino_features/patient00515__study10__view1_frontal.npz,microsoft/rad-dino,success,
457,patient00515/study12,patient00515/study12/view1_frontal.dcm,/home/jovyan/Desktop/MEDAGENT-X/data/raw/chexpert_plus/dicom_train/patient00515/study12/view1_frontal.dcm,/home/jovyan/Desktop/MEDAGENT-X/outputs/chexpert_plus/raddino_features/patient00515__study12__view1_frontal.npz,microsoft/rad-dino,success,
458,patient00521/study2,patient00521/study2/view1_frontal.dcm,/home/jovyan/Desktop/MEDAGENT-X/data/raw/chexpert_plus/dicom_train/patient00521/study2/view1_frontal.dcm,/home/jovyan/Desktop/MEDAGENT-X/outputs/chexpert_plus/raddino_features/patient00521__study2__view1_frontal.npz,microsoft/rad-dino,success,
459,patient00521/study1,patient00521/study1/view1_frontal.dcm,/home/jovyan/Desktop/MEDAGENT-X/data/raw/chexpert_plus/dicom_train/patient00521/study1/view1_frontal.dcm,/home/jovyan/Desktop/MEDAGENT-X/outputs/chexpert_plus/raddino_features/patient00521__study1__view1_frontal.npz,microsoft/rad-dino,success,
460,patient00521/study3,patient00521/study3/view1_frontal.dcm,/home/jovyan/Desktop/MEDAGENT-X/data/raw/chexpert_plus/dicom_train/patient00521/study3/view1_frontal.dcm,/home/jovyan/Desktop/MEDAGENT-X/outputs/chexpert_plus/raddino_features/patient00521__study3__view1_frontal.npz,microsoft/rad-dino,success,
461,patient00521/study4,patient00521/study4/view1_frontal.dcm,/home/jovyan/Desktop/MEDAGENT-X/data/raw/chexpert_plus/dicom_train/patient00521/study4/view1_frontal.dcm,/home/jovyan/Desktop/MEDAGENT-X/outputs/chexpert_plus/raddino_features/patient00521__study4__view1_frontal.npz,microsoft/rad-dino,success,
462,patient00525/study1,patient00525/study1/view1_frontal.dcm,/home/jovyan/Desktop/MEDAGENT-X/data/raw/chexpert_plus/dicom_train/patient00525/study1/view1_frontal.dcm,/home/jovyan/Desktop/MEDAGENT-X/outputs/chexpert_plus/raddino_features/patient00525__study1__view1_frontal.npz,microsoft/rad-dino,success,
463,patient00525/study2,patient00525/study2/view1_frontal.dcm,/home/jovyan/Desktop/MEDAGENT-X/data/raw/chexpert_plus/dicom_train/patient00525/study2/view1_frontal.dcm,/home/jovyan/Desktop/MEDAGENT-X/outputs/chexpert_plus/raddino_features/patient00525__study2__view1_frontal.npz,microsoft/rad-dino,success,
464,patient00529/study1,patient00529/study1/view1_frontal.dcm,/home/jovyan/Desktop/MEDAGENT-X/data/raw/chexpert_plus/dicom_train/patient00529/study1/view1_frontal.dcm,/home/jovyan/Desktop/MEDAGENT-X/outputs/chexpert_plus/raddino_features/patient00529__study1__view1_frontal.npz,microsoft/rad-dino,success,
465,patient00529/study2,patient00529/study2/view1_frontal.dcm,/home/jovyan/Desktop/MEDAGENT-X/data/raw/chexpert_plus/dicom_train/patient00529/study2/view1_frontal.dcm,/home/jovyan/Desktop/MEDAGENT-X/outputs/chexpert_plus/raddino_features/patient00529__study2__view1_frontal.npz,microsoft/rad-dino,success,
466,patient00530/study1,patient00530/study1/view1_frontal.dcm,/home/jovyan/Desktop/MEDAGENT-X/data/raw/chexpert_plus/dicom_train/patient00530/study1/view1_frontal.dcm,/home/jovyan/Desktop/MEDAGENT-X/outputs/chexpert_plus/raddino_features/patient00530__study1__view1_frontal.npz,microsoft/rad-dino,success,
467,patient00533/study2,patient00533/study2/view1_frontal.dcm,/home/jovyan/Desktop/MEDAGENT-X/data/raw/chexpert_plus/dicom_train/patient00533/study2/view1_frontal.dcm,/home/jovyan/Desktop/MEDAGENT-X/outputs/chexpert_plus/raddino_features/patient00533__study2__view1_frontal.npz,microsoft/rad-dino,success,
468,patient00533/study1,patient00533/study1/view1_frontal.dcm,/home/jovyan/Desktop/MEDAGENT-X/data/raw/chexpert_plus/dicom_train/patient00533/study1/view1_frontal.dcm,/home/jovyan/Desktop/MEDAGENT-X/outputs/chexpert_plus/raddino_features/patient00533__study1__view1_frontal.npz,microsoft/rad-dino,success,
469,patient00533/study4,patient00533/study4/view1_frontal.dcm,/home/jovyan/Desktop/MEDAGENT-X/data/raw/chexpert_plus/dicom_train/patient00533/study4/view1_frontal.dcm,/home/jovyan/Desktop/MEDAGENT-X/outputs/chexpert_plus/raddino_features/patient00533__study4__view1_frontal.npz,microsoft/rad-dino,success,
470,patient00533/study3,patient00533/study3/view1_frontal.dcm,/home/jovyan/Desktop/MEDAGENT-X/data/raw/chexpert_plus/dicom_train/patient00533/study3/view1_frontal.dcm,/home/jovyan/Desktop/MEDAGENT-X/outputs/chexpert_plus/raddino_features/patient00533__study3__view1_frontal.npz,microsoft/rad-dino,success,
471,patient00535/study1,patient00535/study1/view2_lateral.dcm,/home/jovyan/Desktop/MEDAGENT-X/data/raw/chexpert_plus/dicom_train/patient00535/study1/view2_lateral.dcm,/home/jovyan/Desktop/MEDAGENT-X/outputs/chexpert_plus/raddino_features/patient00535__study1__view2_lateral.npz,microsoft/rad-dino,success,
471,patient00535/study1,patient00535/study1/view1_frontal.dcm,/home/jovyan/Desktop/MEDAGENT-X/data/raw/chexpert_plus/dicom_train/patient00535/study1/view1_frontal.dcm,/home/jovyan/Desktop/MEDAGENT-X/outputs/chexpert_plus/raddino_features/patient00535__study1__view1_frontal.npz,microsoft/rad-dino,success,
472,patient00535/study2,patient00535/study2/view2_lateral.dcm,/home/jovyan/Desktop/MEDAGENT-X/data/raw/chexpert_plus/dicom_train/patient00535/study2/view2_lateral.dcm,/home/jovyan/Desktop/MEDAGENT-X/outputs/chexpert_plus/raddino_features/patient00535__study2__view2_lateral.npz,microsoft/rad-dino,success,
472,patient00535/study2,patient00535/study2/view1_frontal.dcm,/home/jovyan/Desktop/MEDAGENT-X/data/raw/chexpert_plus/dicom_train/patient00535/study2/view1_frontal.dcm,/home/jovyan/Desktop/MEDAGENT-X/outputs/chexpert_plus/raddino_features/patient00535__study2__view1_frontal.npz,microsoft/rad-dino,success,
473,patient00539/study1,patient00539/study1/view1_frontal.dcm,/home/jovyan/Desktop/MEDAGENT-X/data/raw/chexpert_plus/dicom_train/patient00539/study1/view1_frontal.dcm,/home/jovyan/Desktop/MEDAGENT-X/outputs/chexpert_plus/raddino_features/patient00539__study1__view1_frontal.npz,microsoft/rad-dino,success,
474,patient00542/study3,patient00542/study3/view2_lateral.dcm,/home/jovyan/Desktop/MEDAGENT-X/data/raw/chexpert_plus/dicom_train/patient00542/study3/view2_lateral.dcm,/home/jovyan/Desktop/MEDAGENT-X/outputs/chexpert_plus/raddino_features/patient00542__study3__view2_lateral.npz,microsoft/rad-dino,success,
474,patient00542/study3,patient00542/study3/view1_frontal.dcm,/home/jovyan/Desktop/MEDAGENT-X/data/raw/chexpert_plus/dicom_train/patient00542/study3/view1_frontal.dcm,/home/jovyan/Desktop/MEDAGENT-X/outputs/chexpert_plus/raddino_features/patient00542__study3__view1_frontal.npz,microsoft/rad-dino,success,
475,patient00542/study1,patient00542/study1/view1_frontal.dcm,/home/jovyan/Desktop/MEDAGENT-X/data/raw/chexpert_plus/dicom_train/patient00542/study1/view1_frontal.dcm,/home/jovyan/Desktop/MEDAGENT-X/outputs/chexpert_plus/raddino_features/patient00542__study1__view1_frontal.npz,microsoft/rad-dino,success,
476,patient00542/study5,patient00542/study5/view1_frontal.dcm,/home/jovyan/Desktop/MEDAGENT-X/data/raw/chexpert_plus/dicom_train/patient00542/study5/view1_frontal.dcm,/home/jovyan/Desktop/MEDAGENT-X/outputs/chexpert_plus/raddino_features/patient00542__study5__view1_frontal.npz,microsoft/rad-dino,success,
477,patient00542/study2,patient00542/study2/view1_frontal.dcm,/home/jovyan/Desktop/MEDAGENT-X/data/raw/chexpert_plus/dicom_train/patient00542/study2/view1_frontal.dcm,/home/jovyan/Desktop/MEDAGENT-X/outputs/chexpert_plus/raddino_features/patient00542__study2__view1_frontal.npz,microsoft/rad-dino,success,
478,patient00542/study4,patient00542/study4/view1_frontal.dcm,/home/jovyan/Desktop/MEDAGENT-X/data/raw/chexpert_plus/dicom_train/patient00542/study4/view1_frontal.dcm,/home/jovyan/Desktop/MEDAGENT-X/outputs/chexpert_plus/raddino_features/patient00542__study4__view1_frontal.npz,microsoft/rad-dino,success,
479,patient00545/study2,patient00545/study2/view1_frontal.dcm,/home/jovyan/Desktop/MEDAGENT-X/data/raw/chexpert_plus/dicom_train/patient00545/study2/view1_frontal.dcm,/home/jovyan/Desktop/MEDAGENT-X/outputs/chexpert_plus/raddino_features/patient00545__study2__view1_frontal.npz,microsoft/rad-dino,success,
479,patient00545/study2,patient00545/study2/view2_lateral.dcm,/home/jovyan/Desktop/MEDAGENT-X/data/raw/chexpert_plus/dicom_train/patient00545/study2/view2_lateral.dcm,/home/jovyan/Desktop/MEDAGENT-X/outputs/chexpert_plus/raddino_features/patient00545__study2__view2_lateral.npz,microsoft/rad-dino,success,
480,patient00545/study1,patient00545/study1/view1_frontal.dcm,/home/jovyan/Desktop/MEDAGENT-X/data/raw/chexpert_plus/dicom_train/patient00545/study1/view1_frontal.dcm,/home/jovyan/Desktop/MEDAGENT-X/outputs/chexpert_plus/raddino_features/patient00545__study1__view1_frontal.npz,microsoft/rad-dino,success,
481,patient00546/study3,patient00546/study3/view1_frontal.dcm,/home/jovyan/Desktop/MEDAGENT-X/data/raw/chexpert_plus/dicom_train/patient00546/study3/view1_frontal.dcm,/home/jovyan/Desktop/MEDAGENT-X/outputs/chexpert_plus/raddino_features/patient00546__study3__view1_frontal.npz,microsoft/rad-dino,success,
482,patient00546/study4,patient00546/study4/view1_frontal.dcm,/home/jovyan/Desktop/MEDAGENT-X/data/raw/chexpert_plus/dicom_train/patient00546/study4/view1_frontal.dcm,/home/jovyan/Desktop/MEDAGENT-X/outputs/chexpert_plus/raddino_features/patient00546__study4__view1_frontal.npz,microsoft/rad-dino,success,
483,patient00546/study1,patient00546/study1/view1_frontal.dcm,/home/jovyan/Desktop/MEDAGENT-X/data/raw/chexpert_plus/dicom_train/patient00546/study1/view1_frontal.dcm,/home/jovyan/Desktop/MEDAGENT-X/outputs/chexpert_plus/raddino_features/patient00546__study1__view1_frontal.npz,microsoft/rad-dino,success,
484,patient00546/study2,patient00546/study2/view1_frontal.dcm,/home/jovyan/Desktop/MEDAGENT-X/data/raw/chexpert_plus/dicom_train/patient00546/study2/view1_frontal.dcm,/home/jovyan/Desktop/MEDAGENT-X/outputs/chexpert_plus/raddino_features/patient00546__study2__view1_frontal.npz,microsoft/rad-dino,success,
485,patient00554/study1,patient00554/study1/view1_frontal.dcm,/home/jovyan/Desktop/MEDAGENT-X/data/raw/chexpert_plus/dicom_train/patient00554/study1/view1_frontal.dcm,/home/jovyan/Desktop/MEDAGENT-X/outputs/chexpert_plus/raddino_features/patient00554__study1__view1_frontal.npz,microsoft/rad-dino,success,
486,patient00564/study1,patient00564/study1/view1_frontal.dcm,/home/jovyan/Desktop/MEDAGENT-X/data/raw/chexpert_plus/dicom_train/patient00564/study1/view1_frontal.dcm,/home/jovyan/Desktop/MEDAGENT-X/outputs/chexpert_plus/raddino_features/patient00564__study1__view1_frontal.npz,microsoft/rad-dino,success,
487,patient00571/study1,patient00571/study1/view1_frontal.dcm,/home/jovyan/Desktop/MEDAGENT-X/data/raw/chexpert_plus/dicom_train/patient00571/study1/view1_frontal.dcm,/home/jovyan/Desktop/MEDAGENT-X/outputs/chexpert_plus/raddino_features/patient00571__study1__view1_frontal.npz,microsoft/rad-dino,success,
488,patient00575/study2,patient00575/study2/view1_frontal.dcm,/home/jovyan/Desktop/MEDAGENT-X/data/raw/chexpert_plus/dicom_train/patient00575/study2/view1_frontal.dcm,/home/jovyan/Desktop/MEDAGENT-X/outputs/chexpert_plus/raddino_features/patient00575__study2__view1_frontal.npz,microsoft/rad-dino,success,
489,patient00575/study3,patient00575/study3/view1_frontal.dcm,/home/jovyan/Desktop/MEDAGENT-X/data/raw/chexpert_plus/dicom_train/patient00575/study3/view1_frontal.dcm,/home/jovyan/Desktop/MEDAGENT-X/outputs/chexpert_plus/raddino_features/patient00575__study3__view1_frontal.npz,microsoft/rad-dino,success,
490,patient00575/study1,patient00575/study1/view1_frontal.dcm,/home/jovyan/Desktop/MEDAGENT-X/data/raw/chexpert_plus/dicom_train/patient00575/study1/view1_frontal.dcm,/home/jovyan/Desktop/MEDAGENT-X/outputs/chexpert_plus/raddino_features/patient00575__study1__view1_frontal.npz,microsoft/rad-dino,success,
491,patient00582/study1,patient00582/study1/view1_frontal.dcm,/home/jovyan/Desktop/MEDAGENT-X/data/raw/chexpert_plus/dicom_train/patient00582/study1/view1_frontal.dcm,/home/jovyan/Desktop/MEDAGENT-X/outputs/chexpert_plus/raddino_features/patient00582__study1__view1_frontal.npz,microsoft/rad-dino,success,
492,patient00585/study1,patient00585/study1/view1_frontal.dcm,/home/jovyan/Desktop/MEDAGENT-X/data/raw/chexpert_plus/dicom_train/patient00585/study1/view1_frontal.dcm,/home/jovyan/Desktop/MEDAGENT-X/outputs/chexpert_plus/raddino_features/patient00585__study1__view1_frontal.npz,microsoft/rad-dino,success,
493,patient00586/study2,patient00586/study2/view1_frontal.dcm,/home/jovyan/Desktop/MEDAGENT-X/data/raw/chexpert_plus/dicom_train/patient00586/study2/view1_frontal.dcm,/home/jovyan/Desktop/MEDAGENT-X/outputs/chexpert_plus/raddino_features/patient00586__study2__view1_frontal.npz,microsoft/rad-dino,success,
494,patient00586/study3,patient00586/study3/view1_frontal.dcm,/home/jovyan/Desktop/MEDAGENT-X/data/raw/chexpert_plus/dicom_train/patient00586/study3/view1_frontal.dcm,/home/jovyan/Desktop/MEDAGENT-X/outputs/chexpert_plus/raddino_features/patient00586__study3__view1_frontal.npz,microsoft/rad-dino,success,
495,patient00586/study1,patient00586/study1/view1_frontal.dcm,/home/jovyan/Desktop/MEDAGENT-X/data/raw/chexpert_plus/dicom_train/patient00586/study1/view1_frontal.dcm,/home/jovyan/Desktop/MEDAGENT-X/outputs/chexpert_plus/raddino_features/patient00586__study1__view1_frontal.npz,microsoft/rad-dino,success,
496,patient00589/study2,patient00589/study2/view2_lateral.dcm,/home/jovyan/Desktop/MEDAGENT-X/data/raw/chexpert_plus/dicom_train/patient00589/study2/view2_lateral.dcm,/home/jovyan/Desktop/MEDAGENT-X/outputs/chexpert_plus/raddino_features/patient00589__study2__view2_lateral.npz,microsoft/rad-dino,success,
496,patient00589/study2,patient00589/study2/view1_frontal.dcm,/home/jovyan/Desktop/MEDAGENT-X/data/raw/chexpert_plus/dicom_train/patient00589/study2/view1_frontal.dcm,/home/jovyan/Desktop/MEDAGENT-X/outputs/chexpert_plus/raddino_features/patient00589__study2__view1_frontal.npz,microsoft/rad-dino,success,
497,patient00589/study1,patient00589/study1/view2_lateral.dcm,/home/jovyan/Desktop/MEDAGENT-X/data/raw/chexpert_plus/dicom_train/patient00589/study1/view2_lateral.dcm,/home/jovyan/Desktop/MEDAGENT-X/outputs/chexpert_plus/raddino_features/patient00589__study1__view2_lateral.npz,microsoft/rad-dino,success,
497,patient00589/study1,patient00589/study1/view1_frontal.dcm,/home/jovyan/Desktop/MEDAGENT-X/data/raw/chexpert_plus/dicom_train/patient00589/study1/view1_frontal.dcm,/home/jovyan/Desktop/MEDAGENT-X/outputs/chexpert_plus/raddino_features/patient00589__study1__view1_frontal.npz,microsoft/rad-dino,success,
498,patient00597/study1,patient00597/study1/view1_frontal.dcm,/home/jovyan/Desktop/MEDAGENT-X/data/raw/chexpert_plus/dicom_train/patient00597/study1/view1_frontal.dcm,/home/jovyan/Desktop/MEDAGENT-X/outputs/chexpert_plus/raddino_features/patient00597__study1__view1_frontal.npz,microsoft/rad-dino,success,
499,patient00597/study2,patient00597/study2/view1_frontal.dcm,/home/jovyan/Desktop/MEDAGENT-X/data/raw/chexpert_plus/dicom_train/patient00597/study2/view1_frontal.dcm,/home/jovyan/Desktop/MEDAGENT-X/outputs/chexpert_plus/raddino_features/patient00597__study2__view1_frontal.npz,microsoft/rad-dino,success,
