manifest_row_index,study_key,dicom_path,local_dicom_path,convnext_feature_path,convnext_status,convnext_error,convnext_local_path,raddino_feature_path,raddino_status,raddino_error,raddino_model_name,raddino_local_path,validation_local_path,validation_status,validation_error,validation_preview_path,validation_metadata_path,validation_rows,validation_columns,validation_photometric,validation_view_position,validation_bits_stored,validation_bits_allocated,validation_pixel_representation,validation_modality,validation_normalized_shape,validation_convnext_tensor_shape,validation_intensity_min,validation_intensity_max,validation_intensity_mean,validation_intensity_std,validation_contrast_proxy,validation_noise_proxy,validation_blur_proxy,validation_sharpness_proxy,validation_edge_density,validation_entropy,local_dicom_exists,convnext_ready,raddino_ready,workflow_a_feature_ready,missing_evidence
0,patient00003/study1,patient00003/study1/view1_frontal.dcm,/home/jovyan/Desktop/MEDAGENT-X/data/raw/chexpert_plus/dicom_train/patient00003/study1/view1_frontal.dcm,/home/jovyan/Desktop/MEDAGENT-X/outputs/chexpert_plus/convnext_features/patient00003_study1_view1_frontal.npz,ok,,data/raw/chexpert_plus/dicom_train/patient00003/study1/view1_frontal.dcm,/home/jovyan/Desktop/MEDAGENT-X/outputs/chexpert_plus/raddino_features/patient00003__study1__view1_frontal.npz,exists,,microsoft/rad-dino,/home/jovyan/Desktop/MEDAGENT-X/data/raw/chexpert_plus/dicom_train/patient00003/study1/view1_frontal.dcm,data/raw/chexpert_plus/dicom_train/patient00003/study1/view1_frontal.dcm,ok,,/home/jovyan/Desktop/MEDAGENT-X/outputs/chexpert_plus/dicom_preprocessing_preview/patient00003_study1_view1_frontal.png,/home/jovyan/Desktop/MEDAGENT-X/outputs/chexpert_plus/dicom_preprocessing_metadata/patient00003_study1_view1_frontal.txt,2320,2828,MONOCHROME1,AP,12,16,0,,"(2320, 2828)","(3, 224, 224)",0.0,1.0,0.3340252041816711,0.0762446150183677,0.2644688636064529,0.0084255160763859,0.9989347590275984,0.0010663769207894,0.0010246976052285,4.169795036315918,True,True,True,True,
1,patient00007/study2,patient00007/study2/view1_frontal.dcm,/home/jovyan/Desktop/MEDAGENT-X/data/raw/chexpert_plus/dicom_train/patient00007/study2/view1_frontal.dcm,/home/jovyan/Desktop/MEDAGENT-X/outputs/chexpert_plus/convnext_features/patient00007_study2_view1_frontal.npz,ok,,data/raw/chexpert_plus/dicom_train/patient00007/study2/view1_frontal.dcm,/home/jovyan/Desktop/MEDAGENT-X/outputs/chexpert_plus/raddino_features/patient00007__study2__view1_frontal.npz,exists,,microsoft/rad-dino,/home/jovyan/Desktop/MEDAGENT-X/data/raw/chexpert_plus/dicom_train/patient00007/study2/view1_frontal.dcm,data/raw/chexpert_plus/dicom_train/patient00007/study2/view1_frontal.dcm,ok,,/home/jovyan/Desktop/MEDAGENT-X/outputs/chexpert_plus/dicom_preprocessing_preview/patient00007_study2_view1_frontal.png,/home/jovyan/Desktop/MEDAGENT-X/outputs/chexpert_plus/dicom_preprocessing_metadata/patient00007_study2_view1_frontal.txt,2320,2828,MONOCHROME1,AP,12,16,0,,"(2320, 2828)","(3, 224, 224)",0.0,1.0,0.4391436576843261,0.0994106084108352,0.2764356732368469,0.0068414341658353,0.9990920622432574,0.0009087628568522,0.0045299773203921,4.417574405670166,True,True,True,True,
2,patient00007/study1,patient00007/study1/view1_frontal.dcm,/home/jovyan/Desktop/MEDAGENT-X/data/raw/chexpert_plus/dicom_train/patient00007/study1/view1_frontal.dcm,/home/jovyan/Desktop/MEDAGENT-X/outputs/chexpert_plus/convnext_features/patient00007_study1_view1_frontal.npz,ok,,data/raw/chexpert_plus/dicom_train/patient00007/study1/view1_frontal.dcm,/home/jovyan/Desktop/MEDAGENT-X/outputs/chexpert_plus/raddino_features/patient00007__study1__view1_frontal.npz,exists,,microsoft/rad-dino,/home/jovyan/Desktop/MEDAGENT-X/data/raw/chexpert_plus/dicom_train/patient00007/study1/view1_frontal.dcm,data/raw/chexpert_plus/dicom_train/patient00007/study1/view1_frontal.dcm,ok,,/home/jovyan/Desktop/MEDAGENT-X/outputs/chexpert_plus/dicom_preprocessing_preview/patient00007_study1_view1_frontal.png,/home/jovyan/Desktop/MEDAGENT-X/outputs/chexpert_plus/dicom_preprocessing_metadata/patient00007_study1_view1_frontal.txt,2320,2828,MONOCHROME1,AP,15,16,0,,"(2320, 2828)","(3, 224, 224)",0.0,1.0,0.4149343371391296,0.1841510236263275,0.6473717559129,0.0119448527693748,0.997182054891782,0.0028259083628654,0.0015042006047895,5.332072734832764,True,True,True,True,
3,patient00009/study1,patient00009/study1/view1_frontal.dcm,/home/jovyan/Desktop/MEDAGENT-X/data/raw/chexpert_plus/dicom_train/patient00009/study1/view1_frontal.dcm,/home/jovyan/Desktop/MEDAGENT-X/outputs/chexpert_plus/convnext_features/patient00009_study1_view1_frontal.npz,ok,,data/raw/chexpert_plus/dicom_train/patient00009/study1/view1_frontal.dcm,/home/jovyan/Desktop/MEDAGENT-X/outputs/chexpert_plus/raddino_features/patient00009__study1__view1_frontal.npz,exists,,microsoft/rad-dino,/home/jovyan/Desktop/MEDAGENT-X/data/raw/chexpert_plus/dicom_train/patient00009/study1/view1_frontal.dcm,data/raw/chexpert_plus/dicom_train/patient00009/study1/view1_frontal.dcm,ok,,/home/jovyan/Desktop/MEDAGENT-X/outputs/chexpert_plus/dicom_preprocessing_preview/patient00009_study1_view1_frontal.png,/home/jovyan/Desktop/MEDAGENT-X/outputs/chexpert_plus/dicom_preprocessing_metadata/patient00009_study1_view1_frontal.txt,1741,2012,MONOCHROME2,PA,14,16,0,,"(1741, 2012)","(3, 224, 224)",0.0,1.0,0.3128986358642578,0.0612395144999027,0.2286516577005386,0.0042939488776028,0.999756537687254,0.0002435216010781,0.0014279629517552,3.573607444763184,True,True,True,True,
3,patient00009/study1,patient00009/study1/view2_lateral.dcm,/home/jovyan/Desktop/MEDAGENT-X/data/raw/chexpert_plus/dicom_train/patient00009/study1/view2_lateral.dcm,/home/jovyan/Desktop/MEDAGENT-X/outputs/chexpert_plus/convnext_features/patient00009_study1_view2_lateral.npz,ok,,data/raw/chexpert_plus/dicom_train/patient00009/study1/view2_lateral.dcm,/home/jovyan/Desktop/MEDAGENT-X/outputs/chexpert_plus/raddino_features/patient00009__study1__view2_lateral.npz,exists,,microsoft/rad-dino,/home/jovyan/Desktop/MEDAGENT-X/data/raw/chexpert_plus/dicom_train/patient00009/study1/view2_lateral.dcm,data/raw/chexpert_plus/dicom_train/patient00009/study1/view2_lateral.dcm,ok,,/home/jovyan/Desktop/MEDAGENT-X/outputs/chexpert_plus/dicom_preprocessing_preview/patient00009_study1_view2_lateral.png,/home/jovyan/Desktop/MEDAGENT-X/outputs/chexpert_plus/dicom_preprocessing_metadata/patient00009_study1_view2_lateral.txt,2021,1751,MONOCHROME2,LL,14,16,0,,"(2021, 1751)","(3, 224, 224)",0.0,1.0,0.2472840249538421,0.1139144524931907,0.3588475808501243,0.0050956783816218,0.9996874141895674,0.0003126835508737,0.0019899564001174,3.945399522781372,True,True,True,True,
4,patient00016/study1,patient00016/study1/view1_frontal.dcm,/home/jovyan/Desktop/MEDAGENT-X/data/raw/chexpert_plus/dicom_train/patient00016/study1/view1_frontal.dcm,/home/jovyan/Desktop/MEDAGENT-X/outputs/chexpert_plus/convnext_features/patient00016_study1_view1_frontal.npz,ok,,data/raw/chexpert_plus/dicom_train/patient00016/study1/view1_frontal.dcm,/home/jovyan/Desktop/MEDAGENT-X/outputs/chexpert_plus/raddino_features/patient00016__study1__view1_frontal.npz,success,,microsoft/rad-dino,/home/jovyan/Desktop/MEDAGENT-X/data/raw/chexpert_plus/dicom_train/patient00016/study1/view1_frontal.dcm,data/raw/chexpert_plus/dicom_train/patient00016/study1/view1_frontal.dcm,ok,,/home/jovyan/Desktop/MEDAGENT-X/outputs/chexpert_plus/dicom_preprocessing_preview/patient00016_study1_view1_frontal.png,/home/jovyan/Desktop/MEDAGENT-X/outputs/chexpert_plus/dicom_preprocessing_metadata/patient00016_study1_view1_frontal.txt,2022,2022,MONOCHROME2,PA,14,16,0,,"(2022, 2022)","(3, 224, 224)",0.0,1.0,0.2425371408462524,0.0611037015914917,0.1902625262737274,0.0034214595798403,0.9997921426637874,0.0002079005498671,0.0006782465089749,3.4246163368225098,True,True,True,True,
4,patient00016/study1,patient00016/study1/view2_lateral.dcm,/home/jovyan/Desktop/MEDAGENT-X/data/raw/chexpert_plus/dicom_train/patient00016/study1/view2_lateral.dcm,/home/jovyan/Desktop/MEDAGENT-X/outputs/chexpert_plus/convnext_features/patient00016_study1_view2_lateral.npz,ok,,data/raw/chexpert_plus/dicom_train/patient00016/study1/view2_lateral.dcm,/home/jovyan/Desktop/MEDAGENT-X/outputs/chexpert_plus/raddino_features/patient00016__study1__view2_lateral.npz,success,,microsoft/rad-dino,/home/jovyan/Desktop/MEDAGENT-X/data/raw/chexpert_plus/dicom_train/patient00016/study1/view2_lateral.dcm,data/raw/chexpert_plus/dicom_train/patient00016/study1/view2_lateral.dcm,ok,,/home/jovyan/Desktop/MEDAGENT-X/outputs/chexpert_plus/dicom_preprocessing_preview/patient00016_study1_view2_lateral.png,/home/jovyan/Desktop/MEDAGENT-X/outputs/chexpert_plus/dicom_preprocessing_metadata/patient00016_study1_view2_lateral.txt,2022,2022,MONOCHROME2,LL,14,16,0,,"(2022, 2022)","(3, 224, 224)",0.0,1.0,0.2494747042655944,0.1116798892617225,0.3566501997411251,0.0025100207421928,0.9998921972030888,0.0001078144196071,0.0007090647780448,3.790513038635254,True,True,True,True,
5,patient00021/study1,patient00021/study1/view1_frontal.dcm,/home/jovyan/Desktop/MEDAGENT-X/data/raw/chexpert_plus/dicom_train/patient00021/study1/view1_frontal.dcm,/home/jovyan/Desktop/MEDAGENT-X/outputs/chexpert_plus/convnext_features/patient00021_study1_view1_frontal.npz,ok,,data/raw/chexpert_plus/dicom_train/patient00021/study1/view1_frontal.dcm,/home/jovyan/Desktop/MEDAGENT-X/outputs/chexpert_plus/raddino_features/patient00021__study1__view1_frontal.npz,success,,microsoft/rad-dino,/home/jovyan/Desktop/MEDAGENT-X/data/raw/chexpert_plus/dicom_train/patient00021/study1/view1_frontal.dcm,data/raw/chexpert_plus/dicom_train/patient00021/study1/view1_frontal.dcm,ok,,/home/jovyan/Desktop/MEDAGENT-X/outputs/chexpert_plus/dicom_preprocessing_preview/patient00021_study1_view1_frontal.png,/home/jovyan/Desktop/MEDAGENT-X/outputs/chexpert_plus/dicom_preprocessing_metadata/patient00021_study1_view1_frontal.txt,2022,2022,MONOCHROME2,PA,14,16,0,,"(2022, 2022)","(3, 224, 224)",0.0,1.0,0.5222415924072266,0.2131045460700988,0.7320541776716709,0.0078913085162639,0.9987895416917214,0.0012119252933189,0.0104297827752291,5.231813430786133,True,True,True,True,
6,patient00026/study1,patient00026/study1/view1_frontal.dcm,/home/jovyan/Desktop/MEDAGENT-X/data/raw/chexpert_plus/dicom_train/patient00026/study1/view1_frontal.dcm,/home/jovyan/Desktop/MEDAGENT-X/outputs/chexpert_plus/convnext_features/patient00026_study1_view1_frontal.npz,ok,,data/raw/chexpert_plus/dicom_train/patient00026/study1/view1_frontal.dcm,/home/jovyan/Desktop/MEDAGENT-X/outputs/chexpert_plus/raddino_features/patient00026__study1__view1_frontal.npz,success,,microsoft/rad-dino,/home/jovyan/Desktop/MEDAGENT-X/data/raw/chexpert_plus/dicom_train/patient00026/study1/view1_frontal.dcm,data/raw/chexpert_plus/dicom_train/patient00026/study1/view1_frontal.dcm,ok,,/home/jovyan/Desktop/MEDAGENT-X/outputs/chexpert_plus/dicom_preprocessing_preview/patient00026_study1_view1_frontal.png,/home/jovyan/Desktop/MEDAGENT-X/outputs/chexpert_plus/dicom_preprocessing_metadata/patient00026_study1_view1_frontal.txt,1751,2022,MONOCHROME2,PA,14,16,0,,"(1751, 2022)","(3, 224, 224)",0.0,1.0,0.3069486320018768,0.0468844138085842,0.1320881396532058,0.0045973071828484,0.9996942580580528,0.0003058354486711,0.0016977722494027,3.3188717365264893,True,True,True,True,
6,patient00026/study1,patient00026/study1/view2_lateral.dcm,/home/jovyan/Desktop/MEDAGENT-X/data/raw/chexpert_plus/dicom_train/patient00026/study1/view2_lateral.dcm,/home/jovyan/Desktop/MEDAGENT-X/outputs/chexpert_plus/convnext_features/patient00026_study1_view2_lateral.npz,ok,,data/raw/chexpert_plus/dicom_train/patient00026/study1/view2_lateral.dcm,/home/jovyan/Desktop/MEDAGENT-X/outputs/chexpert_plus/raddino_features/patient00026__study1__view2_lateral.npz,success,,microsoft/rad-dino,/home/jovyan/Desktop/MEDAGENT-X/data/raw/chexpert_plus/dicom_train/patient00026/study1/view2_lateral.dcm,data/raw/chexpert_plus/dicom_train/patient00026/study1/view2_lateral.dcm,ok,,/home/jovyan/Desktop/MEDAGENT-X/outputs/chexpert_plus/dicom_preprocessing_preview/patient00026_study1_view2_lateral.png,/home/jovyan/Desktop/MEDAGENT-X/outputs/chexpert_plus/dicom_preprocessing_metadata/patient00026_study1_view2_lateral.txt,2021,1751,MONOCHROME2,LL,14,16,0,,"(2021, 1751)","(3, 224, 224)",0.0,1.0,0.3018030524253845,0.0728262513875961,0.1831776946783065,0.0055485209450125,0.9996163987372216,0.0003837484691757,0.0022312831206088,3.5402145385742188,True,True,True,True,
7,patient00027/study1,patient00027/study1/view1_frontal.dcm,/home/jovyan/Desktop/MEDAGENT-X/data/raw/chexpert_plus/dicom_train/patient00027/study1/view1_frontal.dcm,/home/jovyan/Desktop/MEDAGENT-X/outputs/chexpert_plus/convnext_features/patient00027_study1_view1_frontal.npz,ok,,data/raw/chexpert_plus/dicom_train/patient00027/study1/view1_frontal.dcm,/home/jovyan/Desktop/MEDAGENT-X/outputs/chexpert_plus/raddino_features/patient00027__study1__view1_frontal.npz,success,,microsoft/rad-dino,/home/jovyan/Desktop/MEDAGENT-X/data/raw/chexpert_plus/dicom_train/patient00027/study1/view1_frontal.dcm,data/raw/chexpert_plus/dicom_train/patient00027/study1/view1_frontal.dcm,ok,,/home/jovyan/Desktop/MEDAGENT-X/outputs/chexpert_plus/dicom_preprocessing_preview/patient00027_study1_view1_frontal.png,/home/jovyan/Desktop/MEDAGENT-X/outputs/chexpert_plus/dicom_preprocessing_metadata/patient00027_study1_view1_frontal.txt,2021,2021,MONOCHROME2,PA,14,16,0,,"(2021, 2021)","(3, 224, 224)",0.0,1.0,0.2486950457096099,0.0661528185009956,0.185071125626564,0.0041075944900512,0.999682750823658,0.0003173498553223,0.0011560945549219,3.8498051166534415,True,True,True,True,
7,patient00027/study1,patient00027/study1/view2_lateral.dcm,/home/jovyan/Desktop/MEDAGENT-X/data/raw/chexpert_plus/dicom_train/patient00027/study1/view2_lateral.dcm,/home/jovyan/Desktop/MEDAGENT-X/outputs/chexpert_plus/convnext_features/patient00027_study1_view2_lateral.npz,ok,,data/raw/chexpert_plus/dicom_train/patient00027/study1/view2_lateral.dcm,/home/jovyan/Desktop/MEDAGENT-X/outputs/chexpert_plus/raddino_features/patient00027__study1__view2_lateral.npz,success,,microsoft/rad-dino,/home/jovyan/Desktop/MEDAGENT-X/data/raw/chexpert_plus/dicom_train/patient00027/study1/view2_lateral.dcm,data/raw/chexpert_plus/dicom_train/patient00027/study1/view2_lateral.dcm,ok,,/home/jovyan/Desktop/MEDAGENT-X/outputs/chexpert_plus/dicom_preprocessing_preview/patient00027_study1_view2_lateral.png,/home/jovyan/Desktop/MEDAGENT-X/outputs/chexpert_plus/dicom_preprocessing_metadata/patient00027_study1_view2_lateral.txt,2021,2021,MONOCHROME2,LL,14,16,0,,"(2021, 2021)","(3, 224, 224)",0.0,1.0,0.2076517194509506,0.1295165419578552,0.3404748737812042,0.0035977375227957,0.9997736873546176,0.0002263638743897,0.0007344946346391,3.618585824966431,True,True,True,True,
8,patient00031/study1,patient00031/study1/view1_frontal.dcm,/home/jovyan/Desktop/MEDAGENT-X/data/raw/chexpert_plus/dicom_train/patient00031/study1/view1_frontal.dcm,/home/jovyan/Desktop/MEDAGENT-X/outputs/chexpert_plus/convnext_features/patient00031_study1_view1_frontal.npz,ok,,data/raw/chexpert_plus/dicom_train/patient00031/study1/view1_frontal.dcm,/home/jovyan/Desktop/MEDAGENT-X/outputs/chexpert_plus/raddino_features/patient00031__study1__view1_frontal.npz,success,,microsoft/rad-dino,/home/jovyan/Desktop/MEDAGENT-X/data/raw/chexpert_plus/dicom_train/patient00031/study1/view1_frontal.dcm,data/raw/chexpert_plus/dicom_train/patient00031/study1/view1_frontal.dcm,ok,,/home/jovyan/Desktop/MEDAGENT-X/outputs/chexpert_plus/dicom_preprocessing_preview/patient00031_study1_view1_frontal.png,/home/jovyan/Desktop/MEDAGENT-X/outputs/chexpert_plus/dicom_preprocessing_metadata/patient00031_study1_view1_frontal.txt,2320,2828,MONOCHROME1,AP,12,16,0,,"(2320, 2828)","(3, 224, 224)",0.0,1.0,0.184593990445137,0.0859312713146209,0.2945055048912763,0.0109157571569085,0.998194200185006,0.0018090666271746,0.0015493159537628,4.196253776550293,True,True,True,True,
9,patient00031/study3,patient00031/study3/view1_frontal.dcm,/home/jovyan/Desktop/MEDAGENT-X/data/raw/chexpert_plus/dicom_train/patient00031/study3/view1_frontal.dcm,/home/jovyan/Desktop/MEDAGENT-X/outputs/chexpert_plus/convnext_features/patient00031_study3_view1_frontal.npz,ok,,data/raw/chexpert_plus/dicom_train/patient00031/study3/view1_frontal.dcm,/home/jovyan/Desktop/MEDAGENT-X/outputs/chexpert_plus/raddino_features/patient00031__study3__view1_frontal.npz,success,,microsoft/rad-dino,/home/jovyan/Desktop/MEDAGENT-X/data/raw/chexpert_plus/dicom_train/patient00031/study3/view1_frontal.dcm,data/raw/chexpert_plus/dicom_train/patient00031/study3/view1_frontal.dcm,ok,,/home/jovyan/Desktop/MEDAGENT-X/outputs/chexpert_plus/dicom_preprocessing_preview/patient00031_study3_view1_frontal.png,/home/jovyan/Desktop/MEDAGENT-X/outputs/chexpert_plus/dicom_preprocessing_metadata/patient00031_study3_view1_frontal.txt,2320,2828,MONOCHROME1,AP,12,16,0,,"(2320, 2828)","(3, 224, 224)",0.0,1.0,0.2895083129405975,0.1033734902739524,0.3416361436247825,0.0092631066218018,0.9986963898159148,0.0013053118018433,0.0011932704970004,4.660272598266602,True,True,True,True,
10,patient00031/study2,patient00031/study2/view1_frontal.dcm,/home/jovyan/Desktop/MEDAGENT-X/data/raw/chexpert_plus/dicom_train/patient00031/study2/view1_frontal.dcm,/home/jovyan/Desktop/MEDAGENT-X/outputs/chexpert_plus/convnext_features/patient00031_study2_view1_frontal.npz,ok,,data/raw/chexpert_plus/dicom_train/patient00031/study2/view1_frontal.dcm,/home/jovyan/Desktop/MEDAGENT-X/outputs/chexpert_plus/raddino_features/patient00031__study2__view1_frontal.npz,success,,microsoft/rad-dino,/home/jovyan/Desktop/MEDAGENT-X/data/raw/chexpert_plus/dicom_train/patient00031/study2/view1_frontal.dcm,data/raw/chexpert_plus/dicom_train/patient00031/study2/view1_frontal.dcm,ok,,/home/jovyan/Desktop/MEDAGENT-X/outputs/chexpert_plus/dicom_preprocessing_preview/patient00031_study2_view1_frontal.png,/home/jovyan/Desktop/MEDAGENT-X/outputs/chexpert_plus/dicom_preprocessing_metadata/patient00031_study2_view1_frontal.txt,2320,2828,MONOCHROME1,AP,12,16,0,,"(2320, 2828)","(3, 224, 224)",0.0,1.0,0.2734358012676239,0.0933715924620628,0.3191697224974632,0.009750597178936,0.9985956204587852,0.0014063545968383,0.0009951287616446,4.402679443359375,True,True,True,True,
11,patient00034/study1,patient00034/study1/view1_frontal.dcm,/home/jovyan/Desktop/MEDAGENT-X/data/raw/chexpert_plus/dicom_train/patient00034/study1/view1_frontal.dcm,/home/jovyan/Desktop/MEDAGENT-X/outputs/chexpert_plus/convnext_features/patient00034_study1_view1_frontal.npz,ok,,data/raw/chexpert_plus/dicom_train/patient00034/study1/view1_frontal.dcm,/home/jovyan/Desktop/MEDAGENT-X/outputs/chexpert_plus/raddino_features/patient00034__study1__view1_frontal.npz,success,,microsoft/rad-dino,/home/jovyan/Desktop/MEDAGENT-X/data/raw/chexpert_plus/dicom_train/patient00034/study1/view1_frontal.dcm,data/raw/chexpert_plus/dicom_train/patient00034/study1/view1_frontal.dcm,ok,,/home/jovyan/Desktop/MEDAGENT-X/outputs/chexpert_plus/dicom_preprocessing_preview/patient00034_study1_view1_frontal.png,/home/jovyan/Desktop/MEDAGENT-X/outputs/chexpert_plus/dicom_preprocessing_metadata/patient00034_study1_view1_frontal.txt,2800,3408,MONOCHROME1,AP,15,16,0,,"(2800, 3408)","(3, 224, 224)",0.0,1.0,0.4123834669589996,0.1212376952171325,0.4511527717113495,0.0071913842111825,0.9991558547129232,0.0008448584703728,0.0035134766934942,4.688244342803955,True,True,True,True,
12,patient00038/study1,patient00038/study1/view1_frontal.dcm,/home/jovyan/Desktop/MEDAGENT-X/data/raw/chexpert_plus/dicom_train/patient00038/study1/view1_frontal.dcm,/home/jovyan/Desktop/MEDAGENT-X/outputs/chexpert_plus/convnext_features/patient00038_study1_view1_frontal.npz,ok,,data/raw/chexpert_plus/dicom_train/patient00038/study1/view1_frontal.dcm,/home/jovyan/Desktop/MEDAGENT-X/outputs/chexpert_plus/raddino_features/patient00038__study1__view1_frontal.npz,success,,microsoft/rad-dino,/home/jovyan/Desktop/MEDAGENT-X/data/raw/chexpert_plus/dicom_train/patient00038/study1/view1_frontal.dcm,data/raw/chexpert_plus/dicom_train/patient00038/study1/view1_frontal.dcm,ok,,/home/jovyan/Desktop/MEDAGENT-X/outputs/chexpert_plus/dicom_preprocessing_preview/patient00038_study1_view1_frontal.png,/home/jovyan/Desktop/MEDAGENT-X/outputs/chexpert_plus/dicom_preprocessing_metadata/patient00038_study1_view1_frontal.txt,2320,2828,MONOCHROME1,AP,12,16,0,,"(2320, 2828)","(3, 224, 224)",0.0,1.0,0.3238952457904815,0.1039228811860084,0.4014191478490829,0.0056589730083942,0.9994107474739518,0.0005895999493077,0.0036839121104228,4.5102057456970215,True,True,True,True,
13,patient00038/study3,patient00038/study3/view1_frontal.dcm,/home/jovyan/Desktop/MEDAGENT-X/data/raw/chexpert_plus/dicom_train/patient00038/study3/view1_frontal.dcm,/home/jovyan/Desktop/MEDAGENT-X/outputs/chexpert_plus/convnext_features/patient00038_study3_view1_frontal.npz,ok,,data/raw/chexpert_plus/dicom_train/patient00038/study3/view1_frontal.dcm,/home/jovyan/Desktop/MEDAGENT-X/outputs/chexpert_plus/raddino_features/patient00038__study3__view1_frontal.npz,success,,microsoft/rad-dino,/home/jovyan/Desktop/MEDAGENT-X/data/raw/chexpert_plus/dicom_train/patient00038/study3/view1_frontal.dcm,data/raw/chexpert_plus/dicom_train/patient00038/study3/view1_frontal.dcm,ok,,/home/jovyan/Desktop/MEDAGENT-X/outputs/chexpert_plus/dicom_preprocessing_preview/patient00038_study3_view1_frontal.png,/home/jovyan/Desktop/MEDAGENT-X/outputs/chexpert_plus/dicom_preprocessing_metadata/patient00038_study3_view1_frontal.txt,2320,2828,MONOCHROME1,AP,12,16,0,,"(2320, 2828)","(3, 224, 224)",0.0,1.0,0.3222804963588714,0.0846137925982475,0.2529914528131485,0.0051799518987536,0.9995460761981628,0.0004541299422271,0.0036476369311808,4.283571243286133,True,True,True,True,
14,patient00038/study2,patient00038/study2/view1_frontal.dcm,/home/jovyan/Desktop/MEDAGENT-X/data/raw/chexpert_plus/dicom_train/patient00038/study2/view1_frontal.dcm,/home/jovyan/Desktop/MEDAGENT-X/outputs/chexpert_plus/convnext_features/patient00038_study2_view1_frontal.npz,ok,,data/raw/chexpert_plus/dicom_train/patient00038/study2/view1_frontal.dcm,/home/jovyan/Desktop/MEDAGENT-X/outputs/chexpert_plus/raddino_features/patient00038__study2__view1_frontal.npz,success,,microsoft/rad-dino,/home/jovyan/Desktop/MEDAGENT-X/data/raw/chexpert_plus/dicom_train/patient00038/study2/view1_frontal.dcm,data/raw/chexpert_plus/dicom_train/patient00038/study2/view1_frontal.dcm,ok,,/home/jovyan/Desktop/MEDAGENT-X/outputs/chexpert_plus/dicom_preprocessing_preview/patient00038_study2_view1_frontal.png,/home/jovyan/Desktop/MEDAGENT-X/outputs/chexpert_plus/dicom_preprocessing_metadata/patient00038_study2_view1_frontal.txt,2320,2828,MONOCHROME1,AP,12,16,0,,"(2320, 2828)","(3, 224, 224)",0.0,1.0,0.3362910747528076,0.1005499958992004,0.3484107702970505,0.0062484191730618,0.9992627146822248,0.0007378293084912,0.0068215626981417,4.492324352264404,True,True,True,True,
15,patient00044/study6,patient00044/study6/view1_frontal.dcm,/home/jovyan/Desktop/MEDAGENT-X/data/raw/chexpert_plus/dicom_train/patient00044/study6/view1_frontal.dcm,/home/jovyan/Desktop/MEDAGENT-X/outputs/chexpert_plus/convnext_features/patient00044_study6_view1_frontal.npz,ok,,data/raw/chexpert_plus/dicom_train/patient00044/study6/view1_frontal.dcm,/home/jovyan/Desktop/MEDAGENT-X/outputs/chexpert_plus/raddino_features/patient00044__study6__view1_frontal.npz,success,,microsoft/rad-dino,/home/jovyan/Desktop/MEDAGENT-X/data/raw/chexpert_plus/dicom_train/patient00044/study6/view1_frontal.dcm,data/raw/chexpert_plus/dicom_train/patient00044/study6/view1_frontal.dcm,ok,,/home/jovyan/Desktop/MEDAGENT-X/outputs/chexpert_plus/dicom_preprocessing_preview/patient00044_study6_view1_frontal.png,/home/jovyan/Desktop/MEDAGENT-X/outputs/chexpert_plus/dicom_preprocessing_metadata/patient00044_study6_view1_frontal.txt,2022,2022,MONOCHROME2,PA,14,16,0,,"(2022, 2022)","(3, 224, 224)",0.0,1.0,0.4993464350700378,0.1140802204608917,0.3381588160991668,0.0044789621606469,0.99958154914049,0.0004186260339338,0.0046589395971709,4.275547027587891,True,True,True,True,
15,patient00044/study6,patient00044/study6/view2_lateral.dcm,/home/jovyan/Desktop/MEDAGENT-X/data/raw/chexpert_plus/dicom_train/patient00044/study6/view2_lateral.dcm,/home/jovyan/Desktop/MEDAGENT-X/outputs/chexpert_plus/convnext_features/patient00044_study6_view2_lateral.npz,ok,,data/raw/chexpert_plus/dicom_train/patient00044/study6/view2_lateral.dcm,/home/jovyan/Desktop/MEDAGENT-X/outputs/chexpert_plus/raddino_features/patient00044__study6__view2_lateral.npz,success,,microsoft/rad-dino,/home/jovyan/Desktop/MEDAGENT-X/data/raw/chexpert_plus/dicom_train/patient00044/study6/view2_lateral.dcm,data/raw/chexpert_plus/dicom_train/patient00044/study6/view2_lateral.dcm,ok,,/home/jovyan/Desktop/MEDAGENT-X/outputs/chexpert_plus/dicom_preprocessing_preview/patient00044_study6_view2_lateral.png,/home/jovyan/Desktop/MEDAGENT-X/outputs/chexpert_plus/dicom_preprocessing_metadata/patient00044_study6_view2_lateral.txt,2022,2022,MONOCHROME2,LL,14,16,0,,"(2022, 2022)","(3, 224, 224)",0.0,1.0,0.639206051826477,0.2787477374076843,0.8907480435445905,0.0054046334698796,0.9994543560727286,0.0005459418171085,0.0044444346608669,4.984482765197754,True,True,True,True,
16,patient00044/study7,patient00044/study7/view1_frontal.dcm,/home/jovyan/Desktop/MEDAGENT-X/data/raw/chexpert_plus/dicom_train/patient00044/study7/view1_frontal.dcm,/home/jovyan/Desktop/MEDAGENT-X/outputs/chexpert_plus/convnext_features/patient00044_study7_view1_frontal.npz,ok,,data/raw/chexpert_plus/dicom_train/patient00044/study7/view1_frontal.dcm,/home/jovyan/Desktop/MEDAGENT-X/outputs/chexpert_plus/raddino_features/patient00044__study7__view1_frontal.npz,success,,microsoft/rad-dino,/home/jovyan/Desktop/MEDAGENT-X/data/raw/chexpert_plus/dicom_train/patient00044/study7/view1_frontal.dcm,data/raw/chexpert_plus/dicom_train/patient00044/study7/view1_frontal.dcm,ok,,/home/jovyan/Desktop/MEDAGENT-X/outputs/chexpert_plus/dicom_preprocessing_preview/patient00044_study7_view1_frontal.png,/home/jovyan/Desktop/MEDAGENT-X/outputs/chexpert_plus/dicom_preprocessing_metadata/patient00044_study7_view1_frontal.txt,2022,2022,MONOCHROME2,PA,14,16,0,,"(2022, 2022)","(3, 224, 224)",0.0,1.0,0.284102201461792,0.0576395466923713,0.1475229263305664,0.0038534067571163,0.9997806745869736,0.0002193735272157,0.0001761043946851,3.4242594242095947,True,True,True,True,
16,patient00044/study7,patient00044/study7/view2_lateral.dcm,/home/jovyan/Desktop/MEDAGENT-X/data/raw/chexpert_plus/dicom_train/patient00044/study7/view2_lateral.dcm,/home/jovyan/Desktop/MEDAGENT-X/outputs/chexpert_plus/convnext_features/patient00044_study7_view2_lateral.npz,ok,,data/raw/chexpert_plus/dicom_train/patient00044/study7/view2_lateral.dcm,/home/jovyan/Desktop/MEDAGENT-X/outputs/chexpert_plus/raddino_features/patient00044__study7__view2_lateral.npz,success,,microsoft/rad-dino,/home/jovyan/Desktop/MEDAGENT-X/data/raw/chexpert_plus/dicom_train/patient00044/study7/view2_lateral.dcm,data/raw/chexpert_plus/dicom_train/patient00044/study7/view2_lateral.dcm,ok,,/home/jovyan/Desktop/MEDAGENT-X/outputs/chexpert_plus/dicom_preprocessing_preview/patient00044_study7_view2_lateral.png,/home/jovyan/Desktop/MEDAGENT-X/outputs/chexpert_plus/dicom_preprocessing_metadata/patient00044_study7_view2_lateral.txt,2022,2022,MONOCHROME2,LL,14,16,0,,"(2022, 2022)","(3, 224, 224)",0.0,1.0,0.249747946858406,0.1007161289453506,0.3374229483306408,0.0043264939449727,0.99976072872498,0.0002393285394646,0.0002079010215033,3.7606921195983887,True,True,True,True,
17,patient00044/study1,patient00044/study1/view1_frontal.dcm,/home/jovyan/Desktop/MEDAGENT-X/data/raw/chexpert_plus/dicom_train/patient00044/study1/view1_frontal.dcm,/home/jovyan/Desktop/MEDAGENT-X/outputs/chexpert_plus/convnext_features/patient00044_study1_view1_frontal.npz,ok,,data/raw/chexpert_plus/dicom_train/patient00044/study1/view1_frontal.dcm,/home/jovyan/Desktop/MEDAGENT-X/outputs/chexpert_plus/raddino_features/patient00044__study1__view1_frontal.npz,success,,microsoft/rad-dino,/home/jovyan/Desktop/MEDAGENT-X/data/raw/chexpert_plus/dicom_train/patient00044/study1/view1_frontal.dcm,data/raw/chexpert_plus/dicom_train/patient00044/study1/view1_frontal.dcm,ok,,/home/jovyan/Desktop/MEDAGENT-X/outputs/chexpert_plus/dicom_preprocessing_preview/patient00044_study1_view1_frontal.png,/home/jovyan/Desktop/MEDAGENT-X/outputs/chexpert_plus/dicom_preprocessing_metadata/patient00044_study1_view1_frontal.txt,2048,2494,MONOCHROME1,AP,12,16,0,,"(2048, 2494)","(3, 224, 224)",0.0,1.0,0.2941475510597229,0.0785688161849975,0.2332112342119217,0.0103368936106562,0.9983392389891796,0.0016635237261652,0.0012171790422012,4.091963291168213,True,True,True,True,
18,patient00044/study3,patient00044/study3/view1_frontal.dcm,/home/jovyan/Desktop/MEDAGENT-X/data/raw/chexpert_plus/dicom_train/patient00044/study3/view1_frontal.dcm,/home/jovyan/Desktop/MEDAGENT-X/outputs/chexpert_plus/convnext_features/patient00044_study3_view1_frontal.npz,ok,,data/raw/chexpert_plus/dicom_train/patient00044/study3/view1_frontal.dcm,/home/jovyan/Desktop/MEDAGENT-X/outputs/chexpert_plus/raddino_features/patient00044__study3__view1_frontal.npz,success,,microsoft/rad-dino,/home/jovyan/Desktop/MEDAGENT-X/data/raw/chexpert_plus/dicom_train/patient00044/study3/view1_frontal.dcm,data/raw/chexpert_plus/dicom_train/patient00044/study3/view1_frontal.dcm,ok,,/home/jovyan/Desktop/MEDAGENT-X/outputs/chexpert_plus/dicom_preprocessing_preview/patient00044_study3_view1_frontal.png,/home/jovyan/Desktop/MEDAGENT-X/outputs/chexpert_plus/dicom_preprocessing_metadata/patient00044_study3_view1_frontal.txt,2320,2828,MONOCHROME1,AP,12,16,0,,"(2320, 2828)","(3, 224, 224)",0.0,1.0,0.3967343866825104,0.0941333100199699,0.2744810879230499,0.0110490377992391,0.9980835376691972,0.0019201422110199,0.0015115166073257,4.433133125305176,True,True,True,True,
19,patient00044/study4,patient00044/study4/view1_frontal.dcm,/home/jovyan/Desktop/MEDAGENT-X/data/raw/chexpert_plus/dicom_train/patient00044/study4/view1_frontal.dcm,/home/jovyan/Desktop/MEDAGENT-X/outputs/chexpert_plus/convnext_features/patient00044_study4_view1_frontal.npz,ok,,data/raw/chexpert_plus/dicom_train/patient00044/study4/view1_frontal.dcm,/home/jovyan/Desktop/MEDAGENT-X/outputs/chexpert_plus/raddino_features/patient00044__study4__view1_frontal.npz,success,,microsoft/rad-dino,/home/jovyan/Desktop/MEDAGENT-X/data/raw/chexpert_plus/dicom_train/patient00044/study4/view1_frontal.dcm,data/raw/chexpert_plus/dicom_train/patient00044/study4/view1_frontal.dcm,ok,,,,2048,2494,MONOCHROME1,AP,12,16,0,,"(2048, 2494)","(3, 224, 224)",0.0,1.0,0.4716230034828186,0.1206240952014923,0.4864469096064567,0.0117703406140208,0.9975676407526723,0.0024382900446653,0.0014309733986567,4.364177703857422,True,True,True,True,
20,patient00044/study2,patient00044/study2/view1_frontal.dcm,/home/jovyan/Desktop/MEDAGENT-X/data/raw/chexpert_plus/dicom_train/patient00044/study2/view1_frontal.dcm,/home/jovyan/Desktop/MEDAGENT-X/outputs/chexpert_plus/convnext_features/patient00044_study2_view1_frontal.npz,ok,,data/raw/chexpert_plus/dicom_train/patient00044/study2/view1_frontal.dcm,/home/jovyan/Desktop/MEDAGENT-X/outputs/chexpert_plus/raddino_features/patient00044__study2__view1_frontal.npz,success,,microsoft/rad-dino,/home/jovyan/Desktop/MEDAGENT-X/data/raw/chexpert_plus/dicom_train/patient00044/study2/view1_frontal.dcm,data/raw/chexpert_plus/dicom_train/patient00044/study2/view1_frontal.dcm,ok,,,,2320,2828,MONOCHROME1,AP,12,16,0,,"(2320, 2828)","(3, 224, 224)",0.0,1.0,0.3920628130435943,0.0786891877651214,0.2271062135696411,0.0106703676283359,0.9982421753446348,0.0017609200440347,0.0015173084426669,4.146928310394287,True,True,True,True,
21,patient00044/study5,patient00044/study5/view1_frontal.dcm,/home/jovyan/Desktop/MEDAGENT-X/data/raw/chexpert_plus/dicom_train/patient00044/study5/view1_frontal.dcm,/home/jovyan/Desktop/MEDAGENT-X/outputs/chexpert_plus/convnext_features/patient00044_study5_view1_frontal.npz,ok,,data/raw/chexpert_plus/dicom_train/patient00044/study5/view1_frontal.dcm,/home/jovyan/Desktop/MEDAGENT-X/outputs/chexpert_plus/raddino_features/patient00044__study5__view1_frontal.npz,success,,microsoft/rad-dino,/home/jovyan/Desktop/MEDAGENT-X/data/raw/chexpert_plus/dicom_train/patient00044/study5/view1_frontal.dcm,data/raw/chexpert_plus/dicom_train/patient00044/study5/view1_frontal.dcm,ok,,,,2320,2828,MONOCHROME1,AP,12,16,0,,"(2320, 2828)","(3, 224, 224)",0.0,1.0,0.4179300665855407,0.0722308754920959,0.2136752307415008,0.0107800830155611,0.9981909636958692,0.0018123148474842,0.0015730929620055,4.108728885650635,True,True,True,True,
22,patient00045/study1,patient00045/study1/view1_frontal.dcm,/home/jovyan/Desktop/MEDAGENT-X/data/raw/chexpert_plus/dicom_train/patient00045/study1/view1_frontal.dcm,/home/jovyan/Desktop/MEDAGENT-X/outputs/chexpert_plus/convnext_features/patient00045_study1_view1_frontal.npz,ok,,data/raw/chexpert_plus/dicom_train/patient00045/study1/view1_frontal.dcm,/home/jovyan/Desktop/MEDAGENT-X/outputs/chexpert_plus/raddino_features/patient00045__study1__view1_frontal.npz,success,,microsoft/rad-dino,/home/jovyan/Desktop/MEDAGENT-X/data/raw/chexpert_plus/dicom_train/patient00045/study1/view1_frontal.dcm,data/raw/chexpert_plus/dicom_train/patient00045/study1/view1_frontal.dcm,ok,,,,2022,1931,MONOCHROME2,PA,14,16,0,,"(2022, 1931)","(3, 224, 224)",0.0,1.0,0.55051589012146,0.079447865486145,0.2082792818546295,0.0069104409776628,0.9993400770905182,0.0006603586953133,0.001966201918718,4.063468933105469,True,True,True,True,
22,patient00045/study1,patient00045/study1/view2_lateral.dcm,/home/jovyan/Desktop/MEDAGENT-X/data/raw/chexpert_plus/dicom_train/patient00045/study1/view2_lateral.dcm,/home/jovyan/Desktop/MEDAGENT-X/outputs/chexpert_plus/convnext_features/patient00045_study1_view2_lateral.npz,ok,,data/raw/chexpert_plus/dicom_train/patient00045/study1/view2_lateral.dcm,/home/jovyan/Desktop/MEDAGENT-X/outputs/chexpert_plus/raddino_features/patient00045__study1__view2_lateral.npz,success,,microsoft/rad-dino,/home/jovyan/Desktop/MEDAGENT-X/data/raw/chexpert_plus/dicom_train/patient00045/study1/view2_lateral.dcm,data/raw/chexpert_plus/dicom_train/patient00045/study1/view2_lateral.dcm,ok,,,,2021,2011,MONOCHROME2,LL,14,16,0,,"(2021, 2011)","(3, 224, 224)",0.0,1.0,0.2560509443283081,0.1015469878911972,0.3449917696416378,0.0041561354883015,0.9997881984803942,0.0002118463889928,0.0018493043333412,3.7223658561706543,True,True,True,True,
23,patient00048/study1,patient00048/study1/view1_frontal.dcm,/home/jovyan/Desktop/MEDAGENT-X/data/raw/chexpert_plus/dicom_train/patient00048/study1/view1_frontal.dcm,/home/jovyan/Desktop/MEDAGENT-X/outputs/chexpert_plus/convnext_features/patient00048_study1_view1_frontal.npz,ok,,data/raw/chexpert_plus/dicom_train/patient00048/study1/view1_frontal.dcm,/home/jovyan/Desktop/MEDAGENT-X/outputs/chexpert_plus/raddino_features/patient00048__study1__view1_frontal.npz,success,,microsoft/rad-dino,/home/jovyan/Desktop/MEDAGENT-X/data/raw/chexpert_plus/dicom_train/patient00048/study1/view1_frontal.dcm,data/raw/chexpert_plus/dicom_train/patient00048/study1/view1_frontal.dcm,ok,,,,2320,2828,MONOCHROME1,AP,12,16,0,,"(2320, 2828)","(3, 224, 224)",0.0,1.0,0.2615649104118347,0.09970323741436,0.3201465234160423,0.0103319752961397,0.9984150431037752,0.00158747297246,0.0012833487782275,4.438599109649658,True,True,True,True,
24,patient00049/study2,patient00049/study2/view1_frontal.dcm,/home/jovyan/Desktop/MEDAGENT-X/data/raw/chexpert_plus/dicom_train/patient00049/study2/view1_frontal.dcm,/home/jovyan/Desktop/MEDAGENT-X/outputs/chexpert_plus/convnext_features/patient00049_study2_view1_frontal.npz,ok,,data/raw/chexpert_plus/dicom_train/patient00049/study2/view1_frontal.dcm,/home/jovyan/Desktop/MEDAGENT-X/outputs/chexpert_plus/raddino_features/patient00049__study2__view1_frontal.npz,success,,microsoft/rad-dino,/home/jovyan/Desktop/MEDAGENT-X/data/raw/chexpert_plus/dicom_train/patient00049/study2/view1_frontal.dcm,data/raw/chexpert_plus/dicom_train/patient00049/study2/view1_frontal.dcm,ok,,,,2320,2828,MONOCHROME1,AP,12,16,0,,"(2320, 2828)","(3, 224, 224)",0.0,1.0,0.3499137461185455,0.105713739991188,0.4178266152739525,0.006124997511506,0.9993601082241478,0.0006403014995157,0.0028908879188411,4.425431251525879,True,True,True,True,
25,patient00049/study1,patient00049/study1/view1_frontal.dcm,/home/jovyan/Desktop/MEDAGENT-X/data/raw/chexpert_plus/dicom_train/patient00049/study1/view1_frontal.dcm,/home/jovyan/Desktop/MEDAGENT-X/outputs/chexpert_plus/convnext_features/patient00049_study1_view1_frontal.npz,ok,,data/raw/chexpert_plus/dicom_train/patient00049/study1/view1_frontal.dcm,/home/jovyan/Desktop/MEDAGENT-X/outputs/chexpert_plus/raddino_features/patient00049__study1__view1_frontal.npz,success,,microsoft/rad-dino,/home/jovyan/Desktop/MEDAGENT-X/data/raw/chexpert_plus/dicom_train/patient00049/study1/view1_frontal.dcm,data/raw/chexpert_plus/dicom_train/patient00049/study1/view1_frontal.dcm,ok,,,,2320,2828,MONOCHROME1,AP,12,16,0,,"(2320, 2828)","(3, 224, 224)",0.0,1.0,0.3126228749752044,0.1022397726774215,0.3242979198694229,0.0097879450768232,0.9983769313778292,0.0016257072566077,0.0011134041359801,4.606282234191895,True,True,True,True,
26,patient00049/study3,patient00049/study3/view1_frontal.dcm,/home/jovyan/Desktop/MEDAGENT-X/data/raw/chexpert_plus/dicom_train/patient00049/study3/view1_frontal.dcm,/home/jovyan/Desktop/MEDAGENT-X/outputs/chexpert_plus/convnext_features/patient00049_study3_view1_frontal.npz,ok,,data/raw/chexpert_plus/dicom_train/patient00049/study3/view1_frontal.dcm,/home/jovyan/Desktop/MEDAGENT-X/outputs/chexpert_plus/raddino_features/patient00049__study3__view1_frontal.npz,success,,microsoft/rad-dino,/home/jovyan/Desktop/MEDAGENT-X/data/raw/chexpert_plus/dicom_train/patient00049/study3/view1_frontal.dcm,data/raw/chexpert_plus/dicom_train/patient00049/study3/view1_frontal.dcm,ok,,,,2320,2828,MONOCHROME1,AP,12,16,0,,"(2320, 2828)","(3, 224, 224)",0.0,1.0,0.3323451280593872,0.091821938753128,0.2808302789926529,0.0059151225723326,0.9993959112397208,0.0006044539040885,0.0050350863288299,4.445760726928711,True,True,True,True,
27,patient00055/study2,patient00055/study2/view1_frontal.dcm,/home/jovyan/Desktop/MEDAGENT-X/data/raw/chexpert_plus/dicom_train/patient00055/study2/view1_frontal.dcm,/home/jovyan/Desktop/MEDAGENT-X/outputs/chexpert_plus/convnext_features/patient00055_study2_view1_frontal.npz,ok,,data/raw/chexpert_plus/dicom_train/patient00055/study2/view1_frontal.dcm,/home/jovyan/Desktop/MEDAGENT-X/outputs/chexpert_plus/raddino_features/patient00055__study2__view1_frontal.npz,success,,microsoft/rad-dino,/home/jovyan/Desktop/MEDAGENT-X/data/raw/chexpert_plus/dicom_train/patient00055/study2/view1_frontal.dcm,data/raw/chexpert_plus/dicom_train/patient00055/study2/view1_frontal.dcm,ok,,,,1751,2021,MONOCHROME2,PA,14,16,0,,"(1751, 2021)","(3, 224, 224)",0.0,1.0,0.6104081869125366,0.0787136554718017,0.2205780148506164,0.0112252300605177,0.9986272618651312,0.0013746251352131,0.0024480250346801,4.142398357391357,True,True,True,True,
27,patient00055/study2,patient00055/study2/view2_lateral.dcm,/home/jovyan/Desktop/MEDAGENT-X/data/raw/chexpert_plus/dicom_train/patient00055/study2/view2_lateral.dcm,/home/jovyan/Desktop/MEDAGENT-X/outputs/chexpert_plus/convnext_features/patient00055_study2_view2_lateral.npz,ok,,data/raw/chexpert_plus/dicom_train/patient00055/study2/view2_lateral.dcm,/home/jovyan/Desktop/MEDAGENT-X/outputs/chexpert_plus/raddino_features/patient00055__study2__view2_lateral.npz,success,,microsoft/rad-dino,/home/jovyan/Desktop/MEDAGENT-X/data/raw/chexpert_plus/dicom_train/patient00055/study2/view2_lateral.dcm,data/raw/chexpert_plus/dicom_train/patient00055/study2/view2_lateral.dcm,ok,,,,2021,1751,MONOCHROME2,LL,14,16,0,,"(2021, 1751)","(3, 224, 224)",0.0,1.0,0.2365416139364242,0.1315857321023941,0.370444968342781,0.0068453243002295,0.9994334797911048,0.0005668413359671,0.0031250962551688,4.047204494476318,True,True,True,True,
28,patient00055/study3,patient00055/study3/view1_frontal.dcm,/home/jovyan/Desktop/MEDAGENT-X/data/raw/chexpert_plus/dicom_train/patient00055/study3/view1_frontal.dcm,/home/jovyan/Desktop/MEDAGENT-X/outputs/chexpert_plus/convnext_features/patient00055_study3_view1_frontal.npz,ok,,data/raw/chexpert_plus/dicom_train/patient00055/study3/view1_frontal.dcm,/home/jovyan/Desktop/MEDAGENT-X/outputs/chexpert_plus/raddino_features/patient00055__study3__view1_frontal.npz,success,,microsoft/rad-dino,/home/jovyan/Desktop/MEDAGENT-X/data/raw/chexpert_plus/dicom_train/patient00055/study3/view1_frontal.dcm,data/raw/chexpert_plus/dicom_train/patient00055/study3/view1_frontal.dcm,ok,,,,2320,2828,MONOCHROME1,AP,12,16,0,,"(2320, 2828)","(3, 224, 224)",0.0,1.0,0.3152044713497162,0.0974845141172409,0.2803418785333633,0.0110040698200464,0.9981940069369472,0.0018092605751007,0.0013443154660293,4.4576592445373535,True,True,True,True,
29,patient00055/study1,patient00055/study1/view1_frontal.dcm,/home/jovyan/Desktop/MEDAGENT-X/data/raw/chexpert_plus/dicom_train/patient00055/study1/view1_frontal.dcm,/home/jovyan/Desktop/MEDAGENT-X/outputs/chexpert_plus/convnext_features/patient00055_study1_view1_frontal.npz,ok,,data/raw/chexpert_plus/dicom_train/patient00055/study1/view1_frontal.dcm,/home/jovyan/Desktop/MEDAGENT-X/outputs/chexpert_plus/raddino_features/patient00055__study1__view1_frontal.npz,success,,microsoft/rad-dino,/home/jovyan/Desktop/MEDAGENT-X/data/raw/chexpert_plus/dicom_train/patient00055/study1/view1_frontal.dcm,data/raw/chexpert_plus/dicom_train/patient00055/study1/view1_frontal.dcm,ok,,,,2320,2828,MONOCHROME1,AP,12,16,0,,"(2320, 2828)","(3, 224, 224)",0.0,1.0,0.2535015940666199,0.077003575861454,0.2051282078027725,0.0121548678725957,0.9978846781750232,0.0021198058966547,0.0019160305808906,4.009774208068848,True,True,True,True,
30,patient00058/study1,patient00058/study1/view1_frontal.dcm,/home/jovyan/Desktop/MEDAGENT-X/data/raw/chexpert_plus/dicom_train/patient00058/study1/view1_frontal.dcm,/home/jovyan/Desktop/MEDAGENT-X/outputs/chexpert_plus/convnext_features/patient00058_study1_view1_frontal.npz,ok,,data/raw/chexpert_plus/dicom_train/patient00058/study1/view1_frontal.dcm,/home/jovyan/Desktop/MEDAGENT-X/outputs/chexpert_plus/raddino_features/patient00058__study1__view1_frontal.npz,success,,microsoft/rad-dino,/home/jovyan/Desktop/MEDAGENT-X/data/raw/chexpert_plus/dicom_train/patient00058/study1/view1_frontal.dcm,data/raw/chexpert_plus/dicom_train/patient00058/study1/view1_frontal.dcm,ok,,,,1751,2021,MONOCHROME2,PA,14,16,0,,"(1751, 2021)","(3, 224, 224)",0.0,1.0,0.2861224710941314,0.0398890227079391,0.1096868813037872,0.0057461471296846,0.9995842739532128,0.0004158989468123,0.0028266875703457,3.208505868911743,True,True,True,True,
30,patient00058/study1,patient00058/study1/view2_lateral.dcm,/home/jovyan/Desktop/MEDAGENT-X/data/raw/chexpert_plus/dicom_train/patient00058/study1/view2_lateral.dcm,/home/jovyan/Desktop/MEDAGENT-X/outputs/chexpert_plus/convnext_features/patient00058_study1_view2_lateral.npz,ok,,data/raw/chexpert_plus/dicom_train/patient00058/study1/view2_lateral.dcm,/home/jovyan/Desktop/MEDAGENT-X/outputs/chexpert_plus/raddino_features/patient00058__study1__view2_lateral.npz,success,,microsoft/rad-dino,/home/jovyan/Desktop/MEDAGENT-X/data/raw/chexpert_plus/dicom_train/patient00058/study1/view2_lateral.dcm,data/raw/chexpert_plus/dicom_train/patient00058/study1/view2_lateral.dcm,ok,,,,2022,1751,MONOCHROME2,LL,14,16,0,,"(2022, 1751)","(3, 224, 224)",0.0,1.0,0.264366865158081,0.0869514197111129,0.3003723323345184,0.0058512999676167,0.9995742806613724,0.0004259006527718,0.0014379235604241,4.042646408081055,True,True,True,True,
31,patient00064/study1,patient00064/study1/view1_frontal.dcm,/home/jovyan/Desktop/MEDAGENT-X/data/raw/chexpert_plus/dicom_train/patient00064/study1/view1_frontal.dcm,/home/jovyan/Desktop/MEDAGENT-X/outputs/chexpert_plus/convnext_features/patient00064_study1_view1_frontal.npz,ok,,data/raw/chexpert_plus/dicom_train/patient00064/study1/view1_frontal.dcm,/home/jovyan/Desktop/MEDAGENT-X/outputs/chexpert_plus/raddino_features/patient00064__study1__view1_frontal.npz,success,,microsoft/rad-dino,/home/jovyan/Desktop/MEDAGENT-X/data/raw/chexpert_plus/dicom_train/patient00064/study1/view1_frontal.dcm,data/raw/chexpert_plus/dicom_train/patient00064/study1/view1_frontal.dcm,ok,,,,2320,2828,MONOCHROME1,AP,12,16,0,,"(2320, 2828)","(3, 224, 224)",0.0,1.0,0.2474669516086578,0.0791461616754531,0.3074481151998043,0.0094970474019646,0.9986431871133132,0.0013586563291028,0.0010772813734575,4.070577621459961,True,True,True,True,
32,patient00067/study4,patient00067/study4/view1_frontal.dcm,/home/jovyan/Desktop/MEDAGENT-X/data/raw/chexpert_plus/dicom_train/patient00067/study4/view1_frontal.dcm,/home/jovyan/Desktop/MEDAGENT-X/outputs/chexpert_plus/convnext_features/patient00067_study4_view1_frontal.npz,ok,,data/raw/chexpert_plus/dicom_train/patient00067/study4/view1_frontal.dcm,/home/jovyan/Desktop/MEDAGENT-X/outputs/chexpert_plus/raddino_features/patient00067__study4__view1_frontal.npz,success,,microsoft/rad-dino,/home/jovyan/Desktop/MEDAGENT-X/data/raw/chexpert_plus/dicom_train/patient00067/study4/view1_frontal.dcm,data/raw/chexpert_plus/dicom_train/patient00067/study4/view1_frontal.dcm,ok,,,,2320,2828,MONOCHROME1,AP,12,16,0,,"(2320, 2828)","(3, 224, 224)",0.0,1.0,0.1915704756975174,0.1094738915562629,0.3474969556555152,0.0089303851127624,0.9987490246496216,0.0012525422498583,0.0008724333024435,4.503548622131348,True,True,True,True,
33,patient00067/study3,patient00067/study3/view1_frontal.dcm,/home/jovyan/Desktop/MEDAGENT-X/data/raw/chexpert_plus/dicom_train/patient00067/study3/view1_frontal.dcm,/home/jovyan/Desktop/MEDAGENT-X/outputs/chexpert_plus/convnext_features/patient00067_study3_view1_frontal.npz,ok,,data/raw/chexpert_plus/dicom_train/patient00067/study3/view1_frontal.dcm,/home/jovyan/Desktop/MEDAGENT-X/outputs/chexpert_plus/raddino_features/patient00067__study3__view1_frontal.npz,success,,microsoft/rad-dino,/home/jovyan/Desktop/MEDAGENT-X/data/raw/chexpert_plus/dicom_train/patient00067/study3/view1_frontal.dcm,data/raw/chexpert_plus/dicom_train/patient00067/study3/view1_frontal.dcm,ok,,,,2320,2828,MONOCHROME1,PA,12,16,0,,"(2320, 2828)","(3, 224, 224)",0.0,1.0,0.2261432558298111,0.1223986968398094,0.3909645937383175,0.0088194282725453,0.9988827764579552,0.0011184731265529,0.0010070172657659,4.777625560760498,True,True,True,True,
33,patient00067/study3,patient00067/study3/view2_lateral.dcm,/home/jovyan/Desktop/MEDAGENT-X/data/raw/chexpert_plus/dicom_train/patient00067/study3/view2_lateral.dcm,/home/jovyan/Desktop/MEDAGENT-X/outputs/chexpert_plus/convnext_features/patient00067_study3_view2_lateral.npz,ok,,data/raw/chexpert_plus/dicom_train/patient00067/study3/view2_lateral.dcm,/home/jovyan/Desktop/MEDAGENT-X/outputs/chexpert_plus/raddino_features/patient00067__study3__view2_lateral.npz,success,,microsoft/rad-dino,/home/jovyan/Desktop/MEDAGENT-X/data/raw/chexpert_plus/dicom_train/patient00067/study3/view2_lateral.dcm,data/raw/chexpert_plus/dicom_train/patient00067/study3/view2_lateral.dcm,ok,,,,2828,2320,MONOCHROME1,PA,12,16,0,,"(2828, 2320)","(3, 224, 224)",0.0,1.0,0.3692174553871155,0.2024338841438293,0.5870020724833012,0.0053723999299108,0.999376929113706,0.0006234593456611,0.0369231027166756,5.000576019287109,True,True,True,True,
34,patient00067/study1,patient00067/study1/view1_frontal.dcm,/home/jovyan/Desktop/MEDAGENT-X/data/raw/chexpert_plus/dicom_train/patient00067/study1/view1_frontal.dcm,/home/jovyan/Desktop/MEDAGENT-X/outputs/chexpert_plus/convnext_features/patient00067_study1_view1_frontal.npz,ok,,data/raw/chexpert_plus/dicom_train/patient00067/study1/view1_frontal.dcm,/home/jovyan/Desktop/MEDAGENT-X/outputs/chexpert_plus/raddino_features/patient00067__study1__view1_frontal.npz,success,,microsoft/rad-dino,/home/jovyan/Desktop/MEDAGENT-X/data/raw/chexpert_plus/dicom_train/patient00067/study1/view1_frontal.dcm,data/raw/chexpert_plus/dicom_train/patient00067/study1/view1_frontal.dcm,ok,,,,2320,2828,MONOCHROME1,AP,12,16,0,,"(2320, 2828)","(3, 224, 224)",0.0,1.0,0.3006905317306518,0.1243259385228157,0.4095238372683525,0.0095582669600844,0.99862080708948,0.0013810977106913,0.0012549992683997,4.899693012237549,True,True,True,True,
35,patient00067/study2,patient00067/study2/view1_frontal.dcm,/home/jovyan/Desktop/MEDAGENT-X/data/raw/chexpert_plus/dicom_train/patient00067/study2/view1_frontal.dcm,/home/jovyan/Desktop/MEDAGENT-X/outputs/chexpert_plus/convnext_features/patient00067_study2_view1_frontal.npz,ok,,data/raw/chexpert_plus/dicom_train/patient00067/study2/view1_frontal.dcm,/home/jovyan/Desktop/MEDAGENT-X/outputs/chexpert_plus/raddino_features/patient00067__study2__view1_frontal.npz,success,,microsoft/rad-dino,/home/jovyan/Desktop/MEDAGENT-X/data/raw/chexpert_plus/dicom_train/patient00067/study2/view1_frontal.dcm,data/raw/chexpert_plus/dicom_train/patient00067/study2/view1_frontal.dcm,ok,,,,2320,2828,MONOCHROME1,AP,12,16,0,,"(2320, 2828)","(3, 224, 224)",0.0,1.0,0.2945148348808288,0.131353810429573,0.438339464366436,0.010674268938601,0.9982971719072652,0.0017057326622307,0.0014456725844998,4.941018581390381,True,True,True,True,
36,patient00068/study1,patient00068/study1/view1_frontal.dcm,/home/jovyan/Desktop/MEDAGENT-X/data/raw/chexpert_plus/dicom_train/patient00068/study1/view1_frontal.dcm,/home/jovyan/Desktop/MEDAGENT-X/outputs/chexpert_plus/convnext_features/patient00068_study1_view1_frontal.npz,ok,,data/raw/chexpert_plus/dicom_train/patient00068/study1/view1_frontal.dcm,/home/jovyan/Desktop/MEDAGENT-X/outputs/chexpert_plus/raddino_features/patient00068__study1__view1_frontal.npz,success,,microsoft/rad-dino,/home/jovyan/Desktop/MEDAGENT-X/data/raw/chexpert_plus/dicom_train/patient00068/study1/view1_frontal.dcm,data/raw/chexpert_plus/dicom_train/patient00068/study1/view1_frontal.dcm,ok,,,,2320,2828,MONOCHROME1,AP,12,16,0,,"(2320, 2828)","(3, 224, 224)",0.0,1.0,0.2728303968906402,0.1048904210329055,0.3714285772293806,0.0112756667658686,0.9980043989097168,0.0019995914772152,0.0014234197434521,4.359979152679443,True,True,True,True,
37,patient00070/study1,patient00070/study1/view1_frontal.dcm,/home/jovyan/Desktop/MEDAGENT-X/data/raw/chexpert_plus/dicom_train/patient00070/study1/view1_frontal.dcm,/home/jovyan/Desktop/MEDAGENT-X/outputs/chexpert_plus/convnext_features/patient00070_study1_view1_frontal.npz,ok,,data/raw/chexpert_plus/dicom_train/patient00070/study1/view1_frontal.dcm,/home/jovyan/Desktop/MEDAGENT-X/outputs/chexpert_plus/raddino_features/patient00070__study1__view1_frontal.npz,success,,microsoft/rad-dino,/home/jovyan/Desktop/MEDAGENT-X/data/raw/chexpert_plus/dicom_train/patient00070/study1/view1_frontal.dcm,data/raw/chexpert_plus/dicom_train/patient00070/study1/view1_frontal.dcm,ok,,,,1752,2021,MONOCHROME2,PA,14,16,0,,"(1752, 2021)","(3, 224, 224)",0.0,1.0,0.2501624226570129,0.07374969124794,0.1929143965244293,0.0059661148115992,0.9994641378181268,0.0005361494841054,0.0010873273550098,4.023042678833008,True,True,True,True,
38,patient00076/study1,patient00076/study1/view1_frontal.dcm,/home/jovyan/Desktop/MEDAGENT-X/data/raw/chexpert_plus/dicom_train/patient00076/study1/view1_frontal.dcm,/home/jovyan/Desktop/MEDAGENT-X/outputs/chexpert_plus/convnext_features/patient00076_study1_view1_frontal.npz,ok,,data/raw/chexpert_plus/dicom_train/patient00076/study1/view1_frontal.dcm,/home/jovyan/Desktop/MEDAGENT-X/outputs/chexpert_plus/raddino_features/patient00076__study1__view1_frontal.npz,success,,microsoft/rad-dino,/home/jovyan/Desktop/MEDAGENT-X/data/raw/chexpert_plus/dicom_train/patient00076/study1/view1_frontal.dcm,data/raw/chexpert_plus/dicom_train/patient00076/study1/view1_frontal.dcm,ok,,,,2320,2828,MONOCHROME1,AP,12,16,0,,"(2320, 2828)","(3, 224, 224)",0.0,1.0,0.3453100323677063,0.0768033266067504,0.2202686220407486,0.0112138548865914,0.9979654823519664,0.0020386653486639,0.001591382968346,4.158990383148193,True,True,True,True,
39,patient00078/study6,patient00078/study6/view1_frontal.dcm,/home/jovyan/Desktop/MEDAGENT-X/data/raw/chexpert_plus/dicom_train/patient00078/study6/view1_frontal.dcm,/home/jovyan/Desktop/MEDAGENT-X/outputs/chexpert_plus/convnext_features/patient00078_study6_view1_frontal.npz,ok,,data/raw/chexpert_plus/dicom_train/patient00078/study6/view1_frontal.dcm,/home/jovyan/Desktop/MEDAGENT-X/outputs/chexpert_plus/raddino_features/patient00078__study6__view1_frontal.npz,success,,microsoft/rad-dino,/home/jovyan/Desktop/MEDAGENT-X/data/raw/chexpert_plus/dicom_train/patient00078/study6/view1_frontal.dcm,data/raw/chexpert_plus/dicom_train/patient00078/study6/view1_frontal.dcm,ok,,,,2320,2828,MONOCHROME1,AP,12,16,0,,"(2320, 2828)","(3, 224, 224)",0.0,1.0,0.3369780778884887,0.0834511443972587,0.2947496920824051,0.0092869894579052,0.9986805447272218,0.0013211985351517,0.0015022191874359,4.141282081604004,True,True,True,True,
40,patient00078/study7,patient00078/study7/view1_frontal.dcm,/home/jovyan/Desktop/MEDAGENT-X/data/raw/chexpert_plus/dicom_train/patient00078/study7/view1_frontal.dcm,/home/jovyan/Desktop/MEDAGENT-X/outputs/chexpert_plus/convnext_features/patient00078_study7_view1_frontal.npz,ok,,data/raw/chexpert_plus/dicom_train/patient00078/study7/view1_frontal.dcm,/home/jovyan/Desktop/MEDAGENT-X/outputs/chexpert_plus/raddino_features/patient00078__study7__view1_frontal.npz,success,,microsoft/rad-dino,/home/jovyan/Desktop/MEDAGENT-X/data/raw/chexpert_plus/dicom_train/patient00078/study7/view1_frontal.dcm,data/raw/chexpert_plus/dicom_train/patient00078/study7/view1_frontal.dcm,ok,,,,2320,2828,MONOCHROME1,AP,12,16,0,,"(2320, 2828)","(3, 224, 224)",0.0,1.0,0.2583647072315216,0.095987319946289,0.3306471370160579,0.0091819129884243,0.9987274349495148,0.0012741865357384,0.0012646015217285,4.215091228485107,True,True,True,True,
41,patient00078/study9,patient00078/study9/view1_frontal.dcm,/home/jovyan/Desktop/MEDAGENT-X/data/raw/chexpert_plus/dicom_train/patient00078/study9/view1_frontal.dcm,/home/jovyan/Desktop/MEDAGENT-X/outputs/chexpert_plus/convnext_features/patient00078_study9_view1_frontal.npz,ok,,data/raw/chexpert_plus/dicom_train/patient00078/study9/view1_frontal.dcm,/home/jovyan/Desktop/MEDAGENT-X/outputs/chexpert_plus/raddino_features/patient00078__study9__view1_frontal.npz,success,,microsoft/rad-dino,/home/jovyan/Desktop/MEDAGENT-X/data/raw/chexpert_plus/dicom_train/patient00078/study9/view1_frontal.dcm,data/raw/chexpert_plus/dicom_train/patient00078/study9/view1_frontal.dcm,ok,,,,2320,2828,MONOCHROME1,AP,12,16,0,,"(2320, 2828)","(3, 224, 224)",0.0,1.0,0.3334624469280243,0.0998767539858818,0.325274720788002,0.0096530662849545,0.9985794498151848,0.0014225710183382,0.001196776081549,4.352313995361328,True,True,True,True,
42,patient00078/study5,patient00078/study5/view1_frontal.dcm,/home/jovyan/Desktop/MEDAGENT-X/data/raw/chexpert_plus/dicom_train/patient00078/study5/view1_frontal.dcm,/home/jovyan/Desktop/MEDAGENT-X/outputs/chexpert_plus/convnext_features/patient00078_study5_view1_frontal.npz,ok,,data/raw/chexpert_plus/dicom_train/patient00078/study5/view1_frontal.dcm,/home/jovyan/Desktop/MEDAGENT-X/outputs/chexpert_plus/raddino_features/patient00078__study5__view1_frontal.npz,success,,microsoft/rad-dino,/home/jovyan/Desktop/MEDAGENT-X/data/raw/chexpert_plus/dicom_train/patient00078/study5/view1_frontal.dcm,data/raw/chexpert_plus/dicom_train/patient00078/study5/view1_frontal.dcm,ok,,,,2320,2828,MONOCHROME1,AP,12,16,0,,"(2320, 2828)","(3, 224, 224)",0.0,1.0,0.3144814968109131,0.1105663850903511,0.4065934084355831,0.0101596293970942,0.9984141471088752,0.0015883718151599,0.0011179766375652,4.561262130737305,True,True,True,True,
43,patient00078/study4,patient00078/study4/view1_frontal.dcm,/home/jovyan/Desktop/MEDAGENT-X/data/raw/chexpert_plus/dicom_train/patient00078/study4/view1_frontal.dcm,/home/jovyan/Desktop/MEDAGENT-X/outputs/chexpert_plus/convnext_features/patient00078_study4_view1_frontal.npz,ok,,data/raw/chexpert_plus/dicom_train/patient00078/study4/view1_frontal.dcm,/home/jovyan/Desktop/MEDAGENT-X/outputs/chexpert_plus/raddino_features/patient00078__study4__view1_frontal.npz,success,,microsoft/rad-dino,/home/jovyan/Desktop/MEDAGENT-X/data/raw/chexpert_plus/dicom_train/patient00078/study4/view1_frontal.dcm,data/raw/chexpert_plus/dicom_train/patient00078/study4/view1_frontal.dcm,ok,,,,2320,2828,MONOCHROME1,AP,12,16,0,,"(2320, 2828)","(3, 224, 224)",0.0,1.0,0.1911568790674209,0.0890775397419929,0.2913309019058943,0.0110379345715045,0.9982322698879228,0.0017708605155348,0.0013184046237136,4.23169469833374,True,True,True,True,
44,patient00078/study1,patient00078/study1/view1_frontal.dcm,/home/jovyan/Desktop/MEDAGENT-X/data/raw/chexpert_plus/dicom_train/patient00078/study1/view1_frontal.dcm,/home/jovyan/Desktop/MEDAGENT-X/outputs/chexpert_plus/convnext_features/patient00078_study1_view1_frontal.npz,ok,,data/raw/chexpert_plus/dicom_train/patient00078/study1/view1_frontal.dcm,/home/jovyan/Desktop/MEDAGENT-X/outputs/chexpert_plus/raddino_features/patient00078__study1__view1_frontal.npz,success,,microsoft/rad-dino,/home/jovyan/Desktop/MEDAGENT-X/data/raw/chexpert_plus/dicom_train/patient00078/study1/view1_frontal.dcm,data/raw/chexpert_plus/dicom_train/patient00078/study1/view1_frontal.dcm,ok,,,,2048,2494,MONOCHROME1,AP,12,16,0,,"(2048, 2494)","(3, 224, 224)",0.0,1.0,0.296951025724411,0.09389029443264,0.3025641068816185,0.0120438151061534,0.9976689625171774,0.0023364839144051,0.0020046157653368,4.427300453186035,True,True,True,True,
45,patient00078/study8,patient00078/study8/view1_frontal.dcm,/home/jovyan/Desktop/MEDAGENT-X/data/raw/chexpert_plus/dicom_train/patient00078/study8/view1_frontal.dcm,/home/jovyan/Desktop/MEDAGENT-X/outputs/chexpert_plus/convnext_features/patient00078_study8_view1_frontal.npz,ok,,data/raw/chexpert_plus/dicom_train/patient00078/study8/view1_frontal.dcm,/home/jovyan/Desktop/MEDAGENT-X/outputs/chexpert_plus/raddino_features/patient00078__study8__view1_frontal.npz,success,,microsoft/rad-dino,/home/jovyan/Desktop/MEDAGENT-X/data/raw/chexpert_plus/dicom_train/patient00078/study8/view1_frontal.dcm,data/raw/chexpert_plus/dicom_train/patient00078/study8/view1_frontal.dcm,ok,,,,2320,2828,MONOCHROME1,AP,12,16,0,,"(2320, 2828)","(3, 224, 224)",0.0,1.0,0.3712899386882782,0.101870872080326,0.3032967001199722,0.0093668336048722,0.9986397778593604,0.0013620748650282,0.0015273679461542,4.31876802444458,True,True,True,True,
46,patient00078/study3,patient00078/study3/view1_frontal.dcm,/home/jovyan/Desktop/MEDAGENT-X/data/raw/chexpert_plus/dicom_train/patient00078/study3/view1_frontal.dcm,/home/jovyan/Desktop/MEDAGENT-X/outputs/chexpert_plus/convnext_features/patient00078_study3_view1_frontal.npz,ok,,data/raw/chexpert_plus/dicom_train/patient00078/study3/view1_frontal.dcm,/home/jovyan/Desktop/MEDAGENT-X/outputs/chexpert_plus/raddino_features/patient00078__study3__view1_frontal.npz,success,,microsoft/rad-dino,/home/jovyan/Desktop/MEDAGENT-X/data/raw/chexpert_plus/dicom_train/patient00078/study3/view1_frontal.dcm,data/raw/chexpert_plus/dicom_train/patient00078/study3/view1_frontal.dcm,ok,,,,2320,2828,MONOCHROME1,AP,12,16,0,,"(2320, 2828)","(3, 224, 224)",0.0,1.0,0.2668072283267975,0.0991272702813148,0.3516483567655086,0.0115585764870047,0.9980512246153248,0.0019525805255398,0.0014161037409159,4.330826282501221,True,True,True,True,
47,patient00078/study2,patient00078/study2/view1_frontal.dcm,/home/jovyan/Desktop/MEDAGENT-X/data/raw/chexpert_plus/dicom_train/patient00078/study2/view1_frontal.dcm,/home/jovyan/Desktop/MEDAGENT-X/outputs/chexpert_plus/convnext_features/patient00078_study2_view1_frontal.npz,ok,,data/raw/chexpert_plus/dicom_train/patient00078/study2/view1_frontal.dcm,/home/jovyan/Desktop/MEDAGENT-X/outputs/chexpert_plus/raddino_features/patient00078__study2__view1_frontal.npz,success,,microsoft/rad-dino,/home/jovyan/Desktop/MEDAGENT-X/data/raw/chexpert_plus/dicom_train/patient00078/study2/view1_frontal.dcm,data/raw/chexpert_plus/dicom_train/patient00078/study2/view1_frontal.dcm,ok,,,,2320,2828,MONOCHROME1,AP,12,16,0,,"(2320, 2828)","(3, 224, 224)",0.0,1.0,0.2251306474208831,0.0971498414874076,0.313308922573924,0.0132057601585984,0.9975308941235422,0.0024752174504101,0.0023973625810856,4.292982578277588,True,True,True,True,
48,patient00079/study1,patient00079/study1/view1_frontal.dcm,/home/jovyan/Desktop/MEDAGENT-X/data/raw/chexpert_plus/dicom_train/patient00079/study1/view1_frontal.dcm,/home/jovyan/Desktop/MEDAGENT-X/outputs/chexpert_plus/convnext_features/patient00079_study1_view1_frontal.npz,ok,,data/raw/chexpert_plus/dicom_train/patient00079/study1/view1_frontal.dcm,/home/jovyan/Desktop/MEDAGENT-X/outputs/chexpert_plus/raddino_features/patient00079__study1__view1_frontal.npz,success,,microsoft/rad-dino,/home/jovyan/Desktop/MEDAGENT-X/data/raw/chexpert_plus/dicom_train/patient00079/study1/view1_frontal.dcm,data/raw/chexpert_plus/dicom_train/patient00079/study1/view1_frontal.dcm,ok,,,,2320,2828,MONOCHROME1,PA,12,16,0,,"(2320, 2828)","(3, 224, 224)",0.0,1.0,0.4417214393615722,0.1610260009765625,0.4739099442958832,0.0059618246741592,0.999276763921684,0.0007237595273181,0.0253400417012144,5.233305931091309,True,True,True,True,
48,patient00079/study1,patient00079/study1/view2_lateral.dcm,/home/jovyan/Desktop/MEDAGENT-X/data/raw/chexpert_plus/dicom_train/patient00079/study1/view2_lateral.dcm,/home/jovyan/Desktop/MEDAGENT-X/outputs/chexpert_plus/convnext_features/patient00079_study1_view2_lateral.npz,ok,,data/raw/chexpert_plus/dicom_train/patient00079/study1/view2_lateral.dcm,/home/jovyan/Desktop/MEDAGENT-X/outputs/chexpert_plus/raddino_features/patient00079__study1__view2_lateral.npz,success,,microsoft/rad-dino,/home/jovyan/Desktop/MEDAGENT-X/data/raw/chexpert_plus/dicom_train/patient00079/study1/view2_lateral.dcm,data/raw/chexpert_plus/dicom_train/patient00079/study1/view2_lateral.dcm,ok,,,,2828,2320,MONOCHROME1,PA,12,16,0,,"(2828, 2320)","(3, 224, 224)",0.0,1.0,0.2461206167936325,0.1546191722154617,0.4412698438391089,0.0037850053049623,0.9996939921535763,0.0003061015158891,0.0099166890211188,4.575003623962402,True,True,True,True,
49,patient00082/study1,patient00082/study1/view1_frontal.dcm,/home/jovyan/Desktop/MEDAGENT-X/data/raw/chexpert_plus/dicom_train/patient00082/study1/view1_frontal.dcm,/home/jovyan/Desktop/MEDAGENT-X/outputs/chexpert_plus/convnext_features/patient00082_study1_view1_frontal.npz,ok,,data/raw/chexpert_plus/dicom_train/patient00082/study1/view1_frontal.dcm,/home/jovyan/Desktop/MEDAGENT-X/outputs/chexpert_plus/raddino_features/patient00082__study1__view1_frontal.npz,success,,microsoft/rad-dino,/home/jovyan/Desktop/MEDAGENT-X/data/raw/chexpert_plus/dicom_train/patient00082/study1/view1_frontal.dcm,data/raw/chexpert_plus/dicom_train/patient00082/study1/view1_frontal.dcm,ok,,,,2320,2828,MONOCHROME1,PA,15,16,0,,"(2320, 2828)","(3, 224, 224)",0.0,1.0,0.5426168441772461,0.214039921760559,0.6552188396453857,0.0138536868616938,0.9962794062407232,0.0037344882730394,0.0011995195825001,5.616303443908691,True,True,True,True,
49,patient00082/study1,patient00082/study1/view2_lateral.dcm,/home/jovyan/Desktop/MEDAGENT-X/data/raw/chexpert_plus/dicom_train/patient00082/study1/view2_lateral.dcm,/home/jovyan/Desktop/MEDAGENT-X/outputs/chexpert_plus/convnext_features/patient00082_study1_view2_lateral.npz,ok,,data/raw/chexpert_plus/dicom_train/patient00082/study1/view2_lateral.dcm,/home/jovyan/Desktop/MEDAGENT-X/outputs/chexpert_plus/raddino_features/patient00082__study1__view2_lateral.npz,success,,microsoft/rad-dino,/home/jovyan/Desktop/MEDAGENT-X/data/raw/chexpert_plus/dicom_train/patient00082/study1/view2_lateral.dcm,data/raw/chexpert_plus/dicom_train/patient00082/study1/view2_lateral.dcm,ok,,,,2828,2320,MONOCHROME1,LL,15,16,0,,"(2828, 2320)","(3, 224, 224)",0.0,1.0,0.321184903383255,0.21172596514225,0.5736753232777119,0.0097770206630229,0.9980187401857282,0.001985192997381,0.0013571184704677,4.917245388031006,True,True,True,True,
50,patient00087/study3,patient00087/study3/view1_frontal.dcm,/home/jovyan/Desktop/MEDAGENT-X/data/raw/chexpert_plus/dicom_train/patient00087/study3/view1_frontal.dcm,/home/jovyan/Desktop/MEDAGENT-X/outputs/chexpert_plus/convnext_features/patient00087_study3_view1_frontal.npz,ok,,data/raw/chexpert_plus/dicom_train/patient00087/study3/view1_frontal.dcm,/home/jovyan/Desktop/MEDAGENT-X/outputs/chexpert_plus/raddino_features/patient00087__study3__view1_frontal.npz,success,,microsoft/rad-dino,/home/jovyan/Desktop/MEDAGENT-X/data/raw/chexpert_plus/dicom_train/patient00087/study3/view1_frontal.dcm,data/raw/chexpert_plus/dicom_train/patient00087/study3/view1_frontal.dcm,ok,,,,2320,2828,MONOCHROME1,PA,12,16,0,,"(2320, 2828)","(3, 224, 224)",0.0,1.0,0.4080357551574707,0.1054776608943939,0.3401709645986557,0.0055794310756027,0.9994483213271192,0.0005519831902347,0.0001917402331366,4.656731605529785,True,True,True,True,
50,patient00087/study3,patient00087/study3/view2_frontal.dcm,/home/jovyan/Desktop/MEDAGENT-X/data/raw/chexpert_plus/dicom_train/patient00087/study3/view2_frontal.dcm,/home/jovyan/Desktop/MEDAGENT-X/outputs/chexpert_plus/convnext_features/patient00087_study3_view2_frontal.npz,ok,,data/raw/chexpert_plus/dicom_train/patient00087/study3/view2_frontal.dcm,/home/jovyan/Desktop/MEDAGENT-X/outputs/chexpert_plus/raddino_features/patient00087__study3__view2_frontal.npz,success,,microsoft/rad-dino,/home/jovyan/Desktop/MEDAGENT-X/data/raw/chexpert_plus/dicom_train/patient00087/study3/view2_frontal.dcm,data/raw/chexpert_plus/dicom_train/patient00087/study3/view2_frontal.dcm,ok,,,,2320,2828,MONOCHROME1,PA,12,16,0,,"(2320, 2828)","(3, 224, 224)",0.0,1.0,0.4088348746299743,0.1037778258323669,0.3096459209918976,0.0054742810316383,0.9994876144742978,0.0005126481992192,0.000208201238843,4.6509623527526855,True,True,True,True,
50,patient00087/study3,patient00087/study3/view3_lateral.dcm,/home/jovyan/Desktop/MEDAGENT-X/data/raw/chexpert_plus/dicom_train/patient00087/study3/view3_lateral.dcm,/home/jovyan/Desktop/MEDAGENT-X/outputs/chexpert_plus/convnext_features/patient00087_study3_view3_lateral.npz,ok,,data/raw/chexpert_plus/dicom_train/patient00087/study3/view3_lateral.dcm,/home/jovyan/Desktop/MEDAGENT-X/outputs/chexpert_plus/raddino_features/patient00087__study3__view3_lateral.npz,success,,microsoft/rad-dino,/home/jovyan/Desktop/MEDAGENT-X/data/raw/chexpert_plus/dicom_train/patient00087/study3/view3_lateral.dcm,data/raw/chexpert_plus/dicom_train/patient00087/study3/view3_lateral.dcm,ok,,,,2828,2320,MONOCHROME1,PA,12,16,0,,"(2828, 2320)","(3, 224, 224)",0.0,1.0,0.2825221419334411,0.128927394747734,0.428571430966258,0.0052171116694808,0.9995631172202863,0.0004370737296994,0.0001594278886016,4.632401943206787,True,True,True,True,
51,patient00087/study1,patient00087/study1/view1_frontal.dcm,/home/jovyan/Desktop/MEDAGENT-X/data/raw/chexpert_plus/dicom_train/patient00087/study1/view1_frontal.dcm,/home/jovyan/Desktop/MEDAGENT-X/outputs/chexpert_plus/convnext_features/patient00087_study1_view1_frontal.npz,ok,,data/raw/chexpert_plus/dicom_train/patient00087/study1/view1_frontal.dcm,/home/jovyan/Desktop/MEDAGENT-X/outputs/chexpert_plus/raddino_features/patient00087__study1__view1_frontal.npz,success,,microsoft/rad-dino,/home/jovyan/Desktop/MEDAGENT-X/data/raw/chexpert_plus/dicom_train/patient00087/study1/view1_frontal.dcm,data/raw/chexpert_plus/dicom_train/patient00087/study1/view1_frontal.dcm,ok,,,,2320,2828,MONOCHROME1,AP,12,16,0,,"(2320, 2828)","(3, 224, 224)",0.0,1.0,0.3029371201992035,0.0824899226427078,0.2564102560281753,0.0093327462673187,0.9986004698501209,0.0014014915795996,0.0012126274203775,4.287574768066406,True,True,True,True,
52,patient00087/study2,patient00087/study2/view1_frontal.dcm,/home/jovyan/Desktop/MEDAGENT-X/data/raw/chexpert_plus/dicom_train/patient00087/study2/view1_frontal.dcm,/home/jovyan/Desktop/MEDAGENT-X/outputs/chexpert_plus/convnext_features/patient00087_study2_view1_frontal.npz,ok,,data/raw/chexpert_plus/dicom_train/patient00087/study2/view1_frontal.dcm,/home/jovyan/Desktop/MEDAGENT-X/outputs/chexpert_plus/raddino_features/patient00087__study2__view1_frontal.npz,success,,microsoft/rad-dino,/home/jovyan/Desktop/MEDAGENT-X/data/raw/chexpert_plus/dicom_train/patient00087/study2/view1_frontal.dcm,data/raw/chexpert_plus/dicom_train/patient00087/study2/view1_frontal.dcm,ok,,,,2320,2828,MONOCHROME1,AP,12,16,0,,"(2320, 2828)","(3, 224, 224)",0.0,1.0,0.2765892148017883,0.0900297239422798,0.2625152617692947,0.0099885882809758,0.9984615075346576,0.0015408630715683,0.0012380810125347,4.392165660858154,True,True,True,True,
53,patient00089/study1,patient00089/study1/view1_frontal.dcm,/home/jovyan/Desktop/MEDAGENT-X/data/raw/chexpert_plus/dicom_train/patient00089/study1/view1_frontal.dcm,/home/jovyan/Desktop/MEDAGENT-X/outputs/chexpert_plus/convnext_features/patient00089_study1_view1_frontal.npz,ok,,data/raw/chexpert_plus/dicom_train/patient00089/study1/view1_frontal.dcm,/home/jovyan/Desktop/MEDAGENT-X/outputs/chexpert_plus/raddino_features/patient00089__study1__view1_frontal.npz,success,,microsoft/rad-dino,/home/jovyan/Desktop/MEDAGENT-X/data/raw/chexpert_plus/dicom_train/patient00089/study1/view1_frontal.dcm,data/raw/chexpert_plus/dicom_train/patient00089/study1/view1_frontal.dcm,ok,,,,2320,2828,MONOCHROME1,PA,12,16,0,,"(2320, 2828)","(3, 224, 224)",0.0,1.0,0.3389574885368347,0.136105328798294,0.4673539474606514,0.0046486547216773,0.9995494841409291,0.0004507189150899,0.0170409513241964,5.0246405601501465,True,True,True,True,
53,patient00089/study1,patient00089/study1/view2_lateral.dcm,/home/jovyan/Desktop/MEDAGENT-X/data/raw/chexpert_plus/dicom_train/patient00089/study1/view2_lateral.dcm,/home/jovyan/Desktop/MEDAGENT-X/outputs/chexpert_plus/convnext_features/patient00089_study1_view2_lateral.npz,ok,,data/raw/chexpert_plus/dicom_train/patient00089/study1/view2_lateral.dcm,/home/jovyan/Desktop/MEDAGENT-X/outputs/chexpert_plus/raddino_features/patient00089__study1__view2_lateral.npz,success,,microsoft/rad-dino,/home/jovyan/Desktop/MEDAGENT-X/data/raw/chexpert_plus/dicom_train/patient00089/study1/view2_lateral.dcm,data/raw/chexpert_plus/dicom_train/patient00089/study1/view2_lateral.dcm,ok,,,,2828,2320,MONOCHROME1,PA,12,16,0,,"(2828, 2320)","(3, 224, 224)",0.0,1.0,0.4362629950046539,0.275182843208313,0.7564986757934093,0.0057268575765192,0.9993002090486808,0.0007002810016274,0.0512806052772764,5.107707500457764,True,True,True,True,
54,patient00095/study1,patient00095/study1/view1_frontal.dcm,/home/jovyan/Desktop/MEDAGENT-X/data/raw/chexpert_plus/dicom_train/patient00095/study1/view1_frontal.dcm,/home/jovyan/Desktop/MEDAGENT-X/outputs/chexpert_plus/convnext_features/patient00095_study1_view1_frontal.npz,ok,,data/raw/chexpert_plus/dicom_train/patient00095/study1/view1_frontal.dcm,/home/jovyan/Desktop/MEDAGENT-X/outputs/chexpert_plus/raddino_features/patient00095__study1__view1_frontal.npz,success,,microsoft/rad-dino,/home/jovyan/Desktop/MEDAGENT-X/data/raw/chexpert_plus/dicom_train/patient00095/study1/view1_frontal.dcm,data/raw/chexpert_plus/dicom_train/patient00095/study1/view1_frontal.dcm,ok,,,,2800,3408,MONOCHROME1,AP,15,16,0,,"(2800, 3408)","(3, 224, 224)",0.0,1.0,0.398877203464508,0.1152387037873268,0.3531780391931534,0.0071607674472033,0.9990982212687004,0.0009025926701724,0.0018794014084507,4.640887260437012,True,True,True,True,
55,patient00096/study1,patient00096/study1/view1_frontal.dcm,/home/jovyan/Desktop/MEDAGENT-X/data/raw/chexpert_plus/dicom_train/patient00096/study1/view1_frontal.dcm,/home/jovyan/Desktop/MEDAGENT-X/outputs/chexpert_plus/convnext_features/patient00096_study1_view1_frontal.npz,ok,,data/raw/chexpert_plus/dicom_train/patient00096/study1/view1_frontal.dcm,/home/jovyan/Desktop/MEDAGENT-X/outputs/chexpert_plus/raddino_features/patient00096__study1__view1_frontal.npz,success,,microsoft/rad-dino,/home/jovyan/Desktop/MEDAGENT-X/data/raw/chexpert_plus/dicom_train/patient00096/study1/view1_frontal.dcm,data/raw/chexpert_plus/dicom_train/patient00096/study1/view1_frontal.dcm,ok,,,,2320,2828,MONOCHROME1,PA,12,16,0,,"(2320, 2828)","(3, 224, 224)",0.0,1.0,0.4829169511795044,0.1101412773132324,0.3545787632465362,0.0069297780282795,0.9991193366528044,0.0008814395987428,0.0003197702775203,4.826072216033936,True,True,True,True,
55,patient00096/study1,patient00096/study1/view2_lateral.dcm,/home/jovyan/Desktop/MEDAGENT-X/data/raw/chexpert_plus/dicom_train/patient00096/study1/view2_lateral.dcm,/home/jovyan/Desktop/MEDAGENT-X/outputs/chexpert_plus/convnext_features/patient00096_study1_view2_lateral.npz,ok,,data/raw/chexpert_plus/dicom_train/patient00096/study1/view2_lateral.dcm,/home/jovyan/Desktop/MEDAGENT-X/outputs/chexpert_plus/raddino_features/patient00096__study1__view2_lateral.npz,success,,microsoft/rad-dino,/home/jovyan/Desktop/MEDAGENT-X/data/raw/chexpert_plus/dicom_train/patient00096/study1/view2_lateral.dcm,data/raw/chexpert_plus/dicom_train/patient00096/study1/view2_lateral.dcm,ok,,,,2828,2320,MONOCHROME1,PA,12,16,0,,"(2828, 2320)","(3, 224, 224)",0.0,1.0,0.3807727396488189,0.1609998196363449,0.514774139970541,0.0076931668445467,0.9989284359580668,0.0010727135231718,0.0002757218455835,4.665341377258301,True,True,True,True,
56,patient00096/study2,patient00096/study2/view1_frontal.dcm,/home/jovyan/Desktop/MEDAGENT-X/data/raw/chexpert_plus/dicom_train/patient00096/study2/view1_frontal.dcm,/home/jovyan/Desktop/MEDAGENT-X/outputs/chexpert_plus/convnext_features/patient00096_study2_view1_frontal.npz,ok,,data/raw/chexpert_plus/dicom_train/patient00096/study2/view1_frontal.dcm,/home/jovyan/Desktop/MEDAGENT-X/outputs/chexpert_plus/raddino_features/patient00096__study2__view1_frontal.npz,success,,microsoft/rad-dino,/home/jovyan/Desktop/MEDAGENT-X/data/raw/chexpert_plus/dicom_train/patient00096/study2/view1_frontal.dcm,data/raw/chexpert_plus/dicom_train/patient00096/study2/view1_frontal.dcm,ok,,,,2320,2828,MONOCHROME1,AP,12,16,0,,"(2320, 2828)","(3, 224, 224)",0.0,1.0,0.3377015292644501,0.0846964716911315,0.2661782652139663,0.0097745582461357,0.998444105380628,0.0015583191998302,0.001333646295664,4.352694511413574,True,True,True,True,
57,patient00102/study1,patient00102/study1/view1_frontal.dcm,/home/jovyan/Desktop/MEDAGENT-X/data/raw/chexpert_plus/dicom_train/patient00102/study1/view1_frontal.dcm,/home/jovyan/Desktop/MEDAGENT-X/outputs/chexpert_plus/convnext_features/patient00102_study1_view1_frontal.npz,ok,,data/raw/chexpert_plus/dicom_train/patient00102/study1/view1_frontal.dcm,/home/jovyan/Desktop/MEDAGENT-X/outputs/chexpert_plus/raddino_features/patient00102__study1__view1_frontal.npz,success,,microsoft/rad-dino,/home/jovyan/Desktop/MEDAGENT-X/data/raw/chexpert_plus/dicom_train/patient00102/study1/view1_frontal.dcm,data/raw/chexpert_plus/dicom_train/patient00102/study1/view1_frontal.dcm,ok,,,,2048,2494,MONOCHROME1,AP,12,16,0,,"(2048, 2494)","(3, 224, 224)",0.0,1.0,0.3804027140140533,0.1013924777507782,0.3037851303815841,0.0073319082148373,0.998841545452328,0.0011597981210798,0.0018701132718524,4.58159875869751,True,True,True,True,
58,patient00102/study3,patient00102/study3/view1_frontal.dcm,/home/jovyan/Desktop/MEDAGENT-X/data/raw/chexpert_plus/dicom_train/patient00102/study3/view1_frontal.dcm,/home/jovyan/Desktop/MEDAGENT-X/outputs/chexpert_plus/convnext_features/patient00102_study3_view1_frontal.npz,ok,,data/raw/chexpert_plus/dicom_train/patient00102/study3/view1_frontal.dcm,/home/jovyan/Desktop/MEDAGENT-X/outputs/chexpert_plus/raddino_features/patient00102__study3__view1_frontal.npz,success,,microsoft/rad-dino,/home/jovyan/Desktop/MEDAGENT-X/data/raw/chexpert_plus/dicom_train/patient00102/study3/view1_frontal.dcm,data/raw/chexpert_plus/dicom_train/patient00102/study3/view1_frontal.dcm,ok,,,,2320,2828,MONOCHROME1,AP,12,16,0,,"(2320, 2828)","(3, 224, 224)",0.0,1.0,0.4188932478427887,0.1259990036487579,0.524542149156332,0.012112102471292,0.9973788044506512,0.0026280842721462,0.0016776508315856,4.6633501052856445,True,True,True,True,
59,patient00102/study2,patient00102/study2/view1_frontal.dcm,/home/jovyan/Desktop/MEDAGENT-X/data/raw/chexpert_plus/dicom_train/patient00102/study2/view1_frontal.dcm,/home/jovyan/Desktop/MEDAGENT-X/outputs/chexpert_plus/convnext_features/patient00102_study2_view1_frontal.npz,ok,,data/raw/chexpert_plus/dicom_train/patient00102/study2/view1_frontal.dcm,/home/jovyan/Desktop/MEDAGENT-X/outputs/chexpert_plus/raddino_features/patient00102__study2__view1_frontal.npz,success,,microsoft/rad-dino,/home/jovyan/Desktop/MEDAGENT-X/data/raw/chexpert_plus/dicom_train/patient00102/study2/view1_frontal.dcm,data/raw/chexpert_plus/dicom_train/patient00102/study2/view1_frontal.dcm,ok,,,,2048,2494,MONOCHROME1,AP,12,16,0,,"(2048, 2494)","(3, 224, 224)",0.0,1.0,0.2415301352739334,0.0962467789649963,0.2815628871321678,0.0105327498167753,0.9982257962048852,0.0017773571889847,0.0010910951909583,4.509154796600342,True,True,True,True,
60,patient00107/study1,patient00107/study1/view1_frontal.dcm,/home/jovyan/Desktop/MEDAGENT-X/data/raw/chexpert_plus/dicom_train/patient00107/study1/view1_frontal.dcm,/home/jovyan/Desktop/MEDAGENT-X/outputs/chexpert_plus/convnext_features/patient00107_study1_view1_frontal.npz,ok,,data/raw/chexpert_plus/dicom_train/patient00107/study1/view1_frontal.dcm,/home/jovyan/Desktop/MEDAGENT-X/outputs/chexpert_plus/raddino_features/patient00107__study1__view1_frontal.npz,success,,microsoft/rad-dino,/home/jovyan/Desktop/MEDAGENT-X/data/raw/chexpert_plus/dicom_train/patient00107/study1/view1_frontal.dcm,data/raw/chexpert_plus/dicom_train/patient00107/study1/view1_frontal.dcm,ok,,,,2320,2828,MONOCHROME1,AP,12,16,0,,"(2320, 2828)","(3, 224, 224)",0.0,1.0,0.3939734697341919,0.1301508843898773,0.4017094224691391,0.009386490099132,0.998539976968392,0.0014621578156948,0.0009853740915963,4.782317161560059,True,True,True,True,
61,patient00113/study1,patient00113/study1/view1_frontal.dcm,/home/jovyan/Desktop/MEDAGENT-X/data/raw/chexpert_plus/dicom_train/patient00113/study1/view1_frontal.dcm,/home/jovyan/Desktop/MEDAGENT-X/outputs/chexpert_plus/convnext_features/patient00113_study1_view1_frontal.npz,ok,,data/raw/chexpert_plus/dicom_train/patient00113/study1/view1_frontal.dcm,/home/jovyan/Desktop/MEDAGENT-X/outputs/chexpert_plus/raddino_features/patient00113__study1__view1_frontal.npz,success,,microsoft/rad-dino,/home/jovyan/Desktop/MEDAGENT-X/data/raw/chexpert_plus/dicom_train/patient00113/study1/view1_frontal.dcm,data/raw/chexpert_plus/dicom_train/patient00113/study1/view1_frontal.dcm,ok,,,,2320,2828,MONOCHROME1,AP,12,16,0,,"(2320, 2828)","(3, 224, 224)",0.0,1.0,0.2510205507278442,0.0842019543051719,0.2686202749609947,0.0102419238537549,0.9983553431413192,0.0016473662108182,0.0012578951860703,4.2688469886779785,True,True,True,True,
62,patient00113/study2,patient00113/study2/view1_frontal.dcm,/home/jovyan/Desktop/MEDAGENT-X/data/raw/chexpert_plus/dicom_train/patient00113/study2/view1_frontal.dcm,/home/jovyan/Desktop/MEDAGENT-X/outputs/chexpert_plus/convnext_features/patient00113_study2_view1_frontal.npz,ok,,data/raw/chexpert_plus/dicom_train/patient00113/study2/view1_frontal.dcm,/home/jovyan/Desktop/MEDAGENT-X/outputs/chexpert_plus/raddino_features/patient00113__study2__view1_frontal.npz,success,,microsoft/rad-dino,/home/jovyan/Desktop/MEDAGENT-X/data/raw/chexpert_plus/dicom_train/patient00113/study2/view1_frontal.dcm,data/raw/chexpert_plus/dicom_train/patient00113/study2/view1_frontal.dcm,ok,,,,2320,2828,MONOCHROME1,AP,12,16,0,,"(2320, 2828)","(3, 224, 224)",0.0,1.0,0.3666827380657196,0.0732539966702461,0.2329670488834381,0.0090734595432877,0.9987357056093225,0.0012658948544412,0.001128493391211,4.067343711853027,True,True,True,True,
63,patient00114/study5,patient00114/study5/view1_frontal.dcm,/home/jovyan/Desktop/MEDAGENT-X/data/raw/chexpert_plus/dicom_train/patient00114/study5/view1_frontal.dcm,/home/jovyan/Desktop/MEDAGENT-X/outputs/chexpert_plus/convnext_features/patient00114_study5_view1_frontal.npz,ok,,data/raw/chexpert_plus/dicom_train/patient00114/study5/view1_frontal.dcm,/home/jovyan/Desktop/MEDAGENT-X/outputs/chexpert_plus/raddino_features/patient00114__study5__view1_frontal.npz,success,,microsoft/rad-dino,/home/jovyan/Desktop/MEDAGENT-X/data/raw/chexpert_plus/dicom_train/patient00114/study5/view1_frontal.dcm,data/raw/chexpert_plus/dicom_train/patient00114/study5/view1_frontal.dcm,ok,,,,2320,2828,MONOCHROME1,AP,12,16,0,,"(2320, 2828)","(3, 224, 224)",0.0,1.0,0.2490639686584472,0.0969247594475746,0.3521367590874433,0.0085927657783031,0.9988594487120862,0.0011418536305427,0.0010288128566551,4.355348587036133,True,True,True,True,
64,patient00114/study10,patient00114/study10/view1_frontal.dcm,/home/jovyan/Desktop/MEDAGENT-X/data/raw/chexpert_plus/dicom_train/patient00114/study10/view1_frontal.dcm,/home/jovyan/Desktop/MEDAGENT-X/outputs/chexpert_plus/convnext_features/patient00114_study10_view1_frontal.npz,ok,,data/raw/chexpert_plus/dicom_train/patient00114/study10/view1_frontal.dcm,/home/jovyan/Desktop/MEDAGENT-X/outputs/chexpert_plus/raddino_features/patient00114__study10__view1_frontal.npz,success,,microsoft/rad-dino,/home/jovyan/Desktop/MEDAGENT-X/data/raw/chexpert_plus/dicom_train/patient00114/study10/view1_frontal.dcm,data/raw/chexpert_plus/dicom_train/patient00114/study10/view1_frontal.dcm,ok,,,,2320,2828,MONOCHROME1,AP,12,16,0,,"(2320, 2828)","(3, 224, 224)",0.0,1.0,0.2194553464651107,0.0899567678570747,0.3120879214257002,0.0090143578127026,0.9987238042631176,0.0012778264936059,0.0011960139979515,4.173832893371582,True,True,True,True,
65,patient00114/study15,patient00114/study15/view1_frontal.dcm,/home/jovyan/Desktop/MEDAGENT-X/data/raw/chexpert_plus/dicom_train/patient00114/study15/view1_frontal.dcm,/home/jovyan/Desktop/MEDAGENT-X/outputs/chexpert_plus/convnext_features/patient00114_study15_view1_frontal.npz,ok,,data/raw/chexpert_plus/dicom_train/patient00114/study15/view1_frontal.dcm,/home/jovyan/Desktop/MEDAGENT-X/outputs/chexpert_plus/raddino_features/patient00114__study15__view1_frontal.npz,success,,microsoft/rad-dino,/home/jovyan/Desktop/MEDAGENT-X/data/raw/chexpert_plus/dicom_train/patient00114/study15/view1_frontal.dcm,data/raw/chexpert_plus/dicom_train/patient00114/study15/view1_frontal.dcm,ok,,,,2048,2494,MONOCHROME1,AP,12,16,0,,"(2048, 2494)","(3, 224, 224)",0.0,1.0,0.2216552346944809,0.0907843559980392,0.3054945133626461,0.0102879162877798,0.9983799935068356,0.00162263517268,0.0013988650887129,4.312661647796631,True,True,True,True,
66,patient00114/study16,patient00114/study16/view1_frontal.dcm,/home/jovyan/Desktop/MEDAGENT-X/data/raw/chexpert_plus/dicom_train/patient00114/study16/view1_frontal.dcm,/home/jovyan/Desktop/MEDAGENT-X/outputs/chexpert_plus/convnext_features/patient00114_study16_view1_frontal.npz,ok,,data/raw/chexpert_plus/dicom_train/patient00114/study16/view1_frontal.dcm,/home/jovyan/Desktop/MEDAGENT-X/outputs/chexpert_plus/raddino_features/patient00114__study16__view1_frontal.npz,success,,microsoft/rad-dino,/home/jovyan/Desktop/MEDAGENT-X/data/raw/chexpert_plus/dicom_train/patient00114/study16/view1_frontal.dcm,data/raw/chexpert_plus/dicom_train/patient00114/study16/view1_frontal.dcm,ok,,,,2048,2494,MONOCHROME1,AP,12,16,0,,"(2048, 2494)","(3, 224, 224)",0.0,1.0,0.1596276313066482,0.0769369527697563,0.2583638709038496,0.0086345514282584,0.9988710776611092,0.0011301982449367,0.0007578735841018,4.138875484466553,True,True,True,True,
67,patient00114/study20,patient00114/study20/view1_frontal.dcm,/home/jovyan/Desktop/MEDAGENT-X/data/raw/chexpert_plus/dicom_train/patient00114/study20/view1_frontal.dcm,/home/jovyan/Desktop/MEDAGENT-X/outputs/chexpert_plus/convnext_features/patient00114_study20_view1_frontal.npz,ok,,data/raw/chexpert_plus/dicom_train/patient00114/study20/view1_frontal.dcm,/home/jovyan/Desktop/MEDAGENT-X/outputs/chexpert_plus/raddino_features/patient00114__study20__view1_frontal.npz,success,,microsoft/rad-dino,/home/jovyan/Desktop/MEDAGENT-X/data/raw/chexpert_plus/dicom_train/patient00114/study20/view1_frontal.dcm,data/raw/chexpert_plus/dicom_train/patient00114/study20/view1_frontal.dcm,ok,,,,2320,2828,MONOCHROME1,AP,12,16,0,,"(2320, 2828)","(3, 224, 224)",0.0,1.0,0.2514722943305969,0.0949966311454773,0.3245421312749386,0.0084008947014808,0.9989259580280664,0.0010751967784017,0.0010524374481783,4.3774919509887695,True,True,True,True,
68,patient00114/study3,patient00114/study3/view1_frontal.dcm,/home/jovyan/Desktop/MEDAGENT-X/data/raw/chexpert_plus/dicom_train/patient00114/study3/view1_frontal.dcm,/home/jovyan/Desktop/MEDAGENT-X/outputs/chexpert_plus/convnext_features/patient00114_study3_view1_frontal.npz,ok,,data/raw/chexpert_plus/dicom_train/patient00114/study3/view1_frontal.dcm,/home/jovyan/Desktop/MEDAGENT-X/outputs/chexpert_plus/raddino_features/patient00114__study3__view1_frontal.npz,success,,microsoft/rad-dino,/home/jovyan/Desktop/MEDAGENT-X/data/raw/chexpert_plus/dicom_train/patient00114/study3/view1_frontal.dcm,data/raw/chexpert_plus/dicom_train/patient00114/study3/view1_frontal.dcm,ok,,,,2320,2828,MONOCHROME1,AP,12,16,0,,"(2320, 2828)","(3, 224, 224)",0.0,1.0,0.2574390172958374,0.1069527193903923,0.3675213735550642,0.0090829795226454,0.9987202831019604,0.001281356671825,0.0010827683753597,4.397181034088135,True,True,True,True,
69,patient00114/study17,patient00114/study17/view1_frontal.dcm,/home/jovyan/Desktop/MEDAGENT-X/data/raw/chexpert_plus/dicom_train/patient00114/study17/view1_frontal.dcm,/home/jovyan/Desktop/MEDAGENT-X/outputs/chexpert_plus/convnext_features/patient00114_study17_view1_frontal.npz,ok,,data/raw/chexpert_plus/dicom_train/patient00114/study17/view1_frontal.dcm,/home/jovyan/Desktop/MEDAGENT-X/outputs/chexpert_plus/raddino_features/patient00114__study17__view1_frontal.npz,success,,microsoft/rad-dino,/home/jovyan/Desktop/MEDAGENT-X/data/raw/chexpert_plus/dicom_train/patient00114/study17/view1_frontal.dcm,data/raw/chexpert_plus/dicom_train/patient00114/study17/view1_frontal.dcm,ok,,,,2048,2494,MONOCHROME1,AP,12,16,0,,"(2048, 2494)","(3, 224, 224)",0.0,1.0,0.1136547625064849,0.0664586350321769,0.2014652034267783,0.0082269264385104,0.9989869182565926,0.0010141091188415,0.0007220454089815,3.77754545211792,True,True,True,True,
70,patient00114/study13,patient00114/study13/view1_frontal.dcm,/home/jovyan/Desktop/MEDAGENT-X/data/raw/chexpert_plus/dicom_train/patient00114/study13/view1_frontal.dcm,/home/jovyan/Desktop/MEDAGENT-X/outputs/chexpert_plus/convnext_features/patient00114_study13_view1_frontal.npz,ok,,data/raw/chexpert_plus/dicom_train/patient00114/study13/view1_frontal.dcm,/home/jovyan/Desktop/MEDAGENT-X/outputs/chexpert_plus/raddino_features/patient00114__study13__view1_frontal.npz,success,,microsoft/rad-dino,/home/jovyan/Desktop/MEDAGENT-X/data/raw/chexpert_plus/dicom_train/patient00114/study13/view1_frontal.dcm,data/raw/chexpert_plus/dicom_train/patient00114/study13/view1_frontal.dcm,ok,,,,2320,2828,MONOCHROME1,AP,12,16,0,,"(2320, 2828)","(3, 224, 224)",0.0,1.0,0.2464661449193954,0.0953154787421226,0.3294261358678341,0.0090916128829121,0.9987062854429906,0.0012953904224559,0.0011589767351119,4.339692115783691,True,True,True,True,
71,patient00114/study19,patient00114/study19/view1_frontal.dcm,/home/jovyan/Desktop/MEDAGENT-X/data/raw/chexpert_plus/dicom_train/patient00114/study19/view1_frontal.dcm,/home/jovyan/Desktop/MEDAGENT-X/outputs/chexpert_plus/convnext_features/patient00114_study19_view1_frontal.npz,ok,,data/raw/chexpert_plus/dicom_train/patient00114/study19/view1_frontal.dcm,/home/jovyan/Desktop/MEDAGENT-X/outputs/chexpert_plus/raddino_features/patient00114__study19__view1_frontal.npz,success,,microsoft/rad-dino,/home/jovyan/Desktop/MEDAGENT-X/data/raw/chexpert_plus/dicom_train/patient00114/study19/view1_frontal.dcm,data/raw/chexpert_plus/dicom_train/patient00114/study19/view1_frontal.dcm,ok,,,,2320,2828,MONOCHROME1,AP,12,16,0,,"(2320, 2828)","(3, 224, 224)",0.0,1.0,0.3002497255802154,0.1149363294243812,0.362881563603878,0.0100657939910888,0.9984419274122776,0.001560503966175,0.0014825574306199,4.605024337768555,True,True,True,True,
72,patient00114/study7,patient00114/study7/view1_frontal.dcm,/home/jovyan/Desktop/MEDAGENT-X/data/raw/chexpert_plus/dicom_train/patient00114/study7/view1_frontal.dcm,/home/jovyan/Desktop/MEDAGENT-X/outputs/chexpert_plus/convnext_features/patient00114_study7_view1_frontal.npz,ok,,data/raw/chexpert_plus/dicom_train/patient00114/study7/view1_frontal.dcm,/home/jovyan/Desktop/MEDAGENT-X/outputs/chexpert_plus/raddino_features/patient00114__study7__view1_frontal.npz,success,,microsoft/rad-dino,/home/jovyan/Desktop/MEDAGENT-X/data/raw/chexpert_plus/dicom_train/patient00114/study7/view1_frontal.dcm,data/raw/chexpert_plus/dicom_train/patient00114/study7/view1_frontal.dcm,ok,,,,2320,2828,MONOCHROME1,AP,12,16,0,,"(2320, 2828)","(3, 224, 224)",0.0,1.0,0.2567400634288788,0.0813932046294212,0.2547008618712425,0.0097181275486946,0.9985102219829144,0.0014920007670298,0.0011751329073794,4.175488471984863,True,True,True,True,
73,patient00114/study2,patient00114/study2/view1_frontal.dcm,/home/jovyan/Desktop/MEDAGENT-X/data/raw/chexpert_plus/dicom_train/patient00114/study2/view1_frontal.dcm,/home/jovyan/Desktop/MEDAGENT-X/outputs/chexpert_plus/convnext_features/patient00114_study2_view1_frontal.npz,ok,,data/raw/chexpert_plus/dicom_train/patient00114/study2/view1_frontal.dcm,/home/jovyan/Desktop/MEDAGENT-X/outputs/chexpert_plus/raddino_features/patient00114__study2__view1_frontal.npz,success,,microsoft/rad-dino,/home/jovyan/Desktop/MEDAGENT-X/data/raw/chexpert_plus/dicom_train/patient00114/study2/view1_frontal.dcm,data/raw/chexpert_plus/dicom_train/patient00114/study2/view1_frontal.dcm,ok,,,,2320,2828,MONOCHROME1,AP,12,16,0,,"(2320, 2828)","(3, 224, 224)",0.0,1.0,0.208824336528778,0.0846839770674705,0.2913309000432491,0.0093975607305765,0.9986435775565164,0.0013582648243755,0.0010964858801151,4.232575416564941,True,True,True,True,
74,patient00114/study12,patient00114/study12/view1_frontal.dcm,/home/jovyan/Desktop/MEDAGENT-X/data/raw/chexpert_plus/dicom_train/patient00114/study12/view1_frontal.dcm,/home/jovyan/Desktop/MEDAGENT-X/outputs/chexpert_plus/convnext_features/patient00114_study12_view1_frontal.npz,ok,,data/raw/chexpert_plus/dicom_train/patient00114/study12/view1_frontal.dcm,/home/jovyan/Desktop/MEDAGENT-X/outputs/chexpert_plus/raddino_features/patient00114__study12__view1_frontal.npz,success,,microsoft/rad-dino,/home/jovyan/Desktop/MEDAGENT-X/data/raw/chexpert_plus/dicom_train/patient00114/study12/view1_frontal.dcm,data/raw/chexpert_plus/dicom_train/patient00114/study12/view1_frontal.dcm,ok,,,,2320,2828,MONOCHROME1,AP,12,16,0,,"(2320, 2828)","(3, 224, 224)",0.0,1.0,0.2442036271095276,0.0855781286954879,0.2710622809827328,0.0090285465121269,0.998750468192118,0.0012510950909927,0.0011649209871726,3.8547074794769287,True,True,True,True,
75,patient00114/study9,patient00114/study9/view1_frontal.dcm,/home/jovyan/Desktop/MEDAGENT-X/data/raw/chexpert_plus/dicom_train/patient00114/study9/view1_frontal.dcm,/home/jovyan/Desktop/MEDAGENT-X/outputs/chexpert_plus/convnext_features/patient00114_study9_view1_frontal.npz,ok,,data/raw/chexpert_plus/dicom_train/patient00114/study9/view1_frontal.dcm,/home/jovyan/Desktop/MEDAGENT-X/outputs/chexpert_plus/raddino_features/patient00114__study9__view1_frontal.npz,success,,microsoft/rad-dino,/home/jovyan/Desktop/MEDAGENT-X/data/raw/chexpert_plus/dicom_train/patient00114/study9/view1_frontal.dcm,data/raw/chexpert_plus/dicom_train/patient00114/study9/view1_frontal.dcm,ok,,,,2320,2828,MONOCHROME1,AP,12,16,0,,"(2320, 2828)","(3, 224, 224)",0.0,1.0,0.2528123259544372,0.0900432839989662,0.3006105050444603,0.0087361959740519,0.9988192763941794,0.0011821193620562,0.0010545712822513,4.446798801422119,True,True,True,True,
76,patient00114/study1,patient00114/study1/view1_frontal.dcm,/home/jovyan/Desktop/MEDAGENT-X/data/raw/chexpert_plus/dicom_train/patient00114/study1/view1_frontal.dcm,/home/jovyan/Desktop/MEDAGENT-X/outputs/chexpert_plus/convnext_features/patient00114_study1_view1_frontal.npz,ok,,data/raw/chexpert_plus/dicom_train/patient00114/study1/view1_frontal.dcm,/home/jovyan/Desktop/MEDAGENT-X/outputs/chexpert_plus/raddino_features/patient00114__study1__view1_frontal.npz,success,,microsoft/rad-dino,/home/jovyan/Desktop/MEDAGENT-X/data/raw/chexpert_plus/dicom_train/patient00114/study1/view1_frontal.dcm,data/raw/chexpert_plus/dicom_train/patient00114/study1/view1_frontal.dcm,ok,,,,2320,2828,MONOCHROME1,AP,12,16,0,,"(2320, 2828)","(3, 224, 224)",0.0,1.0,0.1657109260559082,0.0759017243981361,0.2385836523026228,0.011344158090651,0.9981407757456146,0.0018626874079927,0.001453293420475,3.985040903091431,True,True,True,True,
77,patient00114/study6,patient00114/study6/view1_frontal.dcm,/home/jovyan/Desktop/MEDAGENT-X/data/raw/chexpert_plus/dicom_train/patient00114/study6/view1_frontal.dcm,/home/jovyan/Desktop/MEDAGENT-X/outputs/chexpert_plus/convnext_features/patient00114_study6_view1_frontal.npz,ok,,data/raw/chexpert_plus/dicom_train/patient00114/study6/view1_frontal.dcm,/home/jovyan/Desktop/MEDAGENT-X/outputs/chexpert_plus/raddino_features/patient00114__study6__view1_frontal.npz,success,,microsoft/rad-dino,/home/jovyan/Desktop/MEDAGENT-X/data/raw/chexpert_plus/dicom_train/patient00114/study6/view1_frontal.dcm,data/raw/chexpert_plus/dicom_train/patient00114/study6/view1_frontal.dcm,ok,,,,2320,2828,MONOCHROME1,AP,12,16,0,,"(2320, 2828)","(3, 224, 224)",0.0,1.0,0.2653274536132812,0.1068576276302337,0.3658119700849056,0.0089331399649381,0.9987533523864988,0.0012482036836445,0.001163854070136,4.6253981590271,True,True,True,True,
78,patient00114/study18,patient00114/study18/view1_frontal.dcm,/home/jovyan/Desktop/MEDAGENT-X/data/raw/chexpert_plus/dicom_train/patient00114/study18/view1_frontal.dcm,/home/jovyan/Desktop/MEDAGENT-X/outputs/chexpert_plus/convnext_features/patient00114_study18_view1_frontal.npz,ok,,data/raw/chexpert_plus/dicom_train/patient00114/study18/view1_frontal.dcm,/home/jovyan/Desktop/MEDAGENT-X/outputs/chexpert_plus/raddino_features/patient00114__study18__view1_frontal.npz,success,,microsoft/rad-dino,/home/jovyan/Desktop/MEDAGENT-X/data/raw/chexpert_plus/dicom_train/patient00114/study18/view1_frontal.dcm,data/raw/chexpert_plus/dicom_train/patient00114/study18/view1_frontal.dcm,ok,,,,2320,2828,MONOCHROME1,AP,12,16,0,,"(2320, 2828)","(3, 224, 224)",0.0,1.0,0.2287074476480484,0.1054252535104751,0.3418803494423628,0.0082906819880008,0.9989297755857436,0.0010713710216805,0.0009478795785982,4.404531478881836,True,True,True,True,
79,patient00114/study4,patient00114/study4/view1_frontal.dcm,/home/jovyan/Desktop/MEDAGENT-X/data/raw/chexpert_plus/dicom_train/patient00114/study4/view1_frontal.dcm,/home/jovyan/Desktop/MEDAGENT-X/outputs/chexpert_plus/convnext_features/patient00114_study4_view1_frontal.npz,ok,,data/raw/chexpert_plus/dicom_train/patient00114/study4/view1_frontal.dcm,/home/jovyan/Desktop/MEDAGENT-X/outputs/chexpert_plus/raddino_features/patient00114__study4__view1_frontal.npz,success,,microsoft/rad-dino,/home/jovyan/Desktop/MEDAGENT-X/data/raw/chexpert_plus/dicom_train/patient00114/study4/view1_frontal.dcm,data/raw/chexpert_plus/dicom_train/patient00114/study4/view1_frontal.dcm,ok,,,,2320,2828,MONOCHROME1,AP,12,16,0,,"(2320, 2828)","(3, 224, 224)",0.0,1.0,0.2777590155601501,0.1031660139560699,0.331379733979702,0.0115658435970544,0.998042527422954,0.0019613117910921,0.0015473345364093,4.441266536712647,True,True,True,True,
80,patient00114/study8,patient00114/study8/view1_frontal.dcm,/home/jovyan/Desktop/MEDAGENT-X/data/raw/chexpert_plus/dicom_train/patient00114/study8/view1_frontal.dcm,/home/jovyan/Desktop/MEDAGENT-X/outputs/chexpert_plus/convnext_features/patient00114_study8_view1_frontal.npz,ok,,data/raw/chexpert_plus/dicom_train/patient00114/study8/view1_frontal.dcm,/home/jovyan/Desktop/MEDAGENT-X/outputs/chexpert_plus/raddino_features/patient00114__study8__view1_frontal.npz,success,,microsoft/rad-dino,/home/jovyan/Desktop/MEDAGENT-X/data/raw/chexpert_plus/dicom_train/patient00114/study8/view1_frontal.dcm,data/raw/chexpert_plus/dicom_train/patient00114/study8/view1_frontal.dcm,ok,,,,2320,2828,MONOCHROME1,AP,12,16,0,,"(2320, 2828)","(3, 224, 224)",0.0,1.0,0.1515460312366485,0.0732101127505302,0.2234432231634855,0.0094005847349762,0.9986724745679018,0.0013292900985106,0.0010635638687021,3.952890634536743,True,True,True,True,
81,patient00114/study14,patient00114/study14/view1_frontal.dcm,/home/jovyan/Desktop/MEDAGENT-X/data/raw/chexpert_plus/dicom_train/patient00114/study14/view1_frontal.dcm,/home/jovyan/Desktop/MEDAGENT-X/outputs/chexpert_plus/convnext_features/patient00114_study14_view1_frontal.npz,ok,,data/raw/chexpert_plus/dicom_train/patient00114/study14/view1_frontal.dcm,/home/jovyan/Desktop/MEDAGENT-X/outputs/chexpert_plus/raddino_features/patient00114__study14__view1_frontal.npz,success,,microsoft/rad-dino,/home/jovyan/Desktop/MEDAGENT-X/data/raw/chexpert_plus/dicom_train/patient00114/study14/view1_frontal.dcm,data/raw/chexpert_plus/dicom_train/patient00114/study14/view1_frontal.dcm,ok,,,,2320,2828,MONOCHROME1,AP,12,16,0,,"(2320, 2828)","(3, 224, 224)",0.0,1.0,0.2103685140609741,0.0884922072291374,0.3181929271668196,0.0082566300407052,0.9989615279742144,0.0010395515710115,0.0009257791542701,4.36216926574707,True,True,True,True,
82,patient00114/study11,patient00114/study11/view1_frontal.dcm,/home/jovyan/Desktop/MEDAGENT-X/data/raw/chexpert_plus/dicom_train/patient00114/study11/view1_frontal.dcm,/home/jovyan/Desktop/MEDAGENT-X/outputs/chexpert_plus/convnext_features/patient00114_study11_view1_frontal.npz,ok,,data/raw/chexpert_plus/dicom_train/patient00114/study11/view1_frontal.dcm,/home/jovyan/Desktop/MEDAGENT-X/outputs/chexpert_plus/raddino_features/patient00114__study11__view1_frontal.npz,success,,microsoft/rad-dino,/home/jovyan/Desktop/MEDAGENT-X/data/raw/chexpert_plus/dicom_train/patient00114/study11/view1_frontal.dcm,data/raw/chexpert_plus/dicom_train/patient00114/study11/view1_frontal.dcm,ok,,,,2320,2828,MONOCHROME1,AP,12,16,0,,"(2320, 2828)","(3, 224, 224)",0.0,1.0,0.2299844622611999,0.0996262729167938,0.3328449409455061,0.0087014390155673,0.9988353004503084,0.0011660576565191,0.0010295749402526,4.269359111785889,True,True,True,True,
83,patient00115/study1,patient00115/study1/view1_frontal.dcm,/home/jovyan/Desktop/MEDAGENT-X/data/raw/chexpert_plus/dicom_train/patient00115/study1/view1_frontal.dcm,/home/jovyan/Desktop/MEDAGENT-X/outputs/chexpert_plus/convnext_features/patient00115_study1_view1_frontal.npz,ok,,data/raw/chexpert_plus/dicom_train/patient00115/study1/view1_frontal.dcm,/home/jovyan/Desktop/MEDAGENT-X/outputs/chexpert_plus/raddino_features/patient00115__study1__view1_frontal.npz,success,,microsoft/rad-dino,/home/jovyan/Desktop/MEDAGENT-X/data/raw/chexpert_plus/dicom_train/patient00115/study1/view1_frontal.dcm,data/raw/chexpert_plus/dicom_train/patient00115/study1/view1_frontal.dcm,ok,,,,2320,2828,MONOCHROME1,AP,15,16,0,,"(2320, 2828)","(3, 224, 224)",0.0,1.0,0.5233871340751648,0.2391889840364456,0.7517315298318863,0.0164208151400089,0.99423002418115,0.005803461652249,0.0116995073891625,5.759745121002197,True,True,True,True,
84,patient00115/study2,patient00115/study2/view1_frontal.dcm,/home/jovyan/Desktop/MEDAGENT-X/data/raw/chexpert_plus/dicom_train/patient00115/study2/view1_frontal.dcm,/home/jovyan/Desktop/MEDAGENT-X/outputs/chexpert_plus/convnext_features/patient00115_study2_view1_frontal.npz,ok,,data/raw/chexpert_plus/dicom_train/patient00115/study2/view1_frontal.dcm,/home/jovyan/Desktop/MEDAGENT-X/outputs/chexpert_plus/raddino_features/patient00115__study2__view1_frontal.npz,success,,microsoft/rad-dino,/home/jovyan/Desktop/MEDAGENT-X/data/raw/chexpert_plus/dicom_train/patient00115/study2/view1_frontal.dcm,data/raw/chexpert_plus/dicom_train/patient00115/study2/view1_frontal.dcm,ok,,,,2320,2828,MONOCHROME1,AP,12,16,0,,"(2320, 2828)","(3, 224, 224)",0.0,1.0,0.3842979669570923,0.0825404673814773,0.2445470690727234,0.0060399915091693,0.9993717013378228,0.0006286936695687,0.0022836597083353,4.279232025146484,True,True,True,True,
85,patient00120/study1,patient00120/study1/view1_frontal.dcm,/home/jovyan/Desktop/MEDAGENT-X/data/raw/chexpert_plus/dicom_train/patient00120/study1/view1_frontal.dcm,/home/jovyan/Desktop/MEDAGENT-X/outputs/chexpert_plus/convnext_features/patient00120_study1_view1_frontal.npz,ok,,data/raw/chexpert_plus/dicom_train/patient00120/study1/view1_frontal.dcm,/home/jovyan/Desktop/MEDAGENT-X/outputs/chexpert_plus/raddino_features/patient00120__study1__view1_frontal.npz,success,,microsoft/rad-dino,/home/jovyan/Desktop/MEDAGENT-X/data/raw/chexpert_plus/dicom_train/patient00120/study1/view1_frontal.dcm,data/raw/chexpert_plus/dicom_train/patient00120/study1/view1_frontal.dcm,ok,,,,3480,4240,MONOCHROME1,AP,12,16,0,,"(3480, 4240)","(3, 224, 224)",0.0,1.0,0.2676362991333008,0.0976484045386314,0.348443329334259,0.0059180944226682,0.999355645591494,0.0006447698688134,0.0010735198438516,4.520546913146973,True,True,True,True,
86,patient00121/study1,patient00121/study1/view1_frontal.dcm,/home/jovyan/Desktop/MEDAGENT-X/data/raw/chexpert_plus/dicom_train/patient00121/study1/view1_frontal.dcm,/home/jovyan/Desktop/MEDAGENT-X/outputs/chexpert_plus/convnext_features/patient00121_study1_view1_frontal.npz,ok,,data/raw/chexpert_plus/dicom_train/patient00121/study1/view1_frontal.dcm,/home/jovyan/Desktop/MEDAGENT-X/outputs/chexpert_plus/raddino_features/patient00121__study1__view1_frontal.npz,success,,microsoft/rad-dino,/home/jovyan/Desktop/MEDAGENT-X/data/raw/chexpert_plus/dicom_train/patient00121/study1/view1_frontal.dcm,data/raw/chexpert_plus/dicom_train/patient00121/study1/view1_frontal.dcm,ok,,,,2320,2828,MONOCHROME1,AP,12,16,0,,"(2320, 2828)","(3, 224, 224)",0.0,1.0,0.254663735628128,0.0776784271001815,0.2210012227296829,0.0090367952361702,0.998807226490284,0.001194197917357,0.0021210310686241,4.108553409576416,True,True,True,True,
87,patient00122/study3,patient00122/study3/view1_frontal.dcm,/home/jovyan/Desktop/MEDAGENT-X/data/raw/chexpert_plus/dicom_train/patient00122/study3/view1_frontal.dcm,/home/jovyan/Desktop/MEDAGENT-X/outputs/chexpert_plus/convnext_features/patient00122_study3_view1_frontal.npz,ok,,data/raw/chexpert_plus/dicom_train/patient00122/study3/view1_frontal.dcm,/home/jovyan/Desktop/MEDAGENT-X/outputs/chexpert_plus/raddino_features/patient00122__study3__view1_frontal.npz,success,,microsoft/rad-dino,/home/jovyan/Desktop/MEDAGENT-X/data/raw/chexpert_plus/dicom_train/patient00122/study3/view1_frontal.dcm,data/raw/chexpert_plus/dicom_train/patient00122/study3/view1_frontal.dcm,ok,,,,1751,2012,MONOCHROME2,PA,14,16,0,,"(1751, 2012)","(3, 224, 224)",0.0,1.0,0.6474664211273193,0.0971389636397361,0.2849800884723663,0.0095055103302001,0.9988874869278036,0.0011137521360069,0.0012639752575353,4.450324535369873,True,True,True,True,
87,patient00122/study3,patient00122/study3/view2_lateral.dcm,/home/jovyan/Desktop/MEDAGENT-X/data/raw/chexpert_plus/dicom_train/patient00122/study3/view2_lateral.dcm,/home/jovyan/Desktop/MEDAGENT-X/outputs/chexpert_plus/convnext_features/patient00122_study3_view2_lateral.npz,ok,,data/raw/chexpert_plus/dicom_train/patient00122/study3/view2_lateral.dcm,/home/jovyan/Desktop/MEDAGENT-X/outputs/chexpert_plus/raddino_features/patient00122__study3__view2_lateral.npz,success,,microsoft/rad-dino,/home/jovyan/Desktop/MEDAGENT-X/data/raw/chexpert_plus/dicom_train/patient00122/study3/view2_lateral.dcm,data/raw/chexpert_plus/dicom_train/patient00122/study3/view2_lateral.dcm,ok,,,,2021,1641,MONOCHROME2,LL,14,16,0,,"(2021, 1641)","(3, 224, 224)",0.0,1.0,0.2711975276470184,0.09305040538311,0.3421839810907841,0.0074166595004498,0.999380735759595,0.0006196479662321,0.0028262054038928,3.627915382385254,True,True,True,True,
88,patient00122/study5,patient00122/study5/view1_frontal.dcm,/home/jovyan/Desktop/MEDAGENT-X/data/raw/chexpert_plus/dicom_train/patient00122/study5/view1_frontal.dcm,/home/jovyan/Desktop/MEDAGENT-X/outputs/chexpert_plus/convnext_features/patient00122_study5_view1_frontal.npz,ok,,data/raw/chexpert_plus/dicom_train/patient00122/study5/view1_frontal.dcm,/home/jovyan/Desktop/MEDAGENT-X/outputs/chexpert_plus/raddino_features/patient00122__study5__view1_frontal.npz,success,,microsoft/rad-dino,/home/jovyan/Desktop/MEDAGENT-X/data/raw/chexpert_plus/dicom_train/patient00122/study5/view1_frontal.dcm,data/raw/chexpert_plus/dicom_train/patient00122/study5/view1_frontal.dcm,ok,,,,2320,2828,MONOCHROME1,AP,12,16,0,,"(2320, 2828)","(3, 224, 224)",0.0,1.0,0.3870697617530823,0.1282081454992294,0.4796093069016933,0.0106289163231849,0.9981966060484077,0.0018066520569846,0.0013726649758571,4.408243656158447,True,True,True,True,
89,patient00122/study1,patient00122/study1/view1_frontal.dcm,/home/jovyan/Desktop/MEDAGENT-X/data/raw/chexpert_plus/dicom_train/patient00122/study1/view1_frontal.dcm,/home/jovyan/Desktop/MEDAGENT-X/outputs/chexpert_plus/convnext_features/patient00122_study1_view1_frontal.npz,ok,,data/raw/chexpert_plus/dicom_train/patient00122/study1/view1_frontal.dcm,/home/jovyan/Desktop/MEDAGENT-X/outputs/chexpert_plus/raddino_features/patient00122__study1__view1_frontal.npz,success,,microsoft/rad-dino,/home/jovyan/Desktop/MEDAGENT-X/data/raw/chexpert_plus/dicom_train/patient00122/study1/view1_frontal.dcm,data/raw/chexpert_plus/dicom_train/patient00122/study1/view1_frontal.dcm,ok,,,,2022,2022,MONOCHROME2,PA,14,16,0,,"(2022, 2022)","(3, 224, 224)",0.0,1.0,0.2443120926618576,0.0557459630072116,0.1316130757331848,0.0044930232688784,0.9996963359979166,0.0003037562419194,0.0001761043946851,3.4260854721069336,True,True,True,True,
90,patient00122/study4,patient00122/study4/view1_frontal.dcm,/home/jovyan/Desktop/MEDAGENT-X/data/raw/chexpert_plus/dicom_train/patient00122/study4/view1_frontal.dcm,/home/jovyan/Desktop/MEDAGENT-X/outputs/chexpert_plus/convnext_features/patient00122_study4_view1_frontal.npz,ok,,data/raw/chexpert_plus/dicom_train/patient00122/study4/view1_frontal.dcm,/home/jovyan/Desktop/MEDAGENT-X/outputs/chexpert_plus/raddino_features/patient00122__study4__view1_frontal.npz,success,,microsoft/rad-dino,/home/jovyan/Desktop/MEDAGENT-X/data/raw/chexpert_plus/dicom_train/patient00122/study4/view1_frontal.dcm,data/raw/chexpert_plus/dicom_train/patient00122/study4/view1_frontal.dcm,ok,,,,2320,2828,MONOCHROME1,AP,12,16,0,,"(2320, 2828)","(3, 224, 224)",0.0,1.0,0.242642804980278,0.1018281802535057,0.359951164573431,0.0097900228574872,0.9985482835257844,0.0014538270188495,0.0010253072721065,4.542555332183838,True,True,True,True,
91,patient00122/study8,patient00122/study8/view1_frontal.dcm,/home/jovyan/Desktop/MEDAGENT-X/data/raw/chexpert_plus/dicom_train/patient00122/study8/view1_frontal.dcm,/home/jovyan/Desktop/MEDAGENT-X/outputs/chexpert_plus/convnext_features/patient00122_study8_view1_frontal.npz,ok,,data/raw/chexpert_plus/dicom_train/patient00122/study8/view1_frontal.dcm,/home/jovyan/Desktop/MEDAGENT-X/outputs/chexpert_plus/raddino_features/patient00122__study8__view1_frontal.npz,success,,microsoft/rad-dino,/home/jovyan/Desktop/MEDAGENT-X/data/raw/chexpert_plus/dicom_train/patient00122/study8/view1_frontal.dcm,data/raw/chexpert_plus/dicom_train/patient00122/study8/view1_frontal.dcm,ok,,,,2320,2828,MONOCHROME1,AP,12,16,0,,"(2320, 2828)","(3, 224, 224)",0.0,1.0,0.3449061214923858,0.1140828356146812,0.3445665687322616,0.0101193487644195,0.99841973314865,0.0015827680472284,0.0017817514510071,4.7503581047058105,True,True,True,True,
92,patient00122/study2,patient00122/study2/view1_frontal.dcm,/home/jovyan/Desktop/MEDAGENT-X/data/raw/chexpert_plus/dicom_train/patient00122/study2/view1_frontal.dcm,/home/jovyan/Desktop/MEDAGENT-X/outputs/chexpert_plus/convnext_features/patient00122_study2_view1_frontal.npz,ok,,data/raw/chexpert_plus/dicom_train/patient00122/study2/view1_frontal.dcm,/home/jovyan/Desktop/MEDAGENT-X/outputs/chexpert_plus/raddino_features/patient00122__study2__view1_frontal.npz,success,,microsoft/rad-dino,/home/jovyan/Desktop/MEDAGENT-X/data/raw/chexpert_plus/dicom_train/patient00122/study2/view1_frontal.dcm,data/raw/chexpert_plus/dicom_train/patient00122/study2/view1_frontal.dcm,ok,,,,2048,2494,MONOCHROME1,AP,12,16,0,,"(2048, 2494)","(3, 224, 224)",0.0,1.0,0.2288996279239654,0.1003353893756866,0.331868140026927,0.0172735769301652,0.9954106920808348,0.0046104667708277,0.0031192048416198,4.316728591918945,True,True,True,True,
93,patient00122/study7,patient00122/study7/view1_frontal.dcm,/home/jovyan/Desktop/MEDAGENT-X/data/raw/chexpert_plus/dicom_train/patient00122/study7/view1_frontal.dcm,/home/jovyan/Desktop/MEDAGENT-X/outputs/chexpert_plus/convnext_features/patient00122_study7_view1_frontal.npz,ok,,data/raw/chexpert_plus/dicom_train/patient00122/study7/view1_frontal.dcm,/home/jovyan/Desktop/MEDAGENT-X/outputs/chexpert_plus/raddino_features/patient00122__study7__view1_frontal.npz,success,,microsoft/rad-dino,/home/jovyan/Desktop/MEDAGENT-X/data/raw/chexpert_plus/dicom_train/patient00122/study7/view1_frontal.dcm,data/raw/chexpert_plus/dicom_train/patient00122/study7/view1_frontal.dcm,ok,,,,2320,2828,MONOCHROME1,AP,12,16,0,,"(2320, 2828)","(3, 224, 224)",0.0,1.0,0.3931505382061004,0.1170060113072395,0.4644688889384269,0.0096689313650131,0.9985170942266444,0.001485108048655,0.0010815490416036,4.641035079956055,True,True,True,True,
94,patient00122/study6,patient00122/study6/view1_frontal.dcm,/home/jovyan/Desktop/MEDAGENT-X/data/raw/chexpert_plus/dicom_train/patient00122/study6/view1_frontal.dcm,/home/jovyan/Desktop/MEDAGENT-X/outputs/chexpert_plus/convnext_features/patient00122_study6_view1_frontal.npz,ok,,data/raw/chexpert_plus/dicom_train/patient00122/study6/view1_frontal.dcm,/home/jovyan/Desktop/MEDAGENT-X/outputs/chexpert_plus/raddino_features/patient00122__study6__view1_frontal.npz,success,,microsoft/rad-dino,/home/jovyan/Desktop/MEDAGENT-X/data/raw/chexpert_plus/dicom_train/patient00122/study6/view1_frontal.dcm,data/raw/chexpert_plus/dicom_train/patient00122/study6/view1_frontal.dcm,ok,,,,2320,2828,MONOCHROME1,AP,12,16,0,,"(2320, 2828)","(3, 224, 224)",0.0,1.0,0.4168361723423004,0.0974276810884475,0.2854700982570648,0.0110460016876459,0.9980681792477988,0.0019355599069967,0.0015147173584353,4.483218669891357,True,True,True,True,
95,patient00124/study6,patient00124/study6/view1_frontal.dcm,/home/jovyan/Desktop/MEDAGENT-X/data/raw/chexpert_plus/dicom_train/patient00124/study6/view1_frontal.dcm,/home/jovyan/Desktop/MEDAGENT-X/outputs/chexpert_plus/convnext_features/patient00124_study6_view1_frontal.npz,ok,,data/raw/chexpert_plus/dicom_train/patient00124/study6/view1_frontal.dcm,/home/jovyan/Desktop/MEDAGENT-X/outputs/chexpert_plus/raddino_features/patient00124__study6__view1_frontal.npz,success,,microsoft/rad-dino,/home/jovyan/Desktop/MEDAGENT-X/data/raw/chexpert_plus/dicom_train/patient00124/study6/view1_frontal.dcm,data/raw/chexpert_plus/dicom_train/patient00124/study6/view1_frontal.dcm,ok,,,,2320,2828,MONOCHROME1,AP,12,16,0,,"(2320, 2828)","(3, 224, 224)",0.0,1.0,0.1426093131303787,0.0689800605177879,0.208791209384799,0.0087407100945711,0.9989138278372408,0.0010873532155528,0.0007962249426913,3.8726766109466553,True,True,True,True,
96,patient00124/study4,patient00124/study4/view1_frontal.dcm,/home/jovyan/Desktop/MEDAGENT-X/data/raw/chexpert_plus/dicom_train/patient00124/study4/view1_frontal.dcm,/home/jovyan/Desktop/MEDAGENT-X/outputs/chexpert_plus/convnext_features/patient00124_study4_view1_frontal.npz,ok,,data/raw/chexpert_plus/dicom_train/patient00124/study4/view1_frontal.dcm,/home/jovyan/Desktop/MEDAGENT-X/outputs/chexpert_plus/raddino_features/patient00124__study4__view1_frontal.npz,success,,microsoft/rad-dino,/home/jovyan/Desktop/MEDAGENT-X/data/raw/chexpert_plus/dicom_train/patient00124/study4/view1_frontal.dcm,data/raw/chexpert_plus/dicom_train/patient00124/study4/view1_frontal.dcm,ok,,,,2320,2828,MONOCHROME1,AP,12,16,0,,"(2320, 2828)","(3, 224, 224)",0.0,1.0,0.2008691430091858,0.0949237048625946,0.3084249179810285,0.0094403773546218,0.9986286987864712,0.0013731842627748,0.0012060735014388,4.273351192474365,True,True,True,True,
97,patient00124/study2,patient00124/study2/view1_frontal.dcm,/home/jovyan/Desktop/MEDAGENT-X/data/raw/chexpert_plus/dicom_train/patient00124/study2/view1_frontal.dcm,/home/jovyan/Desktop/MEDAGENT-X/outputs/chexpert_plus/convnext_features/patient00124_study2_view1_frontal.npz,ok,,data/raw/chexpert_plus/dicom_train/patient00124/study2/view1_frontal.dcm,/home/jovyan/Desktop/MEDAGENT-X/outputs/chexpert_plus/raddino_features/patient00124__study2__view1_frontal.npz,success,,microsoft/rad-dino,/home/jovyan/Desktop/MEDAGENT-X/data/raw/chexpert_plus/dicom_train/patient00124/study2/view1_frontal.dcm,data/raw/chexpert_plus/dicom_train/patient00124/study2/view1_frontal.dcm,ok,,,,2320,2828,MONOCHROME1,AP,12,16,0,,"(2320, 2828)","(3, 224, 224)",0.0,1.0,0.2368592172861099,0.0867095589637756,0.2901098951697349,0.0084486687555909,0.9988886143434708,0.0011126222088932,0.0010234782714724,4.309414863586426,True,True,True,True,
98,patient00124/study3,patient00124/study3/view1_frontal.dcm,/home/jovyan/Desktop/MEDAGENT-X/data/raw/chexpert_plus/dicom_train/patient00124/study3/view1_frontal.dcm,/home/jovyan/Desktop/MEDAGENT-X/outputs/chexpert_plus/convnext_features/patient00124_study3_view1_frontal.npz,ok,,data/raw/chexpert_plus/dicom_train/patient00124/study3/view1_frontal.dcm,/home/jovyan/Desktop/MEDAGENT-X/outputs/chexpert_plus/raddino_features/patient00124__study3__view1_frontal.npz,success,,microsoft/rad-dino,/home/jovyan/Desktop/MEDAGENT-X/data/raw/chexpert_plus/dicom_train/patient00124/study3/view1_frontal.dcm,data/raw/chexpert_plus/dicom_train/patient00124/study3/view1_frontal.dcm,ok,,,,2320,2828,MONOCHROME1,AP,12,16,0,,"(2320, 2828)","(3, 224, 224)",0.0,1.0,0.2649142444133758,0.1051696985960006,0.3811965864151716,0.0090657174587249,0.9987339918964576,0.0012676129117608,0.0009579390820855,4.463823318481445,True,True,True,True,
99,patient00124/study5,patient00124/study5/view1_frontal.dcm,/home/jovyan/Desktop/MEDAGENT-X/data/raw/chexpert_plus/dicom_train/patient00124/study5/view1_frontal.dcm,/home/jovyan/Desktop/MEDAGENT-X/outputs/chexpert_plus/convnext_features/patient00124_study5_view1_frontal.npz,ok,,data/raw/chexpert_plus/dicom_train/patient00124/study5/view1_frontal.dcm,/home/jovyan/Desktop/MEDAGENT-X/outputs/chexpert_plus/raddino_features/patient00124__study5__view1_frontal.npz,success,,microsoft/rad-dino,/home/jovyan/Desktop/MEDAGENT-X/data/raw/chexpert_plus/dicom_train/patient00124/study5/view1_frontal.dcm,data/raw/chexpert_plus/dicom_train/patient00124/study5/view1_frontal.dcm,ok,,,,2320,2828,MONOCHROME1,AP,12,16,0,,"(2320, 2828)","(3, 224, 224)",0.0,1.0,0.262989729642868,0.1067523211240768,0.3645909689366817,0.0092656156048178,0.9986332671951932,0.0013686033198609,0.0011419060625274,4.48043966293335,True,True,True,True,
100,patient00124/study1,patient00124/study1/view1_frontal.dcm,/home/jovyan/Desktop/MEDAGENT-X/data/raw/chexpert_plus/dicom_train/patient00124/study1/view1_frontal.dcm,/home/jovyan/Desktop/MEDAGENT-X/outputs/chexpert_plus/convnext_features/patient00124_study1_view1_frontal.npz,ok,,data/raw/chexpert_plus/dicom_train/patient00124/study1/view1_frontal.dcm,/home/jovyan/Desktop/MEDAGENT-X/outputs/chexpert_plus/raddino_features/patient00124__study1__view1_frontal.npz,success,,microsoft/rad-dino,/home/jovyan/Desktop/MEDAGENT-X/data/raw/chexpert_plus/dicom_train/patient00124/study1/view1_frontal.dcm,data/raw/chexpert_plus/dicom_train/patient00124/study1/view1_frontal.dcm,ok,,,,2320,2828,MONOCHROME1,AP,12,16,0,,"(2320, 2828)","(3, 224, 224)",0.0,1.0,0.263102650642395,0.0828983187675476,0.2783882841467857,0.0088754864409565,0.998780046461632,0.0012214436428621,0.0010393296103009,4.230724334716797,True,True,True,True,
101,patient00124/study7,patient00124/study7/view1_frontal.dcm,/home/jovyan/Desktop/MEDAGENT-X/data/raw/chexpert_plus/dicom_train/patient00124/study7/view1_frontal.dcm,/home/jovyan/Desktop/MEDAGENT-X/outputs/chexpert_plus/convnext_features/patient00124_study7_view1_frontal.npz,ok,,data/raw/chexpert_plus/dicom_train/patient00124/study7/view1_frontal.dcm,/home/jovyan/Desktop/MEDAGENT-X/outputs/chexpert_plus/raddino_features/patient00124__study7__view1_frontal.npz,success,,microsoft/rad-dino,/home/jovyan/Desktop/MEDAGENT-X/data/raw/chexpert_plus/dicom_train/patient00124/study7/view1_frontal.dcm,data/raw/chexpert_plus/dicom_train/patient00124/study7/view1_frontal.dcm,ok,,,,2320,2828,MONOCHROME1,PA,15,16,0,,"(2320, 2828)","(3, 224, 224)",0.0,1.0,0.4071732759475708,0.1928099393844604,0.633818868547678,0.012258805334568,0.9969219516030788,0.0030875520315021,0.0027742891284202,5.360798358917236,True,True,True,True,
101,patient00124/study7,patient00124/study7/view2_lateral.dcm,/home/jovyan/Desktop/MEDAGENT-X/data/raw/chexpert_plus/dicom_train/patient00124/study7/view2_lateral.dcm,/home/jovyan/Desktop/MEDAGENT-X/outputs/chexpert_plus/convnext_features/patient00124_study7_view2_lateral.npz,ok,,data/raw/chexpert_plus/dicom_train/patient00124/study7/view2_lateral.dcm,/home/jovyan/Desktop/MEDAGENT-X/outputs/chexpert_plus/raddino_features/patient00124__study7__view2_lateral.npz,success,,microsoft/rad-dino,/home/jovyan/Desktop/MEDAGENT-X/data/raw/chexpert_plus/dicom_train/patient00124/study7/view2_lateral.dcm,data/raw/chexpert_plus/dicom_train/patient00124/study7/view2_lateral.dcm,ok,,,,2828,2320,MONOCHROME1,LL,15,16,0,,"(2828, 2320)","(3, 224, 224)",0.0,1.0,0.3376822173595428,0.1828638762235641,0.5224125795066357,0.0080214133486151,0.9986508402272752,0.0013509824639186,0.0102253328781153,4.976366996765137,True,True,True,True,
102,patient00125/study1,patient00125/study1/view1_frontal.dcm,/home/jovyan/Desktop/MEDAGENT-X/data/raw/chexpert_plus/dicom_train/patient00125/study1/view1_frontal.dcm,/home/jovyan/Desktop/MEDAGENT-X/outputs/chexpert_plus/convnext_features/patient00125_study1_view1_frontal.npz,ok,,data/raw/chexpert_plus/dicom_train/patient00125/study1/view1_frontal.dcm,/home/jovyan/Desktop/MEDAGENT-X/outputs/chexpert_plus/raddino_features/patient00125__study1__view1_frontal.npz,success,,microsoft/rad-dino,/home/jovyan/Desktop/MEDAGENT-X/data/raw/chexpert_plus/dicom_train/patient00125/study1/view1_frontal.dcm,data/raw/chexpert_plus/dicom_train/patient00125/study1/view1_frontal.dcm,ok,,,,2320,2828,MONOCHROME1,PA,12,16,0,,"(2320, 2828)","(3, 224, 224)",0.0,1.0,0.4640755355358124,0.1655593514442443,0.5267857313156128,0.0062118251807987,0.9992161018452852,0.0007845131331123,0.0504734063307808,5.391340732574463,True,True,True,True,
102,patient00125/study1,patient00125/study1/view2_lateral.dcm,/home/jovyan/Desktop/MEDAGENT-X/data/raw/chexpert_plus/dicom_train/patient00125/study1/view2_lateral.dcm,/home/jovyan/Desktop/MEDAGENT-X/outputs/chexpert_plus/convnext_features/patient00125_study1_view2_lateral.npz,ok,,data/raw/chexpert_plus/dicom_train/patient00125/study1/view2_lateral.dcm,/home/jovyan/Desktop/MEDAGENT-X/outputs/chexpert_plus/raddino_features/patient00125__study1__view2_lateral.npz,success,,microsoft/rad-dino,/home/jovyan/Desktop/MEDAGENT-X/data/raw/chexpert_plus/dicom_train/patient00125/study1/view2_lateral.dcm,data/raw/chexpert_plus/dicom_train/patient00125/study1/view2_lateral.dcm,ok,,,,2828,2320,MONOCHROME1,PA,12,16,0,,"(2828, 2320)","(3, 224, 224)",0.0,1.0,0.3835146725177765,0.2116033732891082,0.6381507199257612,0.0055560213513672,0.9993727861876568,0.0006276074564084,0.0519640418475345,5.091162204742432,True,True,True,True,
103,patient00126/study1,patient00126/study1/view1_frontal.dcm,/home/jovyan/Desktop/MEDAGENT-X/data/raw/chexpert_plus/dicom_train/patient00126/study1/view1_frontal.dcm,/home/jovyan/Desktop/MEDAGENT-X/outputs/chexpert_plus/convnext_features/patient00126_study1_view1_frontal.npz,ok,,data/raw/chexpert_plus/dicom_train/patient00126/study1/view1_frontal.dcm,/home/jovyan/Desktop/MEDAGENT-X/outputs/chexpert_plus/raddino_features/patient00126__study1__view1_frontal.npz,success,,microsoft/rad-dino,/home/jovyan/Desktop/MEDAGENT-X/data/raw/chexpert_plus/dicom_train/patient00126/study1/view1_frontal.dcm,data/raw/chexpert_plus/dicom_train/patient00126/study1/view1_frontal.dcm,ok,,,,2320,2828,MONOCHROME1,AP,12,16,0,,"(2320, 2828)","(3, 224, 224)",0.0,1.0,0.2827291190624237,0.1017843931913375,0.3118437156081199,0.0079118721187114,0.9990030823486272,0.0009979124879464,0.001811929961469,4.620734691619873,True,True,True,True,
104,patient00127/study1,patient00127/study1/view1_frontal.dcm,/home/jovyan/Desktop/MEDAGENT-X/data/raw/chexpert_plus/dicom_train/patient00127/study1/view1_frontal.dcm,/home/jovyan/Desktop/MEDAGENT-X/outputs/chexpert_plus/convnext_features/patient00127_study1_view1_frontal.npz,ok,,data/raw/chexpert_plus/dicom_train/patient00127/study1/view1_frontal.dcm,/home/jovyan/Desktop/MEDAGENT-X/outputs/chexpert_plus/raddino_features/patient00127__study1__view1_frontal.npz,success,,microsoft/rad-dino,/home/jovyan/Desktop/MEDAGENT-X/data/raw/chexpert_plus/dicom_train/patient00127/study1/view1_frontal.dcm,data/raw/chexpert_plus/dicom_train/patient00127/study1/view1_frontal.dcm,ok,,,,2320,2828,MONOCHROME1,AP,15,16,0,,"(2320, 2828)","(3, 224, 224)",0.0,1.0,0.4626942873001098,0.1815168857574463,0.5462288558483124,0.01211101654917,0.9970102533821243,0.0029987120069563,0.0160671609032824,5.355473518371582,True,True,True,True,
105,patient00129/study1,patient00129/study1/view1_frontal.dcm,/home/jovyan/Desktop/MEDAGENT-X/data/raw/chexpert_plus/dicom_train/patient00129/study1/view1_frontal.dcm,/home/jovyan/Desktop/MEDAGENT-X/outputs/chexpert_plus/convnext_features/patient00129_study1_view1_frontal.npz,ok,,data/raw/chexpert_plus/dicom_train/patient00129/study1/view1_frontal.dcm,/home/jovyan/Desktop/MEDAGENT-X/outputs/chexpert_plus/raddino_features/patient00129__study1__view1_frontal.npz,success,,microsoft/rad-dino,/home/jovyan/Desktop/MEDAGENT-X/data/raw/chexpert_plus/dicom_train/patient00129/study1/view1_frontal.dcm,data/raw/chexpert_plus/dicom_train/patient00129/study1/view1_frontal.dcm,ok,,,,2320,2828,MONOCHROME1,AP,12,16,0,,"(2320, 2828)","(3, 224, 224)",0.0,1.0,0.2970331013202667,0.1005151495337486,0.3743589781224727,0.0056799463927745,0.9993873572729188,0.000613018288277,0.0048441081792908,4.419883728027344,True,True,True,True,
106,patient00133/study1,patient00133/study1/view1_frontal.dcm,/home/jovyan/Desktop/MEDAGENT-X/data/raw/chexpert_plus/dicom_train/patient00133/study1/view1_frontal.dcm,/home/jovyan/Desktop/MEDAGENT-X/outputs/chexpert_plus/convnext_features/patient00133_study1_view1_frontal.npz,ok,,data/raw/chexpert_plus/dicom_train/patient00133/study1/view1_frontal.dcm,/home/jovyan/Desktop/MEDAGENT-X/outputs/chexpert_plus/raddino_features/patient00133__study1__view1_frontal.npz,success,,microsoft/rad-dino,/home/jovyan/Desktop/MEDAGENT-X/data/raw/chexpert_plus/dicom_train/patient00133/study1/view1_frontal.dcm,data/raw/chexpert_plus/dicom_train/patient00133/study1/view1_frontal.dcm,ok,,,,2021,2011,MONOCHROME2,PA,14,16,0,,"(2021, 2011)","(3, 224, 224)",0.0,1.0,0.6627873182296753,0.1435880362987518,0.5384284555912018,0.012148106470704,0.998415287730042,0.0015872275689616,0.0021425947491665,4.601499080657959,True,True,True,True,
106,patient00133/study1,patient00133/study1/view2_lateral.dcm,/home/jovyan/Desktop/MEDAGENT-X/data/raw/chexpert_plus/dicom_train/patient00133/study1/view2_lateral.dcm,/home/jovyan/Desktop/MEDAGENT-X/outputs/chexpert_plus/convnext_features/patient00133_study1_view2_lateral.npz,ok,,data/raw/chexpert_plus/dicom_train/patient00133/study1/view2_lateral.dcm,/home/jovyan/Desktop/MEDAGENT-X/outputs/chexpert_plus/raddino_features/patient00133__study1__view2_lateral.npz,success,,microsoft/rad-dino,/home/jovyan/Desktop/MEDAGENT-X/data/raw/chexpert_plus/dicom_train/patient00133/study1/view2_lateral.dcm,data/raw/chexpert_plus/dicom_train/patient00133/study1/view2_lateral.dcm,ok,,,,2016,1711,MONOCHROME2,LL,14,16,0,,"(2016, 1711)","(3, 224, 224)",0.0,1.0,0.2421461194753646,0.1276696622371673,0.374168336391449,0.0065381866879761,0.9994752839884752,0.0005249914829619,0.0021548825062851,3.869135856628418,True,True,True,True,
107,patient00134/study4,patient00134/study4/view1_frontal.dcm,/home/jovyan/Desktop/MEDAGENT-X/data/raw/chexpert_plus/dicom_train/patient00134/study4/view1_frontal.dcm,/home/jovyan/Desktop/MEDAGENT-X/outputs/chexpert_plus/convnext_features/patient00134_study4_view1_frontal.npz,ok,,data/raw/chexpert_plus/dicom_train/patient00134/study4/view1_frontal.dcm,/home/jovyan/Desktop/MEDAGENT-X/outputs/chexpert_plus/raddino_features/patient00134__study4__view1_frontal.npz,success,,microsoft/rad-dino,/home/jovyan/Desktop/MEDAGENT-X/data/raw/chexpert_plus/dicom_train/patient00134/study4/view1_frontal.dcm,data/raw/chexpert_plus/dicom_train/patient00134/study4/view1_frontal.dcm,ok,,,,2320,2828,MONOCHROME1,AP,12,16,0,,"(2320, 2828)","(3, 224, 224)",0.0,1.0,0.4008271694183349,0.1498923897743225,0.5654521025717258,0.0086972108110785,0.9987078789981902,0.0012937927385792,0.0036413878456811,4.906190395355225,True,True,True,True,
108,patient00134/study2,patient00134/study2/view1_frontal.dcm,/home/jovyan/Desktop/MEDAGENT-X/data/raw/chexpert_plus/dicom_train/patient00134/study2/view1_frontal.dcm,/home/jovyan/Desktop/MEDAGENT-X/outputs/chexpert_plus/convnext_features/patient00134_study2_view1_frontal.npz,ok,,data/raw/chexpert_plus/dicom_train/patient00134/study2/view1_frontal.dcm,/home/jovyan/Desktop/MEDAGENT-X/outputs/chexpert_plus/raddino_features/patient00134__study2__view1_frontal.npz,success,,microsoft/rad-dino,/home/jovyan/Desktop/MEDAGENT-X/data/raw/chexpert_plus/dicom_train/patient00134/study2/view1_frontal.dcm,data/raw/chexpert_plus/dicom_train/patient00134/study2/view1_frontal.dcm,ok,,,,2048,2494,MONOCHROME1,AP,12,16,0,,"(2048, 2494)","(3, 224, 224)",0.0,1.0,0.2695065438747406,0.0898492559790611,0.3108669146895408,0.0055675860494375,0.9993851279809636,0.0006152503192424,0.0054830812700481,4.44110631942749,True,True,True,True,
109,patient00134/study5,patient00134/study5/view1_frontal.dcm,/home/jovyan/Desktop/MEDAGENT-X/data/raw/chexpert_plus/dicom_train/patient00134/study5/view1_frontal.dcm,/home/jovyan/Desktop/MEDAGENT-X/outputs/chexpert_plus/convnext_features/patient00134_study5_view1_frontal.npz,ok,,data/raw/chexpert_plus/dicom_train/patient00134/study5/view1_frontal.dcm,/home/jovyan/Desktop/MEDAGENT-X/outputs/chexpert_plus/raddino_features/patient00134__study5__view1_frontal.npz,success,,microsoft/rad-dino,/home/jovyan/Desktop/MEDAGENT-X/data/raw/chexpert_plus/dicom_train/patient00134/study5/view1_frontal.dcm,data/raw/chexpert_plus/dicom_train/patient00134/study5/view1_frontal.dcm,ok,,,,2022,1971,MONOCHROME2,PA,14,16,0,,"(2022, 1971)","(3, 224, 224)",0.0,1.0,0.3110218644142151,0.0445723384618759,0.1356894373893737,0.003825488500297,0.99979960950552,0.0002004306588787,0.0013544566340523,3.285313367843628,True,True,True,True,
109,patient00134/study5,patient00134/study5/view2_lateral.dcm,/home/jovyan/Desktop/MEDAGENT-X/data/raw/chexpert_plus/dicom_train/patient00134/study5/view2_lateral.dcm,/home/jovyan/Desktop/MEDAGENT-X/outputs/chexpert_plus/convnext_features/patient00134_study5_view2_lateral.npz,ok,,data/raw/chexpert_plus/dicom_train/patient00134/study5/view2_lateral.dcm,/home/jovyan/Desktop/MEDAGENT-X/outputs/chexpert_plus/raddino_features/patient00134__study5__view2_lateral.npz,success,,microsoft/rad-dino,/home/jovyan/Desktop/MEDAGENT-X/data/raw/chexpert_plus/dicom_train/patient00134/study5/view2_lateral.dcm,data/raw/chexpert_plus/dicom_train/patient00134/study5/view2_lateral.dcm,ok,,,,2022,1731,MONOCHROME2,LL,14,16,0,,"(2022, 1731)","(3, 224, 224)",0.0,1.0,0.2312412112951278,0.1293249875307083,0.3567112386226654,0.005455516744405,0.9996123716918728,0.0003877786220982,0.0006919837878084,3.801647901535034,True,True,True,True,
110,patient00134/study6,patient00134/study6/view1_frontal.dcm,/home/jovyan/Desktop/MEDAGENT-X/data/raw/chexpert_plus/dicom_train/patient00134/study6/view1_frontal.dcm,/home/jovyan/Desktop/MEDAGENT-X/outputs/chexpert_plus/convnext_features/patient00134_study6_view1_frontal.npz,ok,,data/raw/chexpert_plus/dicom_train/patient00134/study6/view1_frontal.dcm,/home/jovyan/Desktop/MEDAGENT-X/outputs/chexpert_plus/raddino_features/patient00134__study6__view1_frontal.npz,success,,microsoft/rad-dino,/home/jovyan/Desktop/MEDAGENT-X/data/raw/chexpert_plus/dicom_train/patient00134/study6/view1_frontal.dcm,data/raw/chexpert_plus/dicom_train/patient00134/study6/view1_frontal.dcm,ok,,,,2048,2494,MONOCHROME1,AP,12,16,0,,"(2048, 2494)","(3, 224, 224)",0.0,1.0,0.2477757334709167,0.0905757248401641,0.3362637422978878,0.0061676544137299,0.999314974896918,0.0006854946841485,0.0052845579390537,4.3929548263549805,True,True,True,True,
111,patient00134/study1,patient00134/study1/view1_frontal.dcm,/home/jovyan/Desktop/MEDAGENT-X/data/raw/chexpert_plus/dicom_train/patient00134/study1/view1_frontal.dcm,/home/jovyan/Desktop/MEDAGENT-X/outputs/chexpert_plus/convnext_features/patient00134_study1_view1_frontal.npz,ok,,data/raw/chexpert_plus/dicom_train/patient00134/study1/view1_frontal.dcm,/home/jovyan/Desktop/MEDAGENT-X/outputs/chexpert_plus/raddino_features/patient00134__study1__view1_frontal.npz,success,,microsoft/rad-dino,/home/jovyan/Desktop/MEDAGENT-X/data/raw/chexpert_plus/dicom_train/patient00134/study1/view1_frontal.dcm,data/raw/chexpert_plus/dicom_train/patient00134/study1/view1_frontal.dcm,ok,,,,2016,1981,MONOCHROME2,PA,14,16,0,,"(2016, 1981)","(3, 224, 224)",0.0,1.0,0.7737573981285095,0.1214148998260498,0.3704864382743835,0.0127496477216482,0.9981443152064896,0.0018591347616165,0.0020111696032947,4.577595233917236,True,True,True,True,
111,patient00134/study1,patient00134/study1/view2_lateral.dcm,/home/jovyan/Desktop/MEDAGENT-X/data/raw/chexpert_plus/dicom_train/patient00134/study1/view2_lateral.dcm,/home/jovyan/Desktop/MEDAGENT-X/outputs/chexpert_plus/convnext_features/patient00134_study1_view2_lateral.npz,ok,,data/raw/chexpert_plus/dicom_train/patient00134/study1/view2_lateral.dcm,/home/jovyan/Desktop/MEDAGENT-X/outputs/chexpert_plus/raddino_features/patient00134__study1__view2_lateral.npz,success,,microsoft/rad-dino,/home/jovyan/Desktop/MEDAGENT-X/data/raw/chexpert_plus/dicom_train/patient00134/study1/view2_lateral.dcm,data/raw/chexpert_plus/dicom_train/patient00134/study1/view2_lateral.dcm,ok,,,,2016,1741,MONOCHROME2,LL,14,16,0,,"(2016, 1741)","(3, 224, 224)",0.0,1.0,0.2376492768526077,0.1304461658000946,0.3637306988239288,0.00671719154343,0.9994376554893116,0.000562660919968,0.0028907168841114,3.817574977874756,True,True,True,True,
112,patient00134/study7,patient00134/study7/view1_frontal.dcm,/home/jovyan/Desktop/MEDAGENT-X/data/raw/chexpert_plus/dicom_train/patient00134/study7/view1_frontal.dcm,/home/jovyan/Desktop/MEDAGENT-X/outputs/chexpert_plus/convnext_features/patient00134_study7_view1_frontal.npz,ok,,data/raw/chexpert_plus/dicom_train/patient00134/study7/view1_frontal.dcm,/home/jovyan/Desktop/MEDAGENT-X/outputs/chexpert_plus/raddino_features/patient00134__study7__view1_frontal.npz,success,,microsoft/rad-dino,/home/jovyan/Desktop/MEDAGENT-X/data/raw/chexpert_plus/dicom_train/patient00134/study7/view1_frontal.dcm,data/raw/chexpert_plus/dicom_train/patient00134/study7/view1_frontal.dcm,ok,,,,2320,2828,MONOCHROME1,AP,12,16,0,,"(2320, 2828)","(3, 224, 224)",0.0,1.0,0.3436849117279053,0.1113221570849418,0.3670300394296646,0.0064966427162289,0.999263930999896,0.0007366111967712,0.0050195398234404,4.749400615692139,True,True,True,True,
113,patient00134/study3,patient00134/study3/view1_frontal.dcm,/home/jovyan/Desktop/MEDAGENT-X/data/raw/chexpert_plus/dicom_train/patient00134/study3/view1_frontal.dcm,/home/jovyan/Desktop/MEDAGENT-X/outputs/chexpert_plus/convnext_features/patient00134_study3_view1_frontal.npz,ok,,data/raw/chexpert_plus/dicom_train/patient00134/study3/view1_frontal.dcm,/home/jovyan/Desktop/MEDAGENT-X/outputs/chexpert_plus/raddino_features/patient00134__study3__view1_frontal.npz,success,,microsoft/rad-dino,/home/jovyan/Desktop/MEDAGENT-X/data/raw/chexpert_plus/dicom_train/patient00134/study3/view1_frontal.dcm,data/raw/chexpert_plus/dicom_train/patient00134/study3/view1_frontal.dcm,ok,,,,2320,2828,MONOCHROME1,AP,12,16,0,,"(2320, 2828)","(3, 224, 224)",0.0,1.0,0.2876280844211578,0.0907938554883003,0.3511599563062191,0.004984104540199,0.9995632080321568,0.0004369828384369,0.0057337645710383,4.321108341217041,True,True,True,True,
114,patient00136/study3,patient00136/study3/view1_frontal.dcm,/home/jovyan/Desktop/MEDAGENT-X/data/raw/chexpert_plus/dicom_train/patient00136/study3/view1_frontal.dcm,/home/jovyan/Desktop/MEDAGENT-X/outputs/chexpert_plus/convnext_features/patient00136_study3_view1_frontal.npz,ok,,data/raw/chexpert_plus/dicom_train/patient00136/study3/view1_frontal.dcm,/home/jovyan/Desktop/MEDAGENT-X/outputs/chexpert_plus/raddino_features/patient00136__study3__view1_frontal.npz,success,,microsoft/rad-dino,/home/jovyan/Desktop/MEDAGENT-X/data/raw/chexpert_plus/dicom_train/patient00136/study3/view1_frontal.dcm,data/raw/chexpert_plus/dicom_train/patient00136/study3/view1_frontal.dcm,ok,,,,2320,2828,MONOCHROME1,AP,12,16,0,,"(2320, 2828)","(3, 224, 224)",0.0,1.0,0.2617315351963043,0.1184289529919624,0.3968254011124372,0.0108429426327347,0.99824363923162,0.0017594509990885,0.0011995195825001,4.49347734451294,True,True,True,True,
115,patient00136/study1,patient00136/study1/view1_frontal.dcm,/home/jovyan/Desktop/MEDAGENT-X/data/raw/chexpert_plus/dicom_train/patient00136/study1/view1_frontal.dcm,/home/jovyan/Desktop/MEDAGENT-X/outputs/chexpert_plus/convnext_features/patient00136_study1_view1_frontal.npz,ok,,data/raw/chexpert_plus/dicom_train/patient00136/study1/view1_frontal.dcm,/home/jovyan/Desktop/MEDAGENT-X/outputs/chexpert_plus/raddino_features/patient00136__study1__view1_frontal.npz,success,,microsoft/rad-dino,/home/jovyan/Desktop/MEDAGENT-X/data/raw/chexpert_plus/dicom_train/patient00136/study1/view1_frontal.dcm,data/raw/chexpert_plus/dicom_train/patient00136/study1/view1_frontal.dcm,ok,,,,2022,2022,MONOCHROME2,PA,14,16,0,,"(2022, 2022)","(3, 224, 224)",0.0,1.0,0.4840098619461059,0.1552260667085647,0.5710907727479935,0.0064096911810338,0.999198465212166,0.0008021777612157,0.0109375504465713,4.895506858825684,True,True,True,True,
115,patient00136/study1,patient00136/study1/view2_lateral.dcm,/home/jovyan/Desktop/MEDAGENT-X/data/raw/chexpert_plus/dicom_train/patient00136/study1/view2_lateral.dcm,/home/jovyan/Desktop/MEDAGENT-X/outputs/chexpert_plus/convnext_features/patient00136_study1_view2_lateral.npz,ok,,data/raw/chexpert_plus/dicom_train/patient00136/study1/view2_lateral.dcm,/home/jovyan/Desktop/MEDAGENT-X/outputs/chexpert_plus/raddino_features/patient00136__study1__view2_lateral.npz,success,,microsoft/rad-dino,/home/jovyan/Desktop/MEDAGENT-X/data/raw/chexpert_plus/dicom_train/patient00136/study1/view2_lateral.dcm,data/raw/chexpert_plus/dicom_train/patient00136/study1/view2_lateral.dcm,ok,,,,2022,2022,MONOCHROME2,LL,14,16,0,,"(2022, 2022)","(3, 224, 224)",0.0,1.0,0.2480195760726928,0.1091514825820922,0.3557346165180206,0.0064657330513,0.9993257762313712,0.0006746786530129,0.0009998816187124,4.03570032119751,True,True,True,True,
116,patient00136/study2,patient00136/study2/view1_frontal.dcm,/home/jovyan/Desktop/MEDAGENT-X/data/raw/chexpert_plus/dicom_train/patient00136/study2/view1_frontal.dcm,/home/jovyan/Desktop/MEDAGENT-X/outputs/chexpert_plus/convnext_features/patient00136_study2_view1_frontal.npz,ok,,data/raw/chexpert_plus/dicom_train/patient00136/study2/view1_frontal.dcm,/home/jovyan/Desktop/MEDAGENT-X/outputs/chexpert_plus/raddino_features/patient00136__study2__view1_frontal.npz,success,,microsoft/rad-dino,/home/jovyan/Desktop/MEDAGENT-X/data/raw/chexpert_plus/dicom_train/patient00136/study2/view1_frontal.dcm,data/raw/chexpert_plus/dicom_train/patient00136/study2/view1_frontal.dcm,ok,,,,2320,2828,MONOCHROME1,AP,12,16,0,,"(2320, 2828)","(3, 224, 224)",0.0,1.0,0.1807883828878402,0.0838101133704185,0.264224674552679,0.008383659645915,0.998941846452982,0.0010592744220048,0.0008524667121884,4.13545560836792,True,True,True,True,
116,patient00136/study2,patient00136/study2/view2_frontal.dcm,/home/jovyan/Desktop/MEDAGENT-X/data/raw/chexpert_plus/dicom_train/patient00136/study2/view2_frontal.dcm,/home/jovyan/Desktop/MEDAGENT-X/outputs/chexpert_plus/convnext_features/patient00136_study2_view2_frontal.npz,ok,,data/raw/chexpert_plus/dicom_train/patient00136/study2/view2_frontal.dcm,/home/jovyan/Desktop/MEDAGENT-X/outputs/chexpert_plus/raddino_features/patient00136__study2__view2_frontal.npz,success,,microsoft/rad-dino,/home/jovyan/Desktop/MEDAGENT-X/data/raw/chexpert_plus/dicom_train/patient00136/study2/view2_frontal.dcm,data/raw/chexpert_plus/dicom_train/patient00136/study2/view2_frontal.dcm,ok,,,,2320,2828,MONOCHROME1,AP,12,16,0,,"(2320, 2828)","(3, 224, 224)",0.0,1.0,0.3117965161800384,0.1235048547387123,0.3963370248675346,0.0082519305869936,0.9988823889638804,0.0011188614880666,0.000803083695069,4.923906803131104,True,True,True,True,
117,patient00138/study2,patient00138/study2/view1_frontal.dcm,/home/jovyan/Desktop/MEDAGENT-X/data/raw/chexpert_plus/dicom_train/patient00138/study2/view1_frontal.dcm,/home/jovyan/Desktop/MEDAGENT-X/outputs/chexpert_plus/convnext_features/patient00138_study2_view1_frontal.npz,ok,,data/raw/chexpert_plus/dicom_train/patient00138/study2/view1_frontal.dcm,/home/jovyan/Desktop/MEDAGENT-X/outputs/chexpert_plus/raddino_features/patient00138__study2__view1_frontal.npz,success,,microsoft/rad-dino,/home/jovyan/Desktop/MEDAGENT-X/data/raw/chexpert_plus/dicom_train/patient00138/study2/view1_frontal.dcm,data/raw/chexpert_plus/dicom_train/patient00138/study2/view1_frontal.dcm,ok,,,,2320,2828,MONOCHROME1,AP,12,16,0,,"(2320, 2828)","(3, 224, 224)",0.0,1.0,0.2372766584157943,0.0634577274322509,0.2263736352324485,0.0085286283865571,0.9989100345630852,0.0010911547578871,0.0008593254645661,3.630547761917114,True,True,True,True,
118,patient00138/study6,patient00138/study6/view1_frontal.dcm,/home/jovyan/Desktop/MEDAGENT-X/data/raw/chexpert_plus/dicom_train/patient00138/study6/view1_frontal.dcm,/home/jovyan/Desktop/MEDAGENT-X/outputs/chexpert_plus/convnext_features/patient00138_study6_view1_frontal.npz,ok,,data/raw/chexpert_plus/dicom_train/patient00138/study6/view1_frontal.dcm,/home/jovyan/Desktop/MEDAGENT-X/outputs/chexpert_plus/raddino_features/patient00138__study6__view1_frontal.npz,success,,microsoft/rad-dino,/home/jovyan/Desktop/MEDAGENT-X/data/raw/chexpert_plus/dicom_train/patient00138/study6/view1_frontal.dcm,data/raw/chexpert_plus/dicom_train/patient00138/study6/view1_frontal.dcm,ok,,,,2320,2828,MONOCHROME1,AP,12,16,0,,"(2320, 2828)","(3, 224, 224)",0.0,1.0,0.3574505150318146,0.0960780009627342,0.2957265228033066,0.0084051256999373,0.9988749029300746,0.001126364339143,0.0009048980636979,4.566828727722168,True,True,True,True,
119,patient00138/study5,patient00138/study5/view1_frontal.dcm,/home/jovyan/Desktop/MEDAGENT-X/data/raw/chexpert_plus/dicom_train/patient00138/study5/view1_frontal.dcm,/home/jovyan/Desktop/MEDAGENT-X/outputs/chexpert_plus/convnext_features/patient00138_study5_view1_frontal.npz,ok,,data/raw/chexpert_plus/dicom_train/patient00138/study5/view1_frontal.dcm,/home/jovyan/Desktop/MEDAGENT-X/outputs/chexpert_plus/raddino_features/patient00138__study5__view1_frontal.npz,success,,microsoft/rad-dino,/home/jovyan/Desktop/MEDAGENT-X/data/raw/chexpert_plus/dicom_train/patient00138/study5/view1_frontal.dcm,data/raw/chexpert_plus/dicom_train/patient00138/study5/view1_frontal.dcm,ok,,,,1741,2022,MONOCHROME2,PA,14,16,0,,"(1741, 2022)","(3, 224, 224)",0.0,1.0,0.3044764399528503,0.0363770499825477,0.1059024631977081,0.0043848170898854,0.9997564119763008,0.0002436473732814,0.001844159961276,3.087997913360596,True,True,True,True,
119,patient00138/study5,patient00138/study5/view2_lateral.dcm,/home/jovyan/Desktop/MEDAGENT-X/data/raw/chexpert_plus/dicom_train/patient00138/study5/view2_lateral.dcm,/home/jovyan/Desktop/MEDAGENT-X/outputs/chexpert_plus/convnext_features/patient00138_study5_view2_lateral.npz,ok,,data/raw/chexpert_plus/dicom_train/patient00138/study5/view2_lateral.dcm,/home/jovyan/Desktop/MEDAGENT-X/outputs/chexpert_plus/raddino_features/patient00138__study5__view2_lateral.npz,success,,microsoft/rad-dino,/home/jovyan/Desktop/MEDAGENT-X/data/raw/chexpert_plus/dicom_train/patient00138/study5/view2_lateral.dcm,data/raw/chexpert_plus/dicom_train/patient00138/study5/view2_lateral.dcm,ok,,,,2016,1741,MONOCHROME2,LL,14,16,0,,"(2016, 1741)","(3, 224, 224)",0.0,1.0,0.2682476937770843,0.0993488952517509,0.3539644815027714,0.0075031546875834,0.9991766268257264,0.000824051676318,0.0022952508592945,3.774720907211304,True,True,True,True,
120,patient00138/study3,patient00138/study3/view1_frontal.dcm,/home/jovyan/Desktop/MEDAGENT-X/data/raw/chexpert_plus/dicom_train/patient00138/study3/view1_frontal.dcm,/home/jovyan/Desktop/MEDAGENT-X/outputs/chexpert_plus/convnext_features/patient00138_study3_view1_frontal.npz,ok,,data/raw/chexpert_plus/dicom_train/patient00138/study3/view1_frontal.dcm,/home/jovyan/Desktop/MEDAGENT-X/outputs/chexpert_plus/raddino_features/patient00138__study3__view1_frontal.npz,success,,microsoft/rad-dino,/home/jovyan/Desktop/MEDAGENT-X/data/raw/chexpert_plus/dicom_train/patient00138/study3/view1_frontal.dcm,data/raw/chexpert_plus/dicom_train/patient00138/study3/view1_frontal.dcm,ok,,,,2320,2828,MONOCHROME1,AP,12,16,0,,"(2320, 2828)","(3, 224, 224)",0.0,1.0,0.4257474839687347,0.0866980925202369,0.2671550810337066,0.0074790380895137,0.9989853239269688,0.001015706686303,0.000549614690533,4.401412963867188,True,True,True,True,
121,patient00138/study1,patient00138/study1/view1_frontal.dcm,/home/jovyan/Desktop/MEDAGENT-X/data/raw/chexpert_plus/dicom_train/patient00138/study1/view1_frontal.dcm,/home/jovyan/Desktop/MEDAGENT-X/outputs/chexpert_plus/convnext_features/patient00138_study1_view1_frontal.npz,ok,,data/raw/chexpert_plus/dicom_train/patient00138/study1/view1_frontal.dcm,/home/jovyan/Desktop/MEDAGENT-X/outputs/chexpert_plus/raddino_features/patient00138__study1__view1_frontal.npz,success,,microsoft/rad-dino,/home/jovyan/Desktop/MEDAGENT-X/data/raw/chexpert_plus/dicom_train/patient00138/study1/view1_frontal.dcm,data/raw/chexpert_plus/dicom_train/patient00138/study1/view1_frontal.dcm,ok,,,,2320,2828,MONOCHROME1,AP,12,16,0,,"(2320, 2828)","(3, 224, 224)",0.0,1.0,0.3342365324497223,0.109795831143856,0.4222222231328487,0.01123224850744,0.9980007517956244,0.002003253204748,0.0012225345071452,4.553029537200928,True,True,True,True,
122,patient00138/study4,patient00138/study4/view1_frontal.dcm,/home/jovyan/Desktop/MEDAGENT-X/data/raw/chexpert_plus/dicom_train/patient00138/study4/view1_frontal.dcm,/home/jovyan/Desktop/MEDAGENT-X/outputs/chexpert_plus/convnext_features/patient00138_study4_view1_frontal.npz,ok,,data/raw/chexpert_plus/dicom_train/patient00138/study4/view1_frontal.dcm,/home/jovyan/Desktop/MEDAGENT-X/outputs/chexpert_plus/raddino_features/patient00138__study4__view1_frontal.npz,success,,microsoft/rad-dino,/home/jovyan/Desktop/MEDAGENT-X/data/raw/chexpert_plus/dicom_train/patient00138/study4/view1_frontal.dcm,data/raw/chexpert_plus/dicom_train/patient00138/study4/view1_frontal.dcm,ok,,,,2320,2828,MONOCHROME1,AP,12,16,0,,"(2320, 2828)","(3, 224, 224)",0.0,1.0,0.3238504230976105,0.0890163630247116,0.2808302789926529,0.00983302667737,0.9984962945118172,0.0015059700235724,0.0012809101107155,4.402114868164063,True,True,True,True,
123,patient00138/study8,patient00138/study8/view1_frontal.dcm,/home/jovyan/Desktop/MEDAGENT-X/data/raw/chexpert_plus/dicom_train/patient00138/study8/view1_frontal.dcm,/home/jovyan/Desktop/MEDAGENT-X/outputs/chexpert_plus/convnext_features/patient00138_study8_view1_frontal.npz,ok,,data/raw/chexpert_plus/dicom_train/patient00138/study8/view1_frontal.dcm,/home/jovyan/Desktop/MEDAGENT-X/outputs/chexpert_plus/raddino_features/patient00138__study8__view1_frontal.npz,success,,microsoft/rad-dino,/home/jovyan/Desktop/MEDAGENT-X/data/raw/chexpert_plus/dicom_train/patient00138/study8/view1_frontal.dcm,data/raw/chexpert_plus/dicom_train/patient00138/study8/view1_frontal.dcm,ok,,,,2320,2828,MONOCHROME1,AP,12,16,0,,"(2320, 2828)","(3, 224, 224)",0.0,1.0,0.3332507312297821,0.1215752214193344,0.4256410226225853,0.0103122815489768,0.9983939279453308,0.001608655671589,0.001471735843535,4.776158332824707,True,True,True,True,
124,patient00138/study7,patient00138/study7/view1_frontal.dcm,/home/jovyan/Desktop/MEDAGENT-X/data/raw/chexpert_plus/dicom_train/patient00138/study7/view1_frontal.dcm,/home/jovyan/Desktop/MEDAGENT-X/outputs/chexpert_plus/convnext_features/patient00138_study7_view1_frontal.npz,ok,,data/raw/chexpert_plus/dicom_train/patient00138/study7/view1_frontal.dcm,/home/jovyan/Desktop/MEDAGENT-X/outputs/chexpert_plus/raddino_features/patient00138__study7__view1_frontal.npz,success,,microsoft/rad-dino,/home/jovyan/Desktop/MEDAGENT-X/data/raw/chexpert_plus/dicom_train/patient00138/study7/view1_frontal.dcm,data/raw/chexpert_plus/dicom_train/patient00138/study7/view1_frontal.dcm,ok,,,,2320,2828,MONOCHROME1,AP,12,16,0,,"(2320, 2828)","(3, 224, 224)",0.0,1.0,0.360780119895935,0.0965448394417762,0.2857143133878708,0.008996739052236,0.9987736798275942,0.0012278258800506,0.0010873408769448,4.536725044250488,True,True,True,True,
125,patient00146/study18,patient00146/study18/view1_frontal.dcm,/home/jovyan/Desktop/MEDAGENT-X/data/raw/chexpert_plus/dicom_train/patient00146/study18/view1_frontal.dcm,/home/jovyan/Desktop/MEDAGENT-X/outputs/chexpert_plus/convnext_features/patient00146_study18_view1_frontal.npz,ok,,data/raw/chexpert_plus/dicom_train/patient00146/study18/view1_frontal.dcm,/home/jovyan/Desktop/MEDAGENT-X/outputs/chexpert_plus/raddino_features/patient00146__study18__view1_frontal.npz,success,,microsoft/rad-dino,/home/jovyan/Desktop/MEDAGENT-X/data/raw/chexpert_plus/dicom_train/patient00146/study18/view1_frontal.dcm,data/raw/chexpert_plus/dicom_train/patient00146/study18/view1_frontal.dcm,ok,,,,2320,2828,MONOCHROME1,AP,12,16,0,,"(2320, 2828)","(3, 224, 224)",0.0,1.0,0.1919746249914169,0.090218186378479,0.2681318745017051,0.0099942116066813,0.9984935044216277,0.0015087685314938,0.0011217870555528,4.362396240234375,True,True,True,True,
126,patient00146/study13,patient00146/study13/view1_frontal.dcm,/home/jovyan/Desktop/MEDAGENT-X/data/raw/chexpert_plus/dicom_train/patient00146/study13/view1_frontal.dcm,/home/jovyan/Desktop/MEDAGENT-X/outputs/chexpert_plus/convnext_features/patient00146_study13_view1_frontal.npz,ok,,data/raw/chexpert_plus/dicom_train/patient00146/study13/view1_frontal.dcm,/home/jovyan/Desktop/MEDAGENT-X/outputs/chexpert_plus/raddino_features/patient00146__study13__view1_frontal.npz,success,,microsoft/rad-dino,/home/jovyan/Desktop/MEDAGENT-X/data/raw/chexpert_plus/dicom_train/patient00146/study13/view1_frontal.dcm,data/raw/chexpert_plus/dicom_train/patient00146/study13/view1_frontal.dcm,ok,,,,2320,2828,MONOCHROME1,AP,12,16,0,,"(2320, 2828)","(3, 224, 224)",0.0,1.0,0.2248710989952087,0.089762806892395,0.3052503131330013,0.0114022623747587,0.9981061885416554,0.001897404785268,0.0013868397307711,4.277681350708008,True,True,True,True,
127,patient00146/study30,patient00146/study30/view1_frontal.dcm,/home/jovyan/Desktop/MEDAGENT-X/data/raw/chexpert_plus/dicom_train/patient00146/study30/view1_frontal.dcm,/home/jovyan/Desktop/MEDAGENT-X/outputs/chexpert_plus/convnext_features/patient00146_study30_view1_frontal.npz,ok,,data/raw/chexpert_plus/dicom_train/patient00146/study30/view1_frontal.dcm,/home/jovyan/Desktop/MEDAGENT-X/outputs/chexpert_plus/raddino_features/patient00146__study30__view1_frontal.npz,success,,microsoft/rad-dino,/home/jovyan/Desktop/MEDAGENT-X/data/raw/chexpert_plus/dicom_train/patient00146/study30/view1_frontal.dcm,data/raw/chexpert_plus/dicom_train/patient00146/study30/view1_frontal.dcm,ok,,,,2320,2828,MONOCHROME1,AP,12,16,0,,"(2320, 2828)","(3, 224, 224)",0.0,1.0,0.3371173143386841,0.0906615704298019,0.279609277844429,0.0100173931568861,0.9983473301027004,0.0016554057365283,0.00138409622982,4.4194817543029785,True,True,True,True,
128,patient00146/study21,patient00146/study21/view1_frontal.dcm,/home/jovyan/Desktop/MEDAGENT-X/data/raw/chexpert_plus/dicom_train/patient00146/study21/view1_frontal.dcm,/home/jovyan/Desktop/MEDAGENT-X/outputs/chexpert_plus/convnext_features/patient00146_study21_view1_frontal.npz,ok,,data/raw/chexpert_plus/dicom_train/patient00146/study21/view1_frontal.dcm,/home/jovyan/Desktop/MEDAGENT-X/outputs/chexpert_plus/raddino_features/patient00146__study21__view1_frontal.npz,success,,microsoft/rad-dino,/home/jovyan/Desktop/MEDAGENT-X/data/raw/chexpert_plus/dicom_train/patient00146/study21/view1_frontal.dcm,data/raw/chexpert_plus/dicom_train/patient00146/study21/view1_frontal.dcm,ok,,,,2320,2828,MONOCHROME1,AP,12,16,0,,"(2320, 2828)","(3, 224, 224)",0.0,1.0,0.2426051348447799,0.0798824205994606,0.2390720471739769,0.0090768663212656,0.9987138555721778,0.0012878007255494,0.0013209957079451,4.2568840980529785,True,True,True,True,
129,patient00146/study16,patient00146/study16/view1_frontal.dcm,/home/jovyan/Desktop/MEDAGENT-X/data/raw/chexpert_plus/dicom_train/patient00146/study16/view1_frontal.dcm,/home/jovyan/Desktop/MEDAGENT-X/outputs/chexpert_plus/convnext_features/patient00146_study16_view1_frontal.npz,ok,,data/raw/chexpert_plus/dicom_train/patient00146/study16/view1_frontal.dcm,/home/jovyan/Desktop/MEDAGENT-X/outputs/chexpert_plus/raddino_features/patient00146__study16__view1_frontal.npz,success,,microsoft/rad-dino,/home/jovyan/Desktop/MEDAGENT-X/data/raw/chexpert_plus/dicom_train/patient00146/study16/view1_frontal.dcm,data/raw/chexpert_plus/dicom_train/patient00146/study16/view1_frontal.dcm,ok,,,,2320,2828,MONOCHROME1,AP,12,16,0,,"(2320, 2828)","(3, 224, 224)",0.0,1.0,0.1457154750823974,0.0789209604263305,0.2525030663236975,0.0099864825606346,0.998555805756771,0.0014462829567492,0.0010015302638638,4.11180591583252,True,True,True,True,
130,patient00146/study19,patient00146/study19/view1_frontal.dcm,/home/jovyan/Desktop/MEDAGENT-X/data/raw/chexpert_plus/dicom_train/patient00146/study19/view1_frontal.dcm,/home/jovyan/Desktop/MEDAGENT-X/outputs/chexpert_plus/convnext_features/patient00146_study19_view1_frontal.npz,ok,,data/raw/chexpert_plus/dicom_train/patient00146/study19/view1_frontal.dcm,/home/jovyan/Desktop/MEDAGENT-X/outputs/chexpert_plus/raddino_features/patient00146__study19__view1_frontal.npz,success,,microsoft/rad-dino,/home/jovyan/Desktop/MEDAGENT-X/data/raw/chexpert_plus/dicom_train/patient00146/study19/view1_frontal.dcm,data/raw/chexpert_plus/dicom_train/patient00146/study19/view1_frontal.dcm,ok,,,,2320,2828,MONOCHROME1,AP,12,16,0,,"(2320, 2828)","(3, 224, 224)",0.0,1.0,0.2514609098434448,0.0848752632737159,0.2537240609526634,0.0086299357935786,0.99880342055382,0.0011980129638686,0.0011835158269521,4.359152317047119,True,True,True,True,
131,patient00146/study2,patient00146/study2/view1_frontal.dcm,/home/jovyan/Desktop/MEDAGENT-X/data/raw/chexpert_plus/dicom_train/patient00146/study2/view1_frontal.dcm,/home/jovyan/Desktop/MEDAGENT-X/outputs/chexpert_plus/convnext_features/patient00146_study2_view1_frontal.npz,ok,,data/raw/chexpert_plus/dicom_train/patient00146/study2/view1_frontal.dcm,/home/jovyan/Desktop/MEDAGENT-X/outputs/chexpert_plus/raddino_features/patient00146__study2__view1_frontal.npz,success,,microsoft/rad-dino,/home/jovyan/Desktop/MEDAGENT-X/data/raw/chexpert_plus/dicom_train/patient00146/study2/view1_frontal.dcm,data/raw/chexpert_plus/dicom_train/patient00146/study2/view1_frontal.dcm,ok,,,,2320,2828,MONOCHROME1,AP,12,16,0,,"(2320, 2828)","(3, 224, 224)",0.0,1.0,0.2804601788520813,0.1102333962917327,0.403418805450201,0.0102981561794877,0.998363556932386,0.0016391254030168,0.0014644198409988,4.625837326049805,True,True,True,True,
132,patient00146/study14,patient00146/study14/view1_frontal.dcm,/home/jovyan/Desktop/MEDAGENT-X/data/raw/chexpert_plus/dicom_train/patient00146/study14/view1_frontal.dcm,/home/jovyan/Desktop/MEDAGENT-X/outputs/chexpert_plus/convnext_features/patient00146_study14_view1_frontal.npz,ok,,data/raw/chexpert_plus/dicom_train/patient00146/study14/view1_frontal.dcm,/home/jovyan/Desktop/MEDAGENT-X/outputs/chexpert_plus/raddino_features/patient00146__study14__view1_frontal.npz,success,,microsoft/rad-dino,/home/jovyan/Desktop/MEDAGENT-X/data/raw/chexpert_plus/dicom_train/patient00146/study14/view1_frontal.dcm,data/raw/chexpert_plus/dicom_train/patient00146/study14/view1_frontal.dcm,ok,,,,2320,2828,MONOCHROME1,AP,12,16,0,,"(2320, 2828)","(3, 224, 224)",0.0,1.0,0.1754576861858368,0.0798780396580696,0.2691086810082197,0.0089267287403345,0.9987785547553522,0.001222938997671,0.0009780580890601,4.168262481689453,True,True,True,True,
133,patient00146/study27,patient00146/study27/view1_frontal.dcm,/home/jovyan/Desktop/MEDAGENT-X/data/raw/chexpert_plus/dicom_train/patient00146/study27/view1_frontal.dcm,/home/jovyan/Desktop/MEDAGENT-X/outputs/chexpert_plus/convnext_features/patient00146_study27_view1_frontal.npz,ok,,data/raw/chexpert_plus/dicom_train/patient00146/study27/view1_frontal.dcm,/home/jovyan/Desktop/MEDAGENT-X/outputs/chexpert_plus/raddino_features/patient00146__study27__view1_frontal.npz,success,,microsoft/rad-dino,/home/jovyan/Desktop/MEDAGENT-X/data/raw/chexpert_plus/dicom_train/patient00146/study27/view1_frontal.dcm,data/raw/chexpert_plus/dicom_train/patient00146/study27/view1_frontal.dcm,ok,,,,2320,2828,MONOCHROME1,AP,12,16,0,,"(2320, 2828)","(3, 224, 224)",0.0,1.0,0.1860157698392868,0.0864839404821395,0.2630036752671003,0.010299147106707,0.998366866482774,0.0016358050052076,0.0013209957079451,4.036733150482178,True,True,True,True,
134,patient00146/study1,patient00146/study1/view1_frontal.dcm,/home/jovyan/Desktop/MEDAGENT-X/data/raw/chexpert_plus/dicom_train/patient00146/study1/view1_frontal.dcm,/home/jovyan/Desktop/MEDAGENT-X/outputs/chexpert_plus/convnext_features/patient00146_study1_view1_frontal.npz,ok,,data/raw/chexpert_plus/dicom_train/patient00146/study1/view1_frontal.dcm,/home/jovyan/Desktop/MEDAGENT-X/outputs/chexpert_plus/raddino_features/patient00146__study1__view1_frontal.npz,success,,microsoft/rad-dino,/home/jovyan/Desktop/MEDAGENT-X/data/raw/chexpert_plus/dicom_train/patient00146/study1/view1_frontal.dcm,data/raw/chexpert_plus/dicom_train/patient00146/study1/view1_frontal.dcm,ok,,,,2320,2828,MONOCHROME1,AP,12,16,0,,"(2320, 2828)","(3, 224, 224)",0.0,1.0,0.2730749845504761,0.0916308537125587,0.2691086679697037,0.0090870857238769,0.9986693498051026,0.001332423184067,0.0010498463639467,4.408708572387695,True,True,True,True,
135,patient00146/study9,patient00146/study9/view1_frontal.dcm,/home/jovyan/Desktop/MEDAGENT-X/data/raw/chexpert_plus/dicom_train/patient00146/study9/view1_frontal.dcm,/home/jovyan/Desktop/MEDAGENT-X/outputs/chexpert_plus/convnext_features/patient00146_study9_view1_frontal.npz,ok,,data/raw/chexpert_plus/dicom_train/patient00146/study9/view1_frontal.dcm,/home/jovyan/Desktop/MEDAGENT-X/outputs/chexpert_plus/raddino_features/patient00146__study9__view1_frontal.npz,success,,microsoft/rad-dino,/home/jovyan/Desktop/MEDAGENT-X/data/raw/chexpert_plus/dicom_train/patient00146/study9/view1_frontal.dcm,data/raw/chexpert_plus/dicom_train/patient00146/study9/view1_frontal.dcm,ok,,,,2320,2828,MONOCHROME1,AP,12,16,0,,"(2320, 2828)","(3, 224, 224)",0.0,1.0,0.2885840237140655,0.0726187378168106,0.2227106243371963,0.0088292984291911,0.9987471242800724,0.0012544473866,0.0011358093937472,4.056550979614258,True,True,True,True,
136,patient00146/study25,patient00146/study25/view1_frontal.dcm,/home/jovyan/Desktop/MEDAGENT-X/data/raw/chexpert_plus/dicom_train/patient00146/study25/view1_frontal.dcm,/home/jovyan/Desktop/MEDAGENT-X/outputs/chexpert_plus/convnext_features/patient00146_study25_view1_frontal.npz,ok,,data/raw/chexpert_plus/dicom_train/patient00146/study25/view1_frontal.dcm,/home/jovyan/Desktop/MEDAGENT-X/outputs/chexpert_plus/raddino_features/patient00146__study25__view1_frontal.npz,success,,microsoft/rad-dino,/home/jovyan/Desktop/MEDAGENT-X/data/raw/chexpert_plus/dicom_train/patient00146/study25/view1_frontal.dcm,data/raw/chexpert_plus/dicom_train/patient00146/study25/view1_frontal.dcm,ok,,,,2320,2828,MONOCHROME1,AP,12,16,0,,"(2320, 2828)","(3, 224, 224)",0.0,1.0,0.2284313142299652,0.0889049619436264,0.3103785179555416,0.0095035647973418,0.9985794790685576,0.0014225416816771,0.0012920365312393,4.325577735900879,True,True,True,True,
137,patient00146/study31,patient00146/study31/view1_frontal.dcm,/home/jovyan/Desktop/MEDAGENT-X/data/raw/chexpert_plus/dicom_train/patient00146/study31/view1_frontal.dcm,/home/jovyan/Desktop/MEDAGENT-X/outputs/chexpert_plus/convnext_features/patient00146_study31_view1_frontal.npz,ok,,data/raw/chexpert_plus/dicom_train/patient00146/study31/view1_frontal.dcm,/home/jovyan/Desktop/MEDAGENT-X/outputs/chexpert_plus/raddino_features/patient00146__study31__view1_frontal.npz,success,,microsoft/rad-dino,/home/jovyan/Desktop/MEDAGENT-X/data/raw/chexpert_plus/dicom_train/patient00146/study31/view1_frontal.dcm,data/raw/chexpert_plus/dicom_train/patient00146/study31/view1_frontal.dcm,ok,,,,2320,2828,MONOCHROME1,AP,12,16,0,,"(2320, 2828)","(3, 224, 224)",0.0,1.0,0.3055182993412018,0.0800112783908844,0.2427350431680679,0.0100236656144261,0.9985293585985788,0.0014728073729202,0.0023072842998585,4.2201433181762695,True,True,True,True,
138,patient00146/study26,patient00146/study26/view1_frontal.dcm,/home/jovyan/Desktop/MEDAGENT-X/data/raw/chexpert_plus/dicom_train/patient00146/study26/view1_frontal.dcm,/home/jovyan/Desktop/MEDAGENT-X/outputs/chexpert_plus/convnext_features/patient00146_study26_view1_frontal.npz,ok,,data/raw/chexpert_plus/dicom_train/patient00146/study26/view1_frontal.dcm,/home/jovyan/Desktop/MEDAGENT-X/outputs/chexpert_plus/raddino_features/patient00146__study26__view1_frontal.npz,success,,microsoft/rad-dino,/home/jovyan/Desktop/MEDAGENT-X/data/raw/chexpert_plus/dicom_train/patient00146/study26/view1_frontal.dcm,data/raw/chexpert_plus/dicom_train/patient00146/study26/view1_frontal.dcm,ok,,,,2320,2828,MONOCHROME1,AP,12,16,0,,"(2320, 2828)","(3, 224, 224)",0.0,1.0,0.2345307916402816,0.0886013209819793,0.3040293119847774,0.0094255516305565,0.9985876866807588,0.0014143107691779,0.0013764753938448,4.249520301818848,True,True,True,True,
139,patient00146/study29,patient00146/study29/view1_frontal.dcm,/home/jovyan/Desktop/MEDAGENT-X/data/raw/chexpert_plus/dicom_train/patient00146/study29/view1_frontal.dcm,/home/jovyan/Desktop/MEDAGENT-X/outputs/chexpert_plus/convnext_features/patient00146_study29_view1_frontal.npz,ok,,data/raw/chexpert_plus/dicom_train/patient00146/study29/view1_frontal.dcm,/home/jovyan/Desktop/MEDAGENT-X/outputs/chexpert_plus/raddino_features/patient00146__study29__view1_frontal.npz,success,,microsoft/rad-dino,/home/jovyan/Desktop/MEDAGENT-X/data/raw/chexpert_plus/dicom_train/patient00146/study29/view1_frontal.dcm,data/raw/chexpert_plus/dicom_train/patient00146/study29/view1_frontal.dcm,ok,,,,2320,2828,MONOCHROME1,AP,12,16,0,,"(2320, 2828)","(3, 224, 224)",0.0,1.0,0.185884341597557,0.0790136456489563,0.2390720508992672,0.0112177049741148,0.9980946249440936,0.001909012440592,0.0014257059942447,4.099265098571777,True,True,True,True,
140,patient00146/study8,patient00146/study8/view1_frontal.dcm,/home/jovyan/Desktop/MEDAGENT-X/data/raw/chexpert_plus/dicom_train/patient00146/study8/view1_frontal.dcm,/home/jovyan/Desktop/MEDAGENT-X/outputs/chexpert_plus/convnext_features/patient00146_study8_view1_frontal.npz,ok,,data/raw/chexpert_plus/dicom_train/patient00146/study8/view1_frontal.dcm,/home/jovyan/Desktop/MEDAGENT-X/outputs/chexpert_plus/raddino_features/patient00146__study8__view1_frontal.npz,success,,microsoft/rad-dino,/home/jovyan/Desktop/MEDAGENT-X/data/raw/chexpert_plus/dicom_train/patient00146/study8/view1_frontal.dcm,data/raw/chexpert_plus/dicom_train/patient00146/study8/view1_frontal.dcm,ok,,,,2048,2494,MONOCHROME1,AP,12,16,0,,"(2048, 2494)","(3, 224, 224)",0.0,1.0,0.1450790166854858,0.0714819282293319,0.2210012217983603,0.0100829470902681,0.9984339424606604,0.0015685139223933,0.0010858090667602,3.844782829284668,True,True,True,True,
141,patient00146/study4,patient00146/study4/view1_frontal.dcm,/home/jovyan/Desktop/MEDAGENT-X/data/raw/chexpert_plus/dicom_train/patient00146/study4/view1_frontal.dcm,/home/jovyan/Desktop/MEDAGENT-X/outputs/chexpert_plus/convnext_features/patient00146_study4_view1_frontal.npz,ok,,data/raw/chexpert_plus/dicom_train/patient00146/study4/view1_frontal.dcm,/home/jovyan/Desktop/MEDAGENT-X/outputs/chexpert_plus/raddino_features/patient00146__study4__view1_frontal.npz,success,,microsoft/rad-dino,/home/jovyan/Desktop/MEDAGENT-X/data/raw/chexpert_plus/dicom_train/patient00146/study4/view1_frontal.dcm,data/raw/chexpert_plus/dicom_train/patient00146/study4/view1_frontal.dcm,ok,,,,2320,2828,MONOCHROME1,AP,12,16,0,,"(2320, 2828)","(3, 224, 224)",0.0,1.0,0.2235290706157684,0.0810872465372085,0.2778998874127865,0.0102808028459548,0.998444716982124,0.0015577056910842,0.0012191813393161,4.135697841644287,True,True,True,True,
142,patient00146/study6,patient00146/study6/view1_frontal.dcm,/home/jovyan/Desktop/MEDAGENT-X/data/raw/chexpert_plus/dicom_train/patient00146/study6/view1_frontal.dcm,/home/jovyan/Desktop/MEDAGENT-X/outputs/chexpert_plus/convnext_features/patient00146_study6_view1_frontal.npz,ok,,data/raw/chexpert_plus/dicom_train/patient00146/study6/view1_frontal.dcm,/home/jovyan/Desktop/MEDAGENT-X/outputs/chexpert_plus/raddino_features/patient00146__study6__view1_frontal.npz,success,,microsoft/rad-dino,/home/jovyan/Desktop/MEDAGENT-X/data/raw/chexpert_plus/dicom_train/patient00146/study6/view1_frontal.dcm,data/raw/chexpert_plus/dicom_train/patient00146/study6/view1_frontal.dcm,ok,,,,2320,2828,MONOCHROME1,AP,12,16,0,,"(2320, 2828)","(3, 224, 224)",0.0,1.0,0.3257446587085724,0.0952161028981208,0.2908424884080887,0.0098689328879117,0.9983349273713922,0.0016678497195243,0.0012295456762425,4.478403568267822,True,True,True,True,
143,patient00146/study12,patient00146/study12/view1_frontal.dcm,/home/jovyan/Desktop/MEDAGENT-X/data/raw/chexpert_plus/dicom_train/patient00146/study12/view1_frontal.dcm,/home/jovyan/Desktop/MEDAGENT-X/outputs/chexpert_plus/convnext_features/patient00146_study12_view1_frontal.npz,ok,,data/raw/chexpert_plus/dicom_train/patient00146/study12/view1_frontal.dcm,/home/jovyan/Desktop/MEDAGENT-X/outputs/chexpert_plus/raddino_features/patient00146__study12__view1_frontal.npz,success,,microsoft/rad-dino,/home/jovyan/Desktop/MEDAGENT-X/data/raw/chexpert_plus/dicom_train/patient00146/study12/view1_frontal.dcm,data/raw/chexpert_plus/dicom_train/patient00146/study12/view1_frontal.dcm,ok,,,,2320,2828,MONOCHROME1,PA,12,16,0,,"(2320, 2828)","(3, 224, 224)",0.0,1.0,0.3155986070632934,0.0970476940274238,0.2886446863412857,0.0093890773132443,0.9986412921387722,0.0013605564599856,0.001452378920158,4.502402305603027,True,True,True,True,
144,patient00146/study28,patient00146/study28/view1_frontal.dcm,/home/jovyan/Desktop/MEDAGENT-X/data/raw/chexpert_plus/dicom_train/patient00146/study28/view1_frontal.dcm,/home/jovyan/Desktop/MEDAGENT-X/outputs/chexpert_plus/convnext_features/patient00146_study28_view1_frontal.npz,ok,,data/raw/chexpert_plus/dicom_train/patient00146/study28/view1_frontal.dcm,/home/jovyan/Desktop/MEDAGENT-X/outputs/chexpert_plus/raddino_features/patient00146__study28__view1_frontal.npz,success,,microsoft/rad-dino,/home/jovyan/Desktop/MEDAGENT-X/data/raw/chexpert_plus/dicom_train/patient00146/study28/view1_frontal.dcm,data/raw/chexpert_plus/dicom_train/patient00146/study28/view1_frontal.dcm,ok,,,,2320,2828,MONOCHROME1,AP,12,16,0,,"(2320, 2828)","(3, 224, 224)",0.0,1.0,0.174083724617958,0.0766452550888061,0.2332112453877926,0.0090263122692704,0.998657805895935,0.0013439980102702,0.0010897795444569,4.130817413330078,True,True,True,True,
145,patient00146/study3,patient00146/study3/view1_frontal.dcm,/home/jovyan/Desktop/MEDAGENT-X/data/raw/chexpert_plus/dicom_train/patient00146/study3/view1_frontal.dcm,/home/jovyan/Desktop/MEDAGENT-X/outputs/chexpert_plus/convnext_features/patient00146_study3_view1_frontal.npz,ok,,data/raw/chexpert_plus/dicom_train/patient00146/study3/view1_frontal.dcm,/home/jovyan/Desktop/MEDAGENT-X/outputs/chexpert_plus/raddino_features/patient00146__study3__view1_frontal.npz,success,,microsoft/rad-dino,/home/jovyan/Desktop/MEDAGENT-X/data/raw/chexpert_plus/dicom_train/patient00146/study3/view1_frontal.dcm,data/raw/chexpert_plus/dicom_train/patient00146/study3/view1_frontal.dcm,ok,,,,2320,2828,MONOCHROME1,AP,12,16,0,,"(2320, 2828)","(3, 224, 224)",0.0,1.0,0.2653385400772095,0.101596787571907,0.3338217362761497,0.0099315261468291,0.9983894938964144,0.0016131040174514,0.0022903660439935,4.569639205932617,True,True,True,True,
146,patient00146/study20,patient00146/study20/view1_frontal.dcm,/home/jovyan/Desktop/MEDAGENT-X/data/raw/chexpert_plus/dicom_train/patient00146/study20/view1_frontal.dcm,/home/jovyan/Desktop/MEDAGENT-X/outputs/chexpert_plus/convnext_features/patient00146_study20_view1_frontal.npz,ok,,data/raw/chexpert_plus/dicom_train/patient00146/study20/view1_frontal.dcm,/home/jovyan/Desktop/MEDAGENT-X/outputs/chexpert_plus/raddino_features/patient00146__study20__view1_frontal.npz,success,,microsoft/rad-dino,/home/jovyan/Desktop/MEDAGENT-X/data/raw/chexpert_plus/dicom_train/patient00146/study20/view1_frontal.dcm,data/raw/chexpert_plus/dicom_train/patient00146/study20/view1_frontal.dcm,ok,,,,2320,2828,MONOCHROME1,AP,12,16,0,,"(2320, 2828)","(3, 224, 224)",0.0,1.0,0.2161511480808258,0.0881684422492981,0.3045177143067121,0.0104884738102555,0.9983057347769436,0.0016971406294032,0.001010370433595,4.284914016723633,True,True,True,True,
147,patient00146/study22,patient00146/study22/view1_frontal.dcm,/home/jovyan/Desktop/MEDAGENT-X/data/raw/chexpert_plus/dicom_train/patient00146/study22/view1_frontal.dcm,/home/jovyan/Desktop/MEDAGENT-X/outputs/chexpert_plus/convnext_features/patient00146_study22_view1_frontal.npz,ok,,data/raw/chexpert_plus/dicom_train/patient00146/study22/view1_frontal.dcm,/home/jovyan/Desktop/MEDAGENT-X/outputs/chexpert_plus/raddino_features/patient00146__study22__view1_frontal.npz,success,,microsoft/rad-dino,/home/jovyan/Desktop/MEDAGENT-X/data/raw/chexpert_plus/dicom_train/patient00146/study22/view1_frontal.dcm,data/raw/chexpert_plus/dicom_train/patient00146/study22/view1_frontal.dcm,ok,,,,2320,2828,MONOCHROME1,AP,12,16,0,,"(2320, 2828)","(3, 224, 224)",0.0,1.0,0.2119536995887756,0.0793109536170959,0.2398046478629112,0.0092525593936443,0.9986666525605964,0.0013351276284083,0.0012202482563527,4.25823974609375,True,True,True,True,
148,patient00146/study10,patient00146/study10/view1_frontal.dcm,/home/jovyan/Desktop/MEDAGENT-X/data/raw/chexpert_plus/dicom_train/patient00146/study10/view1_frontal.dcm,/home/jovyan/Desktop/MEDAGENT-X/outputs/chexpert_plus/convnext_features/patient00146_study10_view1_frontal.npz,ok,,data/raw/chexpert_plus/dicom_train/patient00146/study10/view1_frontal.dcm,/home/jovyan/Desktop/MEDAGENT-X/outputs/chexpert_plus/raddino_features/patient00146__study10__view1_frontal.npz,success,,microsoft/rad-dino,/home/jovyan/Desktop/MEDAGENT-X/data/raw/chexpert_plus/dicom_train/patient00146/study10/view1_frontal.dcm,data/raw/chexpert_plus/dicom_train/patient00146/study10/view1_frontal.dcm,ok,,,,2320,2828,MONOCHROME1,AP,12,16,0,,"(2320, 2828)","(3, 224, 224)",0.0,1.0,0.2719682455062866,0.0817379802465438,0.2517704516649246,0.0092637240886688,0.9986170166208946,0.001384898670949,0.0013452299663463,4.193879127502441,True,True,True,True,
149,patient00146/study7,patient00146/study7/view1_frontal.dcm,/home/jovyan/Desktop/MEDAGENT-X/data/raw/chexpert_plus/dicom_train/patient00146/study7/view1_frontal.dcm,/home/jovyan/Desktop/MEDAGENT-X/outputs/chexpert_plus/convnext_features/patient00146_study7_view1_frontal.npz,ok,,data/raw/chexpert_plus/dicom_train/patient00146/study7/view1_frontal.dcm,/home/jovyan/Desktop/MEDAGENT-X/outputs/chexpert_plus/raddino_features/patient00146__study7__view1_frontal.npz,success,,microsoft/rad-dino,/home/jovyan/Desktop/MEDAGENT-X/data/raw/chexpert_plus/dicom_train/patient00146/study7/view1_frontal.dcm,data/raw/chexpert_plus/dicom_train/patient00146/study7/view1_frontal.dcm,ok,,,,2320,2828,MONOCHROME1,AP,12,16,0,,"(2320, 2828)","(3, 224, 224)",0.0,1.0,0.306206613779068,0.1163249611854553,0.4063670486211777,0.0053203203715384,0.9994255782183205,0.0005747519317083,0.0078267509632736,4.767096996307373,True,True,True,True,
150,patient00146/study23,patient00146/study23/view1_frontal.dcm,/home/jovyan/Desktop/MEDAGENT-X/data/raw/chexpert_plus/dicom_train/patient00146/study23/view1_frontal.dcm,/home/jovyan/Desktop/MEDAGENT-X/outputs/chexpert_plus/convnext_features/patient00146_study23_view1_frontal.npz,ok,,data/raw/chexpert_plus/dicom_train/patient00146/study23/view1_frontal.dcm,/home/jovyan/Desktop/MEDAGENT-X/outputs/chexpert_plus/raddino_features/patient00146__study23__view1_frontal.npz,success,,microsoft/rad-dino,/home/jovyan/Desktop/MEDAGENT-X/data/raw/chexpert_plus/dicom_train/patient00146/study23/view1_frontal.dcm,data/raw/chexpert_plus/dicom_train/patient00146/study23/view1_frontal.dcm,ok,,,,2320,2828,MONOCHROME1,AP,12,16,0,,"(2320, 2828)","(3, 224, 224)",0.0,1.0,0.1696294248104095,0.0700038895010948,0.2139194272458553,0.0089462958276271,0.9987822631837174,0.0012192215071991,0.000907641564649,3.999712228775024,True,True,True,True,
151,patient00146/study5,patient00146/study5/view1_frontal.dcm,/home/jovyan/Desktop/MEDAGENT-X/data/raw/chexpert_plus/dicom_train/patient00146/study5/view1_frontal.dcm,/home/jovyan/Desktop/MEDAGENT-X/outputs/chexpert_plus/convnext_features/patient00146_study5_view1_frontal.npz,ok,,data/raw/chexpert_plus/dicom_train/patient00146/study5/view1_frontal.dcm,/home/jovyan/Desktop/MEDAGENT-X/outputs/chexpert_plus/raddino_features/patient00146__study5__view1_frontal.npz,success,,microsoft/rad-dino,/home/jovyan/Desktop/MEDAGENT-X/data/raw/chexpert_plus/dicom_train/patient00146/study5/view1_frontal.dcm,data/raw/chexpert_plus/dicom_train/patient00146/study5/view1_frontal.dcm,ok,,,,2320,2828,MONOCHROME1,AP,12,16,0,,"(2320, 2828)","(3, 224, 224)",0.0,1.0,0.158846840262413,0.0740841105580329,0.240537254139781,0.0093198604881763,0.9986760337073484,0.0013257215032353,0.0009585487489635,3.983843326568604,True,True,True,True,
152,patient00146/study11,patient00146/study11/view1_frontal.dcm,/home/jovyan/Desktop/MEDAGENT-X/data/raw/chexpert_plus/dicom_train/patient00146/study11/view1_frontal.dcm,/home/jovyan/Desktop/MEDAGENT-X/outputs/chexpert_plus/convnext_features/patient00146_study11_view1_frontal.npz,ok,,data/raw/chexpert_plus/dicom_train/patient00146/study11/view1_frontal.dcm,/home/jovyan/Desktop/MEDAGENT-X/outputs/chexpert_plus/raddino_features/patient00146__study11__view1_frontal.npz,success,,microsoft/rad-dino,/home/jovyan/Desktop/MEDAGENT-X/data/raw/chexpert_plus/dicom_train/patient00146/study11/view1_frontal.dcm,data/raw/chexpert_plus/dicom_train/patient00146/study11/view1_frontal.dcm,ok,,,,2320,2828,MONOCHROME1,AP,12,16,0,,"(2320, 2828)","(3, 224, 224)",0.0,1.0,0.2821029424667358,0.0907546952366828,0.260073259472847,0.0091485762968659,0.998647320509396,0.0013545117108151,0.0010382626932644,4.323528289794922,True,True,True,True,
153,patient00146/study15,patient00146/study15/view1_frontal.dcm,/home/jovyan/Desktop/MEDAGENT-X/data/raw/chexpert_plus/dicom_train/patient00146/study15/view1_frontal.dcm,/home/jovyan/Desktop/MEDAGENT-X/outputs/chexpert_plus/convnext_features/patient00146_study15_view1_frontal.npz,ok,,data/raw/chexpert_plus/dicom_train/patient00146/study15/view1_frontal.dcm,/home/jovyan/Desktop/MEDAGENT-X/outputs/chexpert_plus/raddino_features/patient00146__study15__view1_frontal.npz,success,,microsoft/rad-dino,/home/jovyan/Desktop/MEDAGENT-X/data/raw/chexpert_plus/dicom_train/patient00146/study15/view1_frontal.dcm,data/raw/chexpert_plus/dicom_train/patient00146/study15/view1_frontal.dcm,ok,,,,2320,2828,MONOCHROME1,AP,12,16,0,,"(2320, 2828)","(3, 224, 224)",0.0,1.0,0.1661623418331146,0.0742442160844802,0.2473748605698347,0.0094172544777393,0.9986676201813092,0.0013341574231162,0.0010669170365312,3.9869697093963614,True,True,True,True,
154,patient00146/study24,patient00146/study24/view1_frontal.dcm,/home/jovyan/Desktop/MEDAGENT-X/data/raw/chexpert_plus/dicom_train/patient00146/study24/view1_frontal.dcm,/home/jovyan/Desktop/MEDAGENT-X/outputs/chexpert_plus/convnext_features/patient00146_study24_view1_frontal.npz,ok,,data/raw/chexpert_plus/dicom_train/patient00146/study24/view1_frontal.dcm,/home/jovyan/Desktop/MEDAGENT-X/outputs/chexpert_plus/raddino_features/patient00146__study24__view1_frontal.npz,success,,microsoft/rad-dino,/home/jovyan/Desktop/MEDAGENT-X/data/raw/chexpert_plus/dicom_train/patient00146/study24/view1_frontal.dcm,data/raw/chexpert_plus/dicom_train/patient00146/study24/view1_frontal.dcm,ok,,,,2320,2828,MONOCHROME1,AP,12,16,0,,"(2320, 2828)","(3, 224, 224)",0.0,1.0,0.3195693492889404,0.0800555497407913,0.2368742376565933,0.0098619069904088,0.9983725681462352,0.001630084705539,0.0014926169341072,4.281144142150879,True,True,True,True,
155,patient00146/study17,patient00146/study17/view1_frontal.dcm,/home/jovyan/Desktop/MEDAGENT-X/data/raw/chexpert_plus/dicom_train/patient00146/study17/view1_frontal.dcm,/home/jovyan/Desktop/MEDAGENT-X/outputs/chexpert_plus/convnext_features/patient00146_study17_view1_frontal.npz,ok,,data/raw/chexpert_plus/dicom_train/patient00146/study17/view1_frontal.dcm,/home/jovyan/Desktop/MEDAGENT-X/outputs/chexpert_plus/raddino_features/patient00146__study17__view1_frontal.npz,success,,microsoft/rad-dino,/home/jovyan/Desktop/MEDAGENT-X/data/raw/chexpert_plus/dicom_train/patient00146/study17/view1_frontal.dcm,data/raw/chexpert_plus/dicom_train/patient00146/study17/view1_frontal.dcm,ok,,,,2320,2828,MONOCHROME1,AP,12,16,0,,"(2320, 2828)","(3, 224, 224)",0.0,1.0,0.1737926751375198,0.0800155475735664,0.2324786446988582,0.0093820663169026,0.998640430915739,0.0013614200288429,0.0010268314393015,4.148229598999023,True,True,True,True,
156,patient00147/study1,patient00147/study1/view1_frontal.dcm,/home/jovyan/Desktop/MEDAGENT-X/data/raw/chexpert_plus/dicom_train/patient00147/study1/view1_frontal.dcm,/home/jovyan/Desktop/MEDAGENT-X/outputs/chexpert_plus/convnext_features/patient00147_study1_view1_frontal.npz,ok,,data/raw/chexpert_plus/dicom_train/patient00147/study1/view1_frontal.dcm,/home/jovyan/Desktop/MEDAGENT-X/outputs/chexpert_plus/raddino_features/patient00147__study1__view1_frontal.npz,success,,microsoft/rad-dino,/home/jovyan/Desktop/MEDAGENT-X/data/raw/chexpert_plus/dicom_train/patient00147/study1/view1_frontal.dcm,data/raw/chexpert_plus/dicom_train/patient00147/study1/view1_frontal.dcm,ok,,,,2048,2494,MONOCHROME1,AP,12,16,0,,"(2048, 2494)","(3, 224, 224)",0.0,1.0,0.2745424211025238,0.0590235106647014,0.1589743643999099,0.0091217476874589,0.998608528861879,0.0013934100279584,0.0010437158555533,3.572467088699341,True,True,True,True,
157,patient00147/study9,patient00147/study9/view1_frontal.dcm,/home/jovyan/Desktop/MEDAGENT-X/data/raw/chexpert_plus/dicom_train/patient00147/study9/view1_frontal.dcm,/home/jovyan/Desktop/MEDAGENT-X/outputs/chexpert_plus/convnext_features/patient00147_study9_view1_frontal.npz,ok,,data/raw/chexpert_plus/dicom_train/patient00147/study9/view1_frontal.dcm,/home/jovyan/Desktop/MEDAGENT-X/outputs/chexpert_plus/raddino_features/patient00147__study9__view1_frontal.npz,success,,microsoft/rad-dino,/home/jovyan/Desktop/MEDAGENT-X/data/raw/chexpert_plus/dicom_train/patient00147/study9/view1_frontal.dcm,data/raw/chexpert_plus/dicom_train/patient00147/study9/view1_frontal.dcm,ok,,,,2320,2828,MONOCHROME1,AP,12,16,0,,"(2320, 2828)","(3, 224, 224)",0.0,1.0,0.3167542219161987,0.085392951965332,0.2520146518945694,0.0087617235258221,0.9987385244579866,0.0012630688725039,0.0010699653709213,4.186710834503174,True,True,True,True,
158,patient00147/study14,patient00147/study14/view1_frontal.dcm,/home/jovyan/Desktop/MEDAGENT-X/data/raw/chexpert_plus/dicom_train/patient00147/study14/view1_frontal.dcm,/home/jovyan/Desktop/MEDAGENT-X/outputs/chexpert_plus/convnext_features/patient00147_study14_view1_frontal.npz,ok,,data/raw/chexpert_plus/dicom_train/patient00147/study14/view1_frontal.dcm,/home/jovyan/Desktop/MEDAGENT-X/outputs/chexpert_plus/raddino_features/patient00147__study14__view1_frontal.npz,success,,microsoft/rad-dino,/home/jovyan/Desktop/MEDAGENT-X/data/raw/chexpert_plus/dicom_train/patient00147/study14/view1_frontal.dcm,data/raw/chexpert_plus/dicom_train/patient00147/study14/view1_frontal.dcm,ok,,,,2320,2828,MONOCHROME1,AP,12,16,0,,"(2320, 2828)","(3, 224, 224)",0.0,1.0,0.1692759394645691,0.0734657943248748,0.2356532495468855,0.008466150611639,0.9988886545336908,0.0011125819291919,0.0009134333999902,3.932212829589844,True,True,True,True,
159,patient00147/study11,patient00147/study11/view1_frontal.dcm,/home/jovyan/Desktop/MEDAGENT-X/data/raw/chexpert_plus/dicom_train/patient00147/study11/view1_frontal.dcm,/home/jovyan/Desktop/MEDAGENT-X/outputs/chexpert_plus/convnext_features/patient00147_study11_view1_frontal.npz,ok,,data/raw/chexpert_plus/dicom_train/patient00147/study11/view1_frontal.dcm,/home/jovyan/Desktop/MEDAGENT-X/outputs/chexpert_plus/raddino_features/patient00147__study11__view1_frontal.npz,success,,microsoft/rad-dino,/home/jovyan/Desktop/MEDAGENT-X/data/raw/chexpert_plus/dicom_train/patient00147/study11/view1_frontal.dcm,data/raw/chexpert_plus/dicom_train/patient00147/study11/view1_frontal.dcm,ok,,,,2320,2828,MONOCHROME1,AP,12,16,0,,"(2320, 2828)","(3, 224, 224)",0.0,1.0,0.2272078394889831,0.0970900505781173,0.313308922573924,0.009784054942429,0.9985037228736316,0.0014985193265601,0.0011647685704531,4.285326957702637,True,True,True,True,
160,patient00147/study13,patient00147/study13/view1_frontal.dcm,/home/jovyan/Desktop/MEDAGENT-X/data/raw/chexpert_plus/dicom_train/patient00147/study13/view1_frontal.dcm,/home/jovyan/Desktop/MEDAGENT-X/outputs/chexpert_plus/convnext_features/patient00147_study13_view1_frontal.npz,ok,,data/raw/chexpert_plus/dicom_train/patient00147/study13/view1_frontal.dcm,/home/jovyan/Desktop/MEDAGENT-X/outputs/chexpert_plus/raddino_features/patient00147__study13__view1_frontal.npz,success,,microsoft/rad-dino,/home/jovyan/Desktop/MEDAGENT-X/data/raw/chexpert_plus/dicom_train/patient00147/study13/view1_frontal.dcm,data/raw/chexpert_plus/dicom_train/patient00147/study13/view1_frontal.dcm,ok,,,,2320,2828,MONOCHROME1,AP,12,16,0,,"(2320, 2828)","(3, 224, 224)",0.0,1.0,0.1995324790477752,0.0867631137371063,0.2947497051209211,0.0089367656037211,0.9987139519485174,0.0012877041008323,0.0014093974052577,4.203708171844482,True,True,True,True,
161,patient00147/study6,patient00147/study6/view1_frontal.dcm,/home/jovyan/Desktop/MEDAGENT-X/data/raw/chexpert_plus/dicom_train/patient00147/study6/view1_frontal.dcm,/home/jovyan/Desktop/MEDAGENT-X/outputs/chexpert_plus/convnext_features/patient00147_study6_view1_frontal.npz,ok,,data/raw/chexpert_plus/dicom_train/patient00147/study6/view1_frontal.dcm,/home/jovyan/Desktop/MEDAGENT-X/outputs/chexpert_plus/raddino_features/patient00147__study6__view1_frontal.npz,success,,microsoft/rad-dino,/home/jovyan/Desktop/MEDAGENT-X/data/raw/chexpert_plus/dicom_train/patient00147/study6/view1_frontal.dcm,data/raw/chexpert_plus/dicom_train/patient00147/study6/view1_frontal.dcm,ok,,,,2320,2828,MONOCHROME1,AP,12,16,0,,"(2320, 2828)","(3, 224, 224)",0.0,1.0,0.2111793905496597,0.0817120447754859,0.2876678984612226,0.0087122013792395,0.9988116266214826,0.001189787290059,0.0012418914305223,4.078803062438965,True,True,True,True,
162,patient00147/study7,patient00147/study7/view1_frontal.dcm,/home/jovyan/Desktop/MEDAGENT-X/data/raw/chexpert_plus/dicom_train/patient00147/study7/view1_frontal.dcm,/home/jovyan/Desktop/MEDAGENT-X/outputs/chexpert_plus/convnext_features/patient00147_study7_view1_frontal.npz,ok,,data/raw/chexpert_plus/dicom_train/patient00147/study7/view1_frontal.dcm,/home/jovyan/Desktop/MEDAGENT-X/outputs/chexpert_plus/raddino_features/patient00147__study7__view1_frontal.npz,success,,microsoft/rad-dino,/home/jovyan/Desktop/MEDAGENT-X/data/raw/chexpert_plus/dicom_train/patient00147/study7/view1_frontal.dcm,data/raw/chexpert_plus/dicom_train/patient00147/study7/view1_frontal.dcm,ok,,,,2320,2828,MONOCHROME1,AP,12,16,0,,"(2320, 2828)","(3, 224, 224)",0.0,1.0,0.2201938182115554,0.0798153653740882,0.2510378584265709,0.0085644293576478,0.9988369600389972,0.0011643941979855,0.0013481258840169,4.143881320953369,True,True,True,True,
163,patient00147/study3,patient00147/study3/view1_frontal.dcm,/home/jovyan/Desktop/MEDAGENT-X/data/raw/chexpert_plus/dicom_train/patient00147/study3/view1_frontal.dcm,/home/jovyan/Desktop/MEDAGENT-X/outputs/chexpert_plus/convnext_features/patient00147_study3_view1_frontal.npz,ok,,data/raw/chexpert_plus/dicom_train/patient00147/study3/view1_frontal.dcm,/home/jovyan/Desktop/MEDAGENT-X/outputs/chexpert_plus/raddino_features/patient00147__study3__view1_frontal.npz,success,,microsoft/rad-dino,/home/jovyan/Desktop/MEDAGENT-X/data/raw/chexpert_plus/dicom_train/patient00147/study3/view1_frontal.dcm,data/raw/chexpert_plus/dicom_train/patient00147/study3/view1_frontal.dcm,ok,,,,2320,2828,MONOCHROME1,AP,12,16,0,,"(2320, 2828)","(3, 224, 224)",0.0,1.0,0.1932428181171417,0.0735323652625083,0.242490854114294,0.0095460219308733,0.9986088158403228,0.0013931222492828,0.0009117568160756,4.048943519592285,True,True,True,True,
164,patient00147/study8,patient00147/study8/view1_frontal.dcm,/home/jovyan/Desktop/MEDAGENT-X/data/raw/chexpert_plus/dicom_train/patient00147/study8/view1_frontal.dcm,/home/jovyan/Desktop/MEDAGENT-X/outputs/chexpert_plus/convnext_features/patient00147_study8_view1_frontal.npz,ok,,data/raw/chexpert_plus/dicom_train/patient00147/study8/view1_frontal.dcm,/home/jovyan/Desktop/MEDAGENT-X/outputs/chexpert_plus/raddino_features/patient00147__study8__view1_frontal.npz,success,,microsoft/rad-dino,/home/jovyan/Desktop/MEDAGENT-X/data/raw/chexpert_plus/dicom_train/patient00147/study8/view1_frontal.dcm,data/raw/chexpert_plus/dicom_train/patient00147/study8/view1_frontal.dcm,ok,,,,2320,2828,MONOCHROME1,AP,12,16,0,,"(2320, 2828)","(3, 224, 224)",0.0,1.0,0.2218629270792007,0.0833915844559669,0.2578754648566246,0.0097179701551795,0.9985304839291644,0.0014716787263751,0.000976229088426,4.20927619934082,True,True,True,True,
165,patient00147/study12,patient00147/study12/view1_frontal.dcm,/home/jovyan/Desktop/MEDAGENT-X/data/raw/chexpert_plus/dicom_train/patient00147/study12/view1_frontal.dcm,/home/jovyan/Desktop/MEDAGENT-X/outputs/chexpert_plus/convnext_features/patient00147_study12_view1_frontal.npz,ok,,data/raw/chexpert_plus/dicom_train/patient00147/study12/view1_frontal.dcm,/home/jovyan/Desktop/MEDAGENT-X/outputs/chexpert_plus/raddino_features/patient00147__study12__view1_frontal.npz,success,,microsoft/rad-dino,/home/jovyan/Desktop/MEDAGENT-X/data/raw/chexpert_plus/dicom_train/patient00147/study12/view1_frontal.dcm,data/raw/chexpert_plus/dicom_train/patient00147/study12/view1_frontal.dcm,ok,,,,2320,2828,MONOCHROME1,AP,12,16,0,,"(2320, 2828)","(3, 224, 224)",0.0,1.0,0.3099358081817627,0.0781221836805343,0.2500610500574112,0.0086480816826224,0.9988017668834076,0.0011996706016361,0.0009939094278886,4.224467277526856,True,True,True,True,
166,patient00147/study5,patient00147/study5/view1_frontal.dcm,/home/jovyan/Desktop/MEDAGENT-X/data/raw/chexpert_plus/dicom_train/patient00147/study5/view1_frontal.dcm,/home/jovyan/Desktop/MEDAGENT-X/outputs/chexpert_plus/convnext_features/patient00147_study5_view1_frontal.npz,ok,,data/raw/chexpert_plus/dicom_train/patient00147/study5/view1_frontal.dcm,/home/jovyan/Desktop/MEDAGENT-X/outputs/chexpert_plus/raddino_features/patient00147__study5__view1_frontal.npz,success,,microsoft/rad-dino,/home/jovyan/Desktop/MEDAGENT-X/data/raw/chexpert_plus/dicom_train/patient00147/study5/view1_frontal.dcm,data/raw/chexpert_plus/dicom_train/patient00147/study5/view1_frontal.dcm,ok,,,,2320,2828,MONOCHROME1,AP,12,16,0,,"(2320, 2828)","(3, 224, 224)",0.0,1.0,0.3515363931655884,0.0874567106366157,0.2568986564874649,0.0094989845529198,0.9984387686961428,0.0015636725584045,0.0011771143247329,4.338202953338623,True,True,True,True,
167,patient00147/study15,patient00147/study15/view1_frontal.dcm,/home/jovyan/Desktop/MEDAGENT-X/data/raw/chexpert_plus/dicom_train/patient00147/study15/view1_frontal.dcm,/home/jovyan/Desktop/MEDAGENT-X/outputs/chexpert_plus/convnext_features/patient00147_study15_view1_frontal.npz,ok,,data/raw/chexpert_plus/dicom_train/patient00147/study15/view1_frontal.dcm,/home/jovyan/Desktop/MEDAGENT-X/outputs/chexpert_plus/raddino_features/patient00147__study15__view1_frontal.npz,success,,microsoft/rad-dino,/home/jovyan/Desktop/MEDAGENT-X/data/raw/chexpert_plus/dicom_train/patient00147/study15/view1_frontal.dcm,data/raw/chexpert_plus/dicom_train/patient00147/study15/view1_frontal.dcm,ok,,,,2320,2828,MONOCHROME1,AP,12,16,0,,"(2320, 2828)","(3, 224, 224)",0.0,1.0,0.1740805059671402,0.0931698754429817,0.278144090436399,0.0085554113611578,0.998868106718168,0.0011331759160384,0.0012540847680827,4.205897808074951,True,True,True,True,
168,patient00147/study10,patient00147/study10/view1_frontal.dcm,/home/jovyan/Desktop/MEDAGENT-X/data/raw/chexpert_plus/dicom_train/patient00147/study10/view1_frontal.dcm,/home/jovyan/Desktop/MEDAGENT-X/outputs/chexpert_plus/convnext_features/patient00147_study10_view1_frontal.npz,ok,,data/raw/chexpert_plus/dicom_train/patient00147/study10/view1_frontal.dcm,/home/jovyan/Desktop/MEDAGENT-X/outputs/chexpert_plus/raddino_features/patient00147__study10__view1_frontal.npz,success,,microsoft/rad-dino,/home/jovyan/Desktop/MEDAGENT-X/data/raw/chexpert_plus/dicom_train/patient00147/study10/view1_frontal.dcm,data/raw/chexpert_plus/dicom_train/patient00147/study10/view1_frontal.dcm,ok,,,,2320,2828,MONOCHROME1,AP,12,16,0,,"(2320, 2828)","(3, 224, 224)",0.0,1.0,0.1584866940975189,0.0676541700959205,0.2210012208670377,0.0086029404774308,0.9988455720095714,0.0011557622347027,0.0012040920840852,3.922719955444336,True,True,True,True,
169,patient00147/study2,patient00147/study2/view1_frontal.dcm,/home/jovyan/Desktop/MEDAGENT-X/data/raw/chexpert_plus/dicom_train/patient00147/study2/view1_frontal.dcm,/home/jovyan/Desktop/MEDAGENT-X/outputs/chexpert_plus/convnext_features/patient00147_study2_view1_frontal.npz,ok,,data/raw/chexpert_plus/dicom_train/patient00147/study2/view1_frontal.dcm,/home/jovyan/Desktop/MEDAGENT-X/outputs/chexpert_plus/raddino_features/patient00147__study2__view1_frontal.npz,success,,microsoft/rad-dino,/home/jovyan/Desktop/MEDAGENT-X/data/raw/chexpert_plus/dicom_train/patient00147/study2/view1_frontal.dcm,data/raw/chexpert_plus/dicom_train/patient00147/study2/view1_frontal.dcm,ok,,,,2048,2494,MONOCHROME1,AP,12,16,0,,"(2048, 2494)","(3, 224, 224)",0.0,1.0,0.1662830859422683,0.0759292766451835,0.2505494635552168,0.0120728565379977,0.9977501918525034,0.0022548811975866,0.0014787442988171,4.020512580871582,True,True,True,True,
170,patient00147/study4,patient00147/study4/view1_frontal.dcm,/home/jovyan/Desktop/MEDAGENT-X/data/raw/chexpert_plus/dicom_train/patient00147/study4/view1_frontal.dcm,/home/jovyan/Desktop/MEDAGENT-X/outputs/chexpert_plus/convnext_features/patient00147_study4_view1_frontal.npz,ok,,data/raw/chexpert_plus/dicom_train/patient00147/study4/view1_frontal.dcm,/home/jovyan/Desktop/MEDAGENT-X/outputs/chexpert_plus/raddino_features/patient00147__study4__view1_frontal.npz,success,,microsoft/rad-dino,/home/jovyan/Desktop/MEDAGENT-X/data/raw/chexpert_plus/dicom_train/patient00147/study4/view1_frontal.dcm,data/raw/chexpert_plus/dicom_train/patient00147/study4/view1_frontal.dcm,ok,,,,2048,2494,MONOCHROME1,AP,12,16,0,,"(2048, 2494)","(3, 224, 224)",0.0,1.0,0.2523138225078583,0.0655607432126998,0.1951159983873367,0.0110296057537198,0.9980531546910733,0.0019506429089233,0.0014742413041299,3.873612880706787,True,True,True,True,
171,patient00150/study1,patient00150/study1/view1_frontal.dcm,/home/jovyan/Desktop/MEDAGENT-X/data/raw/chexpert_plus/dicom_train/patient00150/study1/view1_frontal.dcm,/home/jovyan/Desktop/MEDAGENT-X/outputs/chexpert_plus/convnext_features/patient00150_study1_view1_frontal.npz,ok,,data/raw/chexpert_plus/dicom_train/patient00150/study1/view1_frontal.dcm,/home/jovyan/Desktop/MEDAGENT-X/outputs/chexpert_plus/raddino_features/patient00150__study1__view1_frontal.npz,success,,microsoft/rad-dino,/home/jovyan/Desktop/MEDAGENT-X/data/raw/chexpert_plus/dicom_train/patient00150/study1/view1_frontal.dcm,data/raw/chexpert_plus/dicom_train/patient00150/study1/view1_frontal.dcm,ok,,,,2320,2828,MONOCHROME1,AP,12,16,0,,"(2320, 2828)","(3, 224, 224)",0.0,1.0,0.2065788954496383,0.0803183764219284,0.2671550773084163,0.009408738464117,0.9986606589037836,0.001341137336567,0.0009588535824025,4.206106185913086,True,True,True,True,
172,patient00150/study3,patient00150/study3/view1_frontal.dcm,/home/jovyan/Desktop/MEDAGENT-X/data/raw/chexpert_plus/dicom_train/patient00150/study3/view1_frontal.dcm,/home/jovyan/Desktop/MEDAGENT-X/outputs/chexpert_plus/convnext_features/patient00150_study3_view1_frontal.npz,ok,,data/raw/chexpert_plus/dicom_train/patient00150/study3/view1_frontal.dcm,/home/jovyan/Desktop/MEDAGENT-X/outputs/chexpert_plus/raddino_features/patient00150__study3__view1_frontal.npz,success,,microsoft/rad-dino,/home/jovyan/Desktop/MEDAGENT-X/data/raw/chexpert_plus/dicom_train/patient00150/study3/view1_frontal.dcm,data/raw/chexpert_plus/dicom_train/patient00150/study3/view1_frontal.dcm,ok,,,,2320,2828,MONOCHROME1,AP,12,16,0,,"(2320, 2828)","(3, 224, 224)",0.0,1.0,0.2195895612239837,0.0767714455723762,0.2307692393660545,0.0096699157729744,0.9985520655792696,0.0014500339748337,0.0010972479637126,4.179649353027344,True,True,True,True,
173,patient00150/study2,patient00150/study2/view1_frontal.dcm,/home/jovyan/Desktop/MEDAGENT-X/data/raw/chexpert_plus/dicom_train/patient00150/study2/view1_frontal.dcm,/home/jovyan/Desktop/MEDAGENT-X/outputs/chexpert_plus/convnext_features/patient00150_study2_view1_frontal.npz,ok,,data/raw/chexpert_plus/dicom_train/patient00150/study2/view1_frontal.dcm,/home/jovyan/Desktop/MEDAGENT-X/outputs/chexpert_plus/raddino_features/patient00150__study2__view1_frontal.npz,success,,microsoft/rad-dino,/home/jovyan/Desktop/MEDAGENT-X/data/raw/chexpert_plus/dicom_train/patient00150/study2/view1_frontal.dcm,data/raw/chexpert_plus/dicom_train/patient00150/study2/view1_frontal.dcm,ok,,,,2320,2828,MONOCHROME1,AP,12,16,0,,"(2320, 2828)","(3, 224, 224)",0.0,1.0,0.2797009944915771,0.0854285284876823,0.2815628871321678,0.0103461379185318,0.9983858291141026,0.0016167806461453,0.0012931034482758,4.263129234313965,True,True,True,True,
174,patient00157/study1,patient00157/study1/view1_frontal.dcm,/home/jovyan/Desktop/MEDAGENT-X/data/raw/chexpert_plus/dicom_train/patient00157/study1/view1_frontal.dcm,/home/jovyan/Desktop/MEDAGENT-X/outputs/chexpert_plus/convnext_features/patient00157_study1_view1_frontal.npz,ok,,data/raw/chexpert_plus/dicom_train/patient00157/study1/view1_frontal.dcm,/home/jovyan/Desktop/MEDAGENT-X/outputs/chexpert_plus/raddino_features/patient00157__study1__view1_frontal.npz,success,,microsoft/rad-dino,/home/jovyan/Desktop/MEDAGENT-X/data/raw/chexpert_plus/dicom_train/patient00157/study1/view1_frontal.dcm,data/raw/chexpert_plus/dicom_train/patient00157/study1/view1_frontal.dcm,ok,,,,2320,2828,MONOCHROME1,PA,12,16,0,,"(2320, 2828)","(3, 224, 224)",0.0,1.0,0.4206549525260925,0.1070217192173004,0.3264957368373871,0.0081457020714879,0.9988959314561352,0.0011052888585254,0.001075909622982,4.654777526855469,True,True,True,True,
174,patient00157/study1,patient00157/study1/view2_lateral.dcm,/home/jovyan/Desktop/MEDAGENT-X/data/raw/chexpert_plus/dicom_train/patient00157/study1/view2_lateral.dcm,/home/jovyan/Desktop/MEDAGENT-X/outputs/chexpert_plus/convnext_features/patient00157_study1_view2_lateral.npz,ok,,data/raw/chexpert_plus/dicom_train/patient00157/study1/view2_lateral.dcm,/home/jovyan/Desktop/MEDAGENT-X/outputs/chexpert_plus/raddino_features/patient00157__study1__view2_lateral.npz,success,,microsoft/rad-dino,/home/jovyan/Desktop/MEDAGENT-X/data/raw/chexpert_plus/dicom_train/patient00157/study1/view2_lateral.dcm,data/raw/chexpert_plus/dicom_train/patient00157/study1/view2_lateral.dcm,ok,,,,2828,2320,MONOCHROME1,PA,12,16,0,,"(2828, 2320)","(3, 224, 224)",0.0,1.0,0.3406980037689209,0.1013974994421005,0.299145296216011,0.0052346810698509,0.9995542389348072,0.0004459598567336,0.0002121640735502,4.466076850891113,True,True,True,True,
174,patient00157/study1,patient00157/study1/view3_lateral.dcm,/home/jovyan/Desktop/MEDAGENT-X/data/raw/chexpert_plus/dicom_train/patient00157/study1/view3_lateral.dcm,/home/jovyan/Desktop/MEDAGENT-X/outputs/chexpert_plus/convnext_features/patient00157_study1_view3_lateral.npz,ok,,data/raw/chexpert_plus/dicom_train/patient00157/study1/view3_lateral.dcm,/home/jovyan/Desktop/MEDAGENT-X/outputs/chexpert_plus/raddino_features/patient00157__study1__view3_lateral.npz,success,,microsoft/rad-dino,/home/jovyan/Desktop/MEDAGENT-X/data/raw/chexpert_plus/dicom_train/patient00157/study1/view3_lateral.dcm,data/raw/chexpert_plus/dicom_train/patient00157/study1/view3_lateral.dcm,ok,,,,2828,2320,MONOCHROME1,PA,12,16,0,,"(2828, 2320)","(3, 224, 224)",0.0,1.0,0.2927448153495788,0.1217209473252296,0.4029304068535566,0.0054225563071668,0.9995196125842304,0.0004806182987522,0.0001755840608691,4.52101993560791,True,True,True,True,
175,patient00159/study1,patient00159/study1/view1_frontal.dcm,/home/jovyan/Desktop/MEDAGENT-X/data/raw/chexpert_plus/dicom_train/patient00159/study1/view1_frontal.dcm,/home/jovyan/Desktop/MEDAGENT-X/outputs/chexpert_plus/convnext_features/patient00159_study1_view1_frontal.npz,ok,,data/raw/chexpert_plus/dicom_train/patient00159/study1/view1_frontal.dcm,/home/jovyan/Desktop/MEDAGENT-X/outputs/chexpert_plus/raddino_features/patient00159__study1__view1_frontal.npz,success,,microsoft/rad-dino,/home/jovyan/Desktop/MEDAGENT-X/data/raw/chexpert_plus/dicom_train/patient00159/study1/view1_frontal.dcm,data/raw/chexpert_plus/dicom_train/patient00159/study1/view1_frontal.dcm,ok,,,,2320,2828,MONOCHROME1,PA,12,16,0,,"(2320, 2828)","(3, 224, 224)",0.0,1.0,0.543174684047699,0.1609378159046173,0.4905247390270233,0.0074656824581325,0.9988114327858688,0.0011899815872311,0.0155393418036384,5.319387435913086,True,True,True,True,
175,patient00159/study1,patient00159/study1/view2_lateral.dcm,/home/jovyan/Desktop/MEDAGENT-X/data/raw/chexpert_plus/dicom_train/patient00159/study1/view2_lateral.dcm,/home/jovyan/Desktop/MEDAGENT-X/outputs/chexpert_plus/convnext_features/patient00159_study1_view2_lateral.npz,ok,,data/raw/chexpert_plus/dicom_train/patient00159/study1/view2_lateral.dcm,/home/jovyan/Desktop/MEDAGENT-X/outputs/chexpert_plus/raddino_features/patient00159__study1__view2_lateral.npz,success,,microsoft/rad-dino,/home/jovyan/Desktop/MEDAGENT-X/data/raw/chexpert_plus/dicom_train/patient00159/study1/view2_lateral.dcm,data/raw/chexpert_plus/dicom_train/patient00159/study1/view2_lateral.dcm,ok,,,,2828,2320,MONOCHROME1,LL,12,16,0,,"(2828, 2320)","(3, 224, 224)",0.0,1.0,0.2493465691804886,0.1179952770471572,0.3667887728661299,0.0030960252042859,0.9997980316070368,0.000202009192435,0.0013094120372628,4.447569370269775,True,True,True,True,
176,patient00162/study1,patient00162/study1/view1_frontal.dcm,/home/jovyan/Desktop/MEDAGENT-X/data/raw/chexpert_plus/dicom_train/patient00162/study1/view1_frontal.dcm,/home/jovyan/Desktop/MEDAGENT-X/outputs/chexpert_plus/convnext_features/patient00162_study1_view1_frontal.npz,ok,,data/raw/chexpert_plus/dicom_train/patient00162/study1/view1_frontal.dcm,/home/jovyan/Desktop/MEDAGENT-X/outputs/chexpert_plus/raddino_features/patient00162__study1__view1_frontal.npz,success,,microsoft/rad-dino,/home/jovyan/Desktop/MEDAGENT-X/data/raw/chexpert_plus/dicom_train/patient00162/study1/view1_frontal.dcm,data/raw/chexpert_plus/dicom_train/patient00162/study1/view1_frontal.dcm,ok,,,,2022,2022,MONOCHROME2,PA,14,16,0,,"(2022, 2022)","(3, 224, 224)",0.0,1.0,0.2450496107339859,0.0502449758350849,0.1316171884536743,0.0044471505098044,0.9997042142784692,0.0002958732366096,0.0001761043946851,3.330637693405152,True,True,True,True,
176,patient00162/study1,patient00162/study1/view2_lateral.dcm,/home/jovyan/Desktop/MEDAGENT-X/data/raw/chexpert_plus/dicom_train/patient00162/study1/view2_lateral.dcm,/home/jovyan/Desktop/MEDAGENT-X/outputs/chexpert_plus/convnext_features/patient00162_study1_view2_lateral.npz,ok,,data/raw/chexpert_plus/dicom_train/patient00162/study1/view2_lateral.dcm,/home/jovyan/Desktop/MEDAGENT-X/outputs/chexpert_plus/raddino_features/patient00162__study1__view2_lateral.npz,success,,microsoft/rad-dino,/home/jovyan/Desktop/MEDAGENT-X/data/raw/chexpert_plus/dicom_train/patient00162/study1/view2_lateral.dcm,data/raw/chexpert_plus/dicom_train/patient00162/study1/view2_lateral.dcm,ok,,,,2022,2022,MONOCHROME2,PA,14,16,0,,"(2022, 2022)","(3, 224, 224)",0.0,1.0,0.2299830764532089,0.1120657250285148,0.324543721973896,0.0047242641448974,0.9996967425934786,0.0003033493994735,0.0001761043946851,3.5642311573028564,True,True,True,True,
177,patient00163/study1,patient00163/study1/view1_frontal.dcm,/home/jovyan/Desktop/MEDAGENT-X/data/raw/chexpert_plus/dicom_train/patient00163/study1/view1_frontal.dcm,/home/jovyan/Desktop/MEDAGENT-X/outputs/chexpert_plus/convnext_features/patient00163_study1_view1_frontal.npz,ok,,data/raw/chexpert_plus/dicom_train/patient00163/study1/view1_frontal.dcm,/home/jovyan/Desktop/MEDAGENT-X/outputs/chexpert_plus/raddino_features/patient00163__study1__view1_frontal.npz,success,,microsoft/rad-dino,/home/jovyan/Desktop/MEDAGENT-X/data/raw/chexpert_plus/dicom_train/patient00163/study1/view1_frontal.dcm,data/raw/chexpert_plus/dicom_train/patient00163/study1/view1_frontal.dcm,ok,,,,2014,1998,MONOCHROME2,PA,14,16,0,,"(2014, 1998)","(3, 224, 224)",0.0,1.0,0.2975718975067138,0.0741463601589202,0.1869010478258133,0.0041980664245784,0.9997634614090072,0.0002365945547353,0.0013685482900974,3.9454269409179688,True,True,True,True,
177,patient00163/study1,patient00163/study1/view2_lateral.dcm,/home/jovyan/Desktop/MEDAGENT-X/data/raw/chexpert_plus/dicom_train/patient00163/study1/view2_lateral.dcm,/home/jovyan/Desktop/MEDAGENT-X/outputs/chexpert_plus/convnext_features/patient00163_study1_view2_lateral.npz,ok,,data/raw/chexpert_plus/dicom_train/patient00163/study1/view2_lateral.dcm,/home/jovyan/Desktop/MEDAGENT-X/outputs/chexpert_plus/raddino_features/patient00163__study1__view2_lateral.npz,success,,microsoft/rad-dino,/home/jovyan/Desktop/MEDAGENT-X/data/raw/chexpert_plus/dicom_train/patient00163/study1/view2_lateral.dcm,data/raw/chexpert_plus/dicom_train/patient00163/study1/view2_lateral.dcm,ok,,,,2014,2014,MONOCHROME2,LL,14,16,0,,"(2014, 2014)","(3, 224, 224)",0.0,1.0,0.2287945598363876,0.1187466457486152,0.356650173664093,0.0047014434821903,0.9996736726359068,0.0003264338884036,0.0007295012371197,4.1209635734558105,True,True,True,True,
178,patient00166/study1,patient00166/study1/view1_frontal.dcm,/home/jovyan/Desktop/MEDAGENT-X/data/raw/chexpert_plus/dicom_train/patient00166/study1/view1_frontal.dcm,/home/jovyan/Desktop/MEDAGENT-X/outputs/chexpert_plus/convnext_features/patient00166_study1_view1_frontal.npz,ok,,data/raw/chexpert_plus/dicom_train/patient00166/study1/view1_frontal.dcm,/home/jovyan/Desktop/MEDAGENT-X/outputs/chexpert_plus/raddino_features/patient00166__study1__view1_frontal.npz,success,,microsoft/rad-dino,/home/jovyan/Desktop/MEDAGENT-X/data/raw/chexpert_plus/dicom_train/patient00166/study1/view1_frontal.dcm,data/raw/chexpert_plus/dicom_train/patient00166/study1/view1_frontal.dcm,ok,,,,2022,1981,MONOCHROME2,PA,14,16,0,,"(2022, 1981)","(3, 224, 224)",0.0,1.0,0.2843438982963562,0.0391528494656086,0.1148141324520111,0.004292192403227,0.9997673282643194,0.0002327258844161,0.001596022750252,3.277521848678589,True,True,True,True,
178,patient00166/study1,patient00166/study1/view2_lateral.dcm,/home/jovyan/Desktop/MEDAGENT-X/data/raw/chexpert_plus/dicom_train/patient00166/study1/view2_lateral.dcm,/home/jovyan/Desktop/MEDAGENT-X/outputs/chexpert_plus/convnext_features/patient00166_study1_view2_lateral.npz,ok,,data/raw/chexpert_plus/dicom_train/patient00166/study1/view2_lateral.dcm,/home/jovyan/Desktop/MEDAGENT-X/outputs/chexpert_plus/raddino_features/patient00166__study1__view2_lateral.npz,success,,microsoft/rad-dino,/home/jovyan/Desktop/MEDAGENT-X/data/raw/chexpert_plus/dicom_train/patient00166/study1/view2_lateral.dcm,data/raw/chexpert_plus/dicom_train/patient00166/study1/view2_lateral.dcm,ok,,,,2021,1751,MONOCHROME2,LL,14,16,0,,"(2021, 1751)","(3, 224, 224)",0.0,1.0,0.2193514853715896,0.1085697710514068,0.3308307528495788,0.0076519143767654,0.9992568802694932,0.0007436723681166,0.0031160535677499,3.758236885070801,True,True,True,True,
179,patient00170/study5,patient00170/study5/view1_frontal.dcm,/home/jovyan/Desktop/MEDAGENT-X/data/raw/chexpert_plus/dicom_train/patient00170/study5/view1_frontal.dcm,/home/jovyan/Desktop/MEDAGENT-X/outputs/chexpert_plus/convnext_features/patient00170_study5_view1_frontal.npz,ok,,data/raw/chexpert_plus/dicom_train/patient00170/study5/view1_frontal.dcm,/home/jovyan/Desktop/MEDAGENT-X/outputs/chexpert_plus/raddino_features/patient00170__study5__view1_frontal.npz,success,,microsoft/rad-dino,/home/jovyan/Desktop/MEDAGENT-X/data/raw/chexpert_plus/dicom_train/patient00170/study5/view1_frontal.dcm,data/raw/chexpert_plus/dicom_train/patient00170/study5/view1_frontal.dcm,ok,,,,2320,2828,MONOCHROME1,AP,12,16,0,,"(2320, 2828)","(3, 224, 224)",0.0,1.0,0.2871183156967163,0.0913779363036155,0.3079365119338035,0.009164860472083,0.9986924801079816,0.0013092317385599,0.0011249878066624,4.322648525238037,True,True,True,True,
180,patient00170/study2,patient00170/study2/view1_frontal.dcm,/home/jovyan/Desktop/MEDAGENT-X/data/raw/chexpert_plus/dicom_train/patient00170/study2/view1_frontal.dcm,/home/jovyan/Desktop/MEDAGENT-X/outputs/chexpert_plus/convnext_features/patient00170_study2_view1_frontal.npz,ok,,data/raw/chexpert_plus/dicom_train/patient00170/study2/view1_frontal.dcm,/home/jovyan/Desktop/MEDAGENT-X/outputs/chexpert_plus/raddino_features/patient00170__study2__view1_frontal.npz,success,,microsoft/rad-dino,/home/jovyan/Desktop/MEDAGENT-X/data/raw/chexpert_plus/dicom_train/patient00170/study2/view1_frontal.dcm,data/raw/chexpert_plus/dicom_train/patient00170/study2/view1_frontal.dcm,ok,,,,2320,2828,MONOCHROME1,AP,12,16,0,,"(2320, 2828)","(3, 224, 224)",0.0,1.0,0.309635579586029,0.0857370272278785,0.2590964585542679,0.0102188130840659,0.9984460167828578,0.0015564018394798,0.0014468919182558,4.225608348846436,True,True,True,True,
181,patient00170/study4,patient00170/study4/view1_frontal.dcm,/home/jovyan/Desktop/MEDAGENT-X/data/raw/chexpert_plus/dicom_train/patient00170/study4/view1_frontal.dcm,/home/jovyan/Desktop/MEDAGENT-X/outputs/chexpert_plus/convnext_features/patient00170_study4_view1_frontal.npz,ok,,data/raw/chexpert_plus/dicom_train/patient00170/study4/view1_frontal.dcm,/home/jovyan/Desktop/MEDAGENT-X/outputs/chexpert_plus/raddino_features/patient00170__study4__view1_frontal.npz,success,,microsoft/rad-dino,/home/jovyan/Desktop/MEDAGENT-X/data/raw/chexpert_plus/dicom_train/patient00170/study4/view1_frontal.dcm,data/raw/chexpert_plus/dicom_train/patient00170/study4/view1_frontal.dcm,ok,,,,2320,2828,MONOCHROME1,AP,12,16,0,,"(2320, 2828)","(3, 224, 224)",0.0,1.0,0.2155195474624633,0.0903122425079345,0.3067155163735151,0.0093188537284731,0.998669971783788,0.0013317995471879,0.0012664305223625,4.281474113464356,True,True,True,True,
182,patient00170/study1,patient00170/study1/view1_frontal.dcm,/home/jovyan/Desktop/MEDAGENT-X/data/raw/chexpert_plus/dicom_train/patient00170/study1/view1_frontal.dcm,/home/jovyan/Desktop/MEDAGENT-X/outputs/chexpert_plus/convnext_features/patient00170_study1_view1_frontal.npz,ok,,data/raw/chexpert_plus/dicom_train/patient00170/study1/view1_frontal.dcm,/home/jovyan/Desktop/MEDAGENT-X/outputs/chexpert_plus/raddino_features/patient00170__study1__view1_frontal.npz,success,,microsoft/rad-dino,/home/jovyan/Desktop/MEDAGENT-X/data/raw/chexpert_plus/dicom_train/patient00170/study1/view1_frontal.dcm,data/raw/chexpert_plus/dicom_train/patient00170/study1/view1_frontal.dcm,ok,,,,2320,2828,MONOCHROME1,AP,12,16,0,,"(2320, 2828)","(3, 224, 224)",0.0,1.0,0.2756828367710113,0.0810748189687728,0.2456654459238052,0.0082302661612629,0.9989396035815594,0.0010615220526233,0.0009303516558552,4.113863468170166,True,True,True,True,
183,patient00170/study7,patient00170/study7/view1_frontal.dcm,/home/jovyan/Desktop/MEDAGENT-X/data/raw/chexpert_plus/dicom_train/patient00170/study7/view1_frontal.dcm,/home/jovyan/Desktop/MEDAGENT-X/outputs/chexpert_plus/convnext_features/patient00170_study7_view1_frontal.npz,ok,,data/raw/chexpert_plus/dicom_train/patient00170/study7/view1_frontal.dcm,/home/jovyan/Desktop/MEDAGENT-X/outputs/chexpert_plus/raddino_features/patient00170__study7__view1_frontal.npz,success,,microsoft/rad-dino,/home/jovyan/Desktop/MEDAGENT-X/data/raw/chexpert_plus/dicom_train/patient00170/study7/view1_frontal.dcm,data/raw/chexpert_plus/dicom_train/patient00170/study7/view1_frontal.dcm,ok,,,,2320,2828,MONOCHROME1,AP,12,16,0,,"(2320, 2828)","(3, 224, 224)",0.0,1.0,0.2709038555622101,0.0719145387411117,0.2234432324767112,0.0103136105462908,0.998430783214797,0.0015716830966994,0.0012946276154709,3.609381675720215,True,True,True,True,
184,patient00170/study10,patient00170/study10/view1_frontal.dcm,/home/jovyan/Desktop/MEDAGENT-X/data/raw/chexpert_plus/dicom_train/patient00170/study10/view1_frontal.dcm,/home/jovyan/Desktop/MEDAGENT-X/outputs/chexpert_plus/convnext_features/patient00170_study10_view1_frontal.npz,ok,,data/raw/chexpert_plus/dicom_train/patient00170/study10/view1_frontal.dcm,/home/jovyan/Desktop/MEDAGENT-X/outputs/chexpert_plus/raddino_features/patient00170__study10__view1_frontal.npz,success,,microsoft/rad-dino,/home/jovyan/Desktop/MEDAGENT-X/data/raw/chexpert_plus/dicom_train/patient00170/study10/view1_frontal.dcm,data/raw/chexpert_plus/dicom_train/patient00170/study10/view1_frontal.dcm,ok,,,,2320,2828,MONOCHROME1,AP,12,16,0,,"(2320, 2828)","(3, 224, 224)",0.0,1.0,0.2247040569782257,0.0792313292622566,0.2444444522261619,0.0083983885124325,0.998917258710382,0.0010839148890227,0.0010743854557869,4.179121971130371,True,True,True,True,
185,patient00170/study3,patient00170/study3/view1_frontal.dcm,/home/jovyan/Desktop/MEDAGENT-X/data/raw/chexpert_plus/dicom_train/patient00170/study3/view1_frontal.dcm,/home/jovyan/Desktop/MEDAGENT-X/outputs/chexpert_plus/convnext_features/patient00170_study3_view1_frontal.npz,ok,,data/raw/chexpert_plus/dicom_train/patient00170/study3/view1_frontal.dcm,/home/jovyan/Desktop/MEDAGENT-X/outputs/chexpert_plus/raddino_features/patient00170__study3__view1_frontal.npz,success,,microsoft/rad-dino,/home/jovyan/Desktop/MEDAGENT-X/data/raw/chexpert_plus/dicom_train/patient00170/study3/view1_frontal.dcm,data/raw/chexpert_plus/dicom_train/patient00170/study3/view1_frontal.dcm,ok,,,,2320,2828,MONOCHROME1,AP,12,16,0,,"(2320, 2828)","(3, 224, 224)",0.0,1.0,0.1710890084505081,0.084901288151741,0.2708180835470557,0.0094159729778766,0.9986521022511752,0.0013497170293703,0.0011935753304394,4.0828728675842285,True,True,True,True,
186,patient00170/study9,patient00170/study9/view1_frontal.dcm,/home/jovyan/Desktop/MEDAGENT-X/data/raw/chexpert_plus/dicom_train/patient00170/study9/view1_frontal.dcm,/home/jovyan/Desktop/MEDAGENT-X/outputs/chexpert_plus/convnext_features/patient00170_study9_view1_frontal.npz,ok,,data/raw/chexpert_plus/dicom_train/patient00170/study9/view1_frontal.dcm,/home/jovyan/Desktop/MEDAGENT-X/outputs/chexpert_plus/raddino_features/patient00170__study9__view1_frontal.npz,success,,microsoft/rad-dino,/home/jovyan/Desktop/MEDAGENT-X/data/raw/chexpert_plus/dicom_train/patient00170/study9/view1_frontal.dcm,data/raw/chexpert_plus/dicom_train/patient00170/study9/view1_frontal.dcm,ok,,,,2320,2828,MONOCHROME1,AP,12,16,0,,"(2320, 2828)","(3, 224, 224)",0.0,1.0,0.3440019190311432,0.1004228666424751,0.3494505509734154,0.0108804497867822,0.9981961273339084,0.0018071325030177,0.0013776947276008,4.204699516296387,True,True,True,True,
187,patient00170/study8,patient00170/study8/view1_frontal.dcm,/home/jovyan/Desktop/MEDAGENT-X/data/raw/chexpert_plus/dicom_train/patient00170/study8/view1_frontal.dcm,/home/jovyan/Desktop/MEDAGENT-X/outputs/chexpert_plus/convnext_features/patient00170_study8_view1_frontal.npz,ok,,data/raw/chexpert_plus/dicom_train/patient00170/study8/view1_frontal.dcm,/home/jovyan/Desktop/MEDAGENT-X/outputs/chexpert_plus/raddino_features/patient00170__study8__view1_frontal.npz,success,,microsoft/rad-dino,/home/jovyan/Desktop/MEDAGENT-X/data/raw/chexpert_plus/dicom_train/patient00170/study8/view1_frontal.dcm,data/raw/chexpert_plus/dicom_train/patient00170/study8/view1_frontal.dcm,ok,,,,2320,2828,MONOCHROME1,AP,12,16,0,,"(2320, 2828)","(3, 224, 224)",0.0,1.0,0.2598279118537903,0.0903884395956993,0.2923076972365379,0.009240074083209,0.9986847977929084,0.0013169342419132,0.0011504413988196,4.343601703643799,True,True,True,True,
188,patient00170/study11,patient00170/study11/view1_frontal.dcm,/home/jovyan/Desktop/MEDAGENT-X/data/raw/chexpert_plus/dicom_train/patient00170/study11/view1_frontal.dcm,/home/jovyan/Desktop/MEDAGENT-X/outputs/chexpert_plus/convnext_features/patient00170_study11_view1_frontal.npz,ok,,data/raw/chexpert_plus/dicom_train/patient00170/study11/view1_frontal.dcm,/home/jovyan/Desktop/MEDAGENT-X/outputs/chexpert_plus/raddino_features/patient00170__study11__view1_frontal.npz,success,,microsoft/rad-dino,/home/jovyan/Desktop/MEDAGENT-X/data/raw/chexpert_plus/dicom_train/patient00170/study11/view1_frontal.dcm,data/raw/chexpert_plus/dicom_train/patient00170/study11/view1_frontal.dcm,ok,,,,2320,2828,MONOCHROME1,PA,12,16,0,,"(2320, 2828)","(3, 224, 224)",0.0,1.0,0.3536271750926971,0.0965539664030075,0.2923077195882797,0.005401168949902,0.9994774950756724,0.000522778078448,0.0002299968297322,4.569077014923096,True,True,True,True,
188,patient00170/study11,patient00170/study11/view2_lateral.dcm,/home/jovyan/Desktop/MEDAGENT-X/data/raw/chexpert_plus/dicom_train/patient00170/study11/view2_lateral.dcm,/home/jovyan/Desktop/MEDAGENT-X/outputs/chexpert_plus/convnext_features/patient00170_study11_view2_lateral.npz,ok,,data/raw/chexpert_plus/dicom_train/patient00170/study11/view2_lateral.dcm,/home/jovyan/Desktop/MEDAGENT-X/outputs/chexpert_plus/raddino_features/patient00170__study11__view2_lateral.npz,success,,microsoft/rad-dino,/home/jovyan/Desktop/MEDAGENT-X/data/raw/chexpert_plus/dicom_train/patient00170/study11/view2_lateral.dcm,data/raw/chexpert_plus/dicom_train/patient00170/study11/view2_lateral.dcm,ok,,,,2828,2320,MONOCHROME1,PA,12,16,0,,"(2828, 2320)","(3, 224, 224)",0.0,1.0,0.2663211524486542,0.1608198881149292,0.4537240546196699,0.0058201663196086,0.9994209209286892,0.0005794145981781,0.0001865580646734,4.582089900970459,True,True,True,True,
189,patient00170/study6,patient00170/study6/view1_frontal.dcm,/home/jovyan/Desktop/MEDAGENT-X/data/raw/chexpert_plus/dicom_train/patient00170/study6/view1_frontal.dcm,/home/jovyan/Desktop/MEDAGENT-X/outputs/chexpert_plus/convnext_features/patient00170_study6_view1_frontal.npz,ok,,data/raw/chexpert_plus/dicom_train/patient00170/study6/view1_frontal.dcm,/home/jovyan/Desktop/MEDAGENT-X/outputs/chexpert_plus/raddino_features/patient00170__study6__view1_frontal.npz,success,,microsoft/rad-dino,/home/jovyan/Desktop/MEDAGENT-X/data/raw/chexpert_plus/dicom_train/patient00170/study6/view1_frontal.dcm,data/raw/chexpert_plus/dicom_train/patient00170/study6/view1_frontal.dcm,ok,,,,2320,2828,MONOCHROME1,AP,12,16,0,,"(2320, 2828)","(3, 224, 224)",0.0,1.0,0.2234870493412017,0.0896094143390655,0.3113553188741207,0.008422253653407,0.9989530263420092,0.0010480709606781,0.0017863239525923,4.32797908782959,True,True,True,True,
190,patient00172/study3,patient00172/study3/view1_frontal.dcm,/home/jovyan/Desktop/MEDAGENT-X/data/raw/chexpert_plus/dicom_train/patient00172/study3/view1_frontal.dcm,/home/jovyan/Desktop/MEDAGENT-X/outputs/chexpert_plus/convnext_features/patient00172_study3_view1_frontal.npz,ok,,data/raw/chexpert_plus/dicom_train/patient00172/study3/view1_frontal.dcm,/home/jovyan/Desktop/MEDAGENT-X/outputs/chexpert_plus/raddino_features/patient00172__study3__view1_frontal.npz,success,,microsoft/rad-dino,/home/jovyan/Desktop/MEDAGENT-X/data/raw/chexpert_plus/dicom_train/patient00172/study3/view1_frontal.dcm,data/raw/chexpert_plus/dicom_train/patient00172/study3/view1_frontal.dcm,ok,,,,2320,2828,MONOCHROME1,AP,12,16,0,,"(2320, 2828)","(3, 224, 224)",0.0,1.0,0.2927199006080627,0.0929256379604339,0.287179484963417,0.0116290114820003,0.998051538524637,0.0019522653892636,0.0019013985758181,4.383354663848877,True,True,True,True,
191,patient00172/study5,patient00172/study5/view1_frontal.dcm,/home/jovyan/Desktop/MEDAGENT-X/data/raw/chexpert_plus/dicom_train/patient00172/study5/view1_frontal.dcm,/home/jovyan/Desktop/MEDAGENT-X/outputs/chexpert_plus/convnext_features/patient00172_study5_view1_frontal.npz,ok,,data/raw/chexpert_plus/dicom_train/patient00172/study5/view1_frontal.dcm,/home/jovyan/Desktop/MEDAGENT-X/outputs/chexpert_plus/raddino_features/patient00172__study5__view1_frontal.npz,success,,microsoft/rad-dino,/home/jovyan/Desktop/MEDAGENT-X/data/raw/chexpert_plus/dicom_train/patient00172/study5/view1_frontal.dcm,data/raw/chexpert_plus/dicom_train/patient00172/study5/view1_frontal.dcm,ok,,,,2320,2828,MONOCHROME1,AP,12,16,0,,"(2320, 2828)","(3, 224, 224)",0.0,1.0,0.3068200945854187,0.0922795236110687,0.2764346748590469,0.0108681237325072,0.9982469723485852,0.0017561061540618,0.0015514497878359,4.379816055297852,True,True,True,True,
192,patient00172/study4,patient00172/study4/view1_frontal.dcm,/home/jovyan/Desktop/MEDAGENT-X/data/raw/chexpert_plus/dicom_train/patient00172/study4/view1_frontal.dcm,/home/jovyan/Desktop/MEDAGENT-X/outputs/chexpert_plus/convnext_features/patient00172_study4_view1_frontal.npz,ok,,data/raw/chexpert_plus/dicom_train/patient00172/study4/view1_frontal.dcm,/home/jovyan/Desktop/MEDAGENT-X/outputs/chexpert_plus/raddino_features/patient00172__study4__view1_frontal.npz,success,,microsoft/rad-dino,/home/jovyan/Desktop/MEDAGENT-X/data/raw/chexpert_plus/dicom_train/patient00172/study4/view1_frontal.dcm,data/raw/chexpert_plus/dicom_train/patient00172/study4/view1_frontal.dcm,ok,,,,2320,2828,MONOCHROME1,AP,12,16,0,,"(2320, 2828)","(3, 224, 224)",0.0,1.0,0.3465183079242706,0.1086263805627822,0.4100122079253196,0.0103740748018026,0.9983143272634052,0.0016885190270841,0.0013956799005023,4.465378284454346,True,True,True,True,
193,patient00172/study1,patient00172/study1/view1_frontal.dcm,/home/jovyan/Desktop/MEDAGENT-X/data/raw/chexpert_plus/dicom_train/patient00172/study1/view1_frontal.dcm,/home/jovyan/Desktop/MEDAGENT-X/outputs/chexpert_plus/convnext_features/patient00172_study1_view1_frontal.npz,ok,,data/raw/chexpert_plus/dicom_train/patient00172/study1/view1_frontal.dcm,/home/jovyan/Desktop/MEDAGENT-X/outputs/chexpert_plus/raddino_features/patient00172__study1__view1_frontal.npz,success,,microsoft/rad-dino,/home/jovyan/Desktop/MEDAGENT-X/data/raw/chexpert_plus/dicom_train/patient00172/study1/view1_frontal.dcm,data/raw/chexpert_plus/dicom_train/patient00172/study1/view1_frontal.dcm,ok,,,,2320,2828,MONOCHROME1,AP,12,16,0,,"(2320, 2828)","(3, 224, 224)",0.0,1.0,0.3665250837802887,0.0790933892130851,0.2200244069099426,0.0113841583952307,0.998016764093379,0.0019871769472956,0.0018203128810417,4.115378379821777,True,True,True,True,
194,patient00172/study2,patient00172/study2/view1_frontal.dcm,/home/jovyan/Desktop/MEDAGENT-X/data/raw/chexpert_plus/dicom_train/patient00172/study2/view1_frontal.dcm,/home/jovyan/Desktop/MEDAGENT-X/outputs/chexpert_plus/convnext_features/patient00172_study2_view1_frontal.npz,ok,,data/raw/chexpert_plus/dicom_train/patient00172/study2/view1_frontal.dcm,/home/jovyan/Desktop/MEDAGENT-X/outputs/chexpert_plus/raddino_features/patient00172__study2__view1_frontal.npz,success,,microsoft/rad-dino,/home/jovyan/Desktop/MEDAGENT-X/data/raw/chexpert_plus/dicom_train/patient00172/study2/view1_frontal.dcm,data/raw/chexpert_plus/dicom_train/patient00172/study2/view1_frontal.dcm,ok,,,,2320,2828,MONOCHROME1,AP,12,16,0,,"(2320, 2828)","(3, 224, 224)",0.0,1.0,0.3512392938137054,0.082605168223381,0.265445664525032,0.0100230770185589,0.9984772442361934,0.0015250780852511,0.0014235721601716,4.180655956268311,True,True,True,True,
195,patient00177/study2,patient00177/study2/view1_frontal.dcm,/home/jovyan/Desktop/MEDAGENT-X/data/raw/chexpert_plus/dicom_train/patient00177/study2/view1_frontal.dcm,/home/jovyan/Desktop/MEDAGENT-X/outputs/chexpert_plus/convnext_features/patient00177_study2_view1_frontal.npz,ok,,data/raw/chexpert_plus/dicom_train/patient00177/study2/view1_frontal.dcm,/home/jovyan/Desktop/MEDAGENT-X/outputs/chexpert_plus/raddino_features/patient00177__study2__view1_frontal.npz,success,,microsoft/rad-dino,/home/jovyan/Desktop/MEDAGENT-X/data/raw/chexpert_plus/dicom_train/patient00177/study2/view1_frontal.dcm,data/raw/chexpert_plus/dicom_train/patient00177/study2/view1_frontal.dcm,ok,,,,2320,2828,MONOCHROME1,AP,12,16,0,,"(2320, 2828)","(3, 224, 224)",0.0,1.0,0.3155652284622192,0.0884968712925911,0.2659340649843216,0.0094839688390493,0.9985021558527792,0.0015000910498201,0.0009137382334292,4.392145156860352,True,True,True,True,
196,patient00177/study3,patient00177/study3/view1_frontal.dcm,/home/jovyan/Desktop/MEDAGENT-X/data/raw/chexpert_plus/dicom_train/patient00177/study3/view1_frontal.dcm,/home/jovyan/Desktop/MEDAGENT-X/outputs/chexpert_plus/convnext_features/patient00177_study3_view1_frontal.npz,ok,,data/raw/chexpert_plus/dicom_train/patient00177/study3/view1_frontal.dcm,/home/jovyan/Desktop/MEDAGENT-X/outputs/chexpert_plus/raddino_features/patient00177__study3__view1_frontal.npz,success,,microsoft/rad-dino,/home/jovyan/Desktop/MEDAGENT-X/data/raw/chexpert_plus/dicom_train/patient00177/study3/view1_frontal.dcm,data/raw/chexpert_plus/dicom_train/patient00177/study3/view1_frontal.dcm,ok,,,,2320,2828,MONOCHROME1,AP,12,16,0,,"(2320, 2828)","(3, 224, 224)",0.0,1.0,0.3075300455093384,0.1010051965713501,0.3216117173433304,0.0109587181359529,0.9980917765611116,0.0019118717173114,0.0014825574306199,4.5335845947265625,True,True,True,True,
197,patient00177/study5,patient00177/study5/view1_frontal.dcm,/home/jovyan/Desktop/MEDAGENT-X/data/raw/chexpert_plus/dicom_train/patient00177/study5/view1_frontal.dcm,/home/jovyan/Desktop/MEDAGENT-X/outputs/chexpert_plus/convnext_features/patient00177_study5_view1_frontal.npz,ok,,data/raw/chexpert_plus/dicom_train/patient00177/study5/view1_frontal.dcm,/home/jovyan/Desktop/MEDAGENT-X/outputs/chexpert_plus/raddino_features/patient00177__study5__view1_frontal.npz,success,,microsoft/rad-dino,/home/jovyan/Desktop/MEDAGENT-X/data/raw/chexpert_plus/dicom_train/patient00177/study5/view1_frontal.dcm,data/raw/chexpert_plus/dicom_train/patient00177/study5/view1_frontal.dcm,ok,,,,2320,2828,MONOCHROME1,AP,12,16,0,,"(2320, 2828)","(3, 224, 224)",0.0,1.0,0.3396775722503662,0.1221203580498695,0.4417582415044307,0.0129060801118612,0.9972819297795904,0.0027254782617092,0.0031692008486562,4.698779582977295,True,True,True,True,
198,patient00177/study4,patient00177/study4/view1_frontal.dcm,/home/jovyan/Desktop/MEDAGENT-X/data/raw/chexpert_plus/dicom_train/patient00177/study4/view1_frontal.dcm,/home/jovyan/Desktop/MEDAGENT-X/outputs/chexpert_plus/convnext_features/patient00177_study4_view1_frontal.npz,ok,,data/raw/chexpert_plus/dicom_train/patient00177/study4/view1_frontal.dcm,/home/jovyan/Desktop/MEDAGENT-X/outputs/chexpert_plus/raddino_features/patient00177__study4__view1_frontal.npz,success,,microsoft/rad-dino,/home/jovyan/Desktop/MEDAGENT-X/data/raw/chexpert_plus/dicom_train/patient00177/study4/view1_frontal.dcm,data/raw/chexpert_plus/dicom_train/patient00177/study4/view1_frontal.dcm,ok,,,,2320,2828,MONOCHROME1,AP,12,16,0,,"(2320, 2828)","(3, 224, 224)",0.0,1.0,0.3077523410320282,0.1005831882357597,0.3157509192824363,0.0114448200911283,0.9979287560271304,0.0020755429286509,0.0013049919523972,4.470508575439453,True,True,True,True,
199,patient00177/study1,patient00177/study1/view1_frontal.dcm,/home/jovyan/Desktop/MEDAGENT-X/data/raw/chexpert_plus/dicom_train/patient00177/study1/view1_frontal.dcm,/home/jovyan/Desktop/MEDAGENT-X/outputs/chexpert_plus/convnext_features/patient00177_study1_view1_frontal.npz,ok,,data/raw/chexpert_plus/dicom_train/patient00177/study1/view1_frontal.dcm,/home/jovyan/Desktop/MEDAGENT-X/outputs/chexpert_plus/raddino_features/patient00177__study1__view1_frontal.npz,success,,microsoft/rad-dino,/home/jovyan/Desktop/MEDAGENT-X/data/raw/chexpert_plus/dicom_train/patient00177/study1/view1_frontal.dcm,data/raw/chexpert_plus/dicom_train/patient00177/study1/view1_frontal.dcm,ok,,,,2048,2494,MONOCHROME1,AP,12,16,0,,"(2048, 2494)","(3, 224, 224)",0.0,1.0,0.2648258209228515,0.0965176522731781,0.3054945096373558,0.0129013024270534,0.9974048355006064,0.0026019169017672,0.0018501434693263,4.441784858703613,True,True,True,True,
200,patient00186/study1,patient00186/study1/view1_frontal.dcm,/home/jovyan/Desktop/MEDAGENT-X/data/raw/chexpert_plus/dicom_train/patient00186/study1/view1_frontal.dcm,/home/jovyan/Desktop/MEDAGENT-X/outputs/chexpert_plus/convnext_features/patient00186_study1_view1_frontal.npz,ok,,data/raw/chexpert_plus/dicom_train/patient00186/study1/view1_frontal.dcm,/home/jovyan/Desktop/MEDAGENT-X/outputs/chexpert_plus/raddino_features/patient00186__study1__view1_frontal.npz,success,,microsoft/rad-dino,/home/jovyan/Desktop/MEDAGENT-X/data/raw/chexpert_plus/dicom_train/patient00186/study1/view1_frontal.dcm,data/raw/chexpert_plus/dicom_train/patient00186/study1/view1_frontal.dcm,ok,,,,2320,2828,MONOCHROME1,AP,12,16,0,,"(2320, 2828)","(3, 224, 224)",0.0,1.0,0.3029495179653168,0.1161856949329376,0.4241758249700069,0.0050684032030403,0.9995510755030612,0.0004491261206567,0.005874445203141,4.771673202514648,True,True,True,True,
201,patient00186/study2,patient00186/study2/view1_frontal.dcm,/home/jovyan/Desktop/MEDAGENT-X/data/raw/chexpert_plus/dicom_train/patient00186/study2/view1_frontal.dcm,/home/jovyan/Desktop/MEDAGENT-X/outputs/chexpert_plus/convnext_features/patient00186_study2_view1_frontal.npz,ok,,data/raw/chexpert_plus/dicom_train/patient00186/study2/view1_frontal.dcm,/home/jovyan/Desktop/MEDAGENT-X/outputs/chexpert_plus/raddino_features/patient00186__study2__view1_frontal.npz,success,,microsoft/rad-dino,/home/jovyan/Desktop/MEDAGENT-X/data/raw/chexpert_plus/dicom_train/patient00186/study2/view1_frontal.dcm,data/raw/chexpert_plus/dicom_train/patient00186/study2/view1_frontal.dcm,ok,,,,2320,2828,MONOCHROME1,AP,12,16,0,,"(2320, 2828)","(3, 224, 224)",0.0,1.0,0.2849369347095489,0.1198052689433097,0.4373134337365627,0.0059677860699594,0.9993476174758018,0.0006528084049932,0.0048221601716821,4.798412322998047,True,True,True,True,
202,patient00187/study1,patient00187/study1/view1_frontal.dcm,/home/jovyan/Desktop/MEDAGENT-X/data/raw/chexpert_plus/dicom_train/patient00187/study1/view1_frontal.dcm,/home/jovyan/Desktop/MEDAGENT-X/outputs/chexpert_plus/convnext_features/patient00187_study1_view1_frontal.npz,ok,,data/raw/chexpert_plus/dicom_train/patient00187/study1/view1_frontal.dcm,/home/jovyan/Desktop/MEDAGENT-X/outputs/chexpert_plus/raddino_features/patient00187__study1__view1_frontal.npz,success,,microsoft/rad-dino,/home/jovyan/Desktop/MEDAGENT-X/data/raw/chexpert_plus/dicom_train/patient00187/study1/view1_frontal.dcm,data/raw/chexpert_plus/dicom_train/patient00187/study1/view1_frontal.dcm,ok,,,,2320,2828,MONOCHROME1,AP,12,16,0,,"(2320, 2828)","(3, 224, 224)",0.0,1.0,0.2849718928337097,0.0930630415678024,0.2979243025183677,0.0053398925811052,0.9994451170515992,0.0005551910144276,0.0050963578500707,4.450849533081055,True,True,True,True,
203,patient00190/study1,patient00190/study1/view1_frontal.dcm,/home/jovyan/Desktop/MEDAGENT-X/data/raw/chexpert_plus/dicom_train/patient00190/study1/view1_frontal.dcm,/home/jovyan/Desktop/MEDAGENT-X/outputs/chexpert_plus/convnext_features/patient00190_study1_view1_frontal.npz,ok,,data/raw/chexpert_plus/dicom_train/patient00190/study1/view1_frontal.dcm,/home/jovyan/Desktop/MEDAGENT-X/outputs/chexpert_plus/raddino_features/patient00190__study1__view1_frontal.npz,success,,microsoft/rad-dino,/home/jovyan/Desktop/MEDAGENT-X/data/raw/chexpert_plus/dicom_train/patient00190/study1/view1_frontal.dcm,data/raw/chexpert_plus/dicom_train/patient00190/study1/view1_frontal.dcm,ok,,,,2320,2828,MONOCHROME1,AP,12,16,0,,"(2320, 2828)","(3, 224, 224)",0.0,1.0,0.2490895837545395,0.0790470167994499,0.1829059869050979,0.0112885432317852,0.9981034167515848,0.0019001871114596,0.0027401477832512,3.818958044052124,True,True,True,True,
203,patient00190/study1,patient00190/study1/view2_frontal.dcm,/home/jovyan/Desktop/MEDAGENT-X/data/raw/chexpert_plus/dicom_train/patient00190/study1/view2_frontal.dcm,/home/jovyan/Desktop/MEDAGENT-X/outputs/chexpert_plus/convnext_features/patient00190_study1_view2_frontal.npz,ok,,data/raw/chexpert_plus/dicom_train/patient00190/study1/view2_frontal.dcm,/home/jovyan/Desktop/MEDAGENT-X/outputs/chexpert_plus/raddino_features/patient00190__study1__view2_frontal.npz,success,,microsoft/rad-dino,/home/jovyan/Desktop/MEDAGENT-X/data/raw/chexpert_plus/dicom_train/patient00190/study1/view2_frontal.dcm,data/raw/chexpert_plus/dicom_train/patient00190/study1/view2_frontal.dcm,ok,,,,2320,2828,MONOCHROME1,AP,12,16,0,,"(2320, 2828)","(3, 224, 224)",0.0,1.0,0.2675433158874511,0.0818704664707183,0.210012212395668,0.0113991973921656,0.9980859331417284,0.0019177375361323,0.0025997719845876,4.066330432891846,True,True,True,True,
204,patient00190/study2,patient00190/study2/view1_frontal.dcm,/home/jovyan/Desktop/MEDAGENT-X/data/raw/chexpert_plus/dicom_train/patient00190/study2/view1_frontal.dcm,/home/jovyan/Desktop/MEDAGENT-X/outputs/chexpert_plus/convnext_features/patient00190_study2_view1_frontal.npz,ok,,data/raw/chexpert_plus/dicom_train/patient00190/study2/view1_frontal.dcm,/home/jovyan/Desktop/MEDAGENT-X/outputs/chexpert_plus/raddino_features/patient00190__study2__view1_frontal.npz,success,,microsoft/rad-dino,/home/jovyan/Desktop/MEDAGENT-X/data/raw/chexpert_plus/dicom_train/patient00190/study2/view1_frontal.dcm,data/raw/chexpert_plus/dicom_train/patient00190/study2/view1_frontal.dcm,ok,,,,2320,2828,MONOCHROME1,AP,12,16,0,,"(2320, 2828)","(3, 224, 224)",0.0,1.0,0.3272159397602081,0.0828885287046432,0.2590964585542679,0.0093776872381567,0.9985651389689244,0.0014369228156283,0.0010292701068136,4.338789939880371,True,True,True,True,
205,patient00197/study1,patient00197/study1/view1_frontal.dcm,/home/jovyan/Desktop/MEDAGENT-X/data/raw/chexpert_plus/dicom_train/patient00197/study1/view1_frontal.dcm,/home/jovyan/Desktop/MEDAGENT-X/outputs/chexpert_plus/convnext_features/patient00197_study1_view1_frontal.npz,ok,,data/raw/chexpert_plus/dicom_train/patient00197/study1/view1_frontal.dcm,/home/jovyan/Desktop/MEDAGENT-X/outputs/chexpert_plus/raddino_features/patient00197__study1__view1_frontal.npz,success,,microsoft/rad-dino,/home/jovyan/Desktop/MEDAGENT-X/data/raw/chexpert_plus/dicom_train/patient00197/study1/view1_frontal.dcm,data/raw/chexpert_plus/dicom_train/patient00197/study1/view1_frontal.dcm,ok,,,,2320,2828,MONOCHROME1,AP,12,16,0,,"(2320, 2828)","(3, 224, 224)",0.0,1.0,0.3259572386741638,0.0693836957216262,0.2229913622140884,0.0047263009473681,0.9995385678554858,0.0004616451624315,0.0086975076818026,3.586348056793213,True,True,True,True,
206,patient00201/study1,patient00201/study1/view1_frontal.dcm,/home/jovyan/Desktop/MEDAGENT-X/data/raw/chexpert_plus/dicom_train/patient00201/study1/view1_frontal.dcm,/home/jovyan/Desktop/MEDAGENT-X/outputs/chexpert_plus/convnext_features/patient00201_study1_view1_frontal.npz,ok,,data/raw/chexpert_plus/dicom_train/patient00201/study1/view1_frontal.dcm,/home/jovyan/Desktop/MEDAGENT-X/outputs/chexpert_plus/raddino_features/patient00201__study1__view1_frontal.npz,success,,microsoft/rad-dino,/home/jovyan/Desktop/MEDAGENT-X/data/raw/chexpert_plus/dicom_train/patient00201/study1/view1_frontal.dcm,data/raw/chexpert_plus/dicom_train/patient00201/study1/view1_frontal.dcm,ok,,,,1751,2022,MONOCHROME2,PA,14,16,0,,"(1751, 2022)","(3, 224, 224)",0.0,1.0,0.4819605350494385,0.0635503381490707,0.1894235610961914,0.0070783011615276,0.9993485828705134,0.0006518417503684,0.0015305652669295,3.887277126312256,True,True,True,True,
206,patient00201/study1,patient00201/study1/view2_lateral.dcm,/home/jovyan/Desktop/MEDAGENT-X/data/raw/chexpert_plus/dicom_train/patient00201/study1/view2_lateral.dcm,/home/jovyan/Desktop/MEDAGENT-X/outputs/chexpert_plus/convnext_features/patient00201_study1_view2_lateral.npz,ok,,data/raw/chexpert_plus/dicom_train/patient00201/study1/view2_lateral.dcm,/home/jovyan/Desktop/MEDAGENT-X/outputs/chexpert_plus/raddino_features/patient00201__study1__view2_lateral.npz,success,,microsoft/rad-dino,/home/jovyan/Desktop/MEDAGENT-X/data/raw/chexpert_plus/dicom_train/patient00201/study1/view2_lateral.dcm,data/raw/chexpert_plus/dicom_train/patient00201/study1/view2_lateral.dcm,ok,,,,2011,1751,MONOCHROME2,LL,14,16,0,,"(2011, 1751)","(3, 224, 224)",0.0,1.0,0.1896295398473739,0.0778619199991226,0.2776658684015274,0.0033646041993051,0.9998698733655952,0.0001301435695495,0.0018885280017584,3.6519579887390137,True,True,True,True,
207,patient00201/study2,patient00201/study2/view1_frontal.dcm,/home/jovyan/Desktop/MEDAGENT-X/data/raw/chexpert_plus/dicom_train/patient00201/study2/view1_frontal.dcm,/home/jovyan/Desktop/MEDAGENT-X/outputs/chexpert_plus/convnext_features/patient00201_study2_view1_frontal.npz,ok,,data/raw/chexpert_plus/dicom_train/patient00201/study2/view1_frontal.dcm,/home/jovyan/Desktop/MEDAGENT-X/outputs/chexpert_plus/raddino_features/patient00201__study2__view1_frontal.npz,success,,microsoft/rad-dino,/home/jovyan/Desktop/MEDAGENT-X/data/raw/chexpert_plus/dicom_train/patient00201/study2/view1_frontal.dcm,data/raw/chexpert_plus/dicom_train/patient00201/study2/view1_frontal.dcm,ok,,,,1751,2022,MONOCHROME2,PA,14,16,0,,"(1751, 2022)","(3, 224, 224)",0.0,1.0,0.2894349992275238,0.0491895116865634,0.1422816216945648,0.0042940336279571,0.9997713569364624,0.0002286953531438,0.001972025593966,3.3858964443206787,True,True,True,True,
207,patient00201/study2,patient00201/study2/view2_lateral.dcm,/home/jovyan/Desktop/MEDAGENT-X/data/raw/chexpert_plus/dicom_train/patient00201/study2/view2_lateral.dcm,/home/jovyan/Desktop/MEDAGENT-X/outputs/chexpert_plus/convnext_features/patient00201_study2_view2_lateral.npz,ok,,data/raw/chexpert_plus/dicom_train/patient00201/study2/view2_lateral.dcm,/home/jovyan/Desktop/MEDAGENT-X/outputs/chexpert_plus/raddino_features/patient00201__study2__view2_lateral.npz,success,,microsoft/rad-dino,/home/jovyan/Desktop/MEDAGENT-X/data/raw/chexpert_plus/dicom_train/patient00201/study2/view2_lateral.dcm,data/raw/chexpert_plus/dicom_train/patient00201/study2/view2_lateral.dcm,ok,,,,2021,1751,MONOCHROME2,LL,14,16,0,,"(2021, 1751)","(3, 224, 224)",0.0,1.0,0.2991780936717987,0.1033576056361198,0.3539644777774811,0.0086327763274312,0.9990576488521964,0.0009432400111109,0.0030948597691119,3.97882080078125,True,True,True,True,
208,patient00203/study2,patient00203/study2/view1_frontal.dcm,/home/jovyan/Desktop/MEDAGENT-X/data/raw/chexpert_plus/dicom_train/patient00203/study2/view1_frontal.dcm,/home/jovyan/Desktop/MEDAGENT-X/outputs/chexpert_plus/convnext_features/patient00203_study2_view1_frontal.npz,ok,,data/raw/chexpert_plus/dicom_train/patient00203/study2/view1_frontal.dcm,/home/jovyan/Desktop/MEDAGENT-X/outputs/chexpert_plus/raddino_features/patient00203__study2__view1_frontal.npz,success,,microsoft/rad-dino,/home/jovyan/Desktop/MEDAGENT-X/data/raw/chexpert_plus/dicom_train/patient00203/study2/view1_frontal.dcm,data/raw/chexpert_plus/dicom_train/patient00203/study2/view1_frontal.dcm,ok,,,,2022,2022,MONOCHROME2,PA,14,16,0,,"(2022, 2022)","(3, 224, 224)",0.0,1.0,0.4432645142078399,0.1435941606760025,0.4771705865859985,0.0056767486967146,0.9993629015899425,0.0006375045632012,0.0120347786612348,5.058267593383789,True,True,True,True,
208,patient00203/study2,patient00203/study2/view2_lateral.dcm,/home/jovyan/Desktop/MEDAGENT-X/data/raw/chexpert_plus/dicom_train/patient00203/study2/view2_lateral.dcm,/home/jovyan/Desktop/MEDAGENT-X/outputs/chexpert_plus/convnext_features/patient00203_study2_view2_lateral.npz,ok,,data/raw/chexpert_plus/dicom_train/patient00203/study2/view2_lateral.dcm,/home/jovyan/Desktop/MEDAGENT-X/outputs/chexpert_plus/raddino_features/patient00203__study2__view2_lateral.npz,success,,microsoft/rad-dino,/home/jovyan/Desktop/MEDAGENT-X/data/raw/chexpert_plus/dicom_train/patient00203/study2/view2_lateral.dcm,data/raw/chexpert_plus/dicom_train/patient00203/study2/view2_lateral.dcm,ok,,,,2022,2022,MONOCHROME2,LL,14,16,0,,"(2022, 2022)","(3, 224, 224)",0.0,1.0,0.2243699431419372,0.1234455481171608,0.3596295211464166,0.0038546847645193,0.9997692099731892,0.000230843303143,0.0001827083094858,4.208574771881104,True,True,True,True,
209,patient00203/study1,patient00203/study1/view1_frontal.dcm,/home/jovyan/Desktop/MEDAGENT-X/data/raw/chexpert_plus/dicom_train/patient00203/study1/view1_frontal.dcm,/home/jovyan/Desktop/MEDAGENT-X/outputs/chexpert_plus/convnext_features/patient00203_study1_view1_frontal.npz,ok,,data/raw/chexpert_plus/dicom_train/patient00203/study1/view1_frontal.dcm,/home/jovyan/Desktop/MEDAGENT-X/outputs/chexpert_plus/raddino_features/patient00203__study1__view1_frontal.npz,success,,microsoft/rad-dino,/home/jovyan/Desktop/MEDAGENT-X/data/raw/chexpert_plus/dicom_train/patient00203/study1/view1_frontal.dcm,data/raw/chexpert_plus/dicom_train/patient00203/study1/view1_frontal.dcm,ok,,,,2320,2828,MONOCHROME1,PA,12,16,0,,"(2320, 2828)","(3, 224, 224)",0.0,1.0,0.3462606072425842,0.1377989053726196,0.479940190911293,0.0056988205760717,0.9994070800740474,0.0005932716885581,0.0029341742671804,4.9479146003723145,True,True,True,True,
209,patient00203/study1,patient00203/study1/view2_lateral.dcm,/home/jovyan/Desktop/MEDAGENT-X/data/raw/chexpert_plus/dicom_train/patient00203/study1/view2_lateral.dcm,/home/jovyan/Desktop/MEDAGENT-X/outputs/chexpert_plus/convnext_features/patient00203_study1_view2_lateral.npz,ok,,data/raw/chexpert_plus/dicom_train/patient00203/study1/view2_lateral.dcm,/home/jovyan/Desktop/MEDAGENT-X/outputs/chexpert_plus/raddino_features/patient00203__study1__view2_lateral.npz,success,,microsoft/rad-dino,/home/jovyan/Desktop/MEDAGENT-X/data/raw/chexpert_plus/dicom_train/patient00203/study1/view2_lateral.dcm,data/raw/chexpert_plus/dicom_train/patient00203/study1/view2_lateral.dcm,ok,,,,2828,2320,MONOCHROME1,PA,12,16,0,,"(2828, 2320)","(3, 224, 224)",0.0,1.0,0.2532252371311188,0.1550264656543731,0.4652014654129743,0.0048055225051939,0.9996146211333158,0.0003855274408124,0.0020977113105399,4.827565670013428,True,True,True,True,
210,patient00207/study1,patient00207/study1/view1_frontal.dcm,/home/jovyan/Desktop/MEDAGENT-X/data/raw/chexpert_plus/dicom_train/patient00207/study1/view1_frontal.dcm,/home/jovyan/Desktop/MEDAGENT-X/outputs/chexpert_plus/convnext_features/patient00207_study1_view1_frontal.npz,ok,,data/raw/chexpert_plus/dicom_train/patient00207/study1/view1_frontal.dcm,/home/jovyan/Desktop/MEDAGENT-X/outputs/chexpert_plus/raddino_features/patient00207__study1__view1_frontal.npz,success,,microsoft/rad-dino,/home/jovyan/Desktop/MEDAGENT-X/data/raw/chexpert_plus/dicom_train/patient00207/study1/view1_frontal.dcm,data/raw/chexpert_plus/dicom_train/patient00207/study1/view1_frontal.dcm,ok,,,,2320,2828,MONOCHROME1,AP,12,16,0,,"(2320, 2828)","(3, 224, 224)",0.0,1.0,0.4774212837219238,0.1190829128026962,0.3700081706047058,0.0089118294417858,0.9984795865857504,0.001522728591226,0.0021461798273423,4.68053674697876,True,True,True,True,
211,patient00215/study1,patient00215/study1/view1_frontal.dcm,/home/jovyan/Desktop/MEDAGENT-X/data/raw/chexpert_plus/dicom_train/patient00215/study1/view1_frontal.dcm,/home/jovyan/Desktop/MEDAGENT-X/outputs/chexpert_plus/convnext_features/patient00215_study1_view1_frontal.npz,ok,,data/raw/chexpert_plus/dicom_train/patient00215/study1/view1_frontal.dcm,/home/jovyan/Desktop/MEDAGENT-X/outputs/chexpert_plus/raddino_features/patient00215__study1__view1_frontal.npz,success,,microsoft/rad-dino,/home/jovyan/Desktop/MEDAGENT-X/data/raw/chexpert_plus/dicom_train/patient00215/study1/view1_frontal.dcm,data/raw/chexpert_plus/dicom_train/patient00215/study1/view1_frontal.dcm,ok,,,,2016,2022,MONOCHROME2,PA,14,16,0,,"(2016, 2022)","(3, 224, 224)",0.0,1.0,0.7373924851417542,0.0919484570622444,0.2473901510238647,0.008809644728899,0.9988767178319988,0.0011245453497394,0.0011424430471166,4.332423686981201,True,True,True,True,
211,patient00215/study1,patient00215/study1/view2_lateral.dcm,/home/jovyan/Desktop/MEDAGENT-X/data/raw/chexpert_plus/dicom_train/patient00215/study1/view2_lateral.dcm,/home/jovyan/Desktop/MEDAGENT-X/outputs/chexpert_plus/convnext_features/patient00215_study1_view2_lateral.npz,ok,,data/raw/chexpert_plus/dicom_train/patient00215/study1/view2_lateral.dcm,/home/jovyan/Desktop/MEDAGENT-X/outputs/chexpert_plus/raddino_features/patient00215__study1__view2_lateral.npz,success,,microsoft/rad-dino,/home/jovyan/Desktop/MEDAGENT-X/data/raw/chexpert_plus/dicom_train/patient00215/study1/view2_lateral.dcm,data/raw/chexpert_plus/dicom_train/patient00215/study1/view2_lateral.dcm,ok,,,,2016,2017,MONOCHROME2,LL,14,16,0,,"(2016, 2017)","(3, 224, 224)",0.0,1.0,0.2566079199314117,0.1188662201166153,0.3793566524982452,0.0057053798809647,0.999575214914144,0.0004249656049069,0.0014157931392685,4.010159015655518,True,True,True,True,
212,patient00223/study1,patient00223/study1/view1_frontal.dcm,/home/jovyan/Desktop/MEDAGENT-X/data/raw/chexpert_plus/dicom_train/patient00223/study1/view1_frontal.dcm,/home/jovyan/Desktop/MEDAGENT-X/outputs/chexpert_plus/convnext_features/patient00223_study1_view1_frontal.npz,ok,,data/raw/chexpert_plus/dicom_train/patient00223/study1/view1_frontal.dcm,/home/jovyan/Desktop/MEDAGENT-X/outputs/chexpert_plus/raddino_features/patient00223__study1__view1_frontal.npz,success,,microsoft/rad-dino,/home/jovyan/Desktop/MEDAGENT-X/data/raw/chexpert_plus/dicom_train/patient00223/study1/view1_frontal.dcm,data/raw/chexpert_plus/dicom_train/patient00223/study1/view1_frontal.dcm,ok,,,,2320,2828,MONOCHROME1,AP,12,16,0,,"(2320, 2828)","(3, 224, 224)",0.0,1.0,0.3736314177513122,0.1471315026283264,0.5294602140784264,0.0079556833952665,0.9989196433175892,0.0010815251152962,0.0037962432326976,5.064985275268555,True,True,True,True,
213,patient00224/study1,patient00224/study1/view1_frontal.dcm,/home/jovyan/Desktop/MEDAGENT-X/data/raw/chexpert_plus/dicom_train/patient00224/study1/view1_frontal.dcm,/home/jovyan/Desktop/MEDAGENT-X/outputs/chexpert_plus/convnext_features/patient00224_study1_view1_frontal.npz,ok,,data/raw/chexpert_plus/dicom_train/patient00224/study1/view1_frontal.dcm,/home/jovyan/Desktop/MEDAGENT-X/outputs/chexpert_plus/raddino_features/patient00224__study1__view1_frontal.npz,success,,microsoft/rad-dino,/home/jovyan/Desktop/MEDAGENT-X/data/raw/chexpert_plus/dicom_train/patient00224/study1/view1_frontal.dcm,data/raw/chexpert_plus/dicom_train/patient00224/study1/view1_frontal.dcm,ok,,,,1751,2022,MONOCHROME2,PA,14,16,0,,"(1751, 2022)","(3, 224, 224)",0.0,1.0,0.5728729963302612,0.0836864411830902,0.2140077948570251,0.0070651643909513,0.999323966033314,0.0006764912977814,0.0015785807855451,4.069238662719727,True,True,True,True,
213,patient00224/study1,patient00224/study1/view2_lateral.dcm,/home/jovyan/Desktop/MEDAGENT-X/data/raw/chexpert_plus/dicom_train/patient00224/study1/view2_lateral.dcm,/home/jovyan/Desktop/MEDAGENT-X/outputs/chexpert_plus/convnext_features/patient00224_study1_view2_lateral.npz,ok,,data/raw/chexpert_plus/dicom_train/patient00224/study1/view2_lateral.dcm,/home/jovyan/Desktop/MEDAGENT-X/outputs/chexpert_plus/raddino_features/patient00224__study1__view2_lateral.npz,success,,microsoft/rad-dino,/home/jovyan/Desktop/MEDAGENT-X/data/raw/chexpert_plus/dicom_train/patient00224/study1/view2_lateral.dcm,data/raw/chexpert_plus/dicom_train/patient00224/study1/view2_lateral.dcm,ok,,,,2022,1751,MONOCHROME2,LL,14,16,0,,"(2022, 1751)","(3, 224, 224)",0.0,1.0,0.2649727761745453,0.1074550077319145,0.3603735640645027,0.0051571824587881,0.99965898273956,0.0003411335928831,0.0019327658463921,3.799116373062134,True,True,True,True,
214,patient00228/study1,patient00228/study1/view1_frontal.dcm,/home/jovyan/Desktop/MEDAGENT-X/data/raw/chexpert_plus/dicom_train/patient00228/study1/view1_frontal.dcm,/home/jovyan/Desktop/MEDAGENT-X/outputs/chexpert_plus/convnext_features/patient00228_study1_view1_frontal.npz,ok,,data/raw/chexpert_plus/dicom_train/patient00228/study1/view1_frontal.dcm,/home/jovyan/Desktop/MEDAGENT-X/outputs/chexpert_plus/raddino_features/patient00228__study1__view1_frontal.npz,success,,microsoft/rad-dino,/home/jovyan/Desktop/MEDAGENT-X/data/raw/chexpert_plus/dicom_train/patient00228/study1/view1_frontal.dcm,data/raw/chexpert_plus/dicom_train/patient00228/study1/view1_frontal.dcm,ok,,,,2320,2828,MONOCHROME1,AP,12,16,0,,"(2320, 2828)","(3, 224, 224)",0.0,1.0,0.2703918218612671,0.1253193318843841,0.3987878821790218,0.0068695107474923,0.9991781690584176,0.000822506903205,0.0031486245915231,4.712356090545654,True,True,True,True,
215,patient00236/study2,patient00236/study2/view1_frontal.dcm,/home/jovyan/Desktop/MEDAGENT-X/data/raw/chexpert_plus/dicom_train/patient00236/study2/view1_frontal.dcm,/home/jovyan/Desktop/MEDAGENT-X/outputs/chexpert_plus/convnext_features/patient00236_study2_view1_frontal.npz,ok,,data/raw/chexpert_plus/dicom_train/patient00236/study2/view1_frontal.dcm,/home/jovyan/Desktop/MEDAGENT-X/outputs/chexpert_plus/raddino_features/patient00236__study2__view1_frontal.npz,success,,microsoft/rad-dino,/home/jovyan/Desktop/MEDAGENT-X/data/raw/chexpert_plus/dicom_train/patient00236/study2/view1_frontal.dcm,data/raw/chexpert_plus/dicom_train/patient00236/study2/view1_frontal.dcm,ok,,,,2320,2828,MONOCHROME1,AP,12,16,0,,"(2320, 2828)","(3, 224, 224)",0.0,1.0,0.1847534924745559,0.0905389189720153,0.2891330998390913,0.0095607675611972,0.9985749758106012,0.0014270577812567,0.0010096083499975,4.193667411804199,True,True,True,True,
216,patient00236/study1,patient00236/study1/view1_frontal.dcm,/home/jovyan/Desktop/MEDAGENT-X/data/raw/chexpert_plus/dicom_train/patient00236/study1/view1_frontal.dcm,/home/jovyan/Desktop/MEDAGENT-X/outputs/chexpert_plus/convnext_features/patient00236_study1_view1_frontal.npz,ok,,data/raw/chexpert_plus/dicom_train/patient00236/study1/view1_frontal.dcm,/home/jovyan/Desktop/MEDAGENT-X/outputs/chexpert_plus/raddino_features/patient00236__study1__view1_frontal.npz,success,,microsoft/rad-dino,/home/jovyan/Desktop/MEDAGENT-X/data/raw/chexpert_plus/dicom_train/patient00236/study1/view1_frontal.dcm,data/raw/chexpert_plus/dicom_train/patient00236/study1/view1_frontal.dcm,ok,,,,2320,2828,MONOCHROME1,AP,12,16,0,,"(2320, 2828)","(3, 224, 224)",0.0,1.0,0.1817540973424911,0.0898167341947555,0.2915751030668616,0.0095209600403904,0.998686911799478,0.0013148146681487,0.0009567197483295,4.268328666687012,True,True,True,True,
216,patient00236/study1,patient00236/study1/view2_lateral.dcm,/home/jovyan/Desktop/MEDAGENT-X/data/raw/chexpert_plus/dicom_train/patient00236/study1/view2_lateral.dcm,/home/jovyan/Desktop/MEDAGENT-X/outputs/chexpert_plus/convnext_features/patient00236_study1_view2_lateral.npz,ok,,data/raw/chexpert_plus/dicom_train/patient00236/study1/view2_lateral.dcm,/home/jovyan/Desktop/MEDAGENT-X/outputs/chexpert_plus/raddino_features/patient00236__study1__view2_lateral.npz,success,,microsoft/rad-dino,/home/jovyan/Desktop/MEDAGENT-X/data/raw/chexpert_plus/dicom_train/patient00236/study1/view2_lateral.dcm,data/raw/chexpert_plus/dicom_train/patient00236/study1/view2_lateral.dcm,ok,,,,2828,2320,MONOCHROME1,PA,12,16,0,,"(2828, 2320)","(3, 224, 224)",0.0,1.0,0.2702252268791199,0.1412931233644485,0.4170940201729536,0.0040256064385175,0.9996531112121002,0.0003470091614872,0.036629852948349,4.692521095275879,True,True,True,True,
217,patient00238/study1,patient00238/study1/view1_frontal.dcm,/home/jovyan/Desktop/MEDAGENT-X/data/raw/chexpert_plus/dicom_train/patient00238/study1/view1_frontal.dcm,/home/jovyan/Desktop/MEDAGENT-X/outputs/chexpert_plus/convnext_features/patient00238_study1_view1_frontal.npz,ok,,data/raw/chexpert_plus/dicom_train/patient00238/study1/view1_frontal.dcm,/home/jovyan/Desktop/MEDAGENT-X/outputs/chexpert_plus/raddino_features/patient00238__study1__view1_frontal.npz,success,,microsoft/rad-dino,/home/jovyan/Desktop/MEDAGENT-X/data/raw/chexpert_plus/dicom_train/patient00238/study1/view1_frontal.dcm,data/raw/chexpert_plus/dicom_train/patient00238/study1/view1_frontal.dcm,ok,,,,1788,2021,MONOCHROME2,PA,14,16,0,,"(1788, 2021)","(3, 224, 224)",0.0,1.0,0.2435341477394104,0.0652575269341468,0.1818532645702362,0.0026403453666716,0.9998800751046032,0.0001199392791022,0.0201760153732564,3.950846910476685,True,True,True,True,
218,patient00240/study1,patient00240/study1/view1_frontal.dcm,/home/jovyan/Desktop/MEDAGENT-X/data/raw/chexpert_plus/dicom_train/patient00240/study1/view1_frontal.dcm,/home/jovyan/Desktop/MEDAGENT-X/outputs/chexpert_plus/convnext_features/patient00240_study1_view1_frontal.npz,ok,,data/raw/chexpert_plus/dicom_train/patient00240/study1/view1_frontal.dcm,/home/jovyan/Desktop/MEDAGENT-X/outputs/chexpert_plus/raddino_features/patient00240__study1__view1_frontal.npz,success,,microsoft/rad-dino,/home/jovyan/Desktop/MEDAGENT-X/data/raw/chexpert_plus/dicom_train/patient00240/study1/view1_frontal.dcm,data/raw/chexpert_plus/dicom_train/patient00240/study1/view1_frontal.dcm,ok,,,,1787,1838,MONOCHROME2,PA,14,16,0,,"(1787, 1838)","(3, 224, 224)",0.0,1.0,0.2583258748054504,0.0497469753026962,0.1528413593769073,0.0050825485959649,0.9996552718114784,0.0003448470670264,0.0025696406095772,3.447316884994507,True,True,True,True,
218,patient00240/study1,patient00240/study1/view2_lateral.dcm,/home/jovyan/Desktop/MEDAGENT-X/data/raw/chexpert_plus/dicom_train/patient00240/study1/view2_lateral.dcm,/home/jovyan/Desktop/MEDAGENT-X/outputs/chexpert_plus/convnext_features/patient00240_study1_view2_lateral.npz,ok,,data/raw/chexpert_plus/dicom_train/patient00240/study1/view2_lateral.dcm,/home/jovyan/Desktop/MEDAGENT-X/outputs/chexpert_plus/raddino_features/patient00240__study1__view2_lateral.npz,success,,microsoft/rad-dino,/home/jovyan/Desktop/MEDAGENT-X/data/raw/chexpert_plus/dicom_train/patient00240/study1/view2_lateral.dcm,data/raw/chexpert_plus/dicom_train/patient00240/study1/view2_lateral.dcm,ok,,,,2021,1751,MONOCHROME2,LL,14,16,0,,"(2021, 1751)","(3, 224, 224)",0.0,1.0,0.1976439356803894,0.1214435249567031,0.3258255422115326,0.0057045207358896,0.9994350932848024,0.0005652260151691,0.0017076550022592,3.674384355545044,True,True,True,True,
219,patient00250/study4,patient00250/study4/view1_frontal.dcm,/home/jovyan/Desktop/MEDAGENT-X/data/raw/chexpert_plus/dicom_train/patient00250/study4/view1_frontal.dcm,/home/jovyan/Desktop/MEDAGENT-X/outputs/chexpert_plus/convnext_features/patient00250_study4_view1_frontal.npz,ok,,data/raw/chexpert_plus/dicom_train/patient00250/study4/view1_frontal.dcm,/home/jovyan/Desktop/MEDAGENT-X/outputs/chexpert_plus/raddino_features/patient00250__study4__view1_frontal.npz,success,,microsoft/rad-dino,/home/jovyan/Desktop/MEDAGENT-X/data/raw/chexpert_plus/dicom_train/patient00250/study4/view1_frontal.dcm,data/raw/chexpert_plus/dicom_train/patient00250/study4/view1_frontal.dcm,ok,,,,2320,2828,MONOCHROME1,AP,12,16,0,,"(2320, 2828)","(3, 224, 224)",0.0,1.0,0.2701275944709778,0.1189140379428863,0.3943833969533443,0.0094592403620481,0.9986622412834956,0.0013395507121458,0.0011048687996878,4.697971820831299,True,True,True,True,
220,patient00250/study5,patient00250/study5/view1_frontal.dcm,/home/jovyan/Desktop/MEDAGENT-X/data/raw/chexpert_plus/dicom_train/patient00250/study5/view1_frontal.dcm,/home/jovyan/Desktop/MEDAGENT-X/outputs/chexpert_plus/convnext_features/patient00250_study5_view1_frontal.npz,ok,,data/raw/chexpert_plus/dicom_train/patient00250/study5/view1_frontal.dcm,/home/jovyan/Desktop/MEDAGENT-X/outputs/chexpert_plus/raddino_features/patient00250__study5__view1_frontal.npz,success,,microsoft/rad-dino,/home/jovyan/Desktop/MEDAGENT-X/data/raw/chexpert_plus/dicom_train/patient00250/study5/view1_frontal.dcm,data/raw/chexpert_plus/dicom_train/patient00250/study5/view1_frontal.dcm,ok,,,,2320,2828,MONOCHROME1,AP,12,16,0,,"(2320, 2828)","(3, 224, 224)",0.0,1.0,0.276602566242218,0.1304355561733245,0.4153846185654402,0.0104035651311278,0.9983804336408334,0.0016221936093643,0.0011705604057942,4.732295989990234,True,True,True,True,
221,patient00250/study3,patient00250/study3/view1_frontal.dcm,/home/jovyan/Desktop/MEDAGENT-X/data/raw/chexpert_plus/dicom_train/patient00250/study3/view1_frontal.dcm,/home/jovyan/Desktop/MEDAGENT-X/outputs/chexpert_plus/convnext_features/patient00250_study3_view1_frontal.npz,ok,,data/raw/chexpert_plus/dicom_train/patient00250/study3/view1_frontal.dcm,/home/jovyan/Desktop/MEDAGENT-X/outputs/chexpert_plus/raddino_features/patient00250__study3__view1_frontal.npz,success,,microsoft/rad-dino,/home/jovyan/Desktop/MEDAGENT-X/data/raw/chexpert_plus/dicom_train/patient00250/study3/view1_frontal.dcm,data/raw/chexpert_plus/dicom_train/patient00250/study3/view1_frontal.dcm,ok,,,,2048,2494,MONOCHROME1,AP,12,16,0,,"(2048, 2494)","(3, 224, 224)",0.0,1.0,0.2632485628128052,0.1375005394220352,0.4332112353295088,0.0104338657110929,0.9983057048434804,0.0016971706645563,0.0012878564805533,4.789115905761719,True,True,True,True,
222,patient00250/study1,patient00250/study1/view1_frontal.dcm,/home/jovyan/Desktop/MEDAGENT-X/data/raw/chexpert_plus/dicom_train/patient00250/study1/view1_frontal.dcm,/home/jovyan/Desktop/MEDAGENT-X/outputs/chexpert_plus/convnext_features/patient00250_study1_view1_frontal.npz,ok,,data/raw/chexpert_plus/dicom_train/patient00250/study1/view1_frontal.dcm,/home/jovyan/Desktop/MEDAGENT-X/outputs/chexpert_plus/raddino_features/patient00250__study1__view1_frontal.npz,success,,microsoft/rad-dino,/home/jovyan/Desktop/MEDAGENT-X/data/raw/chexpert_plus/dicom_train/patient00250/study1/view1_frontal.dcm,data/raw/chexpert_plus/dicom_train/patient00250/study1/view1_frontal.dcm,ok,,,,1751,2017,MONOCHROME2,PA,14,16,0,,"(1751, 2017)","(3, 224, 224)",0.0,1.0,0.2793937623500824,0.0648850947618484,0.2301165759563446,0.0046771764755249,0.9997390592519594,0.0002610088558867,0.0016538463607593,3.730633497238159,True,True,True,True,
222,patient00250/study1,patient00250/study1/view2_lateral.dcm,/home/jovyan/Desktop/MEDAGENT-X/data/raw/chexpert_plus/dicom_train/patient00250/study1/view2_lateral.dcm,/home/jovyan/Desktop/MEDAGENT-X/outputs/chexpert_plus/convnext_features/patient00250_study1_view2_lateral.npz,ok,,data/raw/chexpert_plus/dicom_train/patient00250/study1/view2_lateral.dcm,/home/jovyan/Desktop/MEDAGENT-X/outputs/chexpert_plus/raddino_features/patient00250__study1__view2_lateral.npz,success,,microsoft/rad-dino,/home/jovyan/Desktop/MEDAGENT-X/data/raw/chexpert_plus/dicom_train/patient00250/study1/view2_lateral.dcm,data/raw/chexpert_plus/dicom_train/patient00250/study1/view2_lateral.dcm,ok,,,,1751,2007,MONOCHROME2,LL,14,16,0,,"(1751, 2007)","(3, 224, 224)",0.0,1.0,0.2578211724758148,0.0902435779571533,0.2636879608035087,0.0067903604358434,0.9993988233484168,0.0006015382823534,0.0017591200643549,4.1781182289123535,True,True,True,True,
223,patient00250/study8,patient00250/study8/view1_frontal.dcm,/home/jovyan/Desktop/MEDAGENT-X/data/raw/chexpert_plus/dicom_train/patient00250/study8/view1_frontal.dcm,/home/jovyan/Desktop/MEDAGENT-X/outputs/chexpert_plus/convnext_features/patient00250_study8_view1_frontal.npz,ok,,data/raw/chexpert_plus/dicom_train/patient00250/study8/view1_frontal.dcm,/home/jovyan/Desktop/MEDAGENT-X/outputs/chexpert_plus/raddino_features/patient00250__study8__view1_frontal.npz,success,,microsoft/rad-dino,/home/jovyan/Desktop/MEDAGENT-X/data/raw/chexpert_plus/dicom_train/patient00250/study8/view1_frontal.dcm,data/raw/chexpert_plus/dicom_train/patient00250/study8/view1_frontal.dcm,ok,,,,2320,2828,MONOCHROME1,AP,12,16,0,,"(2320, 2828)","(3, 224, 224)",0.0,1.0,0.2657471299171448,0.1414260566234588,0.4324786346405744,0.0099067380651831,0.9985039157773608,0.0014983258442953,0.0011364190606252,4.845780849456787,True,True,True,True,
224,patient00250/study10,patient00250/study10/view1_frontal.dcm,/home/jovyan/Desktop/MEDAGENT-X/data/raw/chexpert_plus/dicom_train/patient00250/study10/view1_frontal.dcm,/home/jovyan/Desktop/MEDAGENT-X/outputs/chexpert_plus/convnext_features/patient00250_study10_view1_frontal.npz,ok,,data/raw/chexpert_plus/dicom_train/patient00250/study10/view1_frontal.dcm,/home/jovyan/Desktop/MEDAGENT-X/outputs/chexpert_plus/raddino_features/patient00250__study10__view1_frontal.npz,success,,microsoft/rad-dino,/home/jovyan/Desktop/MEDAGENT-X/data/raw/chexpert_plus/dicom_train/patient00250/study10/view1_frontal.dcm,data/raw/chexpert_plus/dicom_train/patient00250/study10/view1_frontal.dcm,ok,,,,2320,2828,MONOCHROME1,AP,12,16,0,,"(2320, 2828)","(3, 224, 224)",0.0,1.0,0.2908135056495666,0.1260197609663009,0.3965811990201473,0.0102899624034762,0.9984069526333312,0.0015955892158672,0.0017796176169341,4.803098201751709,True,True,True,True,
225,patient00250/study7,patient00250/study7/view1_frontal.dcm,/home/jovyan/Desktop/MEDAGENT-X/data/raw/chexpert_plus/dicom_train/patient00250/study7/view1_frontal.dcm,/home/jovyan/Desktop/MEDAGENT-X/outputs/chexpert_plus/convnext_features/patient00250_study7_view1_frontal.npz,ok,,data/raw/chexpert_plus/dicom_train/patient00250/study7/view1_frontal.dcm,/home/jovyan/Desktop/MEDAGENT-X/outputs/chexpert_plus/raddino_features/patient00250__study7__view1_frontal.npz,success,,microsoft/rad-dino,/home/jovyan/Desktop/MEDAGENT-X/data/raw/chexpert_plus/dicom_train/patient00250/study7/view1_frontal.dcm,data/raw/chexpert_plus/dicom_train/patient00250/study7/view1_frontal.dcm,ok,,,,2320,2828,MONOCHROME1,AP,12,16,0,,"(2320, 2828)","(3, 224, 224)",0.0,1.0,0.3588021397590637,0.1364188343286514,0.4112332314252853,0.01124934758991,0.998121567501259,0.0018819676479324,0.0017982124567136,4.819083690643311,True,True,True,True,
226,patient00250/study11,patient00250/study11/view1_frontal.dcm,/home/jovyan/Desktop/MEDAGENT-X/data/raw/chexpert_plus/dicom_train/patient00250/study11/view1_frontal.dcm,/home/jovyan/Desktop/MEDAGENT-X/outputs/chexpert_plus/convnext_features/patient00250_study11_view1_frontal.npz,ok,,data/raw/chexpert_plus/dicom_train/patient00250/study11/view1_frontal.dcm,/home/jovyan/Desktop/MEDAGENT-X/outputs/chexpert_plus/raddino_features/patient00250__study11__view1_frontal.npz,success,,microsoft/rad-dino,/home/jovyan/Desktop/MEDAGENT-X/data/raw/chexpert_plus/dicom_train/patient00250/study11/view1_frontal.dcm,data/raw/chexpert_plus/dicom_train/patient00250/study11/view1_frontal.dcm,ok,,,,2320,2828,MONOCHROME1,AP,12,16,0,,"(2320, 2828)","(3, 224, 224)",0.0,1.0,0.3174352049827575,0.1411528438329696,0.4427350685000419,0.0102422265335917,0.9984049469206444,0.0015976013382896,0.0018674096473686,4.976707458496094,True,True,True,True,
227,patient00250/study6,patient00250/study6/view1_frontal.dcm,/home/jovyan/Desktop/MEDAGENT-X/data/raw/chexpert_plus/dicom_train/patient00250/study6/view1_frontal.dcm,/home/jovyan/Desktop/MEDAGENT-X/outputs/chexpert_plus/convnext_features/patient00250_study6_view1_frontal.npz,ok,,data/raw/chexpert_plus/dicom_train/patient00250/study6/view1_frontal.dcm,/home/jovyan/Desktop/MEDAGENT-X/outputs/chexpert_plus/raddino_features/patient00250__study6__view1_frontal.npz,success,,microsoft/rad-dino,/home/jovyan/Desktop/MEDAGENT-X/data/raw/chexpert_plus/dicom_train/patient00250/study6/view1_frontal.dcm,data/raw/chexpert_plus/dicom_train/patient00250/study6/view1_frontal.dcm,ok,,,,2320,2828,MONOCHROME1,AP,12,16,0,,"(2320, 2828)","(3, 224, 224)",0.0,1.0,0.2256033271551132,0.1179284900426864,0.357509165070951,0.0107112349942326,0.9982198275588334,0.0017833471065387,0.0012440252645954,4.450336456298828,True,True,True,True,
228,patient00250/study2,patient00250/study2/view1_frontal.dcm,/home/jovyan/Desktop/MEDAGENT-X/data/raw/chexpert_plus/dicom_train/patient00250/study2/view1_frontal.dcm,/home/jovyan/Desktop/MEDAGENT-X/outputs/chexpert_plus/convnext_features/patient00250_study2_view1_frontal.npz,ok,,data/raw/chexpert_plus/dicom_train/patient00250/study2/view1_frontal.dcm,/home/jovyan/Desktop/MEDAGENT-X/outputs/chexpert_plus/raddino_features/patient00250__study2__view1_frontal.npz,success,,microsoft/rad-dino,/home/jovyan/Desktop/MEDAGENT-X/data/raw/chexpert_plus/dicom_train/patient00250/study2/view1_frontal.dcm,data/raw/chexpert_plus/dicom_train/patient00250/study2/view1_frontal.dcm,ok,,,,2320,2828,MONOCHROME1,AP,12,16,0,,"(2320, 2828)","(3, 224, 224)",0.0,1.0,0.3487428724765777,0.1471164226531982,0.4334554523229599,0.011842742562294,0.9979504226272408,0.0020537867676466,0.0018902721552943,4.815323829650879,True,True,True,True,
229,patient00250/study9,patient00250/study9/view1_frontal.dcm,/home/jovyan/Desktop/MEDAGENT-X/data/raw/chexpert_plus/dicom_train/patient00250/study9/view1_frontal.dcm,/home/jovyan/Desktop/MEDAGENT-X/outputs/chexpert_plus/convnext_features/patient00250_study9_view1_frontal.npz,ok,,data/raw/chexpert_plus/dicom_train/patient00250/study9/view1_frontal.dcm,/home/jovyan/Desktop/MEDAGENT-X/outputs/chexpert_plus/raddino_features/patient00250__study9__view1_frontal.npz,success,,microsoft/rad-dino,/home/jovyan/Desktop/MEDAGENT-X/data/raw/chexpert_plus/dicom_train/patient00250/study9/view1_frontal.dcm,data/raw/chexpert_plus/dicom_train/patient00250/study9/view1_frontal.dcm,ok,,,,2320,2828,MONOCHROME1,AP,12,16,0,,"(2320, 2828)","(3, 224, 224)",0.0,1.0,0.2006818503141403,0.1136645600199699,0.3374847462400794,0.0107658039778471,0.9983355795650076,0.0016671953490003,0.0014487209188899,4.421179294586182,True,True,True,True,
230,patient00252/study1,patient00252/study1/view1_frontal.dcm,/home/jovyan/Desktop/MEDAGENT-X/data/raw/chexpert_plus/dicom_train/patient00252/study1/view1_frontal.dcm,/home/jovyan/Desktop/MEDAGENT-X/outputs/chexpert_plus/convnext_features/patient00252_study1_view1_frontal.npz,ok,,data/raw/chexpert_plus/dicom_train/patient00252/study1/view1_frontal.dcm,/home/jovyan/Desktop/MEDAGENT-X/outputs/chexpert_plus/raddino_features/patient00252__study1__view1_frontal.npz,success,,microsoft/rad-dino,/home/jovyan/Desktop/MEDAGENT-X/data/raw/chexpert_plus/dicom_train/patient00252/study1/view1_frontal.dcm,data/raw/chexpert_plus/dicom_train/patient00252/study1/view1_frontal.dcm,ok,,,,2320,2828,MONOCHROME1,AP,12,16,0,,"(2320, 2828)","(3, 224, 224)",0.0,1.0,0.216056689620018,0.0916930213570594,0.2757020853459835,0.0097888000309467,0.9985237382515773,0.0014784443192183,0.0012079025020728,4.301107883453369,True,True,True,True,
231,patient00252/study3,patient00252/study3/view1_frontal.dcm,/home/jovyan/Desktop/MEDAGENT-X/data/raw/chexpert_plus/dicom_train/patient00252/study3/view1_frontal.dcm,/home/jovyan/Desktop/MEDAGENT-X/outputs/chexpert_plus/convnext_features/patient00252_study3_view1_frontal.npz,ok,,data/raw/chexpert_plus/dicom_train/patient00252/study3/view1_frontal.dcm,/home/jovyan/Desktop/MEDAGENT-X/outputs/chexpert_plus/raddino_features/patient00252__study3__view1_frontal.npz,success,,microsoft/rad-dino,/home/jovyan/Desktop/MEDAGENT-X/data/raw/chexpert_plus/dicom_train/patient00252/study3/view1_frontal.dcm,data/raw/chexpert_plus/dicom_train/patient00252/study3/view1_frontal.dcm,ok,,,,2320,2828,MONOCHROME1,AP,12,16,0,,"(2320, 2828)","(3, 224, 224)",0.0,1.0,0.3310253322124481,0.1216849833726883,0.4617826603353023,0.0103665133938193,0.99812610459595,0.0018774134805426,0.0015433717017021,4.720170974731445,True,True,True,True,
232,patient00252/study4,patient00252/study4/view1_frontal.dcm,/home/jovyan/Desktop/MEDAGENT-X/data/raw/chexpert_plus/dicom_train/patient00252/study4/view1_frontal.dcm,/home/jovyan/Desktop/MEDAGENT-X/outputs/chexpert_plus/convnext_features/patient00252_study4_view1_frontal.npz,ok,,data/raw/chexpert_plus/dicom_train/patient00252/study4/view1_frontal.dcm,/home/jovyan/Desktop/MEDAGENT-X/outputs/chexpert_plus/raddino_features/patient00252__study4__view1_frontal.npz,success,,microsoft/rad-dino,/home/jovyan/Desktop/MEDAGENT-X/data/raw/chexpert_plus/dicom_train/patient00252/study4/view1_frontal.dcm,data/raw/chexpert_plus/dicom_train/patient00252/study4/view1_frontal.dcm,ok,,,,2320,2828,MONOCHROME1,AP,12,16,0,,"(2320, 2828)","(3, 224, 224)",0.0,1.0,0.2569597959518432,0.0934258326888084,0.2732600793242454,0.0099080549553036,0.99845558562544,0.0015468032797798,0.0011829061600741,4.392798900604248,True,True,True,True,
233,patient00252/study2,patient00252/study2/view1_frontal.dcm,/home/jovyan/Desktop/MEDAGENT-X/data/raw/chexpert_plus/dicom_train/patient00252/study2/view1_frontal.dcm,/home/jovyan/Desktop/MEDAGENT-X/outputs/chexpert_plus/convnext_features/patient00252_study2_view1_frontal.npz,ok,,data/raw/chexpert_plus/dicom_train/patient00252/study2/view1_frontal.dcm,/home/jovyan/Desktop/MEDAGENT-X/outputs/chexpert_plus/raddino_features/patient00252__study2__view1_frontal.npz,success,,microsoft/rad-dino,/home/jovyan/Desktop/MEDAGENT-X/data/raw/chexpert_plus/dicom_train/patient00252/study2/view1_frontal.dcm,data/raw/chexpert_plus/dicom_train/patient00252/study2/view1_frontal.dcm,ok,,,,2320,2828,MONOCHROME1,AP,12,16,0,,"(2320, 2828)","(3, 224, 224)",0.0,1.0,0.1295269131660461,0.0716055855154991,0.2114774119108915,0.0095479181036353,0.9986195075301788,0.0013824008638039,0.0010246976052285,3.9032142162323,True,True,True,True,
234,patient00256/study3,patient00256/study3/view1_frontal.dcm,/home/jovyan/Desktop/MEDAGENT-X/data/raw/chexpert_plus/dicom_train/patient00256/study3/view1_frontal.dcm,/home/jovyan/Desktop/MEDAGENT-X/outputs/chexpert_plus/convnext_features/patient00256_study3_view1_frontal.npz,ok,,data/raw/chexpert_plus/dicom_train/patient00256/study3/view1_frontal.dcm,/home/jovyan/Desktop/MEDAGENT-X/outputs/chexpert_plus/raddino_features/patient00256__study3__view1_frontal.npz,success,,microsoft/rad-dino,/home/jovyan/Desktop/MEDAGENT-X/data/raw/chexpert_plus/dicom_train/patient00256/study3/view1_frontal.dcm,data/raw/chexpert_plus/dicom_train/patient00256/study3/view1_frontal.dcm,ok,,,,2320,2828,MONOCHROME1,AP,12,16,0,,"(2320, 2828)","(3, 224, 224)",0.0,1.0,0.3683129549026489,0.0988494530320167,0.3030525296926498,0.0110942153260111,0.9979730562115556,0.0020310606341809,0.0017567551090084,4.564364433288574,True,True,True,True,
235,patient00256/study4,patient00256/study4/view1_frontal.dcm,/home/jovyan/Desktop/MEDAGENT-X/data/raw/chexpert_plus/dicom_train/patient00256/study4/view1_frontal.dcm,/home/jovyan/Desktop/MEDAGENT-X/outputs/chexpert_plus/convnext_features/patient00256_study4_view1_frontal.npz,ok,,data/raw/chexpert_plus/dicom_train/patient00256/study4/view1_frontal.dcm,/home/jovyan/Desktop/MEDAGENT-X/outputs/chexpert_plus/raddino_features/patient00256__study4__view1_frontal.npz,success,,microsoft/rad-dino,/home/jovyan/Desktop/MEDAGENT-X/data/raw/chexpert_plus/dicom_train/patient00256/study4/view1_frontal.dcm,data/raw/chexpert_plus/dicom_train/patient00256/study4/view1_frontal.dcm,ok,,,,2320,2828,MONOCHROME1,AP,12,16,0,,"(2320, 2828)","(3, 224, 224)",0.0,1.0,0.3269436955451965,0.0781601816415786,0.2288156300783157,0.0110822552815079,0.9981144073956268,0.001889154780656,0.001606167390138,4.17193078994751,True,True,True,True,
236,patient00256/study2,patient00256/study2/view1_frontal.dcm,/home/jovyan/Desktop/MEDAGENT-X/data/raw/chexpert_plus/dicom_train/patient00256/study2/view1_frontal.dcm,/home/jovyan/Desktop/MEDAGENT-X/outputs/chexpert_plus/convnext_features/patient00256_study2_view1_frontal.npz,ok,,data/raw/chexpert_plus/dicom_train/patient00256/study2/view1_frontal.dcm,/home/jovyan/Desktop/MEDAGENT-X/outputs/chexpert_plus/raddino_features/patient00256__study2__view1_frontal.npz,success,,microsoft/rad-dino,/home/jovyan/Desktop/MEDAGENT-X/data/raw/chexpert_plus/dicom_train/patient00256/study2/view1_frontal.dcm,data/raw/chexpert_plus/dicom_train/patient00256/study2/view1_frontal.dcm,ok,,,,2320,2828,MONOCHROME1,AP,12,16,0,,"(2320, 2828)","(3, 224, 224)",0.0,1.0,0.2104432880878448,0.0888129770755767,0.2725274823606014,0.0123379230499267,0.9977851449713938,0.0022197715006768,0.0015878773837974,4.239738464355469,True,True,True,True,
237,patient00256/study5,patient00256/study5/view1_frontal.dcm,/home/jovyan/Desktop/MEDAGENT-X/data/raw/chexpert_plus/dicom_train/patient00256/study5/view1_frontal.dcm,/home/jovyan/Desktop/MEDAGENT-X/outputs/chexpert_plus/convnext_features/patient00256_study5_view1_frontal.npz,ok,,data/raw/chexpert_plus/dicom_train/patient00256/study5/view1_frontal.dcm,/home/jovyan/Desktop/MEDAGENT-X/outputs/chexpert_plus/raddino_features/patient00256__study5__view1_frontal.npz,success,,microsoft/rad-dino,/home/jovyan/Desktop/MEDAGENT-X/data/raw/chexpert_plus/dicom_train/patient00256/study5/view1_frontal.dcm,data/raw/chexpert_plus/dicom_train/patient00256/study5/view1_frontal.dcm,ok,,,,2320,2828,MONOCHROME1,AP,12,16,0,,"(2320, 2828)","(3, 224, 224)",0.0,1.0,0.3507152795791626,0.0957077741622924,0.3543345481157303,0.0050499225035309,0.9995663155062486,0.0004338726575952,0.0001886918987465,4.3963165283203125,True,True,True,True,
238,patient00256/study1,patient00256/study1/view1_frontal.dcm,/home/jovyan/Desktop/MEDAGENT-X/data/raw/chexpert_plus/dicom_train/patient00256/study1/view1_frontal.dcm,/home/jovyan/Desktop/MEDAGENT-X/outputs/chexpert_plus/convnext_features/patient00256_study1_view1_frontal.npz,ok,,data/raw/chexpert_plus/dicom_train/patient00256/study1/view1_frontal.dcm,/home/jovyan/Desktop/MEDAGENT-X/outputs/chexpert_plus/raddino_features/patient00256__study1__view1_frontal.npz,success,,microsoft/rad-dino,/home/jovyan/Desktop/MEDAGENT-X/data/raw/chexpert_plus/dicom_train/patient00256/study1/view1_frontal.dcm,data/raw/chexpert_plus/dicom_train/patient00256/study1/view1_frontal.dcm,ok,,,,2320,2828,MONOCHROME1,AP,12,16,0,,"(2320, 2828)","(3, 224, 224)",0.0,1.0,0.2926828861236572,0.1003645434975624,0.2625152617692947,0.0116311842575669,0.9980392462293466,0.0019646058790385,0.0026954896844364,4.381810188293457,True,True,True,True,
239,patient00258/study1,patient00258/study1/view1_frontal.dcm,/home/jovyan/Desktop/MEDAGENT-X/data/raw/chexpert_plus/dicom_train/patient00258/study1/view1_frontal.dcm,/home/jovyan/Desktop/MEDAGENT-X/outputs/chexpert_plus/convnext_features/patient00258_study1_view1_frontal.npz,ok,,data/raw/chexpert_plus/dicom_train/patient00258/study1/view1_frontal.dcm,/home/jovyan/Desktop/MEDAGENT-X/outputs/chexpert_plus/raddino_features/patient00258__study1__view1_frontal.npz,success,,microsoft/rad-dino,/home/jovyan/Desktop/MEDAGENT-X/data/raw/chexpert_plus/dicom_train/patient00258/study1/view1_frontal.dcm,data/raw/chexpert_plus/dicom_train/patient00258/study1/view1_frontal.dcm,ok,,,,2320,2828,MONOCHROME1,AP,12,16,0,,"(2320, 2828)","(3, 224, 224)",0.0,1.0,0.2345249205827713,0.0832044705748558,0.2808362320065498,0.0047671752981841,0.999531943320623,0.0004682758590206,0.0102420987172608,4.041608810424805,True,True,True,True,
240,patient00261/study5,patient00261/study5/view1_frontal.dcm,/home/jovyan/Desktop/MEDAGENT-X/data/raw/chexpert_plus/dicom_train/patient00261/study5/view1_frontal.dcm,/home/jovyan/Desktop/MEDAGENT-X/outputs/chexpert_plus/convnext_features/patient00261_study5_view1_frontal.npz,ok,,data/raw/chexpert_plus/dicom_train/patient00261/study5/view1_frontal.dcm,/home/jovyan/Desktop/MEDAGENT-X/outputs/chexpert_plus/raddino_features/patient00261__study5__view1_frontal.npz,success,,microsoft/rad-dino,/home/jovyan/Desktop/MEDAGENT-X/data/raw/chexpert_plus/dicom_train/patient00261/study5/view1_frontal.dcm,data/raw/chexpert_plus/dicom_train/patient00261/study5/view1_frontal.dcm,ok,,,,2320,2828,MONOCHROME1,AP,12,16,0,,"(2320, 2828)","(3, 224, 224)",0.0,1.0,0.2449942976236343,0.1125482246279716,0.3699633758515119,0.0111296474933624,0.998166695451852,0.0018366717267781,0.0013987282348924,4.548820972442627,True,True,True,True,
241,patient00261/study2,patient00261/study2/view1_frontal.dcm,/home/jovyan/Desktop/MEDAGENT-X/data/raw/chexpert_plus/dicom_train/patient00261/study2/view1_frontal.dcm,/home/jovyan/Desktop/MEDAGENT-X/outputs/chexpert_plus/convnext_features/patient00261_study2_view1_frontal.npz,ok,,data/raw/chexpert_plus/dicom_train/patient00261/study2/view1_frontal.dcm,/home/jovyan/Desktop/MEDAGENT-X/outputs/chexpert_plus/raddino_features/patient00261__study2__view1_frontal.npz,success,,microsoft/rad-dino,/home/jovyan/Desktop/MEDAGENT-X/data/raw/chexpert_plus/dicom_train/patient00261/study2/view1_frontal.dcm,data/raw/chexpert_plus/dicom_train/patient00261/study2/view1_frontal.dcm,ok,,,,2320,2828,MONOCHROME1,PA,12,16,0,,"(2320, 2828)","(3, 224, 224)",0.0,1.0,0.1953904628753662,0.0855357572436332,0.2695970758795738,0.0071946503594517,0.9992012096135332,0.0007994289626367,0.0008864556406379,4.373843193054199,True,True,True,True,
241,patient00261/study2,patient00261/study2/view2_lateral.dcm,/home/jovyan/Desktop/MEDAGENT-X/data/raw/chexpert_plus/dicom_train/patient00261/study2/view2_lateral.dcm,/home/jovyan/Desktop/MEDAGENT-X/outputs/chexpert_plus/convnext_features/patient00261_study2_view2_lateral.npz,ok,,data/raw/chexpert_plus/dicom_train/patient00261/study2/view2_lateral.dcm,/home/jovyan/Desktop/MEDAGENT-X/outputs/chexpert_plus/raddino_features/patient00261__study2__view2_lateral.npz,success,,microsoft/rad-dino,/home/jovyan/Desktop/MEDAGENT-X/data/raw/chexpert_plus/dicom_train/patient00261/study2/view2_lateral.dcm,data/raw/chexpert_plus/dicom_train/patient00261/study2/view2_lateral.dcm,ok,,,,2828,2320,MONOCHROME1,PA,12,16,0,,"(2828, 2320)","(3, 224, 224)",0.0,1.0,0.3513393998146057,0.1453576683998108,0.5135531388223171,0.007811686489731,0.9989074658863992,0.0010937290498986,0.0005020606740477,5.040641784667969,True,True,True,True,
242,patient00261/study3,patient00261/study3/view1_frontal.dcm,/home/jovyan/Desktop/MEDAGENT-X/data/raw/chexpert_plus/dicom_train/patient00261/study3/view1_frontal.dcm,/home/jovyan/Desktop/MEDAGENT-X/outputs/chexpert_plus/convnext_features/patient00261_study3_view1_frontal.npz,ok,,data/raw/chexpert_plus/dicom_train/patient00261/study3/view1_frontal.dcm,/home/jovyan/Desktop/MEDAGENT-X/outputs/chexpert_plus/raddino_features/patient00261__study3__view1_frontal.npz,success,,microsoft/rad-dino,/home/jovyan/Desktop/MEDAGENT-X/data/raw/chexpert_plus/dicom_train/patient00261/study3/view1_frontal.dcm,data/raw/chexpert_plus/dicom_train/patient00261/study3/view1_frontal.dcm,ok,,,,2320,2828,MONOCHROME1,AP,12,16,0,,"(2320, 2828)","(3, 224, 224)",0.0,1.0,0.2121418714523315,0.0743357315659523,0.2246642336249351,0.0095465537160635,0.9986380319681196,0.0013638255186378,0.0010300321904111,4.083768844604492,True,True,True,True,
243,patient00261/study1,patient00261/study1/view1_frontal.dcm,/home/jovyan/Desktop/MEDAGENT-X/data/raw/chexpert_plus/dicom_train/patient00261/study1/view1_frontal.dcm,/home/jovyan/Desktop/MEDAGENT-X/outputs/chexpert_plus/convnext_features/patient00261_study1_view1_frontal.npz,ok,,data/raw/chexpert_plus/dicom_train/patient00261/study1/view1_frontal.dcm,/home/jovyan/Desktop/MEDAGENT-X/outputs/chexpert_plus/raddino_features/patient00261__study1__view1_frontal.npz,success,,microsoft/rad-dino,/home/jovyan/Desktop/MEDAGENT-X/data/raw/chexpert_plus/dicom_train/patient00261/study1/view1_frontal.dcm,data/raw/chexpert_plus/dicom_train/patient00261/study1/view1_frontal.dcm,ok,,,,2320,2828,MONOCHROME1,AP,12,16,0,,"(2320, 2828)","(3, 224, 224)",0.0,1.0,0.365620344877243,0.0942830964922905,0.3152625113725662,0.0111129507422447,0.9980541730745928,0.001949620549567,0.0013825720626249,4.407680511474609,True,True,True,True,
244,patient00261/study4,patient00261/study4/view1_frontal.dcm,/home/jovyan/Desktop/MEDAGENT-X/data/raw/chexpert_plus/dicom_train/patient00261/study4/view1_frontal.dcm,/home/jovyan/Desktop/MEDAGENT-X/outputs/chexpert_plus/convnext_features/patient00261_study4_view1_frontal.npz,ok,,data/raw/chexpert_plus/dicom_train/patient00261/study4/view1_frontal.dcm,/home/jovyan/Desktop/MEDAGENT-X/outputs/chexpert_plus/raddino_features/patient00261__study4__view1_frontal.npz,success,,microsoft/rad-dino,/home/jovyan/Desktop/MEDAGENT-X/data/raw/chexpert_plus/dicom_train/patient00261/study4/view1_frontal.dcm,data/raw/chexpert_plus/dicom_train/patient00261/study4/view1_frontal.dcm,ok,,,,2320,2828,MONOCHROME1,PA,12,16,0,,"(2320, 2828)","(3, 224, 224)",0.0,1.0,0.128250166773796,0.0743629187345504,0.2253968250006437,0.0081764627248048,0.9990875539542587,0.0009132793638855,0.0006951726576598,3.892042875289917,True,True,True,True,
244,patient00261/study4,patient00261/study4/view2_lateral.dcm,/home/jovyan/Desktop/MEDAGENT-X/data/raw/chexpert_plus/dicom_train/patient00261/study4/view2_lateral.dcm,/home/jovyan/Desktop/MEDAGENT-X/outputs/chexpert_plus/convnext_features/patient00261_study4_view2_lateral.npz,ok,,data/raw/chexpert_plus/dicom_train/patient00261/study4/view2_lateral.dcm,/home/jovyan/Desktop/MEDAGENT-X/outputs/chexpert_plus/raddino_features/patient00261__study4__view2_lateral.npz,success,,microsoft/rad-dino,/home/jovyan/Desktop/MEDAGENT-X/data/raw/chexpert_plus/dicom_train/patient00261/study4/view2_lateral.dcm,data/raw/chexpert_plus/dicom_train/patient00261/study4/view2_lateral.dcm,ok,,,,2828,2320,MONOCHROME1,PA,12,16,0,,"(2828, 2320)","(3, 224, 224)",0.0,1.0,0.3011800050735473,0.149257406592369,0.4542124550789594,0.005612788721919,0.999397232005942,0.0006031315424479,0.0002246622445495,4.780942916870117,True,True,True,True,
245,patient00270/study1,patient00270/study1/view1_frontal.dcm,/home/jovyan/Desktop/MEDAGENT-X/data/raw/chexpert_plus/dicom_train/patient00270/study1/view1_frontal.dcm,/home/jovyan/Desktop/MEDAGENT-X/outputs/chexpert_plus/convnext_features/patient00270_study1_view1_frontal.npz,ok,,data/raw/chexpert_plus/dicom_train/patient00270/study1/view1_frontal.dcm,/home/jovyan/Desktop/MEDAGENT-X/outputs/chexpert_plus/raddino_features/patient00270__study1__view1_frontal.npz,success,,microsoft/rad-dino,/home/jovyan/Desktop/MEDAGENT-X/data/raw/chexpert_plus/dicom_train/patient00270/study1/view1_frontal.dcm,data/raw/chexpert_plus/dicom_train/patient00270/study1/view1_frontal.dcm,ok,,,,3480,4240,MONOCHROME1,AP,12,16,0,,"(3480, 4240)","(3, 224, 224)",0.0,1.0,0.2335293591022491,0.0756374448537826,0.2202686294913292,0.0069492575712502,0.9992326367688212,0.0007679525297135,0.0006249322272825,4.082729816436768,True,True,True,True,
246,patient00270/study2,patient00270/study2/view1_frontal.dcm,/home/jovyan/Desktop/MEDAGENT-X/data/raw/chexpert_plus/dicom_train/patient00270/study2/view1_frontal.dcm,/home/jovyan/Desktop/MEDAGENT-X/outputs/chexpert_plus/convnext_features/patient00270_study2_view1_frontal.npz,ok,,data/raw/chexpert_plus/dicom_train/patient00270/study2/view1_frontal.dcm,/home/jovyan/Desktop/MEDAGENT-X/outputs/chexpert_plus/raddino_features/patient00270__study2__view1_frontal.npz,success,,microsoft/rad-dino,/home/jovyan/Desktop/MEDAGENT-X/data/raw/chexpert_plus/dicom_train/patient00270/study2/view1_frontal.dcm,data/raw/chexpert_plus/dicom_train/patient00270/study2/view1_frontal.dcm,ok,,,,2320,2828,MONOCHROME1,AP,12,16,0,,"(2320, 2828)","(3, 224, 224)",0.0,1.0,0.2629865407943725,0.0802657529711723,0.2466422468423843,0.0103724906221032,0.99839500864266,0.0016075714956969,0.0013783043944788,4.2546916007995605,True,True,True,True,
247,patient00270/study3,patient00270/study3/view1_frontal.dcm,/home/jovyan/Desktop/MEDAGENT-X/data/raw/chexpert_plus/dicom_train/patient00270/study3/view1_frontal.dcm,/home/jovyan/Desktop/MEDAGENT-X/outputs/chexpert_plus/convnext_features/patient00270_study3_view1_frontal.npz,ok,,data/raw/chexpert_plus/dicom_train/patient00270/study3/view1_frontal.dcm,/home/jovyan/Desktop/MEDAGENT-X/outputs/chexpert_plus/raddino_features/patient00270__study3__view1_frontal.npz,success,,microsoft/rad-dino,/home/jovyan/Desktop/MEDAGENT-X/data/raw/chexpert_plus/dicom_train/patient00270/study3/view1_frontal.dcm,data/raw/chexpert_plus/dicom_train/patient00270/study3/view1_frontal.dcm,ok,,,,2320,2828,MONOCHROME1,AP,12,16,0,,"(2320, 2828)","(3, 224, 224)",0.0,1.0,0.2496978491544723,0.0823132395744323,0.2974359057843685,0.010958295315504,0.998243976811366,0.001759112230502,0.0013577281373457,4.034402370452881,True,True,True,True,
248,patient00272/study1,patient00272/study1/view1_frontal.dcm,/home/jovyan/Desktop/MEDAGENT-X/data/raw/chexpert_plus/dicom_train/patient00272/study1/view1_frontal.dcm,/home/jovyan/Desktop/MEDAGENT-X/outputs/chexpert_plus/convnext_features/patient00272_study1_view1_frontal.npz,ok,,data/raw/chexpert_plus/dicom_train/patient00272/study1/view1_frontal.dcm,/home/jovyan/Desktop/MEDAGENT-X/outputs/chexpert_plus/raddino_features/patient00272__study1__view1_frontal.npz,success,,microsoft/rad-dino,/home/jovyan/Desktop/MEDAGENT-X/data/raw/chexpert_plus/dicom_train/patient00272/study1/view1_frontal.dcm,data/raw/chexpert_plus/dicom_train/patient00272/study1/view1_frontal.dcm,ok,,,,2320,2828,MONOCHROME1,AP,15,16,0,,"(2320, 2828)","(3, 224, 224)",0.0,1.0,0.4115073382854461,0.137771800160408,0.4354230910539627,0.0121662970632314,0.9968831867486372,0.0031265581492334,0.0072858240257523,5.038822650909424,True,True,True,True,
249,patient00277/study1,patient00277/study1/view1_frontal.dcm,/home/jovyan/Desktop/MEDAGENT-X/data/raw/chexpert_plus/dicom_train/patient00277/study1/view1_frontal.dcm,/home/jovyan/Desktop/MEDAGENT-X/outputs/chexpert_plus/convnext_features/patient00277_study1_view1_frontal.npz,ok,,data/raw/chexpert_plus/dicom_train/patient00277/study1/view1_frontal.dcm,/home/jovyan/Desktop/MEDAGENT-X/outputs/chexpert_plus/raddino_features/patient00277__study1__view1_frontal.npz,success,,microsoft/rad-dino,/home/jovyan/Desktop/MEDAGENT-X/data/raw/chexpert_plus/dicom_train/patient00277/study1/view1_frontal.dcm,data/raw/chexpert_plus/dicom_train/patient00277/study1/view1_frontal.dcm,ok,,,,2048,2494,MONOCHROME1,AP,12,16,0,,"(2048, 2494)","(3, 224, 224)",0.0,1.0,0.1927903890609741,0.0655606463551521,0.1965812072157859,0.0099927140399813,0.998422024167166,0.0015804697759449,0.0010507640211507,3.862865924835205,True,True,True,True,
250,patient00277/study13,patient00277/study13/view1_frontal.dcm,/home/jovyan/Desktop/MEDAGENT-X/data/raw/chexpert_plus/dicom_train/patient00277/study13/view1_frontal.dcm,/home/jovyan/Desktop/MEDAGENT-X/outputs/chexpert_plus/convnext_features/patient00277_study13_view1_frontal.npz,ok,,data/raw/chexpert_plus/dicom_train/patient00277/study13/view1_frontal.dcm,/home/jovyan/Desktop/MEDAGENT-X/outputs/chexpert_plus/raddino_features/patient00277__study13__view1_frontal.npz,success,,microsoft/rad-dino,/home/jovyan/Desktop/MEDAGENT-X/data/raw/chexpert_plus/dicom_train/patient00277/study13/view1_frontal.dcm,data/raw/chexpert_plus/dicom_train/patient00277/study13/view1_frontal.dcm,ok,,,,2048,2494,MONOCHROME1,AP,12,16,0,,"(2048, 2494)","(3, 224, 224)",0.0,1.0,0.3368962109088897,0.0934593752026557,0.2923076897859573,0.0111008388921618,0.9978219798804846,0.0021827742457389,0.0012156127831796,4.499610900878906,True,True,True,True,
251,patient00277/study12,patient00277/study12/view1_frontal.dcm,/home/jovyan/Desktop/MEDAGENT-X/data/raw/chexpert_plus/dicom_train/patient00277/study12/view1_frontal.dcm,/home/jovyan/Desktop/MEDAGENT-X/outputs/chexpert_plus/convnext_features/patient00277_study12_view1_frontal.npz,ok,,data/raw/chexpert_plus/dicom_train/patient00277/study12/view1_frontal.dcm,/home/jovyan/Desktop/MEDAGENT-X/outputs/chexpert_plus/raddino_features/patient00277__study12__view1_frontal.npz,success,,microsoft/rad-dino,/home/jovyan/Desktop/MEDAGENT-X/data/raw/chexpert_plus/dicom_train/patient00277/study12/view1_frontal.dcm,data/raw/chexpert_plus/dicom_train/patient00277/study12/view1_frontal.dcm,ok,,,,2320,2828,MONOCHROME1,AP,12,16,0,,"(2320, 2828)","(3, 224, 224)",0.0,1.0,0.2541925311088562,0.0750116854906082,0.2222222238779068,0.0085587799549102,0.9988154307622504,0.0011859741061925,0.0010317087743257,4.146648406982422,True,True,True,True,
252,patient00277/study4,patient00277/study4/view1_frontal.dcm,/home/jovyan/Desktop/MEDAGENT-X/data/raw/chexpert_plus/dicom_train/patient00277/study4/view1_frontal.dcm,/home/jovyan/Desktop/MEDAGENT-X/outputs/chexpert_plus/convnext_features/patient00277_study4_view1_frontal.npz,ok,,data/raw/chexpert_plus/dicom_train/patient00277/study4/view1_frontal.dcm,/home/jovyan/Desktop/MEDAGENT-X/outputs/chexpert_plus/raddino_features/patient00277__study4__view1_frontal.npz,success,,microsoft/rad-dino,/home/jovyan/Desktop/MEDAGENT-X/data/raw/chexpert_plus/dicom_train/patient00277/study4/view1_frontal.dcm,data/raw/chexpert_plus/dicom_train/patient00277/study4/view1_frontal.dcm,ok,,,,2320,2828,MONOCHROME1,AP,12,16,0,,"(2320, 2828)","(3, 224, 224)",0.0,1.0,0.2961921393871307,0.0771604925394058,0.227350428700447,0.0095595214515924,0.9985152078554986,0.0014870000304654,0.0010974003804321,4.169625282287598,True,True,True,True,
253,patient00277/study8,patient00277/study8/view1_frontal.dcm,/home/jovyan/Desktop/MEDAGENT-X/data/raw/chexpert_plus/dicom_train/patient00277/study8/view1_frontal.dcm,/home/jovyan/Desktop/MEDAGENT-X/outputs/chexpert_plus/convnext_features/patient00277_study8_view1_frontal.npz,ok,,data/raw/chexpert_plus/dicom_train/patient00277/study8/view1_frontal.dcm,/home/jovyan/Desktop/MEDAGENT-X/outputs/chexpert_plus/raddino_features/patient00277__study8__view1_frontal.npz,success,,microsoft/rad-dino,/home/jovyan/Desktop/MEDAGENT-X/data/raw/chexpert_plus/dicom_train/patient00277/study8/view1_frontal.dcm,data/raw/chexpert_plus/dicom_train/patient00277/study8/view1_frontal.dcm,ok,,,,2048,2494,MONOCHROME1,AP,12,16,0,,"(2048, 2494)","(3, 224, 224)",0.0,1.0,0.26875039935112,0.0800129324197769,0.2329670339822769,0.0115419700741767,0.9977740543720814,0.0022309115156531,0.0013424797639334,4.0872344970703125,True,True,True,True,
254,patient00277/study5,patient00277/study5/view1_frontal.dcm,/home/jovyan/Desktop/MEDAGENT-X/data/raw/chexpert_plus/dicom_train/patient00277/study5/view1_frontal.dcm,/home/jovyan/Desktop/MEDAGENT-X/outputs/chexpert_plus/convnext_features/patient00277_study5_view1_frontal.npz,ok,,data/raw/chexpert_plus/dicom_train/patient00277/study5/view1_frontal.dcm,/home/jovyan/Desktop/MEDAGENT-X/outputs/chexpert_plus/raddino_features/patient00277__study5__view1_frontal.npz,success,,microsoft/rad-dino,/home/jovyan/Desktop/MEDAGENT-X/data/raw/chexpert_plus/dicom_train/patient00277/study5/view1_frontal.dcm,data/raw/chexpert_plus/dicom_train/patient00277/study5/view1_frontal.dcm,ok,,,,2320,2828,MONOCHROME1,AP,12,16,0,,"(2320, 2828)","(3, 224, 224)",0.0,1.0,0.3168300688266754,0.0915321484208107,0.2617826610803604,0.0098745431751012,0.9983853785317752,0.0016172326868399,0.0012021106667316,4.326896190643311,True,True,True,True,
255,patient00277/study10,patient00277/study10/view1_frontal.dcm,/home/jovyan/Desktop/MEDAGENT-X/data/raw/chexpert_plus/dicom_train/patient00277/study10/view1_frontal.dcm,/home/jovyan/Desktop/MEDAGENT-X/outputs/chexpert_plus/convnext_features/patient00277_study10_view1_frontal.npz,ok,,data/raw/chexpert_plus/dicom_train/patient00277/study10/view1_frontal.dcm,/home/jovyan/Desktop/MEDAGENT-X/outputs/chexpert_plus/raddino_features/patient00277__study10__view1_frontal.npz,success,,microsoft/rad-dino,/home/jovyan/Desktop/MEDAGENT-X/data/raw/chexpert_plus/dicom_train/patient00277/study10/view1_frontal.dcm,data/raw/chexpert_plus/dicom_train/patient00277/study10/view1_frontal.dcm,ok,,,,2320,2828,MONOCHROME1,AP,12,16,0,,"(2320, 2828)","(3, 224, 224)",0.0,1.0,0.3797072470188141,0.084827110171318,0.2488400489091873,0.0095157520845532,0.9983570069371236,0.0016456969315186,0.0011841254938301,4.301905155181885,True,True,True,True,
256,patient00277/study9,patient00277/study9/view1_frontal.dcm,/home/jovyan/Desktop/MEDAGENT-X/data/raw/chexpert_plus/dicom_train/patient00277/study9/view1_frontal.dcm,/home/jovyan/Desktop/MEDAGENT-X/outputs/chexpert_plus/convnext_features/patient00277_study9_view1_frontal.npz,ok,,data/raw/chexpert_plus/dicom_train/patient00277/study9/view1_frontal.dcm,/home/jovyan/Desktop/MEDAGENT-X/outputs/chexpert_plus/raddino_features/patient00277__study9__view1_frontal.npz,success,,microsoft/rad-dino,/home/jovyan/Desktop/MEDAGENT-X/data/raw/chexpert_plus/dicom_train/patient00277/study9/view1_frontal.dcm,data/raw/chexpert_plus/dicom_train/patient00277/study9/view1_frontal.dcm,ok,,,,2320,2828,MONOCHROME1,AP,12,16,0,,"(2320, 2828)","(3, 224, 224)",0.0,1.0,0.3351519703865051,0.0786251798272132,0.2358974367380142,0.0092866132035851,0.9985789438017582,0.001423078472726,0.0008780727210652,4.236225605010986,True,True,True,True,
257,patient00277/study2,patient00277/study2/view1_frontal.dcm,/home/jovyan/Desktop/MEDAGENT-X/data/raw/chexpert_plus/dicom_train/patient00277/study2/view1_frontal.dcm,/home/jovyan/Desktop/MEDAGENT-X/outputs/chexpert_plus/convnext_features/patient00277_study2_view1_frontal.npz,ok,,data/raw/chexpert_plus/dicom_train/patient00277/study2/view1_frontal.dcm,/home/jovyan/Desktop/MEDAGENT-X/outputs/chexpert_plus/raddino_features/patient00277__study2__view1_frontal.npz,success,,microsoft/rad-dino,/home/jovyan/Desktop/MEDAGENT-X/data/raw/chexpert_plus/dicom_train/patient00277/study2/view1_frontal.dcm,data/raw/chexpert_plus/dicom_train/patient00277/study2/view1_frontal.dcm,ok,,,,2320,2828,MONOCHROME1,AP,12,16,0,,"(2320, 2828)","(3, 224, 224)",0.0,1.0,0.2374100536108017,0.0828829482197761,0.2566544637084007,0.0084497993811964,0.9988671339466888,0.0011341508943587,0.0009457457445251,4.202265739440918,True,True,True,True,
258,patient00277/study3,patient00277/study3/view1_frontal.dcm,/home/jovyan/Desktop/MEDAGENT-X/data/raw/chexpert_plus/dicom_train/patient00277/study3/view1_frontal.dcm,/home/jovyan/Desktop/MEDAGENT-X/outputs/chexpert_plus/convnext_features/patient00277_study3_view1_frontal.npz,ok,,data/raw/chexpert_plus/dicom_train/patient00277/study3/view1_frontal.dcm,/home/jovyan/Desktop/MEDAGENT-X/outputs/chexpert_plus/raddino_features/patient00277__study3__view1_frontal.npz,success,,microsoft/rad-dino,/home/jovyan/Desktop/MEDAGENT-X/data/raw/chexpert_plus/dicom_train/patient00277/study3/view1_frontal.dcm,data/raw/chexpert_plus/dicom_train/patient00277/study3/view1_frontal.dcm,ok,,,,2048,2494,MONOCHROME1,AP,12,16,0,,"(2048, 2494)","(3, 224, 224)",0.0,1.0,0.211649015545845,0.0780518278479576,0.2866910975426435,0.0092703662812709,0.998611770149037,0.001390159712173,0.0011819382142141,3.9713120460510254,True,True,True,True,
259,patient00277/study11,patient00277/study11/view1_frontal.dcm,/home/jovyan/Desktop/MEDAGENT-X/data/raw/chexpert_plus/dicom_train/patient00277/study11/view1_frontal.dcm,/home/jovyan/Desktop/MEDAGENT-X/outputs/chexpert_plus/convnext_features/patient00277_study11_view1_frontal.npz,ok,,data/raw/chexpert_plus/dicom_train/patient00277/study11/view1_frontal.dcm,/home/jovyan/Desktop/MEDAGENT-X/outputs/chexpert_plus/raddino_features/patient00277__study11__view1_frontal.npz,success,,microsoft/rad-dino,/home/jovyan/Desktop/MEDAGENT-X/data/raw/chexpert_plus/dicom_train/patient00277/study11/view1_frontal.dcm,data/raw/chexpert_plus/dicom_train/patient00277/study11/view1_frontal.dcm,ok,,,,2048,2494,MONOCHROME1,AP,12,16,0,,"(2048, 2494)","(3, 224, 224)",0.0,1.0,0.2766675055027008,0.0772970169782638,0.2395604401826858,0.009103056974709,0.9985580539859468,0.001444028224796,0.0011764563076383,4.223905563354492,True,True,True,True,
260,patient00277/study6,patient00277/study6/view1_frontal.dcm,/home/jovyan/Desktop/MEDAGENT-X/data/raw/chexpert_plus/dicom_train/patient00277/study6/view1_frontal.dcm,/home/jovyan/Desktop/MEDAGENT-X/outputs/chexpert_plus/convnext_features/patient00277_study6_view1_frontal.npz,ok,,data/raw/chexpert_plus/dicom_train/patient00277/study6/view1_frontal.dcm,/home/jovyan/Desktop/MEDAGENT-X/outputs/chexpert_plus/raddino_features/patient00277__study6__view1_frontal.npz,success,,microsoft/rad-dino,/home/jovyan/Desktop/MEDAGENT-X/data/raw/chexpert_plus/dicom_train/patient00277/study6/view1_frontal.dcm,data/raw/chexpert_plus/dicom_train/patient00277/study6/view1_frontal.dcm,ok,,,,2320,2828,MONOCHROME1,AP,12,16,0,,"(2320, 2828)","(3, 224, 224)",0.0,1.0,0.321983128786087,0.0889528393745422,0.2500610500574112,0.0106199951842427,0.9982082873116686,0.0017949286848306,0.0013289213773594,4.292922496795654,True,True,True,True,
261,patient00277/study7,patient00277/study7/view1_frontal.dcm,/home/jovyan/Desktop/MEDAGENT-X/data/raw/chexpert_plus/dicom_train/patient00277/study7/view1_frontal.dcm,/home/jovyan/Desktop/MEDAGENT-X/outputs/chexpert_plus/convnext_features/patient00277_study7_view1_frontal.npz,ok,,data/raw/chexpert_plus/dicom_train/patient00277/study7/view1_frontal.dcm,/home/jovyan/Desktop/MEDAGENT-X/outputs/chexpert_plus/raddino_features/patient00277__study7__view1_frontal.npz,success,,microsoft/rad-dino,/home/jovyan/Desktop/MEDAGENT-X/data/raw/chexpert_plus/dicom_train/patient00277/study7/view1_frontal.dcm,data/raw/chexpert_plus/dicom_train/patient00277/study7/view1_frontal.dcm,ok,,,,2320,2828,MONOCHROME1,AP,12,16,0,,"(2320, 2828)","(3, 224, 224)",0.0,1.0,0.3773761093616485,0.097347117960453,0.3062271326780319,0.0103378789499402,0.9980518590439906,0.0019519436173141,0.0010304894405696,4.501271724700928,True,True,True,True,
262,patient00278/study1,patient00278/study1/view1_frontal.dcm,/home/jovyan/Desktop/MEDAGENT-X/data/raw/chexpert_plus/dicom_train/patient00278/study1/view1_frontal.dcm,/home/jovyan/Desktop/MEDAGENT-X/outputs/chexpert_plus/convnext_features/patient00278_study1_view1_frontal.npz,ok,,data/raw/chexpert_plus/dicom_train/patient00278/study1/view1_frontal.dcm,/home/jovyan/Desktop/MEDAGENT-X/outputs/chexpert_plus/raddino_features/patient00278__study1__view1_frontal.npz,success,,microsoft/rad-dino,/home/jovyan/Desktop/MEDAGENT-X/data/raw/chexpert_plus/dicom_train/patient00278/study1/view1_frontal.dcm,data/raw/chexpert_plus/dicom_train/patient00278/study1/view1_frontal.dcm,ok,,,,2320,2828,MONOCHROME1,AP,12,16,0,,"(2320, 2828)","(3, 224, 224)",0.0,1.0,0.3759316802024841,0.1066419929265976,0.362637385725975,0.0099793635308742,0.9984416675700424,0.0015607646200805,0.0016194276447349,4.589520454406738,True,True,True,True,
263,patient00278/study2,patient00278/study2/view1_frontal.dcm,/home/jovyan/Desktop/MEDAGENT-X/data/raw/chexpert_plus/dicom_train/patient00278/study2/view1_frontal.dcm,/home/jovyan/Desktop/MEDAGENT-X/outputs/chexpert_plus/convnext_features/patient00278_study2_view1_frontal.npz,ok,,data/raw/chexpert_plus/dicom_train/patient00278/study2/view1_frontal.dcm,/home/jovyan/Desktop/MEDAGENT-X/outputs/chexpert_plus/raddino_features/patient00278__study2__view1_frontal.npz,success,,microsoft/rad-dino,/home/jovyan/Desktop/MEDAGENT-X/data/raw/chexpert_plus/dicom_train/patient00278/study2/view1_frontal.dcm,data/raw/chexpert_plus/dicom_train/patient00278/study2/view1_frontal.dcm,ok,,,,2320,2828,MONOCHROME1,AP,12,16,0,,"(2320, 2828)","(3, 224, 224)",0.0,1.0,0.2575358748435974,0.0756659358739852,0.2253968268632888,0.0088616097345948,0.9988022152866494,0.0011992211220785,0.001096181046676,4.127872467041016,True,True,True,True,
264,patient00283/study4,patient00283/study4/view1_frontal.dcm,/home/jovyan/Desktop/MEDAGENT-X/data/raw/chexpert_plus/dicom_train/patient00283/study4/view1_frontal.dcm,/home/jovyan/Desktop/MEDAGENT-X/outputs/chexpert_plus/convnext_features/patient00283_study4_view1_frontal.npz,ok,,data/raw/chexpert_plus/dicom_train/patient00283/study4/view1_frontal.dcm,/home/jovyan/Desktop/MEDAGENT-X/outputs/chexpert_plus/raddino_features/patient00283__study4__view1_frontal.npz,success,,microsoft/rad-dino,/home/jovyan/Desktop/MEDAGENT-X/data/raw/chexpert_plus/dicom_train/patient00283/study4/view1_frontal.dcm,data/raw/chexpert_plus/dicom_train/patient00283/study4/view1_frontal.dcm,ok,,,,2320,2828,MONOCHROME1,AP,12,16,0,,"(2320, 2828)","(3, 224, 224)",0.0,1.0,0.2358331829309463,0.0983476638793945,0.3499389570206404,0.010738824494183,0.9983089594800132,0.0016939049819484,0.0024193105886943,4.400384426116943,True,True,True,True,
265,patient00283/study1,patient00283/study1/view1_frontal.dcm,/home/jovyan/Desktop/MEDAGENT-X/data/raw/chexpert_plus/dicom_train/patient00283/study1/view1_frontal.dcm,/home/jovyan/Desktop/MEDAGENT-X/outputs/chexpert_plus/convnext_features/patient00283_study1_view1_frontal.npz,ok,,data/raw/chexpert_plus/dicom_train/patient00283/study1/view1_frontal.dcm,/home/jovyan/Desktop/MEDAGENT-X/outputs/chexpert_plus/raddino_features/patient00283__study1__view1_frontal.npz,success,,microsoft/rad-dino,/home/jovyan/Desktop/MEDAGENT-X/data/raw/chexpert_plus/dicom_train/patient00283/study1/view1_frontal.dcm,data/raw/chexpert_plus/dicom_train/patient00283/study1/view1_frontal.dcm,ok,,,,2320,2828,MONOCHROME1,AP,12,16,0,,"(2320, 2828)","(3, 224, 224)",0.0,1.0,0.5404461622238159,0.2205887585878372,0.7835080437362194,0.0062064519152045,0.9992358067287151,0.0007647777092643,0.0031856618543627,5.499125480651856,True,True,True,True,
265,patient00283/study1,patient00283/study1/view2_frontal.dcm,/home/jovyan/Desktop/MEDAGENT-X/data/raw/chexpert_plus/dicom_train/patient00283/study1/view2_frontal.dcm,/home/jovyan/Desktop/MEDAGENT-X/outputs/chexpert_plus/convnext_features/patient00283_study1_view2_frontal.npz,ok,,data/raw/chexpert_plus/dicom_train/patient00283/study1/view2_frontal.dcm,/home/jovyan/Desktop/MEDAGENT-X/outputs/chexpert_plus/raddino_features/patient00283__study1__view2_frontal.npz,success,,microsoft/rad-dino,/home/jovyan/Desktop/MEDAGENT-X/data/raw/chexpert_plus/dicom_train/patient00283/study1/view2_frontal.dcm,data/raw/chexpert_plus/dicom_train/patient00283/study1/view2_frontal.dcm,ok,,,,2320,2828,MONOCHROME1,AP,12,16,0,,"(2320, 2828)","(3, 224, 224)",0.0,1.0,0.5655982494354248,0.2276116162538528,0.819316491484642,0.0066650910302996,0.9991216518592,0.0008791203144937,0.0033408220748183,5.569522857666016,True,True,True,True,
266,patient00283/study3,patient00283/study3/view1_frontal.dcm,/home/jovyan/Desktop/MEDAGENT-X/data/raw/chexpert_plus/dicom_train/patient00283/study3/view1_frontal.dcm,/home/jovyan/Desktop/MEDAGENT-X/outputs/chexpert_plus/convnext_features/patient00283_study3_view1_frontal.npz,ok,,data/raw/chexpert_plus/dicom_train/patient00283/study3/view1_frontal.dcm,/home/jovyan/Desktop/MEDAGENT-X/outputs/chexpert_plus/raddino_features/patient00283__study3__view1_frontal.npz,success,,microsoft/rad-dino,/home/jovyan/Desktop/MEDAGENT-X/data/raw/chexpert_plus/dicom_train/patient00283/study3/view1_frontal.dcm,data/raw/chexpert_plus/dicom_train/patient00283/study3/view1_frontal.dcm,ok,,,,2320,2828,MONOCHROME1,AP,12,16,0,,"(2320, 2828)","(3, 224, 224)",0.0,1.0,0.532526433467865,0.2551071345806122,0.8807388544082642,0.0070080105215311,0.9989891419384131,0.0010118809295818,0.005039049163537,5.457119941711426,True,True,True,True,
267,patient00283/study2,patient00283/study2/view1_frontal.dcm,/home/jovyan/Desktop/MEDAGENT-X/data/raw/chexpert_plus/dicom_train/patient00283/study2/view1_frontal.dcm,/home/jovyan/Desktop/MEDAGENT-X/outputs/chexpert_plus/convnext_features/patient00283_study2_view1_frontal.npz,ok,,data/raw/chexpert_plus/dicom_train/patient00283/study2/view1_frontal.dcm,/home/jovyan/Desktop/MEDAGENT-X/outputs/chexpert_plus/raddino_features/patient00283__study2__view1_frontal.npz,success,,microsoft/rad-dino,/home/jovyan/Desktop/MEDAGENT-X/data/raw/chexpert_plus/dicom_train/patient00283/study2/view1_frontal.dcm,data/raw/chexpert_plus/dicom_train/patient00283/study2/view1_frontal.dcm,ok,,,,2320,2828,MONOCHROME1,AP,12,16,0,,"(2320, 2828)","(3, 224, 224)",0.0,1.0,0.5140296816825867,0.2353121936321258,0.8306701183319092,0.0059791058301925,0.9992588465129671,0.0007417032029479,0.0079133236599522,5.403847217559815,True,True,True,True,
268,patient00284/study1,patient00284/study1/view1_frontal.dcm,/home/jovyan/Desktop/MEDAGENT-X/data/raw/chexpert_plus/dicom_train/patient00284/study1/view1_frontal.dcm,/home/jovyan/Desktop/MEDAGENT-X/outputs/chexpert_plus/convnext_features/patient00284_study1_view1_frontal.npz,ok,,data/raw/chexpert_plus/dicom_train/patient00284/study1/view1_frontal.dcm,/home/jovyan/Desktop/MEDAGENT-X/outputs/chexpert_plus/raddino_features/patient00284__study1__view1_frontal.npz,success,,microsoft/rad-dino,/home/jovyan/Desktop/MEDAGENT-X/data/raw/chexpert_plus/dicom_train/patient00284/study1/view1_frontal.dcm,data/raw/chexpert_plus/dicom_train/patient00284/study1/view1_frontal.dcm,ok,,,,2021,2021,MONOCHROME2,PA,14,16,0,,"(2021, 2021)","(3, 224, 224)",0.0,1.0,0.2683272361755371,0.0681582912802696,0.1799419224262237,0.0053563672117888,0.9994825429454416,0.0005177249549888,0.0007496741904216,3.872580528259277,True,True,True,True,
268,patient00284/study1,patient00284/study1/view2_lateral.dcm,/home/jovyan/Desktop/MEDAGENT-X/data/raw/chexpert_plus/dicom_train/patient00284/study1/view2_lateral.dcm,/home/jovyan/Desktop/MEDAGENT-X/outputs/chexpert_plus/convnext_features/patient00284_study1_view2_lateral.npz,ok,,data/raw/chexpert_plus/dicom_train/patient00284/study1/view2_lateral.dcm,/home/jovyan/Desktop/MEDAGENT-X/outputs/chexpert_plus/raddino_features/patient00284__study1__view2_lateral.npz,success,,microsoft/rad-dino,/home/jovyan/Desktop/MEDAGENT-X/data/raw/chexpert_plus/dicom_train/patient00284/study1/view2_lateral.dcm,data/raw/chexpert_plus/dicom_train/patient00284/study1/view2_lateral.dcm,ok,,,,2000,2021,MONOCHROME2,LL,14,16,0,,"(2000, 2021)","(3, 224, 224)",0.0,1.0,0.2447406202554702,0.1003883183002471,0.3488372042775154,0.0031078816391527,0.9998388342680762,0.0001611917105037,0.0007278574962889,3.916858673095703,True,True,True,True,
269,patient00285/study1,patient00285/study1/view1_frontal.dcm,/home/jovyan/Desktop/MEDAGENT-X/data/raw/chexpert_plus/dicom_train/patient00285/study1/view1_frontal.dcm,/home/jovyan/Desktop/MEDAGENT-X/outputs/chexpert_plus/convnext_features/patient00285_study1_view1_frontal.npz,ok,,data/raw/chexpert_plus/dicom_train/patient00285/study1/view1_frontal.dcm,/home/jovyan/Desktop/MEDAGENT-X/outputs/chexpert_plus/raddino_features/patient00285__study1__view1_frontal.npz,success,,microsoft/rad-dino,/home/jovyan/Desktop/MEDAGENT-X/data/raw/chexpert_plus/dicom_train/patient00285/study1/view1_frontal.dcm,data/raw/chexpert_plus/dicom_train/patient00285/study1/view1_frontal.dcm,ok,,,,2048,2494,MONOCHROME1,AP,12,16,0,,"(2048, 2494)","(3, 224, 224)",0.0,1.0,0.2503547072410583,0.0980251133441925,0.331868140026927,0.012719752267003,0.9973810049978316,0.0026258721482008,0.001904375187951,4.279921054840088,True,True,True,True,
270,patient00285/study2,patient00285/study2/view1_frontal.dcm,/home/jovyan/Desktop/MEDAGENT-X/data/raw/chexpert_plus/dicom_train/patient00285/study2/view1_frontal.dcm,/home/jovyan/Desktop/MEDAGENT-X/outputs/chexpert_plus/convnext_features/patient00285_study2_view1_frontal.npz,ok,,data/raw/chexpert_plus/dicom_train/patient00285/study2/view1_frontal.dcm,/home/jovyan/Desktop/MEDAGENT-X/outputs/chexpert_plus/raddino_features/patient00285__study2__view1_frontal.npz,success,,microsoft/rad-dino,/home/jovyan/Desktop/MEDAGENT-X/data/raw/chexpert_plus/dicom_train/patient00285/study2/view1_frontal.dcm,data/raw/chexpert_plus/dicom_train/patient00285/study2/view1_frontal.dcm,ok,,,,2320,2828,MONOCHROME1,AP,12,16,0,,"(2320, 2828)","(3, 224, 224)",0.0,1.0,0.263851910829544,0.0912801548838615,0.3189255259931087,0.0103211691603064,0.9984377028747656,0.0015647417167201,0.0012402148466078,4.221103668212891,True,True,True,True,
271,patient00285/study3,patient00285/study3/view1_frontal.dcm,/home/jovyan/Desktop/MEDAGENT-X/data/raw/chexpert_plus/dicom_train/patient00285/study3/view1_frontal.dcm,/home/jovyan/Desktop/MEDAGENT-X/outputs/chexpert_plus/convnext_features/patient00285_study3_view1_frontal.npz,ok,,data/raw/chexpert_plus/dicom_train/patient00285/study3/view1_frontal.dcm,/home/jovyan/Desktop/MEDAGENT-X/outputs/chexpert_plus/raddino_features/patient00285__study3__view1_frontal.npz,success,,microsoft/rad-dino,/home/jovyan/Desktop/MEDAGENT-X/data/raw/chexpert_plus/dicom_train/patient00285/study3/view1_frontal.dcm,data/raw/chexpert_plus/dicom_train/patient00285/study3/view1_frontal.dcm,ok,,,,2320,2828,MONOCHROME1,AP,12,16,0,,"(2320, 2828)","(3, 224, 224)",0.0,1.0,0.2504302263259887,0.1034541949629783,0.3899877946823835,0.0090034874156117,0.9987829628793148,0.0012185201048851,0.0013356277130176,4.530959606170654,True,True,True,True,
272,patient00285/study4,patient00285/study4/view1_frontal.dcm,/home/jovyan/Desktop/MEDAGENT-X/data/raw/chexpert_plus/dicom_train/patient00285/study4/view1_frontal.dcm,/home/jovyan/Desktop/MEDAGENT-X/outputs/chexpert_plus/convnext_features/patient00285_study4_view1_frontal.npz,ok,,data/raw/chexpert_plus/dicom_train/patient00285/study4/view1_frontal.dcm,/home/jovyan/Desktop/MEDAGENT-X/outputs/chexpert_plus/raddino_features/patient00285__study4__view1_frontal.npz,success,,microsoft/rad-dino,/home/jovyan/Desktop/MEDAGENT-X/data/raw/chexpert_plus/dicom_train/patient00285/study4/view1_frontal.dcm,data/raw/chexpert_plus/dicom_train/patient00285/study4/view1_frontal.dcm,ok,,,,2320,2828,MONOCHROME1,AP,12,16,0,,"(2320, 2828)","(3, 224, 224)",0.0,1.0,0.3099410533905029,0.1064561009407043,0.3098901063203811,0.0103336786851286,0.9983881457379794,0.0016144565306603,0.0014426242501097,4.617644309997559,True,True,True,True,
273,patient00286/study5,patient00286/study5/view1_frontal.dcm,/home/jovyan/Desktop/MEDAGENT-X/data/raw/chexpert_plus/dicom_train/patient00286/study5/view1_frontal.dcm,/home/jovyan/Desktop/MEDAGENT-X/outputs/chexpert_plus/convnext_features/patient00286_study5_view1_frontal.npz,ok,,data/raw/chexpert_plus/dicom_train/patient00286/study5/view1_frontal.dcm,/home/jovyan/Desktop/MEDAGENT-X/outputs/chexpert_plus/raddino_features/patient00286__study5__view1_frontal.npz,success,,microsoft/rad-dino,/home/jovyan/Desktop/MEDAGENT-X/data/raw/chexpert_plus/dicom_train/patient00286/study5/view1_frontal.dcm,data/raw/chexpert_plus/dicom_train/patient00286/study5/view1_frontal.dcm,ok,,,,2320,2828,MONOCHROME1,AP,12,16,0,,"(2320, 2828)","(3, 224, 224)",0.0,1.0,0.1551080644130706,0.0908063724637031,0.2832722952589392,0.0094143161550164,0.9986767701762794,0.001324983080849,0.0012200958396332,4.268763542175293,True,True,True,True,
274,patient00286/study7,patient00286/study7/view1_frontal.dcm,/home/jovyan/Desktop/MEDAGENT-X/data/raw/chexpert_plus/dicom_train/patient00286/study7/view1_frontal.dcm,/home/jovyan/Desktop/MEDAGENT-X/outputs/chexpert_plus/convnext_features/patient00286_study7_view1_frontal.npz,ok,,data/raw/chexpert_plus/dicom_train/patient00286/study7/view1_frontal.dcm,/home/jovyan/Desktop/MEDAGENT-X/outputs/chexpert_plus/raddino_features/patient00286__study7__view1_frontal.npz,success,,microsoft/rad-dino,/home/jovyan/Desktop/MEDAGENT-X/data/raw/chexpert_plus/dicom_train/patient00286/study7/view1_frontal.dcm,data/raw/chexpert_plus/dicom_train/patient00286/study7/view1_frontal.dcm,ok,,,,2320,2828,MONOCHROME1,AP,12,16,0,,"(2320, 2828)","(3, 224, 224)",0.0,1.0,0.2773492038249969,0.0847784429788589,0.2456654459238052,0.0089364517480134,0.9988310560909716,0.0011703119380399,0.001110660635029,4.271850109100342,True,True,True,True,
275,patient00286/study4,patient00286/study4/view1_frontal.dcm,/home/jovyan/Desktop/MEDAGENT-X/data/raw/chexpert_plus/dicom_train/patient00286/study4/view1_frontal.dcm,/home/jovyan/Desktop/MEDAGENT-X/outputs/chexpert_plus/convnext_features/patient00286_study4_view1_frontal.npz,ok,,data/raw/chexpert_plus/dicom_train/patient00286/study4/view1_frontal.dcm,/home/jovyan/Desktop/MEDAGENT-X/outputs/chexpert_plus/raddino_features/patient00286__study4__view1_frontal.npz,success,,microsoft/rad-dino,/home/jovyan/Desktop/MEDAGENT-X/data/raw/chexpert_plus/dicom_train/patient00286/study4/view1_frontal.dcm,data/raw/chexpert_plus/dicom_train/patient00286/study4/view1_frontal.dcm,ok,,,,2320,2828,MONOCHROME1,AP,12,16,0,,"(2320, 2828)","(3, 224, 224)",0.0,1.0,0.2175153493881225,0.0869760289788246,0.3267399352043867,0.009636309929192,0.9985745777595162,0.0014274569693952,0.0011489172316246,4.229097843170166,True,True,True,True,
276,patient00286/study6,patient00286/study6/view1_frontal.dcm,/home/jovyan/Desktop/MEDAGENT-X/data/raw/chexpert_plus/dicom_train/patient00286/study6/view1_frontal.dcm,/home/jovyan/Desktop/MEDAGENT-X/outputs/chexpert_plus/convnext_features/patient00286_study6_view1_frontal.npz,ok,,data/raw/chexpert_plus/dicom_train/patient00286/study6/view1_frontal.dcm,/home/jovyan/Desktop/MEDAGENT-X/outputs/chexpert_plus/raddino_features/patient00286__study6__view1_frontal.npz,success,,microsoft/rad-dino,/home/jovyan/Desktop/MEDAGENT-X/data/raw/chexpert_plus/dicom_train/patient00286/study6/view1_frontal.dcm,data/raw/chexpert_plus/dicom_train/patient00286/study6/view1_frontal.dcm,ok,,,,2320,2828,MONOCHROME1,AP,12,16,0,,"(2320, 2828)","(3, 224, 224)",0.0,1.0,0.2413015365600586,0.100533440709114,0.316483523696661,0.0097104720771312,0.9986081580655418,0.0013937818584963,0.0012664305223625,4.351441383361816,True,True,True,True,
277,patient00286/study1,patient00286/study1/view1_frontal.dcm,/home/jovyan/Desktop/MEDAGENT-X/data/raw/chexpert_plus/dicom_train/patient00286/study1/view1_frontal.dcm,/home/jovyan/Desktop/MEDAGENT-X/outputs/chexpert_plus/convnext_features/patient00286_study1_view1_frontal.npz,ok,,data/raw/chexpert_plus/dicom_train/patient00286/study1/view1_frontal.dcm,/home/jovyan/Desktop/MEDAGENT-X/outputs/chexpert_plus/raddino_features/patient00286__study1__view1_frontal.npz,success,,microsoft/rad-dino,/home/jovyan/Desktop/MEDAGENT-X/data/raw/chexpert_plus/dicom_train/patient00286/study1/view1_frontal.dcm,data/raw/chexpert_plus/dicom_train/patient00286/study1/view1_frontal.dcm,ok,,,,2048,2494,MONOCHROME1,AP,12,16,0,,"(2048, 2494)","(3, 224, 224)",0.0,1.0,0.2651333510875702,0.0894591957330703,0.3267399296164512,0.0098853018134832,0.9983247210758248,0.0016780901933088,0.0011073451283079,4.249579429626465,True,True,True,True,
278,patient00286/study2,patient00286/study2/view1_frontal.dcm,/home/jovyan/Desktop/MEDAGENT-X/data/raw/chexpert_plus/dicom_train/patient00286/study2/view1_frontal.dcm,/home/jovyan/Desktop/MEDAGENT-X/outputs/chexpert_plus/convnext_features/patient00286_study2_view1_frontal.npz,ok,,data/raw/chexpert_plus/dicom_train/patient00286/study2/view1_frontal.dcm,/home/jovyan/Desktop/MEDAGENT-X/outputs/chexpert_plus/raddino_features/patient00286__study2__view1_frontal.npz,success,,microsoft/rad-dino,/home/jovyan/Desktop/MEDAGENT-X/data/raw/chexpert_plus/dicom_train/patient00286/study2/view1_frontal.dcm,data/raw/chexpert_plus/dicom_train/patient00286/study2/view1_frontal.dcm,ok,,,,2320,2828,MONOCHROME1,AP,12,16,0,,"(2320, 2828)","(3, 224, 224)",0.0,1.0,0.2917935848236084,0.0921103805303573,0.3509157560765743,0.0097286626696586,0.9984940206782482,0.0015082507161423,0.0012085121689508,4.176249980926514,True,True,True,True,
279,patient00286/study3,patient00286/study3/view1_frontal.dcm,/home/jovyan/Desktop/MEDAGENT-X/data/raw/chexpert_plus/dicom_train/patient00286/study3/view1_frontal.dcm,/home/jovyan/Desktop/MEDAGENT-X/outputs/chexpert_plus/convnext_features/patient00286_study3_view1_frontal.npz,ok,,data/raw/chexpert_plus/dicom_train/patient00286/study3/view1_frontal.dcm,/home/jovyan/Desktop/MEDAGENT-X/outputs/chexpert_plus/raddino_features/patient00286__study3__view1_frontal.npz,success,,microsoft/rad-dino,/home/jovyan/Desktop/MEDAGENT-X/data/raw/chexpert_plus/dicom_train/patient00286/study3/view1_frontal.dcm,data/raw/chexpert_plus/dicom_train/patient00286/study3/view1_frontal.dcm,ok,,,,2320,2828,MONOCHROME1,AP,12,16,0,,"(2320, 2828)","(3, 224, 224)",0.0,1.0,0.2872236371040344,0.1021981462836265,0.3081807121634483,0.0106523167341947,0.9982929973222698,0.0017099215183407,0.0012162854216456,4.489914417266846,True,True,True,True,
280,patient00286/study8,patient00286/study8/view1_frontal.dcm,/home/jovyan/Desktop/MEDAGENT-X/data/raw/chexpert_plus/dicom_train/patient00286/study8/view1_frontal.dcm,/home/jovyan/Desktop/MEDAGENT-X/outputs/chexpert_plus/convnext_features/patient00286_study8_view1_frontal.npz,ok,,data/raw/chexpert_plus/dicom_train/patient00286/study8/view1_frontal.dcm,/home/jovyan/Desktop/MEDAGENT-X/outputs/chexpert_plus/raddino_features/patient00286__study8__view1_frontal.npz,success,,microsoft/rad-dino,/home/jovyan/Desktop/MEDAGENT-X/data/raw/chexpert_plus/dicom_train/patient00286/study8/view1_frontal.dcm,data/raw/chexpert_plus/dicom_train/patient00286/study8/view1_frontal.dcm,ok,,,,2320,2828,MONOCHROME1,AP,12,16,0,,"(2320, 2828)","(3, 224, 224)",0.0,1.0,0.309214174747467,0.1189153939485549,0.3731379732489586,0.0101957004517316,0.9984378014028004,0.0015646428801119,0.0011217870555528,4.572635650634766,True,True,True,True,
281,patient00286/study9,patient00286/study9/view1_frontal.dcm,/home/jovyan/Desktop/MEDAGENT-X/data/raw/chexpert_plus/dicom_train/patient00286/study9/view1_frontal.dcm,/home/jovyan/Desktop/MEDAGENT-X/outputs/chexpert_plus/convnext_features/patient00286_study9_view1_frontal.npz,ok,,data/raw/chexpert_plus/dicom_train/patient00286/study9/view1_frontal.dcm,/home/jovyan/Desktop/MEDAGENT-X/outputs/chexpert_plus/raddino_features/patient00286__study9__view1_frontal.npz,success,,microsoft/rad-dino,/home/jovyan/Desktop/MEDAGENT-X/data/raw/chexpert_plus/dicom_train/patient00286/study9/view1_frontal.dcm,data/raw/chexpert_plus/dicom_train/patient00286/study9/view1_frontal.dcm,ok,,,,2320,2828,MONOCHROME1,AP,12,16,0,,"(2320, 2828)","(3, 224, 224)",0.0,1.0,0.2161199301481247,0.0990538746118545,0.3235653331503272,0.0099164796993136,0.9986226849203336,0.0013792146928608,0.0011998244159391,4.246535778045654,True,True,True,True,
282,patient00287/study5,patient00287/study5/view1_frontal.dcm,/home/jovyan/Desktop/MEDAGENT-X/data/raw/chexpert_plus/dicom_train/patient00287/study5/view1_frontal.dcm,/home/jovyan/Desktop/MEDAGENT-X/outputs/chexpert_plus/convnext_features/patient00287_study5_view1_frontal.npz,ok,,data/raw/chexpert_plus/dicom_train/patient00287/study5/view1_frontal.dcm,/home/jovyan/Desktop/MEDAGENT-X/outputs/chexpert_plus/raddino_features/patient00287__study5__view1_frontal.npz,success,,microsoft/rad-dino,/home/jovyan/Desktop/MEDAGENT-X/data/raw/chexpert_plus/dicom_train/patient00287/study5/view1_frontal.dcm,data/raw/chexpert_plus/dicom_train/patient00287/study5/view1_frontal.dcm,ok,,,,2320,2828,MONOCHROME1,AP,12,16,0,,"(2320, 2828)","(3, 224, 224)",0.0,1.0,0.2663575410842895,0.0977768823504448,0.3301587328314781,0.0104878200218081,0.9983310870925906,0.0016717028338462,0.001162939569819,4.427579402923584,True,True,True,True,
283,patient00287/study2,patient00287/study2/view1_frontal.dcm,/home/jovyan/Desktop/MEDAGENT-X/data/raw/chexpert_plus/dicom_train/patient00287/study2/view1_frontal.dcm,/home/jovyan/Desktop/MEDAGENT-X/outputs/chexpert_plus/convnext_features/patient00287_study2_view1_frontal.npz,ok,,data/raw/chexpert_plus/dicom_train/patient00287/study2/view1_frontal.dcm,/home/jovyan/Desktop/MEDAGENT-X/outputs/chexpert_plus/raddino_features/patient00287__study2__view1_frontal.npz,success,,microsoft/rad-dino,/home/jovyan/Desktop/MEDAGENT-X/data/raw/chexpert_plus/dicom_train/patient00287/study2/view1_frontal.dcm,data/raw/chexpert_plus/dicom_train/patient00287/study2/view1_frontal.dcm,ok,,,,2320,2828,MONOCHROME1,AP,12,16,0,,"(2320, 2828)","(3, 224, 224)",0.0,1.0,0.2911171019077301,0.1078513786196708,0.3897435925900936,0.010889203287661,0.998171820794075,0.0018315275665372,0.0010358240257523,4.523798942565918,True,True,True,True,
284,patient00287/study3,patient00287/study3/view1_frontal.dcm,/home/jovyan/Desktop/MEDAGENT-X/data/raw/chexpert_plus/dicom_train/patient00287/study3/view1_frontal.dcm,/home/jovyan/Desktop/MEDAGENT-X/outputs/chexpert_plus/convnext_features/patient00287_study3_view1_frontal.npz,ok,,data/raw/chexpert_plus/dicom_train/patient00287/study3/view1_frontal.dcm,/home/jovyan/Desktop/MEDAGENT-X/outputs/chexpert_plus/raddino_features/patient00287__study3__view1_frontal.npz,success,,microsoft/rad-dino,/home/jovyan/Desktop/MEDAGENT-X/data/raw/chexpert_plus/dicom_train/patient00287/study3/view1_frontal.dcm,data/raw/chexpert_plus/dicom_train/patient00287/study3/view1_frontal.dcm,ok,,,,2320,2828,MONOCHROME1,AP,12,16,0,,"(2320, 2828)","(3, 224, 224)",0.0,1.0,0.2507856488227844,0.0940126404166221,0.3023199066519737,0.0101141110062599,0.9984179186304544,0.0015845883172005,0.0010047310149734,4.442219257354736,True,True,True,True,
285,patient00287/study4,patient00287/study4/view1_frontal.dcm,/home/jovyan/Desktop/MEDAGENT-X/data/raw/chexpert_plus/dicom_train/patient00287/study4/view1_frontal.dcm,/home/jovyan/Desktop/MEDAGENT-X/outputs/chexpert_plus/convnext_features/patient00287_study4_view1_frontal.npz,ok,,data/raw/chexpert_plus/dicom_train/patient00287/study4/view1_frontal.dcm,/home/jovyan/Desktop/MEDAGENT-X/outputs/chexpert_plus/raddino_features/patient00287__study4__view1_frontal.npz,success,,microsoft/rad-dino,/home/jovyan/Desktop/MEDAGENT-X/data/raw/chexpert_plus/dicom_train/patient00287/study4/view1_frontal.dcm,data/raw/chexpert_plus/dicom_train/patient00287/study4/view1_frontal.dcm,ok,,,,2320,2828,MONOCHROME1,AP,12,16,0,,"(2320, 2828)","(3, 224, 224)",0.0,1.0,0.2972946465015411,0.0848474875092506,0.2769230827689171,0.0088872257620096,0.9987187395536852,0.001282904180698,0.0011220918889918,4.125569343566895,True,True,True,True,
286,patient00287/study1,patient00287/study1/view1_frontal.dcm,/home/jovyan/Desktop/MEDAGENT-X/data/raw/chexpert_plus/dicom_train/patient00287/study1/view1_frontal.dcm,/home/jovyan/Desktop/MEDAGENT-X/outputs/chexpert_plus/convnext_features/patient00287_study1_view1_frontal.npz,ok,,data/raw/chexpert_plus/dicom_train/patient00287/study1/view1_frontal.dcm,/home/jovyan/Desktop/MEDAGENT-X/outputs/chexpert_plus/raddino_features/patient00287__study1__view1_frontal.npz,success,,microsoft/rad-dino,/home/jovyan/Desktop/MEDAGENT-X/data/raw/chexpert_plus/dicom_train/patient00287/study1/view1_frontal.dcm,data/raw/chexpert_plus/dicom_train/patient00287/study1/view1_frontal.dcm,ok,,,,2320,2828,MONOCHROME1,AP,12,16,0,,"(2320, 2828)","(3, 224, 224)",0.0,1.0,0.189986303448677,0.088167555630207,0.2859584968537092,0.0088701471686363,0.9988074607402276,0.0011939631076529,0.0008756340535531,4.166209220886231,True,True,True,True,
287,patient00287/study6,patient00287/study6/view1_frontal.dcm,/home/jovyan/Desktop/MEDAGENT-X/data/raw/chexpert_plus/dicom_train/patient00287/study6/view1_frontal.dcm,/home/jovyan/Desktop/MEDAGENT-X/outputs/chexpert_plus/convnext_features/patient00287_study6_view1_frontal.npz,ok,,data/raw/chexpert_plus/dicom_train/patient00287/study6/view1_frontal.dcm,/home/jovyan/Desktop/MEDAGENT-X/outputs/chexpert_plus/raddino_features/patient00287__study6__view1_frontal.npz,success,,microsoft/rad-dino,/home/jovyan/Desktop/MEDAGENT-X/data/raw/chexpert_plus/dicom_train/patient00287/study6/view1_frontal.dcm,data/raw/chexpert_plus/dicom_train/patient00287/study6/view1_frontal.dcm,ok,,,,2320,2828,MONOCHROME1,AP,12,16,0,,"(2320, 2828)","(3, 224, 224)",0.0,1.0,0.2852733731269836,0.1237862110137939,0.4200244229286909,0.0095180720090866,0.9985200007517856,0.0014821928925812,0.0014426242501097,4.674635887145996,True,True,True,True,
288,patient00290/study2,patient00290/study2/view1_frontal.dcm,/home/jovyan/Desktop/MEDAGENT-X/data/raw/chexpert_plus/dicom_train/patient00290/study2/view1_frontal.dcm,/home/jovyan/Desktop/MEDAGENT-X/outputs/chexpert_plus/convnext_features/patient00290_study2_view1_frontal.npz,ok,,data/raw/chexpert_plus/dicom_train/patient00290/study2/view1_frontal.dcm,/home/jovyan/Desktop/MEDAGENT-X/outputs/chexpert_plus/raddino_features/patient00290__study2__view1_frontal.npz,success,,microsoft/rad-dino,/home/jovyan/Desktop/MEDAGENT-X/data/raw/chexpert_plus/dicom_train/patient00290/study2/view1_frontal.dcm,data/raw/chexpert_plus/dicom_train/patient00290/study2/view1_frontal.dcm,ok,,,,2048,2494,MONOCHROME1,PA,12,16,0,,"(2048, 2494)","(3, 224, 224)",0.0,1.0,0.2388491928577423,0.0928164944052696,0.3262515347450971,0.0130425412207841,0.997458834319508,0.0025476396549493,0.0019016342346631,4.17688512802124,True,True,True,True,
289,patient00290/study1,patient00290/study1/view1_frontal.dcm,/home/jovyan/Desktop/MEDAGENT-X/data/raw/chexpert_plus/dicom_train/patient00290/study1/view1_frontal.dcm,/home/jovyan/Desktop/MEDAGENT-X/outputs/chexpert_plus/convnext_features/patient00290_study1_view1_frontal.npz,ok,,data/raw/chexpert_plus/dicom_train/patient00290/study1/view1_frontal.dcm,/home/jovyan/Desktop/MEDAGENT-X/outputs/chexpert_plus/raddino_features/patient00290__study1__view1_frontal.npz,success,,microsoft/rad-dino,/home/jovyan/Desktop/MEDAGENT-X/data/raw/chexpert_plus/dicom_train/patient00290/study1/view1_frontal.dcm,data/raw/chexpert_plus/dicom_train/patient00290/study1/view1_frontal.dcm,ok,,,,2320,2828,MONOCHROME1,AP,12,16,0,,"(2320, 2828)","(3, 224, 224)",0.0,1.0,0.3511410355567932,0.0834454298019409,0.2268620282411575,0.0100952461361885,0.998337018199694,0.001665751915425,0.0014296688289518,4.1410088539123535,True,True,True,True,
290,patient00291/study2,patient00291/study2/view1_frontal.dcm,/home/jovyan/Desktop/MEDAGENT-X/data/raw/chexpert_plus/dicom_train/patient00291/study2/view1_frontal.dcm,/home/jovyan/Desktop/MEDAGENT-X/outputs/chexpert_plus/convnext_features/patient00291_study2_view1_frontal.npz,ok,,data/raw/chexpert_plus/dicom_train/patient00291/study2/view1_frontal.dcm,/home/jovyan/Desktop/MEDAGENT-X/outputs/chexpert_plus/raddino_features/patient00291__study2__view1_frontal.npz,success,,microsoft/rad-dino,/home/jovyan/Desktop/MEDAGENT-X/data/raw/chexpert_plus/dicom_train/patient00291/study2/view1_frontal.dcm,data/raw/chexpert_plus/dicom_train/patient00291/study2/view1_frontal.dcm,ok,,,,2320,2828,MONOCHROME1,AP,12,16,0,,"(2320, 2828)","(3, 224, 224)",0.0,1.0,0.3770957589149475,0.1162502169609069,0.3379731625318527,0.0093405432999134,0.998552805928124,0.0014492914779111,0.0012691740233136,4.709639072418213,True,True,True,True,
290,patient00291/study2,patient00291/study2/view2_lateral.dcm,/home/jovyan/Desktop/MEDAGENT-X/data/raw/chexpert_plus/dicom_train/patient00291/study2/view2_lateral.dcm,/home/jovyan/Desktop/MEDAGENT-X/outputs/chexpert_plus/convnext_features/patient00291_study2_view2_lateral.npz,ok,,data/raw/chexpert_plus/dicom_train/patient00291/study2/view2_lateral.dcm,/home/jovyan/Desktop/MEDAGENT-X/outputs/chexpert_plus/raddino_features/patient00291__study2__view2_lateral.npz,success,,microsoft/rad-dino,/home/jovyan/Desktop/MEDAGENT-X/data/raw/chexpert_plus/dicom_train/patient00291/study2/view2_lateral.dcm,data/raw/chexpert_plus/dicom_train/patient00291/study2/view2_lateral.dcm,ok,,,,2828,2320,MONOCHROME1,PA,12,16,0,,"(2828, 2320)","(3, 224, 224)",0.0,1.0,0.2516924440860748,0.1051392778754234,0.349206356331706,0.0046201683580875,0.9996369232280644,0.0003632086445577,0.0001536360532604,4.233268737792969,True,True,True,True,
291,patient00291/study3,patient00291/study3/view1_frontal.dcm,/home/jovyan/Desktop/MEDAGENT-X/data/raw/chexpert_plus/dicom_train/patient00291/study3/view1_frontal.dcm,/home/jovyan/Desktop/MEDAGENT-X/outputs/chexpert_plus/convnext_features/patient00291_study3_view1_frontal.npz,ok,,data/raw/chexpert_plus/dicom_train/patient00291/study3/view1_frontal.dcm,/home/jovyan/Desktop/MEDAGENT-X/outputs/chexpert_plus/raddino_features/patient00291__study3__view1_frontal.npz,success,,microsoft/rad-dino,/home/jovyan/Desktop/MEDAGENT-X/data/raw/chexpert_plus/dicom_train/patient00291/study3/view1_frontal.dcm,data/raw/chexpert_plus/dicom_train/patient00291/study3/view1_frontal.dcm,ok,,,,2320,2828,MONOCHROME1,AP,12,16,0,,"(2320, 2828)","(3, 224, 224)",0.0,1.0,0.3456605076789856,0.1250310838222503,0.4446886703372001,0.0133597571402788,0.9972973166955258,0.0027100075967609,0.0019286811686094,4.758731365203857,True,True,True,True,
292,patient00291/study4,patient00291/study4/view1_frontal.dcm,/home/jovyan/Desktop/MEDAGENT-X/data/raw/chexpert_plus/dicom_train/patient00291/study4/view1_frontal.dcm,/home/jovyan/Desktop/MEDAGENT-X/outputs/chexpert_plus/convnext_features/patient00291_study4_view1_frontal.npz,ok,,data/raw/chexpert_plus/dicom_train/patient00291/study4/view1_frontal.dcm,/home/jovyan/Desktop/MEDAGENT-X/outputs/chexpert_plus/raddino_features/patient00291__study4__view1_frontal.npz,success,,microsoft/rad-dino,/home/jovyan/Desktop/MEDAGENT-X/data/raw/chexpert_plus/dicom_train/patient00291/study4/view1_frontal.dcm,data/raw/chexpert_plus/dicom_train/patient00291/study4/view1_frontal.dcm,ok,,,,2022,2022,MONOCHROME2,PA,14,16,0,,"(2022, 2022)","(3, 224, 224)",0.0,1.0,0.2874957621097564,0.1112086027860641,0.4293474853038788,0.0060753468424081,0.9995555343273866,0.0004446633101906,0.0036050037128676,4.2848734855651855,True,True,True,True,
292,patient00291/study4,patient00291/study4/view2_lateral.dcm,/home/jovyan/Desktop/MEDAGENT-X/data/raw/chexpert_plus/dicom_train/patient00291/study4/view2_lateral.dcm,/home/jovyan/Desktop/MEDAGENT-X/outputs/chexpert_plus/convnext_features/patient00291_study4_view2_lateral.npz,ok,,data/raw/chexpert_plus/dicom_train/patient00291/study4/view2_lateral.dcm,/home/jovyan/Desktop/MEDAGENT-X/outputs/chexpert_plus/raddino_features/patient00291__study4__view2_lateral.npz,success,,microsoft/rad-dino,/home/jovyan/Desktop/MEDAGENT-X/data/raw/chexpert_plus/dicom_train/patient00291/study4/view2_lateral.dcm,data/raw/chexpert_plus/dicom_train/patient00291/study4/view2_lateral.dcm,ok,,,,2022,2022,MONOCHROME2,LL,14,16,0,,"(2022, 2022)","(3, 224, 224)",0.0,1.0,0.2187835127115249,0.1449244916439056,0.3844839036464691,0.0065229157917201,0.9993664121690702,0.0006339895189739,0.0009531650362334,3.8076601028442383,True,True,True,True,
293,patient00291/study1,patient00291/study1/view1_frontal.dcm,/home/jovyan/Desktop/MEDAGENT-X/data/raw/chexpert_plus/dicom_train/patient00291/study1/view1_frontal.dcm,/home/jovyan/Desktop/MEDAGENT-X/outputs/chexpert_plus/convnext_features/patient00291_study1_view1_frontal.npz,ok,,data/raw/chexpert_plus/dicom_train/patient00291/study1/view1_frontal.dcm,/home/jovyan/Desktop/MEDAGENT-X/outputs/chexpert_plus/raddino_features/patient00291__study1__view1_frontal.npz,success,,microsoft/rad-dino,/home/jovyan/Desktop/MEDAGENT-X/data/raw/chexpert_plus/dicom_train/patient00291/study1/view1_frontal.dcm,data/raw/chexpert_plus/dicom_train/patient00291/study1/view1_frontal.dcm,ok,,,,1751,2022,MONOCHROME2,PA,14,16,0,,"(1751, 2022)","(3, 224, 224)",0.0,1.0,0.284753680229187,0.0495382510125637,0.1361777484416961,0.0035008629783988,0.9998075804883666,0.0001924565440276,0.0020016822378169,3.5306050777435303,True,True,True,True,
293,patient00291/study1,patient00291/study1/view2_lateral.dcm,/home/jovyan/Desktop/MEDAGENT-X/data/raw/chexpert_plus/dicom_train/patient00291/study1/view2_lateral.dcm,/home/jovyan/Desktop/MEDAGENT-X/outputs/chexpert_plus/convnext_features/patient00291_study1_view2_lateral.npz,ok,,data/raw/chexpert_plus/dicom_train/patient00291/study1/view2_lateral.dcm,/home/jovyan/Desktop/MEDAGENT-X/outputs/chexpert_plus/raddino_features/patient00291__study1__view2_lateral.npz,success,,microsoft/rad-dino,/home/jovyan/Desktop/MEDAGENT-X/data/raw/chexpert_plus/dicom_train/patient00291/study1/view2_lateral.dcm,data/raw/chexpert_plus/dicom_train/patient00291/study1/view2_lateral.dcm,ok,,,,2021,1751,MONOCHROME2,LL,14,16,0,,"(2021, 1751)","(3, 224, 224)",0.0,1.0,0.2654962837696075,0.1175619140267372,0.3689800500869751,0.0077725024893879,0.9991531031227266,0.0008476147195324,0.0020481687003764,3.699206352233887,True,True,True,True,
294,patient00291/study5,patient00291/study5/view1_frontal.dcm,/home/jovyan/Desktop/MEDAGENT-X/data/raw/chexpert_plus/dicom_train/patient00291/study5/view1_frontal.dcm,/home/jovyan/Desktop/MEDAGENT-X/outputs/chexpert_plus/convnext_features/patient00291_study5_view1_frontal.npz,ok,,data/raw/chexpert_plus/dicom_train/patient00291/study5/view1_frontal.dcm,/home/jovyan/Desktop/MEDAGENT-X/outputs/chexpert_plus/raddino_features/patient00291__study5__view1_frontal.npz,success,,microsoft/rad-dino,/home/jovyan/Desktop/MEDAGENT-X/data/raw/chexpert_plus/dicom_train/patient00291/study5/view1_frontal.dcm,data/raw/chexpert_plus/dicom_train/patient00291/study5/view1_frontal.dcm,ok,,,,2320,2828,MONOCHROME1,AP,12,16,0,,"(2320, 2828)","(3, 224, 224)",0.0,1.0,0.3339735865592956,0.1156315058469772,0.3435897678136825,0.0091745564714074,0.9986394440753188,0.0013624095590785,0.0010792627908111,4.7587971687316895,True,True,True,True,
295,patient00291/study6,patient00291/study6/view1_frontal.dcm,/home/jovyan/Desktop/MEDAGENT-X/data/raw/chexpert_plus/dicom_train/patient00291/study6/view1_frontal.dcm,/home/jovyan/Desktop/MEDAGENT-X/outputs/chexpert_plus/convnext_features/patient00291_study6_view1_frontal.npz,ok,,data/raw/chexpert_plus/dicom_train/patient00291/study6/view1_frontal.dcm,/home/jovyan/Desktop/MEDAGENT-X/outputs/chexpert_plus/raddino_features/patient00291__study6__view1_frontal.npz,success,,microsoft/rad-dino,/home/jovyan/Desktop/MEDAGENT-X/data/raw/chexpert_plus/dicom_train/patient00291/study6/view1_frontal.dcm,data/raw/chexpert_plus/dicom_train/patient00291/study6/view1_frontal.dcm,ok,,,,2320,2828,MONOCHROME1,AP,12,16,0,,"(2320, 2828)","(3, 224, 224)",0.0,1.0,0.3812686204910278,0.0938118770718574,0.2630036920309067,0.0095500340685248,0.9985443233232706,0.0014577987603843,0.0011890028288543,4.414340019226074,True,True,True,True,
296,patient00298/study6,patient00298/study6/view1_frontal.dcm,/home/jovyan/Desktop/MEDAGENT-X/data/raw/chexpert_plus/dicom_train/patient00298/study6/view1_frontal.dcm,/home/jovyan/Desktop/MEDAGENT-X/outputs/chexpert_plus/convnext_features/patient00298_study6_view1_frontal.npz,ok,,data/raw/chexpert_plus/dicom_train/patient00298/study6/view1_frontal.dcm,/home/jovyan/Desktop/MEDAGENT-X/outputs/chexpert_plus/raddino_features/patient00298__study6__view1_frontal.npz,success,,microsoft/rad-dino,/home/jovyan/Desktop/MEDAGENT-X/data/raw/chexpert_plus/dicom_train/patient00298/study6/view1_frontal.dcm,data/raw/chexpert_plus/dicom_train/patient00298/study6/view1_frontal.dcm,ok,,,,2320,2828,MONOCHROME1,AP,12,16,0,,"(2320, 2828)","(3, 224, 224)",0.0,1.0,0.463815689086914,0.1313986033201217,0.4791208952665329,0.0114393811672925,0.997409857591913,0.0025968686677515,0.001383791396381,4.729833126068115,True,True,True,True,
297,patient00298/study5,patient00298/study5/view1_frontal.dcm,/home/jovyan/Desktop/MEDAGENT-X/data/raw/chexpert_plus/dicom_train/patient00298/study5/view1_frontal.dcm,/home/jovyan/Desktop/MEDAGENT-X/outputs/chexpert_plus/convnext_features/patient00298_study5_view1_frontal.npz,ok,,data/raw/chexpert_plus/dicom_train/patient00298/study5/view1_frontal.dcm,/home/jovyan/Desktop/MEDAGENT-X/outputs/chexpert_plus/raddino_features/patient00298__study5__view1_frontal.npz,success,,microsoft/rad-dino,/home/jovyan/Desktop/MEDAGENT-X/data/raw/chexpert_plus/dicom_train/patient00298/study5/view1_frontal.dcm,data/raw/chexpert_plus/dicom_train/patient00298/study5/view1_frontal.dcm,ok,,,,2320,2828,MONOCHROME1,AP,12,16,0,,"(2320, 2828)","(3, 224, 224)",0.0,1.0,0.2617989778518677,0.1045562997460365,0.3587301634252071,0.0101597374305129,0.998377099052375,0.0016255390364676,0.0013209957079451,4.538142204284668,True,True,True,True,
298,patient00298/study2,patient00298/study2/view1_frontal.dcm,/home/jovyan/Desktop/MEDAGENT-X/data/raw/chexpert_plus/dicom_train/patient00298/study2/view1_frontal.dcm,/home/jovyan/Desktop/MEDAGENT-X/outputs/chexpert_plus/convnext_features/patient00298_study2_view1_frontal.npz,ok,,data/raw/chexpert_plus/dicom_train/patient00298/study2/view1_frontal.dcm,/home/jovyan/Desktop/MEDAGENT-X/outputs/chexpert_plus/raddino_features/patient00298__study2__view1_frontal.npz,success,,microsoft/rad-dino,/home/jovyan/Desktop/MEDAGENT-X/data/raw/chexpert_plus/dicom_train/patient00298/study2/view1_frontal.dcm,data/raw/chexpert_plus/dicom_train/patient00298/study2/view1_frontal.dcm,ok,,,,2320,2828,MONOCHROME1,AP,12,16,0,,"(2320, 2828)","(3, 224, 224)",0.0,1.0,0.2903674840927124,0.0998926982283592,0.3321123346686363,0.0110137145966291,0.9982014471572278,0.0018017934635281,0.0025831585621616,4.349933624267578,True,True,True,True,
299,patient00298/study4,patient00298/study4/view1_frontal.dcm,/home/jovyan/Desktop/MEDAGENT-X/data/raw/chexpert_plus/dicom_train/patient00298/study4/view1_frontal.dcm,/home/jovyan/Desktop/MEDAGENT-X/outputs/chexpert_plus/convnext_features/patient00298_study4_view1_frontal.npz,ok,,data/raw/chexpert_plus/dicom_train/patient00298/study4/view1_frontal.dcm,/home/jovyan/Desktop/MEDAGENT-X/outputs/chexpert_plus/raddino_features/patient00298__study4__view1_frontal.npz,success,,microsoft/rad-dino,/home/jovyan/Desktop/MEDAGENT-X/data/raw/chexpert_plus/dicom_train/patient00298/study4/view1_frontal.dcm,data/raw/chexpert_plus/dicom_train/patient00298/study4/view1_frontal.dcm,ok,,,,2320,2828,MONOCHROME1,AP,12,16,0,,"(2320, 2828)","(3, 224, 224)",0.0,1.0,0.2934345602989197,0.1185927242040634,0.4009768050163984,0.0103093981742858,0.9982587779935788,0.0017442591488361,0.0013874493976491,4.477992057800293,True,True,True,True,
300,patient00298/study1,patient00298/study1/view1_frontal.dcm,/home/jovyan/Desktop/MEDAGENT-X/data/raw/chexpert_plus/dicom_train/patient00298/study1/view1_frontal.dcm,/home/jovyan/Desktop/MEDAGENT-X/outputs/chexpert_plus/convnext_features/patient00298_study1_view1_frontal.npz,ok,,data/raw/chexpert_plus/dicom_train/patient00298/study1/view1_frontal.dcm,/home/jovyan/Desktop/MEDAGENT-X/outputs/chexpert_plus/raddino_features/patient00298__study1__view1_frontal.npz,success,,microsoft/rad-dino,/home/jovyan/Desktop/MEDAGENT-X/data/raw/chexpert_plus/dicom_train/patient00298/study1/view1_frontal.dcm,data/raw/chexpert_plus/dicom_train/patient00298/study1/view1_frontal.dcm,ok,,,,2022,2022,MONOCHROME2,PA,14,16,0,,"(2022, 2022)","(3, 224, 224)",0.0,1.0,0.2523957788944244,0.0898137539625167,0.3325919955968857,0.004458472598344,0.9997151662365412,0.0002849149168469,0.0001761043946851,4.236729145050049,True,True,True,True,
300,patient00298/study1,patient00298/study1/view2_lateral.dcm,/home/jovyan/Desktop/MEDAGENT-X/data/raw/chexpert_plus/dicom_train/patient00298/study1/view2_lateral.dcm,/home/jovyan/Desktop/MEDAGENT-X/outputs/chexpert_plus/convnext_features/patient00298_study1_view2_lateral.npz,ok,,data/raw/chexpert_plus/dicom_train/patient00298/study1/view2_lateral.dcm,/home/jovyan/Desktop/MEDAGENT-X/outputs/chexpert_plus/raddino_features/patient00298__study1__view2_lateral.npz,success,,microsoft/rad-dino,/home/jovyan/Desktop/MEDAGENT-X/data/raw/chexpert_plus/dicom_train/patient00298/study1/view2_lateral.dcm,data/raw/chexpert_plus/dicom_train/patient00298/study1/view2_lateral.dcm,ok,,,,2022,2022,MONOCHROME2,LL,14,16,0,,"(2022, 2022)","(3, 224, 224)",0.0,1.0,0.1977172493934631,0.1301542520523071,0.3434047400951385,0.0044503854587674,0.9997501390355118,0.0002499234105926,0.0001761043946851,4.154519081115723,True,True,True,True,
301,patient00298/study3,patient00298/study3/view1_frontal.dcm,/home/jovyan/Desktop/MEDAGENT-X/data/raw/chexpert_plus/dicom_train/patient00298/study3/view1_frontal.dcm,/home/jovyan/Desktop/MEDAGENT-X/outputs/chexpert_plus/convnext_features/patient00298_study3_view1_frontal.npz,ok,,data/raw/chexpert_plus/dicom_train/patient00298/study3/view1_frontal.dcm,/home/jovyan/Desktop/MEDAGENT-X/outputs/chexpert_plus/raddino_features/patient00298__study3__view1_frontal.npz,success,,microsoft/rad-dino,/home/jovyan/Desktop/MEDAGENT-X/data/raw/chexpert_plus/dicom_train/patient00298/study3/view1_frontal.dcm,data/raw/chexpert_plus/dicom_train/patient00298/study3/view1_frontal.dcm,ok,,,,2048,2494,MONOCHROME1,AP,12,16,0,,"(2048, 2494)","(3, 224, 224)",0.0,1.0,0.1941419690847396,0.0836731120944023,0.2732600849121809,0.0092311296612024,0.9986716092273662,0.0013301577419042,0.0011455226919607,4.142879009246826,True,True,True,True,
302,patient00300/study1,patient00300/study1/view1_frontal.dcm,/home/jovyan/Desktop/MEDAGENT-X/data/raw/chexpert_plus/dicom_train/patient00300/study1/view1_frontal.dcm,/home/jovyan/Desktop/MEDAGENT-X/outputs/chexpert_plus/convnext_features/patient00300_study1_view1_frontal.npz,ok,,data/raw/chexpert_plus/dicom_train/patient00300/study1/view1_frontal.dcm,/home/jovyan/Desktop/MEDAGENT-X/outputs/chexpert_plus/raddino_features/patient00300__study1__view1_frontal.npz,success,,microsoft/rad-dino,/home/jovyan/Desktop/MEDAGENT-X/data/raw/chexpert_plus/dicom_train/patient00300/study1/view1_frontal.dcm,data/raw/chexpert_plus/dicom_train/patient00300/study1/view1_frontal.dcm,ok,,,,2014,2014,MONOCHROME2,AP,14,16,0,,"(2014, 2014)","(3, 224, 224)",0.0,1.0,0.2661082148551941,0.0278501100838184,0.0770411789417266,0.0025672651827335,0.999920978031161,7.902821380412206e-05,0.0002687246868741,2.3627049922943115,True,True,True,True,
303,patient00303/study2,patient00303/study2/view1_frontal.dcm,/home/jovyan/Desktop/MEDAGENT-X/data/raw/chexpert_plus/dicom_train/patient00303/study2/view1_frontal.dcm,/home/jovyan/Desktop/MEDAGENT-X/outputs/chexpert_plus/convnext_features/patient00303_study2_view1_frontal.npz,ok,,data/raw/chexpert_plus/dicom_train/patient00303/study2/view1_frontal.dcm,/home/jovyan/Desktop/MEDAGENT-X/outputs/chexpert_plus/raddino_features/patient00303__study2__view1_frontal.npz,success,,microsoft/rad-dino,/home/jovyan/Desktop/MEDAGENT-X/data/raw/chexpert_plus/dicom_train/patient00303/study2/view1_frontal.dcm,data/raw/chexpert_plus/dicom_train/patient00303/study2/view1_frontal.dcm,ok,,,,2320,2828,MONOCHROME1,AP,12,16,0,,"(2320, 2828)","(3, 224, 224)",0.0,1.0,0.2824116349220276,0.0935284867882728,0.2695970684289932,0.010071812197566,0.9982964836819116,0.0017064232379198,0.0013851631468565,4.385068893432617,True,True,True,True,
304,patient00303/study1,patient00303/study1/view1_frontal.dcm,/home/jovyan/Desktop/MEDAGENT-X/data/raw/chexpert_plus/dicom_train/patient00303/study1/view1_frontal.dcm,/home/jovyan/Desktop/MEDAGENT-X/outputs/chexpert_plus/convnext_features/patient00303_study1_view1_frontal.npz,ok,,data/raw/chexpert_plus/dicom_train/patient00303/study1/view1_frontal.dcm,/home/jovyan/Desktop/MEDAGENT-X/outputs/chexpert_plus/raddino_features/patient00303__study1__view1_frontal.npz,success,,microsoft/rad-dino,/home/jovyan/Desktop/MEDAGENT-X/data/raw/chexpert_plus/dicom_train/patient00303/study1/view1_frontal.dcm,data/raw/chexpert_plus/dicom_train/patient00303/study1/view1_frontal.dcm,ok,,,,3480,4240,MONOCHROME1,AP,12,16,0,,"(3480, 4240)","(3, 224, 224)",0.0,1.0,0.2489264905452728,0.0758607685565948,0.2170940265059471,0.0085145495831966,0.9988120044211304,0.0011894085910171,0.0008525807850791,4.067061901092529,True,True,True,True,
305,patient00306/study1,patient00306/study1/view1_frontal.dcm,/home/jovyan/Desktop/MEDAGENT-X/data/raw/chexpert_plus/dicom_train/patient00306/study1/view1_frontal.dcm,/home/jovyan/Desktop/MEDAGENT-X/outputs/chexpert_plus/convnext_features/patient00306_study1_view1_frontal.npz,ok,,data/raw/chexpert_plus/dicom_train/patient00306/study1/view1_frontal.dcm,/home/jovyan/Desktop/MEDAGENT-X/outputs/chexpert_plus/raddino_features/patient00306__study1__view1_frontal.npz,success,,microsoft/rad-dino,/home/jovyan/Desktop/MEDAGENT-X/data/raw/chexpert_plus/dicom_train/patient00306/study1/view1_frontal.dcm,data/raw/chexpert_plus/dicom_train/patient00306/study1/view1_frontal.dcm,ok,,,,2320,2828,MONOCHROME1,AP,12,16,0,,"(2320, 2828)","(3, 224, 224)",0.0,1.0,0.2603338658809662,0.0767796635627746,0.2398046404123306,0.0085723623633384,0.9988345241423972,0.0011668357765302,0.0008407306247866,4.177151679992676,True,True,True,True,
306,patient00308/study4,patient00308/study4/view1_frontal.dcm,/home/jovyan/Desktop/MEDAGENT-X/data/raw/chexpert_plus/dicom_train/patient00308/study4/view1_frontal.dcm,/home/jovyan/Desktop/MEDAGENT-X/outputs/chexpert_plus/convnext_features/patient00308_study4_view1_frontal.npz,ok,,data/raw/chexpert_plus/dicom_train/patient00308/study4/view1_frontal.dcm,/home/jovyan/Desktop/MEDAGENT-X/outputs/chexpert_plus/raddino_features/patient00308__study4__view1_frontal.npz,success,,microsoft/rad-dino,/home/jovyan/Desktop/MEDAGENT-X/data/raw/chexpert_plus/dicom_train/patient00308/study4/view1_frontal.dcm,data/raw/chexpert_plus/dicom_train/patient00308/study4/view1_frontal.dcm,ok,,,,2021,2022,MONOCHROME2,PA,14,16,0,,"(2021, 2022)","(3, 224, 224)",0.0,1.0,0.7404428720474243,0.1040354371070861,0.2666666507720947,0.0090968701988458,0.9988482018098672,0.0011531263589859,0.0013001466794503,4.289121627807617,True,True,True,True,
306,patient00308/study4,patient00308/study4/view2_lateral.dcm,/home/jovyan/Desktop/MEDAGENT-X/data/raw/chexpert_plus/dicom_train/patient00308/study4/view2_lateral.dcm,/home/jovyan/Desktop/MEDAGENT-X/outputs/chexpert_plus/convnext_features/patient00308_study4_view2_lateral.npz,ok,,data/raw/chexpert_plus/dicom_train/patient00308/study4/view2_lateral.dcm,/home/jovyan/Desktop/MEDAGENT-X/outputs/chexpert_plus/raddino_features/patient00308__study4__view2_lateral.npz,success,,microsoft/rad-dino,/home/jovyan/Desktop/MEDAGENT-X/data/raw/chexpert_plus/dicom_train/patient00308/study4/view2_lateral.dcm,data/raw/chexpert_plus/dicom_train/patient00308/study4/view2_lateral.dcm,ok,,,,2017,1911,MONOCHROME2,LL,14,16,0,,"(2017, 1911)","(3, 224, 224)",0.0,1.0,0.2539616525173187,0.0926168337464332,0.342061884701252,0.0040969350375235,0.9997595306732356,0.00024052716617,0.0012333677607422,4.004754066467285,True,True,True,True,
307,patient00308/study3,patient00308/study3/view1_frontal.dcm,/home/jovyan/Desktop/MEDAGENT-X/data/raw/chexpert_plus/dicom_train/patient00308/study3/view1_frontal.dcm,/home/jovyan/Desktop/MEDAGENT-X/outputs/chexpert_plus/convnext_features/patient00308_study3_view1_frontal.npz,ok,,data/raw/chexpert_plus/dicom_train/patient00308/study3/view1_frontal.dcm,/home/jovyan/Desktop/MEDAGENT-X/outputs/chexpert_plus/raddino_features/patient00308__study3__view1_frontal.npz,success,,microsoft/rad-dino,/home/jovyan/Desktop/MEDAGENT-X/data/raw/chexpert_plus/dicom_train/patient00308/study3/view1_frontal.dcm,data/raw/chexpert_plus/dicom_train/patient00308/study3/view1_frontal.dcm,ok,,,,2320,2828,MONOCHROME1,AP,12,16,0,,"(2320, 2828)","(3, 224, 224)",0.0,1.0,0.4197465479373932,0.0761531665921211,0.2148962318897247,0.0088453153148293,0.9987017545674348,0.0012999330647289,0.0011569953177583,4.144397258758545,True,True,True,True,
307,patient00308/study3,patient00308/study3/view2_lateral.dcm,/home/jovyan/Desktop/MEDAGENT-X/data/raw/chexpert_plus/dicom_train/patient00308/study3/view2_lateral.dcm,/home/jovyan/Desktop/MEDAGENT-X/outputs/chexpert_plus/convnext_features/patient00308_study3_view2_lateral.npz,ok,,data/raw/chexpert_plus/dicom_train/patient00308/study3/view2_lateral.dcm,/home/jovyan/Desktop/MEDAGENT-X/outputs/chexpert_plus/raddino_features/patient00308__study3__view2_lateral.npz,success,,microsoft/rad-dino,/home/jovyan/Desktop/MEDAGENT-X/data/raw/chexpert_plus/dicom_train/patient00308/study3/view2_lateral.dcm,data/raw/chexpert_plus/dicom_train/patient00308/study3/view2_lateral.dcm,ok,,,,2828,2320,MONOCHROME1,PA,12,16,0,,"(2828, 2320)","(3, 224, 224)",0.0,1.0,0.2588981688022613,0.1069344654679298,0.3516483586281538,0.0064993468113243,0.9993751497162484,0.0006252409657463,0.0003472052870311,4.36290979385376,True,True,True,True,
308,patient00308/study2,patient00308/study2/view1_frontal.dcm,/home/jovyan/Desktop/MEDAGENT-X/data/raw/chexpert_plus/dicom_train/patient00308/study2/view1_frontal.dcm,/home/jovyan/Desktop/MEDAGENT-X/outputs/chexpert_plus/convnext_features/patient00308_study2_view1_frontal.npz,ok,,data/raw/chexpert_plus/dicom_train/patient00308/study2/view1_frontal.dcm,/home/jovyan/Desktop/MEDAGENT-X/outputs/chexpert_plus/raddino_features/patient00308__study2__view1_frontal.npz,success,,microsoft/rad-dino,/home/jovyan/Desktop/MEDAGENT-X/data/raw/chexpert_plus/dicom_train/patient00308/study2/view1_frontal.dcm,data/raw/chexpert_plus/dicom_train/patient00308/study2/view1_frontal.dcm,ok,,,,2320,2828,MONOCHROME1,AP,12,16,0,,"(2320, 2828)","(3, 224, 224)",0.0,1.0,0.3686527907848358,0.078521728515625,0.2178266197443008,0.0104985032230615,0.9982690935009108,0.0017339077312499,0.0015360556991659,4.116063594818115,True,True,True,True,
309,patient00308/study1,patient00308/study1/view1_frontal.dcm,/home/jovyan/Desktop/MEDAGENT-X/data/raw/chexpert_plus/dicom_train/patient00308/study1/view1_frontal.dcm,/home/jovyan/Desktop/MEDAGENT-X/outputs/chexpert_plus/convnext_features/patient00308_study1_view1_frontal.npz,ok,,data/raw/chexpert_plus/dicom_train/patient00308/study1/view1_frontal.dcm,/home/jovyan/Desktop/MEDAGENT-X/outputs/chexpert_plus/raddino_features/patient00308__study1__view1_frontal.npz,success,,microsoft/rad-dino,/home/jovyan/Desktop/MEDAGENT-X/data/raw/chexpert_plus/dicom_train/patient00308/study1/view1_frontal.dcm,data/raw/chexpert_plus/dicom_train/patient00308/study1/view1_frontal.dcm,ok,,,,3480,4240,MONOCHROME1,AP,12,16,0,,"(3480, 4240)","(3, 224, 224)",0.0,1.0,0.3168592751026153,0.0800137147307396,0.2253968268632888,0.0098301861435174,0.9985126229861104,0.0014895925996825,0.0010974436130991,4.128232002258301,True,True,True,True,
310,patient00313/study1,patient00313/study1/view1_frontal.dcm,/home/jovyan/Desktop/MEDAGENT-X/data/raw/chexpert_plus/dicom_train/patient00313/study1/view1_frontal.dcm,/home/jovyan/Desktop/MEDAGENT-X/outputs/chexpert_plus/convnext_features/patient00313_study1_view1_frontal.npz,ok,,data/raw/chexpert_plus/dicom_train/patient00313/study1/view1_frontal.dcm,/home/jovyan/Desktop/MEDAGENT-X/outputs/chexpert_plus/raddino_features/patient00313__study1__view1_frontal.npz,success,,microsoft/rad-dino,/home/jovyan/Desktop/MEDAGENT-X/data/raw/chexpert_plus/dicom_train/patient00313/study1/view1_frontal.dcm,data/raw/chexpert_plus/dicom_train/patient00313/study1/view1_frontal.dcm,ok,,,,2320,2828,MONOCHROME1,PA,12,16,0,,"(2320, 2828)","(3, 224, 224)",0.0,1.0,0.4264391660690307,0.162633016705513,0.5634218230843544,0.0076871779747307,0.9987526930277932,0.0012488646898418,0.0024968906989221,5.2701029777526855,True,True,True,True,
310,patient00313/study1,patient00313/study1/view2_lateral.dcm,/home/jovyan/Desktop/MEDAGENT-X/data/raw/chexpert_plus/dicom_train/patient00313/study1/view2_lateral.dcm,/home/jovyan/Desktop/MEDAGENT-X/outputs/chexpert_plus/convnext_features/patient00313_study1_view2_lateral.npz,ok,,data/raw/chexpert_plus/dicom_train/patient00313/study1/view2_lateral.dcm,/home/jovyan/Desktop/MEDAGENT-X/outputs/chexpert_plus/raddino_features/patient00313__study1__view2_lateral.npz,success,,microsoft/rad-dino,/home/jovyan/Desktop/MEDAGENT-X/data/raw/chexpert_plus/dicom_train/patient00313/study1/view2_lateral.dcm,data/raw/chexpert_plus/dicom_train/patient00313/study1/view2_lateral.dcm,ok,,,,2828,2320,MONOCHROME1,PA,12,16,0,,"(2828, 2320)","(3, 224, 224)",0.0,1.0,0.4171671569347381,0.1738055050373077,0.5667887888848782,0.0079888282343745,0.998925362796982,0.0010757932905107,0.001469297176023,4.856109142303467,True,True,True,True,
311,patient00317/study5,patient00317/study5/view1_frontal.dcm,/home/jovyan/Desktop/MEDAGENT-X/data/raw/chexpert_plus/dicom_train/patient00317/study5/view1_frontal.dcm,/home/jovyan/Desktop/MEDAGENT-X/outputs/chexpert_plus/convnext_features/patient00317_study5_view1_frontal.npz,ok,,data/raw/chexpert_plus/dicom_train/patient00317/study5/view1_frontal.dcm,/home/jovyan/Desktop/MEDAGENT-X/outputs/chexpert_plus/raddino_features/patient00317__study5__view1_frontal.npz,success,,microsoft/rad-dino,/home/jovyan/Desktop/MEDAGENT-X/data/raw/chexpert_plus/dicom_train/patient00317/study5/view1_frontal.dcm,data/raw/chexpert_plus/dicom_train/patient00317/study5/view1_frontal.dcm,ok,,,,2320,2828,MONOCHROME1,AP,12,16,0,,"(2320, 2828)","(3, 224, 224)",0.0,1.0,0.3065347671508789,0.0872622728347778,0.2683760672807693,0.0089823631569743,0.9987954561818124,0.0012059964938089,0.0011044115495293,4.311755657196045,True,True,True,True,
312,patient00317/study4,patient00317/study4/view1_frontal.dcm,/home/jovyan/Desktop/MEDAGENT-X/data/raw/chexpert_plus/dicom_train/patient00317/study4/view1_frontal.dcm,/home/jovyan/Desktop/MEDAGENT-X/outputs/chexpert_plus/convnext_features/patient00317_study4_view1_frontal.npz,ok,,data/raw/chexpert_plus/dicom_train/patient00317/study4/view1_frontal.dcm,/home/jovyan/Desktop/MEDAGENT-X/outputs/chexpert_plus/raddino_features/patient00317__study4__view1_frontal.npz,success,,microsoft/rad-dino,/home/jovyan/Desktop/MEDAGENT-X/data/raw/chexpert_plus/dicom_train/patient00317/study4/view1_frontal.dcm,data/raw/chexpert_plus/dicom_train/patient00317/study4/view1_frontal.dcm,ok,,,,2320,2828,MONOCHROME1,AP,12,16,0,,"(2320, 2828)","(3, 224, 224)",0.0,1.0,0.2208040654659271,0.0756959244608879,0.2556776665151119,0.0101652359589934,0.9985046057976278,0.001497633755207,0.0012993525337755,4.019486904144287,True,True,True,True,
313,patient00317/study1,patient00317/study1/view1_frontal.dcm,/home/jovyan/Desktop/MEDAGENT-X/data/raw/chexpert_plus/dicom_train/patient00317/study1/view1_frontal.dcm,/home/jovyan/Desktop/MEDAGENT-X/outputs/chexpert_plus/convnext_features/patient00317_study1_view1_frontal.npz,ok,,data/raw/chexpert_plus/dicom_train/patient00317/study1/view1_frontal.dcm,/home/jovyan/Desktop/MEDAGENT-X/outputs/chexpert_plus/raddino_features/patient00317__study1__view1_frontal.npz,success,,microsoft/rad-dino,/home/jovyan/Desktop/MEDAGENT-X/data/raw/chexpert_plus/dicom_train/patient00317/study1/view1_frontal.dcm,data/raw/chexpert_plus/dicom_train/patient00317/study1/view1_frontal.dcm,ok,,,,2320,2828,MONOCHROME1,PA,12,16,0,,"(2320, 2828)","(3, 224, 224)",0.0,1.0,0.2027300745248794,0.1018975153565406,0.3418803494423628,0.0069652423262596,0.9992602539830449,0.0007402936462312,0.0004493244890991,4.463513851165772,True,True,True,True,
313,patient00317/study1,patient00317/study1/view2_lateral.dcm,/home/jovyan/Desktop/MEDAGENT-X/data/raw/chexpert_plus/dicom_train/patient00317/study1/view2_lateral.dcm,/home/jovyan/Desktop/MEDAGENT-X/outputs/chexpert_plus/convnext_features/patient00317_study1_view2_lateral.npz,ok,,data/raw/chexpert_plus/dicom_train/patient00317/study1/view2_lateral.dcm,/home/jovyan/Desktop/MEDAGENT-X/outputs/chexpert_plus/raddino_features/patient00317__study1__view2_lateral.npz,success,,microsoft/rad-dino,/home/jovyan/Desktop/MEDAGENT-X/data/raw/chexpert_plus/dicom_train/patient00317/study1/view2_lateral.dcm,data/raw/chexpert_plus/dicom_train/patient00317/study1/view2_lateral.dcm,ok,,,,2828,2320,MONOCHROME1,PA,12,16,0,,"(2828, 2320)","(3, 224, 224)",0.0,1.0,0.4865835607051849,0.2297941595315933,0.7328660413622856,0.0073200021870434,0.9988329676974508,0.001168395858258,0.0527925791347607,5.4296040534973145,True,True,True,True,
314,patient00317/study8,patient00317/study8/view1_frontal.dcm,/home/jovyan/Desktop/MEDAGENT-X/data/raw/chexpert_plus/dicom_train/patient00317/study8/view1_frontal.dcm,/home/jovyan/Desktop/MEDAGENT-X/outputs/chexpert_plus/convnext_features/patient00317_study8_view1_frontal.npz,ok,,data/raw/chexpert_plus/dicom_train/patient00317/study8/view1_frontal.dcm,/home/jovyan/Desktop/MEDAGENT-X/outputs/chexpert_plus/raddino_features/patient00317__study8__view1_frontal.npz,success,,microsoft/rad-dino,/home/jovyan/Desktop/MEDAGENT-X/data/raw/chexpert_plus/dicom_train/patient00317/study8/view1_frontal.dcm,data/raw/chexpert_plus/dicom_train/patient00317/study8/view1_frontal.dcm,ok,,,,2320,2828,MONOCHROME1,AP,12,16,0,,"(2320, 2828)","(3, 224, 224)",0.0,1.0,0.2591740489006042,0.0900019705295562,0.3213675282895565,0.0084920888766646,0.9989117759459076,0.0010894095757976,0.0010687460371652,4.256433963775635,True,True,True,True,
315,patient00317/study2,patient00317/study2/view1_frontal.dcm,/home/jovyan/Desktop/MEDAGENT-X/data/raw/chexpert_plus/dicom_train/patient00317/study2/view1_frontal.dcm,/home/jovyan/Desktop/MEDAGENT-X/outputs/chexpert_plus/convnext_features/patient00317_study2_view1_frontal.npz,ok,,data/raw/chexpert_plus/dicom_train/patient00317/study2/view1_frontal.dcm,/home/jovyan/Desktop/MEDAGENT-X/outputs/chexpert_plus/raddino_features/patient00317__study2__view1_frontal.npz,success,,microsoft/rad-dino,/home/jovyan/Desktop/MEDAGENT-X/data/raw/chexpert_plus/dicom_train/patient00317/study2/view1_frontal.dcm,data/raw/chexpert_plus/dicom_train/patient00317/study2/view1_frontal.dcm,ok,,,,2320,2828,MONOCHROME1,AP,12,16,0,,"(2320, 2828)","(3, 224, 224)",0.0,1.0,0.3484752476215362,0.0946846157312393,0.299145296216011,0.0096662063151597,0.9986016492067388,0.0014003089163452,0.0011717797395503,4.400984287261963,True,True,True,True,
316,patient00317/study6,patient00317/study6/view1_frontal.dcm,/home/jovyan/Desktop/MEDAGENT-X/data/raw/chexpert_plus/dicom_train/patient00317/study6/view1_frontal.dcm,/home/jovyan/Desktop/MEDAGENT-X/outputs/chexpert_plus/convnext_features/patient00317_study6_view1_frontal.npz,ok,,data/raw/chexpert_plus/dicom_train/patient00317/study6/view1_frontal.dcm,/home/jovyan/Desktop/MEDAGENT-X/outputs/chexpert_plus/raddino_features/patient00317__study6__view1_frontal.npz,success,,microsoft/rad-dino,/home/jovyan/Desktop/MEDAGENT-X/data/raw/chexpert_plus/dicom_train/patient00317/study6/view1_frontal.dcm,data/raw/chexpert_plus/dicom_train/patient00317/study6/view1_frontal.dcm,ok,,,,2320,2828,MONOCHROME1,AP,12,16,0,,"(2320, 2828)","(3, 224, 224)",0.0,1.0,0.2489359527826309,0.0898899585008621,0.2920634970068931,0.0104909781366586,0.9983909114509903,0.0016116818878799,0.0012354899283031,4.352564334869385,True,True,True,True,
317,patient00317/study3,patient00317/study3/view1_frontal.dcm,/home/jovyan/Desktop/MEDAGENT-X/data/raw/chexpert_plus/dicom_train/patient00317/study3/view1_frontal.dcm,/home/jovyan/Desktop/MEDAGENT-X/outputs/chexpert_plus/convnext_features/patient00317_study3_view1_frontal.npz,ok,,data/raw/chexpert_plus/dicom_train/patient00317/study3/view1_frontal.dcm,/home/jovyan/Desktop/MEDAGENT-X/outputs/chexpert_plus/raddino_features/patient00317__study3__view1_frontal.npz,success,,microsoft/rad-dino,/home/jovyan/Desktop/MEDAGENT-X/data/raw/chexpert_plus/dicom_train/patient00317/study3/view1_frontal.dcm,data/raw/chexpert_plus/dicom_train/patient00317/study3/view1_frontal.dcm,ok,,,,2320,2828,MONOCHROME1,AP,12,16,0,,"(2320, 2828)","(3, 224, 224)",0.0,1.0,0.2049987912178039,0.0856314375996589,0.3084249179810285,0.0097189852967858,0.9986763641487366,0.0013253901852294,0.0011705604057942,4.183916568756104,True,True,True,True,
318,patient00317/study7,patient00317/study7/view1_frontal.dcm,/home/jovyan/Desktop/MEDAGENT-X/data/raw/chexpert_plus/dicom_train/patient00317/study7/view1_frontal.dcm,/home/jovyan/Desktop/MEDAGENT-X/outputs/chexpert_plus/convnext_features/patient00317_study7_view1_frontal.npz,ok,,data/raw/chexpert_plus/dicom_train/patient00317/study7/view1_frontal.dcm,/home/jovyan/Desktop/MEDAGENT-X/outputs/chexpert_plus/raddino_features/patient00317__study7__view1_frontal.npz,success,,microsoft/rad-dino,/home/jovyan/Desktop/MEDAGENT-X/data/raw/chexpert_plus/dicom_train/patient00317/study7/view1_frontal.dcm,data/raw/chexpert_plus/dicom_train/patient00317/study7/view1_frontal.dcm,ok,,,,2320,2828,MONOCHROME1,AP,12,16,0,,"(2320, 2828)","(3, 224, 224)",0.0,1.0,0.2336448282003402,0.086012452840805,0.2688644751906395,0.0099549619480967,0.9985563681613542,0.0014457189245149,0.0013127652050919,4.319033622741699,True,True,True,True,
319,patient00319/study2,patient00319/study2/view1_frontal.dcm,/home/jovyan/Desktop/MEDAGENT-X/data/raw/chexpert_plus/dicom_train/patient00319/study2/view1_frontal.dcm,/home/jovyan/Desktop/MEDAGENT-X/outputs/chexpert_plus/convnext_features/patient00319_study2_view1_frontal.npz,ok,,data/raw/chexpert_plus/dicom_train/patient00319/study2/view1_frontal.dcm,/home/jovyan/Desktop/MEDAGENT-X/outputs/chexpert_plus/raddino_features/patient00319__study2__view1_frontal.npz,success,,microsoft/rad-dino,/home/jovyan/Desktop/MEDAGENT-X/data/raw/chexpert_plus/dicom_train/patient00319/study2/view1_frontal.dcm,data/raw/chexpert_plus/dicom_train/patient00319/study2/view1_frontal.dcm,ok,,,,2320,2828,MONOCHROME1,AP,12,16,0,,"(2320, 2828)","(3, 224, 224)",0.0,1.0,0.493734210729599,0.1844579428434372,0.6061050146818161,0.0093862134963274,0.998211502801276,0.0017917016521096,0.001198300248744,5.382770538330078,True,True,True,True,
320,patient00319/study1,patient00319/study1/view1_frontal.dcm,/home/jovyan/Desktop/MEDAGENT-X/data/raw/chexpert_plus/dicom_train/patient00319/study1/view1_frontal.dcm,/home/jovyan/Desktop/MEDAGENT-X/outputs/chexpert_plus/convnext_features/patient00319_study1_view1_frontal.npz,ok,,data/raw/chexpert_plus/dicom_train/patient00319/study1/view1_frontal.dcm,/home/jovyan/Desktop/MEDAGENT-X/outputs/chexpert_plus/raddino_features/patient00319__study1__view1_frontal.npz,success,,microsoft/rad-dino,/home/jovyan/Desktop/MEDAGENT-X/data/raw/chexpert_plus/dicom_train/patient00319/study1/view1_frontal.dcm,data/raw/chexpert_plus/dicom_train/patient00319/study1/view1_frontal.dcm,ok,,,,2320,2828,MONOCHROME1,AP,12,16,0,,"(2320, 2828)","(3, 224, 224)",0.0,1.0,0.536643385887146,0.1637998074293136,0.5548229664564133,0.0077246972359716,0.9989791113993836,0.0010219318792223,0.0006322245525045,5.244296550750732,True,True,True,True,
321,patient00319/study4,patient00319/study4/view1_frontal.dcm,/home/jovyan/Desktop/MEDAGENT-X/data/raw/chexpert_plus/dicom_train/patient00319/study4/view1_frontal.dcm,/home/jovyan/Desktop/MEDAGENT-X/outputs/chexpert_plus/convnext_features/patient00319_study4_view1_frontal.npz,ok,,data/raw/chexpert_plus/dicom_train/patient00319/study4/view1_frontal.dcm,/home/jovyan/Desktop/MEDAGENT-X/outputs/chexpert_plus/raddino_features/patient00319__study4__view1_frontal.npz,success,,microsoft/rad-dino,/home/jovyan/Desktop/MEDAGENT-X/data/raw/chexpert_plus/dicom_train/patient00319/study4/view1_frontal.dcm,data/raw/chexpert_plus/dicom_train/patient00319/study4/view1_frontal.dcm,ok,,,,2320,2828,MONOCHROME1,AP,12,16,0,,"(2320, 2828)","(3, 224, 224)",0.0,1.0,0.5456911325454712,0.1875234693288803,0.5531135499477386,0.0087251542136073,0.9985828721231718,0.0014191389782354,0.0006118007120909,5.472281455993652,True,True,True,True,
322,patient00319/study3,patient00319/study3/view1_frontal.dcm,/home/jovyan/Desktop/MEDAGENT-X/data/raw/chexpert_plus/dicom_train/patient00319/study3/view1_frontal.dcm,/home/jovyan/Desktop/MEDAGENT-X/outputs/chexpert_plus/convnext_features/patient00319_study3_view1_frontal.npz,ok,,data/raw/chexpert_plus/dicom_train/patient00319/study3/view1_frontal.dcm,/home/jovyan/Desktop/MEDAGENT-X/outputs/chexpert_plus/raddino_features/patient00319__study3__view1_frontal.npz,success,,microsoft/rad-dino,/home/jovyan/Desktop/MEDAGENT-X/data/raw/chexpert_plus/dicom_train/patient00319/study3/view1_frontal.dcm,data/raw/chexpert_plus/dicom_train/patient00319/study3/view1_frontal.dcm,ok,,,,2320,2828,MONOCHROME1,AP,12,16,0,,"(2320, 2828)","(3, 224, 224)",0.0,1.0,0.5319599509239197,0.1650694012641906,0.5213675200939178,0.0094926450401544,0.9982687762063798,0.0017342261271551,0.0006509718090035,5.273739337921143,True,True,True,True,
323,patient00322/study1,patient00322/study1/view1_frontal.dcm,/home/jovyan/Desktop/MEDAGENT-X/data/raw/chexpert_plus/dicom_train/patient00322/study1/view1_frontal.dcm,/home/jovyan/Desktop/MEDAGENT-X/outputs/chexpert_plus/convnext_features/patient00322_study1_view1_frontal.npz,ok,,data/raw/chexpert_plus/dicom_train/patient00322/study1/view1_frontal.dcm,/home/jovyan/Desktop/MEDAGENT-X/outputs/chexpert_plus/raddino_features/patient00322__study1__view1_frontal.npz,success,,microsoft/rad-dino,/home/jovyan/Desktop/MEDAGENT-X/data/raw/chexpert_plus/dicom_train/patient00322/study1/view1_frontal.dcm,data/raw/chexpert_plus/dicom_train/patient00322/study1/view1_frontal.dcm,ok,,,,2022,2021,MONOCHROME2,PA,14,16,0,,"(2022, 2021)","(3, 224, 224)",0.0,1.0,0.2858884930610657,0.0514171235263347,0.1979490965604782,0.0037144105881452,0.999827588982256,0.0001724407484289,0.0014787853160019,3.2759156227111816,True,True,True,True,
324,patient00323/study1,patient00323/study1/view1_frontal.dcm,/home/jovyan/Desktop/MEDAGENT-X/data/raw/chexpert_plus/dicom_train/patient00323/study1/view1_frontal.dcm,/home/jovyan/Desktop/MEDAGENT-X/outputs/chexpert_plus/convnext_features/patient00323_study1_view1_frontal.npz,ok,,data/raw/chexpert_plus/dicom_train/patient00323/study1/view1_frontal.dcm,/home/jovyan/Desktop/MEDAGENT-X/outputs/chexpert_plus/raddino_features/patient00323__study1__view1_frontal.npz,success,,microsoft/rad-dino,/home/jovyan/Desktop/MEDAGENT-X/data/raw/chexpert_plus/dicom_train/patient00323/study1/view1_frontal.dcm,data/raw/chexpert_plus/dicom_train/patient00323/study1/view1_frontal.dcm,ok,,,,1741,2022,MONOCHROME2,PA,14,16,0,,"(1741, 2022)","(3, 224, 224)",0.0,1.0,0.4711041152477264,0.0609889104962348,0.1833681762218475,0.0072968467138707,0.9993654143012448,0.0006349886534735,0.0015174834431818,3.883710861206055,True,True,True,True,
324,patient00323/study1,patient00323/study1/view2_lateral.dcm,/home/jovyan/Desktop/MEDAGENT-X/data/raw/chexpert_plus/dicom_train/patient00323/study1/view2_lateral.dcm,/home/jovyan/Desktop/MEDAGENT-X/outputs/chexpert_plus/convnext_features/patient00323_study1_view2_lateral.npz,ok,,data/raw/chexpert_plus/dicom_train/patient00323/study1/view2_lateral.dcm,/home/jovyan/Desktop/MEDAGENT-X/outputs/chexpert_plus/raddino_features/patient00323__study1__view2_lateral.npz,success,,microsoft/rad-dino,/home/jovyan/Desktop/MEDAGENT-X/data/raw/chexpert_plus/dicom_train/patient00323/study1/view2_lateral.dcm,data/raw/chexpert_plus/dicom_train/patient00323/study1/view2_lateral.dcm,ok,,,,2022,1741,MONOCHROME2,LL,14,16,0,,"(2022, 1741)","(3, 224, 224)",0.0,1.0,0.2154824882745742,0.0830762982368469,0.2995177954435348,0.0026977877132594,0.999893624185636,0.0001063871313817,0.001038547261002,3.6097607612609854,True,True,True,True,
325,patient00323/study2,patient00323/study2/view1_frontal.dcm,/home/jovyan/Desktop/MEDAGENT-X/data/raw/chexpert_plus/dicom_train/patient00323/study2/view1_frontal.dcm,/home/jovyan/Desktop/MEDAGENT-X/outputs/chexpert_plus/convnext_features/patient00323_study2_view1_frontal.npz,ok,,data/raw/chexpert_plus/dicom_train/patient00323/study2/view1_frontal.dcm,/home/jovyan/Desktop/MEDAGENT-X/outputs/chexpert_plus/raddino_features/patient00323__study2__view1_frontal.npz,success,,microsoft/rad-dino,/home/jovyan/Desktop/MEDAGENT-X/data/raw/chexpert_plus/dicom_train/patient00323/study2/view1_frontal.dcm,data/raw/chexpert_plus/dicom_train/patient00323/study2/view1_frontal.dcm,ok,,,,2320,2828,MONOCHROME1,PA,12,16,0,,"(2320, 2828)","(3, 224, 224)",0.0,1.0,0.3830716013908386,0.1159256473183631,0.4271062538027763,0.0109925977885723,0.998077455915762,0.0019262473797425,0.0015279776130322,4.54566764831543,True,True,True,True,
325,patient00323/study2,patient00323/study2/view2_lateral.dcm,/home/jovyan/Desktop/MEDAGENT-X/data/raw/chexpert_plus/dicom_train/patient00323/study2/view2_lateral.dcm,/home/jovyan/Desktop/MEDAGENT-X/outputs/chexpert_plus/convnext_features/patient00323_study2_view2_lateral.npz,ok,,data/raw/chexpert_plus/dicom_train/patient00323/study2/view2_lateral.dcm,/home/jovyan/Desktop/MEDAGENT-X/outputs/chexpert_plus/raddino_features/patient00323__study2__view2_lateral.npz,success,,microsoft/rad-dino,/home/jovyan/Desktop/MEDAGENT-X/data/raw/chexpert_plus/dicom_train/patient00323/study2/view2_lateral.dcm,data/raw/chexpert_plus/dicom_train/patient00323/study2/view2_lateral.dcm,ok,,,,2828,2320,MONOCHROME1,PA,12,16,0,,"(2828, 2320)","(3, 224, 224)",0.0,1.0,0.4031024277210235,0.1345322132110595,0.5064713321626186,0.0109937647357583,0.9980366313552042,0.0019672310445457,0.0013110886211773,4.563944816589356,True,True,True,True,
326,patient00327/study2,patient00327/study2/view1_frontal.dcm,/home/jovyan/Desktop/MEDAGENT-X/data/raw/chexpert_plus/dicom_train/patient00327/study2/view1_frontal.dcm,/home/jovyan/Desktop/MEDAGENT-X/outputs/chexpert_plus/convnext_features/patient00327_study2_view1_frontal.npz,ok,,data/raw/chexpert_plus/dicom_train/patient00327/study2/view1_frontal.dcm,/home/jovyan/Desktop/MEDAGENT-X/outputs/chexpert_plus/raddino_features/patient00327__study2__view1_frontal.npz,success,,microsoft/rad-dino,/home/jovyan/Desktop/MEDAGENT-X/data/raw/chexpert_plus/dicom_train/patient00327/study2/view1_frontal.dcm,data/raw/chexpert_plus/dicom_train/patient00327/study2/view1_frontal.dcm,ok,,,,2320,2828,MONOCHROME1,AP,12,16,0,,"(2320, 2828)","(3, 224, 224)",0.0,1.0,0.2693310678005218,0.0554619617760181,0.1555555611848831,0.0086473925039172,0.998881342173836,0.0011199106229469,0.0021989160122908,3.592304944992065,True,True,True,True,
327,patient00327/study1,patient00327/study1/view1_frontal.dcm,/home/jovyan/Desktop/MEDAGENT-X/data/raw/chexpert_plus/dicom_train/patient00327/study1/view1_frontal.dcm,/home/jovyan/Desktop/MEDAGENT-X/outputs/chexpert_plus/convnext_features/patient00327_study1_view1_frontal.npz,ok,,data/raw/chexpert_plus/dicom_train/patient00327/study1/view1_frontal.dcm,/home/jovyan/Desktop/MEDAGENT-X/outputs/chexpert_plus/raddino_features/patient00327__study1__view1_frontal.npz,success,,microsoft/rad-dino,/home/jovyan/Desktop/MEDAGENT-X/data/raw/chexpert_plus/dicom_train/patient00327/study1/view1_frontal.dcm,data/raw/chexpert_plus/dicom_train/patient00327/study1/view1_frontal.dcm,ok,,,,2320,2828,MONOCHROME1,AP,12,16,0,,"(2320, 2828)","(3, 224, 224)",0.0,1.0,0.222155749797821,0.0596097148954868,0.1880341991782188,0.0051688360981643,0.9995861923405504,0.0004139789671171,0.0016814612495732,3.4513721466064453,True,True,True,True,
327,patient00327/study1,patient00327/study1/view2_lateral.dcm,/home/jovyan/Desktop/MEDAGENT-X/data/raw/chexpert_plus/dicom_train/patient00327/study1/view2_lateral.dcm,/home/jovyan/Desktop/MEDAGENT-X/outputs/chexpert_plus/convnext_features/patient00327_study1_view2_lateral.npz,ok,,data/raw/chexpert_plus/dicom_train/patient00327/study1/view2_lateral.dcm,/home/jovyan/Desktop/MEDAGENT-X/outputs/chexpert_plus/raddino_features/patient00327__study1__view2_lateral.npz,success,,microsoft/rad-dino,/home/jovyan/Desktop/MEDAGENT-X/data/raw/chexpert_plus/dicom_train/patient00327/study1/view2_lateral.dcm,data/raw/chexpert_plus/dicom_train/patient00327/study1/view2_lateral.dcm,ok,,,,2828,2320,MONOCHROME1,PA,12,16,0,,"(2828, 2320)","(3, 224, 224)",0.0,1.0,0.3752822875976562,0.0933342725038528,0.3225885480642319,0.0059648309834301,0.9994738207897772,0.0005264562205411,0.0014247914939277,4.376790046691895,True,True,True,True,
327,patient00327/study1,patient00327/study1/view3_lateral.dcm,/home/jovyan/Desktop/MEDAGENT-X/data/raw/chexpert_plus/dicom_train/patient00327/study1/view3_lateral.dcm,/home/jovyan/Desktop/MEDAGENT-X/outputs/chexpert_plus/convnext_features/patient00327_study1_view3_lateral.npz,ok,,data/raw/chexpert_plus/dicom_train/patient00327/study1/view3_lateral.dcm,/home/jovyan/Desktop/MEDAGENT-X/outputs/chexpert_plus/raddino_features/patient00327__study1__view3_lateral.npz,success,,microsoft/rad-dino,/home/jovyan/Desktop/MEDAGENT-X/data/raw/chexpert_plus/dicom_train/patient00327/study1/view3_lateral.dcm,data/raw/chexpert_plus/dicom_train/patient00327/study1/view3_lateral.dcm,ok,,,,2828,2320,MONOCHROME1,PA,12,16,0,,"(2828, 2320)","(3, 224, 224)",0.0,1.0,0.3552499115467071,0.1203349232673645,0.4358974620699882,0.0066493563354015,0.9993580465347632,0.00064236583421,0.001675364580793,4.6193952560424805,True,True,True,True,
328,patient00329/study1,patient00329/study1/view1_frontal.dcm,/home/jovyan/Desktop/MEDAGENT-X/data/raw/chexpert_plus/dicom_train/patient00329/study1/view1_frontal.dcm,/home/jovyan/Desktop/MEDAGENT-X/outputs/chexpert_plus/convnext_features/patient00329_study1_view1_frontal.npz,ok,,data/raw/chexpert_plus/dicom_train/patient00329/study1/view1_frontal.dcm,/home/jovyan/Desktop/MEDAGENT-X/outputs/chexpert_plus/raddino_features/patient00329__study1__view1_frontal.npz,success,,microsoft/rad-dino,/home/jovyan/Desktop/MEDAGENT-X/data/raw/chexpert_plus/dicom_train/patient00329/study1/view1_frontal.dcm,data/raw/chexpert_plus/dicom_train/patient00329/study1/view1_frontal.dcm,ok,,,,2022,2022,MONOCHROME2,PA,14,16,0,,"(2022, 2022)","(3, 224, 224)",0.0,1.0,0.2431737035512924,0.0479320771992206,0.133864015340805,0.0033175514545291,0.9998168070251304,0.0001832265406847,0.0003321524555311,3.3274147510528564,True,True,True,True,
328,patient00329/study1,patient00329/study1/view2_lateral.dcm,/home/jovyan/Desktop/MEDAGENT-X/data/raw/chexpert_plus/dicom_train/patient00329/study1/view2_lateral.dcm,/home/jovyan/Desktop/MEDAGENT-X/outputs/chexpert_plus/convnext_features/patient00329_study1_view2_lateral.npz,ok,,data/raw/chexpert_plus/dicom_train/patient00329/study1/view2_lateral.dcm,/home/jovyan/Desktop/MEDAGENT-X/outputs/chexpert_plus/raddino_features/patient00329__study1__view2_lateral.npz,success,,microsoft/rad-dino,/home/jovyan/Desktop/MEDAGENT-X/data/raw/chexpert_plus/dicom_train/patient00329/study1/view2_lateral.dcm,data/raw/chexpert_plus/dicom_train/patient00329/study1/view2_lateral.dcm,ok,,,,2022,2022,MONOCHROME2,LL,14,16,0,,"(2022, 2022)","(3, 224, 224)",0.0,1.0,0.2441358268260955,0.1118519455194473,0.3567112386226654,0.0041657504625618,0.9997897234302312,0.0002103207953041,0.0004786615283317,3.9260952472686768,True,True,True,True,
329,patient00329/study3,patient00329/study3/view1_frontal.dcm,/home/jovyan/Desktop/MEDAGENT-X/data/raw/chexpert_plus/dicom_train/patient00329/study3/view1_frontal.dcm,/home/jovyan/Desktop/MEDAGENT-X/outputs/chexpert_plus/convnext_features/patient00329_study3_view1_frontal.npz,ok,,data/raw/chexpert_plus/dicom_train/patient00329/study3/view1_frontal.dcm,/home/jovyan/Desktop/MEDAGENT-X/outputs/chexpert_plus/raddino_features/patient00329__study3__view1_frontal.npz,success,,microsoft/rad-dino,/home/jovyan/Desktop/MEDAGENT-X/data/raw/chexpert_plus/dicom_train/patient00329/study3/view1_frontal.dcm,data/raw/chexpert_plus/dicom_train/patient00329/study3/view1_frontal.dcm,ok,,,,2320,2828,MONOCHROME1,AP,12,16,0,,"(2320, 2828)","(3, 224, 224)",0.0,1.0,0.3531743586063385,0.0976308137178421,0.2876678854227066,0.0107351690530776,0.9980841815324888,0.0019194958731532,0.0013275496268838,4.523841857910156,True,True,True,True,
330,patient00329/study2,patient00329/study2/view1_frontal.dcm,/home/jovyan/Desktop/MEDAGENT-X/data/raw/chexpert_plus/dicom_train/patient00329/study2/view1_frontal.dcm,/home/jovyan/Desktop/MEDAGENT-X/outputs/chexpert_plus/convnext_features/patient00329_study2_view1_frontal.npz,ok,,data/raw/chexpert_plus/dicom_train/patient00329/study2/view1_frontal.dcm,/home/jovyan/Desktop/MEDAGENT-X/outputs/chexpert_plus/raddino_features/patient00329__study2__view1_frontal.npz,success,,microsoft/rad-dino,/home/jovyan/Desktop/MEDAGENT-X/data/raw/chexpert_plus/dicom_train/patient00329/study2/view1_frontal.dcm,data/raw/chexpert_plus/dicom_train/patient00329/study2/view1_frontal.dcm,ok,,,,2320,2828,MONOCHROME1,AP,12,16,0,,"(2320, 2828)","(3, 224, 224)",0.0,1.0,0.3248968422412872,0.1082568764686584,0.3326007276773453,0.0105223171412944,0.9981856075624058,0.0018176904413849,0.0012107984197434,4.636876106262207,True,True,True,True,
331,patient00335/study3,patient00335/study3/view1_frontal.dcm,/home/jovyan/Desktop/MEDAGENT-X/data/raw/chexpert_plus/dicom_train/patient00335/study3/view1_frontal.dcm,/home/jovyan/Desktop/MEDAGENT-X/outputs/chexpert_plus/convnext_features/patient00335_study3_view1_frontal.npz,ok,,data/raw/chexpert_plus/dicom_train/patient00335/study3/view1_frontal.dcm,/home/jovyan/Desktop/MEDAGENT-X/outputs/chexpert_plus/raddino_features/patient00335__study3__view1_frontal.npz,success,,microsoft/rad-dino,/home/jovyan/Desktop/MEDAGENT-X/data/raw/chexpert_plus/dicom_train/patient00335/study3/view1_frontal.dcm,data/raw/chexpert_plus/dicom_train/patient00335/study3/view1_frontal.dcm,ok,,,,2320,2828,MONOCHROME1,AP,12,16,0,,"(2320, 2828)","(3, 224, 224)",0.0,1.0,0.2761229276657104,0.0851715505123138,0.2842490896582603,0.0095094498246908,0.9985223982037916,0.0014797883341088,0.001828238550456,4.120335578918457,True,True,True,True,
332,patient00335/study8,patient00335/study8/view1_frontal.dcm,/home/jovyan/Desktop/MEDAGENT-X/data/raw/chexpert_plus/dicom_train/patient00335/study8/view1_frontal.dcm,/home/jovyan/Desktop/MEDAGENT-X/outputs/chexpert_plus/convnext_features/patient00335_study8_view1_frontal.npz,ok,,data/raw/chexpert_plus/dicom_train/patient00335/study8/view1_frontal.dcm,/home/jovyan/Desktop/MEDAGENT-X/outputs/chexpert_plus/raddino_features/patient00335__study8__view1_frontal.npz,success,,microsoft/rad-dino,/home/jovyan/Desktop/MEDAGENT-X/data/raw/chexpert_plus/dicom_train/patient00335/study8/view1_frontal.dcm,data/raw/chexpert_plus/dicom_train/patient00335/study8/view1_frontal.dcm,ok,,,,2320,2828,MONOCHROME1,AP,12,16,0,,"(2320, 2828)","(3, 224, 224)",0.0,1.0,0.276821106672287,0.1074191555380821,0.3934065978974104,0.0099728712812066,0.9984337231243542,0.0015687339473515,0.0012612483538994,4.488374710083008,True,True,True,True,
333,patient00335/study6,patient00335/study6/view1_frontal.dcm,/home/jovyan/Desktop/MEDAGENT-X/data/raw/chexpert_plus/dicom_train/patient00335/study6/view1_frontal.dcm,/home/jovyan/Desktop/MEDAGENT-X/outputs/chexpert_plus/convnext_features/patient00335_study6_view1_frontal.npz,ok,,data/raw/chexpert_plus/dicom_train/patient00335/study6/view1_frontal.dcm,/home/jovyan/Desktop/MEDAGENT-X/outputs/chexpert_plus/raddino_features/patient00335__study6__view1_frontal.npz,success,,microsoft/rad-dino,/home/jovyan/Desktop/MEDAGENT-X/data/raw/chexpert_plus/dicom_train/patient00335/study6/view1_frontal.dcm,data/raw/chexpert_plus/dicom_train/patient00335/study6/view1_frontal.dcm,ok,,,,2320,2828,MONOCHROME1,AP,12,16,0,,"(2320, 2828)","(3, 224, 224)",0.0,1.0,0.2896780669689178,0.0898892730474472,0.2715506702661514,0.0092988600954413,0.9985693995257324,0.0014326500240713,0.0010711847046773,4.400725841522217,True,True,True,True,
334,patient00335/study5,patient00335/study5/view1_frontal.dcm,/home/jovyan/Desktop/MEDAGENT-X/data/raw/chexpert_plus/dicom_train/patient00335/study5/view1_frontal.dcm,/home/jovyan/Desktop/MEDAGENT-X/outputs/chexpert_plus/convnext_features/patient00335_study5_view1_frontal.npz,ok,,data/raw/chexpert_plus/dicom_train/patient00335/study5/view1_frontal.dcm,/home/jovyan/Desktop/MEDAGENT-X/outputs/chexpert_plus/raddino_features/patient00335__study5__view1_frontal.npz,success,,microsoft/rad-dino,/home/jovyan/Desktop/MEDAGENT-X/data/raw/chexpert_plus/dicom_train/patient00335/study5/view1_frontal.dcm,data/raw/chexpert_plus/dicom_train/patient00335/study5/view1_frontal.dcm,ok,,,,2320,2828,MONOCHROME1,AP,12,16,0,,"(2320, 2828)","(3, 224, 224)",0.0,1.0,0.3251175582408905,0.1107006296515464,0.427350427955389,0.0104090925306081,0.998235005504197,0.0017681152094155,0.0014846912646929,4.5397725105285645,True,True,True,True,
335,patient00335/study1,patient00335/study1/view1_frontal.dcm,/home/jovyan/Desktop/MEDAGENT-X/data/raw/chexpert_plus/dicom_train/patient00335/study1/view1_frontal.dcm,/home/jovyan/Desktop/MEDAGENT-X/outputs/chexpert_plus/convnext_features/patient00335_study1_view1_frontal.npz,ok,,data/raw/chexpert_plus/dicom_train/patient00335/study1/view1_frontal.dcm,/home/jovyan/Desktop/MEDAGENT-X/outputs/chexpert_plus/raddino_features/patient00335__study1__view1_frontal.npz,success,,microsoft/rad-dino,/home/jovyan/Desktop/MEDAGENT-X/data/raw/chexpert_plus/dicom_train/patient00335/study1/view1_frontal.dcm,data/raw/chexpert_plus/dicom_train/patient00335/study1/view1_frontal.dcm,ok,,,,2048,2494,MONOCHROME1,AP,12,16,0,,"(2048, 2494)","(3, 224, 224)",0.0,1.0,0.2572752833366394,0.0840120166540145,0.2463980540633201,0.0106490263715386,0.9981978988234408,0.0018053546082228,0.0013364105102245,4.246458053588867,True,True,True,True,
336,patient00335/study7,patient00335/study7/view1_frontal.dcm,/home/jovyan/Desktop/MEDAGENT-X/data/raw/chexpert_plus/dicom_train/patient00335/study7/view1_frontal.dcm,/home/jovyan/Desktop/MEDAGENT-X/outputs/chexpert_plus/convnext_features/patient00335_study7_view1_frontal.npz,ok,,data/raw/chexpert_plus/dicom_train/patient00335/study7/view1_frontal.dcm,/home/jovyan/Desktop/MEDAGENT-X/outputs/chexpert_plus/raddino_features/patient00335__study7__view1_frontal.npz,success,,microsoft/rad-dino,/home/jovyan/Desktop/MEDAGENT-X/data/raw/chexpert_plus/dicom_train/patient00335/study7/view1_frontal.dcm,data/raw/chexpert_plus/dicom_train/patient00335/study7/view1_frontal.dcm,ok,,,,2320,2828,MONOCHROME1,AP,12,16,0,,"(2320, 2828)","(3, 224, 224)",0.0,1.0,0.4157028794288635,0.1256456673145294,0.4174174219369888,0.0078760934993624,0.9986391704306208,0.001362683949992,0.0283202458176852,4.806671619415283,True,True,True,True,
337,patient00335/study2,patient00335/study2/view1_frontal.dcm,/home/jovyan/Desktop/MEDAGENT-X/data/raw/chexpert_plus/dicom_train/patient00335/study2/view1_frontal.dcm,/home/jovyan/Desktop/MEDAGENT-X/outputs/chexpert_plus/convnext_features/patient00335_study2_view1_frontal.npz,ok,,data/raw/chexpert_plus/dicom_train/patient00335/study2/view1_frontal.dcm,/home/jovyan/Desktop/MEDAGENT-X/outputs/chexpert_plus/raddino_features/patient00335__study2__view1_frontal.npz,success,,microsoft/rad-dino,/home/jovyan/Desktop/MEDAGENT-X/data/raw/chexpert_plus/dicom_train/patient00335/study2/view1_frontal.dcm,data/raw/chexpert_plus/dicom_train/patient00335/study2/view1_frontal.dcm,ok,,,,2048,2494,MONOCHROME1,AP,12,16,0,,"(2048, 2494)","(3, 224, 224)",0.0,1.0,0.2648383677005768,0.0840632542967796,0.2478632479906082,0.0128876091912388,0.997356524833674,0.0026504816487431,0.0017998273982558,4.170068740844727,True,True,True,True,
338,patient00335/study4,patient00335/study4/view1_frontal.dcm,/home/jovyan/Desktop/MEDAGENT-X/data/raw/chexpert_plus/dicom_train/patient00335/study4/view1_frontal.dcm,/home/jovyan/Desktop/MEDAGENT-X/outputs/chexpert_plus/convnext_features/patient00335_study4_view1_frontal.npz,ok,,data/raw/chexpert_plus/dicom_train/patient00335/study4/view1_frontal.dcm,/home/jovyan/Desktop/MEDAGENT-X/outputs/chexpert_plus/raddino_features/patient00335__study4__view1_frontal.npz,success,,microsoft/rad-dino,/home/jovyan/Desktop/MEDAGENT-X/data/raw/chexpert_plus/dicom_train/patient00335/study4/view1_frontal.dcm,data/raw/chexpert_plus/dicom_train/patient00335/study4/view1_frontal.dcm,ok,,,,2320,2828,MONOCHROME1,AP,12,16,0,,"(2320, 2828)","(3, 224, 224)",0.0,1.0,0.3577316701412201,0.1053610369563102,0.3743589743971824,0.0102053824812173,0.9983247266450532,0.0016780846053734,0.0014055869872701,4.509149074554443,True,True,True,True,
339,patient00336/study1,patient00336/study1/view1_frontal.dcm,/home/jovyan/Desktop/MEDAGENT-X/data/raw/chexpert_plus/dicom_train/patient00336/study1/view1_frontal.dcm,/home/jovyan/Desktop/MEDAGENT-X/outputs/chexpert_plus/convnext_features/patient00336_study1_view1_frontal.npz,ok,,data/raw/chexpert_plus/dicom_train/patient00336/study1/view1_frontal.dcm,/home/jovyan/Desktop/MEDAGENT-X/outputs/chexpert_plus/raddino_features/patient00336__study1__view1_frontal.npz,success,,microsoft/rad-dino,/home/jovyan/Desktop/MEDAGENT-X/data/raw/chexpert_plus/dicom_train/patient00336/study1/view1_frontal.dcm,data/raw/chexpert_plus/dicom_train/patient00336/study1/view1_frontal.dcm,ok,,,,2022,2022,MONOCHROME2,PA,14,16,0,,"(2022, 2022)","(3, 224, 224)",0.0,1.0,0.4697863161563873,0.1300079524517059,0.5459794290363789,0.0054737091995775,0.9993839093334712,0.0006164704682305,0.0032085242353889,4.398738384246826,True,True,True,True,
339,patient00336/study1,patient00336/study1/view2_lateral.dcm,/home/jovyan/Desktop/MEDAGENT-X/data/raw/chexpert_plus/dicom_train/patient00336/study1/view2_lateral.dcm,/home/jovyan/Desktop/MEDAGENT-X/outputs/chexpert_plus/convnext_features/patient00336_study1_view2_lateral.npz,ok,,data/raw/chexpert_plus/dicom_train/patient00336/study1/view2_lateral.dcm,/home/jovyan/Desktop/MEDAGENT-X/outputs/chexpert_plus/raddino_features/patient00336__study1__view2_lateral.npz,success,,microsoft/rad-dino,/home/jovyan/Desktop/MEDAGENT-X/data/raw/chexpert_plus/dicom_train/patient00336/study1/view2_lateral.dcm,data/raw/chexpert_plus/dicom_train/patient00336/study1/view2_lateral.dcm,ok,,,,2022,1751,MONOCHROME2,LL,14,16,0,,"(2022, 1751)","(3, 224, 224)",0.0,1.0,0.2886212766170501,0.0839210450649261,0.3253982812166214,0.0058532170951366,0.9995466332635824,0.0004535723710432,0.0013263580906996,3.794213056564331,True,True,True,True,
340,patient00336/study2,patient00336/study2/view1_frontal.dcm,/home/jovyan/Desktop/MEDAGENT-X/data/raw/chexpert_plus/dicom_train/patient00336/study2/view1_frontal.dcm,/home/jovyan/Desktop/MEDAGENT-X/outputs/chexpert_plus/convnext_features/patient00336_study2_view1_frontal.npz,ok,,data/raw/chexpert_plus/dicom_train/patient00336/study2/view1_frontal.dcm,/home/jovyan/Desktop/MEDAGENT-X/outputs/chexpert_plus/raddino_features/patient00336__study2__view1_frontal.npz,success,,microsoft/rad-dino,/home/jovyan/Desktop/MEDAGENT-X/data/raw/chexpert_plus/dicom_train/patient00336/study2/view1_frontal.dcm,data/raw/chexpert_plus/dicom_train/patient00336/study2/view1_frontal.dcm,ok,,,,1751,2022,MONOCHROME2,PA,14,16,0,,"(1751, 2022)","(3, 224, 224)",0.0,1.0,0.6691267490386963,0.0849062725901603,0.268394410610199,0.0081681832671165,0.999090863484004,0.0009099637973122,0.0015144659459819,4.437329292297363,True,True,True,True,
340,patient00336/study2,patient00336/study2/view2_lateral.dcm,/home/jovyan/Desktop/MEDAGENT-X/data/raw/chexpert_plus/dicom_train/patient00336/study2/view2_lateral.dcm,/home/jovyan/Desktop/MEDAGENT-X/outputs/chexpert_plus/convnext_features/patient00336_study2_view2_lateral.npz,ok,,data/raw/chexpert_plus/dicom_train/patient00336/study2/view2_lateral.dcm,/home/jovyan/Desktop/MEDAGENT-X/outputs/chexpert_plus/raddino_features/patient00336__study2__view2_lateral.npz,success,,microsoft/rad-dino,/home/jovyan/Desktop/MEDAGENT-X/data/raw/chexpert_plus/dicom_train/patient00336/study2/view2_lateral.dcm,data/raw/chexpert_plus/dicom_train/patient00336/study2/view2_lateral.dcm,ok,,,,2016,1751,MONOCHROME2,LL,14,16,0,,"(2016, 1751)","(3, 224, 224)",0.0,1.0,0.2291951328516006,0.0913093313574791,0.3210645318031311,0.005242730025202,0.9996575421246556,0.0003425751929171,0.0026620275942092,3.653594255447388,True,True,True,True,
341,patient00336/study3,patient00336/study3/view1_frontal.dcm,/home/jovyan/Desktop/MEDAGENT-X/data/raw/chexpert_plus/dicom_train/patient00336/study3/view1_frontal.dcm,/home/jovyan/Desktop/MEDAGENT-X/outputs/chexpert_plus/convnext_features/patient00336_study3_view1_frontal.npz,ok,,data/raw/chexpert_plus/dicom_train/patient00336/study3/view1_frontal.dcm,/home/jovyan/Desktop/MEDAGENT-X/outputs/chexpert_plus/raddino_features/patient00336__study3__view1_frontal.npz,success,,microsoft/rad-dino,/home/jovyan/Desktop/MEDAGENT-X/data/raw/chexpert_plus/dicom_train/patient00336/study3/view1_frontal.dcm,data/raw/chexpert_plus/dicom_train/patient00336/study3/view1_frontal.dcm,ok,,,,1751,2021,MONOCHROME2,PA,14,16,0,,"(1751, 2021)","(3, 224, 224)",0.0,1.0,0.6492937803268433,0.0735890567302703,0.2356560230255127,0.0114250881597399,0.9985693569234668,0.0014326927484944,0.0025474945962878,4.168555736541748,True,True,True,True,
341,patient00336/study3,patient00336/study3/view2_lateral.dcm,/home/jovyan/Desktop/MEDAGENT-X/data/raw/chexpert_plus/dicom_train/patient00336/study3/view2_lateral.dcm,/home/jovyan/Desktop/MEDAGENT-X/outputs/chexpert_plus/convnext_features/patient00336_study3_view2_lateral.npz,ok,,data/raw/chexpert_plus/dicom_train/patient00336/study3/view2_lateral.dcm,/home/jovyan/Desktop/MEDAGENT-X/outputs/chexpert_plus/raddino_features/patient00336__study3__view2_lateral.npz,success,,microsoft/rad-dino,/home/jovyan/Desktop/MEDAGENT-X/data/raw/chexpert_plus/dicom_train/patient00336/study3/view2_lateral.dcm,data/raw/chexpert_plus/dicom_train/patient00336/study3/view2_lateral.dcm,ok,,,,2021,1751,MONOCHROME2,LL,14,16,0,,"(2021, 1751)","(3, 224, 224)",0.0,1.0,0.2322016060352325,0.0889311358332634,0.3208813965320587,0.0037976801395416,0.9998297137066696,0.0001703152956906,0.0018466863213245,3.65262508392334,True,True,True,True,
342,patient00342/study1,patient00342/study1/view1_frontal.dcm,/home/jovyan/Desktop/MEDAGENT-X/data/raw/chexpert_plus/dicom_train/patient00342/study1/view1_frontal.dcm,/home/jovyan/Desktop/MEDAGENT-X/outputs/chexpert_plus/convnext_features/patient00342_study1_view1_frontal.npz,ok,,data/raw/chexpert_plus/dicom_train/patient00342/study1/view1_frontal.dcm,/home/jovyan/Desktop/MEDAGENT-X/outputs/chexpert_plus/raddino_features/patient00342__study1__view1_frontal.npz,success,,microsoft/rad-dino,/home/jovyan/Desktop/MEDAGENT-X/data/raw/chexpert_plus/dicom_train/patient00342/study1/view1_frontal.dcm,data/raw/chexpert_plus/dicom_train/patient00342/study1/view1_frontal.dcm,ok,,,,2320,2828,MONOCHROME1,AP,12,16,0,,"(2320, 2828)","(3, 224, 224)",0.0,1.0,0.2077487260103225,0.0979847311973571,0.3120879214257002,0.0102609228342771,0.9984819328924098,0.0015203751390799,0.0021679754182314,4.366363525390625,True,True,True,True,
343,patient00343/study1,patient00343/study1/view1_frontal.dcm,/home/jovyan/Desktop/MEDAGENT-X/data/raw/chexpert_plus/dicom_train/patient00343/study1/view1_frontal.dcm,/home/jovyan/Desktop/MEDAGENT-X/outputs/chexpert_plus/convnext_features/patient00343_study1_view1_frontal.npz,ok,,data/raw/chexpert_plus/dicom_train/patient00343/study1/view1_frontal.dcm,/home/jovyan/Desktop/MEDAGENT-X/outputs/chexpert_plus/raddino_features/patient00343__study1__view1_frontal.npz,success,,microsoft/rad-dino,/home/jovyan/Desktop/MEDAGENT-X/data/raw/chexpert_plus/dicom_train/patient00343/study1/view1_frontal.dcm,data/raw/chexpert_plus/dicom_train/patient00343/study1/view1_frontal.dcm,ok,,,,2320,2828,MONOCHROME1,AP,12,16,0,,"(2320, 2828)","(3, 224, 224)",0.0,1.0,0.1961793452501297,0.0736812651157379,0.1958486065268516,0.0122411688789725,0.9977845172562688,0.0022204020060598,0.0017703201970443,3.9484243392944336,True,True,True,True,
344,patient00344/study1,patient00344/study1/view1_frontal.dcm,/home/jovyan/Desktop/MEDAGENT-X/data/raw/chexpert_plus/dicom_train/patient00344/study1/view1_frontal.dcm,/home/jovyan/Desktop/MEDAGENT-X/outputs/chexpert_plus/convnext_features/patient00344_study1_view1_frontal.npz,ok,,data/raw/chexpert_plus/dicom_train/patient00344/study1/view1_frontal.dcm,/home/jovyan/Desktop/MEDAGENT-X/outputs/chexpert_plus/raddino_features/patient00344__study1__view1_frontal.npz,success,,microsoft/rad-dino,/home/jovyan/Desktop/MEDAGENT-X/data/raw/chexpert_plus/dicom_train/patient00344/study1/view1_frontal.dcm,data/raw/chexpert_plus/dicom_train/patient00344/study1/view1_frontal.dcm,ok,,,,2022,2022,MONOCHROME2,PA,14,16,0,,"(2022, 2022)","(3, 224, 224)",0.0,1.0,0.2375956326723098,0.0555146373808383,0.1511151790618896,0.0021610183175653,0.9999120519290228,8.795580652076751e-05,0.0021621706236345,3.59895658493042,True,True,True,True,
344,patient00344/study1,patient00344/study1/view2_lateral.dcm,/home/jovyan/Desktop/MEDAGENT-X/data/raw/chexpert_plus/dicom_train/patient00344/study1/view2_lateral.dcm,/home/jovyan/Desktop/MEDAGENT-X/outputs/chexpert_plus/convnext_features/patient00344_study1_view2_lateral.npz,ok,,data/raw/chexpert_plus/dicom_train/patient00344/study1/view2_lateral.dcm,/home/jovyan/Desktop/MEDAGENT-X/outputs/chexpert_plus/raddino_features/patient00344__study1__view2_lateral.npz,success,,microsoft/rad-dino,/home/jovyan/Desktop/MEDAGENT-X/data/raw/chexpert_plus/dicom_train/patient00344/study1/view2_lateral.dcm,data/raw/chexpert_plus/dicom_train/patient00344/study1/view2_lateral.dcm,ok,,,,2022,1971,MONOCHROME2,LL,14,16,0,,"(2022, 1971)","(3, 224, 224)",0.0,1.0,0.6834147572517395,0.236495703458786,0.8756240606307983,0.0091037787497043,0.998908131025217,0.0010930624557659,0.0020377069887252,5.294253826141357,True,True,True,True,
345,patient00350/study2,patient00350/study2/view1_frontal.dcm,/home/jovyan/Desktop/MEDAGENT-X/data/raw/chexpert_plus/dicom_train/patient00350/study2/view1_frontal.dcm,/home/jovyan/Desktop/MEDAGENT-X/outputs/chexpert_plus/convnext_features/patient00350_study2_view1_frontal.npz,ok,,data/raw/chexpert_plus/dicom_train/patient00350/study2/view1_frontal.dcm,/home/jovyan/Desktop/MEDAGENT-X/outputs/chexpert_plus/raddino_features/patient00350__study2__view1_frontal.npz,success,,microsoft/rad-dino,/home/jovyan/Desktop/MEDAGENT-X/data/raw/chexpert_plus/dicom_train/patient00350/study2/view1_frontal.dcm,data/raw/chexpert_plus/dicom_train/patient00350/study2/view1_frontal.dcm,ok,,,,2320,2828,MONOCHROME1,AP,12,16,0,,"(2320, 2828)","(3, 224, 224)",0.0,1.0,0.2721709012985229,0.1031136810779571,0.3785103838890791,0.0104597136378288,0.9982759437476026,0.001727033755742,0.0013241964590547,4.377910137176514,True,True,True,True,
346,patient00350/study1,patient00350/study1/view1_frontal.dcm,/home/jovyan/Desktop/MEDAGENT-X/data/raw/chexpert_plus/dicom_train/patient00350/study1/view1_frontal.dcm,/home/jovyan/Desktop/MEDAGENT-X/outputs/chexpert_plus/convnext_features/patient00350_study1_view1_frontal.npz,ok,,data/raw/chexpert_plus/dicom_train/patient00350/study1/view1_frontal.dcm,/home/jovyan/Desktop/MEDAGENT-X/outputs/chexpert_plus/raddino_features/patient00350__study1__view1_frontal.npz,success,,microsoft/rad-dino,/home/jovyan/Desktop/MEDAGENT-X/data/raw/chexpert_plus/dicom_train/patient00350/study1/view1_frontal.dcm,data/raw/chexpert_plus/dicom_train/patient00350/study1/view1_frontal.dcm,ok,,,,1741,2022,MONOCHROME2,PA,14,16,0,,"(1741, 2022)","(3, 224, 224)",0.0,1.0,0.3036218285560608,0.0499564409255981,0.1220777630805969,0.0071898363530635,0.9992139289925916,0.0007866894011385,0.0019563662435779,3.1997671127319336,True,True,True,True,
346,patient00350/study1,patient00350/study1/view2_lateral.dcm,/home/jovyan/Desktop/MEDAGENT-X/data/raw/chexpert_plus/dicom_train/patient00350/study1/view2_lateral.dcm,/home/jovyan/Desktop/MEDAGENT-X/outputs/chexpert_plus/convnext_features/patient00350_study1_view2_lateral.npz,ok,,data/raw/chexpert_plus/dicom_train/patient00350/study1/view2_lateral.dcm,/home/jovyan/Desktop/MEDAGENT-X/outputs/chexpert_plus/raddino_features/patient00350__study1__view2_lateral.npz,success,,microsoft/rad-dino,/home/jovyan/Desktop/MEDAGENT-X/data/raw/chexpert_plus/dicom_train/patient00350/study1/view2_lateral.dcm,data/raw/chexpert_plus/dicom_train/patient00350/study1/view2_lateral.dcm,ok,,,,2022,1751,MONOCHROME2,RL,14,16,0,,"(2022, 1751)","(3, 224, 224)",0.0,1.0,0.2628256380558014,0.0912277474999427,0.3401086404919624,0.0058671054430305,0.9993693023055072,0.0006310957251116,0.0015424279244698,3.741570234298706,True,True,True,True,
347,patient00352/study1,patient00352/study1/view1_frontal.dcm,/home/jovyan/Desktop/MEDAGENT-X/data/raw/chexpert_plus/dicom_train/patient00352/study1/view1_frontal.dcm,/home/jovyan/Desktop/MEDAGENT-X/outputs/chexpert_plus/convnext_features/patient00352_study1_view1_frontal.npz,ok,,data/raw/chexpert_plus/dicom_train/patient00352/study1/view1_frontal.dcm,/home/jovyan/Desktop/MEDAGENT-X/outputs/chexpert_plus/raddino_features/patient00352__study1__view1_frontal.npz,success,,microsoft/rad-dino,/home/jovyan/Desktop/MEDAGENT-X/data/raw/chexpert_plus/dicom_train/patient00352/study1/view1_frontal.dcm,data/raw/chexpert_plus/dicom_train/patient00352/study1/view1_frontal.dcm,ok,,,,1851,1941,MONOCHROME2,PA,14,16,0,,"(1851, 1941)","(3, 224, 224)",0.0,1.0,0.6747477054595947,0.0800583362579345,0.2190560102462768,0.0110654281452298,0.9986309027627313,0.0013709742343053,0.0021593240464029,4.172255992889404,True,True,True,True,
348,patient00358/study1,patient00358/study1/view1_frontal.dcm,/home/jovyan/Desktop/MEDAGENT-X/data/raw/chexpert_plus/dicom_train/patient00358/study1/view1_frontal.dcm,/home/jovyan/Desktop/MEDAGENT-X/outputs/chexpert_plus/convnext_features/patient00358_study1_view1_frontal.npz,ok,,data/raw/chexpert_plus/dicom_train/patient00358/study1/view1_frontal.dcm,/home/jovyan/Desktop/MEDAGENT-X/outputs/chexpert_plus/raddino_features/patient00358__study1__view1_frontal.npz,success,,microsoft/rad-dino,/home/jovyan/Desktop/MEDAGENT-X/data/raw/chexpert_plus/dicom_train/patient00358/study1/view1_frontal.dcm,data/raw/chexpert_plus/dicom_train/patient00358/study1/view1_frontal.dcm,ok,,,,2048,2494,MONOCHROME1,AP,12,16,0,,"(2048, 2494)","(3, 224, 224)",0.0,1.0,0.2984086871147156,0.0855564028024673,0.2564102560281753,0.012823604978621,0.9972786855411856,0.0027287402190268,0.0023617228222734,4.357917785644531,True,True,True,True,
349,patient00360/study1,patient00360/study1/view1_frontal.dcm,/home/jovyan/Desktop/MEDAGENT-X/data/raw/chexpert_plus/dicom_train/patient00360/study1/view1_frontal.dcm,/home/jovyan/Desktop/MEDAGENT-X/outputs/chexpert_plus/convnext_features/patient00360_study1_view1_frontal.npz,ok,,data/raw/chexpert_plus/dicom_train/patient00360/study1/view1_frontal.dcm,/home/jovyan/Desktop/MEDAGENT-X/outputs/chexpert_plus/raddino_features/patient00360__study1__view1_frontal.npz,success,,microsoft/rad-dino,/home/jovyan/Desktop/MEDAGENT-X/data/raw/chexpert_plus/dicom_train/patient00360/study1/view1_frontal.dcm,data/raw/chexpert_plus/dicom_train/patient00360/study1/view1_frontal.dcm,ok,,,,2320,2828,MONOCHROME1,AP,12,16,0,,"(2320, 2828)","(3, 224, 224)",0.0,1.0,0.2611335217952728,0.085764467716217,0.3118437156081199,0.0080864429473876,0.9989149842369144,0.001086194301024,0.0012880736965322,4.289644718170166,True,True,True,True,
350,patient00361/study1,patient00361/study1/view1_frontal.dcm,/home/jovyan/Desktop/MEDAGENT-X/data/raw/chexpert_plus/dicom_train/patient00361/study1/view1_frontal.dcm,/home/jovyan/Desktop/MEDAGENT-X/outputs/chexpert_plus/convnext_features/patient00361_study1_view1_frontal.npz,ok,,data/raw/chexpert_plus/dicom_train/patient00361/study1/view1_frontal.dcm,/home/jovyan/Desktop/MEDAGENT-X/outputs/chexpert_plus/raddino_features/patient00361__study1__view1_frontal.npz,success,,microsoft/rad-dino,/home/jovyan/Desktop/MEDAGENT-X/data/raw/chexpert_plus/dicom_train/patient00361/study1/view1_frontal.dcm,data/raw/chexpert_plus/dicom_train/patient00361/study1/view1_frontal.dcm,ok,,,,2320,2828,MONOCHROME1,AP,12,16,0,,"(2320, 2828)","(3, 224, 224)",0.0,1.0,0.256605327129364,0.0860976949334144,0.2610500678420067,0.0104022892192006,0.9984846939022352,0.001517605734989,0.0025313368775301,4.166363716125488,True,True,True,True,
351,patient00365/study1,patient00365/study1/view1_frontal.dcm,/home/jovyan/Desktop/MEDAGENT-X/data/raw/chexpert_plus/dicom_train/patient00365/study1/view1_frontal.dcm,/home/jovyan/Desktop/MEDAGENT-X/outputs/chexpert_plus/convnext_features/patient00365_study1_view1_frontal.npz,ok,,data/raw/chexpert_plus/dicom_train/patient00365/study1/view1_frontal.dcm,/home/jovyan/Desktop/MEDAGENT-X/outputs/chexpert_plus/raddino_features/patient00365__study1__view1_frontal.npz,success,,microsoft/rad-dino,/home/jovyan/Desktop/MEDAGENT-X/data/raw/chexpert_plus/dicom_train/patient00365/study1/view1_frontal.dcm,data/raw/chexpert_plus/dicom_train/patient00365/study1/view1_frontal.dcm,ok,,,,2021,2021,MONOCHROME2,PA,14,16,0,,"(2021, 2021)","(3, 224, 224)",0.0,1.0,0.2473304271697998,0.071225918829441,0.192332461476326,0.0027381854597479,0.9998729924794828,0.0001270236534764,0.0060840638902606,4.035248279571533,True,True,True,True,
352,patient00368/study1,patient00368/study1/view1_frontal.dcm,/home/jovyan/Desktop/MEDAGENT-X/data/raw/chexpert_plus/dicom_train/patient00368/study1/view1_frontal.dcm,/home/jovyan/Desktop/MEDAGENT-X/outputs/chexpert_plus/convnext_features/patient00368_study1_view1_frontal.npz,ok,,data/raw/chexpert_plus/dicom_train/patient00368/study1/view1_frontal.dcm,/home/jovyan/Desktop/MEDAGENT-X/outputs/chexpert_plus/raddino_features/patient00368__study1__view1_frontal.npz,success,,microsoft/rad-dino,/home/jovyan/Desktop/MEDAGENT-X/data/raw/chexpert_plus/dicom_train/patient00368/study1/view1_frontal.dcm,data/raw/chexpert_plus/dicom_train/patient00368/study1/view1_frontal.dcm,ok,,,,2800,3408,MONOCHROME1,AP,15,16,0,,"(2800, 3408)","(3, 224, 224)",0.0,1.0,0.5505285859107971,0.1461154818534851,0.4878198802471161,0.0121471397578716,0.9972436882431028,0.002763930009678,0.0017867622401073,5.138105869293213,True,True,True,True,
353,patient00369/study1,patient00369/study1/view1_frontal.dcm,/home/jovyan/Desktop/MEDAGENT-X/data/raw/chexpert_plus/dicom_train/patient00369/study1/view1_frontal.dcm,/home/jovyan/Desktop/MEDAGENT-X/outputs/chexpert_plus/convnext_features/patient00369_study1_view1_frontal.npz,ok,,data/raw/chexpert_plus/dicom_train/patient00369/study1/view1_frontal.dcm,/home/jovyan/Desktop/MEDAGENT-X/outputs/chexpert_plus/raddino_features/patient00369__study1__view1_frontal.npz,success,,microsoft/rad-dino,/home/jovyan/Desktop/MEDAGENT-X/data/raw/chexpert_plus/dicom_train/patient00369/study1/view1_frontal.dcm,data/raw/chexpert_plus/dicom_train/patient00369/study1/view1_frontal.dcm,ok,,,,2022,1941,MONOCHROME2,PA,14,16,0,,"(2022, 1941)","(3, 224, 224)",0.0,1.0,0.7540782690048218,0.1101429685950279,0.3412272930145263,0.010049108415842,0.9987106751634072,0.0012909893412142,0.0011718087131201,4.471224784851074,True,True,True,True,
354,patient00369/study2,patient00369/study2/view1_frontal.dcm,/home/jovyan/Desktop/MEDAGENT-X/data/raw/chexpert_plus/dicom_train/patient00369/study2/view1_frontal.dcm,/home/jovyan/Desktop/MEDAGENT-X/outputs/chexpert_plus/convnext_features/patient00369_study2_view1_frontal.npz,ok,,data/raw/chexpert_plus/dicom_train/patient00369/study2/view1_frontal.dcm,/home/jovyan/Desktop/MEDAGENT-X/outputs/chexpert_plus/raddino_features/patient00369__study2__view1_frontal.npz,success,,microsoft/rad-dino,/home/jovyan/Desktop/MEDAGENT-X/data/raw/chexpert_plus/dicom_train/patient00369/study2/view1_frontal.dcm,data/raw/chexpert_plus/dicom_train/patient00369/study2/view1_frontal.dcm,ok,,,,1741,2022,MONOCHROME2,PA,14,16,0,,"(1741, 2022)","(3, 224, 224)",0.0,1.0,0.5286984443664551,0.0678321421146392,0.2013618648052215,0.0085049094632267,0.9991559006193758,0.0008448124863207,0.0018918831395715,3.973968267440796,True,True,True,True,
355,patient00377/study1,patient00377/study1/view1_frontal.dcm,/home/jovyan/Desktop/MEDAGENT-X/data/raw/chexpert_plus/dicom_train/patient00377/study1/view1_frontal.dcm,/home/jovyan/Desktop/MEDAGENT-X/outputs/chexpert_plus/convnext_features/patient00377_study1_view1_frontal.npz,ok,,data/raw/chexpert_plus/dicom_train/patient00377/study1/view1_frontal.dcm,/home/jovyan/Desktop/MEDAGENT-X/outputs/chexpert_plus/raddino_features/patient00377__study1__view1_frontal.npz,success,,microsoft/rad-dino,/home/jovyan/Desktop/MEDAGENT-X/data/raw/chexpert_plus/dicom_train/patient00377/study1/view1_frontal.dcm,data/raw/chexpert_plus/dicom_train/patient00377/study1/view1_frontal.dcm,ok,,,,2320,2828,MONOCHROME1,AP,12,16,0,,"(2320, 2828)","(3, 224, 224)",0.0,1.0,0.3249485194683075,0.112707182765007,0.3301587551832199,0.011825518682599,0.9978936310141984,0.00211081514135,0.0024168719211822,4.706202507019043,True,True,True,True,
356,patient00381/study1,patient00381/study1/view1_frontal.dcm,/home/jovyan/Desktop/MEDAGENT-X/data/raw/chexpert_plus/dicom_train/patient00381/study1/view1_frontal.dcm,/home/jovyan/Desktop/MEDAGENT-X/outputs/chexpert_plus/convnext_features/patient00381_study1_view1_frontal.npz,ok,,data/raw/chexpert_plus/dicom_train/patient00381/study1/view1_frontal.dcm,/home/jovyan/Desktop/MEDAGENT-X/outputs/chexpert_plus/raddino_features/patient00381__study1__view1_frontal.npz,success,,microsoft/rad-dino,/home/jovyan/Desktop/MEDAGENT-X/data/raw/chexpert_plus/dicom_train/patient00381/study1/view1_frontal.dcm,data/raw/chexpert_plus/dicom_train/patient00381/study1/view1_frontal.dcm,ok,,,,2320,2828,MONOCHROME1,AP,12,16,0,,"(2320, 2828)","(3, 224, 224)",0.0,1.0,0.2794540226459503,0.1048079431056976,0.3326007351279259,0.0046809283085167,0.999660407885893,0.0003397074760869,0.000275569428864,4.646206855773926,True,True,True,True,
356,patient00381/study1,patient00381/study1/view2_lateral.dcm,/home/jovyan/Desktop/MEDAGENT-X/data/raw/chexpert_plus/dicom_train/patient00381/study1/view2_lateral.dcm,/home/jovyan/Desktop/MEDAGENT-X/outputs/chexpert_plus/convnext_features/patient00381_study1_view2_lateral.npz,ok,,data/raw/chexpert_plus/dicom_train/patient00381/study1/view2_lateral.dcm,/home/jovyan/Desktop/MEDAGENT-X/outputs/chexpert_plus/raddino_features/patient00381__study1__view2_lateral.npz,success,,microsoft/rad-dino,/home/jovyan/Desktop/MEDAGENT-X/data/raw/chexpert_plus/dicom_train/patient00381/study1/view2_lateral.dcm,data/raw/chexpert_plus/dicom_train/patient00381/study1/view2_lateral.dcm,ok,,,,2828,2320,MONOCHROME1,LL,12,16,0,,"(2828, 2320)","(3, 224, 224)",0.0,1.0,0.3063074648380279,0.0958664789795875,0.350915752351284,0.0052069723606109,0.999579643565896,0.0004205332079436,0.000172840559918,4.376022338867188,True,True,True,True,
357,patient00383/study1,patient00383/study1/view1_frontal.dcm,/home/jovyan/Desktop/MEDAGENT-X/data/raw/chexpert_plus/dicom_train/patient00383/study1/view1_frontal.dcm,/home/jovyan/Desktop/MEDAGENT-X/outputs/chexpert_plus/convnext_features/patient00383_study1_view1_frontal.npz,ok,,data/raw/chexpert_plus/dicom_train/patient00383/study1/view1_frontal.dcm,/home/jovyan/Desktop/MEDAGENT-X/outputs/chexpert_plus/raddino_features/patient00383__study1__view1_frontal.npz,success,,microsoft/rad-dino,/home/jovyan/Desktop/MEDAGENT-X/data/raw/chexpert_plus/dicom_train/patient00383/study1/view1_frontal.dcm,data/raw/chexpert_plus/dicom_train/patient00383/study1/view1_frontal.dcm,ok,,,,2320,2828,MONOCHROME1,AP,12,16,0,,"(2320, 2828)","(3, 224, 224)",0.0,1.0,0.2229374945163726,0.0970912054181099,0.3389499466866255,0.0100786909461021,0.9984064033940352,0.0015961402095854,0.0013121555382139,4.347423076629639,True,True,True,True,
358,patient00384/study1,patient00384/study1/view1_frontal.dcm,/home/jovyan/Desktop/MEDAGENT-X/data/raw/chexpert_plus/dicom_train/patient00384/study1/view1_frontal.dcm,/home/jovyan/Desktop/MEDAGENT-X/outputs/chexpert_plus/convnext_features/patient00384_study1_view1_frontal.npz,ok,,data/raw/chexpert_plus/dicom_train/patient00384/study1/view1_frontal.dcm,/home/jovyan/Desktop/MEDAGENT-X/outputs/chexpert_plus/raddino_features/patient00384__study1__view1_frontal.npz,success,,microsoft/rad-dino,/home/jovyan/Desktop/MEDAGENT-X/data/raw/chexpert_plus/dicom_train/patient00384/study1/view1_frontal.dcm,data/raw/chexpert_plus/dicom_train/patient00384/study1/view1_frontal.dcm,ok,,,,2320,2828,MONOCHROME1,AP,12,16,0,,"(2320, 2828)","(3, 224, 224)",0.0,1.0,0.3169931173324585,0.110169418156147,0.3965811990201473,0.0119785629212856,0.9976901566423708,0.0023151910863816,0.0025224967077988,4.467737674713135,True,True,True,True,
359,patient00386/study1,patient00386/study1/view1_frontal.dcm,/home/jovyan/Desktop/MEDAGENT-X/data/raw/chexpert_plus/dicom_train/patient00386/study1/view1_frontal.dcm,/home/jovyan/Desktop/MEDAGENT-X/outputs/chexpert_plus/convnext_features/patient00386_study1_view1_frontal.npz,ok,,data/raw/chexpert_plus/dicom_train/patient00386/study1/view1_frontal.dcm,/home/jovyan/Desktop/MEDAGENT-X/outputs/chexpert_plus/raddino_features/patient00386__study1__view1_frontal.npz,success,,microsoft/rad-dino,/home/jovyan/Desktop/MEDAGENT-X/data/raw/chexpert_plus/dicom_train/patient00386/study1/view1_frontal.dcm,data/raw/chexpert_plus/dicom_train/patient00386/study1/view1_frontal.dcm,ok,,,,2320,2828,MONOCHROME1,AP,12,16,0,,"(2320, 2828)","(3, 224, 224)",0.0,1.0,0.5191589593887329,0.1969753503799438,0.6656898558139801,0.0093908188864588,0.9984484324483004,0.0015539786545559,0.0014129029898063,5.400209426879883,True,True,True,True,
360,patient00387/study1,patient00387/study1/view1_frontal.dcm,/home/jovyan/Desktop/MEDAGENT-X/data/raw/chexpert_plus/dicom_train/patient00387/study1/view1_frontal.dcm,/home/jovyan/Desktop/MEDAGENT-X/outputs/chexpert_plus/convnext_features/patient00387_study1_view1_frontal.npz,ok,,data/raw/chexpert_plus/dicom_train/patient00387/study1/view1_frontal.dcm,/home/jovyan/Desktop/MEDAGENT-X/outputs/chexpert_plus/raddino_features/patient00387__study1__view1_frontal.npz,success,,microsoft/rad-dino,/home/jovyan/Desktop/MEDAGENT-X/data/raw/chexpert_plus/dicom_train/patient00387/study1/view1_frontal.dcm,data/raw/chexpert_plus/dicom_train/patient00387/study1/view1_frontal.dcm,ok,,,,2022,2022,MONOCHROME2,PA,14,16,0,,"(2022, 2022)","(3, 224, 224)",0.0,1.0,0.6246305704116821,0.1520769000053405,0.4244118928909302,0.0073574110865592,0.9988720452133918,0.0011292285053059,0.015821267736403,4.940994739532471,True,True,True,True,
360,patient00387/study1,patient00387/study1/view2_lateral.dcm,/home/jovyan/Desktop/MEDAGENT-X/data/raw/chexpert_plus/dicom_train/patient00387/study1/view2_lateral.dcm,/home/jovyan/Desktop/MEDAGENT-X/outputs/chexpert_plus/convnext_features/patient00387_study1_view2_lateral.npz,ok,,data/raw/chexpert_plus/dicom_train/patient00387/study1/view2_lateral.dcm,/home/jovyan/Desktop/MEDAGENT-X/outputs/chexpert_plus/raddino_features/patient00387__study1__view2_lateral.npz,success,,microsoft/rad-dino,/home/jovyan/Desktop/MEDAGENT-X/data/raw/chexpert_plus/dicom_train/patient00387/study1/view2_lateral.dcm,data/raw/chexpert_plus/dicom_train/patient00387/study1/view2_lateral.dcm,ok,,,,2022,1741,MONOCHROME2,LL,14,16,0,,"(2022, 1741)","(3, 224, 224)",0.0,1.0,0.2870185971260071,0.077876329421997,0.2074101269245147,0.0072635877877473,0.9992485391938498,0.0007520259241573,0.0021015242442267,3.725620746612549,True,True,True,True,
361,patient00388/study1,patient00388/study1/view1_frontal.dcm,/home/jovyan/Desktop/MEDAGENT-X/data/raw/chexpert_plus/dicom_train/patient00388/study1/view1_frontal.dcm,/home/jovyan/Desktop/MEDAGENT-X/outputs/chexpert_plus/convnext_features/patient00388_study1_view1_frontal.npz,ok,,data/raw/chexpert_plus/dicom_train/patient00388/study1/view1_frontal.dcm,/home/jovyan/Desktop/MEDAGENT-X/outputs/chexpert_plus/raddino_features/patient00388__study1__view1_frontal.npz,success,,microsoft/rad-dino,/home/jovyan/Desktop/MEDAGENT-X/data/raw/chexpert_plus/dicom_train/patient00388/study1/view1_frontal.dcm,data/raw/chexpert_plus/dicom_train/patient00388/study1/view1_frontal.dcm,ok,,,,2320,2828,MONOCHROME1,AP,12,16,0,,"(2320, 2828)","(3, 224, 224)",0.0,1.0,0.3020882308483124,0.0782104581594467,0.2161172181367874,0.0110499206930398,0.9981936231089414,0.0018096457934007,0.0017178888455347,3.944561243057251,True,True,True,True,
362,patient00391/study1,patient00391/study1/view1_frontal.dcm,/home/jovyan/Desktop/MEDAGENT-X/data/raw/chexpert_plus/dicom_train/patient00391/study1/view1_frontal.dcm,/home/jovyan/Desktop/MEDAGENT-X/outputs/chexpert_plus/convnext_features/patient00391_study1_view1_frontal.npz,ok,,data/raw/chexpert_plus/dicom_train/patient00391/study1/view1_frontal.dcm,/home/jovyan/Desktop/MEDAGENT-X/outputs/chexpert_plus/raddino_features/patient00391__study1__view1_frontal.npz,success,,microsoft/rad-dino,/home/jovyan/Desktop/MEDAGENT-X/data/raw/chexpert_plus/dicom_train/patient00391/study1/view1_frontal.dcm,data/raw/chexpert_plus/dicom_train/patient00391/study1/view1_frontal.dcm,ok,,,,2320,2828,MONOCHROME1,AP,12,16,0,,"(2320, 2828)","(3, 224, 224)",0.0,1.0,0.3461798131465912,0.1053497791290283,0.3321123570203781,0.0119988480582833,0.9977963570515864,0.0022085097152739,0.0018414988050529,4.530311584472656,True,True,True,True,
363,patient00391/study2,patient00391/study2/view1_frontal.dcm,/home/jovyan/Desktop/MEDAGENT-X/data/raw/chexpert_plus/dicom_train/patient00391/study2/view1_frontal.dcm,/home/jovyan/Desktop/MEDAGENT-X/outputs/chexpert_plus/convnext_features/patient00391_study2_view1_frontal.npz,ok,,data/raw/chexpert_plus/dicom_train/patient00391/study2/view1_frontal.dcm,/home/jovyan/Desktop/MEDAGENT-X/outputs/chexpert_plus/raddino_features/patient00391__study2__view1_frontal.npz,success,,microsoft/rad-dino,/home/jovyan/Desktop/MEDAGENT-X/data/raw/chexpert_plus/dicom_train/patient00391/study2/view1_frontal.dcm,data/raw/chexpert_plus/dicom_train/patient00391/study2/view1_frontal.dcm,ok,,,,2048,2494,MONOCHROME1,AP,12,16,0,,"(2048, 2494)","(3, 224, 224)",0.0,1.0,0.2497616559267044,0.1004746183753013,0.3374847397208214,0.0097293406724929,0.9985787509851228,0.0014232718385756,0.0012394982332598,4.56884241104126,True,True,True,True,
364,patient00391/study3,patient00391/study3/view1_frontal.dcm,/home/jovyan/Desktop/MEDAGENT-X/data/raw/chexpert_plus/dicom_train/patient00391/study3/view1_frontal.dcm,/home/jovyan/Desktop/MEDAGENT-X/outputs/chexpert_plus/convnext_features/patient00391_study3_view1_frontal.npz,ok,,data/raw/chexpert_plus/dicom_train/patient00391/study3/view1_frontal.dcm,/home/jovyan/Desktop/MEDAGENT-X/outputs/chexpert_plus/raddino_features/patient00391__study3__view1_frontal.npz,success,,microsoft/rad-dino,/home/jovyan/Desktop/MEDAGENT-X/data/raw/chexpert_plus/dicom_train/patient00391/study3/view1_frontal.dcm,data/raw/chexpert_plus/dicom_train/patient00391/study3/view1_frontal.dcm,ok,,,,2320,2828,MONOCHROME1,AP,12,16,0,,"(2320, 2828)","(3, 224, 224)",0.0,1.0,0.34217569231987,0.1064834594726562,0.331135556101799,0.0101878168061375,0.998365207411542,0.0016374695114791,0.0014014717358435,4.6831536293029785,True,True,True,True,
365,patient00391/study4,patient00391/study4/view1_frontal.dcm,/home/jovyan/Desktop/MEDAGENT-X/data/raw/chexpert_plus/dicom_train/patient00391/study4/view1_frontal.dcm,/home/jovyan/Desktop/MEDAGENT-X/outputs/chexpert_plus/convnext_features/patient00391_study4_view1_frontal.npz,ok,,data/raw/chexpert_plus/dicom_train/patient00391/study4/view1_frontal.dcm,/home/jovyan/Desktop/MEDAGENT-X/outputs/chexpert_plus/raddino_features/patient00391__study4__view1_frontal.npz,success,,microsoft/rad-dino,/home/jovyan/Desktop/MEDAGENT-X/data/raw/chexpert_plus/dicom_train/patient00391/study4/view1_frontal.dcm,data/raw/chexpert_plus/dicom_train/patient00391/study4/view1_frontal.dcm,ok,,,,2320,2828,MONOCHROME1,PA,12,16,0,,"(2320, 2828)","(3, 224, 224)",0.0,1.0,0.3672181665897369,0.0898159146308898,0.2761905044317245,0.0106911389157176,0.9981899605764092,0.0018133216071873,0.0012627725210944,4.431128978729248,True,True,True,True,
365,patient00391/study4,patient00391/study4/view2_lateral.dcm,/home/jovyan/Desktop/MEDAGENT-X/data/raw/chexpert_plus/dicom_train/patient00391/study4/view2_lateral.dcm,/home/jovyan/Desktop/MEDAGENT-X/outputs/chexpert_plus/convnext_features/patient00391_study4_view2_lateral.npz,ok,,data/raw/chexpert_plus/dicom_train/patient00391/study4/view2_lateral.dcm,/home/jovyan/Desktop/MEDAGENT-X/outputs/chexpert_plus/raddino_features/patient00391__study4__view2_lateral.npz,success,,microsoft/rad-dino,/home/jovyan/Desktop/MEDAGENT-X/data/raw/chexpert_plus/dicom_train/patient00391/study4/view2_lateral.dcm,data/raw/chexpert_plus/dicom_train/patient00391/study4/view2_lateral.dcm,ok,,,,2828,2320,MONOCHROME1,PA,12,16,0,,"(2828, 2320)","(3, 224, 224)",0.0,1.0,0.3297294378280639,0.1646381318569183,0.5150183420628309,0.0074996287003159,0.9989603768107512,0.0010407051304355,0.0004084768082719,4.878166675567627,True,True,True,True,
366,patient00401/study1,patient00401/study1/view1_frontal.dcm,/home/jovyan/Desktop/MEDAGENT-X/data/raw/chexpert_plus/dicom_train/patient00401/study1/view1_frontal.dcm,/home/jovyan/Desktop/MEDAGENT-X/outputs/chexpert_plus/convnext_features/patient00401_study1_view1_frontal.npz,ok,,data/raw/chexpert_plus/dicom_train/patient00401/study1/view1_frontal.dcm,/home/jovyan/Desktop/MEDAGENT-X/outputs/chexpert_plus/raddino_features/patient00401__study1__view1_frontal.npz,success,,microsoft/rad-dino,/home/jovyan/Desktop/MEDAGENT-X/data/raw/chexpert_plus/dicom_train/patient00401/study1/view1_frontal.dcm,data/raw/chexpert_plus/dicom_train/patient00401/study1/view1_frontal.dcm,ok,,,,2320,2828,MONOCHROME1,AP,12,16,0,,"(2320, 2828)","(3, 224, 224)",0.0,1.0,0.2297799289226532,0.0879636108875274,0.30134311132133,0.0088922223076224,0.9987986578027482,0.0012027871562168,0.0010833780422377,4.120670318603516,True,True,True,True,
367,patient00403/study4,patient00403/study4/view1_frontal.dcm,/home/jovyan/Desktop/MEDAGENT-X/data/raw/chexpert_plus/dicom_train/patient00403/study4/view1_frontal.dcm,/home/jovyan/Desktop/MEDAGENT-X/outputs/chexpert_plus/convnext_features/patient00403_study4_view1_frontal.npz,ok,,data/raw/chexpert_plus/dicom_train/patient00403/study4/view1_frontal.dcm,/home/jovyan/Desktop/MEDAGENT-X/outputs/chexpert_plus/raddino_features/patient00403__study4__view1_frontal.npz,success,,microsoft/rad-dino,/home/jovyan/Desktop/MEDAGENT-X/data/raw/chexpert_plus/dicom_train/patient00403/study4/view1_frontal.dcm,data/raw/chexpert_plus/dicom_train/patient00403/study4/view1_frontal.dcm,ok,,,,2320,2828,MONOCHROME1,AP,12,16,0,,"(2320, 2828)","(3, 224, 224)",0.0,1.0,0.3452085852622986,0.0767840966582298,0.2464979141950607,0.0054564904421567,0.9994642968455344,0.0005359902861528,0.0065014875871823,4.269442558288574,True,True,True,True,
368,patient00403/study5,patient00403/study5/view1_frontal.dcm,/home/jovyan/Desktop/MEDAGENT-X/data/raw/chexpert_plus/dicom_train/patient00403/study5/view1_frontal.dcm,/home/jovyan/Desktop/MEDAGENT-X/outputs/chexpert_plus/convnext_features/patient00403_study5_view1_frontal.npz,ok,,data/raw/chexpert_plus/dicom_train/patient00403/study5/view1_frontal.dcm,/home/jovyan/Desktop/MEDAGENT-X/outputs/chexpert_plus/raddino_features/patient00403__study5__view1_frontal.npz,success,,microsoft/rad-dino,/home/jovyan/Desktop/MEDAGENT-X/data/raw/chexpert_plus/dicom_train/patient00403/study5/view1_frontal.dcm,data/raw/chexpert_plus/dicom_train/patient00403/study5/view1_frontal.dcm,ok,,,,3480,4240,MONOCHROME1,AP,12,16,0,,"(3480, 4240)","(3, 224, 224)",0.0,1.0,0.2613024711608886,0.0788592919707298,0.326251532882452,0.0049183215014636,0.9995587259640828,0.0004414688446559,0.0022806874864454,4.00116777420044,True,True,True,True,
369,patient00403/study1,patient00403/study1/view1_frontal.dcm,/home/jovyan/Desktop/MEDAGENT-X/data/raw/chexpert_plus/dicom_train/patient00403/study1/view1_frontal.dcm,/home/jovyan/Desktop/MEDAGENT-X/outputs/chexpert_plus/convnext_features/patient00403_study1_view1_frontal.npz,ok,,data/raw/chexpert_plus/dicom_train/patient00403/study1/view1_frontal.dcm,/home/jovyan/Desktop/MEDAGENT-X/outputs/chexpert_plus/raddino_features/patient00403__study1__view1_frontal.npz,success,,microsoft/rad-dino,/home/jovyan/Desktop/MEDAGENT-X/data/raw/chexpert_plus/dicom_train/patient00403/study1/view1_frontal.dcm,data/raw/chexpert_plus/dicom_train/patient00403/study1/view1_frontal.dcm,ok,,,,3480,4240,MONOCHROME1,AP,12,16,0,,"(3480, 4240)","(3, 224, 224)",0.0,1.0,0.2313062846660614,0.0899780839681625,0.3282051365822553,0.0087942508980631,0.9988399935151696,0.00116135366261,0.0008098839731077,4.223869800567627,True,True,True,True,
370,patient00403/study3,patient00403/study3/view1_frontal.dcm,/home/jovyan/Desktop/MEDAGENT-X/data/raw/chexpert_plus/dicom_train/patient00403/study3/view1_frontal.dcm,/home/jovyan/Desktop/MEDAGENT-X/outputs/chexpert_plus/convnext_features/patient00403_study3_view1_frontal.npz,ok,,data/raw/chexpert_plus/dicom_train/patient00403/study3/view1_frontal.dcm,/home/jovyan/Desktop/MEDAGENT-X/outputs/chexpert_plus/raddino_features/patient00403__study3__view1_frontal.npz,success,,microsoft/rad-dino,/home/jovyan/Desktop/MEDAGENT-X/data/raw/chexpert_plus/dicom_train/patient00403/study3/view1_frontal.dcm,data/raw/chexpert_plus/dicom_train/patient00403/study3/view1_frontal.dcm,ok,,,,3480,4240,MONOCHROME1,AP,12,16,0,,"(3480, 4240)","(3, 224, 224)",0.0,1.0,0.3399533033370971,0.0962136760354042,0.3445665389299392,0.0061523006297647,0.9992818842791422,0.0007186317816376,0.0026694995662546,4.424117088317871,True,True,True,True,
371,patient00403/study2,patient00403/study2/view1_frontal.dcm,/home/jovyan/Desktop/MEDAGENT-X/data/raw/chexpert_plus/dicom_train/patient00403/study2/view1_frontal.dcm,/home/jovyan/Desktop/MEDAGENT-X/outputs/chexpert_plus/convnext_features/patient00403_study2_view1_frontal.npz,ok,,data/raw/chexpert_plus/dicom_train/patient00403/study2/view1_frontal.dcm,/home/jovyan/Desktop/MEDAGENT-X/outputs/chexpert_plus/raddino_features/patient00403__study2__view1_frontal.npz,success,,microsoft/rad-dino,/home/jovyan/Desktop/MEDAGENT-X/data/raw/chexpert_plus/dicom_train/patient00403/study2/view1_frontal.dcm,data/raw/chexpert_plus/dicom_train/patient00403/study2/view1_frontal.dcm,ok,,,,3480,4240,MONOCHROME1,AP,12,16,0,,"(3480, 4240)","(3, 224, 224)",0.0,1.0,0.4038032293319702,0.0969555452466011,0.3115000128746032,0.0075336983427405,0.9988165502338918,0.0011848519789054,0.0036277380177835,4.585940361022949,True,True,True,True,
372,patient00405/study1,patient00405/study1/view1_frontal.dcm,/home/jovyan/Desktop/MEDAGENT-X/data/raw/chexpert_plus/dicom_train/patient00405/study1/view1_frontal.dcm,/home/jovyan/Desktop/MEDAGENT-X/outputs/chexpert_plus/convnext_features/patient00405_study1_view1_frontal.npz,ok,,data/raw/chexpert_plus/dicom_train/patient00405/study1/view1_frontal.dcm,/home/jovyan/Desktop/MEDAGENT-X/outputs/chexpert_plus/raddino_features/patient00405__study1__view1_frontal.npz,success,,microsoft/rad-dino,/home/jovyan/Desktop/MEDAGENT-X/data/raw/chexpert_plus/dicom_train/patient00405/study1/view1_frontal.dcm,data/raw/chexpert_plus/dicom_train/patient00405/study1/view1_frontal.dcm,ok,,,,1741,2011,MONOCHROME2,PA,14,16,0,,"(1741, 2011)","(3, 224, 224)",0.0,1.0,0.3060409724712372,0.0577579215168952,0.2087529599666595,0.0065419352613389,0.9994799664391688,0.0005203041364438,0.0027542371065972,3.460249423980713,True,True,True,True,
372,patient00405/study1,patient00405/study1/view2_frontal.dcm,/home/jovyan/Desktop/MEDAGENT-X/data/raw/chexpert_plus/dicom_train/patient00405/study1/view2_frontal.dcm,/home/jovyan/Desktop/MEDAGENT-X/outputs/chexpert_plus/convnext_features/patient00405_study1_view2_frontal.npz,ok,,data/raw/chexpert_plus/dicom_train/patient00405/study1/view2_frontal.dcm,/home/jovyan/Desktop/MEDAGENT-X/outputs/chexpert_plus/raddino_features/patient00405__study1__view2_frontal.npz,success,,microsoft/rad-dino,/home/jovyan/Desktop/MEDAGENT-X/data/raw/chexpert_plus/dicom_train/patient00405/study1/view2_frontal.dcm,data/raw/chexpert_plus/dicom_train/patient00405/study1/view2_frontal.dcm,ok,,,,1746,2011,MONOCHROME2,PA,14,16,0,,"(1746, 2011)","(3, 224, 224)",0.0,1.0,0.8094161152839661,0.0997537150979042,0.2646808624267578,0.0135910799726843,0.9979410094286976,0.0020632387604564,0.0022206045444214,4.321661472320557,True,True,True,True,
373,patient00408/study1,patient00408/study1/view1_frontal.dcm,/home/jovyan/Desktop/MEDAGENT-X/data/raw/chexpert_plus/dicom_train/patient00408/study1/view1_frontal.dcm,/home/jovyan/Desktop/MEDAGENT-X/outputs/chexpert_plus/convnext_features/patient00408_study1_view1_frontal.npz,ok,,data/raw/chexpert_plus/dicom_train/patient00408/study1/view1_frontal.dcm,/home/jovyan/Desktop/MEDAGENT-X/outputs/chexpert_plus/raddino_features/patient00408__study1__view1_frontal.npz,success,,microsoft/rad-dino,/home/jovyan/Desktop/MEDAGENT-X/data/raw/chexpert_plus/dicom_train/patient00408/study1/view1_frontal.dcm,data/raw/chexpert_plus/dicom_train/patient00408/study1/view1_frontal.dcm,ok,,,,2320,2828,MONOCHROME1,AP,12,16,0,,"(2320, 2828)","(3, 224, 224)",0.0,1.0,0.3421841859817505,0.1029761284589767,0.3785103783011436,0.0108031556010246,0.9982494848457992,0.0017535848310217,0.0027858727991025,4.367951393127441,True,True,True,True,
374,patient00408/study4,patient00408/study4/view1_frontal.dcm,/home/jovyan/Desktop/MEDAGENT-X/data/raw/chexpert_plus/dicom_train/patient00408/study4/view1_frontal.dcm,/home/jovyan/Desktop/MEDAGENT-X/outputs/chexpert_plus/convnext_features/patient00408_study4_view1_frontal.npz,ok,,data/raw/chexpert_plus/dicom_train/patient00408/study4/view1_frontal.dcm,/home/jovyan/Desktop/MEDAGENT-X/outputs/chexpert_plus/raddino_features/patient00408__study4__view1_frontal.npz,success,,microsoft/rad-dino,/home/jovyan/Desktop/MEDAGENT-X/data/raw/chexpert_plus/dicom_train/patient00408/study4/view1_frontal.dcm,data/raw/chexpert_plus/dicom_train/patient00408/study4/view1_frontal.dcm,ok,,,,2048,2494,MONOCHROME1,AP,12,16,0,,"(2048, 2494)","(3, 224, 224)",0.0,1.0,0.2063306123018264,0.0928029716014862,0.3255189349874854,0.0102453753352165,0.9983368993865748,0.0016658711247146,0.0018274327135124,4.366415023803711,True,True,True,True,
375,patient00408/study5,patient00408/study5/view1_frontal.dcm,/home/jovyan/Desktop/MEDAGENT-X/data/raw/chexpert_plus/dicom_train/patient00408/study5/view1_frontal.dcm,/home/jovyan/Desktop/MEDAGENT-X/outputs/chexpert_plus/convnext_features/patient00408_study5_view1_frontal.npz,ok,,data/raw/chexpert_plus/dicom_train/patient00408/study5/view1_frontal.dcm,/home/jovyan/Desktop/MEDAGENT-X/outputs/chexpert_plus/raddino_features/patient00408__study5__view1_frontal.npz,success,,microsoft/rad-dino,/home/jovyan/Desktop/MEDAGENT-X/data/raw/chexpert_plus/dicom_train/patient00408/study5/view1_frontal.dcm,data/raw/chexpert_plus/dicom_train/patient00408/study5/view1_frontal.dcm,ok,,,,2320,2828,MONOCHROME1,AP,12,16,0,,"(2320, 2828)","(3, 224, 224)",0.0,1.0,0.2628973424434662,0.0995148718357086,0.3452991507947445,0.0118120554834604,0.9978513529532504,0.0021532736718654,0.0021134102326488,4.447524070739746,True,True,True,True,
376,patient00408/study6,patient00408/study6/view1_frontal.dcm,/home/jovyan/Desktop/MEDAGENT-X/data/raw/chexpert_plus/dicom_train/patient00408/study6/view1_frontal.dcm,/home/jovyan/Desktop/MEDAGENT-X/outputs/chexpert_plus/convnext_features/patient00408_study6_view1_frontal.npz,ok,,data/raw/chexpert_plus/dicom_train/patient00408/study6/view1_frontal.dcm,/home/jovyan/Desktop/MEDAGENT-X/outputs/chexpert_plus/raddino_features/patient00408__study6__view1_frontal.npz,success,,microsoft/rad-dino,/home/jovyan/Desktop/MEDAGENT-X/data/raw/chexpert_plus/dicom_train/patient00408/study6/view1_frontal.dcm,data/raw/chexpert_plus/dicom_train/patient00408/study6/view1_frontal.dcm,ok,,,,2320,2828,MONOCHROME1,AP,12,16,0,,"(2320, 2828)","(3, 224, 224)",0.0,1.0,0.2829509079456329,0.1044874563813209,0.3851037882268429,0.0112287085503339,0.9979469878419084,0.0020572356879711,0.0013879066478076,4.480988502502441,True,True,True,True,
377,patient00408/study2,patient00408/study2/view1_frontal.dcm,/home/jovyan/Desktop/MEDAGENT-X/data/raw/chexpert_plus/dicom_train/patient00408/study2/view1_frontal.dcm,/home/jovyan/Desktop/MEDAGENT-X/outputs/chexpert_plus/convnext_features/patient00408_study2_view1_frontal.npz,ok,,data/raw/chexpert_plus/dicom_train/patient00408/study2/view1_frontal.dcm,/home/jovyan/Desktop/MEDAGENT-X/outputs/chexpert_plus/raddino_features/patient00408__study2__view1_frontal.npz,success,,microsoft/rad-dino,/home/jovyan/Desktop/MEDAGENT-X/data/raw/chexpert_plus/dicom_train/patient00408/study2/view1_frontal.dcm,data/raw/chexpert_plus/dicom_train/patient00408/study2/view1_frontal.dcm,ok,,,,2320,2828,MONOCHROME1,AP,12,16,0,,"(2320, 2828)","(3, 224, 224)",0.0,1.0,0.3061362206935882,0.1122626438736915,0.3235653191804886,0.0111626237630844,0.9980330111396511,0.0019708655308932,0.001198605082183,4.649378776550293,True,True,True,True,
378,patient00408/study3,patient00408/study3/view1_frontal.dcm,/home/jovyan/Desktop/MEDAGENT-X/data/raw/chexpert_plus/dicom_train/patient00408/study3/view1_frontal.dcm,/home/jovyan/Desktop/MEDAGENT-X/outputs/chexpert_plus/convnext_features/patient00408_study3_view1_frontal.npz,ok,,data/raw/chexpert_plus/dicom_train/patient00408/study3/view1_frontal.dcm,/home/jovyan/Desktop/MEDAGENT-X/outputs/chexpert_plus/raddino_features/patient00408__study3__view1_frontal.npz,success,,microsoft/rad-dino,/home/jovyan/Desktop/MEDAGENT-X/data/raw/chexpert_plus/dicom_train/patient00408/study3/view1_frontal.dcm,data/raw/chexpert_plus/dicom_train/patient00408/study3/view1_frontal.dcm,ok,,,,2320,2828,MONOCHROME1,AP,12,16,0,,"(2320, 2828)","(3, 224, 224)",0.0,1.0,0.214796170592308,0.0958219990134239,0.3216117303818464,0.0100962100550532,0.9984540911744038,0.001548302359879,0.0012200958396332,4.364026069641113,True,True,True,True,
379,patient00412/study6,patient00412/study6/view1_frontal.dcm,/home/jovyan/Desktop/MEDAGENT-X/data/raw/chexpert_plus/dicom_train/patient00412/study6/view1_frontal.dcm,/home/jovyan/Desktop/MEDAGENT-X/outputs/chexpert_plus/convnext_features/patient00412_study6_view1_frontal.npz,ok,,data/raw/chexpert_plus/dicom_train/patient00412/study6/view1_frontal.dcm,/home/jovyan/Desktop/MEDAGENT-X/outputs/chexpert_plus/raddino_features/patient00412__study6__view1_frontal.npz,success,,microsoft/rad-dino,/home/jovyan/Desktop/MEDAGENT-X/data/raw/chexpert_plus/dicom_train/patient00412/study6/view1_frontal.dcm,data/raw/chexpert_plus/dicom_train/patient00412/study6/view1_frontal.dcm,ok,,,,2320,2828,MONOCHROME1,AP,12,16,0,,"(2320, 2828)","(3, 224, 224)",0.0,1.0,0.2901014685630798,0.1087528392672538,0.3118437156081199,0.009418555535376,0.998545505217042,0.0014566134195774,0.0012728320245817,4.4771833419799805,True,True,True,True,
380,patient00412/study4,patient00412/study4/view1_frontal.dcm,/home/jovyan/Desktop/MEDAGENT-X/data/raw/chexpert_plus/dicom_train/patient00412/study4/view1_frontal.dcm,/home/jovyan/Desktop/MEDAGENT-X/outputs/chexpert_plus/convnext_features/patient00412_study4_view1_frontal.npz,ok,,data/raw/chexpert_plus/dicom_train/patient00412/study4/view1_frontal.dcm,/home/jovyan/Desktop/MEDAGENT-X/outputs/chexpert_plus/raddino_features/patient00412__study4__view1_frontal.npz,success,,microsoft/rad-dino,/home/jovyan/Desktop/MEDAGENT-X/data/raw/chexpert_plus/dicom_train/patient00412/study4/view1_frontal.dcm,data/raw/chexpert_plus/dicom_train/patient00412/study4/view1_frontal.dcm,ok,,,,2320,2828,MONOCHROME1,AP,12,16,0,,"(2320, 2828)","(3, 224, 224)",0.0,1.0,0.2454425692558288,0.0953425243496894,0.285714291036129,0.0083889374509453,0.998887697171002,0.0011135414242744,0.0010711847046773,4.434274673461914,True,True,True,True,
381,patient00412/study2,patient00412/study2/view1_frontal.dcm,/home/jovyan/Desktop/MEDAGENT-X/data/raw/chexpert_plus/dicom_train/patient00412/study2/view1_frontal.dcm,/home/jovyan/Desktop/MEDAGENT-X/outputs/chexpert_plus/convnext_features/patient00412_study2_view1_frontal.npz,ok,,data/raw/chexpert_plus/dicom_train/patient00412/study2/view1_frontal.dcm,/home/jovyan/Desktop/MEDAGENT-X/outputs/chexpert_plus/raddino_features/patient00412__study2__view1_frontal.npz,success,,microsoft/rad-dino,/home/jovyan/Desktop/MEDAGENT-X/data/raw/chexpert_plus/dicom_train/patient00412/study2/view1_frontal.dcm,data/raw/chexpert_plus/dicom_train/patient00412/study2/view1_frontal.dcm,ok,,,,2320,2828,MONOCHROME1,AP,12,16,0,,"(2320, 2828)","(3, 224, 224)",0.0,1.0,0.2876535654067993,0.0589614808559417,0.1352869421243667,0.0115256253629922,0.9980522709418124,0.0019515301100909,0.0028386089840511,3.295681953430176,True,True,True,True,
382,patient00412/study7,patient00412/study7/view1_frontal.dcm,/home/jovyan/Desktop/MEDAGENT-X/data/raw/chexpert_plus/dicom_train/patient00412/study7/view1_frontal.dcm,/home/jovyan/Desktop/MEDAGENT-X/outputs/chexpert_plus/convnext_features/patient00412_study7_view1_frontal.npz,ok,,data/raw/chexpert_plus/dicom_train/patient00412/study7/view1_frontal.dcm,/home/jovyan/Desktop/MEDAGENT-X/outputs/chexpert_plus/raddino_features/patient00412__study7__view1_frontal.npz,success,,microsoft/rad-dino,/home/jovyan/Desktop/MEDAGENT-X/data/raw/chexpert_plus/dicom_train/patient00412/study7/view1_frontal.dcm,data/raw/chexpert_plus/dicom_train/patient00412/study7/view1_frontal.dcm,ok,,,,2320,2828,MONOCHROME1,AP,12,16,0,,"(2320, 2828)","(3, 224, 224)",0.0,1.0,0.2552956342697143,0.1092823967337608,0.3111111149191856,0.0092004369944334,0.9986050728277978,0.0013968757120892,0.0014676205921084,4.581135272979736,True,True,True,True,
383,patient00412/study1,patient00412/study1/view1_frontal.dcm,/home/jovyan/Desktop/MEDAGENT-X/data/raw/chexpert_plus/dicom_train/patient00412/study1/view1_frontal.dcm,/home/jovyan/Desktop/MEDAGENT-X/outputs/chexpert_plus/convnext_features/patient00412_study1_view1_frontal.npz,ok,,data/raw/chexpert_plus/dicom_train/patient00412/study1/view1_frontal.dcm,/home/jovyan/Desktop/MEDAGENT-X/outputs/chexpert_plus/raddino_features/patient00412__study1__view1_frontal.npz,success,,microsoft/rad-dino,/home/jovyan/Desktop/MEDAGENT-X/data/raw/chexpert_plus/dicom_train/patient00412/study1/view1_frontal.dcm,data/raw/chexpert_plus/dicom_train/patient00412/study1/view1_frontal.dcm,ok,,,,2320,2828,MONOCHROME1,AP,12,16,0,,"(2320, 2828)","(3, 224, 224)",0.0,1.0,0.2818893194198608,0.09072045981884,0.2827838882803917,0.0078051323071122,0.999072047489154,0.0009288144065067,0.0040603814075988,4.3543195724487305,True,True,True,True,
384,patient00412/study3,patient00412/study3/view1_frontal.dcm,/home/jovyan/Desktop/MEDAGENT-X/data/raw/chexpert_plus/dicom_train/patient00412/study3/view1_frontal.dcm,/home/jovyan/Desktop/MEDAGENT-X/outputs/chexpert_plus/convnext_features/patient00412_study3_view1_frontal.npz,ok,,data/raw/chexpert_plus/dicom_train/patient00412/study3/view1_frontal.dcm,/home/jovyan/Desktop/MEDAGENT-X/outputs/chexpert_plus/raddino_features/patient00412__study3__view1_frontal.npz,success,,microsoft/rad-dino,/home/jovyan/Desktop/MEDAGENT-X/data/raw/chexpert_plus/dicom_train/patient00412/study3/view1_frontal.dcm,data/raw/chexpert_plus/dicom_train/patient00412/study3/view1_frontal.dcm,ok,,,,2320,2828,MONOCHROME1,AP,12,16,0,,"(2320, 2828)","(3, 224, 224)",0.0,1.0,0.3062213063240051,0.09550641477108,0.3023198992013931,0.009428484365344,0.9985444223366564,0.0014576994581148,0.0009939094278886,4.501463890075684,True,True,True,True,
385,patient00412/study8,patient00412/study8/view1_frontal.dcm,/home/jovyan/Desktop/MEDAGENT-X/data/raw/chexpert_plus/dicom_train/patient00412/study8/view1_frontal.dcm,/home/jovyan/Desktop/MEDAGENT-X/outputs/chexpert_plus/convnext_features/patient00412_study8_view1_frontal.npz,ok,,data/raw/chexpert_plus/dicom_train/patient00412/study8/view1_frontal.dcm,/home/jovyan/Desktop/MEDAGENT-X/outputs/chexpert_plus/raddino_features/patient00412__study8__view1_frontal.npz,success,,microsoft/rad-dino,/home/jovyan/Desktop/MEDAGENT-X/data/raw/chexpert_plus/dicom_train/patient00412/study8/view1_frontal.dcm,data/raw/chexpert_plus/dicom_train/patient00412/study8/view1_frontal.dcm,ok,,,,2320,2828,MONOCHROME1,AP,12,16,0,,"(2320, 2828)","(3, 224, 224)",0.0,1.0,0.291480004787445,0.1210546419024467,0.3794871792197227,0.0099264001473784,0.9983945243999188,0.0016080572968348,0.0014691447593035,4.676666736602783,True,True,True,True,
386,patient00412/study5,patient00412/study5/view1_frontal.dcm,/home/jovyan/Desktop/MEDAGENT-X/data/raw/chexpert_plus/dicom_train/patient00412/study5/view1_frontal.dcm,/home/jovyan/Desktop/MEDAGENT-X/outputs/chexpert_plus/convnext_features/patient00412_study5_view1_frontal.npz,ok,,data/raw/chexpert_plus/dicom_train/patient00412/study5/view1_frontal.dcm,/home/jovyan/Desktop/MEDAGENT-X/outputs/chexpert_plus/raddino_features/patient00412__study5__view1_frontal.npz,success,,microsoft/rad-dino,/home/jovyan/Desktop/MEDAGENT-X/data/raw/chexpert_plus/dicom_train/patient00412/study5/view1_frontal.dcm,data/raw/chexpert_plus/dicom_train/patient00412/study5/view1_frontal.dcm,ok,,,,2320,2828,MONOCHROME1,AP,12,16,0,,"(2320, 2828)","(3, 224, 224)",0.0,1.0,0.2238147109746933,0.0965806022286415,0.3223443292081356,0.0094693042337894,0.998608945514698,0.0013929922133684,0.0025506938009071,4.498199939727783,True,True,True,True,
387,patient00413/study1,patient00413/study1/view1_frontal.dcm,/home/jovyan/Desktop/MEDAGENT-X/data/raw/chexpert_plus/dicom_train/patient00413/study1/view1_frontal.dcm,/home/jovyan/Desktop/MEDAGENT-X/outputs/chexpert_plus/convnext_features/patient00413_study1_view1_frontal.npz,ok,,data/raw/chexpert_plus/dicom_train/patient00413/study1/view1_frontal.dcm,/home/jovyan/Desktop/MEDAGENT-X/outputs/chexpert_plus/raddino_features/patient00413__study1__view1_frontal.npz,success,,microsoft/rad-dino,/home/jovyan/Desktop/MEDAGENT-X/data/raw/chexpert_plus/dicom_train/patient00413/study1/view1_frontal.dcm,data/raw/chexpert_plus/dicom_train/patient00413/study1/view1_frontal.dcm,ok,,,,3408,4200,MONOCHROME1,PA,12,16,0,,"(3408, 4200)","(3, 224, 224)",0.0,1.0,0.5540347099304199,0.1474453657865524,0.4303163290023803,0.0080860964953899,0.9983605162544432,0.0016421760665252,0.0655730913257321,5.158113956451416,True,True,True,True,
387,patient00413/study1,patient00413/study1/view2_lateral.dcm,/home/jovyan/Desktop/MEDAGENT-X/data/raw/chexpert_plus/dicom_train/patient00413/study1/view2_lateral.dcm,/home/jovyan/Desktop/MEDAGENT-X/outputs/chexpert_plus/convnext_features/patient00413_study1_view2_lateral.npz,ok,,data/raw/chexpert_plus/dicom_train/patient00413/study1/view2_lateral.dcm,/home/jovyan/Desktop/MEDAGENT-X/outputs/chexpert_plus/raddino_features/patient00413__study1__view2_lateral.npz,success,,microsoft/rad-dino,/home/jovyan/Desktop/MEDAGENT-X/data/raw/chexpert_plus/dicom_train/patient00413/study1/view2_lateral.dcm,data/raw/chexpert_plus/dicom_train/patient00413/study1/view2_lateral.dcm,ok,,,,4200,3408,MONOCHROME1,LL,12,16,0,,"(4200, 3408)","(3, 224, 224)",0.0,1.0,0.3412392437458038,0.1284824907779693,0.4527313485741615,0.0044130915775895,0.999527756541475,0.0004724665777757,0.0216958696624189,4.675805568695068,True,True,True,True,
388,patient00422/study1,patient00422/study1/view1_frontal.dcm,/home/jovyan/Desktop/MEDAGENT-X/data/raw/chexpert_plus/dicom_train/patient00422/study1/view1_frontal.dcm,/home/jovyan/Desktop/MEDAGENT-X/outputs/chexpert_plus/convnext_features/patient00422_study1_view1_frontal.npz,ok,,data/raw/chexpert_plus/dicom_train/patient00422/study1/view1_frontal.dcm,/home/jovyan/Desktop/MEDAGENT-X/outputs/chexpert_plus/raddino_features/patient00422__study1__view1_frontal.npz,success,,microsoft/rad-dino,/home/jovyan/Desktop/MEDAGENT-X/data/raw/chexpert_plus/dicom_train/patient00422/study1/view1_frontal.dcm,data/raw/chexpert_plus/dicom_train/patient00422/study1/view1_frontal.dcm,ok,,,,2320,2828,MONOCHROME1,AP,12,16,0,,"(2320, 2828)","(3, 224, 224)",0.0,1.0,0.4279951453208923,0.1317976862192154,0.4369879364967346,0.0044639683328568,0.9995750865880484,0.0004250940401107,0.0065967480368726,4.991450309753418,True,True,True,True,
389,patient00422/study2,patient00422/study2/view1_frontal.dcm,/home/jovyan/Desktop/MEDAGENT-X/data/raw/chexpert_plus/dicom_train/patient00422/study2/view1_frontal.dcm,/home/jovyan/Desktop/MEDAGENT-X/outputs/chexpert_plus/convnext_features/patient00422_study2_view1_frontal.npz,ok,,data/raw/chexpert_plus/dicom_train/patient00422/study2/view1_frontal.dcm,/home/jovyan/Desktop/MEDAGENT-X/outputs/chexpert_plus/raddino_features/patient00422__study2__view1_frontal.npz,success,,microsoft/rad-dino,/home/jovyan/Desktop/MEDAGENT-X/data/raw/chexpert_plus/dicom_train/patient00422/study2/view1_frontal.dcm,data/raw/chexpert_plus/dicom_train/patient00422/study2/view1_frontal.dcm,ok,,,,2320,2828,MONOCHROME1,AP,12,16,0,,"(2320, 2828)","(3, 224, 224)",0.0,1.0,0.4746030569076538,0.1846602410078048,0.6124999970197678,0.0060385391116142,0.9992745272183328,0.0007259994745254,0.0206866068380237,5.50071907043457,True,True,True,True,
390,patient00425/study1,patient00425/study1/view1_frontal.dcm,/home/jovyan/Desktop/MEDAGENT-X/data/raw/chexpert_plus/dicom_train/patient00425/study1/view1_frontal.dcm,/home/jovyan/Desktop/MEDAGENT-X/outputs/chexpert_plus/convnext_features/patient00425_study1_view1_frontal.npz,ok,,data/raw/chexpert_plus/dicom_train/patient00425/study1/view1_frontal.dcm,/home/jovyan/Desktop/MEDAGENT-X/outputs/chexpert_plus/raddino_features/patient00425__study1__view1_frontal.npz,success,,microsoft/rad-dino,/home/jovyan/Desktop/MEDAGENT-X/data/raw/chexpert_plus/dicom_train/patient00425/study1/view1_frontal.dcm,data/raw/chexpert_plus/dicom_train/patient00425/study1/view1_frontal.dcm,ok,,,,2320,2828,MONOCHROME1,AP,12,16,0,,"(2320, 2828)","(3, 224, 224)",0.0,1.0,0.3175981342792511,0.084520973265171,0.2564102560281753,0.0098779685795307,0.9983698489492818,0.0016328127821907,0.0014462822513778,4.365632057189941,True,True,True,True,
391,patient00427/study1,patient00427/study1/view1_frontal.dcm,/home/jovyan/Desktop/MEDAGENT-X/data/raw/chexpert_plus/dicom_train/patient00427/study1/view1_frontal.dcm,/home/jovyan/Desktop/MEDAGENT-X/outputs/chexpert_plus/convnext_features/patient00427_study1_view1_frontal.npz,ok,,data/raw/chexpert_plus/dicom_train/patient00427/study1/view1_frontal.dcm,/home/jovyan/Desktop/MEDAGENT-X/outputs/chexpert_plus/raddino_features/patient00427__study1__view1_frontal.npz,success,,microsoft/rad-dino,/home/jovyan/Desktop/MEDAGENT-X/data/raw/chexpert_plus/dicom_train/patient00427/study1/view1_frontal.dcm,data/raw/chexpert_plus/dicom_train/patient00427/study1/view1_frontal.dcm,ok,,,,2021,1924,MONOCHROME2,PA,14,16,0,,"(2021, 1924)","(3, 224, 224)",0.0,1.0,0.4247457683086395,0.1398613899946212,0.4406086802482605,0.0040569989942014,0.999707964255418,0.0002921210543718,0.0314164886158948,4.849758625030518,True,True,True,True,
391,patient00427/study1,patient00427/study1/view2_lateral.dcm,/home/jovyan/Desktop/MEDAGENT-X/data/raw/chexpert_plus/dicom_train/patient00427/study1/view2_lateral.dcm,/home/jovyan/Desktop/MEDAGENT-X/outputs/chexpert_plus/convnext_features/patient00427_study1_view2_lateral.npz,ok,,data/raw/chexpert_plus/dicom_train/patient00427/study1/view2_lateral.dcm,/home/jovyan/Desktop/MEDAGENT-X/outputs/chexpert_plus/raddino_features/patient00427__study1__view2_lateral.npz,success,,microsoft/rad-dino,/home/jovyan/Desktop/MEDAGENT-X/data/raw/chexpert_plus/dicom_train/patient00427/study1/view2_lateral.dcm,data/raw/chexpert_plus/dicom_train/patient00427/study1/view2_lateral.dcm,ok,,,,2021,1932,MONOCHROME2,LL,14,16,0,,"(2021, 1932)","(3, 224, 224)",0.0,1.0,0.2398779988288879,0.1244049221277237,0.3752060160040855,0.0017064097337424,0.999944876149314,5.512688949238509e-05,0.0049675098832855,4.077248573303223,True,True,True,True,
392,patient00429/study1,patient00429/study1/view1_frontal.dcm,/home/jovyan/Desktop/MEDAGENT-X/data/raw/chexpert_plus/dicom_train/patient00429/study1/view1_frontal.dcm,/home/jovyan/Desktop/MEDAGENT-X/outputs/chexpert_plus/convnext_features/patient00429_study1_view1_frontal.npz,ok,,data/raw/chexpert_plus/dicom_train/patient00429/study1/view1_frontal.dcm,/home/jovyan/Desktop/MEDAGENT-X/outputs/chexpert_plus/raddino_features/patient00429__study1__view1_frontal.npz,success,,microsoft/rad-dino,/home/jovyan/Desktop/MEDAGENT-X/data/raw/chexpert_plus/dicom_train/patient00429/study1/view1_frontal.dcm,data/raw/chexpert_plus/dicom_train/patient00429/study1/view1_frontal.dcm,ok,,,,1847,1928,MONOCHROME2,PA,14,16,0,,"(1847, 1928)","(3, 224, 224)",0.0,1.0,0.2605249285697937,0.0611813887953758,0.220838688313961,0.0067634261213243,0.9993949538346436,0.0006054124678485,0.003098834714587,3.648869752883911,True,True,True,True,
392,patient00429/study1,patient00429/study1/view2_frontal.dcm,/home/jovyan/Desktop/MEDAGENT-X/data/raw/chexpert_plus/dicom_train/patient00429/study1/view2_frontal.dcm,/home/jovyan/Desktop/MEDAGENT-X/outputs/chexpert_plus/convnext_features/patient00429_study1_view2_frontal.npz,ok,,data/raw/chexpert_plus/dicom_train/patient00429/study1/view2_frontal.dcm,/home/jovyan/Desktop/MEDAGENT-X/outputs/chexpert_plus/raddino_features/patient00429__study1__view2_frontal.npz,success,,microsoft/rad-dino,/home/jovyan/Desktop/MEDAGENT-X/data/raw/chexpert_plus/dicom_train/patient00429/study1/view2_frontal.dcm,data/raw/chexpert_plus/dicom_train/patient00429/study1/view2_frontal.dcm,ok,,,,1778,1914,MONOCHROME2,PA,14,16,0,,"(1778, 1914)","(3, 224, 224)",0.0,1.0,0.2550385296344757,0.0605444684624671,0.2167490571737289,0.006639371626079,0.9993795839204505,0.0006208012346178,0.0030560443267475,3.666057109832764,True,True,True,True,
392,patient00429/study1,patient00429/study1/view3_lateral.dcm,/home/jovyan/Desktop/MEDAGENT-X/data/raw/chexpert_plus/dicom_train/patient00429/study1/view3_lateral.dcm,/home/jovyan/Desktop/MEDAGENT-X/outputs/chexpert_plus/convnext_features/patient00429_study1_view3_lateral.npz,ok,,data/raw/chexpert_plus/dicom_train/patient00429/study1/view3_lateral.dcm,/home/jovyan/Desktop/MEDAGENT-X/outputs/chexpert_plus/raddino_features/patient00429__study1__view3_lateral.npz,success,,microsoft/rad-dino,/home/jovyan/Desktop/MEDAGENT-X/data/raw/chexpert_plus/dicom_train/patient00429/study1/view3_lateral.dcm,data/raw/chexpert_plus/dicom_train/patient00429/study1/view3_lateral.dcm,ok,,,,1819,1756,MONOCHROME2,LL,14,16,0,,"(1819, 1756)","(3, 224, 224)",0.0,1.0,0.1947370320558548,0.1212698742747306,0.3255814015865326,0.0077700307592749,0.9991884129771386,0.0008122462313622,0.0031078554513794,3.7946929931640634,True,True,True,True,
393,patient00441/study4,patient00441/study4/view1_frontal.dcm,/home/jovyan/Desktop/MEDAGENT-X/data/raw/chexpert_plus/dicom_train/patient00441/study4/view1_frontal.dcm,/home/jovyan/Desktop/MEDAGENT-X/outputs/chexpert_plus/convnext_features/patient00441_study4_view1_frontal.npz,ok,,data/raw/chexpert_plus/dicom_train/patient00441/study4/view1_frontal.dcm,/home/jovyan/Desktop/MEDAGENT-X/outputs/chexpert_plus/raddino_features/patient00441__study4__view1_frontal.npz,success,,microsoft/rad-dino,/home/jovyan/Desktop/MEDAGENT-X/data/raw/chexpert_plus/dicom_train/patient00441/study4/view1_frontal.dcm,data/raw/chexpert_plus/dicom_train/patient00441/study4/view1_frontal.dcm,ok,,,,2320,2828,MONOCHROME1,AP,12,16,0,,"(2320, 2828)","(3, 224, 224)",0.0,1.0,0.2866126000881195,0.0801811516284942,0.2507936507463455,0.0087655335664749,0.9988459578490272,0.0011553755030035,0.0008453031263717,4.098556995391846,True,True,True,True,
394,patient00441/study6,patient00441/study6/view1_frontal.dcm,/home/jovyan/Desktop/MEDAGENT-X/data/raw/chexpert_plus/dicom_train/patient00441/study6/view1_frontal.dcm,/home/jovyan/Desktop/MEDAGENT-X/outputs/chexpert_plus/convnext_features/patient00441_study6_view1_frontal.npz,ok,,data/raw/chexpert_plus/dicom_train/patient00441/study6/view1_frontal.dcm,/home/jovyan/Desktop/MEDAGENT-X/outputs/chexpert_plus/raddino_features/patient00441__study6__view1_frontal.npz,success,,microsoft/rad-dino,/home/jovyan/Desktop/MEDAGENT-X/data/raw/chexpert_plus/dicom_train/patient00441/study6/view1_frontal.dcm,data/raw/chexpert_plus/dicom_train/patient00441/study6/view1_frontal.dcm,ok,,,,2320,2828,MONOCHROME1,AP,12,16,0,,"(2320, 2828)","(3, 224, 224)",0.0,1.0,0.2070165276527404,0.0974301695823669,0.3377289455384016,0.0045548216439783,0.9996650043820527,0.0003351078776177,0.0028482112373798,4.409556865692139,True,True,True,True,
395,patient00441/study3,patient00441/study3/view1_frontal.dcm,/home/jovyan/Desktop/MEDAGENT-X/data/raw/chexpert_plus/dicom_train/patient00441/study3/view1_frontal.dcm,/home/jovyan/Desktop/MEDAGENT-X/outputs/chexpert_plus/convnext_features/patient00441_study3_view1_frontal.npz,ok,,data/raw/chexpert_plus/dicom_train/patient00441/study3/view1_frontal.dcm,/home/jovyan/Desktop/MEDAGENT-X/outputs/chexpert_plus/raddino_features/patient00441__study3__view1_frontal.npz,success,,microsoft/rad-dino,/home/jovyan/Desktop/MEDAGENT-X/data/raw/chexpert_plus/dicom_train/patient00441/study3/view1_frontal.dcm,data/raw/chexpert_plus/dicom_train/patient00441/study3/view1_frontal.dcm,ok,,,,2320,2828,MONOCHROME1,AP,12,16,0,,"(2320, 2828)","(3, 224, 224)",0.0,1.0,0.2608305513858795,0.0980182588100433,0.3521367572247982,0.0084550371393561,0.998905935698766,0.0010952625889331,0.000873805052919,4.449026107788086,True,True,True,True,
396,patient00441/study5,patient00441/study5/view1_frontal.dcm,/home/jovyan/Desktop/MEDAGENT-X/data/raw/chexpert_plus/dicom_train/patient00441/study5/view1_frontal.dcm,/home/jovyan/Desktop/MEDAGENT-X/outputs/chexpert_plus/convnext_features/patient00441_study5_view1_frontal.npz,ok,,data/raw/chexpert_plus/dicom_train/patient00441/study5/view1_frontal.dcm,/home/jovyan/Desktop/MEDAGENT-X/outputs/chexpert_plus/raddino_features/patient00441__study5__view1_frontal.npz,success,,microsoft/rad-dino,/home/jovyan/Desktop/MEDAGENT-X/data/raw/chexpert_plus/dicom_train/patient00441/study5/view1_frontal.dcm,data/raw/chexpert_plus/dicom_train/patient00441/study5/view1_frontal.dcm,ok,,,,2320,2828,MONOCHROME1,AP,12,16,0,,"(2320, 2828)","(3, 224, 224)",0.0,1.0,0.299232006072998,0.0836604535579681,0.2559218555688858,0.0097233336418867,0.9986373590620734,0.0013645002618432,0.0012978283665805,4.193665504455566,True,True,True,True,
397,patient00441/study2,patient00441/study2/view1_frontal.dcm,/home/jovyan/Desktop/MEDAGENT-X/data/raw/chexpert_plus/dicom_train/patient00441/study2/view1_frontal.dcm,/home/jovyan/Desktop/MEDAGENT-X/outputs/chexpert_plus/convnext_features/patient00441_study2_view1_frontal.npz,ok,,data/raw/chexpert_plus/dicom_train/patient00441/study2/view1_frontal.dcm,/home/jovyan/Desktop/MEDAGENT-X/outputs/chexpert_plus/raddino_features/patient00441__study2__view1_frontal.npz,success,,microsoft/rad-dino,/home/jovyan/Desktop/MEDAGENT-X/data/raw/chexpert_plus/dicom_train/patient00441/study2/view1_frontal.dcm,data/raw/chexpert_plus/dicom_train/patient00441/study2/view1_frontal.dcm,ok,,,,2320,2828,MONOCHROME1,AP,12,16,0,,"(2320, 2828)","(3, 224, 224)",0.0,1.0,0.2874104976654053,0.0994942337274551,0.3589743599295616,0.0101505750790238,0.9985135457376788,0.0014886670978739,0.0011832109935131,4.452253818511963,True,True,True,True,
398,patient00441/study1,patient00441/study1/view1_frontal.dcm,/home/jovyan/Desktop/MEDAGENT-X/data/raw/chexpert_plus/dicom_train/patient00441/study1/view1_frontal.dcm,/home/jovyan/Desktop/MEDAGENT-X/outputs/chexpert_plus/convnext_features/patient00441_study1_view1_frontal.npz,ok,,data/raw/chexpert_plus/dicom_train/patient00441/study1/view1_frontal.dcm,/home/jovyan/Desktop/MEDAGENT-X/outputs/chexpert_plus/raddino_features/patient00441__study1__view1_frontal.npz,success,,microsoft/rad-dino,/home/jovyan/Desktop/MEDAGENT-X/data/raw/chexpert_plus/dicom_train/patient00441/study1/view1_frontal.dcm,data/raw/chexpert_plus/dicom_train/patient00441/study1/view1_frontal.dcm,ok,,,,2320,2828,MONOCHROME1,AP,12,16,0,,"(2320, 2828)","(3, 224, 224)",0.0,1.0,0.2380444109439849,0.0930868312716484,0.3147741220891475,0.0115540558472275,0.9979473613936668,0.0020568605978041,0.0018732014827098,4.316174983978272,True,True,True,True,
399,patient00445/study1,patient00445/study1/view1_frontal.dcm,/home/jovyan/Desktop/MEDAGENT-X/data/raw/chexpert_plus/dicom_train/patient00445/study1/view1_frontal.dcm,/home/jovyan/Desktop/MEDAGENT-X/outputs/chexpert_plus/convnext_features/patient00445_study1_view1_frontal.npz,ok,,data/raw/chexpert_plus/dicom_train/patient00445/study1/view1_frontal.dcm,/home/jovyan/Desktop/MEDAGENT-X/outputs/chexpert_plus/raddino_features/patient00445__study1__view1_frontal.npz,success,,microsoft/rad-dino,/home/jovyan/Desktop/MEDAGENT-X/data/raw/chexpert_plus/dicom_train/patient00445/study1/view1_frontal.dcm,data/raw/chexpert_plus/dicom_train/patient00445/study1/view1_frontal.dcm,ok,,,,2320,2828,MONOCHROME1,AP,12,16,0,,"(2320, 2828)","(3, 224, 224)",0.0,1.0,0.5286149978637695,0.1996451020240783,0.6745200753211975,0.0069786915555596,0.999011490838964,0.0009894872782751,0.0355283373164902,5.63029670715332,True,True,True,True,
400,patient00448/study1,patient00448/study1/view1_frontal.dcm,/home/jovyan/Desktop/MEDAGENT-X/data/raw/chexpert_plus/dicom_train/patient00448/study1/view1_frontal.dcm,/home/jovyan/Desktop/MEDAGENT-X/outputs/chexpert_plus/convnext_features/patient00448_study1_view1_frontal.npz,ok,,data/raw/chexpert_plus/dicom_train/patient00448/study1/view1_frontal.dcm,/home/jovyan/Desktop/MEDAGENT-X/outputs/chexpert_plus/raddino_features/patient00448__study1__view1_frontal.npz,success,,microsoft/rad-dino,/home/jovyan/Desktop/MEDAGENT-X/data/raw/chexpert_plus/dicom_train/patient00448/study1/view1_frontal.dcm,data/raw/chexpert_plus/dicom_train/patient00448/study1/view1_frontal.dcm,ok,,,,2320,2828,MONOCHROME1,AP,12,16,0,,"(2320, 2828)","(3, 224, 224)",0.0,1.0,0.3241162896156311,0.0924919694662094,0.3450549468398094,0.009017763659358,0.9987216920743625,0.00127994408831,0.0008172584499829,4.37952995300293,True,True,True,True,
400,patient00448/study1,patient00448/study1/view2_lateral.dcm,/home/jovyan/Desktop/MEDAGENT-X/data/raw/chexpert_plus/dicom_train/patient00448/study1/view2_lateral.dcm,/home/jovyan/Desktop/MEDAGENT-X/outputs/chexpert_plus/convnext_features/patient00448_study1_view2_lateral.npz,ok,,data/raw/chexpert_plus/dicom_train/patient00448/study1/view2_lateral.dcm,/home/jovyan/Desktop/MEDAGENT-X/outputs/chexpert_plus/raddino_features/patient00448__study1__view2_lateral.npz,success,,microsoft/rad-dino,/home/jovyan/Desktop/MEDAGENT-X/data/raw/chexpert_plus/dicom_train/patient00448/study1/view2_lateral.dcm,data/raw/chexpert_plus/dicom_train/patient00448/study1/view2_lateral.dcm,ok,,,,2828,2320,MONOCHROME1,PA,12,16,0,,"(2828, 2320)","(3, 224, 224)",0.0,1.0,0.2556006908416748,0.123564600944519,0.3694749753922224,0.0060263881459832,0.9993878237593034,0.0006125512300059,0.0003914061356874,4.222543239593506,True,True,True,True,
401,patient00450/study1,patient00450/study1/view1_frontal.dcm,/home/jovyan/Desktop/MEDAGENT-X/data/raw/chexpert_plus/dicom_train/patient00450/study1/view1_frontal.dcm,/home/jovyan/Desktop/MEDAGENT-X/outputs/chexpert_plus/convnext_features/patient00450_study1_view1_frontal.npz,ok,,data/raw/chexpert_plus/dicom_train/patient00450/study1/view1_frontal.dcm,/home/jovyan/Desktop/MEDAGENT-X/outputs/chexpert_plus/raddino_features/patient00450__study1__view1_frontal.npz,success,,microsoft/rad-dino,/home/jovyan/Desktop/MEDAGENT-X/data/raw/chexpert_plus/dicom_train/patient00450/study1/view1_frontal.dcm,data/raw/chexpert_plus/dicom_train/patient00450/study1/view1_frontal.dcm,ok,,,,2022,2022,MONOCHROME2,PA,14,16,0,,"(2022, 2022)","(3, 224, 224)",0.0,1.0,0.2439994215965271,0.0980696901679039,0.3272904753684997,0.0058503309264779,0.9995425719167492,0.0004576374194584,0.0034619188921859,3.285875082015991,True,True,True,True,
401,patient00450/study1,patient00450/study1/view2_lateral.dcm,/home/jovyan/Desktop/MEDAGENT-X/data/raw/chexpert_plus/dicom_train/patient00450/study1/view2_lateral.dcm,/home/jovyan/Desktop/MEDAGENT-X/outputs/chexpert_plus/convnext_features/patient00450_study1_view2_lateral.npz,ok,,data/raw/chexpert_plus/dicom_train/patient00450/study1/view2_lateral.dcm,/home/jovyan/Desktop/MEDAGENT-X/outputs/chexpert_plus/raddino_features/patient00450__study1__view2_lateral.npz,success,,microsoft/rad-dino,/home/jovyan/Desktop/MEDAGENT-X/data/raw/chexpert_plus/dicom_train/patient00450/study1/view2_lateral.dcm,data/raw/chexpert_plus/dicom_train/patient00450/study1/view2_lateral.dcm,ok,,,,2022,2022,MONOCHROME2,LL,14,16,0,,"(2022, 2022)","(3, 224, 224)",0.0,1.0,0.1938891857862472,0.1292734593153,0.3541475832462311,0.0043604578822851,0.9997325445435944,0.0002675270079635,0.0004052846972129,4.095470428466797,True,True,True,True,
402,patient00452/study1,patient00452/study1/view1_frontal.dcm,/home/jovyan/Desktop/MEDAGENT-X/data/raw/chexpert_plus/dicom_train/patient00452/study1/view1_frontal.dcm,/home/jovyan/Desktop/MEDAGENT-X/outputs/chexpert_plus/convnext_features/patient00452_study1_view1_frontal.npz,ok,,data/raw/chexpert_plus/dicom_train/patient00452/study1/view1_frontal.dcm,/home/jovyan/Desktop/MEDAGENT-X/outputs/chexpert_plus/raddino_features/patient00452__study1__view1_frontal.npz,success,,microsoft/rad-dino,/home/jovyan/Desktop/MEDAGENT-X/data/raw/chexpert_plus/dicom_train/patient00452/study1/view1_frontal.dcm,data/raw/chexpert_plus/dicom_train/patient00452/study1/view1_frontal.dcm,ok,,,,2021,2022,MONOCHROME2,PA,14,16,0,,"(2021, 2022)","(3, 224, 224)",0.0,1.0,0.7225204110145569,0.1330654323101043,0.4630534946918487,0.0088159432634711,0.9989116263291608,0.0010895595187321,0.0011704501351046,4.834872245788574,True,True,True,True,
403,patient00455/study1,patient00455/study1/view1_frontal.dcm,/home/jovyan/Desktop/MEDAGENT-X/data/raw/chexpert_plus/dicom_train/patient00455/study1/view1_frontal.dcm,/home/jovyan/Desktop/MEDAGENT-X/outputs/chexpert_plus/convnext_features/patient00455_study1_view1_frontal.npz,ok,,data/raw/chexpert_plus/dicom_train/patient00455/study1/view1_frontal.dcm,/home/jovyan/Desktop/MEDAGENT-X/outputs/chexpert_plus/raddino_features/patient00455__study1__view1_frontal.npz,success,,microsoft/rad-dino,/home/jovyan/Desktop/MEDAGENT-X/data/raw/chexpert_plus/dicom_train/patient00455/study1/view1_frontal.dcm,data/raw/chexpert_plus/dicom_train/patient00455/study1/view1_frontal.dcm,ok,,,,2021,2021,MONOCHROME2,PA,14,16,0,,"(2021, 2021)","(3, 224, 224)",0.0,1.0,0.2385800927877426,0.0735505521297454,0.1923763006925583,0.0048785042017698,0.999564330925352,0.00043585896492,0.0008263064639689,4.051844120025635,True,True,True,True,
403,patient00455/study1,patient00455/study1/view2_lateral.dcm,/home/jovyan/Desktop/MEDAGENT-X/data/raw/chexpert_plus/dicom_train/patient00455/study1/view2_lateral.dcm,/home/jovyan/Desktop/MEDAGENT-X/outputs/chexpert_plus/convnext_features/patient00455_study1_view2_lateral.npz,ok,,data/raw/chexpert_plus/dicom_train/patient00455/study1/view2_lateral.dcm,/home/jovyan/Desktop/MEDAGENT-X/outputs/chexpert_plus/raddino_features/patient00455__study1__view2_lateral.npz,success,,microsoft/rad-dino,/home/jovyan/Desktop/MEDAGENT-X/data/raw/chexpert_plus/dicom_train/patient00455/study1/view2_lateral.dcm,data/raw/chexpert_plus/dicom_train/patient00455/study1/view2_lateral.dcm,ok,,,,2021,2021,MONOCHROME2,LL,14,16,0,,"(2021, 2021)","(3, 224, 224)",0.0,1.0,0.2142141908407211,0.1526006758213043,0.3915033936500549,0.0041796779260039,0.9996991577121992,0.0003009328211192,0.0006750005692333,3.858313798904419,True,True,True,True,
404,patient00457/study4,patient00457/study4/view1_frontal.dcm,/home/jovyan/Desktop/MEDAGENT-X/data/raw/chexpert_plus/dicom_train/patient00457/study4/view1_frontal.dcm,/home/jovyan/Desktop/MEDAGENT-X/outputs/chexpert_plus/convnext_features/patient00457_study4_view1_frontal.npz,ok,,data/raw/chexpert_plus/dicom_train/patient00457/study4/view1_frontal.dcm,/home/jovyan/Desktop/MEDAGENT-X/outputs/chexpert_plus/raddino_features/patient00457__study4__view1_frontal.npz,success,,microsoft/rad-dino,/home/jovyan/Desktop/MEDAGENT-X/data/raw/chexpert_plus/dicom_train/patient00457/study4/view1_frontal.dcm,data/raw/chexpert_plus/dicom_train/patient00457/study4/view1_frontal.dcm,ok,,,,2320,2828,MONOCHROME1,AP,12,16,0,,"(2320, 2828)","(3, 224, 224)",0.0,1.0,0.2622777819633484,0.1035036966204643,0.3152625188231468,0.0097759021446108,0.998576703256155,0.0014253254048526,0.0011893076622933,4.516044616699219,True,True,True,True,
405,patient00457/study5,patient00457/study5/view1_frontal.dcm,/home/jovyan/Desktop/MEDAGENT-X/data/raw/chexpert_plus/dicom_train/patient00457/study5/view1_frontal.dcm,/home/jovyan/Desktop/MEDAGENT-X/outputs/chexpert_plus/convnext_features/patient00457_study5_view1_frontal.npz,ok,,data/raw/chexpert_plus/dicom_train/patient00457/study5/view1_frontal.dcm,/home/jovyan/Desktop/MEDAGENT-X/outputs/chexpert_plus/raddino_features/patient00457__study5__view1_frontal.npz,success,,microsoft/rad-dino,/home/jovyan/Desktop/MEDAGENT-X/data/raw/chexpert_plus/dicom_train/patient00457/study5/view1_frontal.dcm,data/raw/chexpert_plus/dicom_train/patient00457/study5/view1_frontal.dcm,ok,,,,2320,2828,MONOCHROME1,AP,12,16,0,,"(2320, 2828)","(3, 224, 224)",0.0,1.0,0.3300797045230865,0.1168309822678566,0.4124542102217674,0.0115889487788081,0.9979829954824696,0.0020210810471326,0.0014935314344242,4.6181321144104,True,True,True,True,
406,patient00457/study3,patient00457/study3/view1_frontal.dcm,/home/jovyan/Desktop/MEDAGENT-X/data/raw/chexpert_plus/dicom_train/patient00457/study3/view1_frontal.dcm,/home/jovyan/Desktop/MEDAGENT-X/outputs/chexpert_plus/convnext_features/patient00457_study3_view1_frontal.npz,ok,,data/raw/chexpert_plus/dicom_train/patient00457/study3/view1_frontal.dcm,/home/jovyan/Desktop/MEDAGENT-X/outputs/chexpert_plus/raddino_features/patient00457__study3__view1_frontal.npz,success,,microsoft/rad-dino,/home/jovyan/Desktop/MEDAGENT-X/data/raw/chexpert_plus/dicom_train/patient00457/study3/view1_frontal.dcm,data/raw/chexpert_plus/dicom_train/patient00457/study3/view1_frontal.dcm,ok,,,,2320,2828,MONOCHROME1,AP,12,16,0,,"(2320, 2828)","(3, 224, 224)",0.0,1.0,0.2924868762493133,0.1236846521496772,0.4158730171620846,0.0100665306672453,0.9984559918216492,0.0015463958261534,0.0013036202019216,4.567805767059326,True,True,True,True,
407,patient00457/study9,patient00457/study9/view1_frontal.dcm,/home/jovyan/Desktop/MEDAGENT-X/data/raw/chexpert_plus/dicom_train/patient00457/study9/view1_frontal.dcm,/home/jovyan/Desktop/MEDAGENT-X/outputs/chexpert_plus/convnext_features/patient00457_study9_view1_frontal.npz,ok,,data/raw/chexpert_plus/dicom_train/patient00457/study9/view1_frontal.dcm,/home/jovyan/Desktop/MEDAGENT-X/outputs/chexpert_plus/raddino_features/patient00457__study9__view1_frontal.npz,success,,microsoft/rad-dino,/home/jovyan/Desktop/MEDAGENT-X/data/raw/chexpert_plus/dicom_train/patient00457/study9/view1_frontal.dcm,data/raw/chexpert_plus/dicom_train/patient00457/study9/view1_frontal.dcm,ok,,,,1751,2022,MONOCHROME2,PA,14,16,0,,"(1751, 2022)","(3, 224, 224)",0.0,1.0,0.2812633216381073,0.061730857938528,0.2043581902980804,0.0059724445454776,0.999538987174758,0.0004612254560925,0.0015090995056661,3.5670268535614014,True,True,True,True,
408,patient00457/study2,patient00457/study2/view1_frontal.dcm,/home/jovyan/Desktop/MEDAGENT-X/data/raw/chexpert_plus/dicom_train/patient00457/study2/view1_frontal.dcm,/home/jovyan/Desktop/MEDAGENT-X/outputs/chexpert_plus/convnext_features/patient00457_study2_view1_frontal.npz,ok,,data/raw/chexpert_plus/dicom_train/patient00457/study2/view1_frontal.dcm,/home/jovyan/Desktop/MEDAGENT-X/outputs/chexpert_plus/raddino_features/patient00457__study2__view1_frontal.npz,success,,microsoft/rad-dino,/home/jovyan/Desktop/MEDAGENT-X/data/raw/chexpert_plus/dicom_train/patient00457/study2/view1_frontal.dcm,data/raw/chexpert_plus/dicom_train/patient00457/study2/view1_frontal.dcm,ok,,,,2320,2828,MONOCHROME1,AP,12,16,0,,"(2320, 2828)","(3, 224, 224)",0.0,1.0,0.2993004322052002,0.1063691303133964,0.3658119663596153,0.0097933774814009,0.9985135906565724,0.0014886220451444,0.0013723601424181,4.581495761871338,True,True,True,True,
409,patient00457/study6,patient00457/study6/view1_frontal.dcm,/home/jovyan/Desktop/MEDAGENT-X/data/raw/chexpert_plus/dicom_train/patient00457/study6/view1_frontal.dcm,/home/jovyan/Desktop/MEDAGENT-X/outputs/chexpert_plus/convnext_features/patient00457_study6_view1_frontal.npz,ok,,data/raw/chexpert_plus/dicom_train/patient00457/study6/view1_frontal.dcm,/home/jovyan/Desktop/MEDAGENT-X/outputs/chexpert_plus/raddino_features/patient00457__study6__view1_frontal.npz,success,,microsoft/rad-dino,/home/jovyan/Desktop/MEDAGENT-X/data/raw/chexpert_plus/dicom_train/patient00457/study6/view1_frontal.dcm,data/raw/chexpert_plus/dicom_train/patient00457/study6/view1_frontal.dcm,ok,,,,2048,2494,MONOCHROME1,AP,12,16,0,,"(2048, 2494)","(3, 224, 224)",0.0,1.0,0.1672146767377853,0.0777927041053772,0.2449328592047095,0.0126595674082636,0.9975417619950884,0.0024642958305776,0.0018180351593825,3.979545831680298,True,True,True,True,
410,patient00457/study8,patient00457/study8/view1_frontal.dcm,/home/jovyan/Desktop/MEDAGENT-X/data/raw/chexpert_plus/dicom_train/patient00457/study8/view1_frontal.dcm,/home/jovyan/Desktop/MEDAGENT-X/outputs/chexpert_plus/convnext_features/patient00457_study8_view1_frontal.npz,ok,,data/raw/chexpert_plus/dicom_train/patient00457/study8/view1_frontal.dcm,/home/jovyan/Desktop/MEDAGENT-X/outputs/chexpert_plus/raddino_features/patient00457__study8__view1_frontal.npz,success,,microsoft/rad-dino,/home/jovyan/Desktop/MEDAGENT-X/data/raw/chexpert_plus/dicom_train/patient00457/study8/view1_frontal.dcm,data/raw/chexpert_plus/dicom_train/patient00457/study8/view1_frontal.dcm,ok,,,,2320,2828,MONOCHROME1,AP,12,16,0,,"(2320, 2828)","(3, 224, 224)",0.0,1.0,0.3532379269599914,0.0991183370351791,0.2923076897859573,0.0115804336965084,0.9979937651432054,0.00201026792638,0.0018315917182851,4.483030319213867,True,True,True,True,
411,patient00457/study7,patient00457/study7/view1_frontal.dcm,/home/jovyan/Desktop/MEDAGENT-X/data/raw/chexpert_plus/dicom_train/patient00457/study7/view1_frontal.dcm,/home/jovyan/Desktop/MEDAGENT-X/outputs/chexpert_plus/convnext_features/patient00457_study7_view1_frontal.npz,ok,,data/raw/chexpert_plus/dicom_train/patient00457/study7/view1_frontal.dcm,/home/jovyan/Desktop/MEDAGENT-X/outputs/chexpert_plus/raddino_features/patient00457__study7__view1_frontal.npz,success,,microsoft/rad-dino,/home/jovyan/Desktop/MEDAGENT-X/data/raw/chexpert_plus/dicom_train/patient00457/study7/view1_frontal.dcm,data/raw/chexpert_plus/dicom_train/patient00457/study7/view1_frontal.dcm,ok,,,,2320,2828,MONOCHROME1,AP,12,16,0,,"(2320, 2828)","(3, 224, 224)",0.0,1.0,0.2822611331939697,0.0844584703445434,0.2698412761092186,0.0098390989005565,0.9985578795179858,0.0014442031970247,0.0011120323855045,4.199015140533447,True,True,True,True,
412,patient00459/study1,patient00459/study1/view1_frontal.dcm,/home/jovyan/Desktop/MEDAGENT-X/data/raw/chexpert_plus/dicom_train/patient00459/study1/view1_frontal.dcm,/home/jovyan/Desktop/MEDAGENT-X/outputs/chexpert_plus/convnext_features/patient00459_study1_view1_frontal.npz,ok,,data/raw/chexpert_plus/dicom_train/patient00459/study1/view1_frontal.dcm,/home/jovyan/Desktop/MEDAGENT-X/outputs/chexpert_plus/raddino_features/patient00459__study1__view1_frontal.npz,success,,microsoft/rad-dino,/home/jovyan/Desktop/MEDAGENT-X/data/raw/chexpert_plus/dicom_train/patient00459/study1/view1_frontal.dcm,data/raw/chexpert_plus/dicom_train/patient00459/study1/view1_frontal.dcm,ok,,,,2320,2828,MONOCHROME1,PA,12,16,0,,"(2320, 2828)","(3, 224, 224)",0.0,1.0,0.3947094976902008,0.1288859546184539,0.3743589967489242,0.005860153120011,0.9994056930620464,0.0005946603487245,0.0015929071355411,4.90595293045044,True,True,True,True,
412,patient00459/study1,patient00459/study1/view2_lateral.dcm,/home/jovyan/Desktop/MEDAGENT-X/data/raw/chexpert_plus/dicom_train/patient00459/study1/view2_lateral.dcm,/home/jovyan/Desktop/MEDAGENT-X/outputs/chexpert_plus/convnext_features/patient00459_study1_view2_lateral.npz,ok,,data/raw/chexpert_plus/dicom_train/patient00459/study1/view2_lateral.dcm,/home/jovyan/Desktop/MEDAGENT-X/outputs/chexpert_plus/raddino_features/patient00459__study1__view2_lateral.npz,success,,microsoft/rad-dino,/home/jovyan/Desktop/MEDAGENT-X/data/raw/chexpert_plus/dicom_train/patient00459/study1/view2_lateral.dcm,data/raw/chexpert_plus/dicom_train/patient00459/study1/view2_lateral.dcm,ok,,,,2828,2320,MONOCHROME1,PA,12,16,0,,"(2828, 2320)","(3, 224, 224)",0.0,1.0,0.3080741465091705,0.1612437665462494,0.4639804642647505,0.005901439115405,0.9994437541214738,0.0005565554602071,0.0016451860703311,4.589044094085693,True,True,True,True,
413,patient00462/study1,patient00462/study1/view1_frontal.dcm,/home/jovyan/Desktop/MEDAGENT-X/data/raw/chexpert_plus/dicom_train/patient00462/study1/view1_frontal.dcm,/home/jovyan/Desktop/MEDAGENT-X/outputs/chexpert_plus/convnext_features/patient00462_study1_view1_frontal.npz,ok,,data/raw/chexpert_plus/dicom_train/patient00462/study1/view1_frontal.dcm,/home/jovyan/Desktop/MEDAGENT-X/outputs/chexpert_plus/raddino_features/patient00462__study1__view1_frontal.npz,success,,microsoft/rad-dino,/home/jovyan/Desktop/MEDAGENT-X/data/raw/chexpert_plus/dicom_train/patient00462/study1/view1_frontal.dcm,data/raw/chexpert_plus/dicom_train/patient00462/study1/view1_frontal.dcm,ok,,,,2320,2828,MONOCHROME1,AP,12,16,0,,"(2320, 2828)","(3, 224, 224)",0.0,1.0,0.324338287115097,0.1089058816432952,0.3450549393892288,0.0100182006135582,0.9984656639152384,0.0015366938896477,0.0010455786958006,4.637331962585449,True,True,True,True,
414,patient00464/study1,patient00464/study1/view1_frontal.dcm,/home/jovyan/Desktop/MEDAGENT-X/data/raw/chexpert_plus/dicom_train/patient00464/study1/view1_frontal.dcm,/home/jovyan/Desktop/MEDAGENT-X/outputs/chexpert_plus/convnext_features/patient00464_study1_view1_frontal.npz,ok,,data/raw/chexpert_plus/dicom_train/patient00464/study1/view1_frontal.dcm,/home/jovyan/Desktop/MEDAGENT-X/outputs/chexpert_plus/raddino_features/patient00464__study1__view1_frontal.npz,success,,microsoft/rad-dino,/home/jovyan/Desktop/MEDAGENT-X/data/raw/chexpert_plus/dicom_train/patient00464/study1/view1_frontal.dcm,data/raw/chexpert_plus/dicom_train/patient00464/study1/view1_frontal.dcm,ok,,,,2320,2828,MONOCHROME1,AP,12,16,0,,"(2320, 2828)","(3, 224, 224)",0.0,1.0,0.2749933004379272,0.1283276826143264,0.4358974378556013,0.0092519111931324,0.99863890804764,0.0013629470486193,0.0010303370238501,4.7501068115234375,True,True,True,True,
415,patient00472/study1,patient00472/study1/view1_frontal.dcm,/home/jovyan/Desktop/MEDAGENT-X/data/raw/chexpert_plus/dicom_train/patient00472/study1/view1_frontal.dcm,/home/jovyan/Desktop/MEDAGENT-X/outputs/chexpert_plus/convnext_features/patient00472_study1_view1_frontal.npz,ok,,data/raw/chexpert_plus/dicom_train/patient00472/study1/view1_frontal.dcm,/home/jovyan/Desktop/MEDAGENT-X/outputs/chexpert_plus/raddino_features/patient00472__study1__view1_frontal.npz,success,,microsoft/rad-dino,/home/jovyan/Desktop/MEDAGENT-X/data/raw/chexpert_plus/dicom_train/patient00472/study1/view1_frontal.dcm,data/raw/chexpert_plus/dicom_train/patient00472/study1/view1_frontal.dcm,ok,,,,2048,2494,MONOCHROME1,AP,12,16,0,,"(2048, 2494)","(3, 224, 224)",0.0,1.0,0.4425559341907501,0.134530708193779,0.4840041399002075,0.0083021381869912,0.9986577911508506,0.0013440127950161,0.0067448986943664,4.791302680969238,True,True,True,True,
416,patient00472/study2,patient00472/study2/view1_frontal.dcm,/home/jovyan/Desktop/MEDAGENT-X/data/raw/chexpert_plus/dicom_train/patient00472/study2/view1_frontal.dcm,/home/jovyan/Desktop/MEDAGENT-X/outputs/chexpert_plus/convnext_features/patient00472_study2_view1_frontal.npz,ok,,data/raw/chexpert_plus/dicom_train/patient00472/study2/view1_frontal.dcm,/home/jovyan/Desktop/MEDAGENT-X/outputs/chexpert_plus/raddino_features/patient00472__study2__view1_frontal.npz,success,,microsoft/rad-dino,/home/jovyan/Desktop/MEDAGENT-X/data/raw/chexpert_plus/dicom_train/patient00472/study2/view1_frontal.dcm,data/raw/chexpert_plus/dicom_train/patient00472/study2/view1_frontal.dcm,ok,,,,1751,2022,MONOCHROME2,PA,14,16,0,,"(1751, 2022)","(3, 224, 224)",0.0,1.0,0.6992472410202026,0.0835882872343063,0.2257575988769531,0.010908898897469,0.9986285309113077,0.0013733525993302,0.0013690071689993,4.265336513519287,True,True,True,True,
416,patient00472/study2,patient00472/study2/view2_lateral.dcm,/home/jovyan/Desktop/MEDAGENT-X/data/raw/chexpert_plus/dicom_train/patient00472/study2/view2_lateral.dcm,/home/jovyan/Desktop/MEDAGENT-X/outputs/chexpert_plus/convnext_features/patient00472_study2_view2_lateral.npz,ok,,data/raw/chexpert_plus/dicom_train/patient00472/study2/view2_lateral.dcm,/home/jovyan/Desktop/MEDAGENT-X/outputs/chexpert_plus/raddino_features/patient00472__study2__view2_lateral.npz,success,,microsoft/rad-dino,/home/jovyan/Desktop/MEDAGENT-X/data/raw/chexpert_plus/dicom_train/patient00472/study2/view2_lateral.dcm,data/raw/chexpert_plus/dicom_train/patient00472/study2/view2_lateral.dcm,ok,,,,2021,1751,MONOCHROME2,LL,14,16,0,,"(2021, 1751)","(3, 224, 224)",0.0,1.0,0.2476555407047271,0.0944725424051284,0.326619055122137,0.0076242471113801,0.9992501279704976,0.0007504347595386,0.0032505635431057,3.994715929031372,True,True,True,True,
417,patient00475/study1,patient00475/study1/view1_frontal.dcm,/home/jovyan/Desktop/MEDAGENT-X/data/raw/chexpert_plus/dicom_train/patient00475/study1/view1_frontal.dcm,/home/jovyan/Desktop/MEDAGENT-X/outputs/chexpert_plus/convnext_features/patient00475_study1_view1_frontal.npz,ok,,data/raw/chexpert_plus/dicom_train/patient00475/study1/view1_frontal.dcm,/home/jovyan/Desktop/MEDAGENT-X/outputs/chexpert_plus/raddino_features/patient00475__study1__view1_frontal.npz,success,,microsoft/rad-dino,/home/jovyan/Desktop/MEDAGENT-X/data/raw/chexpert_plus/dicom_train/patient00475/study1/view1_frontal.dcm,data/raw/chexpert_plus/dicom_train/patient00475/study1/view1_frontal.dcm,ok,,,,2320,2828,MONOCHROME1,AP,12,16,0,,"(2320, 2828)","(3, 224, 224)",0.0,1.0,0.1824995875358581,0.0846203342080116,0.2647130768746137,0.0099901864305138,0.9985783282050188,0.0014236958231776,0.0020516814612495,4.214026927947998,True,True,True,True,
418,patient00475/study2,patient00475/study2/view1_frontal.dcm,/home/jovyan/Desktop/MEDAGENT-X/data/raw/chexpert_plus/dicom_train/patient00475/study2/view1_frontal.dcm,/home/jovyan/Desktop/MEDAGENT-X/outputs/chexpert_plus/convnext_features/patient00475_study2_view1_frontal.npz,ok,,data/raw/chexpert_plus/dicom_train/patient00475/study2/view1_frontal.dcm,/home/jovyan/Desktop/MEDAGENT-X/outputs/chexpert_plus/raddino_features/patient00475__study2__view1_frontal.npz,success,,microsoft/rad-dino,/home/jovyan/Desktop/MEDAGENT-X/data/raw/chexpert_plus/dicom_train/patient00475/study2/view1_frontal.dcm,data/raw/chexpert_plus/dicom_train/patient00475/study2/view1_frontal.dcm,ok,,,,2320,2828,MONOCHROME1,AP,12,16,0,,"(2320, 2828)","(3, 224, 224)",0.0,1.0,0.1884313374757766,0.0946697071194648,0.2808302920311689,0.0093496059998869,0.9987424013153476,0.0012591822305694,0.0019288335853289,4.255579948425293,True,True,True,True,
419,patient00476/study1,patient00476/study1/view1_frontal.dcm,/home/jovyan/Desktop/MEDAGENT-X/data/raw/chexpert_plus/dicom_train/patient00476/study1/view1_frontal.dcm,/home/jovyan/Desktop/MEDAGENT-X/outputs/chexpert_plus/convnext_features/patient00476_study1_view1_frontal.npz,ok,,data/raw/chexpert_plus/dicom_train/patient00476/study1/view1_frontal.dcm,/home/jovyan/Desktop/MEDAGENT-X/outputs/chexpert_plus/raddino_features/patient00476__study1__view1_frontal.npz,success,,microsoft/rad-dino,/home/jovyan/Desktop/MEDAGENT-X/data/raw/chexpert_plus/dicom_train/patient00476/study1/view1_frontal.dcm,data/raw/chexpert_plus/dicom_train/patient00476/study1/view1_frontal.dcm,ok,,,,2021,2021,MONOCHROME2,PA,14,16,0,,"(2021, 2021)","(3, 224, 224)",0.0,1.0,0.2459005564451217,0.0888909474015235,0.3037075027823448,0.0038844875525683,0.9997789738825448,0.0002210749808,0.0004331070028921,4.061476707458496,True,True,True,True,
419,patient00476/study1,patient00476/study1/view2_lateral.dcm,/home/jovyan/Desktop/MEDAGENT-X/data/raw/chexpert_plus/dicom_train/patient00476/study1/view2_lateral.dcm,/home/jovyan/Desktop/MEDAGENT-X/outputs/chexpert_plus/convnext_features/patient00476_study1_view2_lateral.npz,ok,,data/raw/chexpert_plus/dicom_train/patient00476/study1/view2_lateral.dcm,/home/jovyan/Desktop/MEDAGENT-X/outputs/chexpert_plus/raddino_features/patient00476__study1__view2_lateral.npz,success,,microsoft/rad-dino,/home/jovyan/Desktop/MEDAGENT-X/data/raw/chexpert_plus/dicom_train/patient00476/study1/view2_lateral.dcm,data/raw/chexpert_plus/dicom_train/patient00476/study1/view2_lateral.dcm,ok,,,,2021,1794,MONOCHROME2,LL,14,16,0,,"(2021, 1794)","(3, 224, 224)",0.0,1.0,0.5399583578109741,0.2795058190822601,0.8157700621522963,0.0042098970152437,0.9997409294807152,0.0002591376542113,0.0080123033675945,4.999628067016602,True,True,True,True,
420,patient00479/study1,patient00479/study1/view1_frontal.dcm,/home/jovyan/Desktop/MEDAGENT-X/data/raw/chexpert_plus/dicom_train/patient00479/study1/view1_frontal.dcm,/home/jovyan/Desktop/MEDAGENT-X/outputs/chexpert_plus/convnext_features/patient00479_study1_view1_frontal.npz,ok,,data/raw/chexpert_plus/dicom_train/patient00479/study1/view1_frontal.dcm,/home/jovyan/Desktop/MEDAGENT-X/outputs/chexpert_plus/raddino_features/patient00479__study1__view1_frontal.npz,success,,microsoft/rad-dino,/home/jovyan/Desktop/MEDAGENT-X/data/raw/chexpert_plus/dicom_train/patient00479/study1/view1_frontal.dcm,data/raw/chexpert_plus/dicom_train/patient00479/study1/view1_frontal.dcm,ok,,,,2320,2828,MONOCHROME1,PA,12,16,0,,"(2320, 2828)","(3, 224, 224)",0.0,1.0,0.3959185481071472,0.1345101296901703,0.4133799225091934,0.0061677331104874,0.9991873037713762,0.000813357240986,0.0205838779690776,5.067716121673584,True,True,True,True,
420,patient00479/study1,patient00479/study1/view2_lateral.dcm,/home/jovyan/Desktop/MEDAGENT-X/data/raw/chexpert_plus/dicom_train/patient00479/study1/view2_lateral.dcm,/home/jovyan/Desktop/MEDAGENT-X/outputs/chexpert_plus/convnext_features/patient00479_study1_view2_lateral.npz,ok,,data/raw/chexpert_plus/dicom_train/patient00479/study1/view2_lateral.dcm,/home/jovyan/Desktop/MEDAGENT-X/outputs/chexpert_plus/raddino_features/patient00479__study1__view2_lateral.npz,success,,microsoft/rad-dino,/home/jovyan/Desktop/MEDAGENT-X/data/raw/chexpert_plus/dicom_train/patient00479/study1/view2_lateral.dcm,data/raw/chexpert_plus/dicom_train/patient00479/study1/view2_lateral.dcm,ok,,,,2828,2320,MONOCHROME1,LL,12,16,0,,"(2828, 2320)","(3, 224, 224)",0.0,1.0,0.2878892719745636,0.1514093279838562,0.4517704527825117,0.0044349352829158,0.9996261595166214,0.0003739802923519,0.0014648770911573,4.612082004547119,True,True,True,True,
421,patient00485/study2,patient00485/study2/view1_frontal.dcm,/home/jovyan/Desktop/MEDAGENT-X/data/raw/chexpert_plus/dicom_train/patient00485/study2/view1_frontal.dcm,/home/jovyan/Desktop/MEDAGENT-X/outputs/chexpert_plus/convnext_features/patient00485_study2_view1_frontal.npz,ok,,data/raw/chexpert_plus/dicom_train/patient00485/study2/view1_frontal.dcm,/home/jovyan/Desktop/MEDAGENT-X/outputs/chexpert_plus/raddino_features/patient00485__study2__view1_frontal.npz,success,,microsoft/rad-dino,/home/jovyan/Desktop/MEDAGENT-X/data/raw/chexpert_plus/dicom_train/patient00485/study2/view1_frontal.dcm,data/raw/chexpert_plus/dicom_train/patient00485/study2/view1_frontal.dcm,ok,,,,2320,2828,MONOCHROME1,AP,12,16,0,,"(2320, 2828)","(3, 224, 224)",0.0,1.0,0.2709238529205322,0.0993394032120704,0.3140415176749229,0.0106544811278581,0.9981792771544548,0.0018240439239889,0.0014603045895722,4.526567935943604,True,True,True,True,
422,patient00485/study1,patient00485/study1/view1_frontal.dcm,/home/jovyan/Desktop/MEDAGENT-X/data/raw/chexpert_plus/dicom_train/patient00485/study1/view1_frontal.dcm,/home/jovyan/Desktop/MEDAGENT-X/outputs/chexpert_plus/convnext_features/patient00485_study1_view1_frontal.npz,ok,,data/raw/chexpert_plus/dicom_train/patient00485/study1/view1_frontal.dcm,/home/jovyan/Desktop/MEDAGENT-X/outputs/chexpert_plus/raddino_features/patient00485__study1__view1_frontal.npz,success,,microsoft/rad-dino,/home/jovyan/Desktop/MEDAGENT-X/data/raw/chexpert_plus/dicom_train/patient00485/study1/view1_frontal.dcm,data/raw/chexpert_plus/dicom_train/patient00485/study1/view1_frontal.dcm,ok,,,,2048,2494,MONOCHROME1,AP,12,16,0,,"(2048, 2494)","(3, 224, 224)",0.0,1.0,0.2400816679000854,0.0927827060222625,0.297680102288723,0.0095247216522693,0.9985161935218364,0.0014860114315524,0.0009902672664394,4.453333854675293,True,True,True,True,
423,patient00491/study1,patient00491/study1/view1_frontal.dcm,/home/jovyan/Desktop/MEDAGENT-X/data/raw/chexpert_plus/dicom_train/patient00491/study1/view1_frontal.dcm,/home/jovyan/Desktop/MEDAGENT-X/outputs/chexpert_plus/convnext_features/patient00491_study1_view1_frontal.npz,ok,,data/raw/chexpert_plus/dicom_train/patient00491/study1/view1_frontal.dcm,/home/jovyan/Desktop/MEDAGENT-X/outputs/chexpert_plus/raddino_features/patient00491__study1__view1_frontal.npz,success,,microsoft/rad-dino,/home/jovyan/Desktop/MEDAGENT-X/data/raw/chexpert_plus/dicom_train/patient00491/study1/view1_frontal.dcm,data/raw/chexpert_plus/dicom_train/patient00491/study1/view1_frontal.dcm,ok,,,,2320,2828,MONOCHROME1,AP,12,16,0,,"(2320, 2828)","(3, 224, 224)",0.0,1.0,0.3126260638236999,0.1093221977353096,0.3743589781224727,0.0107514699921011,0.9981060671160524,0.0018975266721099,0.0020818599717114,4.370551109313965,True,True,True,True,
424,patient00491/study4,patient00491/study4/view1_frontal.dcm,/home/jovyan/Desktop/MEDAGENT-X/data/raw/chexpert_plus/dicom_train/patient00491/study4/view1_frontal.dcm,/home/jovyan/Desktop/MEDAGENT-X/outputs/chexpert_plus/convnext_features/patient00491_study4_view1_frontal.npz,ok,,data/raw/chexpert_plus/dicom_train/patient00491/study4/view1_frontal.dcm,/home/jovyan/Desktop/MEDAGENT-X/outputs/chexpert_plus/raddino_features/patient00491__study4__view1_frontal.npz,success,,microsoft/rad-dino,/home/jovyan/Desktop/MEDAGENT-X/data/raw/chexpert_plus/dicom_train/patient00491/study4/view1_frontal.dcm,data/raw/chexpert_plus/dicom_train/patient00491/study4/view1_frontal.dcm,ok,,,,2320,2828,MONOCHROME1,AP,12,16,0,,"(2320, 2828)","(3, 224, 224)",0.0,1.0,0.1752602458000183,0.0900258421897888,0.2603174727410078,0.003944968804717,0.9997393219515696,0.0002607460191939,0.0131485331414914,3.961610555648804,True,True,True,True,
425,patient00491/study3,patient00491/study3/view1_frontal.dcm,/home/jovyan/Desktop/MEDAGENT-X/data/raw/chexpert_plus/dicom_train/patient00491/study3/view1_frontal.dcm,/home/jovyan/Desktop/MEDAGENT-X/outputs/chexpert_plus/convnext_features/patient00491_study3_view1_frontal.npz,ok,,data/raw/chexpert_plus/dicom_train/patient00491/study3/view1_frontal.dcm,/home/jovyan/Desktop/MEDAGENT-X/outputs/chexpert_plus/raddino_features/patient00491__study3__view1_frontal.npz,success,,microsoft/rad-dino,/home/jovyan/Desktop/MEDAGENT-X/data/raw/chexpert_plus/dicom_train/patient00491/study3/view1_frontal.dcm,data/raw/chexpert_plus/dicom_train/patient00491/study3/view1_frontal.dcm,ok,,,,2320,2828,MONOCHROME1,AP,12,16,0,,"(2320, 2828)","(3, 224, 224)",0.0,1.0,0.3083246350288391,0.1014908328652381,0.3621489629149437,0.0053510726429522,0.999416921824583,0.0005834183539263,0.0058250621860215,4.569114685058594,True,True,True,True,
426,patient00491/study2,patient00491/study2/view1_frontal.dcm,/home/jovyan/Desktop/MEDAGENT-X/data/raw/chexpert_plus/dicom_train/patient00491/study2/view1_frontal.dcm,/home/jovyan/Desktop/MEDAGENT-X/outputs/chexpert_plus/convnext_features/patient00491_study2_view1_frontal.npz,ok,,data/raw/chexpert_plus/dicom_train/patient00491/study2/view1_frontal.dcm,/home/jovyan/Desktop/MEDAGENT-X/outputs/chexpert_plus/raddino_features/patient00491__study2__view1_frontal.npz,success,,microsoft/rad-dino,/home/jovyan/Desktop/MEDAGENT-X/data/raw/chexpert_plus/dicom_train/patient00491/study2/view1_frontal.dcm,data/raw/chexpert_plus/dicom_train/patient00491/study2/view1_frontal.dcm,ok,,,,2320,2828,MONOCHROME1,AP,12,16,0,,"(2320, 2828)","(3, 224, 224)",0.0,1.0,0.1761541217565536,0.0826716721057891,0.267643479630351,0.009233952499926,0.9987160671235644,0.0012855834793299,0.0010823111252011,4.187355995178223,True,True,True,True,
427,patient00493/study1,patient00493/study1/view1_frontal.dcm,/home/jovyan/Desktop/MEDAGENT-X/data/raw/chexpert_plus/dicom_train/patient00493/study1/view1_frontal.dcm,/home/jovyan/Desktop/MEDAGENT-X/outputs/chexpert_plus/convnext_features/patient00493_study1_view1_frontal.npz,ok,,data/raw/chexpert_plus/dicom_train/patient00493/study1/view1_frontal.dcm,/home/jovyan/Desktop/MEDAGENT-X/outputs/chexpert_plus/raddino_features/patient00493__study1__view1_frontal.npz,success,,microsoft/rad-dino,/home/jovyan/Desktop/MEDAGENT-X/data/raw/chexpert_plus/dicom_train/patient00493/study1/view1_frontal.dcm,data/raw/chexpert_plus/dicom_train/patient00493/study1/view1_frontal.dcm,ok,,,,1751,2022,MONOCHROME2,PA,14,16,0,,"(1751, 2022)","(3, 224, 224)",0.0,1.0,0.3312981724739074,0.0390257388353347,0.1063907742500305,0.0054445932619273,0.9996046370639984,0.0003955193096771,0.0017037035781729,3.089804649353028,True,True,True,True,
427,patient00493/study1,patient00493/study1/view2_lateral.dcm,/home/jovyan/Desktop/MEDAGENT-X/data/raw/chexpert_plus/dicom_train/patient00493/study1/view2_lateral.dcm,/home/jovyan/Desktop/MEDAGENT-X/outputs/chexpert_plus/convnext_features/patient00493_study1_view2_lateral.npz,ok,,data/raw/chexpert_plus/dicom_train/patient00493/study1/view2_lateral.dcm,/home/jovyan/Desktop/MEDAGENT-X/outputs/chexpert_plus/raddino_features/patient00493__study1__view2_lateral.npz,success,,microsoft/rad-dino,/home/jovyan/Desktop/MEDAGENT-X/data/raw/chexpert_plus/dicom_train/patient00493/study1/view2_lateral.dcm,data/raw/chexpert_plus/dicom_train/patient00493/study1/view2_lateral.dcm,ok,,,,2022,1751,MONOCHROME2,LL,14,16,0,,"(2022, 1751)","(3, 224, 224)",0.0,1.0,0.2907888889312744,0.0979766994714737,0.3578709550201893,0.0059760166332125,0.9994989815542704,0.0005012695910409,0.001630832967568,3.7880356311798096,True,True,True,True,
428,patient00496/study1,patient00496/study1/view1_frontal.dcm,/home/jovyan/Desktop/MEDAGENT-X/data/raw/chexpert_plus/dicom_train/patient00496/study1/view1_frontal.dcm,/home/jovyan/Desktop/MEDAGENT-X/outputs/chexpert_plus/convnext_features/patient00496_study1_view1_frontal.npz,ok,,data/raw/chexpert_plus/dicom_train/patient00496/study1/view1_frontal.dcm,/home/jovyan/Desktop/MEDAGENT-X/outputs/chexpert_plus/raddino_features/patient00496__study1__view1_frontal.npz,success,,microsoft/rad-dino,/home/jovyan/Desktop/MEDAGENT-X/data/raw/chexpert_plus/dicom_train/patient00496/study1/view1_frontal.dcm,data/raw/chexpert_plus/dicom_train/patient00496/study1/view1_frontal.dcm,ok,,,,2320,2828,MONOCHROME1,AP,12,16,0,,"(2320, 2828)","(3, 224, 224)",0.0,1.0,0.2759270370006561,0.0672960802912712,0.1907203942537307,0.0087546883150935,0.9987816568590804,0.0012198293115943,0.0009555004145734,3.8367860317230233,True,True,True,True,
429,patient00496/study2,patient00496/study2/view1_frontal.dcm,/home/jovyan/Desktop/MEDAGENT-X/data/raw/chexpert_plus/dicom_train/patient00496/study2/view1_frontal.dcm,/home/jovyan/Desktop/MEDAGENT-X/outputs/chexpert_plus/convnext_features/patient00496_study2_view1_frontal.npz,ok,,data/raw/chexpert_plus/dicom_train/patient00496/study2/view1_frontal.dcm,/home/jovyan/Desktop/MEDAGENT-X/outputs/chexpert_plus/raddino_features/patient00496__study2__view1_frontal.npz,success,,microsoft/rad-dino,/home/jovyan/Desktop/MEDAGENT-X/data/raw/chexpert_plus/dicom_train/patient00496/study2/view1_frontal.dcm,data/raw/chexpert_plus/dicom_train/patient00496/study2/view1_frontal.dcm,ok,,,,2320,2828,MONOCHROME1,AP,12,16,0,,"(2320, 2828)","(3, 224, 224)",0.0,1.0,0.2620849311351776,0.0900211557745933,0.3045177087187767,0.0095294956117868,0.9985245061835708,0.0014776741154491,0.001332122128469,4.323712348937988,True,True,True,True,
430,patient00496/study4,patient00496/study4/view1_frontal.dcm,/home/jovyan/Desktop/MEDAGENT-X/data/raw/chexpert_plus/dicom_train/patient00496/study4/view1_frontal.dcm,/home/jovyan/Desktop/MEDAGENT-X/outputs/chexpert_plus/convnext_features/patient00496_study4_view1_frontal.npz,ok,,data/raw/chexpert_plus/dicom_train/patient00496/study4/view1_frontal.dcm,/home/jovyan/Desktop/MEDAGENT-X/outputs/chexpert_plus/raddino_features/patient00496__study4__view1_frontal.npz,success,,microsoft/rad-dino,/home/jovyan/Desktop/MEDAGENT-X/data/raw/chexpert_plus/dicom_train/patient00496/study4/view1_frontal.dcm,data/raw/chexpert_plus/dicom_train/patient00496/study4/view1_frontal.dcm,ok,,,,2320,2828,MONOCHROME1,AP,12,16,0,,"(2320, 2828)","(3, 224, 224)",0.0,1.0,0.3001497983932495,0.0831724628806114,0.2505494505167007,0.0095434812828898,0.9985007422767482,0.0015015088720247,0.0012691740233136,4.295668601989746,True,True,True,True,
431,patient00496/study6,patient00496/study6/view1_frontal.dcm,/home/jovyan/Desktop/MEDAGENT-X/data/raw/chexpert_plus/dicom_train/patient00496/study6/view1_frontal.dcm,/home/jovyan/Desktop/MEDAGENT-X/outputs/chexpert_plus/convnext_features/patient00496_study6_view1_frontal.npz,ok,,data/raw/chexpert_plus/dicom_train/patient00496/study6/view1_frontal.dcm,/home/jovyan/Desktop/MEDAGENT-X/outputs/chexpert_plus/raddino_features/patient00496__study6__view1_frontal.npz,success,,microsoft/rad-dino,/home/jovyan/Desktop/MEDAGENT-X/data/raw/chexpert_plus/dicom_train/patient00496/study6/view1_frontal.dcm,data/raw/chexpert_plus/dicom_train/patient00496/study6/view1_frontal.dcm,ok,,,,2320,2828,MONOCHROME1,AP,12,16,0,,"(2320, 2828)","(3, 224, 224)",0.0,1.0,0.1979321390390396,0.0979071930050849,0.3279609372839331,0.0090702921152114,0.9987181480530376,0.0012834972003474,0.0008634407159927,4.413507461547852,True,True,True,True,
432,patient00496/study3,patient00496/study3/view1_frontal.dcm,/home/jovyan/Desktop/MEDAGENT-X/data/raw/chexpert_plus/dicom_train/patient00496/study3/view1_frontal.dcm,/home/jovyan/Desktop/MEDAGENT-X/outputs/chexpert_plus/convnext_features/patient00496_study3_view1_frontal.npz,ok,,data/raw/chexpert_plus/dicom_train/patient00496/study3/view1_frontal.dcm,/home/jovyan/Desktop/MEDAGENT-X/outputs/chexpert_plus/raddino_features/patient00496__study3__view1_frontal.npz,success,,microsoft/rad-dino,/home/jovyan/Desktop/MEDAGENT-X/data/raw/chexpert_plus/dicom_train/patient00496/study3/view1_frontal.dcm,data/raw/chexpert_plus/dicom_train/patient00496/study3/view1_frontal.dcm,ok,,,,2320,2828,MONOCHROME1,AP,12,16,0,,"(2320, 2828)","(3, 224, 224)",0.0,1.0,0.2942408323287964,0.0863426029682159,0.2710622698068619,0.0091963056474924,0.9986570019992188,0.0013448040699586,0.0010606679510315,4.265169620513916,True,True,True,True,
433,patient00496/study7,patient00496/study7/view1_frontal.dcm,/home/jovyan/Desktop/MEDAGENT-X/data/raw/chexpert_plus/dicom_train/patient00496/study7/view1_frontal.dcm,/home/jovyan/Desktop/MEDAGENT-X/outputs/chexpert_plus/convnext_features/patient00496_study7_view1_frontal.npz,ok,,data/raw/chexpert_plus/dicom_train/patient00496/study7/view1_frontal.dcm,/home/jovyan/Desktop/MEDAGENT-X/outputs/chexpert_plus/raddino_features/patient00496__study7__view1_frontal.npz,success,,microsoft/rad-dino,/home/jovyan/Desktop/MEDAGENT-X/data/raw/chexpert_plus/dicom_train/patient00496/study7/view1_frontal.dcm,data/raw/chexpert_plus/dicom_train/patient00496/study7/view1_frontal.dcm,ok,,,,2320,2828,MONOCHROME1,AP,12,16,0,,"(2320, 2828)","(3, 224, 224)",0.0,1.0,0.294300764799118,0.1174496114253997,0.3492063507437706,0.0096192630007863,0.9984249502153226,0.0015775344800204,0.0016482344047212,4.685418605804443,True,True,True,True,
434,patient00496/study5,patient00496/study5/view1_frontal.dcm,/home/jovyan/Desktop/MEDAGENT-X/data/raw/chexpert_plus/dicom_train/patient00496/study5/view1_frontal.dcm,/home/jovyan/Desktop/MEDAGENT-X/outputs/chexpert_plus/convnext_features/patient00496_study5_view1_frontal.npz,ok,,data/raw/chexpert_plus/dicom_train/patient00496/study5/view1_frontal.dcm,/home/jovyan/Desktop/MEDAGENT-X/outputs/chexpert_plus/raddino_features/patient00496__study5__view1_frontal.npz,success,,microsoft/rad-dino,/home/jovyan/Desktop/MEDAGENT-X/data/raw/chexpert_plus/dicom_train/patient00496/study5/view1_frontal.dcm,data/raw/chexpert_plus/dicom_train/patient00496/study5/view1_frontal.dcm,ok,,,,2320,2828,MONOCHROME1,AP,12,16,0,,"(2320, 2828)","(3, 224, 224)",0.0,1.0,0.218492791056633,0.0862781852483749,0.2959707044064998,0.0115668764337897,0.9980505414834778,0.0019532663282006,0.0022499756133248,4.188189506530762,True,True,True,True,
435,patient00500/study1,patient00500/study1/view1_frontal.dcm,/home/jovyan/Desktop/MEDAGENT-X/data/raw/chexpert_plus/dicom_train/patient00500/study1/view1_frontal.dcm,/home/jovyan/Desktop/MEDAGENT-X/outputs/chexpert_plus/convnext_features/patient00500_study1_view1_frontal.npz,ok,,data/raw/chexpert_plus/dicom_train/patient00500/study1/view1_frontal.dcm,/home/jovyan/Desktop/MEDAGENT-X/outputs/chexpert_plus/raddino_features/patient00500__study1__view1_frontal.npz,success,,microsoft/rad-dino,/home/jovyan/Desktop/MEDAGENT-X/data/raw/chexpert_plus/dicom_train/patient00500/study1/view1_frontal.dcm,data/raw/chexpert_plus/dicom_train/patient00500/study1/view1_frontal.dcm,ok,,,,2320,2828,MONOCHROME1,AP,12,16,0,,"(2320, 2828)","(3, 224, 224)",0.0,1.0,0.2193673849105835,0.0752558559179306,0.237118449062109,0.0090473359450697,0.998751495895658,0.0012500648153945,0.0011848875774276,3.69464111328125,True,True,True,True,
436,patient00500/study2,patient00500/study2/view1_frontal.dcm,/home/jovyan/Desktop/MEDAGENT-X/data/raw/chexpert_plus/dicom_train/patient00500/study2/view1_frontal.dcm,/home/jovyan/Desktop/MEDAGENT-X/outputs/chexpert_plus/convnext_features/patient00500_study2_view1_frontal.npz,ok,,data/raw/chexpert_plus/dicom_train/patient00500/study2/view1_frontal.dcm,/home/jovyan/Desktop/MEDAGENT-X/outputs/chexpert_plus/raddino_features/patient00500__study2__view1_frontal.npz,success,,microsoft/rad-dino,/home/jovyan/Desktop/MEDAGENT-X/data/raw/chexpert_plus/dicom_train/patient00500/study2/view1_frontal.dcm,data/raw/chexpert_plus/dicom_train/patient00500/study2/view1_frontal.dcm,ok,,,,3480,4240,MONOCHROME1,PA,12,16,0,,"(3480, 4240)","(3, 224, 224)",0.0,1.0,0.3268765211105346,0.0949076786637306,0.3499389514327049,0.0048147370107471,0.9995679012807098,0.000432285509305,0.0001049799392756,4.452382564544678,True,True,True,True,
436,patient00500/study2,patient00500/study2/view2_lateral.dcm,/home/jovyan/Desktop/MEDAGENT-X/data/raw/chexpert_plus/dicom_train/patient00500/study2/view2_lateral.dcm,/home/jovyan/Desktop/MEDAGENT-X/outputs/chexpert_plus/convnext_features/patient00500_study2_view2_lateral.npz,ok,,data/raw/chexpert_plus/dicom_train/patient00500/study2/view2_lateral.dcm,/home/jovyan/Desktop/MEDAGENT-X/outputs/chexpert_plus/raddino_features/patient00500__study2__view2_lateral.npz,success,,microsoft/rad-dino,/home/jovyan/Desktop/MEDAGENT-X/data/raw/chexpert_plus/dicom_train/patient00500/study2/view2_lateral.dcm,data/raw/chexpert_plus/dicom_train/patient00500/study2/view2_lateral.dcm,ok,,,,2828,2320,MONOCHROME1,PA,12,16,0,,"(2828, 2320)","(3, 224, 224)",0.0,1.0,0.245643675327301,0.1363763660192489,0.3782661836594343,0.00463577080518,0.9996517050199696,0.0003484163316898,0.0001679632248939,4.258023738861084,True,True,True,True,
437,patient00503/study1,patient00503/study1/view1_frontal.dcm,/home/jovyan/Desktop/MEDAGENT-X/data/raw/chexpert_plus/dicom_train/patient00503/study1/view1_frontal.dcm,/home/jovyan/Desktop/MEDAGENT-X/outputs/chexpert_plus/convnext_features/patient00503_study1_view1_frontal.npz,ok,,data/raw/chexpert_plus/dicom_train/patient00503/study1/view1_frontal.dcm,/home/jovyan/Desktop/MEDAGENT-X/outputs/chexpert_plus/raddino_features/patient00503__study1__view1_frontal.npz,success,,microsoft/rad-dino,/home/jovyan/Desktop/MEDAGENT-X/data/raw/chexpert_plus/dicom_train/patient00503/study1/view1_frontal.dcm,data/raw/chexpert_plus/dicom_train/patient00503/study1/view1_frontal.dcm,ok,,,,2320,2828,MONOCHROME1,AP,12,16,0,,"(2320, 2828)","(3, 224, 224)",0.0,1.0,0.3741736710071563,0.1052607521414756,0.3079365342855453,0.0095739420503377,0.9984312891941292,0.0015711755258962,0.0022496707798858,4.62157154083252,True,True,True,True,
438,patient00506/study1,patient00506/study1/view1_frontal.dcm,/home/jovyan/Desktop/MEDAGENT-X/data/raw/chexpert_plus/dicom_train/patient00506/study1/view1_frontal.dcm,/home/jovyan/Desktop/MEDAGENT-X/outputs/chexpert_plus/convnext_features/patient00506_study1_view1_frontal.npz,ok,,data/raw/chexpert_plus/dicom_train/patient00506/study1/view1_frontal.dcm,/home/jovyan/Desktop/MEDAGENT-X/outputs/chexpert_plus/raddino_features/patient00506__study1__view1_frontal.npz,success,,microsoft/rad-dino,/home/jovyan/Desktop/MEDAGENT-X/data/raw/chexpert_plus/dicom_train/patient00506/study1/view1_frontal.dcm,data/raw/chexpert_plus/dicom_train/patient00506/study1/view1_frontal.dcm,ok,,,,2320,2828,MONOCHROME1,AP,12,16,0,,"(2320, 2828)","(3, 224, 224)",0.0,1.0,0.3477663397789001,0.0934856459498405,0.2908424884080887,0.0102971149608492,0.998402354847168,0.0016002017073333,0.0014272301614397,4.162456035614014,True,True,True,True,
439,patient00507/study1,patient00507/study1/view1_frontal.dcm,/home/jovyan/Desktop/MEDAGENT-X/data/raw/chexpert_plus/dicom_train/patient00507/study1/view1_frontal.dcm,/home/jovyan/Desktop/MEDAGENT-X/outputs/chexpert_plus/convnext_features/patient00507_study1_view1_frontal.npz,ok,,data/raw/chexpert_plus/dicom_train/patient00507/study1/view1_frontal.dcm,/home/jovyan/Desktop/MEDAGENT-X/outputs/chexpert_plus/raddino_features/patient00507__study1__view1_frontal.npz,success,,microsoft/rad-dino,/home/jovyan/Desktop/MEDAGENT-X/data/raw/chexpert_plus/dicom_train/patient00507/study1/view1_frontal.dcm,data/raw/chexpert_plus/dicom_train/patient00507/study1/view1_frontal.dcm,ok,,,,2048,2494,MONOCHROME1,AP,12,16,0,,"(2048, 2494)","(3, 224, 224)",0.0,1.0,0.1974450945854187,0.0749270096421241,0.2473748587071895,0.0099776443094015,0.9984440452649996,0.001558379502967,0.0012606427300521,3.983576774597168,True,True,True,True,
440,patient00508/study4,patient00508/study4/view1_frontal.dcm,/home/jovyan/Desktop/MEDAGENT-X/data/raw/chexpert_plus/dicom_train/patient00508/study4/view1_frontal.dcm,/home/jovyan/Desktop/MEDAGENT-X/outputs/chexpert_plus/convnext_features/patient00508_study4_view1_frontal.npz,ok,,data/raw/chexpert_plus/dicom_train/patient00508/study4/view1_frontal.dcm,/home/jovyan/Desktop/MEDAGENT-X/outputs/chexpert_plus/raddino_features/patient00508__study4__view1_frontal.npz,success,,microsoft/rad-dino,/home/jovyan/Desktop/MEDAGENT-X/data/raw/chexpert_plus/dicom_train/patient00508/study4/view1_frontal.dcm,data/raw/chexpert_plus/dicom_train/patient00508/study4/view1_frontal.dcm,ok,,,,2320,2828,MONOCHROME1,AP,12,16,0,,"(2320, 2828)","(3, 224, 224)",0.0,1.0,0.3643046021461487,0.0948174968361854,0.3142857104539871,0.0093915769830346,0.9985894369233675,0.0014125555753707,0.0011319989757596,4.4031596183776855,True,True,True,True,
441,patient00508/study1,patient00508/study1/view1_frontal.dcm,/home/jovyan/Desktop/MEDAGENT-X/data/raw/chexpert_plus/dicom_train/patient00508/study1/view1_frontal.dcm,/home/jovyan/Desktop/MEDAGENT-X/outputs/chexpert_plus/convnext_features/patient00508_study1_view1_frontal.npz,ok,,data/raw/chexpert_plus/dicom_train/patient00508/study1/view1_frontal.dcm,/home/jovyan/Desktop/MEDAGENT-X/outputs/chexpert_plus/raddino_features/patient00508__study1__view1_frontal.npz,success,,microsoft/rad-dino,/home/jovyan/Desktop/MEDAGENT-X/data/raw/chexpert_plus/dicom_train/patient00508/study1/view1_frontal.dcm,data/raw/chexpert_plus/dicom_train/patient00508/study1/view1_frontal.dcm,ok,,,,2048,2494,MONOCHROME1,AP,12,16,0,,"(2048, 2494)","(3, 224, 224)",0.0,1.0,0.2102689743041992,0.0814999938011169,0.282783892005682,0.0091449934989213,0.9986824919835676,0.0013192461337894,0.0011684292301523,4.229666709899902,True,True,True,True,
442,patient00508/study2,patient00508/study2/view1_frontal.dcm,/home/jovyan/Desktop/MEDAGENT-X/data/raw/chexpert_plus/dicom_train/patient00508/study2/view1_frontal.dcm,/home/jovyan/Desktop/MEDAGENT-X/outputs/chexpert_plus/convnext_features/patient00508_study2_view1_frontal.npz,ok,,data/raw/chexpert_plus/dicom_train/patient00508/study2/view1_frontal.dcm,/home/jovyan/Desktop/MEDAGENT-X/outputs/chexpert_plus/raddino_features/patient00508__study2__view1_frontal.npz,success,,microsoft/rad-dino,/home/jovyan/Desktop/MEDAGENT-X/data/raw/chexpert_plus/dicom_train/patient00508/study2/view1_frontal.dcm,data/raw/chexpert_plus/dicom_train/patient00508/study2/view1_frontal.dcm,ok,,,,2320,2828,MONOCHROME1,AP,12,16,0,,"(2320, 2828)","(3, 224, 224)",0.0,1.0,0.3340554535388946,0.0929766595363617,0.3179487138986587,0.0087483804672956,0.9988070787630584,0.0011943459976464,0.0010102180168755,4.285743713378906,True,True,True,True,
443,patient00508/study3,patient00508/study3/view1_frontal.dcm,/home/jovyan/Desktop/MEDAGENT-X/data/raw/chexpert_plus/dicom_train/patient00508/study3/view1_frontal.dcm,/home/jovyan/Desktop/MEDAGENT-X/outputs/chexpert_plus/convnext_features/patient00508_study3_view1_frontal.npz,ok,,data/raw/chexpert_plus/dicom_train/patient00508/study3/view1_frontal.dcm,/home/jovyan/Desktop/MEDAGENT-X/outputs/chexpert_plus/raddino_features/patient00508__study3__view1_frontal.npz,success,,microsoft/rad-dino,/home/jovyan/Desktop/MEDAGENT-X/data/raw/chexpert_plus/dicom_train/patient00508/study3/view1_frontal.dcm,data/raw/chexpert_plus/dicom_train/patient00508/study3/view1_frontal.dcm,ok,,,,2048,2494,MONOCHROME1,AP,12,16,0,,"(2048, 2494)","(3, 224, 224)",0.0,1.0,0.2789836525917053,0.0821090564131736,0.267155073583126,0.0089279571548104,0.9987359618887472,0.001265637925826,0.0010583995338813,4.182837963104248,True,True,True,True,
444,patient00511/study1,patient00511/study1/view1_frontal.dcm,/home/jovyan/Desktop/MEDAGENT-X/data/raw/chexpert_plus/dicom_train/patient00511/study1/view1_frontal.dcm,/home/jovyan/Desktop/MEDAGENT-X/outputs/chexpert_plus/convnext_features/patient00511_study1_view1_frontal.npz,ok,,data/raw/chexpert_plus/dicom_train/patient00511/study1/view1_frontal.dcm,/home/jovyan/Desktop/MEDAGENT-X/outputs/chexpert_plus/raddino_features/patient00511__study1__view1_frontal.npz,success,,microsoft/rad-dino,/home/jovyan/Desktop/MEDAGENT-X/data/raw/chexpert_plus/dicom_train/patient00511/study1/view1_frontal.dcm,data/raw/chexpert_plus/dicom_train/patient00511/study1/view1_frontal.dcm,ok,,,,2320,2828,MONOCHROME1,AP,12,16,0,,"(2320, 2828)","(3, 224, 224)",0.0,1.0,0.2330853193998336,0.0982738733291626,0.3018315099179744,0.0093563878908753,0.998742014394666,0.0012595701264217,0.0020836889723455,4.317889213562012,True,True,True,True,
445,patient00515/study3,patient00515/study3/view1_frontal.dcm,/home/jovyan/Desktop/MEDAGENT-X/data/raw/chexpert_plus/dicom_train/patient00515/study3/view1_frontal.dcm,/home/jovyan/Desktop/MEDAGENT-X/outputs/chexpert_plus/convnext_features/patient00515_study3_view1_frontal.npz,ok,,data/raw/chexpert_plus/dicom_train/patient00515/study3/view1_frontal.dcm,/home/jovyan/Desktop/MEDAGENT-X/outputs/chexpert_plus/raddino_features/patient00515__study3__view1_frontal.npz,success,,microsoft/rad-dino,/home/jovyan/Desktop/MEDAGENT-X/data/raw/chexpert_plus/dicom_train/patient00515/study3/view1_frontal.dcm,data/raw/chexpert_plus/dicom_train/patient00515/study3/view1_frontal.dcm,ok,,,,2320,2828,MONOCHROME1,AP,12,16,0,,"(2320, 2828)","(3, 224, 224)",0.0,1.0,0.4082775115966797,0.1017544046044349,0.3658119887113571,0.0097994841635227,0.9984943621414412,0.0015079082222655,0.0010798724576891,4.577399730682373,True,True,True,True,
446,patient00515/study9,patient00515/study9/view1_frontal.dcm,/home/jovyan/Desktop/MEDAGENT-X/data/raw/chexpert_plus/dicom_train/patient00515/study9/view1_frontal.dcm,/home/jovyan/Desktop/MEDAGENT-X/outputs/chexpert_plus/convnext_features/patient00515_study9_view1_frontal.npz,ok,,data/raw/chexpert_plus/dicom_train/patient00515/study9/view1_frontal.dcm,/home/jovyan/Desktop/MEDAGENT-X/outputs/chexpert_plus/raddino_features/patient00515__study9__view1_frontal.npz,success,,microsoft/rad-dino,/home/jovyan/Desktop/MEDAGENT-X/data/raw/chexpert_plus/dicom_train/patient00515/study9/view1_frontal.dcm,data/raw/chexpert_plus/dicom_train/patient00515/study9/view1_frontal.dcm,ok,,,,2320,2828,MONOCHROME1,AP,12,16,0,,"(2320, 2828)","(3, 224, 224)",0.0,1.0,0.3619012832641601,0.0882720723748207,0.2561660557985306,0.0094222985208034,0.9986010360198908,0.0014009238220751,0.0010109801004731,4.351748466491699,True,True,True,True,
446,patient00515/study9,patient00515/study9/view2_lateral.dcm,/home/jovyan/Desktop/MEDAGENT-X/data/raw/chexpert_plus/dicom_train/patient00515/study9/view2_lateral.dcm,/home/jovyan/Desktop/MEDAGENT-X/outputs/chexpert_plus/convnext_features/patient00515_study9_view2_lateral.npz,ok,,data/raw/chexpert_plus/dicom_train/patient00515/study9/view2_lateral.dcm,/home/jovyan/Desktop/MEDAGENT-X/outputs/chexpert_plus/raddino_features/patient00515__study9__view2_lateral.npz,success,,microsoft/rad-dino,/home/jovyan/Desktop/MEDAGENT-X/data/raw/chexpert_plus/dicom_train/patient00515/study9/view2_lateral.dcm,data/raw/chexpert_plus/dicom_train/patient00515/study9/view2_lateral.dcm,ok,,,,2828,2320,MONOCHROME1,PA,12,16,0,,"(2828, 2320)","(3, 224, 224)",0.0,1.0,0.2326064109802246,0.109561301767826,0.3294261377304792,0.0064304061233997,0.9993984886498144,0.0006018733838573,0.0003622945422621,4.234503746032715,True,True,True,True,
447,patient00515/study6,patient00515/study6/view1_frontal.dcm,/home/jovyan/Desktop/MEDAGENT-X/data/raw/chexpert_plus/dicom_train/patient00515/study6/view1_frontal.dcm,/home/jovyan/Desktop/MEDAGENT-X/outputs/chexpert_plus/convnext_features/patient00515_study6_view1_frontal.npz,ok,,data/raw/chexpert_plus/dicom_train/patient00515/study6/view1_frontal.dcm,/home/jovyan/Desktop/MEDAGENT-X/outputs/chexpert_plus/raddino_features/patient00515__study6__view1_frontal.npz,success,,microsoft/rad-dino,/home/jovyan/Desktop/MEDAGENT-X/data/raw/chexpert_plus/dicom_train/patient00515/study6/view1_frontal.dcm,data/raw/chexpert_plus/dicom_train/patient00515/study6/view1_frontal.dcm,ok,,,,2320,2828,MONOCHROME1,AP,12,16,0,,"(2320, 2828)","(3, 224, 224)",0.0,1.0,0.2909674048423767,0.1019227728247642,0.3228327259421348,0.010820691473782,0.9982575457340656,0.0017454957123845,0.0014718882602545,4.508650302886963,True,True,True,True,
448,patient00515/study1,patient00515/study1/view1_frontal.dcm,/home/jovyan/Desktop/MEDAGENT-X/data/raw/chexpert_plus/dicom_train/patient00515/study1/view1_frontal.dcm,/home/jovyan/Desktop/MEDAGENT-X/outputs/chexpert_plus/convnext_features/patient00515_study1_view1_frontal.npz,ok,,data/raw/chexpert_plus/dicom_train/patient00515/study1/view1_frontal.dcm,/home/jovyan/Desktop/MEDAGENT-X/outputs/chexpert_plus/raddino_features/patient00515__study1__view1_frontal.npz,success,,microsoft/rad-dino,/home/jovyan/Desktop/MEDAGENT-X/data/raw/chexpert_plus/dicom_train/patient00515/study1/view1_frontal.dcm,data/raw/chexpert_plus/dicom_train/patient00515/study1/view1_frontal.dcm,ok,,,,2320,2828,MONOCHROME1,AP,12,16,0,,"(2320, 2828)","(3, 224, 224)",0.0,1.0,0.2893754243850708,0.0965776741504669,0.3120879158377647,0.0098597984760999,0.9984230934365234,0.0015793971251696,0.0009983295127542,4.446154594421387,True,True,True,True,
449,patient00515/study2,patient00515/study2/view1_frontal.dcm,/home/jovyan/Desktop/MEDAGENT-X/data/raw/chexpert_plus/dicom_train/patient00515/study2/view1_frontal.dcm,/home/jovyan/Desktop/MEDAGENT-X/outputs/chexpert_plus/convnext_features/patient00515_study2_view1_frontal.npz,ok,,data/raw/chexpert_plus/dicom_train/patient00515/study2/view1_frontal.dcm,/home/jovyan/Desktop/MEDAGENT-X/outputs/chexpert_plus/raddino_features/patient00515__study2__view1_frontal.npz,success,,microsoft/rad-dino,/home/jovyan/Desktop/MEDAGENT-X/data/raw/chexpert_plus/dicom_train/patient00515/study2/view1_frontal.dcm,data/raw/chexpert_plus/dicom_train/patient00515/study2/view1_frontal.dcm,ok,,,,2320,2828,MONOCHROME1,AP,12,16,0,,"(2320, 2828)","(3, 224, 224)",0.0,1.0,0.2355608791112899,0.0751018077135086,0.2341880425810814,0.0089194234460592,0.9988203001744016,0.0011810931609943,0.0010510656977027,4.171348571777344,True,True,True,True,
450,patient00515/study7,patient00515/study7/view1_frontal.dcm,/home/jovyan/Desktop/MEDAGENT-X/data/raw/chexpert_plus/dicom_train/patient00515/study7/view1_frontal.dcm,/home/jovyan/Desktop/MEDAGENT-X/outputs/chexpert_plus/convnext_features/patient00515_study7_view1_frontal.npz,ok,,data/raw/chexpert_plus/dicom_train/patient00515/study7/view1_frontal.dcm,/home/jovyan/Desktop/MEDAGENT-X/outputs/chexpert_plus/raddino_features/patient00515__study7__view1_frontal.npz,success,,microsoft/rad-dino,/home/jovyan/Desktop/MEDAGENT-X/data/raw/chexpert_plus/dicom_train/patient00515/study7/view1_frontal.dcm,data/raw/chexpert_plus/dicom_train/patient00515/study7/view1_frontal.dcm,ok,,,,2320,2828,MONOCHROME1,AP,12,16,0,,"(2320, 2828)","(3, 224, 224)",0.0,1.0,0.2749427556991577,0.0764471143484115,0.2371184378862381,0.0100781712681055,0.9985153205593584,0.0014868869911879,0.0012239062576208,4.152384281158447,True,True,True,True,
451,patient00515/study11,patient00515/study11/view1_frontal.dcm,/home/jovyan/Desktop/MEDAGENT-X/data/raw/chexpert_plus/dicom_train/patient00515/study11/view1_frontal.dcm,/home/jovyan/Desktop/MEDAGENT-X/outputs/chexpert_plus/convnext_features/patient00515_study11_view1_frontal.npz,ok,,data/raw/chexpert_plus/dicom_train/patient00515/study11/view1_frontal.dcm,/home/jovyan/Desktop/MEDAGENT-X/outputs/chexpert_plus/raddino_features/patient00515__study11__view1_frontal.npz,success,,microsoft/rad-dino,/home/jovyan/Desktop/MEDAGENT-X/data/raw/chexpert_plus/dicom_train/patient00515/study11/view1_frontal.dcm,data/raw/chexpert_plus/dicom_train/patient00515/study11/view1_frontal.dcm,ok,,,,2048,2494,MONOCHROME1,AP,12,16,0,,"(2048, 2494)","(3, 224, 224)",0.0,1.0,0.1894942820072174,0.076704628765583,0.2156288251280784,0.0127098113298416,0.9977273171332872,0.0022778597194701,0.0018348724438652,4.0648603439331055,True,True,True,True,
452,patient00515/study8,patient00515/study8/view1_frontal.dcm,/home/jovyan/Desktop/MEDAGENT-X/data/raw/chexpert_plus/dicom_train/patient00515/study8/view1_frontal.dcm,/home/jovyan/Desktop/MEDAGENT-X/outputs/chexpert_plus/convnext_features/patient00515_study8_view1_frontal.npz,ok,,data/raw/chexpert_plus/dicom_train/patient00515/study8/view1_frontal.dcm,/home/jovyan/Desktop/MEDAGENT-X/outputs/chexpert_plus/raddino_features/patient00515__study8__view1_frontal.npz,success,,microsoft/rad-dino,/home/jovyan/Desktop/MEDAGENT-X/data/raw/chexpert_plus/dicom_train/patient00515/study8/view1_frontal.dcm,data/raw/chexpert_plus/dicom_train/patient00515/study8/view1_frontal.dcm,ok,,,,2320,2828,MONOCHROME1,AP,12,16,0,,"(2320, 2828)","(3, 224, 224)",0.0,1.0,0.2968015670776367,0.0849351286888122,0.2678876668214798,0.0086097232997417,0.9989469687225626,0.0010541413212195,0.0008649648831878,4.371574401855469,True,True,True,True,
453,patient00515/study5,patient00515/study5/view1_frontal.dcm,/home/jovyan/Desktop/MEDAGENT-X/data/raw/chexpert_plus/dicom_train/patient00515/study5/view1_frontal.dcm,/home/jovyan/Desktop/MEDAGENT-X/outputs/chexpert_plus/convnext_features/patient00515_study5_view1_frontal.npz,ok,,data/raw/chexpert_plus/dicom_train/patient00515/study5/view1_frontal.dcm,/home/jovyan/Desktop/MEDAGENT-X/outputs/chexpert_plus/raddino_features/patient00515__study5__view1_frontal.npz,success,,microsoft/rad-dino,/home/jovyan/Desktop/MEDAGENT-X/data/raw/chexpert_plus/dicom_train/patient00515/study5/view1_frontal.dcm,data/raw/chexpert_plus/dicom_train/patient00515/study5/view1_frontal.dcm,ok,,,,2320,2828,MONOCHROME1,AP,12,16,0,,"(2320, 2828)","(3, 224, 224)",0.0,1.0,0.5367507338523865,0.0899265855550766,0.2862026989459991,0.0106145748868584,0.9980424109991192,0.0019614286720752,0.0012879212798127,4.500248908996582,True,True,True,True,
454,patient00515/study4,patient00515/study4/view1_frontal.dcm,/home/jovyan/Desktop/MEDAGENT-X/data/raw/chexpert_plus/dicom_train/patient00515/study4/view1_frontal.dcm,/home/jovyan/Desktop/MEDAGENT-X/outputs/chexpert_plus/convnext_features/patient00515_study4_view1_frontal.npz,ok,,data/raw/chexpert_plus/dicom_train/patient00515/study4/view1_frontal.dcm,/home/jovyan/Desktop/MEDAGENT-X/outputs/chexpert_plus/raddino_features/patient00515__study4__view1_frontal.npz,success,,microsoft/rad-dino,/home/jovyan/Desktop/MEDAGENT-X/data/raw/chexpert_plus/dicom_train/patient00515/study4/view1_frontal.dcm,data/raw/chexpert_plus/dicom_train/patient00515/study4/view1_frontal.dcm,ok,,,,2048,2494,MONOCHROME1,AP,12,16,0,,"(2048, 2494)","(3, 224, 224)",0.0,1.0,0.3559626936912536,0.074740283191204,0.2297924309968948,0.0118686845526099,0.9975844621785632,0.0024213867727667,0.0016776591945669,4.171010494232178,True,True,True,True,
455,patient00515/study13,patient00515/study13/view1_frontal.dcm,/home/jovyan/Desktop/MEDAGENT-X/data/raw/chexpert_plus/dicom_train/patient00515/study13/view1_frontal.dcm,/home/jovyan/Desktop/MEDAGENT-X/outputs/chexpert_plus/convnext_features/patient00515_study13_view1_frontal.npz,ok,,data/raw/chexpert_plus/dicom_train/patient00515/study13/view1_frontal.dcm,/home/jovyan/Desktop/MEDAGENT-X/outputs/chexpert_plus/raddino_features/patient00515__study13__view1_frontal.npz,success,,microsoft/rad-dino,/home/jovyan/Desktop/MEDAGENT-X/data/raw/chexpert_plus/dicom_train/patient00515/study13/view1_frontal.dcm,data/raw/chexpert_plus/dicom_train/patient00515/study13/view1_frontal.dcm,ok,,,,2048,2494,MONOCHROME1,AP,12,16,0,,"(2048, 2494)","(3, 224, 224)",0.0,1.0,0.2726231813430786,0.0719406008720398,0.193650797009468,0.0112415449693799,0.9981620431602158,0.0018413411453366,0.0016161835279671,4.012298583984375,True,True,True,True,
456,patient00515/study10,patient00515/study10/view1_frontal.dcm,/home/jovyan/Desktop/MEDAGENT-X/data/raw/chexpert_plus/dicom_train/patient00515/study10/view1_frontal.dcm,/home/jovyan/Desktop/MEDAGENT-X/outputs/chexpert_plus/convnext_features/patient00515_study10_view1_frontal.npz,ok,,data/raw/chexpert_plus/dicom_train/patient00515/study10/view1_frontal.dcm,/home/jovyan/Desktop/MEDAGENT-X/outputs/chexpert_plus/raddino_features/patient00515__study10__view1_frontal.npz,success,,microsoft/rad-dino,/home/jovyan/Desktop/MEDAGENT-X/data/raw/chexpert_plus/dicom_train/patient00515/study10/view1_frontal.dcm,data/raw/chexpert_plus/dicom_train/patient00515/study10/view1_frontal.dcm,ok,,,,2320,2828,MONOCHROME1,AP,12,16,0,,"(2320, 2828)","(3, 224, 224)",0.0,1.0,0.3454069495201111,0.0856515318155288,0.2554334551095962,0.010157442651689,0.9984573756765862,0.0015450076898559,0.0012670401892405,4.339735507965088,True,True,True,True,
457,patient00515/study12,patient00515/study12/view1_frontal.dcm,/home/jovyan/Desktop/MEDAGENT-X/data/raw/chexpert_plus/dicom_train/patient00515/study12/view1_frontal.dcm,/home/jovyan/Desktop/MEDAGENT-X/outputs/chexpert_plus/convnext_features/patient00515_study12_view1_frontal.npz,ok,,data/raw/chexpert_plus/dicom_train/patient00515/study12/view1_frontal.dcm,/home/jovyan/Desktop/MEDAGENT-X/outputs/chexpert_plus/raddino_features/patient00515__study12__view1_frontal.npz,success,,microsoft/rad-dino,/home/jovyan/Desktop/MEDAGENT-X/data/raw/chexpert_plus/dicom_train/patient00515/study12/view1_frontal.dcm,data/raw/chexpert_plus/dicom_train/patient00515/study12/view1_frontal.dcm,ok,,,,2048,2494,MONOCHROME1,AP,12,16,0,,"(2048, 2494)","(3, 224, 224)",0.0,1.0,0.2567814588546753,0.0756097063422203,0.2195360213518142,0.0100748278200626,0.9984175341660428,0.0015849740011617,0.0013090009773456,4.148441314697266,True,True,True,True,
458,patient00521/study2,patient00521/study2/view1_frontal.dcm,/home/jovyan/Desktop/MEDAGENT-X/data/raw/chexpert_plus/dicom_train/patient00521/study2/view1_frontal.dcm,/home/jovyan/Desktop/MEDAGENT-X/outputs/chexpert_plus/convnext_features/patient00521_study2_view1_frontal.npz,ok,,data/raw/chexpert_plus/dicom_train/patient00521/study2/view1_frontal.dcm,/home/jovyan/Desktop/MEDAGENT-X/outputs/chexpert_plus/raddino_features/patient00521__study2__view1_frontal.npz,success,,microsoft/rad-dino,/home/jovyan/Desktop/MEDAGENT-X/data/raw/chexpert_plus/dicom_train/patient00521/study2/view1_frontal.dcm,data/raw/chexpert_plus/dicom_train/patient00521/study2/view1_frontal.dcm,ok,,,,2320,2828,MONOCHROME1,AP,12,16,0,,"(2320, 2828)","(3, 224, 224)",0.0,1.0,0.1485927104949951,0.0802396014332771,0.2476190607994794,0.0125120095908641,0.997683545838252,0.0023218325804919,0.0016387845681119,4.015519142150879,True,True,True,True,
459,patient00521/study1,patient00521/study1/view1_frontal.dcm,/home/jovyan/Desktop/MEDAGENT-X/data/raw/chexpert_plus/dicom_train/patient00521/study1/view1_frontal.dcm,/home/jovyan/Desktop/MEDAGENT-X/outputs/chexpert_plus/convnext_features/patient00521_study1_view1_frontal.npz,ok,,data/raw/chexpert_plus/dicom_train/patient00521/study1/view1_frontal.dcm,/home/jovyan/Desktop/MEDAGENT-X/outputs/chexpert_plus/raddino_features/patient00521__study1__view1_frontal.npz,success,,microsoft/rad-dino,/home/jovyan/Desktop/MEDAGENT-X/data/raw/chexpert_plus/dicom_train/patient00521/study1/view1_frontal.dcm,data/raw/chexpert_plus/dicom_train/patient00521/study1/view1_frontal.dcm,ok,,,,2320,2828,MONOCHROME1,AP,12,16,0,,"(2320, 2828)","(3, 224, 224)",0.0,1.0,0.2699587643146515,0.0907556787133216,0.2705738693475723,0.010411262512207,0.9982636635577764,0.001739356550388,0.0012047017509632,4.418786525726318,True,True,True,True,
460,patient00521/study3,patient00521/study3/view1_frontal.dcm,/home/jovyan/Desktop/MEDAGENT-X/data/raw/chexpert_plus/dicom_train/patient00521/study3/view1_frontal.dcm,/home/jovyan/Desktop/MEDAGENT-X/outputs/chexpert_plus/convnext_features/patient00521_study3_view1_frontal.npz,ok,,data/raw/chexpert_plus/dicom_train/patient00521/study3/view1_frontal.dcm,/home/jovyan/Desktop/MEDAGENT-X/outputs/chexpert_plus/raddino_features/patient00521__study3__view1_frontal.npz,success,,microsoft/rad-dino,/home/jovyan/Desktop/MEDAGENT-X/data/raw/chexpert_plus/dicom_train/patient00521/study3/view1_frontal.dcm,data/raw/chexpert_plus/dicom_train/patient00521/study3/view1_frontal.dcm,ok,,,,2320,2828,MONOCHROME1,AP,12,16,0,,"(2320, 2828)","(3, 224, 224)",0.0,1.0,0.3437144756317138,0.0913443267345428,0.281807079911232,0.0097440127283334,0.9984498440193504,0.0015525626949965,0.0017021899234258,4.4139814376831055,True,True,True,True,
461,patient00521/study4,patient00521/study4/view1_frontal.dcm,/home/jovyan/Desktop/MEDAGENT-X/data/raw/chexpert_plus/dicom_train/patient00521/study4/view1_frontal.dcm,/home/jovyan/Desktop/MEDAGENT-X/outputs/chexpert_plus/convnext_features/patient00521_study4_view1_frontal.npz,ok,,data/raw/chexpert_plus/dicom_train/patient00521/study4/view1_frontal.dcm,/home/jovyan/Desktop/MEDAGENT-X/outputs/chexpert_plus/raddino_features/patient00521__study4__view1_frontal.npz,success,,microsoft/rad-dino,/home/jovyan/Desktop/MEDAGENT-X/data/raw/chexpert_plus/dicom_train/patient00521/study4/view1_frontal.dcm,data/raw/chexpert_plus/dicom_train/patient00521/study4/view1_frontal.dcm,ok,,,,2320,2828,MONOCHROME1,AP,12,16,0,,"(2320, 2828)","(3, 224, 224)",0.0,1.0,0.1989444941282272,0.0867249444127082,0.3091575186699629,0.0111025283113121,0.9981221186308058,0.0018814144423231,0.0012902075306052,4.220864772796631,True,True,True,True,
462,patient00525/study1,patient00525/study1/view1_frontal.dcm,/home/jovyan/Desktop/MEDAGENT-X/data/raw/chexpert_plus/dicom_train/patient00525/study1/view1_frontal.dcm,/home/jovyan/Desktop/MEDAGENT-X/outputs/chexpert_plus/convnext_features/patient00525_study1_view1_frontal.npz,ok,,data/raw/chexpert_plus/dicom_train/patient00525/study1/view1_frontal.dcm,/home/jovyan/Desktop/MEDAGENT-X/outputs/chexpert_plus/raddino_features/patient00525__study1__view1_frontal.npz,success,,microsoft/rad-dino,/home/jovyan/Desktop/MEDAGENT-X/data/raw/chexpert_plus/dicom_train/patient00525/study1/view1_frontal.dcm,data/raw/chexpert_plus/dicom_train/patient00525/study1/view1_frontal.dcm,ok,,,,2320,2828,MONOCHROME1,AP,12,16,0,,"(2320, 2828)","(3, 224, 224)",0.0,1.0,0.3128147721290588,0.088184654712677,0.2561660557985306,0.012970583513379,0.9974928257731742,0.0025134759489446,0.0019099339121104,4.302022933959961,True,True,True,True,
463,patient00525/study2,patient00525/study2/view1_frontal.dcm,/home/jovyan/Desktop/MEDAGENT-X/data/raw/chexpert_plus/dicom_train/patient00525/study2/view1_frontal.dcm,/home/jovyan/Desktop/MEDAGENT-X/outputs/chexpert_plus/convnext_features/patient00525_study2_view1_frontal.npz,ok,,data/raw/chexpert_plus/dicom_train/patient00525/study2/view1_frontal.dcm,/home/jovyan/Desktop/MEDAGENT-X/outputs/chexpert_plus/raddino_features/patient00525__study2__view1_frontal.npz,success,,microsoft/rad-dino,/home/jovyan/Desktop/MEDAGENT-X/data/raw/chexpert_plus/dicom_train/patient00525/study2/view1_frontal.dcm,data/raw/chexpert_plus/dicom_train/patient00525/study2/view1_frontal.dcm,ok,,,,2320,2828,MONOCHROME1,AP,12,16,0,,"(2320, 2828)","(3, 224, 224)",0.0,1.0,0.3650979399681091,0.1003681272268295,0.2949939221143722,0.010297049768269,0.998210828381934,0.0017923784907907,0.0013307503779934,4.492297172546387,True,True,True,True,
464,patient00529/study1,patient00529/study1/view1_frontal.dcm,/home/jovyan/Desktop/MEDAGENT-X/data/raw/chexpert_plus/dicom_train/patient00529/study1/view1_frontal.dcm,/home/jovyan/Desktop/MEDAGENT-X/outputs/chexpert_plus/convnext_features/patient00529_study1_view1_frontal.npz,ok,,data/raw/chexpert_plus/dicom_train/patient00529/study1/view1_frontal.dcm,/home/jovyan/Desktop/MEDAGENT-X/outputs/chexpert_plus/raddino_features/patient00529__study1__view1_frontal.npz,success,,microsoft/rad-dino,/home/jovyan/Desktop/MEDAGENT-X/data/raw/chexpert_plus/dicom_train/patient00529/study1/view1_frontal.dcm,data/raw/chexpert_plus/dicom_train/patient00529/study1/view1_frontal.dcm,ok,,,,2320,2828,MONOCHROME1,AP,12,16,0,,"(2320, 2828)","(3, 224, 224)",0.0,1.0,0.2913874089717865,0.0842591077089309,0.2639804631471634,0.0103760082274675,0.9983125486312804,0.0016903036739677,0.0013456872165049,4.157814025878906,True,True,True,True,
465,patient00529/study2,patient00529/study2/view1_frontal.dcm,/home/jovyan/Desktop/MEDAGENT-X/data/raw/chexpert_plus/dicom_train/patient00529/study2/view1_frontal.dcm,/home/jovyan/Desktop/MEDAGENT-X/outputs/chexpert_plus/convnext_features/patient00529_study2_view1_frontal.npz,ok,,data/raw/chexpert_plus/dicom_train/patient00529/study2/view1_frontal.dcm,/home/jovyan/Desktop/MEDAGENT-X/outputs/chexpert_plus/raddino_features/patient00529__study2__view1_frontal.npz,success,,microsoft/rad-dino,/home/jovyan/Desktop/MEDAGENT-X/data/raw/chexpert_plus/dicom_train/patient00529/study2/view1_frontal.dcm,data/raw/chexpert_plus/dicom_train/patient00529/study2/view1_frontal.dcm,ok,,,,2320,2828,MONOCHROME1,AP,12,16,0,,"(2320, 2828)","(3, 224, 224)",0.0,1.0,0.2827474474906921,0.0859622955322265,0.3064713105559349,0.0096559645608067,0.9985548294146328,0.001447262126021,0.001727338682144,4.240933418273926,True,True,True,True,
466,patient00530/study1,patient00530/study1/view1_frontal.dcm,/home/jovyan/Desktop/MEDAGENT-X/data/raw/chexpert_plus/dicom_train/patient00530/study1/view1_frontal.dcm,/home/jovyan/Desktop/MEDAGENT-X/outputs/chexpert_plus/convnext_features/patient00530_study1_view1_frontal.npz,ok,,data/raw/chexpert_plus/dicom_train/patient00530/study1/view1_frontal.dcm,/home/jovyan/Desktop/MEDAGENT-X/outputs/chexpert_plus/raddino_features/patient00530__study1__view1_frontal.npz,success,,microsoft/rad-dino,/home/jovyan/Desktop/MEDAGENT-X/data/raw/chexpert_plus/dicom_train/patient00530/study1/view1_frontal.dcm,data/raw/chexpert_plus/dicom_train/patient00530/study1/view1_frontal.dcm,ok,,,,2320,2828,MONOCHROME1,AP,12,16,0,,"(2320, 2828)","(3, 224, 224)",0.0,1.0,0.174729898571968,0.0606533363461494,0.2068376056849956,0.0073159933090209,0.9991746985621364,0.0008259831229224,0.0005165402624006,3.6913020610809326,True,True,True,True,
467,patient00533/study2,patient00533/study2/view1_frontal.dcm,/home/jovyan/Desktop/MEDAGENT-X/data/raw/chexpert_plus/dicom_train/patient00533/study2/view1_frontal.dcm,/home/jovyan/Desktop/MEDAGENT-X/outputs/chexpert_plus/convnext_features/patient00533_study2_view1_frontal.npz,ok,,data/raw/chexpert_plus/dicom_train/patient00533/study2/view1_frontal.dcm,/home/jovyan/Desktop/MEDAGENT-X/outputs/chexpert_plus/raddino_features/patient00533__study2__view1_frontal.npz,success,,microsoft/rad-dino,/home/jovyan/Desktop/MEDAGENT-X/data/raw/chexpert_plus/dicom_train/patient00533/study2/view1_frontal.dcm,data/raw/chexpert_plus/dicom_train/patient00533/study2/view1_frontal.dcm,ok,,,,2320,2828,MONOCHROME1,AP,12,16,0,,"(2320, 2828)","(3, 224, 224)",0.0,1.0,0.2898098230361938,0.0787323638796806,0.2385836392641067,0.0100333942100405,0.9984880210850204,0.0015142684569582,0.0014083304882212,4.18942928314209,True,True,True,True,
468,patient00533/study1,patient00533/study1/view1_frontal.dcm,/home/jovyan/Desktop/MEDAGENT-X/data/raw/chexpert_plus/dicom_train/patient00533/study1/view1_frontal.dcm,/home/jovyan/Desktop/MEDAGENT-X/outputs/chexpert_plus/convnext_features/patient00533_study1_view1_frontal.npz,ok,,data/raw/chexpert_plus/dicom_train/patient00533/study1/view1_frontal.dcm,/home/jovyan/Desktop/MEDAGENT-X/outputs/chexpert_plus/raddino_features/patient00533__study1__view1_frontal.npz,success,,microsoft/rad-dino,/home/jovyan/Desktop/MEDAGENT-X/data/raw/chexpert_plus/dicom_train/patient00533/study1/view1_frontal.dcm,data/raw/chexpert_plus/dicom_train/patient00533/study1/view1_frontal.dcm,ok,,,,2320,2828,MONOCHROME1,AP,12,16,0,,"(2320, 2828)","(3, 224, 224)",0.0,1.0,0.3918895721435547,0.0792645439505577,0.2380952537059784,0.0101160537451505,0.9984158079674208,0.0015867056790739,0.0014026910695995,4.222989082336426,True,True,True,True,
469,patient00533/study4,patient00533/study4/view1_frontal.dcm,/home/jovyan/Desktop/MEDAGENT-X/data/raw/chexpert_plus/dicom_train/patient00533/study4/view1_frontal.dcm,/home/jovyan/Desktop/MEDAGENT-X/outputs/chexpert_plus/convnext_features/patient00533_study4_view1_frontal.npz,ok,,data/raw/chexpert_plus/dicom_train/patient00533/study4/view1_frontal.dcm,/home/jovyan/Desktop/MEDAGENT-X/outputs/chexpert_plus/raddino_features/patient00533__study4__view1_frontal.npz,success,,microsoft/rad-dino,/home/jovyan/Desktop/MEDAGENT-X/data/raw/chexpert_plus/dicom_train/patient00533/study4/view1_frontal.dcm,data/raw/chexpert_plus/dicom_train/patient00533/study4/view1_frontal.dcm,ok,,,,2320,2828,MONOCHROME1,AP,12,16,0,,"(2320, 2828)","(3, 224, 224)",0.0,1.0,0.3688267767429352,0.0905487015843391,0.2664224952459335,0.0116607770323753,0.9980011318808556,0.002002871595323,0.0015543457055065,4.4285993576049805,True,True,True,True,
470,patient00533/study3,patient00533/study3/view1_frontal.dcm,/home/jovyan/Desktop/MEDAGENT-X/data/raw/chexpert_plus/dicom_train/patient00533/study3/view1_frontal.dcm,/home/jovyan/Desktop/MEDAGENT-X/outputs/chexpert_plus/convnext_features/patient00533_study3_view1_frontal.npz,ok,,data/raw/chexpert_plus/dicom_train/patient00533/study3/view1_frontal.dcm,/home/jovyan/Desktop/MEDAGENT-X/outputs/chexpert_plus/raddino_features/patient00533__study3__view1_frontal.npz,success,,microsoft/rad-dino,/home/jovyan/Desktop/MEDAGENT-X/data/raw/chexpert_plus/dicom_train/patient00533/study3/view1_frontal.dcm,data/raw/chexpert_plus/dicom_train/patient00533/study3/view1_frontal.dcm,ok,,,,2320,2828,MONOCHROME1,AP,12,16,0,,"(2320, 2828)","(3, 224, 224)",0.0,1.0,0.2353454977273941,0.0756401196122169,0.2285714372992515,0.0102417115122079,0.9984617976782147,0.0015405720332637,0.0011701031556357,4.1217360496521,True,True,True,True,
471,patient00535/study1,patient00535/study1/view1_frontal.dcm,/home/jovyan/Desktop/MEDAGENT-X/data/raw/chexpert_plus/dicom_train/patient00535/study1/view1_frontal.dcm,/home/jovyan/Desktop/MEDAGENT-X/outputs/chexpert_plus/convnext_features/patient00535_study1_view1_frontal.npz,ok,,data/raw/chexpert_plus/dicom_train/patient00535/study1/view1_frontal.dcm,/home/jovyan/Desktop/MEDAGENT-X/outputs/chexpert_plus/raddino_features/patient00535__study1__view1_frontal.npz,success,,microsoft/rad-dino,/home/jovyan/Desktop/MEDAGENT-X/data/raw/chexpert_plus/dicom_train/patient00535/study1/view1_frontal.dcm,data/raw/chexpert_plus/dicom_train/patient00535/study1/view1_frontal.dcm,ok,,,,2022,2022,MONOCHROME2,PA,14,16,0,,"(2022, 2022)","(3, 224, 224)",0.0,1.0,0.235901191830635,0.0545357577502727,0.1354760974645614,0.0041204891167581,0.9997683869046836,0.00023166675237,0.0001761043946851,3.4512150287628174,True,True,True,True,
471,patient00535/study1,patient00535/study1/view2_lateral.dcm,/home/jovyan/Desktop/MEDAGENT-X/data/raw/chexpert_plus/dicom_train/patient00535/study1/view2_lateral.dcm,/home/jovyan/Desktop/MEDAGENT-X/outputs/chexpert_plus/convnext_features/patient00535_study1_view2_lateral.npz,ok,,data/raw/chexpert_plus/dicom_train/patient00535/study1/view2_lateral.dcm,/home/jovyan/Desktop/MEDAGENT-X/outputs/chexpert_plus/raddino_features/patient00535__study1__view2_lateral.npz,success,,microsoft/rad-dino,/home/jovyan/Desktop/MEDAGENT-X/data/raw/chexpert_plus/dicom_train/patient00535/study1/view2_lateral.dcm,data/raw/chexpert_plus/dicom_train/patient00535/study1/view2_lateral.dcm,ok,,,,2022,2022,MONOCHROME2,LL,14,16,0,,"(2022, 2022)","(3, 224, 224)",0.0,1.0,0.2227725237607956,0.1160309836268425,0.344381358474493,0.0045426292344927,0.999741653063958,0.0002584136964287,0.0003130744794403,3.8189330101013184,True,True,True,True,
472,patient00535/study2,patient00535/study2/view1_frontal.dcm,/home/jovyan/Desktop/MEDAGENT-X/data/raw/chexpert_plus/dicom_train/patient00535/study2/view1_frontal.dcm,/home/jovyan/Desktop/MEDAGENT-X/outputs/chexpert_plus/convnext_features/patient00535_study2_view1_frontal.npz,ok,,data/raw/chexpert_plus/dicom_train/patient00535/study2/view1_frontal.dcm,/home/jovyan/Desktop/MEDAGENT-X/outputs/chexpert_plus/raddino_features/patient00535__study2__view1_frontal.npz,success,,microsoft/rad-dino,/home/jovyan/Desktop/MEDAGENT-X/data/raw/chexpert_plus/dicom_train/patient00535/study2/view1_frontal.dcm,data/raw/chexpert_plus/dicom_train/patient00535/study2/view1_frontal.dcm,ok,,,,1741,2022,MONOCHROME2,PA,14,16,0,,"(1741, 2022)","(3, 224, 224)",0.0,1.0,0.2643422782421112,0.048332005739212,0.1204297244548797,0.0065272492356598,0.9994080530254098,0.0005922975833527,0.0022446937791132,3.304544448852539,True,True,True,True,
472,patient00535/study2,patient00535/study2/view2_lateral.dcm,/home/jovyan/Desktop/MEDAGENT-X/data/raw/chexpert_plus/dicom_train/patient00535/study2/view2_lateral.dcm,/home/jovyan/Desktop/MEDAGENT-X/outputs/chexpert_plus/convnext_features/patient00535_study2_view2_lateral.npz,ok,,data/raw/chexpert_plus/dicom_train/patient00535/study2/view2_lateral.dcm,/home/jovyan/Desktop/MEDAGENT-X/outputs/chexpert_plus/raddino_features/patient00535__study2__view2_lateral.npz,success,,microsoft/rad-dino,/home/jovyan/Desktop/MEDAGENT-X/data/raw/chexpert_plus/dicom_train/patient00535/study2/view2_lateral.dcm,data/raw/chexpert_plus/dicom_train/patient00535/study2/view2_lateral.dcm,ok,,,,2021,1751,MONOCHROME2,LL,14,16,0,,"(2021, 1751)","(3, 224, 224)",0.0,1.0,0.2233592867851257,0.1048129126429557,0.31496062874794,0.0060277855955064,0.9996047804615514,0.0003953757986892,0.0020724709228147,3.4691579341888428,True,True,True,True,
473,patient00539/study1,patient00539/study1/view1_frontal.dcm,/home/jovyan/Desktop/MEDAGENT-X/data/raw/chexpert_plus/dicom_train/patient00539/study1/view1_frontal.dcm,/home/jovyan/Desktop/MEDAGENT-X/outputs/chexpert_plus/convnext_features/patient00539_study1_view1_frontal.npz,ok,,data/raw/chexpert_plus/dicom_train/patient00539/study1/view1_frontal.dcm,/home/jovyan/Desktop/MEDAGENT-X/outputs/chexpert_plus/raddino_features/patient00539__study1__view1_frontal.npz,success,,microsoft/rad-dino,/home/jovyan/Desktop/MEDAGENT-X/data/raw/chexpert_plus/dicom_train/patient00539/study1/view1_frontal.dcm,data/raw/chexpert_plus/dicom_train/patient00539/study1/view1_frontal.dcm,ok,,,,2320,2828,MONOCHROME1,AP,12,16,0,,"(2320, 2828)","(3, 224, 224)",0.0,1.0,0.3206406235694885,0.111057735979557,0.3245421200990677,0.0091330893337726,0.9986889938846694,0.0013127271085977,0.0010658501194947,4.677435398101807,True,True,True,True,
474,patient00542/study3,patient00542/study3/view1_frontal.dcm,/home/jovyan/Desktop/MEDAGENT-X/data/raw/chexpert_plus/dicom_train/patient00542/study3/view1_frontal.dcm,/home/jovyan/Desktop/MEDAGENT-X/outputs/chexpert_plus/convnext_features/patient00542_study3_view1_frontal.npz,ok,,data/raw/chexpert_plus/dicom_train/patient00542/study3/view1_frontal.dcm,/home/jovyan/Desktop/MEDAGENT-X/outputs/chexpert_plus/raddino_features/patient00542__study3__view1_frontal.npz,success,,microsoft/rad-dino,/home/jovyan/Desktop/MEDAGENT-X/data/raw/chexpert_plus/dicom_train/patient00542/study3/view1_frontal.dcm,data/raw/chexpert_plus/dicom_train/patient00542/study3/view1_frontal.dcm,ok,,,,2320,2828,MONOCHROME1,AP,12,16,0,,"(2320, 2828)","(3, 224, 224)",0.0,1.0,0.3128228187561035,0.1557244509458542,0.507887527346611,0.0057327337563037,0.9993334957321574,0.0006669487920589,0.0066456738038335,4.982169151306152,True,True,True,True,
474,patient00542/study3,patient00542/study3/view2_lateral.dcm,/home/jovyan/Desktop/MEDAGENT-X/data/raw/chexpert_plus/dicom_train/patient00542/study3/view2_lateral.dcm,/home/jovyan/Desktop/MEDAGENT-X/outputs/chexpert_plus/convnext_features/patient00542_study3_view2_lateral.npz,ok,,data/raw/chexpert_plus/dicom_train/patient00542/study3/view2_lateral.dcm,/home/jovyan/Desktop/MEDAGENT-X/outputs/chexpert_plus/raddino_features/patient00542__study3__view2_lateral.npz,success,,microsoft/rad-dino,/home/jovyan/Desktop/MEDAGENT-X/data/raw/chexpert_plus/dicom_train/patient00542/study3/view2_lateral.dcm,data/raw/chexpert_plus/dicom_train/patient00542/study3/view2_lateral.dcm,ok,,,,2828,2320,MONOCHROME1,PA,12,16,0,,"(2828, 2320)","(3, 224, 224)",0.0,1.0,0.260278970003128,0.1314761191606521,0.3870573919266462,0.0073956889100372,0.999121208224266,0.0008795647299848,0.0004689862459152,4.384672164916992,True,True,True,True,
475,patient00542/study1,patient00542/study1/view1_frontal.dcm,/home/jovyan/Desktop/MEDAGENT-X/data/raw/chexpert_plus/dicom_train/patient00542/study1/view1_frontal.dcm,/home/jovyan/Desktop/MEDAGENT-X/outputs/chexpert_plus/convnext_features/patient00542_study1_view1_frontal.npz,ok,,data/raw/chexpert_plus/dicom_train/patient00542/study1/view1_frontal.dcm,/home/jovyan/Desktop/MEDAGENT-X/outputs/chexpert_plus/raddino_features/patient00542__study1__view1_frontal.npz,success,,microsoft/rad-dino,/home/jovyan/Desktop/MEDAGENT-X/data/raw/chexpert_plus/dicom_train/patient00542/study1/view1_frontal.dcm,data/raw/chexpert_plus/dicom_train/patient00542/study1/view1_frontal.dcm,ok,,,,2320,2828,MONOCHROME1,AP,12,16,0,,"(2320, 2828)","(3, 224, 224)",0.0,1.0,0.0938721448183059,0.0700437426567077,0.179975583218038,0.0105216903612017,0.998477914489193,0.0015244057867676,0.0012175047554016,3.6857168674468994,True,True,True,True,
476,patient00542/study5,patient00542/study5/view1_frontal.dcm,/home/jovyan/Desktop/MEDAGENT-X/data/raw/chexpert_plus/dicom_train/patient00542/study5/view1_frontal.dcm,/home/jovyan/Desktop/MEDAGENT-X/outputs/chexpert_plus/convnext_features/patient00542_study5_view1_frontal.npz,ok,,data/raw/chexpert_plus/dicom_train/patient00542/study5/view1_frontal.dcm,/home/jovyan/Desktop/MEDAGENT-X/outputs/chexpert_plus/raddino_features/patient00542__study5__view1_frontal.npz,success,,microsoft/rad-dino,/home/jovyan/Desktop/MEDAGENT-X/data/raw/chexpert_plus/dicom_train/patient00542/study5/view1_frontal.dcm,data/raw/chexpert_plus/dicom_train/patient00542/study5/view1_frontal.dcm,ok,,,,2320,2828,MONOCHROME1,AP,12,16,0,,"(2320, 2828)","(3, 224, 224)",0.0,1.0,0.198687270283699,0.0834336802363395,0.2771672885864973,0.0099838944151997,0.9985181970118958,0.0014840019866824,0.0010664597863727,4.147918224334717,True,True,True,True,
477,patient00542/study2,patient00542/study2/view1_frontal.dcm,/home/jovyan/Desktop/MEDAGENT-X/data/raw/chexpert_plus/dicom_train/patient00542/study2/view1_frontal.dcm,/home/jovyan/Desktop/MEDAGENT-X/outputs/chexpert_plus/convnext_features/patient00542_study2_view1_frontal.npz,ok,,data/raw/chexpert_plus/dicom_train/patient00542/study2/view1_frontal.dcm,/home/jovyan/Desktop/MEDAGENT-X/outputs/chexpert_plus/raddino_features/patient00542__study2__view1_frontal.npz,success,,microsoft/rad-dino,/home/jovyan/Desktop/MEDAGENT-X/data/raw/chexpert_plus/dicom_train/patient00542/study2/view1_frontal.dcm,data/raw/chexpert_plus/dicom_train/patient00542/study2/view1_frontal.dcm,ok,,,,2320,2828,MONOCHROME1,AP,12,16,0,,"(2320, 2828)","(3, 224, 224)",0.0,1.0,0.3671246170997619,0.1293419152498245,0.4395491555333137,0.0065269544720649,0.9991705193660378,0.0008301692432723,0.0035051272984441,4.946532726287842,True,True,True,True,
478,patient00542/study4,patient00542/study4/view1_frontal.dcm,/home/jovyan/Desktop/MEDAGENT-X/data/raw/chexpert_plus/dicom_train/patient00542/study4/view1_frontal.dcm,/home/jovyan/Desktop/MEDAGENT-X/outputs/chexpert_plus/convnext_features/patient00542_study4_view1_frontal.npz,ok,,data/raw/chexpert_plus/dicom_train/patient00542/study4/view1_frontal.dcm,/home/jovyan/Desktop/MEDAGENT-X/outputs/chexpert_plus/raddino_features/patient00542__study4__view1_frontal.npz,success,,microsoft/rad-dino,/home/jovyan/Desktop/MEDAGENT-X/data/raw/chexpert_plus/dicom_train/patient00542/study4/view1_frontal.dcm,data/raw/chexpert_plus/dicom_train/patient00542/study4/view1_frontal.dcm,ok,,,,2320,2828,MONOCHROME1,AP,12,16,0,,"(2320, 2828)","(3, 224, 224)",0.0,1.0,0.2969247698783874,0.1328017562627792,0.4476268365979194,0.0059651932679116,0.9993152570500224,0.0006852121441625,0.0098944361800712,4.979369640350342,True,True,True,True,
479,patient00545/study2,patient00545/study2/view1_frontal.dcm,/home/jovyan/Desktop/MEDAGENT-X/data/raw/chexpert_plus/dicom_train/patient00545/study2/view1_frontal.dcm,/home/jovyan/Desktop/MEDAGENT-X/outputs/chexpert_plus/convnext_features/patient00545_study2_view1_frontal.npz,ok,,data/raw/chexpert_plus/dicom_train/patient00545/study2/view1_frontal.dcm,/home/jovyan/Desktop/MEDAGENT-X/outputs/chexpert_plus/raddino_features/patient00545__study2__view1_frontal.npz,success,,microsoft/rad-dino,/home/jovyan/Desktop/MEDAGENT-X/data/raw/chexpert_plus/dicom_train/patient00545/study2/view1_frontal.dcm,data/raw/chexpert_plus/dicom_train/patient00545/study2/view1_frontal.dcm,ok,,,,1751,2022,MONOCHROME2,PA,14,16,0,,"(1751, 2022)","(3, 224, 224)",0.0,1.0,0.3281581103801727,0.0439223125576972,0.1324543803930282,0.0044403215870261,0.9997495554756368,0.0002505072625353,0.0014461144430115,3.303689956665039,True,True,True,True,
479,patient00545/study2,patient00545/study2/view2_lateral.dcm,/home/jovyan/Desktop/MEDAGENT-X/data/raw/chexpert_plus/dicom_train/patient00545/study2/view2_lateral.dcm,/home/jovyan/Desktop/MEDAGENT-X/outputs/chexpert_plus/convnext_features/patient00545_study2_view2_lateral.npz,ok,,data/raw/chexpert_plus/dicom_train/patient00545/study2/view2_lateral.dcm,/home/jovyan/Desktop/MEDAGENT-X/outputs/chexpert_plus/raddino_features/patient00545__study2__view2_lateral.npz,success,,microsoft/rad-dino,/home/jovyan/Desktop/MEDAGENT-X/data/raw/chexpert_plus/dicom_train/patient00545/study2/view2_lateral.dcm,data/raw/chexpert_plus/dicom_train/patient00545/study2/view2_lateral.dcm,ok,,,,2022,1751,MONOCHROME2,LL,14,16,0,,"(2022, 1751)","(3, 224, 224)",0.0,1.0,0.2832224071025848,0.0902647003531456,0.3425502181053161,0.0058087990619242,0.9995563168451126,0.0004438800970092,0.0016525811730586,3.901789903640747,True,True,True,True,
480,patient00545/study1,patient00545/study1/view1_frontal.dcm,/home/jovyan/Desktop/MEDAGENT-X/data/raw/chexpert_plus/dicom_train/patient00545/study1/view1_frontal.dcm,/home/jovyan/Desktop/MEDAGENT-X/outputs/chexpert_plus/convnext_features/patient00545_study1_view1_frontal.npz,ok,,data/raw/chexpert_plus/dicom_train/patient00545/study1/view1_frontal.dcm,/home/jovyan/Desktop/MEDAGENT-X/outputs/chexpert_plus/raddino_features/patient00545__study1__view1_frontal.npz,success,,microsoft/rad-dino,/home/jovyan/Desktop/MEDAGENT-X/data/raw/chexpert_plus/dicom_train/patient00545/study1/view1_frontal.dcm,data/raw/chexpert_plus/dicom_train/patient00545/study1/view1_frontal.dcm,ok,,,,2320,2828,MONOCHROME1,AP,12,16,0,,"(2320, 2828)","(3, 224, 224)",0.0,1.0,0.3628956973552704,0.0957534909248352,0.2849816828966141,0.0117444088682532,0.9978495312271888,0.0021551032550632,0.0013519363020045,4.468010425567627,True,True,True,True,
481,patient00546/study3,patient00546/study3/view1_frontal.dcm,/home/jovyan/Desktop/MEDAGENT-X/data/raw/chexpert_plus/dicom_train/patient00546/study3/view1_frontal.dcm,/home/jovyan/Desktop/MEDAGENT-X/outputs/chexpert_plus/convnext_features/patient00546_study3_view1_frontal.npz,ok,,data/raw/chexpert_plus/dicom_train/patient00546/study3/view1_frontal.dcm,/home/jovyan/Desktop/MEDAGENT-X/outputs/chexpert_plus/raddino_features/patient00546__study3__view1_frontal.npz,success,,microsoft/rad-dino,/home/jovyan/Desktop/MEDAGENT-X/data/raw/chexpert_plus/dicom_train/patient00546/study3/view1_frontal.dcm,data/raw/chexpert_plus/dicom_train/patient00546/study3/view1_frontal.dcm,ok,,,,2320,2828,MONOCHROME1,AP,12,16,0,,"(2320, 2828)","(3, 224, 224)",0.0,1.0,0.3103258609771728,0.0940426141023635,0.2769230753183365,0.0090632149949669,0.998649662844285,0.0013521630316972,0.0016736879968785,4.39727258682251,True,True,True,True,
482,patient00546/study4,patient00546/study4/view1_frontal.dcm,/home/jovyan/Desktop/MEDAGENT-X/data/raw/chexpert_plus/dicom_train/patient00546/study4/view1_frontal.dcm,/home/jovyan/Desktop/MEDAGENT-X/outputs/chexpert_plus/convnext_features/patient00546_study4_view1_frontal.npz,ok,,data/raw/chexpert_plus/dicom_train/patient00546/study4/view1_frontal.dcm,/home/jovyan/Desktop/MEDAGENT-X/outputs/chexpert_plus/raddino_features/patient00546__study4__view1_frontal.npz,success,,microsoft/rad-dino,/home/jovyan/Desktop/MEDAGENT-X/data/raw/chexpert_plus/dicom_train/patient00546/study4/view1_frontal.dcm,data/raw/chexpert_plus/dicom_train/patient00546/study4/view1_frontal.dcm,ok,,,,2320,2828,MONOCHROME1,AP,12,16,0,,"(2320, 2828)","(3, 224, 224)",0.0,1.0,0.326900839805603,0.117247387766838,0.3609279543161392,0.0098312841728329,0.9983841741572652,0.0016184409614652,0.0025316417109691,4.66015625,True,True,True,True,
483,patient00546/study1,patient00546/study1/view1_frontal.dcm,/home/jovyan/Desktop/MEDAGENT-X/data/raw/chexpert_plus/dicom_train/patient00546/study1/view1_frontal.dcm,/home/jovyan/Desktop/MEDAGENT-X/outputs/chexpert_plus/convnext_features/patient00546_study1_view1_frontal.npz,ok,,data/raw/chexpert_plus/dicom_train/patient00546/study1/view1_frontal.dcm,/home/jovyan/Desktop/MEDAGENT-X/outputs/chexpert_plus/raddino_features/patient00546__study1__view1_frontal.npz,success,,microsoft/rad-dino,/home/jovyan/Desktop/MEDAGENT-X/data/raw/chexpert_plus/dicom_train/patient00546/study1/view1_frontal.dcm,data/raw/chexpert_plus/dicom_train/patient00546/study1/view1_frontal.dcm,ok,,,,2320,2828,MONOCHROME1,AP,12,16,0,,"(2320, 2828)","(3, 224, 224)",0.0,1.0,0.2367226183414459,0.0728330090641975,0.2275946363806724,0.0089143263176083,0.998738171796214,0.0012634224258363,0.0013473638004194,4.007247447967529,True,True,True,True,
484,patient00546/study2,patient00546/study2/view1_frontal.dcm,/home/jovyan/Desktop/MEDAGENT-X/data/raw/chexpert_plus/dicom_train/patient00546/study2/view1_frontal.dcm,/home/jovyan/Desktop/MEDAGENT-X/outputs/chexpert_plus/convnext_features/patient00546_study2_view1_frontal.npz,ok,,data/raw/chexpert_plus/dicom_train/patient00546/study2/view1_frontal.dcm,/home/jovyan/Desktop/MEDAGENT-X/outputs/chexpert_plus/raddino_features/patient00546__study2__view1_frontal.npz,success,,microsoft/rad-dino,/home/jovyan/Desktop/MEDAGENT-X/data/raw/chexpert_plus/dicom_train/patient00546/study2/view1_frontal.dcm,data/raw/chexpert_plus/dicom_train/patient00546/study2/view1_frontal.dcm,ok,,,,2048,2494,MONOCHROME1,AP,12,16,0,,"(2048, 2494)","(3, 224, 224)",0.0,1.0,0.2199153006076812,0.0686750039458274,0.2009768113493919,0.0092563536018133,0.998625071952487,0.0013768210774287,0.0011378871792301,3.994492769241333,True,True,True,True,
485,patient00554/study1,patient00554/study1/view1_frontal.dcm,/home/jovyan/Desktop/MEDAGENT-X/data/raw/chexpert_plus/dicom_train/patient00554/study1/view1_frontal.dcm,/home/jovyan/Desktop/MEDAGENT-X/outputs/chexpert_plus/convnext_features/patient00554_study1_view1_frontal.npz,ok,,data/raw/chexpert_plus/dicom_train/patient00554/study1/view1_frontal.dcm,/home/jovyan/Desktop/MEDAGENT-X/outputs/chexpert_plus/raddino_features/patient00554__study1__view1_frontal.npz,success,,microsoft/rad-dino,/home/jovyan/Desktop/MEDAGENT-X/data/raw/chexpert_plus/dicom_train/patient00554/study1/view1_frontal.dcm,data/raw/chexpert_plus/dicom_train/patient00554/study1/view1_frontal.dcm,ok,,,,2320,2828,MONOCHROME1,AP,12,16,0,,"(2320, 2828)","(3, 224, 224)",0.0,1.0,0.1999387592077255,0.0950918346643447,0.3010989092290401,0.0101694427430629,0.998491291534527,0.0015109881060197,0.0011350473101497,4.438071250915527,True,True,True,True,
486,patient00564/study1,patient00564/study1/view1_frontal.dcm,/home/jovyan/Desktop/MEDAGENT-X/data/raw/chexpert_plus/dicom_train/patient00564/study1/view1_frontal.dcm,/home/jovyan/Desktop/MEDAGENT-X/outputs/chexpert_plus/convnext_features/patient00564_study1_view1_frontal.npz,ok,,data/raw/chexpert_plus/dicom_train/patient00564/study1/view1_frontal.dcm,/home/jovyan/Desktop/MEDAGENT-X/outputs/chexpert_plus/raddino_features/patient00564__study1__view1_frontal.npz,success,,microsoft/rad-dino,/home/jovyan/Desktop/MEDAGENT-X/data/raw/chexpert_plus/dicom_train/patient00564/study1/view1_frontal.dcm,data/raw/chexpert_plus/dicom_train/patient00564/study1/view1_frontal.dcm,ok,,,,2320,2828,MONOCHROME1,AP,12,16,0,,"(2320, 2828)","(3, 224, 224)",0.0,1.0,0.1854607015848159,0.0953977480530738,0.3089133184403181,0.0094483820721507,0.9986429661757688,0.0013588778674602,0.0010073220992049,4.342011451721191,True,True,True,True,
487,patient00571/study1,patient00571/study1/view1_frontal.dcm,/home/jovyan/Desktop/MEDAGENT-X/data/raw/chexpert_plus/dicom_train/patient00571/study1/view1_frontal.dcm,/home/jovyan/Desktop/MEDAGENT-X/outputs/chexpert_plus/convnext_features/patient00571_study1_view1_frontal.npz,ok,,data/raw/chexpert_plus/dicom_train/patient00571/study1/view1_frontal.dcm,/home/jovyan/Desktop/MEDAGENT-X/outputs/chexpert_plus/raddino_features/patient00571__study1__view1_frontal.npz,success,,microsoft/rad-dino,/home/jovyan/Desktop/MEDAGENT-X/data/raw/chexpert_plus/dicom_train/patient00571/study1/view1_frontal.dcm,data/raw/chexpert_plus/dicom_train/patient00571/study1/view1_frontal.dcm,ok,,,,2320,2828,MONOCHROME1,AP,12,16,0,,"(2320, 2828)","(3, 224, 224)",0.0,1.0,0.4221252799034118,0.1104220002889633,0.347537562251091,0.006931307259947,0.9991921582137429,0.0008084949222393,0.0019079524947568,4.680996894836426,True,True,True,True,
488,patient00575/study2,patient00575/study2/view1_frontal.dcm,/home/jovyan/Desktop/MEDAGENT-X/data/raw/chexpert_plus/dicom_train/patient00575/study2/view1_frontal.dcm,/home/jovyan/Desktop/MEDAGENT-X/outputs/chexpert_plus/convnext_features/patient00575_study2_view1_frontal.npz,ok,,data/raw/chexpert_plus/dicom_train/patient00575/study2/view1_frontal.dcm,/home/jovyan/Desktop/MEDAGENT-X/outputs/chexpert_plus/raddino_features/patient00575__study2__view1_frontal.npz,success,,microsoft/rad-dino,/home/jovyan/Desktop/MEDAGENT-X/data/raw/chexpert_plus/dicom_train/patient00575/study2/view1_frontal.dcm,data/raw/chexpert_plus/dicom_train/patient00575/study2/view1_frontal.dcm,ok,,,,2320,2828,MONOCHROME1,AP,12,16,0,,"(2320, 2828)","(3, 224, 224)",0.0,1.0,0.2880244255065918,0.0851779952645301,0.2652014642953872,0.0096328845247626,0.9985124507393398,0.0014897653600201,0.0013036202019216,4.325666904449463,True,True,True,True,
489,patient00575/study3,patient00575/study3/view1_frontal.dcm,/home/jovyan/Desktop/MEDAGENT-X/data/raw/chexpert_plus/dicom_train/patient00575/study3/view1_frontal.dcm,/home/jovyan/Desktop/MEDAGENT-X/outputs/chexpert_plus/convnext_features/patient00575_study3_view1_frontal.npz,ok,,data/raw/chexpert_plus/dicom_train/patient00575/study3/view1_frontal.dcm,/home/jovyan/Desktop/MEDAGENT-X/outputs/chexpert_plus/raddino_features/patient00575__study3__view1_frontal.npz,success,,microsoft/rad-dino,/home/jovyan/Desktop/MEDAGENT-X/data/raw/chexpert_plus/dicom_train/patient00575/study3/view1_frontal.dcm,data/raw/chexpert_plus/dicom_train/patient00575/study3/view1_frontal.dcm,ok,,,,2320,2828,MONOCHROME1,AP,12,16,0,,"(2320, 2828)","(3, 224, 224)",0.0,1.0,0.3320528566837311,0.0999006479978561,0.2905982881784439,0.0107861850410699,0.9980760002859808,0.0019277086248621,0.0016358886504413,4.5365166664123535,True,True,True,True,
490,patient00575/study1,patient00575/study1/view1_frontal.dcm,/home/jovyan/Desktop/MEDAGENT-X/data/raw/chexpert_plus/dicom_train/patient00575/study1/view1_frontal.dcm,/home/jovyan/Desktop/MEDAGENT-X/outputs/chexpert_plus/convnext_features/patient00575_study1_view1_frontal.npz,ok,,data/raw/chexpert_plus/dicom_train/patient00575/study1/view1_frontal.dcm,/home/jovyan/Desktop/MEDAGENT-X/outputs/chexpert_plus/raddino_features/patient00575__study1__view1_frontal.npz,success,,microsoft/rad-dino,/home/jovyan/Desktop/MEDAGENT-X/data/raw/chexpert_plus/dicom_train/patient00575/study1/view1_frontal.dcm,data/raw/chexpert_plus/dicom_train/patient00575/study1/view1_frontal.dcm,ok,,,,2320,2828,MONOCHROME1,AP,12,16,0,,"(2320, 2828)","(3, 224, 224)",0.0,1.0,0.2556605339050293,0.0848041698336601,0.253479853272438,0.0105563020333647,0.998328625120221,0.00167417305056,0.0014854533482904,4.288931846618652,True,True,True,True,
491,patient00582/study1,patient00582/study1/view1_frontal.dcm,/home/jovyan/Desktop/MEDAGENT-X/data/raw/chexpert_plus/dicom_train/patient00582/study1/view1_frontal.dcm,/home/jovyan/Desktop/MEDAGENT-X/outputs/chexpert_plus/convnext_features/patient00582_study1_view1_frontal.npz,ok,,data/raw/chexpert_plus/dicom_train/patient00582/study1/view1_frontal.dcm,/home/jovyan/Desktop/MEDAGENT-X/outputs/chexpert_plus/raddino_features/patient00582__study1__view1_frontal.npz,success,,microsoft/rad-dino,/home/jovyan/Desktop/MEDAGENT-X/data/raw/chexpert_plus/dicom_train/patient00582/study1/view1_frontal.dcm,data/raw/chexpert_plus/dicom_train/patient00582/study1/view1_frontal.dcm,ok,,,,2320,2828,MONOCHROME1,AP,12,16,0,,"(2320, 2828)","(3, 224, 224)",0.0,1.0,0.2950277328491211,0.092655636370182,0.3145299181342125,0.0057952250353991,0.9994662580326638,0.0005340269999578,0.0038614775886455,4.396073341369629,True,True,True,True,
492,patient00585/study1,patient00585/study1/view1_frontal.dcm,/home/jovyan/Desktop/MEDAGENT-X/data/raw/chexpert_plus/dicom_train/patient00585/study1/view1_frontal.dcm,/home/jovyan/Desktop/MEDAGENT-X/outputs/chexpert_plus/convnext_features/patient00585_study1_view1_frontal.npz,ok,,data/raw/chexpert_plus/dicom_train/patient00585/study1/view1_frontal.dcm,/home/jovyan/Desktop/MEDAGENT-X/outputs/chexpert_plus/raddino_features/patient00585__study1__view1_frontal.npz,success,,microsoft/rad-dino,/home/jovyan/Desktop/MEDAGENT-X/data/raw/chexpert_plus/dicom_train/patient00585/study1/view1_frontal.dcm,data/raw/chexpert_plus/dicom_train/patient00585/study1/view1_frontal.dcm,ok,,,,2320,2828,MONOCHROME1,AP,12,16,0,,"(2320, 2828)","(3, 224, 224)",0.0,1.0,0.3069254755973816,0.0883826687932014,0.2722832709550857,0.0096520241349935,0.998493809440088,0.001508462592028,0.0012495122664975,4.378373622894287,True,True,True,True,
493,patient00586/study2,patient00586/study2/view1_frontal.dcm,/home/jovyan/Desktop/MEDAGENT-X/data/raw/chexpert_plus/dicom_train/patient00586/study2/view1_frontal.dcm,/home/jovyan/Desktop/MEDAGENT-X/outputs/chexpert_plus/convnext_features/patient00586_study2_view1_frontal.npz,ok,,data/raw/chexpert_plus/dicom_train/patient00586/study2/view1_frontal.dcm,/home/jovyan/Desktop/MEDAGENT-X/outputs/chexpert_plus/raddino_features/patient00586__study2__view1_frontal.npz,success,,microsoft/rad-dino,/home/jovyan/Desktop/MEDAGENT-X/data/raw/chexpert_plus/dicom_train/patient00586/study2/view1_frontal.dcm,data/raw/chexpert_plus/dicom_train/patient00586/study2/view1_frontal.dcm,ok,,,,2320,2828,MONOCHROME1,AP,12,16,0,,"(2320, 2828)","(3, 224, 224)",0.0,1.0,0.2931103706359863,0.1057761162519455,0.3699633739888668,0.0106838000938296,0.998209718387584,0.0017934924690052,0.0013712932253816,4.5289306640625,True,True,True,True,
494,patient00586/study3,patient00586/study3/view1_frontal.dcm,/home/jovyan/Desktop/MEDAGENT-X/data/raw/chexpert_plus/dicom_train/patient00586/study3/view1_frontal.dcm,/home/jovyan/Desktop/MEDAGENT-X/outputs/chexpert_plus/convnext_features/patient00586_study3_view1_frontal.npz,ok,,data/raw/chexpert_plus/dicom_train/patient00586/study3/view1_frontal.dcm,/home/jovyan/Desktop/MEDAGENT-X/outputs/chexpert_plus/raddino_features/patient00586__study3__view1_frontal.npz,success,,microsoft/rad-dino,/home/jovyan/Desktop/MEDAGENT-X/data/raw/chexpert_plus/dicom_train/patient00586/study3/view1_frontal.dcm,data/raw/chexpert_plus/dicom_train/patient00586/study3/view1_frontal.dcm,ok,,,,2320,2828,MONOCHROME1,AP,12,16,0,,"(2320, 2828)","(3, 224, 224)",0.0,1.0,0.2371349781751632,0.1050106659531593,0.3582417629659176,0.0088416589424014,0.9987682302261336,0.001233288901858,0.0018216846315173,4.658923149108887,True,True,True,True,
495,patient00586/study1,patient00586/study1/view1_frontal.dcm,/home/jovyan/Desktop/MEDAGENT-X/data/raw/chexpert_plus/dicom_train/patient00586/study1/view1_frontal.dcm,/home/jovyan/Desktop/MEDAGENT-X/outputs/chexpert_plus/convnext_features/patient00586_study1_view1_frontal.npz,ok,,data/raw/chexpert_plus/dicom_train/patient00586/study1/view1_frontal.dcm,/home/jovyan/Desktop/MEDAGENT-X/outputs/chexpert_plus/raddino_features/patient00586__study1__view1_frontal.npz,success,,microsoft/rad-dino,/home/jovyan/Desktop/MEDAGENT-X/data/raw/chexpert_plus/dicom_train/patient00586/study1/view1_frontal.dcm,data/raw/chexpert_plus/dicom_train/patient00586/study1/view1_frontal.dcm,ok,,,,2320,2828,MONOCHROME1,AP,12,16,0,,"(2320, 2828)","(3, 224, 224)",0.0,1.0,0.2357663363218307,0.104556880891323,0.3526251595467329,0.0108651341870427,0.998343697306112,0.0016590505838394,0.0021266704872457,4.447266578674316,True,True,True,True,
496,patient00589/study2,patient00589/study2/view1_frontal.dcm,/home/jovyan/Desktop/MEDAGENT-X/data/raw/chexpert_plus/dicom_train/patient00589/study2/view1_frontal.dcm,/home/jovyan/Desktop/MEDAGENT-X/outputs/chexpert_plus/convnext_features/patient00589_study2_view1_frontal.npz,ok,,data/raw/chexpert_plus/dicom_train/patient00589/study2/view1_frontal.dcm,/home/jovyan/Desktop/MEDAGENT-X/outputs/chexpert_plus/raddino_features/patient00589__study2__view1_frontal.npz,success,,microsoft/rad-dino,/home/jovyan/Desktop/MEDAGENT-X/data/raw/chexpert_plus/dicom_train/patient00589/study2/view1_frontal.dcm,data/raw/chexpert_plus/dicom_train/patient00589/study2/view1_frontal.dcm,ok,,,,1741,2022,MONOCHROME2,PA,14,16,0,,"(1741, 2022)","(3, 224, 224)",0.0,1.0,0.29568812251091,0.0449876002967357,0.1441738307476043,0.0051361001096665,0.9996638249845996,0.0003362880670465,0.0019748305685137,3.311187267303467,True,True,True,True,
496,patient00589/study2,patient00589/study2/view2_lateral.dcm,/home/jovyan/Desktop/MEDAGENT-X/data/raw/chexpert_plus/dicom_train/patient00589/study2/view2_lateral.dcm,/home/jovyan/Desktop/MEDAGENT-X/outputs/chexpert_plus/convnext_features/patient00589_study2_view2_lateral.npz,ok,,data/raw/chexpert_plus/dicom_train/patient00589/study2/view2_lateral.dcm,/home/jovyan/Desktop/MEDAGENT-X/outputs/chexpert_plus/raddino_features/patient00589__study2__view2_lateral.npz,success,,microsoft/rad-dino,/home/jovyan/Desktop/MEDAGENT-X/data/raw/chexpert_plus/dicom_train/patient00589/study2/view2_lateral.dcm,data/raw/chexpert_plus/dicom_train/patient00589/study2/view2_lateral.dcm,ok,,,,2021,1751,MONOCHROME2,LL,14,16,0,,"(2021, 1751)","(3, 224, 224)",0.0,1.0,0.2472706586122512,0.1206238269805908,0.3644021227955818,0.0078715272247791,0.9991712137364928,0.0008294737199321,0.0027721488618506,4.054954051971436,True,True,True,True,
497,patient00589/study1,patient00589/study1/view1_frontal.dcm,/home/jovyan/Desktop/MEDAGENT-X/data/raw/chexpert_plus/dicom_train/patient00589/study1/view1_frontal.dcm,/home/jovyan/Desktop/MEDAGENT-X/outputs/chexpert_plus/convnext_features/patient00589_study1_view1_frontal.npz,ok,,data/raw/chexpert_plus/dicom_train/patient00589/study1/view1_frontal.dcm,/home/jovyan/Desktop/MEDAGENT-X/outputs/chexpert_plus/raddino_features/patient00589__study1__view1_frontal.npz,success,,microsoft/rad-dino,/home/jovyan/Desktop/MEDAGENT-X/data/raw/chexpert_plus/dicom_train/patient00589/study1/view1_frontal.dcm,data/raw/chexpert_plus/dicom_train/patient00589/study1/view1_frontal.dcm,ok,,,,2021,2000,MONOCHROME2,PA,14,16,0,,"(2021, 2000)","(3, 224, 224)",0.0,1.0,0.2280611544847488,0.0827221125364303,0.2483328133821487,0.0053781941533088,0.9994920416520662,0.0005082165007479,0.00080900544285,4.247616767883301,True,True,True,True,
497,patient00589/study1,patient00589/study1/view2_lateral.dcm,/home/jovyan/Desktop/MEDAGENT-X/data/raw/chexpert_plus/dicom_train/patient00589/study1/view2_lateral.dcm,/home/jovyan/Desktop/MEDAGENT-X/outputs/chexpert_plus/convnext_features/patient00589_study1_view2_lateral.npz,ok,,data/raw/chexpert_plus/dicom_train/patient00589/study1/view2_lateral.dcm,/home/jovyan/Desktop/MEDAGENT-X/outputs/chexpert_plus/raddino_features/patient00589__study1__view2_lateral.npz,success,,microsoft/rad-dino,/home/jovyan/Desktop/MEDAGENT-X/data/raw/chexpert_plus/dicom_train/patient00589/study1/view2_lateral.dcm,data/raw/chexpert_plus/dicom_train/patient00589/study1/view2_lateral.dcm,ok,,,,2021,2000,MONOCHROME2,LL,14,16,0,,"(2021, 2000)","(3, 224, 224)",0.0,1.0,0.1793359071016311,0.1410509049892425,0.3572605848312378,0.0050549986772239,0.9995745712775386,0.0004256097890902,0.000497773379515,3.663879871368408,True,True,True,True,
498,patient00597/study1,patient00597/study1/view1_frontal.dcm,/home/jovyan/Desktop/MEDAGENT-X/data/raw/chexpert_plus/dicom_train/patient00597/study1/view1_frontal.dcm,/home/jovyan/Desktop/MEDAGENT-X/outputs/chexpert_plus/convnext_features/patient00597_study1_view1_frontal.npz,ok,,data/raw/chexpert_plus/dicom_train/patient00597/study1/view1_frontal.dcm,/home/jovyan/Desktop/MEDAGENT-X/outputs/chexpert_plus/raddino_features/patient00597__study1__view1_frontal.npz,success,,microsoft/rad-dino,/home/jovyan/Desktop/MEDAGENT-X/data/raw/chexpert_plus/dicom_train/patient00597/study1/view1_frontal.dcm,data/raw/chexpert_plus/dicom_train/patient00597/study1/view1_frontal.dcm,ok,,,,3480,4240,MONOCHROME1,AP,12,16,0,,"(3480, 4240)","(3, 224, 224)",0.0,1.0,0.3536028861999511,0.0867729783058166,0.2510378509759903,0.0092190913856029,0.9986493053690206,0.0013525214744731,0.0011762632834526,4.28456449508667,True,True,True,True,
499,patient00597/study2,patient00597/study2/view1_frontal.dcm,/home/jovyan/Desktop/MEDAGENT-X/data/raw/chexpert_plus/dicom_train/patient00597/study2/view1_frontal.dcm,/home/jovyan/Desktop/MEDAGENT-X/outputs/chexpert_plus/convnext_features/patient00597_study2_view1_frontal.npz,ok,,data/raw/chexpert_plus/dicom_train/patient00597/study2/view1_frontal.dcm,/home/jovyan/Desktop/MEDAGENT-X/outputs/chexpert_plus/raddino_features/patient00597__study2__view1_frontal.npz,success,,microsoft/rad-dino,/home/jovyan/Desktop/MEDAGENT-X/data/raw/chexpert_plus/dicom_train/patient00597/study2/view1_frontal.dcm,data/raw/chexpert_plus/dicom_train/patient00597/study2/view1_frontal.dcm,ok,,,,2320,2828,MONOCHROME1,AP,12,16,0,,"(2320, 2828)","(3, 224, 224)",0.0,1.0,0.3202920258045196,0.0984697416424751,0.3157509118318558,0.0107703935354948,0.9982328219517584,0.0017703064950183,0.0018139113788226,4.387050151824951,True,True,True,True,
